# Blender 4.4.1
# www.blender.org
mtllib titleFont.mtl
o テキスト.001
v -6.512712 0.420334 -0.190032
v -6.548944 0.420314 -0.190355
v -6.594233 0.420289 -0.190759
v -6.646312 0.420260 -0.191224
v -6.702918 0.420229 -0.191728
v -6.761788 0.420196 -0.192253
v -6.820659 0.420163 -0.192778
v -6.877265 0.420132 -0.193282
v -6.929344 0.420103 -0.193747
v -6.974632 0.420078 -0.194150
v -7.010864 0.420057 -0.194474
v -7.035778 0.420044 -0.194696
v -7.047986 0.420097 -0.194805
v -7.059610 0.420262 -0.194909
v -7.070651 0.420524 -0.195009
v -7.081110 0.420870 -0.195103
v -7.090984 0.421286 -0.195193
v -7.100276 0.421758 -0.195278
v -7.108984 0.422271 -0.195358
v -7.117109 0.422813 -0.195432
v -7.124650 0.423369 -0.195502
v -7.131609 0.423925 -0.195566
v -7.137984 0.424468 -0.195625
v -7.143776 0.424984 -0.195679
v -7.143724 0.326984 -0.195273
v -7.138278 0.327296 -0.195226
v -7.131980 0.327708 -0.195171
v -7.124898 0.328198 -0.195110
v -7.117097 0.328740 -0.195043
v -7.108644 0.329310 -0.194970
v -7.099603 0.329884 -0.194891
v -7.090041 0.330437 -0.194808
v -7.080026 0.330946 -0.194721
v -7.069620 0.331385 -0.194630
v -7.058893 0.331731 -0.194536
v -7.047908 0.331958 -0.194439
v -7.036732 0.332044 -0.194340
v -7.011608 0.332058 -0.194116
v -6.975234 0.332078 -0.193791
v -6.929861 0.332103 -0.193387
v -6.877738 0.332132 -0.192922
v -6.821115 0.332164 -0.192417
v -6.762243 0.332196 -0.191893
v -6.703370 0.332229 -0.191368
v -6.646748 0.332260 -0.190863
v -6.594625 0.332289 -0.190398
v -6.549252 0.332315 -0.189994
v -6.512877 0.332335 -0.189669
v -6.487754 0.332349 -0.189446
v -6.474058 0.332315 -0.189323
v -6.460514 0.332202 -0.189202
v -6.447193 0.332012 -0.189082
v -6.434163 0.331749 -0.188965
v -6.421494 0.331416 -0.188851
v -6.409256 0.331017 -0.188740
v -6.397518 0.330556 -0.188633
v -6.386349 0.330035 -0.188532
v -6.375819 0.329458 -0.188435
v -6.365997 0.328829 -0.188345
v -6.356954 0.328150 -0.188262
v -6.348757 0.327426 -0.188186
v -6.348807 0.425425 -0.188592
v -6.356773 0.424902 -0.188661
v -6.365629 0.424351 -0.188738
v -6.375304 0.423786 -0.188821
v -6.385730 0.423220 -0.188912
v -6.396835 0.422667 -0.189009
v -6.408553 0.422142 -0.189111
v -6.420812 0.421658 -0.189218
v -6.433542 0.421230 -0.189330
v -6.446676 0.420871 -0.189446
v -6.460143 0.420595 -0.189565
v -6.473874 0.420416 -0.189686
v -6.487800 0.420348 -0.189810
v -6.073786 0.668148 -0.187145
v -6.082259 0.669812 -0.187227
v -6.090290 0.672504 -0.187310
v -6.097799 0.676155 -0.187392
v -6.104712 0.680695 -0.187472
v -6.110952 0.686055 -0.187550
v -6.116443 0.692166 -0.187625
v -6.121107 0.698957 -0.187694
v -6.124868 0.706360 -0.187758
v -6.127651 0.714305 -0.187816
v -6.129378 0.722723 -0.187866
v -6.129974 0.731544 -0.187908
v -6.129388 0.740156 -0.187939
v -6.127669 0.748439 -0.187958
v -6.124894 0.756313 -0.187966
v -6.121140 0.763697 -0.187963
v -6.116483 0.770513 -0.187949
v -6.110999 0.776680 -0.187926
v -6.104765 0.782118 -0.187893
v -6.097857 0.786747 -0.187851
v -6.090351 0.790488 -0.187799
v -6.082323 0.793260 -0.187739
v -6.073852 0.794984 -0.187671
v -6.065011 0.795580 -0.187594
v -6.056418 0.794994 -0.187515
v -6.048190 0.793279 -0.187435
v -6.040400 0.790516 -0.187354
v -6.033118 0.786783 -0.187273
v -6.026420 0.782161 -0.187195
v -6.020377 0.776730 -0.187118
v -6.015063 0.770569 -0.187045
v -6.010551 0.763759 -0.186977
v -6.006915 0.756378 -0.186914
v -6.004225 0.748508 -0.186857
v -6.002556 0.740227 -0.186808
v -6.001980 0.731615 -0.186767
v -6.002546 0.722794 -0.186736
v -6.004208 0.714374 -0.186716
v -6.006889 0.706426 -0.186707
v -6.010518 0.699018 -0.186708
v -6.015023 0.692222 -0.186720
v -6.020330 0.686106 -0.186742
v -6.026367 0.680739 -0.186774
v -6.033061 0.676191 -0.186815
v -6.040339 0.672532 -0.186865
v -6.048126 0.669831 -0.186923
v -6.056353 0.668158 -0.186989
v -6.064944 0.667581 -0.187064
v -6.080013 0.840553 -0.187914
v -6.094360 0.837582 -0.188030
v -6.107950 0.832806 -0.188131
v -6.120654 0.826364 -0.188218
v -6.132344 0.818394 -0.188289
v -6.142890 0.809036 -0.188344
v -6.152165 0.798430 -0.188383
v -6.160040 0.786712 -0.188405
v -6.166386 0.774024 -0.188409
v -6.171077 0.760503 -0.188395
v -6.173982 0.746288 -0.188362
v -6.174973 0.731519 -0.188309
v -6.173965 0.716561 -0.188239
v -6.171045 0.702267 -0.188153
v -6.166342 0.688759 -0.188055
v -6.159982 0.676158 -0.187947
v -6.152095 0.664585 -0.187828
v -6.142809 0.654163 -0.187702
v -6.132254 0.645012 -0.187570
v -6.120556 0.637254 -0.187434
v -6.107845 0.631011 -0.187295
v -6.094251 0.626403 -0.187154
v -6.079900 0.623553 -0.187015
v -6.064920 0.622581 -0.186877
v -6.050174 0.623569 -0.186750
v -6.036016 0.626435 -0.186635
v -6.022583 0.631058 -0.186535
v -6.010004 0.637316 -0.186448
v -5.998413 0.645086 -0.186377
v -5.987940 0.654249 -0.186322
v -5.978718 0.664682 -0.186283
v -5.970879 0.676263 -0.186261
v -5.964554 0.688871 -0.186256
v -5.959874 0.702384 -0.186271
v -5.956973 0.716682 -0.186304
v -5.955982 0.731641 -0.186357
v -5.956988 0.746409 -0.186427
v -5.959905 0.760620 -0.186512
v -5.964597 0.774136 -0.186610
v -5.970936 0.786817 -0.186719
v -5.978787 0.798526 -0.186838
v -5.988020 0.809123 -0.186964
v -5.998503 0.818469 -0.187096
v -6.010102 0.826425 -0.187232
v -6.022687 0.832853 -0.187371
v -6.036125 0.837614 -0.187511
v -6.050285 0.840569 -0.187649
v -6.065035 0.841580 -0.187785
v -5.307696 0.132006 -0.178093
v -5.324583 0.148629 -0.178312
v -5.342071 0.167297 -0.178546
v -5.359927 0.187680 -0.178789
v -5.377919 0.209448 -0.179040
v -5.395815 0.232272 -0.179294
v -5.413382 0.255822 -0.179548
v -5.430386 0.279767 -0.179799
v -5.446595 0.303780 -0.180043
v -5.461776 0.327528 -0.180277
v -5.475697 0.350684 -0.180497
v -5.488124 0.372917 -0.180699
v -5.498824 0.393898 -0.180882
v -5.568804 0.359859 -0.181365
v -5.557261 0.337574 -0.181170
v -5.543864 0.313952 -0.180952
v -5.528926 0.289366 -0.180717
v -5.512757 0.264188 -0.180469
v -5.495671 0.238787 -0.180211
v -5.477982 0.213536 -0.179949
v -5.460001 0.188806 -0.179686
v -5.442041 0.164968 -0.179427
v -5.424416 0.142395 -0.179177
v -5.407437 0.121456 -0.178939
v -5.391418 0.102523 -0.178717
v -5.376670 0.085968 -0.178517
v -6.085645 0.090574 -0.184858
v -6.075189 0.110996 -0.184850
v -6.063436 0.132998 -0.184836
v -6.050586 0.156203 -0.184818
v -6.036840 0.180230 -0.184795
v -6.022401 0.204703 -0.184767
v -6.007469 0.229242 -0.184736
v -5.992245 0.253468 -0.184700
v -5.976930 0.277004 -0.184661
v -5.961726 0.299470 -0.184619
v -5.946834 0.320488 -0.184573
v -5.932454 0.339679 -0.184524
v -5.918789 0.356665 -0.184473
v -5.986804 0.392627 -0.185228
v -6.000568 0.375414 -0.185279
v -6.015224 0.356056 -0.185330
v -6.030539 0.334947 -0.185379
v -6.046279 0.312483 -0.185426
v -6.062214 0.289061 -0.185472
v -6.078111 0.265077 -0.185514
v -6.093735 0.240926 -0.185553
v -6.108857 0.217005 -0.185589
v -6.123243 0.193709 -0.185621
v -6.136662 0.171434 -0.185648
v -6.148878 0.150577 -0.185671
v -6.159662 0.131533 -0.185688
v -5.701919 0.589783 -0.183504
v -5.701972 0.692783 -0.183931
v -5.701914 0.698515 -0.183954
v -5.701737 0.704639 -0.183978
v -5.701450 0.711048 -0.184002
v -5.701059 0.717635 -0.184026
v -5.700571 0.724291 -0.184049
v -5.699992 0.730908 -0.184071
v -5.699329 0.737380 -0.184092
v -5.698591 0.743599 -0.184111
v -5.697783 0.749456 -0.184128
v -5.696912 0.754845 -0.184143
v -5.695985 0.759657 -0.184155
v -5.695009 0.763786 -0.184163
v -5.789005 0.763734 -0.185001
v -5.788255 0.759797 -0.184978
v -5.787514 0.755068 -0.184952
v -5.786795 0.749672 -0.184923
v -5.786105 0.743735 -0.184892
v -5.785458 0.737382 -0.184860
v -5.784863 0.730736 -0.184827
v -5.784330 0.723924 -0.184795
v -5.783870 0.717070 -0.184762
v -5.783493 0.710300 -0.184731
v -5.783211 0.703737 -0.184701
v -5.783031 0.697508 -0.184674
v -5.782969 0.691738 -0.184649
v -5.782915 0.589738 -0.184226
v -6.046905 0.589592 -0.186580
v -6.053082 0.589629 -0.186635
v -6.059576 0.589747 -0.186693
v -6.066326 0.589940 -0.186754
v -6.073275 0.590207 -0.186817
v -6.080362 0.590542 -0.186882
v -6.087529 0.590944 -0.186948
v -6.094717 0.591408 -0.187014
v -6.101867 0.591932 -0.187079
v -6.108919 0.592510 -0.187145
v -6.115816 0.593141 -0.187209
v -6.122497 0.593821 -0.187271
v -6.128903 0.594546 -0.187331
v -6.128860 0.511547 -0.186987
v -6.122055 0.512010 -0.186929
v -6.115154 0.512397 -0.186869
v -6.108191 0.512715 -0.186808
v -6.101196 0.512970 -0.186746
v -6.094202 0.513169 -0.186685
v -6.087239 0.513320 -0.186623
v -6.080338 0.513429 -0.186562
v -6.073531 0.513503 -0.186502
v -6.066849 0.513550 -0.186443
v -6.060323 0.513576 -0.186384
v -6.053985 0.513587 -0.186328
v -6.047865 0.513592 -0.186273
v -5.782876 0.513739 -0.183911
v -5.782872 0.506739 -0.183882
v -5.782859 0.481484 -0.183777
v -5.782842 0.447865 -0.183638
v -5.782821 0.407599 -0.183471
v -5.782797 0.362407 -0.183284
v -5.782772 0.314006 -0.183083
v -5.782746 0.264116 -0.182876
v -5.782721 0.214455 -0.182670
v -5.782696 0.166742 -0.182472
v -5.782673 0.122696 -0.182290
v -5.782653 0.084034 -0.182130
v -5.782637 0.052477 -0.181999
v -5.782624 0.029743 -0.181904
v -5.782071 0.017036 -0.181847
v -5.780409 0.005416 -0.181784
v -5.777607 -0.005113 -0.181715
v -5.773639 -0.014548 -0.181641
v -5.768477 -0.022884 -0.181560
v -5.762094 -0.030120 -0.181473
v -5.754461 -0.036250 -0.181380
v -5.745552 -0.041273 -0.181280
v -5.735337 -0.045183 -0.181172
v -5.723790 -0.047978 -0.181058
v -5.710882 -0.049654 -0.180936
v -5.696587 -0.050208 -0.180806
v -5.685734 -0.050141 -0.180710
v -5.674264 -0.049955 -0.180608
v -5.662307 -0.049658 -0.180503
v -5.649997 -0.049256 -0.180395
v -5.637464 -0.048758 -0.180285
v -5.624841 -0.048168 -0.180175
v -5.612259 -0.047496 -0.180065
v -5.599852 -0.046747 -0.179958
v -5.587749 -0.045929 -0.179853
v -5.576085 -0.045049 -0.179753
v -5.564990 -0.044113 -0.179658
v -5.554596 -0.043129 -0.179569
v -5.547638 0.036874 -0.179838
v -5.558436 0.034951 -0.179927
v -5.569279 0.033195 -0.180016
v -5.580087 0.031606 -0.180106
v -5.590781 0.030183 -0.180195
v -5.601280 0.028927 -0.180284
v -5.611506 0.027838 -0.180371
v -5.621377 0.026916 -0.180455
v -5.630814 0.026161 -0.180536
v -5.639737 0.025573 -0.180613
v -5.648067 0.025151 -0.180686
v -5.655724 0.024897 -0.180753
v -5.662626 0.024810 -0.180814
v -5.669046 0.025058 -0.180872
v -5.674821 0.025812 -0.180927
v -5.679971 0.027082 -0.180978
v -5.684517 0.028872 -0.181026
v -5.688479 0.031190 -0.181071
v -5.691880 0.034044 -0.181113
v -5.694740 0.037439 -0.181153
v -5.697079 0.041383 -0.181190
v -5.698917 0.045883 -0.181225
v -5.700277 0.050946 -0.181258
v -5.701180 0.056579 -0.181289
v -5.701645 0.062788 -0.181319
v -5.701654 0.082161 -0.181399
v -5.701670 0.111440 -0.181521
v -5.701690 0.148615 -0.181675
v -5.701712 0.191676 -0.181854
v -5.701735 0.238611 -0.182048
v -5.701761 0.287411 -0.182250
v -5.701787 0.336065 -0.182452
v -5.701811 0.382563 -0.182645
v -5.701833 0.424894 -0.182820
v -5.701851 0.461048 -0.182970
v -5.701866 0.489015 -0.183086
v -5.701875 0.506784 -0.183160
v -5.701879 0.513784 -0.183189
v -5.423890 0.513939 -0.180711
v -5.416431 0.513922 -0.180644
v -5.409053 0.513864 -0.180578
v -5.401750 0.513763 -0.180513
v -5.394520 0.513622 -0.180448
v -5.387360 0.513438 -0.180383
v -5.380266 0.513213 -0.180319
v -5.373235 0.512946 -0.180255
v -5.366261 0.512637 -0.180191
v -5.359344 0.512287 -0.180128
v -5.352480 0.511895 -0.180065
v -5.345663 0.511461 -0.180003
v -5.338892 0.510986 -0.179941
v -5.338936 0.594985 -0.180289
v -5.345878 0.594253 -0.180348
v -5.352730 0.593565 -0.180406
v -5.359527 0.592927 -0.180464
v -5.366302 0.592340 -0.180522
v -5.373094 0.591809 -0.180580
v -5.379931 0.591337 -0.180639
v -5.386854 0.590928 -0.180699
v -5.393893 0.590584 -0.180761
v -5.401086 0.590310 -0.180824
v -5.408467 0.590109 -0.180889
v -5.416070 0.589983 -0.180956
v -5.423929 0.589938 -0.181026
v -4.512793 0.421446 -0.172203
v -4.549025 0.421426 -0.172526
v -4.594313 0.421400 -0.172930
v -4.646391 0.421371 -0.173394
v -4.702998 0.421340 -0.173899
v -4.761868 0.421307 -0.174424
v -4.820739 0.421275 -0.174948
v -4.877345 0.421243 -0.175453
v -4.929424 0.421214 -0.175917
v -4.974711 0.421189 -0.176321
v -5.010944 0.421169 -0.176644
v -5.035857 0.421155 -0.176866
v -5.048065 0.421208 -0.176975
v -5.059690 0.421373 -0.177080
v -5.070731 0.421636 -0.177179
v -5.081189 0.421982 -0.177274
v -5.091063 0.422397 -0.177364
v -5.100355 0.422869 -0.177448
v -5.109064 0.423383 -0.177528
v -5.117188 0.423925 -0.177603
v -5.124730 0.424481 -0.177673
v -5.131689 0.425037 -0.177737
v -5.138063 0.425580 -0.177796
v -5.143855 0.426095 -0.177850
v -5.143805 0.328096 -0.177443
v -5.138357 0.328407 -0.177396
v -5.132060 0.328820 -0.177342
v -5.124977 0.329309 -0.177281
v -5.117176 0.329851 -0.177213
v -5.108723 0.330421 -0.177140
v -5.099683 0.330995 -0.177062
v -5.090121 0.331549 -0.176979
v -5.080105 0.332057 -0.176892
v -5.069700 0.332496 -0.176801
v -5.058972 0.332842 -0.176707
v -5.047988 0.333070 -0.176610
v -5.036812 0.333155 -0.176510
v -5.011687 0.333169 -0.176286
v -4.975314 0.333189 -0.175962
v -4.929941 0.333215 -0.175558
v -4.877818 0.333244 -0.175093
v -4.821196 0.333275 -0.174588
v -4.762322 0.333308 -0.174063
v -4.703450 0.333340 -0.173538
v -4.646827 0.333372 -0.173034
v -4.594705 0.333401 -0.172569
v -4.549332 0.333426 -0.172164
v -4.512958 0.333446 -0.171840
v -4.487834 0.333460 -0.171616
v -4.474137 0.333427 -0.171494
v -4.460594 0.333313 -0.171373
v -4.447272 0.333123 -0.171253
v -4.434242 0.332860 -0.171136
v -4.421574 0.332528 -0.171021
v -4.409335 0.332129 -0.170911
v -4.397597 0.331667 -0.170804
v -4.386429 0.331146 -0.170702
v -4.375899 0.330569 -0.170606
v -4.366077 0.329940 -0.170516
v -4.357034 0.329262 -0.170432
v -4.348836 0.328538 -0.170356
v -4.348887 0.426537 -0.170763
v -4.356853 0.426014 -0.170831
v -4.365709 0.425463 -0.170908
v -4.375384 0.424897 -0.170992
v -4.385810 0.424331 -0.171083
v -4.396915 0.423779 -0.171179
v -4.408632 0.423254 -0.171282
v -4.420891 0.422770 -0.171389
v -4.433622 0.422342 -0.171501
v -4.446755 0.421982 -0.171616
v -4.460223 0.421706 -0.171735
v -4.473954 0.421527 -0.171857
v -4.487880 0.421460 -0.171981
v -4.080863 0.626275 -0.169200
v -4.089391 0.627994 -0.169283
v -4.097503 0.630769 -0.169367
v -4.105116 0.634522 -0.169450
v -4.112146 0.639179 -0.169532
v -4.118509 0.644663 -0.169612
v -4.124124 0.650897 -0.169687
v -4.128904 0.657805 -0.169759
v -4.132770 0.665311 -0.169824
v -4.135634 0.673338 -0.169883
v -4.137417 0.681811 -0.169934
v -4.138033 0.690652 -0.169976
v -4.137426 0.699743 -0.170008
v -4.135653 0.708463 -0.170029
v -4.132796 0.716733 -0.170037
v -4.128939 0.724471 -0.170035
v -4.124166 0.731599 -0.170022
v -4.118558 0.738037 -0.169999
v -4.112200 0.743704 -0.169966
v -4.105175 0.748521 -0.169923
v -4.097566 0.752408 -0.169871
v -4.089457 0.755285 -0.169811
v -4.080931 0.757071 -0.169742
v -4.072070 0.757688 -0.169666
v -4.062999 0.757081 -0.169582
v -4.054333 0.755304 -0.169498
v -4.046146 0.752437 -0.169413
v -4.038511 0.748558 -0.169328
v -4.031500 0.743749 -0.169246
v -4.025187 0.738089 -0.169166
v -4.019644 0.731658 -0.169090
v -4.014944 0.724535 -0.169019
v -4.011160 0.716800 -0.168953
v -4.008367 0.708534 -0.168894
v -4.006635 0.699816 -0.168842
v -4.006038 0.690725 -0.168799
v -4.006625 0.681883 -0.168768
v -4.008348 0.673409 -0.168748
v -4.011134 0.665379 -0.168740
v -4.014910 0.657869 -0.168742
v -4.019602 0.650955 -0.168756
v -4.025138 0.644715 -0.168779
v -4.031446 0.639224 -0.168813
v -4.038452 0.634559 -0.168856
v -4.046083 0.630797 -0.168908
v -4.054267 0.628014 -0.168970
v -4.062931 0.626285 -0.169040
v -4.072001 0.625689 -0.169118
v -4.087320 0.802640 -0.169988
v -4.101914 0.799606 -0.170105
v -4.115744 0.794726 -0.170208
v -4.128676 0.788138 -0.170296
v -4.140580 0.779981 -0.170369
v -4.151323 0.770394 -0.170425
v -4.160774 0.759516 -0.170464
v -4.168801 0.747486 -0.170486
v -4.175272 0.734443 -0.170490
v -4.180056 0.720526 -0.170475
v -4.183019 0.705874 -0.170440
v -4.184031 0.690626 -0.170386
v -4.183003 0.675629 -0.170315
v -4.180025 0.661226 -0.170229
v -4.175227 0.647553 -0.170129
v -4.168743 0.634746 -0.170018
v -4.160704 0.622940 -0.169898
v -4.151241 0.612270 -0.169769
v -4.140488 0.602872 -0.169635
v -4.128576 0.594880 -0.169495
v -4.115637 0.588431 -0.169353
v -4.101803 0.583659 -0.169210
v -4.087205 0.580700 -0.169068
v -4.071978 0.579689 -0.168928
v -4.056751 0.580717 -0.168796
v -4.042157 0.583692 -0.168678
v -4.028328 0.588479 -0.168575
v -4.015395 0.594943 -0.168486
v -4.003491 0.602948 -0.168413
v -3.992748 0.612358 -0.168356
v -3.983297 0.623039 -0.168316
v -3.975270 0.634854 -0.168294
v -3.968798 0.647668 -0.168289
v -3.964015 0.661346 -0.168303
v -3.961052 0.675752 -0.168336
v -3.960040 0.690751 -0.168389
v -3.961067 0.705998 -0.168462
v -3.964046 0.720646 -0.168549
v -3.968843 0.734558 -0.168649
v -3.975328 0.747594 -0.168761
v -3.983368 0.759614 -0.168883
v -3.992830 0.770482 -0.169012
v -4.003583 0.780057 -0.169147
v -4.015495 0.788200 -0.169287
v -4.028435 0.794774 -0.169430
v -4.042269 0.799639 -0.169574
v -4.056866 0.802657 -0.169716
v -4.072094 0.803687 -0.169856
v -3.520925 0.436997 -0.163423
v -3.551207 0.444613 -0.163724
v -3.582829 0.452944 -0.164041
v -3.615466 0.461913 -0.164369
v -3.648790 0.471444 -0.164706
v -3.682476 0.481461 -0.165047
v -3.716196 0.491888 -0.165391
v -3.749625 0.502648 -0.165734
v -3.782436 0.513666 -0.166072
v -3.814303 0.524864 -0.166403
v -3.844899 0.536168 -0.166722
v -3.873898 0.547500 -0.167028
v -3.900974 0.558785 -0.167316
v -3.908473 0.562072 -0.167397
v -3.915967 0.565443 -0.167477
v -3.923446 0.568897 -0.167558
v -3.930905 0.572434 -0.167640
v -3.938336 0.576055 -0.167721
v -3.945732 0.579759 -0.167802
v -3.953087 0.583547 -0.167883
v -3.960393 0.587418 -0.167965
v -3.967644 0.591372 -0.168046
v -3.974832 0.595410 -0.168126
v -3.981951 0.599531 -0.168207
v -3.988993 0.603735 -0.168287
v -4.023951 0.523717 -0.168267
v -4.016790 0.520642 -0.168191
v -4.009346 0.517433 -0.168111
v -4.001665 0.514120 -0.168029
v -3.993797 0.510733 -0.167945
v -3.985790 0.507306 -0.167859
v -3.977692 0.503867 -0.167773
v -3.969553 0.500450 -0.167686
v -3.961421 0.497085 -0.167600
v -3.953344 0.493803 -0.167514
v -3.945372 0.490635 -0.167430
v -3.937552 0.487614 -0.167348
v -3.929934 0.484769 -0.167268
v -3.900722 0.473386 -0.166960
v -3.869350 0.461771 -0.166632
v -3.836201 0.450025 -0.166288
v -3.801656 0.438248 -0.165931
v -3.766097 0.426542 -0.165566
v -3.729906 0.415006 -0.165195
v -3.693465 0.403741 -0.164824
v -3.657156 0.392847 -0.164455
v -3.621362 0.382426 -0.164092
v -3.586463 0.372577 -0.163740
v -3.552843 0.363400 -0.163403
v -3.520883 0.354998 -0.163083
v -3.520769 0.134999 -0.162171
v -3.521204 0.123021 -0.162125
v -3.522539 0.112503 -0.162093
v -3.524799 0.103326 -0.162075
v -3.528007 0.095366 -0.162071
v -3.532188 0.088503 -0.162080
v -3.537366 0.082616 -0.162102
v -3.543565 0.077582 -0.162136
v -3.550810 0.073280 -0.162183
v -3.559124 0.069588 -0.162242
v -3.568532 0.066385 -0.162312
v -3.579058 0.063550 -0.162394
v -3.590728 0.060961 -0.162488
v -3.598900 0.059749 -0.162556
v -3.607865 0.058623 -0.162631
v -3.617537 0.057587 -0.162713
v -3.627835 0.056644 -0.162801
v -3.638674 0.055799 -0.162894
v -3.649972 0.055053 -0.162992
v -3.661645 0.054412 -0.163093
v -3.673610 0.053878 -0.163198
v -3.685783 0.053455 -0.163304
v -3.698080 0.053147 -0.163413
v -3.710420 0.052957 -0.163522
v -3.722718 0.052888 -0.163631
v -3.750129 0.053082 -0.163877
v -3.779092 0.053699 -0.164137
v -3.809201 0.054746 -0.164410
v -3.840049 0.056230 -0.164692
v -3.871231 0.058158 -0.164978
v -3.902340 0.060538 -0.165265
v -3.932971 0.063376 -0.165550
v -3.962716 0.066680 -0.165829
v -3.991170 0.070457 -0.166098
v -4.017926 0.074714 -0.166354
v -4.042579 0.079459 -0.166594
v -4.064721 0.084698 -0.166813
v -4.064674 -0.006302 -0.166436
v -4.041671 -0.009433 -0.166218
v -4.016404 -0.012344 -0.165980
v -3.989235 -0.015025 -0.165727
v -3.960525 -0.017466 -0.165461
v -3.930633 -0.019656 -0.165185
v -3.899923 -0.021585 -0.164903
v -3.868754 -0.023243 -0.164618
v -3.837488 -0.024620 -0.164334
v -3.806487 -0.025705 -0.164053
v -3.776110 -0.026488 -0.163779
v -3.746720 -0.026960 -0.163515
v -3.718677 -0.027109 -0.163264
v -3.703918 -0.027038 -0.163133
v -3.689188 -0.026838 -0.163002
v -3.674554 -0.026507 -0.162873
v -3.660087 -0.026040 -0.162746
v -3.645856 -0.025434 -0.162622
v -3.631932 -0.024686 -0.162501
v -3.618381 -0.023793 -0.162383
v -3.605276 -0.022750 -0.162271
v -3.592684 -0.021555 -0.162164
v -3.580676 -0.020204 -0.162062
v -3.569321 -0.018694 -0.161967
v -3.558688 -0.017020 -0.161879
v -3.540155 -0.013058 -0.161730
v -3.523069 -0.008135 -0.161598
v -3.507464 -0.002164 -0.161484
v -3.493369 0.004942 -0.161388
v -3.480817 0.013269 -0.161310
v -3.469838 0.022904 -0.161252
v -3.460464 0.033934 -0.161214
v -3.452726 0.046445 -0.161197
v -3.446655 0.060526 -0.161201
v -3.442283 0.076261 -0.161227
v -3.439641 0.093739 -0.161276
v -3.438761 0.113045 -0.161348
v -3.438776 0.143231 -0.161474
v -3.438797 0.183785 -0.161642
v -3.438823 0.232450 -0.161843
v -3.438851 0.286970 -0.162069
v -3.438881 0.345086 -0.162310
v -3.438912 0.404543 -0.162557
v -3.438942 0.463083 -0.162800
v -3.438971 0.518449 -0.163029
v -3.438997 0.568385 -0.163236
v -3.439019 0.610633 -0.163411
v -3.439035 0.642938 -0.163545
v -3.439046 0.663040 -0.163629
v -3.439007 0.669237 -0.163654
v -3.438885 0.675777 -0.163680
v -3.438681 0.682587 -0.163706
v -3.438393 0.689596 -0.163733
v -3.438021 0.696730 -0.163759
v -3.437567 0.703916 -0.163785
v -3.437029 0.711081 -0.163810
v -3.436408 0.718153 -0.163833
v -3.435703 0.725057 -0.163856
v -3.434915 0.731723 -0.163876
v -3.434043 0.738076 -0.163895
v -3.433088 0.744043 -0.163911
v -3.526084 0.743991 -0.164740
v -3.525353 0.738101 -0.164709
v -3.524667 0.731951 -0.164678
v -3.524028 0.725571 -0.164645
v -3.523442 0.718993 -0.164613
v -3.522912 0.712249 -0.164580
v -3.522440 0.705369 -0.164548
v -3.522030 0.698385 -0.164515
v -3.521687 0.691328 -0.164483
v -3.521413 0.684229 -0.164451
v -3.521212 0.677120 -0.164420
v -3.521087 0.670031 -0.164389
v -3.521043 0.662995 -0.164360
v -2.512872 0.422557 -0.154374
v -2.549104 0.422537 -0.154697
v -2.594392 0.422512 -0.155100
v -2.646471 0.422483 -0.155565
v -2.703077 0.422451 -0.156069
v -2.761948 0.422419 -0.156594
v -2.820818 0.422386 -0.157119
v -2.877425 0.422355 -0.157624
v -2.929504 0.422326 -0.158088
v -2.974791 0.422300 -0.158492
v -3.011024 0.422280 -0.158815
v -3.035937 0.422266 -0.159037
v -3.048145 0.422320 -0.159146
v -3.059770 0.422485 -0.159250
v -3.070811 0.422747 -0.159350
v -3.081269 0.423093 -0.159445
v -3.091144 0.423509 -0.159534
v -3.100435 0.423981 -0.159619
v -3.109143 0.424494 -0.159699
v -3.117269 0.425036 -0.159774
v -3.124810 0.425592 -0.159843
v -3.131768 0.426148 -0.159908
v -3.138144 0.426691 -0.159967
v -3.143935 0.427206 -0.160020
v -3.143884 0.329207 -0.159614
v -3.138438 0.329519 -0.159567
v -3.132140 0.329931 -0.159512
v -3.125058 0.330421 -0.159451
v -3.117257 0.330963 -0.159384
v -3.108803 0.331533 -0.159311
v -3.099763 0.332107 -0.159233
v -3.090201 0.332660 -0.159150
v -3.080186 0.333169 -0.159062
v -3.069780 0.333608 -0.158972
v -3.059052 0.333953 -0.158877
v -3.048067 0.334181 -0.158780
v -3.036891 0.334267 -0.158681
v -3.011767 0.334281 -0.158457
v -2.975394 0.334301 -0.158133
v -2.930021 0.334326 -0.157728
v -2.877898 0.334355 -0.157264
v -2.821275 0.334386 -0.156759
v -2.762403 0.334419 -0.156234
v -2.703530 0.334452 -0.155709
v -2.646907 0.334483 -0.155204
v -2.594784 0.334512 -0.154740
v -2.549411 0.334538 -0.154335
v -2.513037 0.334558 -0.154011
v -2.487913 0.334572 -0.153787
v -2.474217 0.334538 -0.153665
v -2.460673 0.334425 -0.153543
v -2.447352 0.334235 -0.153424
v -2.434323 0.333972 -0.153306
v -2.421654 0.333639 -0.153192
v -2.409415 0.333240 -0.153081
v -2.397677 0.332779 -0.152975
v -2.386508 0.332258 -0.152873
v -2.375978 0.331681 -0.152777
v -2.366157 0.331051 -0.152686
v -2.357113 0.330373 -0.152603
v -2.348916 0.329649 -0.152527
v -2.348967 0.427648 -0.152933
v -2.356934 0.427125 -0.153002
v -2.365790 0.426574 -0.153079
v -2.375465 0.426008 -0.153163
v -2.385890 0.425443 -0.153253
v -2.396996 0.424890 -0.153350
v -2.408713 0.424365 -0.153452
v -2.420971 0.423881 -0.153560
v -2.433702 0.423453 -0.153671
v -2.446836 0.423094 -0.153787
v -2.460303 0.422818 -0.153906
v -2.474033 0.422639 -0.154028
v -2.487959 0.422571 -0.154152
v -1.555120 0.662016 -0.146825
v -1.555110 0.641847 -0.146741
v -1.555096 0.615150 -0.146631
v -1.555079 0.583495 -0.146499
v -1.555061 0.548452 -0.146354
v -1.555042 0.511589 -0.146201
v -1.555023 0.474476 -0.146047
v -1.555004 0.438682 -0.145899
v -1.554987 0.405777 -0.145762
v -1.554972 0.377331 -0.145645
v -1.554961 0.354912 -0.145552
v -1.554953 0.340090 -0.145490
v -1.554990 0.333687 -0.145464
v -1.555104 0.327030 -0.145437
v -1.555287 0.320200 -0.145411
v -1.555532 0.313275 -0.145384
v -1.555833 0.306337 -0.145358
v -1.556182 0.299465 -0.145333
v -1.556573 0.292738 -0.145308
v -1.556999 0.286238 -0.145285
v -1.557453 0.280042 -0.145264
v -1.557928 0.274233 -0.145244
v -1.558417 0.268888 -0.145226
v -1.558913 0.264089 -0.145211
v -1.466917 0.264140 -0.144391
v -1.467438 0.268233 -0.144412
v -1.467986 0.272968 -0.144437
v -1.468549 0.278279 -0.144464
v -1.469112 0.284101 -0.144493
v -1.469662 0.290368 -0.144524
v -1.470184 0.297013 -0.144556
v -1.470664 0.303970 -0.144589
v -1.471089 0.311174 -0.144623
v -1.471445 0.318559 -0.144656
v -1.471717 0.326058 -0.144690
v -1.471893 0.333606 -0.144723
v -1.471957 0.341136 -0.144754
v -1.471964 0.355938 -0.144816
v -1.471976 0.378303 -0.144908
v -1.471991 0.406667 -0.145026
v -1.472008 0.439469 -0.145162
v -1.472026 0.475146 -0.145310
v -1.472046 0.512135 -0.145463
v -1.472065 0.548874 -0.145616
v -1.472083 0.583801 -0.145760
v -1.472099 0.615353 -0.145891
v -1.472113 0.641967 -0.146002
v -1.472123 0.662081 -0.146085
v -1.472130 0.674133 -0.146135
v -1.472091 0.678968 -0.146155
v -1.471977 0.684397 -0.146176
v -1.471794 0.690305 -0.146199
v -1.471549 0.696578 -0.146223
v -1.471248 0.703101 -0.146247
v -1.470898 0.709759 -0.146272
v -1.470507 0.716438 -0.146296
v -1.470081 0.723023 -0.146319
v -1.469627 0.729400 -0.146342
v -1.469152 0.735454 -0.146362
v -1.468663 0.741071 -0.146381
v -1.468167 0.746135 -0.146398
v -1.559163 0.746084 -0.147209
v -1.558662 0.741135 -0.147184
v -1.558167 0.735821 -0.147158
v -1.557686 0.730195 -0.147130
v -1.557226 0.724308 -0.147102
v -1.556794 0.718213 -0.147073
v -1.556396 0.711961 -0.147043
v -1.556040 0.705606 -0.147014
v -1.555732 0.699198 -0.146984
v -1.555480 0.692790 -0.146956
v -1.555290 0.686434 -0.146928
v -1.555170 0.680183 -0.146901
v -1.555126 0.674087 -0.146875
v -2.020098 0.655964 -0.150946
v -2.020092 0.643579 -0.150895
v -2.020085 0.629986 -0.150838
v -2.020077 0.615496 -0.150778
v -2.020070 0.600423 -0.150716
v -2.020061 0.585080 -0.150652
v -2.020054 0.569778 -0.150589
v -2.020046 0.554830 -0.150527
v -2.020039 0.540549 -0.150468
v -2.020031 0.527247 -0.150412
v -2.020025 0.515236 -0.150363
v -2.020020 0.504830 -0.150320
v -2.019300 0.448088 -0.150078
v -2.017186 0.397472 -0.149850
v -2.013660 0.352398 -0.149632
v -2.008698 0.312283 -0.149421
v -2.002281 0.276543 -0.149216
v -1.994386 0.244597 -0.149013
v -1.984993 0.215859 -0.148810
v -1.974081 0.189747 -0.148605
v -1.961628 0.165678 -0.148394
v -1.947613 0.143068 -0.148176
v -1.932015 0.121334 -0.147947
v -1.914814 0.099892 -0.147704
v -1.897862 0.081121 -0.147475
v -1.879667 0.063750 -0.147241
v -1.860445 0.047720 -0.147003
v -1.840412 0.032971 -0.146764
v -1.819782 0.019445 -0.146524
v -1.798771 0.007082 -0.146285
v -1.777593 -0.004176 -0.146050
v -1.756465 -0.014389 -0.145819
v -1.735601 -0.023617 -0.145595
v -1.715217 -0.031917 -0.145379
v -1.695527 -0.039350 -0.145172
v -1.676748 -0.045974 -0.144977
v -1.611786 0.023061 -0.144684
v -1.634634 0.029160 -0.144913
v -1.657134 0.036013 -0.145142
v -1.679232 0.043664 -0.145371
v -1.700872 0.052160 -0.145599
v -1.721999 0.061544 -0.145826
v -1.742557 0.071863 -0.146052
v -1.762490 0.083162 -0.146277
v -1.781743 0.095485 -0.146499
v -1.800261 0.108878 -0.146720
v -1.817988 0.123386 -0.146938
v -1.834868 0.139054 -0.147154
v -1.850846 0.155927 -0.147366
v -1.867404 0.176690 -0.147600
v -1.881667 0.197752 -0.147814
v -1.893799 0.219497 -0.148012
v -1.903962 0.242305 -0.148197
v -1.912321 0.266558 -0.148372
v -1.919039 0.292638 -0.148540
v -1.924278 0.320928 -0.148704
v -1.928203 0.351809 -0.148867
v -1.930977 0.385662 -0.149032
v -1.932763 0.422870 -0.149202
v -1.933725 0.463815 -0.149380
v -1.934026 0.508878 -0.149569
v -1.934031 0.519301 -0.149613
v -1.934037 0.531346 -0.149663
v -1.934044 0.544675 -0.149718
v -1.934052 0.558952 -0.149777
v -1.934059 0.573840 -0.149839
v -1.934067 0.589002 -0.149902
v -1.934075 0.604102 -0.149964
v -1.934083 0.618803 -0.150025
v -1.934090 0.632768 -0.150083
v -1.934096 0.645659 -0.150137
v -1.934102 0.657141 -0.150184
v -1.934108 0.666877 -0.150225
v -1.934071 0.675253 -0.150259
v -1.933954 0.683391 -0.150292
v -1.933761 0.691299 -0.150323
v -1.933494 0.698988 -0.150352
v -1.933159 0.706469 -0.150380
v -1.932757 0.713752 -0.150407
v -1.932292 0.720848 -0.150432
v -1.931769 0.727766 -0.150456
v -1.931190 0.734518 -0.150479
v -1.930558 0.741114 -0.150500
v -1.929878 0.747564 -0.150521
v -1.929153 0.753879 -0.150541
v -2.023149 0.753827 -0.151379
v -2.022666 0.747513 -0.151348
v -2.022226 0.741063 -0.151318
v -2.021827 0.734468 -0.151287
v -2.021469 0.727717 -0.151256
v -2.021153 0.720798 -0.151224
v -2.020878 0.713703 -0.151192
v -2.020645 0.706420 -0.151160
v -2.020454 0.698940 -0.151127
v -2.020304 0.691251 -0.151094
v -2.020196 0.683343 -0.151060
v -2.020129 0.675206 -0.151026
v -2.020104 0.666829 -0.150991
v -0.512952 0.423669 -0.136544
v -0.549184 0.423648 -0.136867
v -0.594472 0.423623 -0.137271
v -0.646551 0.423594 -0.137735
v -0.703157 0.423563 -0.138240
v -0.762028 0.423530 -0.138765
v -0.820898 0.423497 -0.139290
v -0.877505 0.423466 -0.139794
v -0.929583 0.423437 -0.140259
v -0.974871 0.423412 -0.140662
v -1.011103 0.423392 -0.140985
v -1.036017 0.423378 -0.141208
v -1.048225 0.423431 -0.141317
v -1.059849 0.423596 -0.141421
v -1.070891 0.423859 -0.141521
v -1.081349 0.424205 -0.141615
v -1.091223 0.424620 -0.141705
v -1.100515 0.425092 -0.141790
v -1.109223 0.425606 -0.141870
v -1.117348 0.426147 -0.141944
v -1.124890 0.426703 -0.142014
v -1.131848 0.427260 -0.142078
v -1.138223 0.427803 -0.142137
v -1.144015 0.428318 -0.142191
v -1.143964 0.330319 -0.141785
v -1.138517 0.330630 -0.141737
v -1.132220 0.331043 -0.141683
v -1.125137 0.331532 -0.141622
v -1.117337 0.332074 -0.141555
v -1.108883 0.332644 -0.141482
v -1.099842 0.333218 -0.141403
v -1.090281 0.333771 -0.141320
v -1.080265 0.334280 -0.141233
v -1.069860 0.334719 -0.141142
v -1.059132 0.335065 -0.141048
v -1.048147 0.335293 -0.140951
v -1.036971 0.335378 -0.140852
v -1.011847 0.335392 -0.140628
v -0.975474 0.335412 -0.140303
v -0.930100 0.335437 -0.139899
v -0.877977 0.335466 -0.139434
v -0.821355 0.335498 -0.138929
v -0.762482 0.335531 -0.138405
v -0.703609 0.335563 -0.137880
v -0.646987 0.335595 -0.137375
v -0.594864 0.335624 -0.136910
v -0.549490 0.335649 -0.136506
v -0.513117 0.335669 -0.136181
v -0.487993 0.335683 -0.135957
v -0.474297 0.335650 -0.135835
v -0.460753 0.335536 -0.135714
v -0.447432 0.335346 -0.135594
v -0.434402 0.335083 -0.135477
v -0.421733 0.334751 -0.135363
v -0.409495 0.334352 -0.135252
v -0.397757 0.333890 -0.135145
v -0.386588 0.333369 -0.135044
v -0.376058 0.332792 -0.134947
v -0.366237 0.332163 -0.134857
v -0.357193 0.331484 -0.134774
v -0.348996 0.330760 -0.134698
v -0.349047 0.428760 -0.135104
v -0.357014 0.428237 -0.135173
v -0.365870 0.427685 -0.135249
v -0.375545 0.427120 -0.135333
v -0.385970 0.426554 -0.135424
v -0.397076 0.426001 -0.135521
v -0.408793 0.425476 -0.135623
v -0.421051 0.424993 -0.135730
v -0.433782 0.424564 -0.135842
v -0.446915 0.424205 -0.135958
v -0.460382 0.423929 -0.136077
v -0.474113 0.423750 -0.136198
v -0.488039 0.423682 -0.136322
v 0.347811 0.649145 -0.129802
v 0.349352 0.643508 -0.129765
v 0.350956 0.637628 -0.129727
v 0.352601 0.631554 -0.129687
v 0.354268 0.625334 -0.129646
v 0.355934 0.619017 -0.129605
v 0.357580 0.612651 -0.129564
v 0.359184 0.606285 -0.129524
v 0.360725 0.599967 -0.129484
v 0.362183 0.593747 -0.129445
v 0.363537 0.587673 -0.129408
v 0.364766 0.581793 -0.129372
v 0.365849 0.576156 -0.129339
v 0.369787 0.558943 -0.129233
v 0.374553 0.538605 -0.129106
v 0.380098 0.515602 -0.128962
v 0.386374 0.490390 -0.128801
v 0.393331 0.463429 -0.128627
v 0.400920 0.435176 -0.128443
v 0.409094 0.406091 -0.128249
v 0.417802 0.376631 -0.128050
v 0.426996 0.347254 -0.127846
v 0.436628 0.318419 -0.127641
v 0.446647 0.290585 -0.127436
v 0.457007 0.264209 -0.127235
v 0.466614 0.241005 -0.127053
v 0.476877 0.217461 -0.126864
v 0.487745 0.193695 -0.126668
v 0.499165 0.169826 -0.126468
v 0.511085 0.145970 -0.126263
v 0.523453 0.122247 -0.126054
v 0.536216 0.098774 -0.125843
v 0.549323 0.075669 -0.125631
v 0.562721 0.053051 -0.125417
v 0.576359 0.031037 -0.125205
v 0.590184 0.009745 -0.124993
v 0.604144 -0.010707 -0.124784
v 0.689121 0.025340 -0.124175
v 0.673515 0.046515 -0.124402
v 0.658249 0.068457 -0.124629
v 0.643370 0.091017 -0.124855
v 0.628930 0.114047 -0.125080
v 0.614975 0.137396 -0.125301
v 0.601555 0.160915 -0.125518
v 0.588718 0.184456 -0.125730
v 0.576513 0.207868 -0.125936
v 0.564988 0.231004 -0.126134
v 0.554194 0.253712 -0.126324
v 0.544177 0.275845 -0.126505
v 0.534987 0.297252 -0.126676
v 0.524260 0.323968 -0.126882
v 0.513672 0.352430 -0.127095
v 0.503319 0.382343 -0.127311
v 0.493298 0.413413 -0.127529
v 0.483708 0.445344 -0.127747
v 0.474645 0.477842 -0.127962
v 0.466207 0.510611 -0.128173
v 0.458492 0.543356 -0.128377
v 0.451595 0.575781 -0.128573
v 0.445616 0.607593 -0.128758
v 0.440651 0.638496 -0.128930
v 0.436798 0.668194 -0.129088
v -0.105021 0.627505 -0.133751
v -0.113549 0.629278 -0.133834
v -0.121661 0.632134 -0.133918
v -0.129274 0.635991 -0.134002
v -0.136304 0.640765 -0.134085
v -0.142668 0.646372 -0.134165
v -0.148282 0.652730 -0.134241
v -0.153063 0.659755 -0.134313
v -0.156928 0.667364 -0.134379
v -0.159793 0.675474 -0.134438
v -0.161575 0.684001 -0.134489
v -0.162191 0.692861 -0.134531
v -0.161585 0.701952 -0.134564
v -0.159812 0.710673 -0.134584
v -0.156955 0.718942 -0.134593
v -0.153098 0.726681 -0.134590
v -0.148324 0.733809 -0.134577
v -0.142716 0.740247 -0.134554
v -0.136359 0.745914 -0.134521
v -0.129334 0.750731 -0.134478
v -0.121725 0.754618 -0.134426
v -0.113615 0.757494 -0.134366
v -0.105089 0.759281 -0.134297
v -0.096229 0.759897 -0.134221
v -0.087157 0.759291 -0.134137
v -0.078492 0.757514 -0.134053
v -0.070305 0.754646 -0.133968
v -0.062670 0.750768 -0.133884
v -0.055659 0.745959 -0.133801
v -0.049345 0.740299 -0.133722
v -0.043802 0.733867 -0.133646
v -0.039102 0.726744 -0.133574
v -0.035319 0.719010 -0.133508
v -0.032525 0.710743 -0.133449
v -0.030793 0.702025 -0.133398
v -0.030196 0.692935 -0.133355
v -0.030784 0.684073 -0.133323
v -0.032507 0.675545 -0.133303
v -0.035292 0.667432 -0.133294
v -0.039068 0.659819 -0.133297
v -0.043760 0.652789 -0.133309
v -0.049297 0.646424 -0.133332
v -0.055604 0.640810 -0.133365
v -0.062610 0.636028 -0.133408
v -0.070241 0.632163 -0.133460
v -0.078425 0.629297 -0.133521
v -0.087089 0.627515 -0.133591
v -0.096160 0.626899 -0.133669
v -0.111269 0.804849 -0.134541
v -0.125726 0.801816 -0.134657
v -0.139480 0.796936 -0.134760
v -0.152390 0.790347 -0.134848
v -0.164313 0.782190 -0.134920
v -0.175107 0.772603 -0.134977
v -0.184629 0.761726 -0.135017
v -0.192738 0.749696 -0.135039
v -0.199290 0.736653 -0.135044
v -0.204145 0.722736 -0.135029
v -0.207158 0.708084 -0.134995
v -0.208189 0.692836 -0.134941
v -0.207143 0.677608 -0.134869
v -0.204114 0.663014 -0.134782
v -0.199245 0.649185 -0.134681
v -0.192679 0.636252 -0.134569
v -0.184558 0.624348 -0.134447
v -0.175024 0.613605 -0.134318
v -0.164221 0.604154 -0.134182
v -0.152289 0.596127 -0.134042
v -0.139373 0.589656 -0.133900
v -0.125613 0.584873 -0.133758
v -0.111154 0.581910 -0.133617
v -0.096136 0.580899 -0.133479
v -0.080909 0.581927 -0.133347
v -0.066315 0.584906 -0.133229
v -0.052486 0.589704 -0.133126
v -0.039553 0.596189 -0.133037
v -0.027649 0.604230 -0.132965
v -0.016906 0.613693 -0.132908
v -0.007455 0.624447 -0.132868
v 0.000572 0.636360 -0.132846
v 0.007043 0.649299 -0.132842
v 0.011827 0.663134 -0.132857
v 0.014790 0.677732 -0.132891
v 0.015802 0.692960 -0.132945
v 0.014774 0.708207 -0.133017
v 0.011796 0.722856 -0.133104
v 0.006998 0.736767 -0.133205
v 0.000514 0.749803 -0.133316
v -0.007526 0.761824 -0.133438
v -0.016988 0.772691 -0.133567
v -0.027742 0.782266 -0.133703
v -0.039654 0.790410 -0.133843
v -0.052593 0.796984 -0.133985
v -0.066427 0.801849 -0.134129
v -0.081024 0.804866 -0.134271
v -0.096252 0.805897 -0.134412
v 0.106806 0.678011 -0.132071
v 0.096343 0.658687 -0.132084
v 0.085041 0.636953 -0.132095
v 0.073060 0.613149 -0.132103
v 0.060558 0.587616 -0.132109
v 0.047697 0.560693 -0.132112
v 0.034634 0.532722 -0.132113
v 0.021530 0.504043 -0.132111
v 0.008545 0.474995 -0.132107
v -0.004163 0.445920 -0.132100
v -0.016434 0.417158 -0.132090
v -0.028107 0.389048 -0.132077
v -0.039024 0.361932 -0.132063
v -0.049488 0.336120 -0.132049
v -0.060315 0.308463 -0.132031
v -0.071371 0.279368 -0.132009
v -0.082520 0.249243 -0.131984
v -0.093627 0.218492 -0.131955
v -0.104556 0.187522 -0.131925
v -0.115174 0.156741 -0.131892
v -0.125343 0.126553 -0.131857
v -0.134930 0.097366 -0.131822
v -0.143799 0.069585 -0.131786
v -0.151815 0.043617 -0.131750
v -0.158842 0.019869 -0.131714
v -0.069831 -0.009082 -0.130801
v -0.063171 0.017074 -0.130850
v -0.055725 0.044393 -0.130896
v -0.047577 0.072665 -0.130941
v -0.038815 0.101675 -0.130983
v -0.029526 0.131215 -0.131022
v -0.019796 0.161070 -0.131059
v -0.009712 0.191029 -0.131093
v 0.000640 0.220882 -0.131125
v 0.011172 0.250414 -0.131153
v 0.021798 0.279416 -0.131178
v 0.032432 0.307675 -0.131201
v 0.042986 0.334978 -0.131220
v 0.053388 0.361425 -0.131236
v 0.064532 0.389022 -0.131251
v 0.076286 0.417418 -0.131264
v 0.088520 0.446262 -0.131274
v 0.101100 0.475203 -0.131282
v 0.113896 0.503891 -0.131287
v 0.126776 0.531975 -0.131288
v 0.139607 0.559104 -0.131286
v 0.152259 0.584928 -0.131280
v 0.164599 0.609095 -0.131270
v 0.176495 0.631254 -0.131256
v 0.187817 0.651056 -0.131237
v 0.796803 0.448388 -0.124967
v 0.801974 0.443913 -0.124903
v 0.807340 0.439043 -0.124835
v 0.812831 0.433850 -0.124764
v 0.818377 0.428407 -0.124692
v 0.823910 0.422787 -0.124619
v 0.829359 0.417062 -0.124547
v 0.834656 0.411307 -0.124476
v 0.839731 0.405592 -0.124407
v 0.844514 0.399993 -0.124341
v 0.848935 0.394580 -0.124280
v 0.852926 0.389428 -0.124223
v 0.879438 0.413412 -0.124086
v 0.906351 0.440133 -0.123956
v 0.933444 0.469285 -0.123835
v 0.960494 0.500561 -0.123724
v 0.987279 0.533656 -0.123622
v 1.013577 0.568266 -0.123531
v 1.039166 0.604083 -0.123451
v 1.063824 0.640802 -0.123383
v 1.087330 0.678118 -0.123328
v 1.109460 0.715725 -0.123286
v 1.129993 0.753317 -0.123259
v 1.148706 0.790589 -0.123246
v 1.079695 0.818550 -0.123978
v 1.063008 0.784470 -0.123985
v 1.044093 0.749962 -0.124011
v 1.023219 0.715348 -0.124054
v 1.000658 0.680952 -0.124113
v 0.976680 0.647097 -0.124186
v 0.951556 0.614106 -0.124274
v 0.925556 0.582302 -0.124374
v 0.898951 0.552008 -0.124485
v 0.872012 0.523547 -0.124608
v 0.845009 0.497242 -0.124740
v 0.818214 0.473417 -0.124880
v 0.791896 0.452394 -0.125028
v 1.362184 0.762946 -0.121228
v 1.376584 0.731702 -0.120970
v 1.391852 0.701022 -0.120707
v 1.407943 0.670956 -0.120439
v 1.424811 0.641558 -0.120167
v 1.442412 0.612879 -0.119891
v 1.460699 0.584971 -0.119613
v 1.479629 0.557886 -0.119332
v 1.499155 0.531677 -0.119049
v 1.519233 0.506395 -0.118765
v 1.539817 0.482092 -0.118481
v 1.560862 0.458821 -0.118197
v 0.940887 0.458476 -0.123724
v 0.940888 0.457959 -0.123722
v 0.940893 0.456504 -0.123716
v 0.940905 0.454258 -0.123707
v 0.940928 0.451365 -0.123694
v 0.940965 0.447973 -0.123680
v 0.941019 0.444226 -0.123664
v 0.941095 0.440272 -0.123647
v 0.941195 0.436254 -0.123629
v 0.941322 0.432320 -0.123612
v 0.941481 0.428616 -0.123595
v 0.941674 0.425286 -0.123580
v 0.941905 0.422477 -0.123566
v 0.945665 0.349682 -0.123231
v 0.949421 0.284520 -0.122928
v 0.953257 0.226579 -0.122653
v 0.957255 0.175451 -0.122406
v 0.961501 0.130725 -0.122183
v 0.966076 0.091993 -0.121982
v 0.971065 0.058845 -0.121800
v 0.976552 0.030870 -0.121635
v 0.982619 0.007659 -0.121485
v 0.989351 -0.011197 -0.121347
v 0.996830 -0.026108 -0.121218
v 1.005142 -0.037484 -0.121097
v 1.010441 -0.043364 -0.121026
v 1.015855 -0.048543 -0.120956
v 1.021415 -0.053068 -0.120888
v 1.027151 -0.056990 -0.120820
v 1.033095 -0.060356 -0.120753
v 1.039279 -0.063215 -0.120686
v 1.045733 -0.065615 -0.120619
v 1.052489 -0.067605 -0.120550
v 1.059578 -0.069235 -0.120480
v 1.067031 -0.070551 -0.120408
v 1.074880 -0.071603 -0.120334
v 1.083157 -0.072440 -0.120257
v 1.092205 -0.073102 -0.120173
v 1.102291 -0.073601 -0.120081
v 1.113328 -0.073939 -0.119981
v 1.125230 -0.074121 -0.119875
v 1.137909 -0.074149 -0.119761
v 1.151280 -0.074027 -0.119643
v 1.165254 -0.073760 -0.119519
v 1.179746 -0.073350 -0.119392
v 1.194668 -0.072800 -0.119261
v 1.209934 -0.072115 -0.119128
v 1.225456 -0.071298 -0.118993
v 1.241149 -0.070352 -0.118857
v 1.241791 -0.064656 -0.118874
v 1.242717 -0.058616 -0.118891
v 1.243921 -0.052304 -0.118907
v 1.245395 -0.045795 -0.118920
v 1.247134 -0.039160 -0.118932
v 1.249129 -0.032473 -0.118942
v 1.251374 -0.025807 -0.118950
v 1.253863 -0.019235 -0.118955
v 1.256588 -0.012829 -0.118957
v 1.259541 -0.006662 -0.118956
v 1.262718 -0.000808 -0.118952
v 1.266109 0.004661 -0.118945
v 1.249944 0.003273 -0.119083
v 1.234029 0.002115 -0.119220
v 1.218488 0.001166 -0.119355
v 1.203447 0.000404 -0.119486
v 1.189031 -0.000191 -0.119612
v 1.175366 -0.000640 -0.119732
v 1.162575 -0.000963 -0.119845
v 1.150784 -0.001181 -0.119949
v 1.140117 -0.001315 -0.120043
v 1.130701 -0.001387 -0.120127
v 1.122660 -0.001415 -0.120199
v 1.116118 -0.001422 -0.120257
v 1.111052 -0.001380 -0.120302
v 1.106336 -0.001233 -0.120345
v 1.101947 -0.000962 -0.120385
v 1.097860 -0.000544 -0.120423
v 1.094050 0.000041 -0.120460
v 1.090493 0.000813 -0.120495
v 1.087166 0.001794 -0.120528
v 1.084043 0.003004 -0.120561
v 1.081101 0.004464 -0.120594
v 1.078315 0.006195 -0.120626
v 1.075661 0.008218 -0.120658
v 1.073114 0.010553 -0.120690
v 1.067065 0.018596 -0.120777
v 1.061410 0.029917 -0.120875
v 1.056128 0.044794 -0.120983
v 1.051198 0.063504 -0.121105
v 1.046600 0.086325 -0.121240
v 1.042312 0.113535 -0.121391
v 1.038313 0.145413 -0.121559
v 1.034582 0.182234 -0.121745
v 1.031099 0.224278 -0.121950
v 1.027841 0.271822 -0.122176
v 1.024790 0.325144 -0.122424
v 1.021922 0.384522 -0.122695
v 1.293911 0.384673 -0.120270
v 1.301586 0.335574 -0.119999
v 1.311405 0.287434 -0.119712
v 1.323891 0.240503 -0.119406
v 1.339563 0.195033 -0.119078
v 1.358943 0.151274 -0.118724
v 1.382550 0.109475 -0.118340
v 1.410907 0.069887 -0.117924
v 1.444532 0.032760 -0.117470
v 1.483948 -0.001656 -0.116976
v 1.529674 -0.033109 -0.116438
v 1.582232 -0.061350 -0.115852
v 1.642142 -0.086129 -0.115215
v 1.644610 -0.081183 -0.115214
v 1.647488 -0.075900 -0.115210
v 1.650727 -0.070359 -0.115204
v 1.654278 -0.064641 -0.115196
v 1.658093 -0.058826 -0.115186
v 1.662124 -0.052994 -0.115174
v 1.666321 -0.047223 -0.115161
v 1.670636 -0.041595 -0.115146
v 1.675021 -0.036190 -0.115129
v 1.679426 -0.031086 -0.115111
v 1.683805 -0.026364 -0.115091
v 1.688107 -0.022104 -0.115071
v 1.632553 -0.000989 -0.115654
v 1.584059 0.023263 -0.116186
v 1.542106 0.050408 -0.116673
v 1.506172 0.080201 -0.117117
v 1.475736 0.112400 -0.117522
v 1.450278 0.146762 -0.117891
v 1.429278 0.183043 -0.118228
v 1.412214 0.220999 -0.118538
v 1.398565 0.260389 -0.118823
v 1.387812 0.300967 -0.119086
v 1.379433 0.342491 -0.119333
v 1.372908 0.384717 -0.119566
v 1.565900 0.384824 -0.117846
v 1.565864 0.453824 -0.118132
v 1.572368 0.447139 -0.118046
v 1.578876 0.440576 -0.117961
v 1.585390 0.434132 -0.117876
v 1.591914 0.427801 -0.117792
v 1.598452 0.421582 -0.117708
v 1.605008 0.415471 -0.117624
v 1.611584 0.409463 -0.117540
v 1.618185 0.403557 -0.117457
v 1.624813 0.397747 -0.117374
v 1.631473 0.392032 -0.117291
v 1.638167 0.386407 -0.117208
v 1.644899 0.380868 -0.117125
v 1.648543 0.384895 -0.117109
v 1.652899 0.389405 -0.117089
v 1.657845 0.394297 -0.117065
v 1.663259 0.399471 -0.117038
v 1.669021 0.404825 -0.117009
v 1.675008 0.410260 -0.116978
v 1.681099 0.415673 -0.116946
v 1.687173 0.420965 -0.116914
v 1.693108 0.426035 -0.116882
v 1.698783 0.430782 -0.116851
v 1.704077 0.435105 -0.116822
v 1.708866 0.438903 -0.116795
v 1.679246 0.461468 -0.117152
v 1.650465 0.486106 -0.117511
v 1.622613 0.512683 -0.117869
v 1.595781 0.541062 -0.118226
v 1.570059 0.571108 -0.118580
v 1.545538 0.602686 -0.118930
v 1.522308 0.635661 -0.119273
v 1.500459 0.669897 -0.119610
v 1.480081 0.705258 -0.119938
v 1.461266 0.741610 -0.120256
v 1.444102 0.778818 -0.120564
v 1.428682 0.816744 -0.120858
v 1.348696 0.794700 -0.121480
v 1.921813 0.525021 -0.115253
v 2.500790 0.525343 -0.110091
v 2.500758 0.588342 -0.110352
v 1.921781 0.588020 -0.115514
v 2.423164 0.814548 -0.111981
v 2.425731 0.806808 -0.111926
v 2.428339 0.799081 -0.111871
v 2.430988 0.791376 -0.111815
v 2.433680 0.783698 -0.111759
v 2.436413 0.776055 -0.111703
v 2.439188 0.768453 -0.111647
v 2.442003 0.760900 -0.111591
v 2.444862 0.753403 -0.111534
v 2.447761 0.745969 -0.111478
v 2.450702 0.738603 -0.111421
v 2.453686 0.731315 -0.111364
v 1.826710 0.730966 -0.116953
v 1.826744 0.665967 -0.116684
v 2.483718 0.666332 -0.110827
v 2.495205 0.644093 -0.110633
v 2.507133 0.622382 -0.110436
v 2.519485 0.601227 -0.110238
v 2.532242 0.580656 -0.110040
v 2.545388 0.560696 -0.109840
v 2.558905 0.541375 -0.109639
v 2.572776 0.522721 -0.109438
v 2.586983 0.504761 -0.109237
v 2.601509 0.487524 -0.109036
v 2.616337 0.471037 -0.108836
v 2.631450 0.455328 -0.108636
v 2.646829 0.440424 -0.108437
v 2.650743 0.443912 -0.108417
v 2.655403 0.447809 -0.108391
v 2.660682 0.452026 -0.108361
v 2.666449 0.456472 -0.108328
v 2.672578 0.461058 -0.108293
v 2.678940 0.465692 -0.108255
v 2.685405 0.470285 -0.108217
v 2.691846 0.474746 -0.108178
v 2.698135 0.478984 -0.108139
v 2.704143 0.482910 -0.108102
v 2.709740 0.486432 -0.108066
v 2.714800 0.489462 -0.108034
v 2.690966 0.510448 -0.108333
v 2.668015 0.533347 -0.108633
v 2.646002 0.558032 -0.108931
v 2.624977 0.584374 -0.109228
v 2.604993 0.612244 -0.109522
v 2.586101 0.641514 -0.109811
v 2.568355 0.672055 -0.110096
v 2.551807 0.703740 -0.110375
v 2.536508 0.736439 -0.110647
v 2.522510 0.770024 -0.110911
v 2.509866 0.804367 -0.111166
v 2.498628 0.839339 -0.111411
v 2.420640 0.822296 -0.112035
v 1.964337 0.381475 -0.114279
v 1.963107 0.321064 -0.114040
v 1.960994 0.264264 -0.113823
v 1.957826 0.211525 -0.113633
v 1.953434 0.163300 -0.113472
v 1.947647 0.120039 -0.113345
v 1.940295 0.082193 -0.113254
v 1.931207 0.050215 -0.113202
v 1.920214 0.024555 -0.113194
v 1.907144 0.005665 -0.113232
v 1.891827 -0.006004 -0.113321
v 1.874093 -0.010001 -0.113462
v 1.869398 -0.008813 -0.113509
v 1.865290 -0.005316 -0.113560
v 1.861729 0.000382 -0.113616
v 1.858677 0.008175 -0.113675
v 1.856096 0.017954 -0.113739
v 1.853948 0.029612 -0.113806
v 1.852195 0.043041 -0.113877
v 1.850799 0.058133 -0.113952
v 1.849722 0.074781 -0.114031
v 1.848925 0.092877 -0.114113
v 1.848370 0.112314 -0.114198
v 1.848020 0.132983 -0.114287
v 1.843924 0.128715 -0.114306
v 1.839654 0.124437 -0.114326
v 1.835246 0.120179 -0.114348
v 1.830733 0.115974 -0.114371
v 1.826151 0.111851 -0.114394
v 1.821534 0.107844 -0.114419
v 1.816917 0.103982 -0.114444
v 1.812335 0.100297 -0.114470
v 1.807822 0.096821 -0.114496
v 1.803412 0.093584 -0.114522
v 1.799142 0.090618 -0.114547
v 1.795045 0.087954 -0.114573
v 1.796999 0.058122 -0.114432
v 1.799421 0.031536 -0.114300
v 1.802446 0.008068 -0.114176
v 1.806208 -0.012409 -0.114058
v 1.810843 -0.030025 -0.113943
v 1.816488 -0.044908 -0.113831
v 1.823277 -0.057186 -0.113720
v 1.831346 -0.066987 -0.113607
v 1.840831 -0.074441 -0.113492
v 1.851866 -0.079675 -0.113372
v 1.864588 -0.082818 -0.113245
v 1.879131 -0.083998 -0.113111
v 1.910120 -0.079893 -0.112852
v 1.936810 -0.068345 -0.112661
v 1.959532 -0.049703 -0.112536
v 1.978615 -0.024313 -0.112471
v 1.994389 0.007478 -0.112462
v 2.007184 0.045322 -0.112505
v 2.017331 0.088874 -0.112594
v 2.025158 0.137785 -0.112727
v 2.030998 0.191709 -0.112898
v 2.035178 0.250299 -0.113104
v 2.038030 0.313208 -0.113339
v 2.039884 0.380088 -0.113599
v 2.615861 0.380408 -0.108465
v 2.615827 0.445407 -0.108734
v 1.964853 0.445045 -0.114538
v 2.522530 0.312943 -0.109017
v 2.506947 0.304209 -0.109120
v 2.491176 0.295183 -0.109223
v 2.475249 0.285886 -0.109327
v 2.459198 0.276339 -0.109431
v 2.443052 0.266563 -0.109534
v 2.426844 0.256578 -0.109637
v 2.410605 0.246406 -0.109740
v 2.394366 0.236067 -0.109842
v 2.378159 0.225583 -0.109943
v 2.362014 0.214973 -0.110043
v 2.345963 0.204259 -0.110142
v 2.334833 0.216357 -0.110291
v 2.323960 0.228659 -0.110439
v 2.313351 0.241163 -0.110585
v 2.303013 0.253865 -0.110730
v 2.292952 0.266761 -0.110873
v 2.283176 0.279849 -0.111015
v 2.273692 0.293124 -0.111154
v 2.264506 0.306583 -0.111292
v 2.255625 0.320224 -0.111428
v 2.247057 0.334041 -0.111561
v 2.238808 0.348032 -0.111693
v 2.230886 0.362194 -0.111822
v 2.158901 0.338154 -0.112364
v 2.168054 0.322494 -0.112218
v 2.177495 0.307007 -0.112070
v 2.187221 0.291702 -0.111920
v 2.197227 0.276583 -0.111768
v 2.207512 0.261660 -0.111614
v 2.218071 0.246938 -0.111459
v 2.228900 0.232424 -0.111302
v 2.239997 0.218126 -0.111144
v 2.251357 0.204050 -0.110985
v 2.262978 0.190204 -0.110824
v 2.274856 0.176594 -0.110661
v 2.286987 0.163227 -0.110498
v 2.269149 0.149951 -0.110602
v 2.251655 0.136661 -0.110703
v 2.234556 0.123385 -0.110800
v 2.217906 0.110152 -0.110894
v 2.201756 0.096988 -0.110984
v 2.186157 0.083921 -0.111068
v 2.171162 0.070980 -0.111149
v 2.156824 0.058192 -0.111224
v 2.143194 0.045585 -0.111293
v 2.130324 0.033187 -0.111356
v 2.118267 0.021025 -0.111413
v 2.107074 0.009128 -0.111464
v 2.166101 -0.046839 -0.110706
v 2.176794 -0.035151 -0.110659
v 2.188356 -0.023123 -0.110606
v 2.200737 -0.010788 -0.110546
v 2.213888 0.001817 -0.110481
v 2.227762 0.014659 -0.110411
v 2.242309 0.027703 -0.110335
v 2.257481 0.040914 -0.110254
v 2.273229 0.054257 -0.110169
v 2.289505 0.067698 -0.110080
v 2.306260 0.081201 -0.109986
v 2.323446 0.094733 -0.109889
v 2.341013 0.108257 -0.109788
v 2.363058 0.088313 -0.109509
v 2.385648 0.068958 -0.109228
v 2.408744 0.050202 -0.108944
v 2.432308 0.032049 -0.108659
v 2.456303 0.014508 -0.108372
v 2.480690 -0.002414 -0.108084
v 2.505431 -0.018712 -0.107796
v 2.530487 -0.034377 -0.107508
v 2.555821 -0.049403 -0.107220
v 2.581394 -0.063784 -0.106932
v 2.607168 -0.077511 -0.106646
v 2.633105 -0.090579 -0.106360
v 2.636171 -0.086552 -0.106350
v 2.639817 -0.082043 -0.106336
v 2.643957 -0.077151 -0.106319
v 2.648502 -0.071978 -0.106300
v 2.653366 -0.066624 -0.106279
v 2.658463 -0.061190 -0.106256
v 2.663706 -0.055777 -0.106231
v 2.669008 -0.050485 -0.106206
v 2.674283 -0.045416 -0.106180
v 2.679443 -0.040669 -0.106154
v 2.684402 -0.036346 -0.106127
v 2.689072 -0.032548 -0.106101
v 2.662718 -0.020941 -0.106385
v 2.636683 -0.008601 -0.106668
v 2.610994 0.004455 -0.106951
v 2.585680 0.018209 -0.107234
v 2.560768 0.032643 -0.107516
v 2.536287 0.047741 -0.107796
v 2.512264 0.063485 -0.108076
v 2.488726 0.079858 -0.108354
v 2.465702 0.096842 -0.108629
v 2.443219 0.114421 -0.108902
v 2.421305 0.132575 -0.109173
v 2.399989 0.151290 -0.109441
v 2.415810 0.162484 -0.109346
v 2.431767 0.173539 -0.109249
v 2.447829 0.184441 -0.109151
v 2.463963 0.195177 -0.109052
v 2.480139 0.205732 -0.108951
v 2.496326 0.216093 -0.108850
v 2.512492 0.226245 -0.108748
v 2.528606 0.236175 -0.108645
v 2.544636 0.245869 -0.108543
v 2.560553 0.255313 -0.108440
v 2.576324 0.264493 -0.108337
v 2.591917 0.273395 -0.108235
v 2.537895 0.321365 -0.108915
v 3.565918 0.662924 -0.101163
v 3.542440 0.665346 -0.101382
v 3.514692 0.668155 -0.101641
v 3.483120 0.671295 -0.101936
v 3.448174 0.674710 -0.102261
v 3.410300 0.678347 -0.102614
v 3.369947 0.682148 -0.102990
v 3.327563 0.686060 -0.103384
v 3.283596 0.690026 -0.103792
v 3.238493 0.693992 -0.104211
v 3.192703 0.697902 -0.104636
v 3.146673 0.701700 -0.105062
v 3.119743 0.703873 -0.105311
v 3.093479 0.705921 -0.105554
v 3.067923 0.707844 -0.105789
v 3.043118 0.709643 -0.106018
v 3.019104 0.711317 -0.106239
v 2.995924 0.712866 -0.106452
v 2.973618 0.714291 -0.106657
v 2.952229 0.715592 -0.106853
v 2.931799 0.716768 -0.107040
v 2.912369 0.717820 -0.107218
v 2.893980 0.718747 -0.107386
v 2.876675 0.719550 -0.107543
v 2.876716 0.639551 -0.107212
v 2.891572 0.639530 -0.107079
v 2.907484 0.639424 -0.106937
v 2.924215 0.639186 -0.106787
v 2.941529 0.638772 -0.106630
v 2.959191 0.638135 -0.106470
v 2.976964 0.637231 -0.106308
v 2.994612 0.636015 -0.106146
v 3.011899 0.634441 -0.105985
v 3.028589 0.632463 -0.105828
v 3.044446 0.630037 -0.105677
v 3.059234 0.627118 -0.105533
v 3.072717 0.623660 -0.105398
v 3.107058 0.610051 -0.105035
v 3.138999 0.592507 -0.104678
v 3.168427 0.571510 -0.104329
v 3.195233 0.547543 -0.103990
v 3.219303 0.521089 -0.103666
v 3.240528 0.492629 -0.103359
v 3.258795 0.462647 -0.103072
v 3.273993 0.431625 -0.102808
v 3.286012 0.400046 -0.102570
v 3.294739 0.368392 -0.102361
v 3.300062 0.337145 -0.102184
v 3.301872 0.306790 -0.102042
v 3.298220 0.260764 -0.101884
v 3.287681 0.220009 -0.101809
v 3.270952 0.184258 -0.101811
v 3.248732 0.153243 -0.101880
v 3.221717 0.126697 -0.102011
v 3.190606 0.104354 -0.102196
v 3.156098 0.085947 -0.102428
v 3.118890 0.071208 -0.102698
v 3.079681 0.059871 -0.103001
v 3.039168 0.051669 -0.103328
v 2.998049 0.046334 -0.103673
v 2.957022 0.043600 -0.104027
v 2.986064 -0.039383 -0.103425
v 3.032715 -0.035672 -0.103024
v 3.079624 -0.028016 -0.102638
v 3.125968 -0.016305 -0.102273
v 3.170926 -0.000429 -0.101938
v 3.213672 0.019725 -0.101640
v 3.253385 0.044265 -0.101387
v 3.289242 0.073303 -0.101188
v 3.320419 0.106950 -0.101049
v 3.346095 0.145316 -0.100979
v 3.365445 0.188511 -0.100986
v 3.377647 0.236647 -0.101076
v 3.381878 0.289834 -0.101259
v 3.379935 0.328204 -0.101435
v 3.374376 0.365214 -0.101638
v 3.365539 0.400715 -0.101864
v 3.353766 0.434558 -0.102109
v 3.339397 0.466595 -0.102369
v 3.322772 0.496675 -0.102642
v 3.304232 0.524650 -0.102923
v 3.284117 0.550370 -0.103209
v 3.262766 0.573688 -0.103496
v 3.240521 0.594452 -0.103781
v 3.217722 0.612515 -0.104059
v 3.194710 0.627727 -0.104327
v 3.224373 0.624501 -0.104049
v 3.259178 0.620824 -0.103724
v 3.298102 0.616738 -0.103360
v 3.340119 0.612290 -0.102966
v 3.384206 0.607523 -0.102554
v 3.429338 0.602483 -0.102130
v 3.474492 0.597214 -0.101706
v 3.518641 0.591760 -0.101289
v 3.560764 0.586166 -0.100891
v 3.599834 0.580476 -0.100519
v 3.634828 0.574736 -0.100183
v 3.664721 0.568989 -0.099893
v 3.673676 0.655993 -0.100173
v 3.664306 0.656258 -0.100258
v 3.655209 0.656562 -0.100340
v 3.646411 0.656900 -0.100420
v 3.637936 0.657270 -0.100497
v 3.629808 0.657667 -0.100571
v 3.622052 0.658090 -0.100642
v 3.614692 0.658533 -0.100709
v 3.607752 0.658994 -0.100773
v 3.601256 0.659469 -0.100833
v 3.595228 0.659954 -0.100889
v 3.589694 0.660447 -0.100940
v 3.584677 0.660944 -0.100987
v 2.989860 0.353616 -0.105019
v 2.995725 0.365694 -0.105016
v 3.001824 0.377886 -0.105012
v 3.008137 0.390141 -0.105007
v 3.014648 0.402407 -0.105000
v 3.021340 0.414631 -0.104991
v 3.028195 0.426762 -0.104980
v 3.035196 0.438746 -0.104967
v 3.042326 0.450533 -0.104952
v 3.049567 0.462070 -0.104935
v 3.056902 0.473305 -0.104916
v 3.064313 0.484186 -0.104895
v 3.071784 0.494660 -0.104872
v 3.020774 0.516632 -0.105418
v 3.014735 0.507801 -0.105435
v 3.008183 0.497926 -0.105453
v 3.001228 0.487168 -0.105470
v 2.993982 0.475691 -0.105487
v 2.986555 0.463659 -0.105504
v 2.979060 0.451234 -0.105519
v 2.971606 0.438580 -0.105533
v 2.964305 0.425860 -0.105546
v 2.957268 0.413238 -0.105556
v 2.950605 0.400876 -0.105564
v 2.944429 0.388938 -0.105570
v 2.938849 0.377587 -0.105573
v 2.876843 0.395553 -0.106200
v 2.882938 0.407802 -0.106196
v 2.889232 0.420027 -0.106191
v 2.895713 0.432204 -0.106184
v 2.902372 0.444307 -0.106174
v 2.909197 0.456314 -0.106163
v 2.916178 0.468199 -0.106150
v 2.923306 0.479938 -0.106135
v 2.930568 0.491508 -0.106118
v 2.937956 0.502883 -0.106100
v 2.945459 0.514039 -0.106079
v 2.953066 0.524952 -0.106056
v 2.960767 0.535598 -0.106032
v 2.911757 0.558571 -0.106564
v 2.905447 0.549760 -0.106584
v 2.898587 0.539939 -0.106604
v 2.891289 0.529263 -0.106625
v 2.883668 0.517889 -0.106646
v 2.875839 0.505973 -0.106666
v 2.867917 0.493672 -0.106686
v 2.860016 0.481142 -0.106705
v 2.852251 0.468538 -0.106722
v 2.844735 0.456019 -0.106737
v 2.837583 0.443739 -0.106750
v 2.830911 0.431855 -0.106760
v 2.824832 0.420524 -0.106767
v 4.247109 0.422290 -0.094092
v 4.223694 0.438106 -0.094366
v 4.200666 0.454632 -0.094640
v 4.178160 0.471720 -0.094911
v 4.156304 0.489225 -0.095179
v 4.135235 0.507001 -0.095440
v 4.115082 0.524903 -0.095694
v 4.095978 0.542785 -0.095938
v 4.078053 0.560500 -0.096172
v 4.061441 0.577904 -0.096392
v 4.046275 0.594850 -0.096597
v 4.032685 0.611193 -0.096786
v 3.970719 0.551159 -0.097090
v 3.983938 0.537060 -0.096914
v 3.998515 0.522323 -0.096723
v 4.014349 0.507059 -0.096518
v 4.031340 0.491379 -0.096302
v 4.049386 0.475393 -0.096075
v 4.068387 0.459214 -0.095838
v 4.088243 0.442952 -0.095594
v 4.108851 0.426719 -0.095343
v 4.130114 0.410624 -0.095087
v 4.151927 0.394780 -0.094826
v 4.174191 0.379297 -0.094564
v 4.196807 0.364287 -0.094300
v 4.196991 0.008290 -0.092824
v 4.196973 0.000352 -0.092791
v 4.196907 -0.007882 -0.092758
v 4.196785 -0.016288 -0.092724
v 4.196600 -0.024747 -0.092691
v 4.196346 -0.033137 -0.092658
v 4.196016 -0.041336 -0.092627
v 4.195603 -0.049222 -0.092598
v 4.195099 -0.056674 -0.092572
v 4.194497 -0.063571 -0.092549
v 4.193791 -0.069790 -0.092529
v 4.192973 -0.075211 -0.092514
v 4.192038 -0.079712 -0.092504
v 4.284034 -0.079661 -0.091684
v 4.283533 -0.075161 -0.091707
v 4.283038 -0.069741 -0.091734
v 4.282557 -0.063522 -0.091764
v 4.282096 -0.056626 -0.091796
v 4.281663 -0.049174 -0.091831
v 4.281263 -0.041288 -0.091867
v 4.280907 -0.033090 -0.091904
v 4.280598 -0.024701 -0.091942
v 4.280345 -0.016242 -0.091979
v 4.280154 -0.007835 -0.092016
v 4.280033 0.000398 -0.092051
v 4.279988 0.008336 -0.092084
v 4.279829 0.314333 -0.093353
v 4.301481 0.302963 -0.093113
v 4.324345 0.291386 -0.092861
v 4.348298 0.279684 -0.092599
v 4.373220 0.267941 -0.092328
v 4.398990 0.256240 -0.092050
v 4.425486 0.244665 -0.091765
v 4.452584 0.233298 -0.091477
v 4.480166 0.222223 -0.091185
v 4.508108 0.211523 -0.090891
v 4.536290 0.201282 -0.090598
v 4.564590 0.191583 -0.090305
v 4.592886 0.182508 -0.090015
v 4.630845 0.256529 -0.089983
v 4.597576 0.265038 -0.090315
v 4.563963 0.274968 -0.090656
v 4.530287 0.286113 -0.091002
v 4.496829 0.298269 -0.091351
v 4.463871 0.311230 -0.091699
v 4.431693 0.324792 -0.092042
v 4.400578 0.338751 -0.092377
v 4.370806 0.352902 -0.092701
v 4.342659 0.367039 -0.093011
v 4.316419 0.380959 -0.093302
v 4.292366 0.394457 -0.093573
v 4.270782 0.407327 -0.093819
v 5.444601 0.665906 -0.084422
v 5.444612 0.645737 -0.084338
v 5.444625 0.619040 -0.084228
v 5.444642 0.587386 -0.084097
v 5.444660 0.552342 -0.083951
v 5.444679 0.515479 -0.083798
v 5.444698 0.478366 -0.083645
v 5.444716 0.442572 -0.083496
v 5.444734 0.409667 -0.083360
v 5.444749 0.381221 -0.083242
v 5.444760 0.358802 -0.083149
v 5.444768 0.343980 -0.083087
v 5.444731 0.337577 -0.083061
v 5.444617 0.330920 -0.083035
v 5.444434 0.324090 -0.083008
v 5.444189 0.317165 -0.082981
v 5.443889 0.310227 -0.082955
v 5.443540 0.303355 -0.082930
v 5.443148 0.296628 -0.082906
v 5.442722 0.290128 -0.082883
v 5.442268 0.283932 -0.082861
v 5.441793 0.278123 -0.082841
v 5.441304 0.272778 -0.082823
v 5.440807 0.267979 -0.082808
v 5.532804 0.268030 -0.081988
v 5.532283 0.272123 -0.082009
v 5.531734 0.276858 -0.082034
v 5.531171 0.282169 -0.082061
v 5.530608 0.287991 -0.082090
v 5.530059 0.294258 -0.082121
v 5.529537 0.300903 -0.082153
v 5.529057 0.307860 -0.082186
v 5.528631 0.315064 -0.082220
v 5.528275 0.322449 -0.082254
v 5.528004 0.329948 -0.082287
v 5.527828 0.337496 -0.082320
v 5.527764 0.345026 -0.082352
v 5.527757 0.359828 -0.082413
v 5.527745 0.382193 -0.082506
v 5.527730 0.410557 -0.082623
v 5.527714 0.443359 -0.082759
v 5.527695 0.479036 -0.082907
v 5.527676 0.516025 -0.083061
v 5.527657 0.552764 -0.083213
v 5.527638 0.587691 -0.083358
v 5.527622 0.619243 -0.083489
v 5.527608 0.645857 -0.083599
v 5.527597 0.665971 -0.083682
v 5.527592 0.678023 -0.083732
v 5.527630 0.682859 -0.083752
v 5.527743 0.688287 -0.083773
v 5.527927 0.694195 -0.083796
v 5.528172 0.700468 -0.083820
v 5.528474 0.706991 -0.083844
v 5.528823 0.713649 -0.083869
v 5.529214 0.720328 -0.083893
v 5.529640 0.726913 -0.083916
v 5.530093 0.733290 -0.083939
v 5.530568 0.739344 -0.083960
v 5.531057 0.744961 -0.083979
v 5.531553 0.750025 -0.083995
v 5.440557 0.749974 -0.084806
v 5.441059 0.745025 -0.084781
v 5.441554 0.739711 -0.084755
v 5.442035 0.734085 -0.084727
v 5.442495 0.728198 -0.084699
v 5.442927 0.722103 -0.084670
v 5.443325 0.715851 -0.084640
v 5.443682 0.709496 -0.084611
v 5.443989 0.703088 -0.084582
v 5.444242 0.696680 -0.084553
v 5.444431 0.690324 -0.084525
v 5.444551 0.684073 -0.084498
v 5.444594 0.677977 -0.084472
v 4.979623 0.659855 -0.088543
v 4.979629 0.647469 -0.088492
v 4.979636 0.633876 -0.088436
v 4.979644 0.619386 -0.088376
v 4.979651 0.604313 -0.088313
v 4.979659 0.588970 -0.088250
v 4.979667 0.573668 -0.088186
v 4.979675 0.558720 -0.088124
v 4.979682 0.544439 -0.088065
v 4.979690 0.531137 -0.088010
v 4.979695 0.519127 -0.087960
v 4.979701 0.508720 -0.087917
v 4.980421 0.451978 -0.087675
v 4.982534 0.401362 -0.087447
v 4.986061 0.356288 -0.087229
v 4.991023 0.316173 -0.087018
v 4.997439 0.280434 -0.086813
v 5.005334 0.248487 -0.086610
v 5.014728 0.219749 -0.086408
v 5.025640 0.193637 -0.086202
v 5.038094 0.169568 -0.085992
v 5.052108 0.146958 -0.085773
v 5.067705 0.125224 -0.085544
v 5.084907 0.103782 -0.085302
v 5.101858 0.085011 -0.085073
v 5.120053 0.067640 -0.084839
v 5.139276 0.051610 -0.084601
v 5.159309 0.036861 -0.084361
v 5.179938 0.023335 -0.084121
v 5.200950 0.010973 -0.083882
v 5.222127 -0.000286 -0.083647
v 5.243256 -0.010499 -0.083416
v 5.264120 -0.019726 -0.083192
v 5.284504 -0.028027 -0.082976
v 5.304193 -0.035460 -0.082770
v 5.322973 -0.042084 -0.082575
v 5.387935 0.026951 -0.082281
v 5.365088 0.033050 -0.082510
v 5.342587 0.039903 -0.082739
v 5.320489 0.047554 -0.082968
v 5.298849 0.056050 -0.083196
v 5.277722 0.065434 -0.083423
v 5.257164 0.075753 -0.083649
v 5.237231 0.087052 -0.083874
v 5.217978 0.099375 -0.084097
v 5.199460 0.112768 -0.084317
v 5.181733 0.127276 -0.084535
v 5.164853 0.142944 -0.084751
v 5.148875 0.159817 -0.084963
v 5.132318 0.180580 -0.085197
v 5.118053 0.201643 -0.085411
v 5.105922 0.223387 -0.085610
v 5.095758 0.246195 -0.085795
v 5.087399 0.270448 -0.085970
v 5.080682 0.296528 -0.086138
v 5.075442 0.324818 -0.086301
v 5.071517 0.355699 -0.086464
v 5.068743 0.389552 -0.086629
v 5.066957 0.426760 -0.086799
v 5.065995 0.467705 -0.086977
v 5.065695 0.512768 -0.087167
v 5.065689 0.523191 -0.087210
v 5.065683 0.535236 -0.087260
v 5.065677 0.548565 -0.087315
v 5.065669 0.562842 -0.087374
v 5.065661 0.577730 -0.087436
v 5.065654 0.592892 -0.087499
v 5.065645 0.607992 -0.087562
v 5.065638 0.622693 -0.087622
v 5.065631 0.636658 -0.087680
v 5.065624 0.649549 -0.087734
v 5.065618 0.661031 -0.087781
v 5.065613 0.670767 -0.087822
v 5.065650 0.679143 -0.087856
v 5.065766 0.687281 -0.087889
v 5.065960 0.695189 -0.087920
v 5.066226 0.702878 -0.087949
v 5.066562 0.710359 -0.087977
v 5.066964 0.717642 -0.088004
v 5.067429 0.724738 -0.088029
v 5.067952 0.731656 -0.088053
v 5.068531 0.738408 -0.088076
v 5.069162 0.745004 -0.088098
v 5.069842 0.751454 -0.088118
v 5.070568 0.757769 -0.088138
v 4.976572 0.757717 -0.088976
v 4.977055 0.751403 -0.088945
v 4.977495 0.744953 -0.088915
v 4.977894 0.738358 -0.088884
v 4.978252 0.731607 -0.088853
v 4.978568 0.724688 -0.088821
v 4.978843 0.717593 -0.088790
v 4.979075 0.710310 -0.088757
v 4.979267 0.702830 -0.088725
v 4.979417 0.695141 -0.088691
v 4.979525 0.687233 -0.088658
v 4.979591 0.679096 -0.088623
v 4.979617 0.670719 -0.088588
v 6.347572 0.652479 -0.076314
v 6.349113 0.646843 -0.076277
v 6.350717 0.640963 -0.076239
v 6.352363 0.634888 -0.076199
v 6.354029 0.628668 -0.076158
v 6.355695 0.622351 -0.076117
v 6.357340 0.615985 -0.076076
v 6.358944 0.609619 -0.076035
v 6.360486 0.603302 -0.075996
v 6.361944 0.597082 -0.075957
v 6.363297 0.591007 -0.075920
v 6.364527 0.585127 -0.075884
v 6.365609 0.579490 -0.075851
v 6.369547 0.562277 -0.075745
v 6.374313 0.541940 -0.075618
v 6.379859 0.518936 -0.075473
v 6.386134 0.493724 -0.075313
v 6.393091 0.466763 -0.075139
v 6.400681 0.438511 -0.074955
v 6.408854 0.409425 -0.074761
v 6.417562 0.379965 -0.074562
v 6.426757 0.350588 -0.074358
v 6.436388 0.321754 -0.074153
v 6.446408 0.293919 -0.073948
v 6.456767 0.267543 -0.073746
v 6.466375 0.244339 -0.073565
v 6.476639 0.220795 -0.073376
v 6.487507 0.197030 -0.073180
v 6.498926 0.173160 -0.072980
v 6.510846 0.149305 -0.072775
v 6.523214 0.125581 -0.072566
v 6.535977 0.102108 -0.072355
v 6.549085 0.079004 -0.072142
v 6.562483 0.056385 -0.071929
v 6.576120 0.034371 -0.071717
v 6.589945 0.013079 -0.071505
v 6.603905 -0.007373 -0.071296
v 6.688882 0.028674 -0.070687
v 6.673276 0.049849 -0.070914
v 6.658010 0.071791 -0.071141
v 6.643131 0.094351 -0.071367
v 6.628691 0.117381 -0.071592
v 6.614736 0.140730 -0.071813
v 6.601315 0.164249 -0.072030
v 6.588479 0.187790 -0.072242
v 6.576274 0.211203 -0.072447
v 6.564750 0.234338 -0.072646
v 6.553955 0.257046 -0.072836
v 6.543938 0.279179 -0.073017
v 6.534747 0.300586 -0.073188
v 6.524020 0.327302 -0.073394
v 6.513432 0.355764 -0.073607
v 6.503079 0.385677 -0.073823
v 6.493059 0.416747 -0.074041
v 6.483469 0.448679 -0.074259
v 6.474406 0.481176 -0.074474
v 6.465968 0.513945 -0.074685
v 6.458253 0.546690 -0.074889
v 6.451356 0.579116 -0.075085
v 6.445377 0.610928 -0.075270
v 6.440412 0.641830 -0.075442
v 6.436559 0.671529 -0.075600
v 5.894740 0.630839 -0.080263
v 5.886211 0.632612 -0.080346
v 5.878099 0.635469 -0.080430
v 5.870486 0.639325 -0.080514
v 5.863457 0.644099 -0.080597
v 5.857093 0.649707 -0.080677
v 5.851479 0.656065 -0.080753
v 5.846698 0.663090 -0.080825
v 5.842833 0.670699 -0.080891
v 5.839968 0.678808 -0.080950
v 5.838185 0.687335 -0.081001
v 5.837570 0.696196 -0.081043
v 5.838177 0.705287 -0.081076
v 5.839950 0.714007 -0.081096
v 5.842806 0.722276 -0.081105
v 5.846663 0.730015 -0.081102
v 5.851438 0.737143 -0.081089
v 5.857044 0.743581 -0.081066
v 5.863402 0.749248 -0.081033
v 5.870427 0.754065 -0.080990
v 5.878036 0.757952 -0.080938
v 5.886146 0.760829 -0.080878
v 5.894671 0.762615 -0.080809
v 5.903532 0.763232 -0.080733
v 5.912602 0.762625 -0.080649
v 5.921268 0.760848 -0.080565
v 5.929455 0.757981 -0.080480
v 5.937091 0.754102 -0.080396
v 5.944101 0.749293 -0.080313
v 5.950415 0.743633 -0.080233
v 5.955958 0.737201 -0.080157
v 5.960658 0.730079 -0.080086
v 5.964441 0.722344 -0.080020
v 5.967236 0.714078 -0.079961
v 5.968967 0.705359 -0.079910
v 5.969564 0.696269 -0.079867
v 5.968978 0.687408 -0.079835
v 5.967255 0.678879 -0.079815
v 5.964469 0.670766 -0.079806
v 5.960693 0.663153 -0.079809
v 5.956001 0.656123 -0.079821
v 5.950464 0.649759 -0.079844
v 5.944157 0.644144 -0.079877
v 5.937151 0.639362 -0.079920
v 5.929520 0.635497 -0.079972
v 5.921336 0.632632 -0.080033
v 5.912672 0.630849 -0.080103
v 5.903601 0.630233 -0.080181
v 5.888492 0.808184 -0.081053
v 5.874035 0.805150 -0.081169
v 5.860280 0.800270 -0.081272
v 5.847371 0.793682 -0.081360
v 5.835447 0.785525 -0.081432
v 5.824654 0.775938 -0.081489
v 5.815132 0.765060 -0.081529
v 5.807023 0.753030 -0.081551
v 5.800470 0.739987 -0.081556
v 5.795615 0.726070 -0.081541
v 5.792603 0.711418 -0.081507
v 5.791572 0.696170 -0.081453
v 5.792618 0.680943 -0.081381
v 5.795647 0.666348 -0.081294
v 5.800515 0.652519 -0.081193
v 5.807081 0.639587 -0.081081
v 5.815203 0.627683 -0.080959
v 5.824737 0.616939 -0.080830
v 5.835540 0.607488 -0.080694
v 5.847471 0.599461 -0.080554
v 5.860388 0.592990 -0.080412
v 5.874147 0.588208 -0.080270
v 5.888607 0.585245 -0.080129
v 5.903625 0.584233 -0.079991
v 5.918853 0.585261 -0.079859
v 5.933447 0.588241 -0.079741
v 5.947276 0.593039 -0.079638
v 5.960208 0.599524 -0.079549
v 5.972112 0.607564 -0.079477
v 5.982856 0.617027 -0.079420
v 5.992307 0.627781 -0.079380
v 6.000334 0.639694 -0.079358
v 6.006804 0.652634 -0.079354
v 6.011587 0.666468 -0.079368
v 6.014551 0.681066 -0.079402
v 6.015563 0.696295 -0.079457
v 6.014534 0.711542 -0.079529
v 6.011556 0.726190 -0.079616
v 6.006759 0.740102 -0.079716
v 6.000274 0.753137 -0.079828
v 5.992234 0.765158 -0.079950
v 5.982772 0.776026 -0.080079
v 5.972018 0.785601 -0.080215
v 5.960107 0.793744 -0.080355
v 5.947167 0.800318 -0.080497
v 5.933333 0.805183 -0.080641
v 5.918736 0.808200 -0.080783
v 5.903508 0.809231 -0.080923
v 6.106566 0.681345 -0.078583
v 6.096104 0.662021 -0.078596
v 6.084802 0.640287 -0.078607
v 6.072821 0.616483 -0.078615
v 6.060319 0.590950 -0.078621
v 6.047458 0.564027 -0.078624
v 6.034394 0.536056 -0.078625
v 6.021291 0.507377 -0.078623
v 6.008306 0.478329 -0.078619
v 5.995598 0.449254 -0.078611
v 5.983328 0.420492 -0.078602
v 5.971654 0.392383 -0.078589
v 5.960736 0.365267 -0.078574
v 5.950273 0.339454 -0.078561
v 5.939445 0.311797 -0.078543
v 5.928390 0.282703 -0.078521
v 5.917240 0.252577 -0.078496
v 5.906134 0.221826 -0.078467
v 5.895204 0.190857 -0.078437
v 5.884587 0.160075 -0.078404
v 5.874417 0.129887 -0.078369
v 5.864831 0.100700 -0.078334
v 5.855962 0.072919 -0.078298
v 5.847946 0.046952 -0.078262
v 5.840919 0.023203 -0.078226
v 5.929930 -0.005747 -0.077313
v 5.936590 0.020408 -0.077362
v 5.944036 0.047728 -0.077408
v 5.952184 0.075999 -0.077453
v 5.960946 0.105010 -0.077495
v 5.970236 0.134549 -0.077534
v 5.979965 0.164404 -0.077571
v 5.990049 0.194364 -0.077605
v 6.000401 0.224216 -0.077637
v 6.010933 0.253749 -0.077665
v 6.021560 0.282750 -0.077690
v 6.032193 0.311009 -0.077713
v 6.042747 0.338313 -0.077732
v 6.053148 0.364760 -0.077748
v 6.064292 0.392357 -0.077763
v 6.076047 0.420752 -0.077776
v 6.088281 0.449596 -0.077786
v 6.100862 0.478538 -0.077794
v 6.113657 0.507226 -0.077799
v 6.126536 0.535309 -0.077800
v 6.139368 0.562438 -0.077798
v 6.152020 0.588262 -0.077792
v 6.164359 0.612429 -0.077782
v 6.176256 0.634589 -0.077768
v 6.187577 0.654390 -0.077749
v -6.513961 0.420914 -0.050039
v -6.550193 0.420894 -0.050362
v -6.595481 0.420869 -0.050766
v -6.647560 0.420840 -0.051230
v -6.704166 0.420808 -0.051735
v -6.763037 0.420776 -0.052260
v -6.821907 0.420743 -0.052785
v -6.878513 0.420711 -0.053289
v -6.930593 0.420683 -0.053754
v -6.975881 0.420657 -0.054157
v -7.012113 0.420637 -0.054480
v -7.037026 0.420623 -0.054702
v -7.049234 0.420677 -0.054811
v -7.060859 0.420842 -0.054916
v -7.071899 0.421104 -0.055015
v -7.082358 0.421450 -0.055110
v -7.092233 0.421866 -0.055200
v -7.101524 0.422338 -0.055285
v -7.110232 0.422851 -0.055364
v -7.118358 0.423393 -0.055439
v -7.125898 0.423949 -0.055509
v -7.132857 0.424505 -0.055573
v -7.139233 0.425048 -0.055632
v -7.145024 0.425563 -0.055686
v -7.144973 0.327564 -0.055280
v -7.139526 0.327876 -0.055232
v -7.133228 0.328288 -0.055178
v -7.126146 0.328778 -0.055117
v -7.118345 0.329320 -0.055049
v -7.109892 0.329890 -0.054976
v -7.100851 0.330464 -0.054898
v -7.091290 0.331017 -0.054815
v -7.081274 0.331525 -0.054728
v -7.070868 0.331965 -0.054637
v -7.060142 0.332310 -0.054543
v -7.049156 0.332538 -0.054446
v -7.037980 0.332624 -0.054346
v -7.012856 0.332637 -0.054122
v -6.976482 0.332658 -0.053798
v -6.931109 0.332683 -0.053394
v -6.878986 0.332712 -0.052929
v -6.822364 0.332743 -0.052424
v -6.763492 0.332776 -0.051899
v -6.704618 0.332809 -0.051375
v -6.647996 0.332840 -0.050870
v -6.595873 0.332869 -0.050405
v -6.550500 0.332894 -0.050001
v -6.514126 0.332915 -0.049676
v -6.489002 0.332929 -0.049452
v -6.475307 0.332895 -0.049330
v -6.461762 0.332782 -0.049209
v -6.448442 0.332592 -0.049089
v -6.435411 0.332329 -0.048972
v -6.422743 0.331996 -0.048858
v -6.410504 0.331597 -0.048747
v -6.398767 0.331136 -0.048640
v -6.387597 0.330615 -0.048538
v -6.377068 0.330038 -0.048442
v -6.367246 0.329408 -0.048352
v -6.358202 0.328730 -0.048269
v -6.350005 0.328006 -0.048192
v -6.350056 0.426005 -0.048599
v -6.358022 0.425482 -0.048668
v -6.366878 0.424931 -0.048744
v -6.376553 0.424365 -0.048828
v -6.386978 0.423799 -0.048919
v -6.398084 0.423247 -0.049016
v -6.409801 0.422722 -0.049118
v -6.422060 0.422238 -0.049225
v -6.434791 0.421810 -0.049337
v -6.447925 0.421451 -0.049453
v -6.461391 0.421175 -0.049572
v -6.475122 0.420996 -0.049693
v -6.489048 0.420928 -0.049817
v -6.075034 0.668728 -0.047151
v -6.083508 0.670392 -0.047234
v -6.091538 0.673084 -0.047317
v -6.099048 0.676735 -0.047399
v -6.105961 0.681275 -0.047479
v -6.112201 0.686635 -0.047557
v -6.117691 0.692745 -0.047631
v -6.122355 0.699537 -0.047701
v -6.126117 0.706940 -0.047765
v -6.128900 0.714885 -0.047823
v -6.130627 0.723303 -0.047873
v -6.131223 0.732124 -0.047915
v -6.130636 0.740736 -0.047946
v -6.128918 0.749019 -0.047965
v -6.126143 0.756892 -0.047972
v -6.122389 0.764277 -0.047969
v -6.117731 0.771093 -0.047956
v -6.112247 0.777259 -0.047933
v -6.106013 0.782697 -0.047900
v -6.099105 0.787327 -0.047857
v -6.091599 0.791067 -0.047806
v -6.083571 0.793840 -0.047746
v -6.075100 0.795564 -0.047677
v -6.066259 0.796160 -0.047601
v -6.057667 0.795574 -0.047522
v -6.049438 0.793859 -0.047441
v -6.041648 0.791095 -0.047361
v -6.034367 0.787363 -0.047280
v -6.027668 0.782741 -0.047201
v -6.021626 0.777310 -0.047125
v -6.016312 0.771149 -0.047052
v -6.011800 0.764338 -0.046984
v -6.008163 0.756958 -0.046921
v -6.005473 0.749087 -0.046864
v -6.003804 0.740807 -0.046815
v -6.003228 0.732195 -0.046774
v -6.003795 0.723373 -0.046743
v -6.005456 0.714953 -0.046722
v -6.008138 0.707005 -0.046713
v -6.011766 0.699598 -0.046715
v -6.016272 0.692802 -0.046727
v -6.021579 0.686685 -0.046749
v -6.027616 0.681319 -0.046781
v -6.034309 0.676771 -0.046822
v -6.041587 0.673112 -0.046871
v -6.049375 0.670411 -0.046930
v -6.057601 0.668737 -0.046996
v -6.066193 0.668161 -0.047070
v -6.081262 0.841132 -0.047921
v -6.095609 0.838162 -0.048037
v -6.109199 0.833386 -0.048138
v -6.121902 0.826943 -0.048225
v -6.133593 0.818974 -0.048296
v -6.144138 0.809616 -0.048351
v -6.153414 0.799009 -0.048390
v -6.161288 0.787292 -0.048412
v -6.167634 0.774603 -0.048416
v -6.172325 0.761083 -0.048402
v -6.175230 0.746868 -0.048369
v -6.176222 0.732099 -0.048316
v -6.175214 0.717141 -0.048245
v -6.172294 0.702847 -0.048160
v -6.167590 0.689339 -0.048062
v -6.161230 0.676738 -0.047953
v -6.153343 0.665165 -0.047835
v -6.144057 0.654743 -0.047709
v -6.133502 0.645592 -0.047577
v -6.121804 0.637834 -0.047441
v -6.109094 0.631590 -0.047301
v -6.095499 0.626983 -0.047161
v -6.081148 0.624133 -0.047021
v -6.066169 0.623161 -0.046884
v -6.051422 0.624149 -0.046756
v -6.037265 0.627015 -0.046642
v -6.023831 0.631638 -0.046541
v -6.011252 0.637895 -0.046455
v -5.999661 0.645666 -0.046384
v -5.989188 0.654829 -0.046328
v -5.979966 0.665261 -0.046289
v -5.972127 0.676843 -0.046267
v -5.965802 0.689451 -0.046263
v -5.961123 0.702964 -0.046277
v -5.958221 0.717261 -0.046311
v -5.957231 0.732221 -0.046364
v -5.958237 0.746989 -0.046434
v -5.961153 0.761200 -0.046519
v -5.965845 0.774716 -0.046617
v -5.972184 0.787397 -0.046726
v -5.980036 0.799106 -0.046844
v -5.989268 0.809702 -0.046971
v -5.999751 0.819048 -0.047103
v -6.011351 0.827005 -0.047239
v -6.023935 0.833433 -0.047378
v -6.037374 0.838194 -0.047517
v -6.051534 0.841149 -0.047656
v -6.066283 0.842159 -0.047792
v -5.308945 0.132586 -0.038100
v -5.325831 0.149209 -0.038319
v -5.343319 0.167877 -0.038552
v -5.361176 0.188260 -0.038796
v -5.379168 0.210028 -0.039047
v -5.397063 0.232852 -0.039301
v -5.414630 0.256401 -0.039555
v -5.431634 0.280347 -0.039806
v -5.447844 0.304359 -0.040050
v -5.463024 0.328108 -0.040283
v -5.476945 0.351264 -0.040503
v -5.489372 0.373497 -0.040706
v -5.500072 0.394478 -0.040889
v -5.570052 0.360439 -0.041372
v -5.558510 0.338153 -0.041176
v -5.545113 0.314532 -0.040959
v -5.530174 0.289946 -0.040724
v -5.514006 0.264767 -0.040476
v -5.496920 0.239367 -0.040218
v -5.479230 0.214116 -0.039956
v -5.461249 0.189386 -0.039693
v -5.443290 0.165548 -0.039434
v -5.425664 0.142974 -0.039183
v -5.408686 0.122035 -0.038945
v -5.392666 0.103103 -0.038724
v -5.377918 0.086548 -0.038524
v -6.086893 0.091154 -0.044865
v -6.076437 0.111576 -0.044857
v -6.064684 0.133578 -0.044843
v -6.051834 0.156782 -0.044824
v -6.038089 0.180810 -0.044801
v -6.023649 0.205283 -0.044774
v -6.008718 0.229821 -0.044742
v -5.993493 0.254048 -0.044707
v -5.978178 0.277583 -0.044668
v -5.962975 0.300049 -0.044625
v -5.948082 0.321067 -0.044580
v -5.933702 0.340259 -0.044531
v -5.920037 0.357245 -0.044479
v -5.988052 0.393207 -0.045235
v -6.001817 0.375994 -0.045286
v -6.016473 0.356635 -0.045337
v -6.031787 0.335526 -0.045386
v -6.047527 0.313063 -0.045433
v -6.063462 0.289641 -0.045478
v -6.079359 0.265657 -0.045521
v -6.094983 0.241506 -0.045560
v -6.110106 0.217585 -0.045596
v -6.124492 0.194289 -0.045628
v -6.137910 0.172014 -0.045655
v -6.150126 0.151157 -0.045678
v -6.160911 0.132113 -0.045695
v -5.703167 0.590363 -0.043511
v -5.703220 0.693362 -0.043938
v -5.703162 0.699094 -0.043961
v -5.702986 0.705219 -0.043985
v -5.702699 0.711628 -0.044009
v -5.702308 0.718215 -0.044033
v -5.701819 0.724870 -0.044056
v -5.701241 0.731488 -0.044078
v -5.700578 0.737960 -0.044099
v -5.699840 0.744179 -0.044118
v -5.699031 0.750036 -0.044135
v -5.698160 0.755425 -0.044150
v -5.697233 0.760237 -0.044161
v -5.696258 0.764366 -0.044170
v -5.790254 0.764313 -0.045008
v -5.789503 0.760376 -0.044985
v -5.788762 0.755648 -0.044959
v -5.788043 0.750252 -0.044930
v -5.787354 0.744315 -0.044899
v -5.786706 0.737961 -0.044867
v -5.786111 0.731316 -0.044834
v -5.785579 0.724504 -0.044801
v -5.785118 0.717650 -0.044769
v -5.784741 0.710879 -0.044737
v -5.784459 0.704317 -0.044708
v -5.784280 0.698088 -0.044680
v -5.784217 0.692317 -0.044656
v -5.784163 0.590318 -0.044233
v -6.048153 0.590171 -0.046586
v -6.054331 0.590209 -0.046642
v -6.060824 0.590326 -0.046700
v -6.067575 0.590520 -0.046761
v -6.074523 0.590786 -0.046824
v -6.081611 0.591122 -0.046889
v -6.088778 0.591524 -0.046954
v -6.095965 0.591988 -0.047020
v -6.103115 0.592511 -0.047086
v -6.110168 0.593090 -0.047152
v -6.117064 0.593721 -0.047216
v -6.123745 0.594401 -0.047278
v -6.130152 0.595126 -0.047338
v -6.130109 0.512127 -0.046994
v -6.123303 0.512590 -0.046935
v -6.116403 0.512977 -0.046875
v -6.109439 0.513294 -0.046815
v -6.102445 0.513549 -0.046753
v -6.095450 0.513749 -0.046692
v -6.088488 0.513900 -0.046630
v -6.081587 0.514009 -0.046569
v -6.074780 0.514083 -0.046509
v -6.068097 0.514130 -0.046449
v -6.061571 0.514155 -0.046391
v -6.055233 0.514167 -0.046335
v -6.049113 0.514172 -0.046280
v -5.784124 0.514319 -0.043918
v -5.784121 0.507319 -0.043889
v -5.784107 0.482064 -0.043784
v -5.784090 0.448444 -0.043645
v -5.784069 0.408179 -0.043478
v -5.784045 0.362987 -0.043290
v -5.784020 0.314586 -0.043090
v -5.783995 0.264696 -0.042883
v -5.783969 0.215035 -0.042677
v -5.783944 0.167322 -0.042479
v -5.783921 0.123275 -0.042297
v -5.783901 0.084614 -0.042136
v -5.783885 0.053057 -0.042005
v -5.783873 0.030323 -0.041911
v -5.783319 0.017616 -0.041854
v -5.781657 0.005996 -0.041791
v -5.778855 -0.004533 -0.041722
v -5.774887 -0.013968 -0.041648
v -5.769726 -0.022305 -0.041567
v -5.763343 -0.029540 -0.041480
v -5.755710 -0.035671 -0.041387
v -5.746800 -0.040693 -0.041286
v -5.736586 -0.044603 -0.041179
v -5.725039 -0.047398 -0.041065
v -5.712131 -0.049075 -0.040943
v -5.697835 -0.049628 -0.040813
v -5.686982 -0.049561 -0.040716
v -5.675512 -0.049375 -0.040615
v -5.663555 -0.049078 -0.040509
v -5.651245 -0.048677 -0.040401
v -5.638712 -0.048178 -0.040292
v -5.626089 -0.047589 -0.040182
v -5.613507 -0.046916 -0.040072
v -5.601100 -0.046167 -0.039965
v -5.588998 -0.045349 -0.039860
v -5.577333 -0.044469 -0.039760
v -5.566238 -0.043533 -0.039665
v -5.555844 -0.042550 -0.039576
v -5.548886 0.037454 -0.039845
v -5.559685 0.035531 -0.039934
v -5.570527 0.033775 -0.040023
v -5.581335 0.032186 -0.040113
v -5.592030 0.030763 -0.040202
v -5.602529 0.029507 -0.040291
v -5.612754 0.028418 -0.040377
v -5.622625 0.027496 -0.040462
v -5.632062 0.026741 -0.040543
v -5.640985 0.026153 -0.040620
v -5.649316 0.025731 -0.040692
v -5.656972 0.025477 -0.040760
v -5.663875 0.025390 -0.040821
v -5.670295 0.025637 -0.040879
v -5.676069 0.026392 -0.040934
v -5.681219 0.027661 -0.040985
v -5.685765 0.029452 -0.041033
v -5.689728 0.031770 -0.041078
v -5.693129 0.034623 -0.041120
v -5.695989 0.038019 -0.041159
v -5.698327 0.041963 -0.041197
v -5.700166 0.046463 -0.041232
v -5.701526 0.051526 -0.041265
v -5.702428 0.057159 -0.041296
v -5.702893 0.063368 -0.041326
v -5.702903 0.082741 -0.041406
v -5.702918 0.112020 -0.041528
v -5.702938 0.149195 -0.041682
v -5.702960 0.192255 -0.041860
v -5.702984 0.239191 -0.042055
v -5.703010 0.287991 -0.042257
v -5.703035 0.336645 -0.042459
v -5.703059 0.383143 -0.042652
v -5.703081 0.425474 -0.042827
v -5.703099 0.461628 -0.042977
v -5.703115 0.489595 -0.043093
v -5.703123 0.507364 -0.043167
v -5.703127 0.514364 -0.043196
v -5.425138 0.514518 -0.040718
v -5.417680 0.514502 -0.040651
v -5.410301 0.514443 -0.040585
v -5.402998 0.514343 -0.040519
v -5.395768 0.514201 -0.040454
v -5.388608 0.514018 -0.040390
v -5.381515 0.513793 -0.040325
v -5.374483 0.513526 -0.040262
v -5.367510 0.513217 -0.040198
v -5.360593 0.512867 -0.040135
v -5.353728 0.512475 -0.040072
v -5.346911 0.512041 -0.040010
v -5.340140 0.511566 -0.039947
v -5.340184 0.595565 -0.040296
v -5.347126 0.594832 -0.040354
v -5.353978 0.594145 -0.040413
v -5.360775 0.593507 -0.040471
v -5.367551 0.592920 -0.040529
v -5.374342 0.592389 -0.040587
v -5.381180 0.591917 -0.040646
v -5.388103 0.591508 -0.040706
v -5.395142 0.591164 -0.040767
v -5.402334 0.590890 -0.040830
v -5.409716 0.590688 -0.040895
v -5.417318 0.590563 -0.040963
v -5.425178 0.590518 -0.041033
v -4.514041 0.422026 -0.032210
v -4.550273 0.422005 -0.032533
v -4.595561 0.421980 -0.032937
v -4.647639 0.421951 -0.033401
v -4.704247 0.421920 -0.033906
v -4.763117 0.421887 -0.034430
v -4.821987 0.421854 -0.034955
v -4.878593 0.421823 -0.035460
v -4.930673 0.421794 -0.035924
v -4.975960 0.421769 -0.036328
v -5.012193 0.421749 -0.036651
v -5.037106 0.421735 -0.036873
v -5.049314 0.421788 -0.036982
v -5.060938 0.421953 -0.037086
v -5.071980 0.422215 -0.037186
v -5.082438 0.422561 -0.037281
v -5.092312 0.422977 -0.037370
v -5.101604 0.423449 -0.037455
v -5.110312 0.423963 -0.037535
v -5.118437 0.424504 -0.037610
v -5.125978 0.425060 -0.037679
v -5.132937 0.425617 -0.037744
v -5.139312 0.426159 -0.037803
v -5.145103 0.426675 -0.037857
v -5.145053 0.328676 -0.037450
v -5.139606 0.328987 -0.037403
v -5.133308 0.329400 -0.037348
v -5.126225 0.329889 -0.037287
v -5.118424 0.330431 -0.037220
v -5.109971 0.331001 -0.037147
v -5.100931 0.331575 -0.037069
v -5.091370 0.332128 -0.036986
v -5.081353 0.332637 -0.036899
v -5.070949 0.333076 -0.036808
v -5.060221 0.333422 -0.036713
v -5.049236 0.333649 -0.036616
v -5.038060 0.333735 -0.036517
v -5.012936 0.333749 -0.036293
v -4.976562 0.333769 -0.035969
v -4.931190 0.333794 -0.035564
v -4.879066 0.333823 -0.035100
v -4.822444 0.333855 -0.034595
v -4.763571 0.333888 -0.034070
v -4.704699 0.333920 -0.033545
v -4.648075 0.333952 -0.033040
v -4.595953 0.333981 -0.032576
v -4.550580 0.334006 -0.032171
v -4.514206 0.334026 -0.031847
v -4.489082 0.334040 -0.031623
v -4.475386 0.334007 -0.031501
v -4.461843 0.333893 -0.031379
v -4.448521 0.333703 -0.031260
v -4.435491 0.333440 -0.031143
v -4.422822 0.333108 -0.031028
v -4.410583 0.332709 -0.030917
v -4.398846 0.332247 -0.030811
v -4.387677 0.331726 -0.030709
v -4.377148 0.331149 -0.030613
v -4.367326 0.330520 -0.030523
v -4.358282 0.329841 -0.030439
v -4.350084 0.329117 -0.030363
v -4.350136 0.427117 -0.030769
v -4.358102 0.426594 -0.030838
v -4.366958 0.426042 -0.030915
v -4.376633 0.425477 -0.030999
v -4.387058 0.424911 -0.031089
v -4.398164 0.424358 -0.031186
v -4.409881 0.423833 -0.031289
v -4.422139 0.423350 -0.031396
v -4.434871 0.422921 -0.031508
v -4.448004 0.422562 -0.031623
v -4.461472 0.422286 -0.031742
v -4.475203 0.422107 -0.031864
v -4.489128 0.422039 -0.031988
v -4.082111 0.626855 -0.029207
v -4.090639 0.628574 -0.029290
v -4.098752 0.631348 -0.029374
v -4.106364 0.635102 -0.029457
v -4.113394 0.639759 -0.029539
v -4.119758 0.645243 -0.029618
v -4.125372 0.651477 -0.029694
v -4.130153 0.658385 -0.029765
v -4.134018 0.665891 -0.029831
v -4.136883 0.673918 -0.029890
v -4.138665 0.682390 -0.029941
v -4.139281 0.691231 -0.029983
v -4.138674 0.700323 -0.030015
v -4.136901 0.709043 -0.030035
v -4.134045 0.717312 -0.030044
v -4.130187 0.725051 -0.030042
v -4.125414 0.732179 -0.030029
v -4.119806 0.738617 -0.030006
v -4.113448 0.744284 -0.029972
v -4.106423 0.749101 -0.029930
v -4.098814 0.752988 -0.029878
v -4.090705 0.755865 -0.029817
v -4.082179 0.757651 -0.029749
v -4.073318 0.758268 -0.029672
v -4.064247 0.757661 -0.029589
v -4.055582 0.755884 -0.029504
v -4.047395 0.753016 -0.029419
v -4.039760 0.749138 -0.029335
v -4.032748 0.744329 -0.029253
v -4.026435 0.738669 -0.029173
v -4.020892 0.732237 -0.029097
v -4.016192 0.725114 -0.029026
v -4.012409 0.717380 -0.028960
v -4.009615 0.709114 -0.028901
v -4.007883 0.700395 -0.028849
v -4.007286 0.691305 -0.028806
v -4.007874 0.682463 -0.028775
v -4.009597 0.673989 -0.028755
v -4.012383 0.665959 -0.028747
v -4.016158 0.658448 -0.028749
v -4.020850 0.651535 -0.028762
v -4.026387 0.645295 -0.028786
v -4.032694 0.639804 -0.028819
v -4.039701 0.635139 -0.028863
v -4.047332 0.631377 -0.028915
v -4.055516 0.628593 -0.028977
v -4.064179 0.626865 -0.029047
v -4.073250 0.626269 -0.029125
v -4.088569 0.803219 -0.029995
v -4.103163 0.800186 -0.030112
v -4.116992 0.795305 -0.030215
v -4.129925 0.788717 -0.030303
v -4.141829 0.780560 -0.030376
v -4.152572 0.770973 -0.030432
v -4.162023 0.760096 -0.030471
v -4.170050 0.748066 -0.030493
v -4.176521 0.735023 -0.030496
v -4.181304 0.721106 -0.030481
v -4.184267 0.706454 -0.030447
v -4.185279 0.691206 -0.030393
v -4.184252 0.676208 -0.030322
v -4.181273 0.661806 -0.030236
v -4.176476 0.648133 -0.030136
v -4.169991 0.635326 -0.030025
v -4.161952 0.623520 -0.029905
v -4.152490 0.612850 -0.029776
v -4.141737 0.603451 -0.029641
v -4.129824 0.595460 -0.029502
v -4.116885 0.589010 -0.029360
v -4.103051 0.584239 -0.029217
v -4.088454 0.581280 -0.029074
v -4.073226 0.580269 -0.028934
v -4.057999 0.581297 -0.028803
v -4.043406 0.584272 -0.028685
v -4.029576 0.589059 -0.028582
v -4.016644 0.595523 -0.028493
v -4.004740 0.603527 -0.028420
v -3.993996 0.612938 -0.028363
v -3.984545 0.623618 -0.028323
v -3.976518 0.635434 -0.028300
v -3.970047 0.648248 -0.028296
v -3.965264 0.661926 -0.028310
v -3.962300 0.676332 -0.028343
v -3.961288 0.691330 -0.028396
v -3.962316 0.706577 -0.028468
v -3.965294 0.721226 -0.028556
v -3.970092 0.735138 -0.028656
v -3.976576 0.748173 -0.028768
v -3.984616 0.760194 -0.028889
v -3.994078 0.771062 -0.029019
v -4.004831 0.780636 -0.029154
v -4.016744 0.788780 -0.029294
v -4.029683 0.795354 -0.029437
v -4.043517 0.800219 -0.029580
v -4.058114 0.803236 -0.029723
v -4.073342 0.804267 -0.029863
v -3.522174 0.437577 -0.023429
v -3.552455 0.445193 -0.023731
v -3.584078 0.453524 -0.024048
v -3.616714 0.462493 -0.024376
v -3.650038 0.472024 -0.024712
v -3.683724 0.482041 -0.025054
v -3.717445 0.492468 -0.025398
v -3.750874 0.503228 -0.025741
v -3.783684 0.514245 -0.026079
v -3.815552 0.525444 -0.026410
v -3.846148 0.536748 -0.026729
v -3.875147 0.548080 -0.027035
v -3.902222 0.559364 -0.027323
v -3.909722 0.562652 -0.027403
v -3.917215 0.566023 -0.027484
v -3.924695 0.569477 -0.027565
v -3.932153 0.573014 -0.027646
v -3.939584 0.576635 -0.027728
v -3.946981 0.580339 -0.027809
v -3.954335 0.584127 -0.027890
v -3.961642 0.587998 -0.027971
v -3.968892 0.591952 -0.028052
v -3.976080 0.595990 -0.028133
v -3.983199 0.600111 -0.028214
v -3.990242 0.604315 -0.028294
v -4.025199 0.524296 -0.028274
v -4.018039 0.521222 -0.028198
v -4.010594 0.518013 -0.028118
v -4.002913 0.514699 -0.028036
v -3.995045 0.511313 -0.027952
v -3.987038 0.507885 -0.027866
v -3.978940 0.504447 -0.027780
v -3.970801 0.501030 -0.027693
v -3.962669 0.497665 -0.027606
v -3.954592 0.494383 -0.027521
v -3.946620 0.491215 -0.027437
v -3.938801 0.488194 -0.027354
v -3.931182 0.485349 -0.027275
v -3.901971 0.473965 -0.026967
v -3.870599 0.462350 -0.026639
v -3.837449 0.450604 -0.026295
v -3.802904 0.438828 -0.025938
v -3.767345 0.427122 -0.025572
v -3.731154 0.415586 -0.025202
v -3.694713 0.404321 -0.024830
v -3.658405 0.393427 -0.024461
v -3.622610 0.383006 -0.024099
v -3.587712 0.373156 -0.023747
v -3.554091 0.363980 -0.023409
v -3.522131 0.355577 -0.023090
v -3.522017 0.135579 -0.022177
v -3.522452 0.123600 -0.022132
v -3.523787 0.113083 -0.022100
v -3.526047 0.103905 -0.022082
v -3.529255 0.095946 -0.022078
v -3.533436 0.089083 -0.022087
v -3.538614 0.083195 -0.022108
v -3.544813 0.078161 -0.022143
v -3.552058 0.073859 -0.022190
v -3.560372 0.070168 -0.022249
v -3.569781 0.066965 -0.022319
v -3.580307 0.064130 -0.022401
v -3.591976 0.061541 -0.022495
v -3.600149 0.060329 -0.022562
v -3.609113 0.059203 -0.022638
v -3.618786 0.058167 -0.022720
v -3.629083 0.057224 -0.022808
v -3.639923 0.056378 -0.022901
v -3.651221 0.055633 -0.022998
v -3.662894 0.054992 -0.023100
v -3.674858 0.054458 -0.023204
v -3.687031 0.054035 -0.023311
v -3.699329 0.053727 -0.023420
v -3.711668 0.053536 -0.023529
v -3.723966 0.053468 -0.023638
v -3.751377 0.053662 -0.023883
v -3.780340 0.054279 -0.024144
v -3.810449 0.055326 -0.024417
v -3.841297 0.056810 -0.024698
v -3.872479 0.058738 -0.024984
v -3.903589 0.061118 -0.025272
v -3.934219 0.063956 -0.025556
v -3.963964 0.067260 -0.025835
v -3.992418 0.071037 -0.026105
v -4.019175 0.075294 -0.026361
v -4.043827 0.080038 -0.026601
v -4.065969 0.085277 -0.026820
v -4.065922 -0.005722 -0.026442
v -4.042919 -0.008853 -0.026224
v -4.017653 -0.011764 -0.025987
v -3.990484 -0.014446 -0.025734
v -3.961773 -0.016886 -0.025467
v -3.931882 -0.019076 -0.025192
v -3.901171 -0.021005 -0.024910
v -3.870003 -0.022663 -0.024625
v -3.838737 -0.024040 -0.024341
v -3.807735 -0.025125 -0.024060
v -3.777359 -0.025909 -0.023786
v -3.747968 -0.026380 -0.023522
v -3.719925 -0.026529 -0.023271
v -3.705167 -0.026458 -0.023140
v -3.690436 -0.026258 -0.023009
v -3.675802 -0.025927 -0.022880
v -3.661335 -0.025460 -0.022753
v -3.647105 -0.024854 -0.022628
v -3.633180 -0.024106 -0.022507
v -3.619630 -0.023213 -0.022390
v -3.606524 -0.022170 -0.022278
v -3.593933 -0.020975 -0.022170
v -3.581925 -0.019624 -0.022069
v -3.570570 -0.018114 -0.021974
v -3.559937 -0.016441 -0.021886
v -3.541403 -0.012478 -0.021737
v -3.524318 -0.007555 -0.021605
v -3.508712 -0.001584 -0.021491
v -3.494618 0.005521 -0.021394
v -3.482065 0.013848 -0.021317
v -3.471086 0.023483 -0.021259
v -3.461712 0.034513 -0.021221
v -3.453974 0.047025 -0.021204
v -3.447903 0.061105 -0.021208
v -3.443531 0.076841 -0.021234
v -3.440890 0.094318 -0.021283
v -3.440009 0.113625 -0.021355
v -3.440025 0.143811 -0.021480
v -3.440046 0.184365 -0.021648
v -3.440071 0.233030 -0.021850
v -3.440099 0.287549 -0.022076
v -3.440129 0.345666 -0.022317
v -3.440160 0.405122 -0.022564
v -3.440191 0.463662 -0.022806
v -3.440219 0.519029 -0.023036
v -3.440245 0.568965 -0.023243
v -3.440267 0.611213 -0.023418
v -3.440284 0.643517 -0.023552
v -3.440294 0.663620 -0.023635
v -3.440255 0.669816 -0.023661
v -3.440134 0.676356 -0.023687
v -3.439929 0.683167 -0.023713
v -3.439641 0.690176 -0.023740
v -3.439270 0.697310 -0.023766
v -3.438815 0.704496 -0.023792
v -3.438277 0.711661 -0.023816
v -3.437656 0.718732 -0.023840
v -3.436951 0.725637 -0.023863
v -3.436163 0.732302 -0.023883
v -3.435292 0.738655 -0.023902
v -3.434337 0.744623 -0.023918
v -3.527333 0.744571 -0.024747
v -3.526601 0.738681 -0.024716
v -3.525915 0.732530 -0.024684
v -3.525277 0.726151 -0.024652
v -3.524691 0.719573 -0.024620
v -3.524160 0.712828 -0.024587
v -3.523688 0.705948 -0.024554
v -3.523279 0.698964 -0.024522
v -3.522935 0.691907 -0.024490
v -3.522661 0.684809 -0.024458
v -3.522460 0.677699 -0.024426
v -3.522336 0.670611 -0.024396
v -3.522291 0.663575 -0.024366
v -2.514120 0.423137 -0.014381
v -2.550353 0.423117 -0.014704
v -2.595640 0.423092 -0.015107
v -2.647719 0.423063 -0.015572
v -2.704326 0.423031 -0.016076
v -2.763196 0.422999 -0.016601
v -2.822066 0.422966 -0.017126
v -2.878673 0.422934 -0.017631
v -2.930752 0.422905 -0.018095
v -2.976040 0.422880 -0.018499
v -3.012272 0.422860 -0.018822
v -3.037185 0.422846 -0.019044
v -3.049393 0.422900 -0.019153
v -3.061018 0.423064 -0.019257
v -3.072059 0.423327 -0.019357
v -3.082517 0.423673 -0.019451
v -3.092392 0.424089 -0.019541
v -3.101684 0.424560 -0.019626
v -3.110392 0.425074 -0.019706
v -3.118517 0.425616 -0.019780
v -3.126059 0.426172 -0.019850
v -3.133017 0.426728 -0.019914
v -3.139392 0.427271 -0.019973
v -3.145184 0.427786 -0.020027
v -3.145133 0.329787 -0.019621
v -3.139686 0.330098 -0.019574
v -3.133389 0.330511 -0.019519
v -3.126306 0.331001 -0.019458
v -3.118505 0.331543 -0.019391
v -3.110052 0.332113 -0.019318
v -3.101011 0.332687 -0.019239
v -3.091450 0.333240 -0.019156
v -3.081434 0.333748 -0.019069
v -3.071029 0.334188 -0.018978
v -3.060301 0.334533 -0.018884
v -3.049316 0.334761 -0.018787
v -3.038140 0.334846 -0.018688
v -3.013016 0.334860 -0.018464
v -2.976642 0.334881 -0.018139
v -2.931269 0.334906 -0.017735
v -2.879146 0.334935 -0.017270
v -2.822524 0.334966 -0.016766
v -2.763651 0.334999 -0.016241
v -2.704778 0.335032 -0.015716
v -2.648155 0.335063 -0.015211
v -2.596032 0.335092 -0.014746
v -2.550659 0.335117 -0.014342
v -2.514286 0.335138 -0.014018
v -2.489161 0.335152 -0.013794
v -2.475465 0.335118 -0.013671
v -2.461922 0.335005 -0.013550
v -2.448601 0.334815 -0.013430
v -2.435571 0.334552 -0.013313
v -2.422902 0.334219 -0.013199
v -2.410664 0.333820 -0.013088
v -2.398926 0.333359 -0.012981
v -2.387757 0.332838 -0.012880
v -2.377227 0.332261 -0.012783
v -2.367405 0.331631 -0.012693
v -2.358361 0.330953 -0.012610
v -2.350164 0.330229 -0.012534
v -2.350215 0.428228 -0.012940
v -2.358182 0.427705 -0.013009
v -2.367038 0.427154 -0.013086
v -2.376714 0.426588 -0.013170
v -2.387138 0.426022 -0.013260
v -2.398244 0.425470 -0.013357
v -2.409961 0.424945 -0.013459
v -2.422220 0.424461 -0.013567
v -2.434950 0.424033 -0.013678
v -2.448084 0.423674 -0.013794
v -2.461551 0.423398 -0.013913
v -2.475281 0.423219 -0.014035
v -2.489207 0.423151 -0.014158
v -1.556368 0.662595 -0.006832
v -1.556358 0.642427 -0.006748
v -1.556344 0.615730 -0.006637
v -1.556328 0.584075 -0.006506
v -1.556309 0.549032 -0.006361
v -1.556290 0.512169 -0.006208
v -1.556271 0.475055 -0.006054
v -1.556253 0.439262 -0.005906
v -1.556235 0.406357 -0.005769
v -1.556221 0.377910 -0.005651
v -1.556209 0.355492 -0.005558
v -1.556201 0.340670 -0.005497
v -1.556239 0.334267 -0.005471
v -1.556352 0.327610 -0.005444
v -1.556535 0.320779 -0.005418
v -1.556780 0.313855 -0.005391
v -1.557081 0.306917 -0.005365
v -1.557430 0.300045 -0.005340
v -1.557821 0.293318 -0.005315
v -1.558247 0.286817 -0.005292
v -1.558701 0.280622 -0.005271
v -1.559176 0.274812 -0.005251
v -1.559665 0.269468 -0.005233
v -1.560162 0.264668 -0.005217
v -1.468165 0.264720 -0.004397
v -1.468686 0.268812 -0.004419
v -1.469235 0.273548 -0.004443
v -1.469797 0.278859 -0.004470
v -1.470361 0.284681 -0.004500
v -1.470910 0.290948 -0.004530
v -1.471432 0.297592 -0.004563
v -1.471913 0.304550 -0.004596
v -1.472338 0.311754 -0.004629
v -1.472693 0.319138 -0.004663
v -1.472966 0.326638 -0.004697
v -1.473141 0.334186 -0.004729
v -1.473205 0.341716 -0.004761
v -1.473213 0.356518 -0.004823
v -1.473225 0.378882 -0.004915
v -1.473239 0.407247 -0.005033
v -1.473256 0.440049 -0.005169
v -1.473275 0.475725 -0.005317
v -1.473294 0.512715 -0.005470
v -1.473313 0.549454 -0.005622
v -1.473331 0.584381 -0.005767
v -1.473347 0.615932 -0.005898
v -1.473361 0.642547 -0.006008
v -1.473372 0.662661 -0.006092
v -1.473378 0.674713 -0.006142
v -1.473340 0.679548 -0.006161
v -1.473226 0.684977 -0.006183
v -1.473042 0.690885 -0.006206
v -1.472797 0.697158 -0.006230
v -1.472496 0.703681 -0.006254
v -1.472146 0.710339 -0.006278
v -1.471755 0.717018 -0.006302
v -1.471329 0.723603 -0.006326
v -1.470876 0.729980 -0.006348
v -1.470401 0.736034 -0.006369
v -1.469912 0.741650 -0.006388
v -1.469415 0.746715 -0.006405
v -1.560412 0.746664 -0.007216
v -1.559910 0.741715 -0.007191
v -1.559416 0.736401 -0.007164
v -1.558935 0.730775 -0.007137
v -1.558475 0.724888 -0.007108
v -1.558042 0.718793 -0.007079
v -1.557644 0.712541 -0.007050
v -1.557288 0.706185 -0.007020
v -1.556980 0.699778 -0.006991
v -1.556728 0.693370 -0.006962
v -1.556539 0.687014 -0.006934
v -1.556418 0.680763 -0.006907
v -1.556375 0.674667 -0.006882
v -2.021347 0.656544 -0.010953
v -2.021340 0.644159 -0.010902
v -2.021333 0.630565 -0.010845
v -2.021326 0.616076 -0.010785
v -2.021318 0.601003 -0.010723
v -2.021310 0.585659 -0.010659
v -2.021302 0.570358 -0.010596
v -2.021294 0.555410 -0.010534
v -2.021287 0.541129 -0.010474
v -2.021280 0.527827 -0.010419
v -2.021274 0.515816 -0.010369
v -2.021268 0.505410 -0.010326
v -2.020548 0.448668 -0.010085
v -2.018435 0.398052 -0.009856
v -2.014908 0.352977 -0.009638
v -2.009947 0.312862 -0.009428
v -2.003529 0.277123 -0.009223
v -1.995634 0.245177 -0.009020
v -1.986241 0.216439 -0.008817
v -1.975329 0.190327 -0.008612
v -1.962876 0.166258 -0.008401
v -1.948861 0.143648 -0.008182
v -1.933264 0.121914 -0.007953
v -1.916062 0.100472 -0.007711
v -1.899110 0.081701 -0.007482
v -1.880915 0.064330 -0.007248
v -1.861694 0.048300 -0.007010
v -1.841660 0.033551 -0.006771
v -1.821030 0.020025 -0.006531
v -1.800019 0.007662 -0.006292
v -1.778841 -0.003596 -0.006057
v -1.757713 -0.013809 -0.005826
v -1.736849 -0.023037 -0.005602
v -1.716465 -0.031337 -0.005385
v -1.696776 -0.038770 -0.005179
v -1.677996 -0.045395 -0.004984
v -1.613035 0.023641 -0.004691
v -1.635882 0.029740 -0.004920
v -1.658382 0.036593 -0.005149
v -1.680480 0.044244 -0.005378
v -1.702121 0.052739 -0.005606
v -1.723247 0.062124 -0.005833
v -1.743805 0.072443 -0.006059
v -1.763738 0.083741 -0.006284
v -1.782992 0.096065 -0.006506
v -1.801509 0.109457 -0.006727
v -1.819236 0.123965 -0.006945
v -1.836116 0.139634 -0.007160
v -1.852094 0.156507 -0.007373
v -1.868652 0.177270 -0.007606
v -1.882915 0.198332 -0.007821
v -1.895047 0.220076 -0.008019
v -1.905211 0.242884 -0.008204
v -1.913570 0.267138 -0.008379
v -1.920287 0.293218 -0.008547
v -1.925527 0.321508 -0.008711
v -1.929452 0.352388 -0.008874
v -1.932226 0.386242 -0.009039
v -1.934012 0.423450 -0.009209
v -1.934973 0.464395 -0.009387
v -1.935274 0.509458 -0.009576
v -1.935279 0.519881 -0.009619
v -1.935286 0.531925 -0.009669
v -1.935292 0.545254 -0.009725
v -1.935300 0.559532 -0.009784
v -1.935308 0.574420 -0.009846
v -1.935315 0.589582 -0.009908
v -1.935323 0.604682 -0.009971
v -1.935331 0.619383 -0.010032
v -1.935338 0.633348 -0.010090
v -1.935345 0.646239 -0.010143
v -1.935351 0.657721 -0.010191
v -1.935356 0.667457 -0.010231
v -1.935319 0.675833 -0.010266
v -1.935202 0.683970 -0.010298
v -1.935009 0.691878 -0.010329
v -1.934743 0.699568 -0.010359
v -1.934407 0.707049 -0.010387
v -1.934005 0.714332 -0.010413
v -1.933541 0.721428 -0.010439
v -1.933017 0.728346 -0.010463
v -1.932438 0.735098 -0.010485
v -1.931807 0.741694 -0.010507
v -1.931127 0.748144 -0.010528
v -1.930401 0.754459 -0.010547
v -2.024397 0.754406 -0.011385
v -2.023915 0.748092 -0.011355
v -2.023474 0.741643 -0.011324
v -2.023075 0.735048 -0.011293
v -2.022717 0.728296 -0.011262
v -2.022401 0.721378 -0.011231
v -2.022127 0.714283 -0.011199
v -2.021894 0.707000 -0.011167
v -2.021702 0.699519 -0.011134
v -2.021553 0.691830 -0.011101
v -2.021444 0.683922 -0.011067
v -2.021378 0.675785 -0.011033
v -2.021352 0.667409 -0.010998
v -0.514200 0.424248 0.003449
v -0.550433 0.424228 0.003126
v -0.595720 0.424203 0.002722
v -0.647799 0.424174 0.002258
v -0.704406 0.424143 0.001753
v -0.763276 0.424110 0.001228
v -0.822146 0.424077 0.000703
v -0.878753 0.424046 0.000199
v -0.930832 0.424017 -0.000265
v -0.976119 0.423992 -0.000669
v -1.012352 0.423972 -0.000992
v -1.037265 0.423958 -0.001214
v -1.049473 0.424011 -0.001323
v -1.061098 0.424176 -0.001428
v -1.072139 0.424438 -0.001527
v -1.082597 0.424784 -0.001622
v -1.092472 0.425200 -0.001712
v -1.101763 0.425672 -0.001797
v -1.110472 0.426185 -0.001876
v -1.118597 0.426727 -0.001951
v -1.126138 0.427283 -0.002021
v -1.133097 0.427840 -0.002085
v -1.139472 0.428382 -0.002144
v -1.145263 0.428898 -0.002198
v -1.145213 0.330898 -0.001792
v -1.139766 0.331210 -0.001744
v -1.133468 0.331623 -0.001690
v -1.126386 0.332112 -0.001629
v -1.118585 0.332654 -0.001561
v -1.110131 0.333224 -0.001488
v -1.101091 0.333798 -0.001410
v -1.091530 0.334351 -0.001327
v -1.081513 0.334860 -0.001240
v -1.071108 0.335299 -0.001149
v -1.060380 0.335645 -0.001055
v -1.049395 0.335872 -0.000958
v -1.038219 0.335958 -0.000858
v -1.013095 0.335972 -0.000634
v -0.976722 0.335992 -0.000310
v -0.931349 0.336017 0.000094
v -0.879226 0.336046 0.000559
v -0.822603 0.336078 0.001064
v -0.763730 0.336110 0.001589
v -0.704858 0.336143 0.002114
v -0.648235 0.336175 0.002618
v -0.596112 0.336204 0.003083
v -0.550739 0.336229 0.003488
v -0.514365 0.336249 0.003812
v -0.489241 0.336263 0.004036
v -0.475545 0.336229 0.004158
v -0.462002 0.336116 0.004279
v -0.448680 0.335926 0.004399
v -0.435650 0.335663 0.004516
v -0.422982 0.335330 0.004630
v -0.410744 0.334932 0.004741
v -0.399005 0.334470 0.004848
v -0.387837 0.333949 0.004950
v -0.377307 0.333372 0.005046
v -0.367485 0.332743 0.005136
v -0.358441 0.332064 0.005220
v -0.350244 0.331340 0.005296
v -0.350295 0.429339 0.004889
v -0.358262 0.428816 0.004820
v -0.367118 0.428265 0.004744
v -0.376793 0.427700 0.004660
v -0.387218 0.427134 0.004569
v -0.398324 0.426581 0.004472
v -0.410041 0.426056 0.004370
v -0.422300 0.425573 0.004263
v -0.435030 0.425144 0.004151
v -0.448164 0.424785 0.004035
v -0.461631 0.424509 0.003917
v -0.475362 0.424330 0.003795
v -0.489287 0.424262 0.003671
v 0.346563 0.649725 0.010191
v 0.348104 0.644088 0.010228
v 0.349708 0.638208 0.010266
v 0.351353 0.632134 0.010306
v 0.353020 0.625914 0.010347
v 0.354686 0.619596 0.010388
v 0.356331 0.613231 0.010429
v 0.357935 0.606865 0.010470
v 0.359477 0.600547 0.010510
v 0.360935 0.594327 0.010548
v 0.362289 0.588253 0.010586
v 0.363517 0.582373 0.010621
v 0.364600 0.576735 0.010654
v 0.368538 0.559523 0.010760
v 0.373304 0.539185 0.010887
v 0.378850 0.516181 0.011032
v 0.385125 0.490970 0.011192
v 0.392082 0.464009 0.011366
v 0.399672 0.435756 0.011550
v 0.407845 0.406671 0.011744
v 0.416553 0.377210 0.011943
v 0.425748 0.347834 0.012147
v 0.435379 0.318999 0.012352
v 0.445399 0.291165 0.012557
v 0.455758 0.264789 0.012759
v 0.465365 0.241585 0.012940
v 0.475629 0.218041 0.013129
v 0.486497 0.194275 0.013325
v 0.497917 0.170406 0.013525
v 0.509837 0.146550 0.013731
v 0.522204 0.122827 0.013939
v 0.534968 0.099354 0.014150
v 0.548075 0.076249 0.014363
v 0.561473 0.053631 0.014576
v 0.575111 0.031616 0.014789
v 0.588935 0.010324 0.015000
v 0.602895 -0.010127 0.015209
v 0.687873 0.025920 0.015818
v 0.672267 0.047094 0.015591
v 0.657000 0.069037 0.015364
v 0.642122 0.091597 0.015138
v 0.627681 0.114626 0.014914
v 0.613726 0.137975 0.014693
v 0.600306 0.161495 0.014475
v 0.587469 0.185036 0.014263
v 0.575264 0.208448 0.014058
v 0.563740 0.231583 0.013859
v 0.552945 0.254292 0.013669
v 0.542928 0.276424 0.013488
v 0.533738 0.297832 0.013317
v 0.523012 0.324547 0.013111
v 0.512423 0.353009 0.012899
v 0.502070 0.382923 0.012682
v 0.492050 0.413993 0.012464
v 0.482460 0.445924 0.012247
v 0.473397 0.478422 0.012031
v 0.464959 0.511191 0.011820
v 0.457243 0.543935 0.011616
v 0.450347 0.576361 0.011420
v 0.444368 0.608173 0.011235
v 0.439403 0.639076 0.011063
v 0.435550 0.668774 0.010905
v -0.106269 0.628085 0.006242
v -0.114797 0.629858 0.006159
v -0.122910 0.632714 0.006075
v -0.130522 0.636571 0.005991
v -0.137552 0.641345 0.005908
v -0.143916 0.646952 0.005828
v -0.149530 0.653310 0.005752
v -0.154312 0.660335 0.005680
v -0.158176 0.667944 0.005614
v -0.161042 0.676054 0.005555
v -0.162824 0.684580 0.005504
v -0.163439 0.693441 0.005462
v -0.162833 0.702532 0.005430
v -0.161060 0.711252 0.005409
v -0.158203 0.719522 0.005401
v -0.154346 0.727261 0.005403
v -0.149572 0.734389 0.005416
v -0.143965 0.740826 0.005439
v -0.137607 0.746494 0.005472
v -0.130582 0.751311 0.005515
v -0.122973 0.755197 0.005567
v -0.114864 0.758074 0.005627
v -0.106337 0.759861 0.005696
v -0.097477 0.760477 0.005772
v -0.088406 0.759871 0.005856
v -0.079740 0.758094 0.005940
v -0.071553 0.755226 0.006025
v -0.063918 0.751348 0.006109
v -0.056907 0.746539 0.006192
v -0.050594 0.740878 0.006272
v -0.045051 0.734447 0.006348
v -0.040351 0.727324 0.006419
v -0.036567 0.719589 0.006485
v -0.033773 0.711323 0.006544
v -0.032041 0.702605 0.006596
v -0.031445 0.693514 0.006639
v -0.032032 0.684653 0.006670
v -0.033755 0.676124 0.006690
v -0.036541 0.668012 0.006699
v -0.040316 0.660399 0.006697
v -0.045008 0.653368 0.006684
v -0.050545 0.647004 0.006661
v -0.056852 0.641390 0.006628
v -0.063858 0.636608 0.006585
v -0.071490 0.632743 0.006533
v -0.079674 0.629877 0.006472
v -0.088337 0.628094 0.006402
v -0.097408 0.627478 0.006324
v -0.112518 0.805429 0.005452
v -0.126974 0.802396 0.005336
v -0.140729 0.797515 0.005233
v -0.153639 0.790927 0.005145
v -0.165562 0.782770 0.005073
v -0.176355 0.773183 0.005016
v -0.185878 0.762305 0.004977
v -0.193986 0.750275 0.004954
v -0.200539 0.737233 0.004950
v -0.205393 0.723316 0.004964
v -0.208407 0.708664 0.004998
v -0.209438 0.693416 0.005052
v -0.208391 0.678188 0.005124
v -0.205362 0.663594 0.005212
v -0.200493 0.649765 0.005312
v -0.193927 0.636832 0.005424
v -0.185806 0.624928 0.005546
v -0.176273 0.614185 0.005676
v -0.165469 0.604733 0.005811
v -0.153538 0.596707 0.005951
v -0.140621 0.590236 0.006093
v -0.126862 0.585453 0.006235
v -0.112402 0.582490 0.006376
v -0.097384 0.581479 0.006515
v -0.082157 0.582507 0.006646
v -0.067563 0.585486 0.006764
v -0.053734 0.590284 0.006867
v -0.040802 0.596769 0.006956
v -0.028898 0.604809 0.007029
v -0.018154 0.614272 0.007085
v -0.008703 0.625026 0.007125
v -0.000676 0.636939 0.007147
v 0.005795 0.649879 0.007151
v 0.010578 0.663714 0.007137
v 0.013542 0.678312 0.007103
v 0.014553 0.693540 0.007049
v 0.013526 0.708787 0.006976
v 0.010547 0.723436 0.006889
v 0.005750 0.737347 0.006789
v -0.000735 0.750383 0.006677
v -0.008774 0.762404 0.006555
v -0.018237 0.773271 0.006426
v -0.028990 0.782846 0.006290
v -0.040902 0.790990 0.006151
v -0.053842 0.797564 0.006008
v -0.067676 0.802429 0.005864
v -0.082273 0.805446 0.005722
v -0.097501 0.806477 0.005582
v 0.105558 0.678591 0.007922
v 0.095095 0.659267 0.007909
v 0.083793 0.637533 0.007898
v 0.071811 0.613729 0.007890
v 0.059310 0.588195 0.007884
v 0.046448 0.561273 0.007881
v 0.033386 0.533302 0.007880
v 0.020282 0.504622 0.007882
v 0.007296 0.475575 0.007887
v -0.005411 0.446500 0.007894
v -0.017682 0.417737 0.007903
v -0.029355 0.389628 0.007916
v -0.040273 0.362512 0.007931
v -0.050736 0.336699 0.007944
v -0.061564 0.309043 0.007962
v -0.072619 0.279948 0.007984
v -0.083768 0.249822 0.008010
v -0.094875 0.219072 0.008038
v -0.105805 0.188102 0.008069
v -0.116422 0.157321 0.008101
v -0.126592 0.127133 0.008136
v -0.136179 0.097946 0.008171
v -0.145047 0.070165 0.008207
v -0.153063 0.044197 0.008243
v -0.160091 0.020449 0.008279
v -0.071079 -0.008502 0.009192
v -0.064420 0.017654 0.009144
v -0.056973 0.044973 0.009097
v -0.048825 0.073244 0.009052
v -0.040064 0.102255 0.009010
v -0.030774 0.131794 0.008971
v -0.021044 0.161650 0.008934
v -0.010960 0.191609 0.008900
v -0.000608 0.221461 0.008869
v 0.009924 0.250994 0.008840
v 0.020550 0.279996 0.008815
v 0.031184 0.308254 0.008793
v 0.041738 0.335558 0.008774
v 0.052139 0.362005 0.008757
v 0.063283 0.389602 0.008742
v 0.075038 0.417998 0.008729
v 0.087271 0.446842 0.008719
v 0.099852 0.475783 0.008711
v 0.112648 0.504471 0.008706
v 0.125527 0.532555 0.008705
v 0.138359 0.559684 0.008707
v 0.151010 0.585507 0.008713
v 0.163350 0.609674 0.008723
v 0.175247 0.631834 0.008737
v 0.186568 0.651636 0.008756
v 0.795555 0.448967 0.015026
v 0.800726 0.444493 0.015091
v 0.806091 0.439623 0.015159
v 0.811582 0.434430 0.015229
v 0.817129 0.428986 0.015301
v 0.822662 0.423366 0.015374
v 0.828111 0.417642 0.015446
v 0.833408 0.411886 0.015517
v 0.838482 0.406172 0.015586
v 0.843265 0.400572 0.015652
v 0.847687 0.395160 0.015714
v 0.851678 0.390008 0.015771
v 0.878190 0.413992 0.015908
v 0.905103 0.440713 0.016037
v 0.932196 0.469864 0.016158
v 0.959246 0.501141 0.016270
v 0.986031 0.534236 0.016371
v 1.012329 0.568846 0.016463
v 1.037918 0.604663 0.016542
v 1.062576 0.641382 0.016610
v 1.086081 0.678698 0.016665
v 1.108211 0.716305 0.016707
v 1.128744 0.753897 0.016734
v 1.147458 0.791169 0.016747
v 1.078446 0.819130 0.016016
v 1.061759 0.785050 0.016008
v 1.042844 0.750542 0.015982
v 1.021971 0.715928 0.015939
v 0.999409 0.681532 0.015881
v 0.975431 0.647677 0.015807
v 0.950307 0.614686 0.015720
v 0.924307 0.582882 0.015620
v 0.897703 0.552588 0.015508
v 0.870764 0.524127 0.015385
v 0.843761 0.497822 0.015254
v 0.816965 0.473996 0.015113
v 0.790648 0.452973 0.014966
v 1.360935 0.763525 0.018765
v 1.375336 0.732282 0.019023
v 1.390604 0.701602 0.019286
v 1.406695 0.671536 0.019554
v 1.423563 0.642138 0.019826
v 1.441164 0.613458 0.020102
v 1.459451 0.585550 0.020381
v 1.478380 0.558466 0.020661
v 1.497906 0.532256 0.020944
v 1.517984 0.506974 0.021228
v 1.538568 0.482672 0.021512
v 1.559614 0.459401 0.021796
v 0.939638 0.459056 0.016269
v 0.939639 0.458539 0.016271
v 0.939644 0.457084 0.016277
v 0.939656 0.454837 0.016287
v 0.939679 0.451945 0.016299
v 0.939716 0.448553 0.016313
v 0.939771 0.444806 0.016329
v 0.939847 0.440851 0.016346
v 0.939946 0.436834 0.016364
v 0.940074 0.432900 0.016381
v 0.940233 0.429195 0.016398
v 0.940426 0.425866 0.016414
v 0.940657 0.423057 0.016427
v 0.944417 0.350262 0.016762
v 0.948173 0.285099 0.017066
v 0.952008 0.227159 0.017340
v 0.956007 0.176031 0.017587
v 0.960252 0.131305 0.017810
v 0.964828 0.092573 0.018011
v 0.969817 0.059425 0.018193
v 0.975303 0.031450 0.018358
v 0.981371 0.008239 0.018508
v 0.988102 -0.010617 0.018646
v 0.995582 -0.025528 0.018775
v 1.003893 -0.036904 0.018896
v 1.009193 -0.042784 0.018968
v 1.014607 -0.047963 0.019037
v 1.020166 -0.052489 0.019106
v 1.025902 -0.056410 0.019173
v 1.031847 -0.059776 0.019240
v 1.038030 -0.062635 0.019307
v 1.044484 -0.065035 0.019374
v 1.051240 -0.067026 0.019443
v 1.058329 -0.068655 0.019513
v 1.065783 -0.069971 0.019585
v 1.073632 -0.071024 0.019659
v 1.081908 -0.071860 0.019736
v 1.090956 -0.072523 0.019820
v 1.101042 -0.073021 0.019912
v 1.112080 -0.073359 0.020012
v 1.123982 -0.073541 0.020119
v 1.136661 -0.073569 0.020232
v 1.150031 -0.073448 0.020351
v 1.164006 -0.073180 0.020474
v 1.178497 -0.072770 0.020602
v 1.193420 -0.072220 0.020732
v 1.208685 -0.071535 0.020866
v 1.224208 -0.070718 0.021001
v 1.239901 -0.069773 0.021137
v 1.240543 -0.064076 0.021119
v 1.241469 -0.058036 0.021102
v 1.242673 -0.051724 0.021087
v 1.244147 -0.045215 0.021073
v 1.245885 -0.038580 0.021061
v 1.247881 -0.031894 0.021051
v 1.250126 -0.025227 0.021043
v 1.252615 -0.018655 0.021038
v 1.255339 -0.012249 0.021036
v 1.258293 -0.006082 0.021037
v 1.261469 -0.000228 0.021041
v 1.264861 0.005241 0.021049
v 1.248696 0.003853 0.020910
v 1.232780 0.002695 0.020773
v 1.217240 0.001745 0.020638
v 1.202199 0.000984 0.020507
v 1.187783 0.000389 0.020381
v 1.174117 -0.000060 0.020261
v 1.161326 -0.000383 0.020149
v 1.149535 -0.000601 0.020044
v 1.138869 -0.000736 0.019950
v 1.129453 -0.000807 0.019866
v 1.121411 -0.000836 0.019795
v 1.114870 -0.000843 0.019736
v 1.109804 -0.000800 0.019691
v 1.105088 -0.000654 0.019648
v 1.100698 -0.000382 0.019608
v 1.096611 0.000036 0.019570
v 1.092801 0.000621 0.019533
v 1.089245 0.001393 0.019499
v 1.085918 0.002374 0.019465
v 1.082795 0.003584 0.019432
v 1.079853 0.005044 0.019400
v 1.077067 0.006775 0.019368
v 1.074412 0.008798 0.019336
v 1.071866 0.011133 0.019303
v 1.065817 0.019176 0.019216
v 1.060162 0.030497 0.019119
v 1.054880 0.045373 0.019010
v 1.049950 0.064084 0.018888
v 1.045352 0.086905 0.018753
v 1.041064 0.114115 0.018602
v 1.037065 0.145992 0.018434
v 1.033334 0.182814 0.018249
v 1.029850 0.224858 0.018043
v 1.026593 0.272402 0.017817
v 1.023541 0.325724 0.017569
v 1.020674 0.385102 0.017298
v 1.292663 0.385253 0.019723
v 1.300337 0.336153 0.019995
v 1.310157 0.288013 0.020281
v 1.322643 0.241083 0.020587
v 1.338315 0.195613 0.020915
v 1.357695 0.151853 0.021269
v 1.381302 0.110054 0.021653
v 1.409658 0.070466 0.022070
v 1.443284 0.033340 0.022523
v 1.482699 -0.001076 0.023017
v 1.528426 -0.032529 0.023555
v 1.580983 -0.060771 0.024141
v 1.640893 -0.085550 0.024778
v 1.643362 -0.080603 0.024779
v 1.646240 -0.075320 0.024783
v 1.649478 -0.069779 0.024789
v 1.653030 -0.064062 0.024797
v 1.656845 -0.058246 0.024807
v 1.660875 -0.052414 0.024819
v 1.665072 -0.046644 0.024832
v 1.669387 -0.041016 0.024847
v 1.673772 -0.035610 0.024864
v 1.678178 -0.030506 0.024882
v 1.682556 -0.025785 0.024902
v 1.686858 -0.021525 0.024923
v 1.631304 -0.000409 0.024340
v 1.582811 0.023843 0.023807
v 1.540858 0.050987 0.023320
v 1.504923 0.080781 0.022876
v 1.474488 0.112980 0.022472
v 1.449030 0.147342 0.022102
v 1.428029 0.183623 0.021765
v 1.410965 0.221579 0.021456
v 1.397317 0.260968 0.021171
v 1.386564 0.301546 0.020907
v 1.378185 0.343070 0.020660
v 1.371660 0.385297 0.020427
v 1.564652 0.385404 0.022148
v 1.564616 0.454403 0.021861
v 1.571120 0.447719 0.021947
v 1.577627 0.441156 0.022032
v 1.584141 0.434711 0.022117
v 1.590666 0.428381 0.022202
v 1.597204 0.422162 0.022286
v 1.603760 0.416050 0.022369
v 1.610336 0.410043 0.022453
v 1.616937 0.404137 0.022536
v 1.623565 0.398327 0.022619
v 1.630224 0.392612 0.022702
v 1.636919 0.386986 0.022785
v 1.643651 0.381448 0.022868
v 1.647295 0.385475 0.022884
v 1.651651 0.389985 0.022904
v 1.656596 0.394877 0.022928
v 1.662011 0.400051 0.022955
v 1.667772 0.405405 0.022984
v 1.673759 0.410839 0.023015
v 1.679851 0.416253 0.023047
v 1.685925 0.421545 0.023079
v 1.691860 0.426615 0.023111
v 1.697535 0.431362 0.023142
v 1.702828 0.435685 0.023171
v 1.707618 0.439483 0.023198
v 1.677998 0.462048 0.022841
v 1.649216 0.486686 0.022482
v 1.621364 0.513263 0.022124
v 1.594533 0.541641 0.021767
v 1.568811 0.571688 0.021413
v 1.544290 0.603266 0.021064
v 1.521060 0.636241 0.020720
v 1.499210 0.670476 0.020383
v 1.478833 0.705838 0.020055
v 1.460017 0.742190 0.019737
v 1.442854 0.779397 0.019430
v 1.427433 0.817324 0.019135
v 1.347448 0.795280 0.018513
v 1.920565 0.525601 0.024741
v 2.499542 0.525922 0.029902
v 2.499509 0.588922 0.029641
v 1.920532 0.588600 0.024479
v 2.421916 0.815128 0.028012
v 2.424482 0.807388 0.028067
v 2.427090 0.799661 0.028123
v 2.429740 0.791955 0.028178
v 2.432431 0.784278 0.028234
v 2.435164 0.776635 0.028290
v 2.437939 0.769033 0.028346
v 2.440755 0.761480 0.028403
v 2.443613 0.753983 0.028459
v 2.446513 0.746548 0.028516
v 2.449454 0.739183 0.028572
v 2.452437 0.731894 0.028629
v 1.825462 0.731546 0.023040
v 1.825495 0.666547 0.023309
v 2.482470 0.666912 0.029166
v 2.493957 0.644673 0.029361
v 2.505885 0.622962 0.029557
v 2.518236 0.601807 0.029755
v 2.530993 0.581236 0.029954
v 2.544139 0.561276 0.030154
v 2.557656 0.541955 0.030354
v 2.571527 0.523300 0.030555
v 2.585734 0.505341 0.030756
v 2.600261 0.488104 0.030957
v 2.615089 0.471617 0.031158
v 2.630201 0.455908 0.031357
v 2.645580 0.441004 0.031556
v 2.649495 0.444491 0.031577
v 2.654155 0.448389 0.031602
v 2.659433 0.452606 0.031632
v 2.665201 0.457052 0.031665
v 2.671330 0.461638 0.031700
v 2.677691 0.466272 0.031738
v 2.684157 0.470865 0.031777
v 2.690598 0.475325 0.031816
v 2.696887 0.479564 0.031854
v 2.702894 0.483489 0.031891
v 2.708492 0.487012 0.031927
v 2.713552 0.490042 0.031959
v 2.689717 0.511028 0.031660
v 2.666767 0.533927 0.031360
v 2.644753 0.558612 0.031062
v 2.623729 0.584954 0.030765
v 2.603744 0.612824 0.030472
v 2.584853 0.642094 0.030182
v 2.567107 0.672635 0.029897
v 2.550558 0.704320 0.029618
v 2.535259 0.737019 0.029347
v 2.521261 0.770604 0.029083
v 2.508617 0.804947 0.028828
v 2.497379 0.839919 0.028583
v 2.419391 0.822875 0.027958
v 1.963088 0.382055 0.025714
v 1.961859 0.321644 0.025954
v 1.959745 0.264843 0.026170
v 1.956578 0.212105 0.026360
v 1.952186 0.163879 0.026521
v 1.946399 0.120618 0.026648
v 1.939047 0.082773 0.026739
v 1.929959 0.050795 0.026791
v 1.918965 0.025135 0.026799
v 1.905895 0.006245 0.026761
v 1.890578 -0.005424 0.026673
v 1.872844 -0.009421 0.026531
v 1.868150 -0.008234 0.026484
v 1.864041 -0.004737 0.026433
v 1.860480 0.000962 0.026378
v 1.857428 0.008755 0.026318
v 1.854847 0.018534 0.026255
v 1.852700 0.030192 0.026187
v 1.850947 0.043621 0.026116
v 1.849551 0.058713 0.026041
v 1.848474 0.075361 0.025962
v 1.847677 0.093457 0.025880
v 1.847122 0.112894 0.025795
v 1.846771 0.133563 0.025706
v 1.842675 0.129295 0.025687
v 1.838406 0.125017 0.025667
v 1.833997 0.120759 0.025645
v 1.829485 0.116553 0.025623
v 1.824903 0.112431 0.025599
v 1.820286 0.108423 0.025574
v 1.815669 0.104562 0.025549
v 1.811086 0.100877 0.025523
v 1.806573 0.097400 0.025498
v 1.802164 0.094163 0.025472
v 1.797894 0.091198 0.025446
v 1.793797 0.088534 0.025420
v 1.795751 0.058701 0.025561
v 1.798173 0.032115 0.025693
v 1.801197 0.008648 0.025817
v 1.804959 -0.011829 0.025936
v 1.809595 -0.029445 0.026050
v 1.815240 -0.044328 0.026162
v 1.822029 -0.056606 0.026273
v 1.830098 -0.066408 0.026386
v 1.839582 -0.073861 0.026501
v 1.850618 -0.079095 0.026621
v 1.863339 -0.082238 0.026748
v 1.877883 -0.083418 0.026882
v 1.908872 -0.079313 0.027142
v 1.935562 -0.067766 0.027332
v 1.958284 -0.049124 0.027457
v 1.977366 -0.023734 0.027522
v 1.993140 0.008057 0.027531
v 2.005936 0.045902 0.027489
v 2.016082 0.089454 0.027399
v 2.023910 0.138365 0.027266
v 2.029749 0.192289 0.027095
v 2.033930 0.250879 0.026889
v 2.036782 0.313787 0.026654
v 2.038636 0.380667 0.026394
v 2.614613 0.380988 0.031529
v 2.614579 0.445987 0.031259
v 1.963605 0.445625 0.025456
v 2.521282 0.313523 0.030976
v 2.505698 0.304789 0.030873
v 2.489928 0.295763 0.030770
v 2.474001 0.286466 0.030666
v 2.457949 0.276919 0.030563
v 2.441804 0.267142 0.030459
v 2.425596 0.257158 0.030356
v 2.409357 0.246986 0.030253
v 2.393118 0.236647 0.030151
v 2.376910 0.226162 0.030050
v 2.360766 0.215553 0.029950
v 2.344715 0.204839 0.029851
v 2.333585 0.216936 0.029702
v 2.322712 0.229239 0.029554
v 2.312103 0.241742 0.029408
v 2.301765 0.254444 0.029263
v 2.291704 0.267341 0.029120
v 2.281928 0.280428 0.028978
v 2.272444 0.293704 0.028839
v 2.263258 0.307163 0.028701
v 2.254377 0.320803 0.028566
v 2.245809 0.334621 0.028432
v 2.237560 0.348612 0.028300
v 2.229637 0.362774 0.028171
v 2.157653 0.338734 0.027629
v 2.166805 0.323074 0.027775
v 2.176247 0.307587 0.027924
v 2.185972 0.292281 0.028074
v 2.195979 0.277163 0.028226
v 2.206264 0.262240 0.028379
v 2.216822 0.247518 0.028534
v 2.227652 0.233004 0.028691
v 2.238749 0.218706 0.028849
v 2.250109 0.204630 0.029009
v 2.261730 0.190784 0.029170
v 2.273607 0.177174 0.029332
v 2.285738 0.163807 0.029495
v 2.267901 0.150531 0.029391
v 2.250406 0.137241 0.029290
v 2.233308 0.123965 0.029193
v 2.216658 0.110732 0.029099
v 2.200507 0.097568 0.029010
v 2.184908 0.084501 0.028925
v 2.169914 0.071560 0.028845
v 2.155576 0.058772 0.028770
v 2.141946 0.046165 0.028700
v 2.129076 0.033767 0.028637
v 2.117019 0.021605 0.028580
v 2.105826 0.009708 0.028529
v 2.164852 -0.046259 0.029287
v 2.175546 -0.034571 0.029334
v 2.187107 -0.022543 0.029388
v 2.199488 -0.010209 0.029447
v 2.212640 0.002397 0.029512
v 2.226513 0.015239 0.029583
v 2.241060 0.028283 0.029658
v 2.256232 0.041494 0.029739
v 2.271981 0.054837 0.029824
v 2.288257 0.068278 0.029913
v 2.305012 0.081781 0.030007
v 2.322197 0.095312 0.030104
v 2.339765 0.108837 0.030205
v 2.361810 0.088892 0.030484
v 2.384399 0.069538 0.030766
v 2.407495 0.050781 0.031049
v 2.431060 0.032629 0.031335
v 2.455055 0.015088 0.031621
v 2.479441 -0.001834 0.031909
v 2.504182 -0.018132 0.032197
v 2.529239 -0.033797 0.032485
v 2.554573 -0.048823 0.032773
v 2.580145 -0.063204 0.033061
v 2.605920 -0.076931 0.033348
v 2.631856 -0.089999 0.033633
v 2.634923 -0.085972 0.033644
v 2.638569 -0.081463 0.033657
v 2.642708 -0.076571 0.033674
v 2.647254 -0.071398 0.033693
v 2.652118 -0.066044 0.033714
v 2.657215 -0.060610 0.033737
v 2.662458 -0.055197 0.033762
v 2.667760 -0.049905 0.033787
v 2.673034 -0.044836 0.033813
v 2.678195 -0.040089 0.033840
v 2.683153 -0.035767 0.033866
v 2.687824 -0.031968 0.033892
v 2.661470 -0.020361 0.033609
v 2.635434 -0.008021 0.033325
v 2.609746 0.005035 0.033042
v 2.584432 0.018789 0.032760
v 2.559520 0.033223 0.032478
v 2.535038 0.048321 0.032197
v 2.511015 0.064065 0.031917
v 2.487478 0.080438 0.031640
v 2.464453 0.097422 0.031364
v 2.441971 0.115000 0.031091
v 2.420057 0.133155 0.030820
v 2.398740 0.151869 0.030553
v 2.414562 0.163063 0.030647
v 2.430519 0.174118 0.030744
v 2.446580 0.185021 0.030842
v 2.462715 0.195757 0.030941
v 2.478891 0.206312 0.031042
v 2.495077 0.216672 0.031143
v 2.511244 0.226825 0.031245
v 2.527357 0.236755 0.031348
v 2.543388 0.246449 0.031451
v 2.559305 0.255893 0.031554
v 2.575075 0.265073 0.031656
v 2.590669 0.273975 0.031758
v 2.536646 0.321945 0.031078
v 3.564670 0.663504 0.038831
v 3.541192 0.665926 0.038611
v 3.513443 0.668735 0.038352
v 3.481872 0.671875 0.038058
v 3.446925 0.675290 0.037732
v 3.409052 0.678927 0.037379
v 3.368699 0.682728 0.037003
v 3.326315 0.686640 0.036609
v 3.282348 0.690606 0.036201
v 3.237245 0.694572 0.035782
v 3.191455 0.698481 0.035358
v 3.145425 0.702280 0.034931
v 3.118494 0.704452 0.034682
v 3.092231 0.706500 0.034440
v 3.066675 0.708424 0.034204
v 3.041869 0.710222 0.033975
v 3.017855 0.711896 0.033754
v 2.994675 0.713446 0.033541
v 2.972370 0.714871 0.033336
v 2.950981 0.716172 0.033140
v 2.930551 0.717348 0.032953
v 2.911120 0.718400 0.032775
v 2.892732 0.719327 0.032608
v 2.875427 0.720130 0.032450
v 2.875468 0.640130 0.032782
v 2.890324 0.640110 0.032914
v 2.906235 0.640004 0.033056
v 2.922966 0.639766 0.033207
v 2.940281 0.639352 0.033363
v 2.957942 0.638715 0.033523
v 2.975715 0.637811 0.033685
v 2.993363 0.636595 0.033848
v 3.010650 0.635020 0.034008
v 3.027341 0.633043 0.034165
v 3.043198 0.630617 0.034317
v 3.057986 0.627698 0.034461
v 3.071468 0.624239 0.034595
v 3.105809 0.610631 0.034958
v 3.137750 0.593087 0.035315
v 3.167179 0.572090 0.035665
v 3.193985 0.548123 0.036003
v 3.218055 0.521668 0.036327
v 3.239280 0.493209 0.036634
v 3.257547 0.463227 0.036921
v 3.272745 0.432205 0.037185
v 3.284763 0.400625 0.037423
v 3.293490 0.368971 0.037632
v 3.298814 0.337725 0.037809
v 3.300624 0.307369 0.037951
v 3.296972 0.261344 0.038109
v 3.286433 0.220589 0.038184
v 3.269704 0.184838 0.038183
v 3.247483 0.153823 0.038113
v 3.220468 0.127277 0.037982
v 3.189358 0.104934 0.037797
v 3.154850 0.086527 0.037566
v 3.117642 0.071788 0.037295
v 3.078433 0.060451 0.036992
v 3.037919 0.052249 0.036665
v 2.996800 0.046914 0.036320
v 2.955774 0.044180 0.035966
v 2.984816 -0.038803 0.036568
v 3.031467 -0.035092 0.036969
v 3.078376 -0.027436 0.037356
v 3.124720 -0.015726 0.037720
v 3.169677 0.000151 0.038056
v 3.212424 0.020304 0.038353
v 3.252137 0.044845 0.038606
v 3.287994 0.073883 0.038805
v 3.319171 0.107530 0.038944
v 3.344846 0.145895 0.039014
v 3.364196 0.189091 0.039008
v 3.376398 0.237227 0.038917
v 3.380629 0.290414 0.038735
v 3.378687 0.328784 0.038558
v 3.373127 0.365794 0.038356
v 3.364291 0.401295 0.038130
v 3.352518 0.435138 0.037885
v 3.338149 0.467174 0.037624
v 3.321524 0.497254 0.037351
v 3.302984 0.525229 0.037070
v 3.282868 0.550950 0.036784
v 3.261518 0.574267 0.036497
v 3.239273 0.595032 0.036213
v 3.216474 0.613095 0.035934
v 3.193461 0.628307 0.035666
v 3.223125 0.625081 0.035944
v 3.257930 0.621403 0.036270
v 3.296854 0.617318 0.036634
v 3.338871 0.612870 0.037027
v 3.382958 0.608103 0.037440
v 3.428090 0.603063 0.037863
v 3.473243 0.597793 0.038287
v 3.517393 0.592339 0.038704
v 3.559515 0.586745 0.039103
v 3.598586 0.581056 0.039475
v 3.633580 0.575316 0.039810
v 3.663473 0.569569 0.040101
v 3.672428 0.656573 0.039820
v 3.663057 0.656838 0.039736
v 3.653961 0.657142 0.039653
v 3.645163 0.657480 0.039573
v 3.636688 0.657850 0.039496
v 3.628560 0.658247 0.039422
v 3.620804 0.658669 0.039351
v 3.613443 0.659113 0.039284
v 3.606503 0.659573 0.039220
v 3.600007 0.660048 0.039160
v 3.593980 0.660534 0.039104
v 3.588446 0.661027 0.039053
v 3.583429 0.661524 0.039006
v 2.988612 0.354196 0.034975
v 2.994477 0.366273 0.034977
v 3.000575 0.378466 0.034981
v 3.006889 0.390721 0.034986
v 3.013400 0.402987 0.034994
v 3.020092 0.415211 0.035003
v 3.026947 0.427341 0.035014
v 3.033948 0.439326 0.035026
v 3.041078 0.451113 0.035041
v 3.048319 0.462650 0.035058
v 3.055654 0.473885 0.035077
v 3.063065 0.484765 0.035098
v 3.070535 0.495240 0.035121
v 3.019526 0.517211 0.034575
v 3.013487 0.508381 0.034558
v 3.006934 0.498506 0.034540
v 2.999979 0.487748 0.034523
v 2.992733 0.476271 0.034506
v 2.985307 0.464239 0.034489
v 2.977812 0.451814 0.034474
v 2.970358 0.439160 0.034460
v 2.963057 0.426440 0.034448
v 2.956020 0.413818 0.034437
v 2.949357 0.401456 0.034429
v 2.943181 0.389518 0.034423
v 2.937601 0.378167 0.034421
v 2.875595 0.396132 0.033793
v 2.881690 0.408382 0.033797
v 2.887984 0.420607 0.033802
v 2.894465 0.432783 0.033810
v 2.901123 0.444887 0.033819
v 2.907948 0.456894 0.033830
v 2.914930 0.468779 0.033843
v 2.922057 0.480518 0.033858
v 2.929320 0.492087 0.033875
v 2.936708 0.503462 0.033894
v 2.944211 0.514619 0.033914
v 2.951818 0.525532 0.033937
v 2.959518 0.536178 0.033962
v 2.910508 0.559151 0.033429
v 2.904199 0.550340 0.033410
v 2.897338 0.540518 0.033389
v 2.890040 0.529842 0.033368
v 2.882420 0.518469 0.033347
v 2.874591 0.506553 0.033327
v 2.866669 0.494252 0.033307
v 2.858768 0.481721 0.033289
v 2.851002 0.469118 0.033272
v 2.843486 0.456598 0.033256
v 2.836335 0.444319 0.033244
v 2.829663 0.432435 0.033233
v 2.823584 0.421103 0.033226
v 4.245861 0.422869 0.045902
v 4.222445 0.438686 0.045627
v 4.199418 0.455211 0.045354
v 4.176911 0.472299 0.045082
v 4.155056 0.489805 0.044815
v 4.133986 0.507581 0.044553
v 4.113833 0.525483 0.044299
v 4.094729 0.543364 0.044055
v 4.076805 0.561080 0.043822
v 4.060193 0.578484 0.043601
v 4.045027 0.595430 0.043396
v 4.031437 0.611773 0.043207
v 3.969470 0.551739 0.042903
v 3.982689 0.537640 0.043079
v 3.997267 0.522903 0.043271
v 4.013101 0.507639 0.043475
v 4.030091 0.491958 0.043691
v 4.048138 0.475973 0.043919
v 4.067139 0.459794 0.044155
v 4.086994 0.443532 0.044399
v 4.107603 0.427298 0.044650
v 4.128865 0.411204 0.044907
v 4.150679 0.395360 0.045167
v 4.172943 0.379877 0.045429
v 4.195559 0.364866 0.045693
v 4.195743 0.008869 0.047169
v 4.195724 0.000931 0.047202
v 4.195659 -0.007302 0.047235
v 4.195537 -0.015709 0.047269
v 4.195352 -0.024168 0.047303
v 4.195098 -0.032557 0.047335
v 4.194768 -0.040756 0.047366
v 4.194355 -0.048642 0.047395
v 4.193851 -0.056094 0.047421
v 4.193249 -0.062991 0.047445
v 4.192543 -0.069210 0.047464
v 4.191725 -0.074632 0.047479
v 4.190789 -0.079133 0.047490
v 4.282785 -0.079082 0.048310
v 4.282285 -0.074581 0.048287
v 4.281790 -0.069161 0.048260
v 4.281308 -0.062942 0.048230
v 4.280848 -0.056046 0.048197
v 4.280415 -0.048594 0.048162
v 4.280015 -0.040708 0.048126
v 4.279658 -0.032510 0.048089
v 4.279349 -0.024121 0.048051
v 4.279097 -0.015662 0.048014
v 4.278906 -0.007256 0.047978
v 4.278785 0.000978 0.047942
v 4.278740 0.008915 0.047909
v 4.278581 0.314913 0.046640
v 4.300233 0.303543 0.046881
v 4.323096 0.291966 0.047132
v 4.347050 0.280264 0.047395
v 4.371972 0.268521 0.047665
v 4.397741 0.256820 0.047944
v 4.424237 0.245244 0.048228
v 4.451336 0.233878 0.048517
v 4.478918 0.222803 0.048808
v 4.506860 0.212103 0.049102
v 4.535042 0.201862 0.049396
v 4.563341 0.192162 0.049688
v 4.591638 0.183088 0.049978
v 4.629597 0.257108 0.050010
v 4.596328 0.265618 0.049678
v 4.562715 0.275548 0.049337
v 4.529038 0.286693 0.048991
v 4.495581 0.298848 0.048642
v 4.462623 0.311810 0.048294
v 4.430445 0.325372 0.047951
v 4.399329 0.339331 0.047616
v 4.369557 0.353482 0.047292
v 4.341411 0.367619 0.046982
v 4.315170 0.381539 0.046691
v 4.291118 0.395037 0.046420
v 4.269533 0.407907 0.046175
v 5.443353 0.666485 0.055571
v 5.443363 0.646317 0.055655
v 5.443377 0.619620 0.055765
v 5.443394 0.587965 0.055897
v 5.443412 0.552922 0.056042
v 5.443431 0.516059 0.056195
v 5.443450 0.478945 0.056349
v 5.443468 0.443152 0.056497
v 5.443485 0.410247 0.056633
v 5.443501 0.381800 0.056751
v 5.443512 0.359382 0.056844
v 5.443520 0.344560 0.056906
v 5.443482 0.338157 0.056932
v 5.443369 0.331500 0.056959
v 5.443186 0.324669 0.056985
v 5.442941 0.317745 0.057012
v 5.442640 0.310807 0.057038
v 5.442291 0.303935 0.057063
v 5.441899 0.297208 0.057087
v 5.441474 0.290707 0.057111
v 5.441020 0.284512 0.057132
v 5.440545 0.278702 0.057152
v 5.440056 0.273358 0.057170
v 5.439559 0.268558 0.057185
v 5.531555 0.268610 0.058005
v 5.531034 0.272702 0.057984
v 5.530486 0.277438 0.057959
v 5.529922 0.282749 0.057932
v 5.529360 0.288571 0.057903
v 5.528811 0.294838 0.057872
v 5.528289 0.301482 0.057840
v 5.527808 0.308440 0.057807
v 5.527383 0.315644 0.057773
v 5.527027 0.323028 0.057740
v 5.526755 0.330528 0.057706
v 5.526580 0.338076 0.057673
v 5.526516 0.345606 0.057642
v 5.526508 0.360408 0.057580
v 5.526497 0.382772 0.057488
v 5.526482 0.411137 0.057370
v 5.526465 0.443939 0.057234
v 5.526446 0.479615 0.057086
v 5.526427 0.516605 0.056933
v 5.526408 0.553344 0.056780
v 5.526390 0.588271 0.056635
v 5.526374 0.619823 0.056505
v 5.526360 0.646437 0.056394
v 5.526349 0.666551 0.056311
v 5.526343 0.678603 0.056261
v 5.526381 0.683438 0.056241
v 5.526495 0.688867 0.056220
v 5.526679 0.694775 0.056197
v 5.526924 0.701048 0.056173
v 5.527225 0.707571 0.056149
v 5.527575 0.714229 0.056124
v 5.527966 0.720908 0.056100
v 5.528392 0.727493 0.056077
v 5.528845 0.733870 0.056054
v 5.529320 0.739924 0.056034
v 5.529809 0.745540 0.056015
v 5.530305 0.750605 0.055998
v 5.439309 0.750554 0.055187
v 5.439811 0.745605 0.055212
v 5.440306 0.740291 0.055238
v 5.440786 0.734665 0.055266
v 5.441247 0.728778 0.055294
v 5.441679 0.722683 0.055323
v 5.442077 0.716431 0.055353
v 5.442433 0.710075 0.055382
v 5.442740 0.703668 0.055412
v 5.442993 0.697260 0.055440
v 5.443183 0.690904 0.055468
v 5.443303 0.684653 0.055495
v 5.443346 0.678557 0.055521
v 4.978374 0.660434 0.051450
v 4.978380 0.648049 0.051501
v 4.978388 0.634455 0.051558
v 4.978395 0.619966 0.051618
v 4.978403 0.604893 0.051680
v 4.978411 0.589549 0.051744
v 4.978418 0.574248 0.051807
v 4.978427 0.559300 0.051869
v 4.978434 0.545019 0.051928
v 4.978441 0.531717 0.051983
v 4.978447 0.519706 0.052033
v 4.978453 0.509300 0.052076
v 4.979173 0.452558 0.052318
v 4.981286 0.401942 0.052546
v 4.984813 0.356867 0.052764
v 4.989775 0.316753 0.052975
v 4.996191 0.281013 0.053180
v 5.004086 0.249067 0.053383
v 5.013479 0.220329 0.053586
v 5.024392 0.194217 0.053791
v 5.036845 0.170148 0.054002
v 5.050859 0.147538 0.054220
v 5.066457 0.125804 0.054449
v 5.083658 0.104362 0.054692
v 5.100610 0.085591 0.054920
v 5.118805 0.068220 0.055155
v 5.138027 0.052190 0.055392
v 5.158061 0.037441 0.055632
v 5.178690 0.023915 0.055872
v 5.199701 0.011552 0.056111
v 5.220879 0.000294 0.056346
v 5.242007 -0.009919 0.056577
v 5.262872 -0.019147 0.056801
v 5.283256 -0.027447 0.057017
v 5.302945 -0.034880 0.057224
v 5.321725 -0.041504 0.057419
v 5.386686 0.027531 0.057712
v 5.363839 0.033630 0.057483
v 5.341338 0.040483 0.057254
v 5.319241 0.048134 0.057025
v 5.297601 0.056629 0.056797
v 5.276474 0.066014 0.056570
v 5.255916 0.076333 0.056344
v 5.235983 0.087631 0.056119
v 5.216730 0.099955 0.055896
v 5.198212 0.113348 0.055676
v 5.180485 0.127855 0.055458
v 5.163605 0.143524 0.055242
v 5.147627 0.160397 0.055030
v 5.131069 0.181160 0.054796
v 5.116805 0.202222 0.054582
v 5.104673 0.223967 0.054384
v 5.094510 0.246774 0.054199
v 5.086151 0.271028 0.054024
v 5.079433 0.297108 0.053856
v 5.074194 0.325398 0.053692
v 5.070269 0.356278 0.053529
v 5.067494 0.390132 0.053364
v 5.065708 0.427340 0.053194
v 5.064747 0.468285 0.053016
v 5.064446 0.513348 0.052826
v 5.064441 0.523771 0.052783
v 5.064435 0.535815 0.052733
v 5.064428 0.549145 0.052678
v 5.064421 0.563422 0.052619
v 5.064413 0.578310 0.052557
v 5.064405 0.593472 0.052494
v 5.064397 0.608572 0.052432
v 5.064389 0.623273 0.052371
v 5.064383 0.637238 0.052313
v 5.064376 0.650129 0.052259
v 5.064369 0.661611 0.052212
v 5.064364 0.671347 0.052171
v 5.064402 0.679723 0.052137
v 5.064518 0.687860 0.052104
v 5.064712 0.695768 0.052073
v 5.064978 0.703458 0.052044
v 5.065313 0.710939 0.052016
v 5.065716 0.718222 0.051989
v 5.066180 0.725318 0.051964
v 5.066704 0.732236 0.051940
v 5.067283 0.738988 0.051917
v 5.067914 0.745584 0.051896
v 5.068594 0.752034 0.051875
v 5.069320 0.758349 0.051855
v 4.975324 0.758296 0.051017
v 4.975806 0.751982 0.051048
v 4.976247 0.745533 0.051078
v 4.976645 0.738938 0.051109
v 4.977004 0.732186 0.051140
v 4.977320 0.725268 0.051172
v 4.977594 0.718173 0.051204
v 4.977827 0.710890 0.051236
v 4.978019 0.703409 0.051269
v 4.978168 0.695720 0.051302
v 4.978276 0.687812 0.051336
v 4.978343 0.679675 0.051370
v 4.978369 0.671299 0.051405
v 6.346324 0.653059 0.063679
v 6.347865 0.647422 0.063716
v 6.349468 0.641542 0.063755
v 6.351114 0.635468 0.063794
v 6.352780 0.629248 0.063835
v 6.354446 0.622931 0.063876
v 6.356091 0.616565 0.063917
v 6.357696 0.610199 0.063958
v 6.359238 0.603882 0.063998
v 6.360696 0.597661 0.064036
v 6.362049 0.591587 0.064074
v 6.363278 0.585707 0.064109
v 6.364361 0.580070 0.064142
v 6.368299 0.562857 0.064248
v 6.373065 0.542519 0.064375
v 6.378611 0.519516 0.064520
v 6.384886 0.494304 0.064680
v 6.391843 0.467343 0.064854
v 6.399432 0.439090 0.065039
v 6.407606 0.410005 0.065232
v 6.416314 0.380545 0.065432
v 6.425508 0.351168 0.065635
v 6.435140 0.322333 0.065840
v 6.445160 0.294499 0.066045
v 6.455519 0.268123 0.066247
v 6.465127 0.244919 0.066428
v 6.475390 0.221375 0.066618
v 6.486259 0.197609 0.066813
v 6.497678 0.173740 0.067014
v 6.509598 0.149884 0.067219
v 6.521966 0.126161 0.067427
v 6.534729 0.102688 0.067638
v 6.547836 0.079583 0.067851
v 6.561234 0.056965 0.068064
v 6.574872 0.034951 0.068277
v 6.588696 0.013659 0.068488
v 6.602656 -0.006793 0.068697
v 6.687634 0.029254 0.069306
v 6.672028 0.050429 0.069079
v 6.656761 0.072371 0.068852
v 6.641883 0.094931 0.068626
v 6.627442 0.117961 0.068402
v 6.613487 0.141310 0.068181
v 6.600067 0.164829 0.067963
v 6.587231 0.188370 0.067752
v 6.575026 0.211783 0.067546
v 6.563501 0.234918 0.067347
v 6.552707 0.257626 0.067157
v 6.542689 0.279759 0.066976
v 6.533499 0.301166 0.066805
v 6.522772 0.327882 0.066599
v 6.512183 0.356344 0.066387
v 6.501831 0.386257 0.066170
v 6.491811 0.417327 0.065952
v 6.482221 0.449259 0.065735
v 6.473158 0.481756 0.065519
v 6.464720 0.514525 0.065308
v 6.457005 0.547270 0.065104
v 6.450108 0.579696 0.064908
v 6.444129 0.611507 0.064723
v 6.439163 0.642410 0.064551
v 6.435310 0.672108 0.064393
v 5.893492 0.631419 0.059730
v 5.884963 0.633192 0.059647
v 5.876851 0.636048 0.059563
v 5.869238 0.639905 0.059479
v 5.862208 0.644679 0.059396
v 5.855844 0.650287 0.059317
v 5.850230 0.656645 0.059240
v 5.845449 0.663670 0.059168
v 5.841584 0.671278 0.059102
v 5.838719 0.679388 0.059043
v 5.836937 0.687915 0.058992
v 5.836322 0.696775 0.058950
v 5.836928 0.705866 0.058918
v 5.838701 0.714587 0.058897
v 5.841558 0.722856 0.058889
v 5.845415 0.730595 0.058891
v 5.850189 0.737723 0.058904
v 5.855796 0.744161 0.058927
v 5.862154 0.749828 0.058961
v 5.869179 0.754645 0.059003
v 5.876787 0.758532 0.059055
v 5.884897 0.761408 0.059115
v 5.893423 0.763195 0.059184
v 5.902284 0.763811 0.059260
v 5.911354 0.763205 0.059344
v 5.920020 0.761428 0.059429
v 5.928206 0.758560 0.059513
v 5.935843 0.754682 0.059598
v 5.942853 0.749873 0.059680
v 5.949166 0.744213 0.059760
v 5.954710 0.737781 0.059836
v 5.959410 0.730658 0.059907
v 5.963193 0.722924 0.059973
v 5.965987 0.714657 0.060032
v 5.967719 0.705939 0.060084
v 5.968316 0.696849 0.060127
v 5.967730 0.687987 0.060158
v 5.966006 0.679459 0.060178
v 5.963221 0.671346 0.060187
v 5.959445 0.663733 0.060185
v 5.954753 0.656703 0.060172
v 5.949216 0.650338 0.060149
v 5.942908 0.644724 0.060116
v 5.935903 0.639942 0.060073
v 5.928271 0.636077 0.060021
v 5.920088 0.633211 0.059960
v 5.911424 0.631429 0.059890
v 5.902352 0.630813 0.059812
v 5.887243 0.808763 0.058940
v 5.872787 0.805730 0.058824
v 5.859032 0.800850 0.058721
v 5.846123 0.794261 0.058634
v 5.834199 0.786104 0.058561
v 5.823405 0.776518 0.058504
v 5.813884 0.765640 0.058465
v 5.805775 0.753610 0.058442
v 5.799222 0.740567 0.058438
v 5.794367 0.726650 0.058452
v 5.791354 0.711998 0.058486
v 5.790323 0.696750 0.058540
v 5.791369 0.681522 0.058612
v 5.794398 0.666928 0.058700
v 5.799267 0.653099 0.058800
v 5.805833 0.640166 0.058912
v 5.813954 0.628262 0.059034
v 5.823488 0.617519 0.059164
v 5.834291 0.608068 0.059299
v 5.846223 0.600041 0.059439
v 5.859139 0.593570 0.059581
v 5.872899 0.588787 0.059723
v 5.887359 0.585824 0.059865
v 5.902377 0.584813 0.060003
v 5.917604 0.585841 0.060134
v 5.932199 0.588820 0.060252
v 5.946028 0.593618 0.060355
v 5.958960 0.600104 0.060444
v 5.970863 0.608144 0.060517
v 5.981607 0.617607 0.060573
v 5.991058 0.628361 0.060613
v 5.999085 0.640274 0.060635
v 6.005556 0.653214 0.060639
v 6.010339 0.667048 0.060625
v 6.013303 0.681646 0.060591
v 6.014315 0.696874 0.060537
v 6.013286 0.712121 0.060464
v 6.010307 0.726770 0.060377
v 6.005510 0.740682 0.060277
v 5.999025 0.753717 0.060165
v 5.990986 0.765738 0.060043
v 5.981524 0.776605 0.059914
v 5.970770 0.786180 0.059779
v 5.958858 0.794324 0.059639
v 5.945919 0.800898 0.059496
v 5.932085 0.805763 0.059352
v 5.917488 0.808780 0.059210
v 5.902260 0.809811 0.059070
v 6.105318 0.681925 0.061410
v 6.094855 0.662601 0.061397
v 6.083553 0.640867 0.061386
v 6.071572 0.617063 0.061378
v 6.059071 0.591530 0.061372
v 6.046209 0.564607 0.061369
v 6.033146 0.536636 0.061368
v 6.020042 0.507957 0.061370
v 6.007057 0.478909 0.061375
v 5.994349 0.449834 0.061382
v 5.982080 0.421072 0.061391
v 5.970406 0.392962 0.061404
v 5.959488 0.365847 0.061419
v 5.949024 0.340034 0.061432
v 5.938197 0.312377 0.061450
v 5.927141 0.283282 0.061472
v 5.915992 0.253157 0.061498
v 5.904885 0.222406 0.061526
v 5.893955 0.191437 0.061557
v 5.883339 0.160655 0.061589
v 5.873169 0.130467 0.061624
v 5.863583 0.101280 0.061659
v 5.854713 0.073499 0.061695
v 5.846698 0.047531 0.061731
v 5.839670 0.023783 0.061767
v 5.928681 -0.005167 0.062681
v 5.935342 0.020988 0.062632
v 5.942788 0.048308 0.062585
v 5.950935 0.076579 0.062540
v 5.959698 0.105590 0.062498
v 5.968987 0.135129 0.062459
v 5.978717 0.164984 0.062422
v 5.988801 0.194944 0.062388
v 5.999152 0.224796 0.062357
v 6.009685 0.254329 0.062328
v 6.020311 0.283330 0.062303
v 6.030945 0.311589 0.062281
v 6.041499 0.338892 0.062262
v 6.051900 0.365339 0.062245
v 6.063044 0.392936 0.062230
v 6.074799 0.421332 0.062217
v 6.087032 0.450176 0.062207
v 6.099613 0.479117 0.062199
v 6.112409 0.507805 0.062194
v 6.125288 0.535889 0.062193
v 6.138120 0.563018 0.062195
v 6.150771 0.588842 0.062201
v 6.163111 0.613009 0.062211
v 6.175008 0.635168 0.062225
v 6.186329 0.654970 0.062244
v 5.893492 0.631419 0.059730
v 5.894740 0.630839 -0.080263
v 5.884963 0.633192 0.059647
v 5.886211 0.632612 -0.080346
v 5.876851 0.636048 0.059563
v 5.878099 0.635469 -0.080430
v 5.869238 0.639905 0.059479
v 5.870486 0.639325 -0.080514
v 5.862208 0.644679 0.059396
v 5.863457 0.644099 -0.080597
v 5.855844 0.650287 0.059317
v 5.857093 0.649707 -0.080677
v 5.850230 0.656645 0.059240
v 5.851479 0.656065 -0.080753
v 5.845449 0.663670 0.059168
v 5.846698 0.663090 -0.080825
v 5.841584 0.671278 0.059102
v 5.842833 0.670699 -0.080891
v 5.838719 0.679388 0.059043
v 5.839968 0.678808 -0.080950
v 5.836937 0.687915 0.058992
v 5.838185 0.687335 -0.081001
v 5.836322 0.696775 0.058950
v 5.837570 0.696196 -0.081043
v 5.836928 0.705866 0.058918
v 5.838177 0.705287 -0.081076
v 5.838701 0.714587 0.058897
v 5.839950 0.714007 -0.081096
v 5.841558 0.722856 0.058889
v 5.842806 0.722276 -0.081105
v 5.845415 0.730595 0.058891
v 5.846663 0.730015 -0.081102
v 5.850189 0.737723 0.058904
v 5.851438 0.737143 -0.081089
v 5.855796 0.744161 0.058927
v 5.857044 0.743581 -0.081066
v 5.862154 0.749828 0.058961
v 5.863402 0.749248 -0.081033
v 5.869179 0.754645 0.059003
v 5.870427 0.754065 -0.080990
v 5.876787 0.758532 0.059055
v 5.878036 0.757952 -0.080938
v 5.884897 0.761408 0.059115
v 5.886146 0.760829 -0.080878
v 5.893423 0.763195 0.059184
v 5.894671 0.762615 -0.080809
v 5.902284 0.763811 0.059260
v 5.903532 0.763232 -0.080733
v 5.911354 0.763205 0.059344
v 5.912602 0.762625 -0.080649
v 5.920020 0.761428 0.059429
v 5.921268 0.760848 -0.080565
v 5.928206 0.758560 0.059513
v 5.929455 0.757981 -0.080480
v 5.935843 0.754682 0.059598
v 5.937091 0.754102 -0.080396
v 5.942853 0.749873 0.059680
v 5.944101 0.749293 -0.080313
v 5.949166 0.744213 0.059760
v 5.950415 0.743633 -0.080233
v 5.954710 0.737781 0.059836
v 5.955958 0.737201 -0.080157
v 5.959410 0.730658 0.059907
v 5.960658 0.730079 -0.080086
v 5.963193 0.722924 0.059973
v 5.964441 0.722344 -0.080020
v 5.965987 0.714657 0.060032
v 5.967236 0.714078 -0.079961
v 5.967719 0.705939 0.060084
v 5.968967 0.705359 -0.079910
v 5.968316 0.696849 0.060127
v 5.969564 0.696269 -0.079867
v 5.967730 0.687987 0.060158
v 5.968978 0.687408 -0.079835
v 5.966006 0.679459 0.060178
v 5.967255 0.678879 -0.079815
v 5.963221 0.671346 0.060187
v 5.964469 0.670766 -0.079806
v 5.959445 0.663733 0.060185
v 5.960693 0.663153 -0.079809
v 5.954753 0.656703 0.060172
v 5.956001 0.656123 -0.079821
v 5.949216 0.650338 0.060149
v 5.950464 0.649759 -0.079844
v 5.942908 0.644724 0.060116
v 5.944157 0.644144 -0.079877
v 5.935903 0.639942 0.060073
v 5.937151 0.639362 -0.079920
v 5.928271 0.636077 0.060021
v 5.929520 0.635497 -0.079972
v 5.920088 0.633211 0.059960
v 5.921336 0.632632 -0.080033
v 5.911424 0.631429 0.059890
v 5.912672 0.630849 -0.080103
v 5.902352 0.630813 0.059812
v 5.903601 0.630233 -0.080181
v 5.887243 0.808763 0.058940
v 5.888492 0.808184 -0.081053
v 5.872787 0.805730 0.058824
v 5.874035 0.805150 -0.081169
v 5.859032 0.800850 0.058721
v 5.860280 0.800270 -0.081272
v 5.846123 0.794261 0.058634
v 5.847371 0.793682 -0.081360
v 5.834199 0.786104 0.058561
v 5.835447 0.785525 -0.081432
v 5.823405 0.776518 0.058504
v 5.824654 0.775938 -0.081489
v 5.813884 0.765640 0.058465
v 5.815132 0.765060 -0.081529
v 5.805775 0.753610 0.058442
v 5.807023 0.753030 -0.081551
v 5.799222 0.740567 0.058438
v 5.800470 0.739987 -0.081556
v 5.794367 0.726650 0.058452
v 5.795615 0.726070 -0.081541
v 5.791354 0.711998 0.058486
v 5.792603 0.711418 -0.081507
v 5.790323 0.696750 0.058540
v 5.791572 0.696170 -0.081453
v 5.791369 0.681522 0.058612
v 5.792618 0.680943 -0.081381
v 5.794398 0.666928 0.058700
v 5.795647 0.666348 -0.081294
v 5.799267 0.653099 0.058800
v 5.800515 0.652519 -0.081193
v 5.805833 0.640166 0.058912
v 5.807081 0.639587 -0.081081
v 5.813954 0.628262 0.059034
v 5.815203 0.627683 -0.080959
v 5.823488 0.617519 0.059164
v 5.824737 0.616939 -0.080830
v 5.834291 0.608068 0.059299
v 5.835540 0.607488 -0.080694
v 5.846223 0.600041 0.059439
v 5.847471 0.599461 -0.080554
v 5.859139 0.593570 0.059581
v 5.860388 0.592990 -0.080412
v 5.872899 0.588787 0.059723
v 5.874147 0.588208 -0.080270
v 5.887359 0.585824 0.059865
v 5.888607 0.585245 -0.080129
v 5.902377 0.584813 0.060003
v 5.903625 0.584233 -0.079991
v 5.917604 0.585841 0.060134
v 5.918853 0.585261 -0.079859
v 5.932199 0.588820 0.060252
v 5.933447 0.588241 -0.079741
v 5.946028 0.593618 0.060355
v 5.947276 0.593039 -0.079638
v 5.958960 0.600104 0.060444
v 5.960208 0.599524 -0.079549
v 5.970863 0.608144 0.060517
v 5.972112 0.607564 -0.079477
v 5.981607 0.617607 0.060573
v 5.982856 0.617027 -0.079420
v 5.991058 0.628361 0.060613
v 5.992307 0.627781 -0.079380
v 5.999085 0.640274 0.060635
v 6.000334 0.639694 -0.079358
v 6.005556 0.653214 0.060639
v 6.006804 0.652634 -0.079354
v 6.010339 0.667048 0.060625
v 6.011587 0.666468 -0.079368
v 6.013303 0.681646 0.060591
v 6.014551 0.681066 -0.079402
v 6.014315 0.696874 0.060537
v 6.015563 0.696295 -0.079457
v 6.013286 0.712121 0.060464
v 6.014534 0.711542 -0.079529
v 6.010307 0.726770 0.060377
v 6.011556 0.726190 -0.079616
v 6.005510 0.740682 0.060277
v 6.006759 0.740102 -0.079716
v 5.999025 0.753717 0.060165
v 6.000274 0.753137 -0.079828
v 5.990986 0.765738 0.060043
v 5.992234 0.765158 -0.079950
v 5.981524 0.776605 0.059914
v 5.982772 0.776026 -0.080079
v 5.970770 0.786180 0.059779
v 5.972018 0.785601 -0.080215
v 5.958858 0.794324 0.059639
v 5.960107 0.793744 -0.080355
v 5.945919 0.800898 0.059496
v 5.947167 0.800318 -0.080497
v 5.932085 0.805763 0.059352
v 5.933333 0.805183 -0.080641
v 5.917488 0.808780 0.059210
v 5.918736 0.808200 -0.080783
v 5.902260 0.809811 0.059070
v 5.903508 0.809231 -0.080923
v 6.346324 0.653059 0.063679
v 6.347572 0.652479 -0.076314
v 6.347865 0.647422 0.063716
v 6.349113 0.646843 -0.076277
v 6.349468 0.641542 0.063755
v 6.350717 0.640963 -0.076239
v 6.351114 0.635468 0.063794
v 6.352363 0.634888 -0.076199
v 6.352780 0.629248 0.063835
v 6.354029 0.628668 -0.076158
v 6.354446 0.622931 0.063876
v 6.355695 0.622351 -0.076117
v 6.356091 0.616565 0.063917
v 6.357340 0.615985 -0.076076
v 6.357696 0.610199 0.063958
v 6.358944 0.609619 -0.076035
v 6.359238 0.603882 0.063998
v 6.360486 0.603302 -0.075996
v 6.360696 0.597661 0.064036
v 6.361944 0.597082 -0.075957
v 6.362049 0.591587 0.064074
v 6.363297 0.591007 -0.075920
v 6.363278 0.585707 0.064109
v 6.364527 0.585127 -0.075884
v 6.364361 0.580070 0.064142
v 6.365609 0.579490 -0.075851
v 6.368299 0.562857 0.064248
v 6.369547 0.562277 -0.075745
v 6.373065 0.542519 0.064375
v 6.374313 0.541940 -0.075618
v 6.378611 0.519516 0.064520
v 6.379859 0.518936 -0.075473
v 6.384886 0.494304 0.064680
v 6.386134 0.493724 -0.075313
v 6.391843 0.467343 0.064854
v 6.393091 0.466763 -0.075139
v 6.399432 0.439090 0.065039
v 6.400681 0.438511 -0.074955
v 6.407606 0.410005 0.065232
v 6.408854 0.409425 -0.074761
v 6.416314 0.380545 0.065432
v 6.417562 0.379965 -0.074562
v 6.425508 0.351168 0.065635
v 6.426757 0.350588 -0.074358
v 6.435140 0.322333 0.065840
v 6.436388 0.321754 -0.074153
v 6.445160 0.294499 0.066045
v 6.446408 0.293919 -0.073948
v 6.455519 0.268123 0.066247
v 6.456767 0.267543 -0.073746
v 6.465127 0.244919 0.066428
v 6.466375 0.244339 -0.073565
v 6.475390 0.221375 0.066618
v 6.476639 0.220795 -0.073376
v 6.486259 0.197609 0.066813
v 6.487507 0.197030 -0.073180
v 6.497678 0.173740 0.067014
v 6.498926 0.173160 -0.072980
v 6.509598 0.149884 0.067219
v 6.510846 0.149305 -0.072775
v 6.521966 0.126161 0.067427
v 6.523214 0.125581 -0.072566
v 6.534729 0.102688 0.067638
v 6.535977 0.102108 -0.072355
v 6.547836 0.079583 0.067851
v 6.549085 0.079004 -0.072142
v 6.561234 0.056965 0.068064
v 6.562483 0.056385 -0.071929
v 6.574872 0.034951 0.068277
v 6.576120 0.034371 -0.071717
v 6.588696 0.013659 0.068488
v 6.589945 0.013079 -0.071505
v 6.602656 -0.006793 0.068697
v 6.603905 -0.007373 -0.071296
v 6.687634 0.029254 0.069306
v 6.688882 0.028674 -0.070687
v 6.672028 0.050429 0.069079
v 6.673276 0.049849 -0.070914
v 6.656761 0.072371 0.068852
v 6.658010 0.071791 -0.071141
v 6.641883 0.094931 0.068626
v 6.643131 0.094351 -0.071367
v 6.627442 0.117961 0.068402
v 6.628691 0.117381 -0.071592
v 6.613487 0.141310 0.068181
v 6.614736 0.140730 -0.071813
v 6.600067 0.164829 0.067963
v 6.601315 0.164249 -0.072030
v 6.587231 0.188370 0.067752
v 6.588479 0.187790 -0.072242
v 6.575026 0.211783 0.067546
v 6.576274 0.211203 -0.072447
v 6.563501 0.234918 0.067347
v 6.564750 0.234338 -0.072646
v 6.552707 0.257626 0.067157
v 6.553955 0.257046 -0.072836
v 6.542689 0.279759 0.066976
v 6.543938 0.279179 -0.073017
v 6.533499 0.301166 0.066805
v 6.534747 0.300586 -0.073188
v 6.522772 0.327882 0.066599
v 6.524020 0.327302 -0.073394
v 6.512183 0.356344 0.066387
v 6.513432 0.355764 -0.073607
v 6.501831 0.386257 0.066170
v 6.503079 0.385677 -0.073823
v 6.491811 0.417327 0.065952
v 6.493059 0.416747 -0.074041
v 6.482221 0.449259 0.065735
v 6.483469 0.448679 -0.074259
v 6.473158 0.481756 0.065519
v 6.474406 0.481176 -0.074474
v 6.464720 0.514525 0.065308
v 6.465968 0.513945 -0.074685
v 6.457005 0.547270 0.065104
v 6.458253 0.546690 -0.074889
v 6.450108 0.579696 0.064908
v 6.451356 0.579116 -0.075085
v 6.444129 0.611507 0.064723
v 6.445377 0.610928 -0.075270
v 6.439163 0.642410 0.064551
v 6.440412 0.641830 -0.075442
v 6.435310 0.672108 0.064393
v 6.436559 0.671529 -0.075600
v 6.105318 0.681925 0.061410
v 6.106566 0.681345 -0.078583
v 6.094855 0.662601 0.061397
v 6.096104 0.662021 -0.078596
v 6.083553 0.640867 0.061386
v 6.084802 0.640287 -0.078607
v 6.071572 0.617063 0.061378
v 6.072821 0.616483 -0.078615
v 6.059071 0.591530 0.061372
v 6.060319 0.590950 -0.078621
v 6.046209 0.564607 0.061369
v 6.047458 0.564027 -0.078624
v 6.033146 0.536636 0.061368
v 6.034394 0.536056 -0.078625
v 6.020042 0.507957 0.061370
v 6.021291 0.507377 -0.078623
v 6.007057 0.478909 0.061375
v 6.008306 0.478329 -0.078619
v 5.994349 0.449834 0.061382
v 5.995598 0.449254 -0.078611
v 5.982080 0.421072 0.061391
v 5.983328 0.420492 -0.078602
v 5.970406 0.392962 0.061404
v 5.971654 0.392383 -0.078589
v 5.959488 0.365847 0.061419
v 5.960736 0.365267 -0.078574
v 5.949024 0.340034 0.061432
v 5.950273 0.339454 -0.078561
v 5.938197 0.312377 0.061450
v 5.939445 0.311797 -0.078543
v 5.927141 0.283282 0.061472
v 5.928390 0.282703 -0.078521
v 5.915992 0.253157 0.061498
v 5.917240 0.252577 -0.078496
v 5.904885 0.222406 0.061526
v 5.906134 0.221826 -0.078467
v 5.893955 0.191437 0.061557
v 5.895204 0.190857 -0.078437
v 5.883339 0.160655 0.061589
v 5.884587 0.160075 -0.078404
v 5.873169 0.130467 0.061624
v 5.874417 0.129887 -0.078369
v 5.863583 0.101280 0.061659
v 5.864831 0.100700 -0.078334
v 5.854713 0.073499 0.061695
v 5.855962 0.072919 -0.078298
v 5.846698 0.047531 0.061731
v 5.847946 0.046952 -0.078262
v 5.839670 0.023783 0.061767
v 5.840919 0.023203 -0.078226
v 5.928681 -0.005167 0.062681
v 5.929930 -0.005747 -0.077313
v 5.935342 0.020988 0.062632
v 5.936590 0.020408 -0.077362
v 5.942788 0.048308 0.062585
v 5.944036 0.047728 -0.077408
v 5.950935 0.076579 0.062540
v 5.952184 0.075999 -0.077453
v 5.959698 0.105590 0.062498
v 5.960946 0.105010 -0.077495
v 5.968987 0.135129 0.062459
v 5.970236 0.134549 -0.077534
v 5.978717 0.164984 0.062422
v 5.979965 0.164404 -0.077571
v 5.988801 0.194944 0.062388
v 5.990049 0.194364 -0.077605
v 5.999152 0.224796 0.062357
v 6.000401 0.224216 -0.077637
v 6.009685 0.254329 0.062328
v 6.010933 0.253749 -0.077665
v 6.020311 0.283330 0.062303
v 6.021560 0.282750 -0.077690
v 6.030945 0.311589 0.062281
v 6.032193 0.311009 -0.077713
v 6.041499 0.338892 0.062262
v 6.042747 0.338313 -0.077732
v 6.051900 0.365339 0.062245
v 6.053148 0.364760 -0.077748
v 6.063044 0.392936 0.062230
v 6.064292 0.392357 -0.077763
v 6.074799 0.421332 0.062217
v 6.076047 0.420752 -0.077776
v 6.087032 0.450176 0.062207
v 6.088281 0.449596 -0.077786
v 6.099613 0.479117 0.062199
v 6.100862 0.478538 -0.077794
v 6.112409 0.507805 0.062194
v 6.113657 0.507226 -0.077799
v 6.125288 0.535889 0.062193
v 6.126536 0.535309 -0.077800
v 6.138120 0.563018 0.062195
v 6.139368 0.562438 -0.077798
v 6.150771 0.588842 0.062201
v 6.152020 0.588262 -0.077792
v 6.163111 0.613009 0.062211
v 6.164359 0.612429 -0.077782
v 6.175008 0.635168 0.062225
v 6.176256 0.634589 -0.077768
v 6.186329 0.654970 0.062244
v 6.187577 0.654390 -0.077749
v 4.978374 0.660434 0.051450
v 4.979623 0.659855 -0.088543
v 4.978380 0.648049 0.051501
v 4.979629 0.647469 -0.088492
v 4.978388 0.634455 0.051558
v 4.979636 0.633876 -0.088436
v 4.978395 0.619966 0.051618
v 4.979644 0.619386 -0.088376
v 4.978403 0.604893 0.051680
v 4.979651 0.604313 -0.088313
v 4.978411 0.589549 0.051744
v 4.979659 0.588970 -0.088250
v 4.978418 0.574248 0.051807
v 4.979667 0.573668 -0.088186
v 4.978427 0.559300 0.051869
v 4.979675 0.558720 -0.088124
v 4.978434 0.545019 0.051928
v 4.979682 0.544439 -0.088065
v 4.978441 0.531717 0.051983
v 4.979690 0.531137 -0.088010
v 4.978447 0.519706 0.052033
v 4.979695 0.519127 -0.087960
v 4.978453 0.509300 0.052076
v 4.979701 0.508720 -0.087917
v 4.979173 0.452558 0.052318
v 4.980421 0.451978 -0.087675
v 4.981286 0.401942 0.052546
v 4.982534 0.401362 -0.087447
v 4.984813 0.356867 0.052764
v 4.986061 0.356288 -0.087229
v 4.989775 0.316753 0.052975
v 4.991023 0.316173 -0.087018
v 4.996191 0.281013 0.053180
v 4.997439 0.280434 -0.086813
v 5.004086 0.249067 0.053383
v 5.005334 0.248487 -0.086610
v 5.013479 0.220329 0.053586
v 5.014728 0.219749 -0.086408
v 5.024392 0.194217 0.053791
v 5.025640 0.193637 -0.086202
v 5.036845 0.170148 0.054002
v 5.038094 0.169568 -0.085992
v 5.050859 0.147538 0.054220
v 5.052108 0.146958 -0.085773
v 5.066457 0.125804 0.054449
v 5.067705 0.125224 -0.085544
v 5.083658 0.104362 0.054692
v 5.084907 0.103782 -0.085302
v 5.100610 0.085591 0.054920
v 5.101858 0.085011 -0.085073
v 5.118805 0.068220 0.055155
v 5.120053 0.067640 -0.084839
v 5.138027 0.052190 0.055392
v 5.139276 0.051610 -0.084601
v 5.158061 0.037441 0.055632
v 5.159309 0.036861 -0.084361
v 5.178690 0.023915 0.055872
v 5.179938 0.023335 -0.084121
v 5.199701 0.011552 0.056111
v 5.200950 0.010973 -0.083882
v 5.220879 0.000294 0.056346
v 5.222127 -0.000286 -0.083647
v 5.242007 -0.009919 0.056577
v 5.243256 -0.010499 -0.083416
v 5.262872 -0.019147 0.056801
v 5.264120 -0.019726 -0.083192
v 5.283256 -0.027447 0.057017
v 5.284504 -0.028027 -0.082976
v 5.302945 -0.034880 0.057224
v 5.304193 -0.035460 -0.082770
v 5.321725 -0.041504 0.057419
v 5.322973 -0.042084 -0.082575
v 5.386686 0.027531 0.057712
v 5.387935 0.026951 -0.082281
v 5.363839 0.033630 0.057483
v 5.365088 0.033050 -0.082510
v 5.341338 0.040483 0.057254
v 5.342587 0.039903 -0.082739
v 5.319241 0.048134 0.057025
v 5.320489 0.047554 -0.082968
v 5.297601 0.056629 0.056797
v 5.298849 0.056050 -0.083196
v 5.276474 0.066014 0.056570
v 5.277722 0.065434 -0.083423
v 5.255916 0.076333 0.056344
v 5.257164 0.075753 -0.083649
v 5.235983 0.087631 0.056119
v 5.237231 0.087052 -0.083874
v 5.216730 0.099955 0.055896
v 5.217978 0.099375 -0.084097
v 5.198212 0.113348 0.055676
v 5.199460 0.112768 -0.084317
v 5.180485 0.127855 0.055458
v 5.181733 0.127276 -0.084535
v 5.163605 0.143524 0.055242
v 5.164853 0.142944 -0.084751
v 5.147627 0.160397 0.055030
v 5.148875 0.159817 -0.084963
v 5.131069 0.181160 0.054796
v 5.132318 0.180580 -0.085197
v 5.116805 0.202222 0.054582
v 5.118053 0.201643 -0.085411
v 5.104673 0.223967 0.054384
v 5.105922 0.223387 -0.085610
v 5.094510 0.246774 0.054199
v 5.095758 0.246195 -0.085795
v 5.086151 0.271028 0.054024
v 5.087399 0.270448 -0.085970
v 5.079433 0.297108 0.053856
v 5.080682 0.296528 -0.086138
v 5.074194 0.325398 0.053692
v 5.075442 0.324818 -0.086301
v 5.070269 0.356278 0.053529
v 5.071517 0.355699 -0.086464
v 5.067494 0.390132 0.053364
v 5.068743 0.389552 -0.086629
v 5.065708 0.427340 0.053194
v 5.066957 0.426760 -0.086799
v 5.064747 0.468285 0.053016
v 5.065995 0.467705 -0.086977
v 5.064446 0.513348 0.052826
v 5.065695 0.512768 -0.087167
v 5.064441 0.523771 0.052783
v 5.065689 0.523191 -0.087210
v 5.064435 0.535815 0.052733
v 5.065683 0.535236 -0.087260
v 5.064428 0.549145 0.052678
v 5.065677 0.548565 -0.087315
v 5.064421 0.563422 0.052619
v 5.065669 0.562842 -0.087374
v 5.064413 0.578310 0.052557
v 5.065661 0.577730 -0.087436
v 5.064405 0.593472 0.052494
v 5.065654 0.592892 -0.087499
v 5.064397 0.608572 0.052432
v 5.065645 0.607992 -0.087562
v 5.064389 0.623273 0.052371
v 5.065638 0.622693 -0.087622
v 5.064383 0.637238 0.052313
v 5.065631 0.636658 -0.087680
v 5.064376 0.650129 0.052259
v 5.065624 0.649549 -0.087734
v 5.064369 0.661611 0.052212
v 5.065618 0.661031 -0.087781
v 5.064364 0.671347 0.052171
v 5.065613 0.670767 -0.087822
v 5.064402 0.679723 0.052137
v 5.065650 0.679143 -0.087856
v 5.064518 0.687860 0.052104
v 5.065766 0.687281 -0.087889
v 5.064712 0.695768 0.052073
v 5.065960 0.695189 -0.087920
v 5.064978 0.703458 0.052044
v 5.066226 0.702878 -0.087949
v 5.065313 0.710939 0.052016
v 5.066562 0.710359 -0.087977
v 5.065716 0.718222 0.051989
v 5.066964 0.717642 -0.088004
v 5.066180 0.725318 0.051964
v 5.067429 0.724738 -0.088029
v 5.066704 0.732236 0.051940
v 5.067952 0.731656 -0.088053
v 5.067283 0.738988 0.051917
v 5.068531 0.738408 -0.088076
v 5.067914 0.745584 0.051896
v 5.069162 0.745004 -0.088098
v 5.068594 0.752034 0.051875
v 5.069842 0.751454 -0.088118
v 5.069320 0.758349 0.051855
v 5.070568 0.757769 -0.088138
v 4.975324 0.758296 0.051017
v 4.976572 0.757717 -0.088976
v 4.975806 0.751982 0.051048
v 4.977055 0.751403 -0.088945
v 4.976247 0.745533 0.051078
v 4.977495 0.744953 -0.088915
v 4.976645 0.738938 0.051109
v 4.977894 0.738358 -0.088884
v 4.977004 0.732186 0.051140
v 4.978252 0.731607 -0.088853
v 4.977320 0.725268 0.051172
v 4.978568 0.724688 -0.088821
v 4.977594 0.718173 0.051204
v 4.978843 0.717593 -0.088790
v 4.977827 0.710890 0.051236
v 4.979075 0.710310 -0.088757
v 4.978019 0.703409 0.051269
v 4.979267 0.702830 -0.088725
v 4.978168 0.695720 0.051302
v 4.979417 0.695141 -0.088691
v 4.978276 0.687812 0.051336
v 4.979525 0.687233 -0.088658
v 4.978343 0.679675 0.051370
v 4.979591 0.679096 -0.088623
v 4.978369 0.671299 0.051405
v 4.979617 0.670719 -0.088588
v 5.443353 0.666485 0.055571
v 5.444601 0.665906 -0.084422
v 5.443363 0.646317 0.055655
v 5.444612 0.645737 -0.084338
v 5.443377 0.619620 0.055765
v 5.444625 0.619040 -0.084228
v 5.443394 0.587965 0.055897
v 5.444642 0.587386 -0.084097
v 5.443412 0.552922 0.056042
v 5.444660 0.552342 -0.083951
v 5.443431 0.516059 0.056195
v 5.444679 0.515479 -0.083798
v 5.443450 0.478945 0.056349
v 5.444698 0.478366 -0.083645
v 5.443468 0.443152 0.056497
v 5.444716 0.442572 -0.083496
v 5.443485 0.410247 0.056633
v 5.444734 0.409667 -0.083360
v 5.443501 0.381800 0.056751
v 5.444749 0.381221 -0.083242
v 5.443512 0.359382 0.056844
v 5.444760 0.358802 -0.083149
v 5.443520 0.344560 0.056906
v 5.444768 0.343980 -0.083087
v 5.443482 0.338157 0.056932
v 5.444731 0.337577 -0.083061
v 5.443369 0.331500 0.056959
v 5.444617 0.330920 -0.083035
v 5.443186 0.324669 0.056985
v 5.444434 0.324090 -0.083008
v 5.442941 0.317745 0.057012
v 5.444189 0.317165 -0.082981
v 5.442640 0.310807 0.057038
v 5.443889 0.310227 -0.082955
v 5.442291 0.303935 0.057063
v 5.443540 0.303355 -0.082930
v 5.441899 0.297208 0.057087
v 5.443148 0.296628 -0.082906
v 5.441474 0.290707 0.057111
v 5.442722 0.290128 -0.082883
v 5.441020 0.284512 0.057132
v 5.442268 0.283932 -0.082861
v 5.440545 0.278702 0.057152
v 5.441793 0.278123 -0.082841
v 5.440056 0.273358 0.057170
v 5.441304 0.272778 -0.082823
v 5.439559 0.268558 0.057185
v 5.440807 0.267979 -0.082808
v 5.531555 0.268610 0.058005
v 5.532804 0.268030 -0.081988
v 5.531034 0.272702 0.057984
v 5.532283 0.272123 -0.082009
v 5.530486 0.277438 0.057959
v 5.531734 0.276858 -0.082034
v 5.529922 0.282749 0.057932
v 5.531171 0.282169 -0.082061
v 5.529360 0.288571 0.057903
v 5.530608 0.287991 -0.082090
v 5.528811 0.294838 0.057872
v 5.530059 0.294258 -0.082121
v 5.528289 0.301482 0.057840
v 5.529537 0.300903 -0.082153
v 5.527808 0.308440 0.057807
v 5.529057 0.307860 -0.082186
v 5.527383 0.315644 0.057773
v 5.528631 0.315064 -0.082220
v 5.527027 0.323028 0.057740
v 5.528275 0.322449 -0.082254
v 5.526755 0.330528 0.057706
v 5.528004 0.329948 -0.082287
v 5.526580 0.338076 0.057673
v 5.527828 0.337496 -0.082320
v 5.526516 0.345606 0.057642
v 5.527764 0.345026 -0.082352
v 5.526508 0.360408 0.057580
v 5.527757 0.359828 -0.082413
v 5.526497 0.382772 0.057488
v 5.527745 0.382193 -0.082506
v 5.526482 0.411137 0.057370
v 5.527730 0.410557 -0.082623
v 5.526465 0.443939 0.057234
v 5.527714 0.443359 -0.082759
v 5.526446 0.479615 0.057086
v 5.527695 0.479036 -0.082907
v 5.526427 0.516605 0.056933
v 5.527676 0.516025 -0.083061
v 5.526408 0.553344 0.056780
v 5.527657 0.552764 -0.083213
v 5.526390 0.588271 0.056635
v 5.527638 0.587691 -0.083358
v 5.526374 0.619823 0.056505
v 5.527622 0.619243 -0.083489
v 5.526360 0.646437 0.056394
v 5.527608 0.645857 -0.083599
v 5.526349 0.666551 0.056311
v 5.527597 0.665971 -0.083682
v 5.526343 0.678603 0.056261
v 5.527592 0.678023 -0.083732
v 5.526381 0.683438 0.056241
v 5.527630 0.682859 -0.083752
v 5.526495 0.688867 0.056220
v 5.527743 0.688287 -0.083773
v 5.526679 0.694775 0.056197
v 5.527927 0.694195 -0.083796
v 5.526924 0.701048 0.056173
v 5.528172 0.700468 -0.083820
v 5.527225 0.707571 0.056149
v 5.528474 0.706991 -0.083844
v 5.527575 0.714229 0.056124
v 5.528823 0.713649 -0.083869
v 5.527966 0.720908 0.056100
v 5.529214 0.720328 -0.083893
v 5.528392 0.727493 0.056077
v 5.529640 0.726913 -0.083916
v 5.528845 0.733870 0.056054
v 5.530093 0.733290 -0.083939
v 5.529320 0.739924 0.056034
v 5.530568 0.739344 -0.083960
v 5.529809 0.745540 0.056015
v 5.531057 0.744961 -0.083979
v 5.530305 0.750605 0.055998
v 5.531553 0.750025 -0.083995
v 5.439309 0.750554 0.055187
v 5.440557 0.749974 -0.084806
v 5.439811 0.745605 0.055212
v 5.441059 0.745025 -0.084781
v 5.440306 0.740291 0.055238
v 5.441554 0.739711 -0.084755
v 5.440786 0.734665 0.055266
v 5.442035 0.734085 -0.084727
v 5.441247 0.728778 0.055294
v 5.442495 0.728198 -0.084699
v 5.441679 0.722683 0.055323
v 5.442927 0.722103 -0.084670
v 5.442077 0.716431 0.055353
v 5.443325 0.715851 -0.084640
v 5.442433 0.710075 0.055382
v 5.443682 0.709496 -0.084611
v 5.442740 0.703668 0.055412
v 5.443989 0.703088 -0.084582
v 5.442993 0.697260 0.055440
v 5.444242 0.696680 -0.084553
v 5.443183 0.690904 0.055468
v 5.444431 0.690324 -0.084525
v 5.443303 0.684653 0.055495
v 5.444551 0.684073 -0.084498
v 5.443346 0.678557 0.055521
v 5.444594 0.677977 -0.084472
v 4.245861 0.422869 0.045902
v 4.247109 0.422290 -0.094092
v 4.222445 0.438686 0.045627
v 4.223694 0.438106 -0.094366
v 4.199418 0.455211 0.045354
v 4.200666 0.454632 -0.094640
v 4.176911 0.472299 0.045082
v 4.178160 0.471720 -0.094911
v 4.155056 0.489805 0.044815
v 4.156304 0.489225 -0.095179
v 4.133986 0.507581 0.044553
v 4.135235 0.507001 -0.095440
v 4.113833 0.525483 0.044299
v 4.115082 0.524903 -0.095694
v 4.094729 0.543364 0.044055
v 4.095978 0.542785 -0.095938
v 4.076805 0.561080 0.043822
v 4.078053 0.560500 -0.096172
v 4.060193 0.578484 0.043601
v 4.061441 0.577904 -0.096392
v 4.045027 0.595430 0.043396
v 4.046275 0.594850 -0.096597
v 4.031437 0.611773 0.043207
v 4.032685 0.611193 -0.096786
v 3.969470 0.551739 0.042903
v 3.970719 0.551159 -0.097090
v 3.982689 0.537640 0.043079
v 3.983938 0.537060 -0.096914
v 3.997267 0.522903 0.043271
v 3.998515 0.522323 -0.096723
v 4.013101 0.507639 0.043475
v 4.014349 0.507059 -0.096518
v 4.030091 0.491958 0.043691
v 4.031340 0.491379 -0.096302
v 4.048138 0.475973 0.043919
v 4.049386 0.475393 -0.096075
v 4.067139 0.459794 0.044155
v 4.068387 0.459214 -0.095838
v 4.086994 0.443532 0.044399
v 4.088243 0.442952 -0.095594
v 4.107603 0.427298 0.044650
v 4.108851 0.426719 -0.095343
v 4.128865 0.411204 0.044907
v 4.130114 0.410624 -0.095087
v 4.150679 0.395360 0.045167
v 4.151927 0.394780 -0.094826
v 4.172943 0.379877 0.045429
v 4.174191 0.379297 -0.094564
v 4.195559 0.364866 0.045693
v 4.196807 0.364287 -0.094300
v 4.195743 0.008869 0.047169
v 4.196991 0.008290 -0.092824
v 4.195724 0.000931 0.047202
v 4.196973 0.000352 -0.092791
v 4.195659 -0.007302 0.047235
v 4.196907 -0.007882 -0.092758
v 4.195537 -0.015709 0.047269
v 4.196785 -0.016288 -0.092724
v 4.195352 -0.024168 0.047303
v 4.196600 -0.024747 -0.092691
v 4.195098 -0.032557 0.047335
v 4.196346 -0.033137 -0.092658
v 4.194768 -0.040756 0.047366
v 4.196016 -0.041336 -0.092627
v 4.194355 -0.048642 0.047395
v 4.195603 -0.049222 -0.092598
v 4.193851 -0.056094 0.047421
v 4.195099 -0.056674 -0.092572
v 4.193249 -0.062991 0.047445
v 4.194497 -0.063571 -0.092549
v 4.192543 -0.069210 0.047464
v 4.193791 -0.069790 -0.092529
v 4.191725 -0.074632 0.047479
v 4.192973 -0.075211 -0.092514
v 4.190789 -0.079133 0.047490
v 4.192038 -0.079712 -0.092504
v 4.282785 -0.079082 0.048310
v 4.284034 -0.079661 -0.091684
v 4.282285 -0.074581 0.048287
v 4.283533 -0.075161 -0.091707
v 4.281790 -0.069161 0.048260
v 4.283038 -0.069741 -0.091734
v 4.281308 -0.062942 0.048230
v 4.282557 -0.063522 -0.091764
v 4.280848 -0.056046 0.048197
v 4.282096 -0.056626 -0.091796
v 4.280415 -0.048594 0.048162
v 4.281663 -0.049174 -0.091831
v 4.280015 -0.040708 0.048126
v 4.281263 -0.041288 -0.091867
v 4.279658 -0.032510 0.048089
v 4.280907 -0.033090 -0.091904
v 4.279349 -0.024121 0.048051
v 4.280598 -0.024701 -0.091942
v 4.279097 -0.015662 0.048014
v 4.280345 -0.016242 -0.091979
v 4.278906 -0.007256 0.047978
v 4.280154 -0.007835 -0.092016
v 4.278785 0.000978 0.047942
v 4.280033 0.000398 -0.092051
v 4.278740 0.008915 0.047909
v 4.279988 0.008336 -0.092084
v 4.278581 0.314913 0.046640
v 4.279829 0.314333 -0.093353
v 4.300233 0.303543 0.046881
v 4.301481 0.302963 -0.093113
v 4.323096 0.291966 0.047132
v 4.324345 0.291386 -0.092861
v 4.347050 0.280264 0.047395
v 4.348298 0.279684 -0.092599
v 4.371972 0.268521 0.047665
v 4.373220 0.267941 -0.092328
v 4.397741 0.256820 0.047944
v 4.398990 0.256240 -0.092050
v 4.424237 0.245244 0.048228
v 4.425486 0.244665 -0.091765
v 4.451336 0.233878 0.048517
v 4.452584 0.233298 -0.091477
v 4.478918 0.222803 0.048808
v 4.480166 0.222223 -0.091185
v 4.506860 0.212103 0.049102
v 4.508108 0.211523 -0.090891
v 4.535042 0.201862 0.049396
v 4.536290 0.201282 -0.090598
v 4.563341 0.192162 0.049688
v 4.564590 0.191583 -0.090305
v 4.591638 0.183088 0.049978
v 4.592886 0.182508 -0.090015
v 4.629597 0.257108 0.050010
v 4.630845 0.256529 -0.089983
v 4.596328 0.265618 0.049678
v 4.597576 0.265038 -0.090315
v 4.562715 0.275548 0.049337
v 4.563963 0.274968 -0.090656
v 4.529038 0.286693 0.048991
v 4.530287 0.286113 -0.091002
v 4.495581 0.298848 0.048642
v 4.496829 0.298269 -0.091351
v 4.462623 0.311810 0.048294
v 4.463871 0.311230 -0.091699
v 4.430445 0.325372 0.047951
v 4.431693 0.324792 -0.092042
v 4.399329 0.339331 0.047616
v 4.400578 0.338751 -0.092377
v 4.369557 0.353482 0.047292
v 4.370806 0.352902 -0.092701
v 4.341411 0.367619 0.046982
v 4.342659 0.367039 -0.093011
v 4.315170 0.381539 0.046691
v 4.316419 0.380959 -0.093302
v 4.291118 0.395037 0.046420
v 4.292366 0.394457 -0.093573
v 4.269533 0.407907 0.046175
v 4.270782 0.407327 -0.093819
v 3.564670 0.663504 0.038831
v 3.565918 0.662924 -0.101163
v 3.541192 0.665926 0.038611
v 3.542440 0.665346 -0.101382
v 3.513443 0.668735 0.038352
v 3.514692 0.668155 -0.101641
v 3.481872 0.671875 0.038058
v 3.483120 0.671295 -0.101936
v 3.446925 0.675290 0.037732
v 3.448174 0.674710 -0.102261
v 3.409052 0.678927 0.037379
v 3.410300 0.678347 -0.102614
v 3.368699 0.682728 0.037003
v 3.369947 0.682148 -0.102990
v 3.326315 0.686640 0.036609
v 3.327563 0.686060 -0.103384
v 3.282348 0.690606 0.036201
v 3.283596 0.690026 -0.103792
v 3.237245 0.694572 0.035782
v 3.238493 0.693992 -0.104211
v 3.191455 0.698481 0.035358
v 3.192703 0.697902 -0.104636
v 3.145425 0.702280 0.034931
v 3.146673 0.701700 -0.105062
v 3.118494 0.704452 0.034682
v 3.119743 0.703873 -0.105311
v 3.092231 0.706500 0.034440
v 3.093479 0.705921 -0.105554
v 3.066675 0.708424 0.034204
v 3.067923 0.707844 -0.105789
v 3.041869 0.710222 0.033975
v 3.043118 0.709643 -0.106018
v 3.017855 0.711896 0.033754
v 3.019104 0.711317 -0.106239
v 2.994675 0.713446 0.033541
v 2.995924 0.712866 -0.106452
v 2.972370 0.714871 0.033336
v 2.973618 0.714291 -0.106657
v 2.950981 0.716172 0.033140
v 2.952229 0.715592 -0.106853
v 2.930551 0.717348 0.032953
v 2.931799 0.716768 -0.107040
v 2.911120 0.718400 0.032775
v 2.912369 0.717820 -0.107218
v 2.892732 0.719327 0.032608
v 2.893980 0.718747 -0.107386
v 2.875427 0.720130 0.032450
v 2.876675 0.719550 -0.107543
v 2.875468 0.640130 0.032782
v 2.876716 0.639551 -0.107212
v 2.890324 0.640110 0.032914
v 2.891572 0.639530 -0.107079
v 2.906235 0.640004 0.033056
v 2.907484 0.639424 -0.106937
v 2.922966 0.639766 0.033207
v 2.924215 0.639186 -0.106787
v 2.940281 0.639352 0.033363
v 2.941529 0.638772 -0.106630
v 2.957942 0.638715 0.033523
v 2.959191 0.638135 -0.106470
v 2.975715 0.637811 0.033685
v 2.976964 0.637231 -0.106308
v 2.993363 0.636595 0.033848
v 2.994612 0.636015 -0.106146
v 3.010650 0.635020 0.034008
v 3.011899 0.634441 -0.105985
v 3.027341 0.633043 0.034165
v 3.028589 0.632463 -0.105828
v 3.043198 0.630617 0.034317
v 3.044446 0.630037 -0.105677
v 3.057986 0.627698 0.034461
v 3.059234 0.627118 -0.105533
v 3.071468 0.624239 0.034595
v 3.072717 0.623660 -0.105398
v 3.105809 0.610631 0.034958
v 3.107058 0.610051 -0.105035
v 3.137750 0.593087 0.035315
v 3.138999 0.592507 -0.104678
v 3.167179 0.572090 0.035665
v 3.168427 0.571510 -0.104329
v 3.193985 0.548123 0.036003
v 3.195233 0.547543 -0.103990
v 3.218055 0.521668 0.036327
v 3.219303 0.521089 -0.103666
v 3.239280 0.493209 0.036634
v 3.240528 0.492629 -0.103359
v 3.257547 0.463227 0.036921
v 3.258795 0.462647 -0.103072
v 3.272745 0.432205 0.037185
v 3.273993 0.431625 -0.102808
v 3.284763 0.400625 0.037423
v 3.286012 0.400046 -0.102570
v 3.293490 0.368971 0.037632
v 3.294739 0.368392 -0.102361
v 3.298814 0.337725 0.037809
v 3.300062 0.337145 -0.102184
v 3.300624 0.307369 0.037951
v 3.301872 0.306790 -0.102042
v 3.296972 0.261344 0.038109
v 3.298220 0.260764 -0.101884
v 3.286433 0.220589 0.038184
v 3.287681 0.220009 -0.101809
v 3.269704 0.184838 0.038183
v 3.270952 0.184258 -0.101811
v 3.247483 0.153823 0.038113
v 3.248732 0.153243 -0.101880
v 3.220468 0.127277 0.037982
v 3.221717 0.126697 -0.102011
v 3.189358 0.104934 0.037797
v 3.190606 0.104354 -0.102196
v 3.154850 0.086527 0.037566
v 3.156098 0.085947 -0.102428
v 3.117642 0.071788 0.037295
v 3.118890 0.071208 -0.102698
v 3.078433 0.060451 0.036992
v 3.079681 0.059871 -0.103001
v 3.037919 0.052249 0.036665
v 3.039168 0.051669 -0.103328
v 2.996800 0.046914 0.036320
v 2.998049 0.046334 -0.103673
v 2.955774 0.044180 0.035966
v 2.957022 0.043600 -0.104027
v 2.984816 -0.038803 0.036568
v 2.986064 -0.039383 -0.103425
v 3.031467 -0.035092 0.036969
v 3.032715 -0.035672 -0.103024
v 3.078376 -0.027436 0.037356
v 3.079624 -0.028016 -0.102638
v 3.124720 -0.015726 0.037720
v 3.125968 -0.016305 -0.102273
v 3.169677 0.000151 0.038056
v 3.170926 -0.000429 -0.101938
v 3.212424 0.020304 0.038353
v 3.213672 0.019725 -0.101640
v 3.252137 0.044845 0.038606
v 3.253385 0.044265 -0.101387
v 3.287994 0.073883 0.038805
v 3.289242 0.073303 -0.101188
v 3.319171 0.107530 0.038944
v 3.320419 0.106950 -0.101049
v 3.344846 0.145895 0.039014
v 3.346095 0.145316 -0.100979
v 3.364196 0.189091 0.039008
v 3.365445 0.188511 -0.100986
v 3.376398 0.237227 0.038917
v 3.377647 0.236647 -0.101076
v 3.380629 0.290414 0.038735
v 3.381878 0.289834 -0.101259
v 3.378687 0.328784 0.038558
v 3.379935 0.328204 -0.101435
v 3.373127 0.365794 0.038356
v 3.374376 0.365214 -0.101638
v 3.364291 0.401295 0.038130
v 3.365539 0.400715 -0.101864
v 3.352518 0.435138 0.037885
v 3.353766 0.434558 -0.102109
v 3.338149 0.467174 0.037624
v 3.339397 0.466595 -0.102369
v 3.321524 0.497254 0.037351
v 3.322772 0.496675 -0.102642
v 3.302984 0.525229 0.037070
v 3.304232 0.524650 -0.102923
v 3.282868 0.550950 0.036784
v 3.284117 0.550370 -0.103209
v 3.261518 0.574267 0.036497
v 3.262766 0.573688 -0.103496
v 3.239273 0.595032 0.036213
v 3.240521 0.594452 -0.103781
v 3.216474 0.613095 0.035934
v 3.217722 0.612515 -0.104059
v 3.193461 0.628307 0.035666
v 3.194710 0.627727 -0.104327
v 3.223125 0.625081 0.035944
v 3.224373 0.624501 -0.104049
v 3.257930 0.621403 0.036270
v 3.259178 0.620824 -0.103724
v 3.296854 0.617318 0.036634
v 3.298102 0.616738 -0.103360
v 3.338871 0.612870 0.037027
v 3.340119 0.612290 -0.102966
v 3.382958 0.608103 0.037440
v 3.384206 0.607523 -0.102554
v 3.428090 0.603063 0.037863
v 3.429338 0.602483 -0.102130
v 3.473243 0.597793 0.038287
v 3.474492 0.597214 -0.101706
v 3.517393 0.592339 0.038704
v 3.518641 0.591760 -0.101289
v 3.559515 0.586745 0.039103
v 3.560764 0.586166 -0.100891
v 3.598586 0.581056 0.039475
v 3.599834 0.580476 -0.100519
v 3.633580 0.575316 0.039810
v 3.634828 0.574736 -0.100183
v 3.663473 0.569569 0.040101
v 3.664721 0.568989 -0.099893
v 3.672428 0.656573 0.039820
v 3.673676 0.655993 -0.100173
v 3.663057 0.656838 0.039736
v 3.664306 0.656258 -0.100258
v 3.653961 0.657142 0.039653
v 3.655209 0.656562 -0.100340
v 3.645163 0.657480 0.039573
v 3.646411 0.656900 -0.100420
v 3.636688 0.657850 0.039496
v 3.637936 0.657270 -0.100497
v 3.628560 0.658247 0.039422
v 3.629808 0.657667 -0.100571
v 3.620804 0.658669 0.039351
v 3.622052 0.658090 -0.100642
v 3.613443 0.659113 0.039284
v 3.614692 0.658533 -0.100709
v 3.606503 0.659573 0.039220
v 3.607752 0.658994 -0.100773
v 3.600007 0.660048 0.039160
v 3.601256 0.659469 -0.100833
v 3.593980 0.660534 0.039104
v 3.595228 0.659954 -0.100889
v 3.588446 0.661027 0.039053
v 3.589694 0.660447 -0.100940
v 3.583429 0.661524 0.039006
v 3.584677 0.660944 -0.100987
v 2.988612 0.354196 0.034975
v 2.989860 0.353616 -0.105019
v 2.994477 0.366273 0.034977
v 2.995725 0.365694 -0.105016
v 3.000575 0.378466 0.034981
v 3.001824 0.377886 -0.105012
v 3.006889 0.390721 0.034986
v 3.008137 0.390141 -0.105007
v 3.013400 0.402987 0.034994
v 3.014648 0.402407 -0.105000
v 3.020092 0.415211 0.035003
v 3.021340 0.414631 -0.104991
v 3.026947 0.427341 0.035014
v 3.028195 0.426762 -0.104980
v 3.033948 0.439326 0.035026
v 3.035196 0.438746 -0.104967
v 3.041078 0.451113 0.035041
v 3.042326 0.450533 -0.104952
v 3.048319 0.462650 0.035058
v 3.049567 0.462070 -0.104935
v 3.055654 0.473885 0.035077
v 3.056902 0.473305 -0.104916
v 3.063065 0.484765 0.035098
v 3.064313 0.484186 -0.104895
v 3.070535 0.495240 0.035121
v 3.071784 0.494660 -0.104872
v 3.019526 0.517211 0.034575
v 3.020774 0.516632 -0.105418
v 3.013487 0.508381 0.034558
v 3.014735 0.507801 -0.105435
v 3.006934 0.498506 0.034540
v 3.008183 0.497926 -0.105453
v 2.999979 0.487748 0.034523
v 3.001228 0.487168 -0.105470
v 2.992733 0.476271 0.034506
v 2.993982 0.475691 -0.105487
v 2.985307 0.464239 0.034489
v 2.986555 0.463659 -0.105504
v 2.977812 0.451814 0.034474
v 2.979060 0.451234 -0.105519
v 2.970358 0.439160 0.034460
v 2.971606 0.438580 -0.105533
v 2.963057 0.426440 0.034448
v 2.964305 0.425860 -0.105546
v 2.956020 0.413818 0.034437
v 2.957268 0.413238 -0.105556
v 2.949357 0.401456 0.034429
v 2.950605 0.400876 -0.105564
v 2.943181 0.389518 0.034423
v 2.944429 0.388938 -0.105570
v 2.937601 0.378167 0.034421
v 2.938849 0.377587 -0.105573
v 2.875595 0.396132 0.033793
v 2.876843 0.395553 -0.106200
v 2.881690 0.408382 0.033797
v 2.882938 0.407802 -0.106196
v 2.887984 0.420607 0.033802
v 2.889232 0.420027 -0.106191
v 2.894465 0.432783 0.033810
v 2.895713 0.432204 -0.106184
v 2.901123 0.444887 0.033819
v 2.902372 0.444307 -0.106174
v 2.907948 0.456894 0.033830
v 2.909197 0.456314 -0.106163
v 2.914930 0.468779 0.033843
v 2.916178 0.468199 -0.106150
v 2.922057 0.480518 0.033858
v 2.923306 0.479938 -0.106135
v 2.929320 0.492087 0.033875
v 2.930568 0.491508 -0.106118
v 2.936708 0.503462 0.033894
v 2.937956 0.502883 -0.106100
v 2.944211 0.514619 0.033914
v 2.945459 0.514039 -0.106079
v 2.951818 0.525532 0.033937
v 2.953066 0.524952 -0.106056
v 2.959518 0.536178 0.033962
v 2.960767 0.535598 -0.106032
v 2.910508 0.559151 0.033429
v 2.911757 0.558571 -0.106564
v 2.904199 0.550340 0.033410
v 2.905447 0.549760 -0.106584
v 2.897338 0.540518 0.033389
v 2.898587 0.539939 -0.106604
v 2.890040 0.529842 0.033368
v 2.891289 0.529263 -0.106625
v 2.882420 0.518469 0.033347
v 2.883668 0.517889 -0.106646
v 2.874591 0.506553 0.033327
v 2.875839 0.505973 -0.106666
v 2.866669 0.494252 0.033307
v 2.867917 0.493672 -0.106686
v 2.858768 0.481721 0.033289
v 2.860016 0.481142 -0.106705
v 2.851002 0.469118 0.033272
v 2.852251 0.468538 -0.106722
v 2.843486 0.456598 0.033256
v 2.844735 0.456019 -0.106737
v 2.836335 0.444319 0.033244
v 2.837583 0.443739 -0.106750
v 2.829663 0.432435 0.033233
v 2.830911 0.431855 -0.106760
v 2.823584 0.421103 0.033226
v 2.824832 0.420524 -0.106767
v 1.920565 0.525601 0.024741
v 1.921813 0.525021 -0.115253
v 2.499542 0.525922 0.029902
v 2.500790 0.525343 -0.110091
v 2.499509 0.588922 0.029641
v 2.500758 0.588342 -0.110352
v 1.920532 0.588600 0.024479
v 1.921781 0.588020 -0.115514
v 2.421916 0.815128 0.028012
v 2.423164 0.814548 -0.111981
v 2.424482 0.807388 0.028067
v 2.425731 0.806808 -0.111926
v 2.427090 0.799661 0.028123
v 2.428339 0.799081 -0.111871
v 2.429740 0.791955 0.028178
v 2.430988 0.791376 -0.111815
v 2.432431 0.784278 0.028234
v 2.433680 0.783698 -0.111759
v 2.435164 0.776635 0.028290
v 2.436413 0.776055 -0.111703
v 2.437939 0.769033 0.028346
v 2.439188 0.768453 -0.111647
v 2.440755 0.761480 0.028403
v 2.442003 0.760900 -0.111591
v 2.443613 0.753983 0.028459
v 2.444862 0.753403 -0.111534
v 2.446513 0.746548 0.028516
v 2.447761 0.745969 -0.111478
v 2.449454 0.739183 0.028572
v 2.450702 0.738603 -0.111421
v 2.452437 0.731894 0.028629
v 2.453686 0.731315 -0.111364
v 1.825462 0.731546 0.023040
v 1.826710 0.730966 -0.116953
v 1.825495 0.666547 0.023309
v 1.826744 0.665967 -0.116684
v 2.482470 0.666912 0.029166
v 2.483718 0.666332 -0.110827
v 2.493957 0.644673 0.029361
v 2.495205 0.644093 -0.110633
v 2.505885 0.622962 0.029557
v 2.507133 0.622382 -0.110436
v 2.518236 0.601807 0.029755
v 2.519485 0.601227 -0.110238
v 2.530993 0.581236 0.029954
v 2.532242 0.580656 -0.110040
v 2.544139 0.561276 0.030154
v 2.545388 0.560696 -0.109840
v 2.557656 0.541955 0.030354
v 2.558905 0.541375 -0.109639
v 2.571527 0.523300 0.030555
v 2.572776 0.522721 -0.109438
v 2.585734 0.505341 0.030756
v 2.586983 0.504761 -0.109237
v 2.600261 0.488104 0.030957
v 2.601509 0.487524 -0.109036
v 2.615089 0.471617 0.031158
v 2.616337 0.471037 -0.108836
v 2.630201 0.455908 0.031357
v 2.631450 0.455328 -0.108636
v 2.645580 0.441004 0.031556
v 2.646829 0.440424 -0.108437
v 2.649495 0.444491 0.031577
v 2.650743 0.443912 -0.108417
v 2.654155 0.448389 0.031602
v 2.655403 0.447809 -0.108391
v 2.659433 0.452606 0.031632
v 2.660682 0.452026 -0.108361
v 2.665201 0.457052 0.031665
v 2.666449 0.456472 -0.108328
v 2.671330 0.461638 0.031700
v 2.672578 0.461058 -0.108293
v 2.677691 0.466272 0.031738
v 2.678940 0.465692 -0.108255
v 2.684157 0.470865 0.031777
v 2.685405 0.470285 -0.108217
v 2.690598 0.475325 0.031816
v 2.691846 0.474746 -0.108178
v 2.696887 0.479564 0.031854
v 2.698135 0.478984 -0.108139
v 2.702894 0.483489 0.031891
v 2.704143 0.482910 -0.108102
v 2.708492 0.487012 0.031927
v 2.709740 0.486432 -0.108066
v 2.713552 0.490042 0.031959
v 2.714800 0.489462 -0.108034
v 2.689717 0.511028 0.031660
v 2.690966 0.510448 -0.108333
v 2.666767 0.533927 0.031360
v 2.668015 0.533347 -0.108633
v 2.644753 0.558612 0.031062
v 2.646002 0.558032 -0.108931
v 2.623729 0.584954 0.030765
v 2.624977 0.584374 -0.109228
v 2.603744 0.612824 0.030472
v 2.604993 0.612244 -0.109522
v 2.584853 0.642094 0.030182
v 2.586101 0.641514 -0.109811
v 2.567107 0.672635 0.029897
v 2.568355 0.672055 -0.110096
v 2.550558 0.704320 0.029618
v 2.551807 0.703740 -0.110375
v 2.535259 0.737019 0.029347
v 2.536508 0.736439 -0.110647
v 2.521261 0.770604 0.029083
v 2.522510 0.770024 -0.110911
v 2.508617 0.804947 0.028828
v 2.509866 0.804367 -0.111166
v 2.497379 0.839919 0.028583
v 2.498628 0.839339 -0.111411
v 2.419391 0.822875 0.027958
v 2.420640 0.822296 -0.112035
v 1.963088 0.382055 0.025714
v 1.964337 0.381475 -0.114279
v 1.961859 0.321644 0.025954
v 1.963107 0.321064 -0.114040
v 1.959745 0.264843 0.026170
v 1.960994 0.264264 -0.113823
v 1.956578 0.212105 0.026360
v 1.957826 0.211525 -0.113633
v 1.952186 0.163879 0.026521
v 1.953434 0.163300 -0.113472
v 1.946399 0.120618 0.026648
v 1.947647 0.120039 -0.113345
v 1.939047 0.082773 0.026739
v 1.940295 0.082193 -0.113254
v 1.929959 0.050795 0.026791
v 1.931207 0.050215 -0.113202
v 1.918965 0.025135 0.026799
v 1.920214 0.024555 -0.113194
v 1.905895 0.006245 0.026761
v 1.907144 0.005665 -0.113232
v 1.890578 -0.005424 0.026673
v 1.891827 -0.006004 -0.113321
v 1.872844 -0.009421 0.026531
v 1.874093 -0.010001 -0.113462
v 1.868150 -0.008234 0.026484
v 1.869398 -0.008813 -0.113509
v 1.864041 -0.004737 0.026433
v 1.865290 -0.005316 -0.113560
v 1.860480 0.000962 0.026378
v 1.861729 0.000382 -0.113616
v 1.857428 0.008755 0.026318
v 1.858677 0.008175 -0.113675
v 1.854847 0.018534 0.026255
v 1.856096 0.017954 -0.113739
v 1.852700 0.030192 0.026187
v 1.853948 0.029612 -0.113806
v 1.850947 0.043621 0.026116
v 1.852195 0.043041 -0.113877
v 1.849551 0.058713 0.026041
v 1.850799 0.058133 -0.113952
v 1.848474 0.075361 0.025962
v 1.849722 0.074781 -0.114031
v 1.847677 0.093457 0.025880
v 1.848925 0.092877 -0.114113
v 1.847122 0.112894 0.025795
v 1.848370 0.112314 -0.114198
v 1.846771 0.133563 0.025706
v 1.848020 0.132983 -0.114287
v 1.842675 0.129295 0.025687
v 1.843924 0.128715 -0.114306
v 1.838406 0.125017 0.025667
v 1.839654 0.124437 -0.114326
v 1.833997 0.120759 0.025645
v 1.835246 0.120179 -0.114348
v 1.829485 0.116553 0.025623
v 1.830733 0.115974 -0.114371
v 1.824903 0.112431 0.025599
v 1.826151 0.111851 -0.114394
v 1.820286 0.108423 0.025574
v 1.821534 0.107844 -0.114419
v 1.815669 0.104562 0.025549
v 1.816917 0.103982 -0.114444
v 1.811086 0.100877 0.025523
v 1.812335 0.100297 -0.114470
v 1.806573 0.097400 0.025498
v 1.807822 0.096821 -0.114496
v 1.802164 0.094163 0.025472
v 1.803412 0.093584 -0.114522
v 1.797894 0.091198 0.025446
v 1.799142 0.090618 -0.114547
v 1.793797 0.088534 0.025420
v 1.795045 0.087954 -0.114573
v 1.795751 0.058701 0.025561
v 1.796999 0.058122 -0.114432
v 1.798173 0.032115 0.025693
v 1.799421 0.031536 -0.114300
v 1.801197 0.008648 0.025817
v 1.802446 0.008068 -0.114176
v 1.804959 -0.011829 0.025936
v 1.806208 -0.012409 -0.114058
v 1.809595 -0.029445 0.026050
v 1.810843 -0.030025 -0.113943
v 1.815240 -0.044328 0.026162
v 1.816488 -0.044908 -0.113831
v 1.822029 -0.056606 0.026273
v 1.823277 -0.057186 -0.113720
v 1.830098 -0.066408 0.026386
v 1.831346 -0.066987 -0.113607
v 1.839582 -0.073861 0.026501
v 1.840831 -0.074441 -0.113492
v 1.850618 -0.079095 0.026621
v 1.851866 -0.079675 -0.113372
v 1.863339 -0.082238 0.026748
v 1.864588 -0.082818 -0.113245
v 1.877883 -0.083418 0.026882
v 1.879131 -0.083998 -0.113111
v 1.908872 -0.079313 0.027142
v 1.910120 -0.079893 -0.112852
v 1.935562 -0.067766 0.027332
v 1.936810 -0.068345 -0.112661
v 1.958284 -0.049124 0.027457
v 1.959532 -0.049703 -0.112536
v 1.977366 -0.023734 0.027522
v 1.978615 -0.024313 -0.112471
v 1.993140 0.008057 0.027531
v 1.994389 0.007478 -0.112462
v 2.005936 0.045902 0.027489
v 2.007184 0.045322 -0.112505
v 2.016082 0.089454 0.027399
v 2.017331 0.088874 -0.112594
v 2.023910 0.138365 0.027266
v 2.025158 0.137785 -0.112727
v 2.029749 0.192289 0.027095
v 2.030998 0.191709 -0.112898
v 2.033930 0.250879 0.026889
v 2.035178 0.250299 -0.113104
v 2.036782 0.313787 0.026654
v 2.038030 0.313208 -0.113339
v 2.038636 0.380667 0.026394
v 2.039884 0.380088 -0.113599
v 2.614613 0.380988 0.031529
v 2.615861 0.380408 -0.108465
v 2.614579 0.445987 0.031259
v 2.615827 0.445407 -0.108734
v 1.963605 0.445625 0.025456
v 1.964853 0.445045 -0.114538
v 2.521282 0.313523 0.030976
v 2.522530 0.312943 -0.109017
v 2.505698 0.304789 0.030873
v 2.506947 0.304209 -0.109120
v 2.489928 0.295763 0.030770
v 2.491176 0.295183 -0.109223
v 2.474001 0.286466 0.030666
v 2.475249 0.285886 -0.109327
v 2.457949 0.276919 0.030563
v 2.459198 0.276339 -0.109431
v 2.441804 0.267142 0.030459
v 2.443052 0.266563 -0.109534
v 2.425596 0.257158 0.030356
v 2.426844 0.256578 -0.109637
v 2.409357 0.246986 0.030253
v 2.410605 0.246406 -0.109740
v 2.393118 0.236647 0.030151
v 2.394366 0.236067 -0.109842
v 2.376910 0.226162 0.030050
v 2.378159 0.225583 -0.109943
v 2.360766 0.215553 0.029950
v 2.362014 0.214973 -0.110043
v 2.344715 0.204839 0.029851
v 2.345963 0.204259 -0.110142
v 2.333585 0.216936 0.029702
v 2.334833 0.216357 -0.110291
v 2.322712 0.229239 0.029554
v 2.323960 0.228659 -0.110439
v 2.312103 0.241742 0.029408
v 2.313351 0.241163 -0.110585
v 2.301765 0.254444 0.029263
v 2.303013 0.253865 -0.110730
v 2.291704 0.267341 0.029120
v 2.292952 0.266761 -0.110873
v 2.281928 0.280428 0.028978
v 2.283176 0.279849 -0.111015
v 2.272444 0.293704 0.028839
v 2.273692 0.293124 -0.111154
v 2.263258 0.307163 0.028701
v 2.264506 0.306583 -0.111292
v 2.254377 0.320803 0.028566
v 2.255625 0.320224 -0.111428
v 2.245809 0.334621 0.028432
v 2.247057 0.334041 -0.111561
v 2.237560 0.348612 0.028300
v 2.238808 0.348032 -0.111693
v 2.229637 0.362774 0.028171
v 2.230886 0.362194 -0.111822
v 2.157653 0.338734 0.027629
v 2.158901 0.338154 -0.112364
v 2.166805 0.323074 0.027775
v 2.168054 0.322494 -0.112218
v 2.176247 0.307587 0.027924
v 2.177495 0.307007 -0.112070
v 2.185972 0.292281 0.028074
v 2.187221 0.291702 -0.111920
v 2.195979 0.277163 0.028226
v 2.197227 0.276583 -0.111768
v 2.206264 0.262240 0.028379
v 2.207512 0.261660 -0.111614
v 2.216822 0.247518 0.028534
v 2.218071 0.246938 -0.111459
v 2.227652 0.233004 0.028691
v 2.228900 0.232424 -0.111302
v 2.238749 0.218706 0.028849
v 2.239997 0.218126 -0.111144
v 2.250109 0.204630 0.029009
v 2.251357 0.204050 -0.110985
v 2.261730 0.190784 0.029170
v 2.262978 0.190204 -0.110824
v 2.273607 0.177174 0.029332
v 2.274856 0.176594 -0.110661
v 2.285738 0.163807 0.029495
v 2.286987 0.163227 -0.110498
v 2.267901 0.150531 0.029391
v 2.269149 0.149951 -0.110602
v 2.250406 0.137241 0.029290
v 2.251655 0.136661 -0.110703
v 2.233308 0.123965 0.029193
v 2.234556 0.123385 -0.110800
v 2.216658 0.110732 0.029099
v 2.217906 0.110152 -0.110894
v 2.200507 0.097568 0.029010
v 2.201756 0.096988 -0.110984
v 2.184908 0.084501 0.028925
v 2.186157 0.083921 -0.111068
v 2.169914 0.071560 0.028845
v 2.171162 0.070980 -0.111149
v 2.155576 0.058772 0.028770
v 2.156824 0.058192 -0.111224
v 2.141946 0.046165 0.028700
v 2.143194 0.045585 -0.111293
v 2.129076 0.033767 0.028637
v 2.130324 0.033187 -0.111356
v 2.117019 0.021605 0.028580
v 2.118267 0.021025 -0.111413
v 2.105826 0.009708 0.028529
v 2.107074 0.009128 -0.111464
v 2.164852 -0.046259 0.029287
v 2.166101 -0.046839 -0.110706
v 2.175546 -0.034571 0.029334
v 2.176794 -0.035151 -0.110659
v 2.187107 -0.022543 0.029388
v 2.188356 -0.023123 -0.110606
v 2.199488 -0.010209 0.029447
v 2.200737 -0.010788 -0.110546
v 2.212640 0.002397 0.029512
v 2.213888 0.001817 -0.110481
v 2.226513 0.015239 0.029583
v 2.227762 0.014659 -0.110411
v 2.241060 0.028283 0.029658
v 2.242309 0.027703 -0.110335
v 2.256232 0.041494 0.029739
v 2.257481 0.040914 -0.110254
v 2.271981 0.054837 0.029824
v 2.273229 0.054257 -0.110169
v 2.288257 0.068278 0.029913
v 2.289505 0.067698 -0.110080
v 2.305012 0.081781 0.030007
v 2.306260 0.081201 -0.109986
v 2.322197 0.095312 0.030104
v 2.323446 0.094733 -0.109889
v 2.339765 0.108837 0.030205
v 2.341013 0.108257 -0.109788
v 2.361810 0.088892 0.030484
v 2.363058 0.088313 -0.109509
v 2.384399 0.069538 0.030766
v 2.385648 0.068958 -0.109228
v 2.407495 0.050781 0.031049
v 2.408744 0.050202 -0.108944
v 2.431060 0.032629 0.031335
v 2.432308 0.032049 -0.108659
v 2.455055 0.015088 0.031621
v 2.456303 0.014508 -0.108372
v 2.479441 -0.001834 0.031909
v 2.480690 -0.002414 -0.108084
v 2.504182 -0.018132 0.032197
v 2.505431 -0.018712 -0.107796
v 2.529239 -0.033797 0.032485
v 2.530487 -0.034377 -0.107508
v 2.554573 -0.048823 0.032773
v 2.555821 -0.049403 -0.107220
v 2.580145 -0.063204 0.033061
v 2.581394 -0.063784 -0.106932
v 2.605920 -0.076931 0.033348
v 2.607168 -0.077511 -0.106646
v 2.631856 -0.089999 0.033633
v 2.633105 -0.090579 -0.106360
v 2.634923 -0.085972 0.033644
v 2.636171 -0.086552 -0.106350
v 2.638569 -0.081463 0.033657
v 2.639817 -0.082043 -0.106336
v 2.642708 -0.076571 0.033674
v 2.643957 -0.077151 -0.106319
v 2.647254 -0.071398 0.033693
v 2.648502 -0.071978 -0.106300
v 2.652118 -0.066044 0.033714
v 2.653366 -0.066624 -0.106279
v 2.657215 -0.060610 0.033737
v 2.658463 -0.061190 -0.106256
v 2.662458 -0.055197 0.033762
v 2.663706 -0.055777 -0.106231
v 2.667760 -0.049905 0.033787
v 2.669008 -0.050485 -0.106206
v 2.673034 -0.044836 0.033813
v 2.674283 -0.045416 -0.106180
v 2.678195 -0.040089 0.033840
v 2.679443 -0.040669 -0.106154
v 2.683153 -0.035767 0.033866
v 2.684402 -0.036346 -0.106127
v 2.687824 -0.031968 0.033892
v 2.689072 -0.032548 -0.106101
v 2.661470 -0.020361 0.033609
v 2.662718 -0.020941 -0.106385
v 2.635434 -0.008021 0.033325
v 2.636683 -0.008601 -0.106668
v 2.609746 0.005035 0.033042
v 2.610994 0.004455 -0.106951
v 2.584432 0.018789 0.032760
v 2.585680 0.018209 -0.107234
v 2.559520 0.033223 0.032478
v 2.560768 0.032643 -0.107516
v 2.535038 0.048321 0.032197
v 2.536287 0.047741 -0.107796
v 2.511015 0.064065 0.031917
v 2.512264 0.063485 -0.108076
v 2.487478 0.080438 0.031640
v 2.488726 0.079858 -0.108354
v 2.464453 0.097422 0.031364
v 2.465702 0.096842 -0.108629
v 2.441971 0.115000 0.031091
v 2.443219 0.114421 -0.108902
v 2.420057 0.133155 0.030820
v 2.421305 0.132575 -0.109173
v 2.398740 0.151869 0.030553
v 2.399989 0.151290 -0.109441
v 2.414562 0.163063 0.030647
v 2.415810 0.162484 -0.109346
v 2.430519 0.174118 0.030744
v 2.431767 0.173539 -0.109249
v 2.446580 0.185021 0.030842
v 2.447829 0.184441 -0.109151
v 2.462715 0.195757 0.030941
v 2.463963 0.195177 -0.109052
v 2.478891 0.206312 0.031042
v 2.480139 0.205732 -0.108951
v 2.495077 0.216672 0.031143
v 2.496326 0.216093 -0.108850
v 2.511244 0.226825 0.031245
v 2.512492 0.226245 -0.108748
v 2.527357 0.236755 0.031348
v 2.528606 0.236175 -0.108645
v 2.543388 0.246449 0.031451
v 2.544636 0.245869 -0.108543
v 2.559305 0.255893 0.031554
v 2.560553 0.255313 -0.108440
v 2.575075 0.265073 0.031656
v 2.576324 0.264493 -0.108337
v 2.590669 0.273975 0.031758
v 2.591917 0.273395 -0.108235
v 2.536646 0.321945 0.031078
v 2.537895 0.321365 -0.108915
v 0.795555 0.448967 0.015026
v 0.796803 0.448388 -0.124967
v 0.800726 0.444493 0.015091
v 0.801974 0.443913 -0.124903
v 0.806091 0.439623 0.015159
v 0.807340 0.439043 -0.124835
v 0.811582 0.434430 0.015229
v 0.812831 0.433850 -0.124764
v 0.817129 0.428986 0.015301
v 0.818377 0.428407 -0.124692
v 0.822662 0.423366 0.015374
v 0.823910 0.422787 -0.124619
v 0.828111 0.417642 0.015446
v 0.829359 0.417062 -0.124547
v 0.833408 0.411886 0.015517
v 0.834656 0.411307 -0.124476
v 0.838482 0.406172 0.015586
v 0.839731 0.405592 -0.124407
v 0.843265 0.400572 0.015652
v 0.844514 0.399993 -0.124341
v 0.847687 0.395160 0.015714
v 0.848935 0.394580 -0.124280
v 0.851678 0.390008 0.015771
v 0.852926 0.389428 -0.124223
v 0.878190 0.413992 0.015908
v 0.879438 0.413412 -0.124086
v 0.905103 0.440713 0.016037
v 0.906351 0.440133 -0.123956
v 0.932196 0.469864 0.016158
v 0.933444 0.469285 -0.123835
v 0.959246 0.501141 0.016270
v 0.960494 0.500561 -0.123724
v 0.986031 0.534236 0.016371
v 0.987279 0.533656 -0.123622
v 1.012329 0.568846 0.016463
v 1.013577 0.568266 -0.123531
v 1.037918 0.604663 0.016542
v 1.039166 0.604083 -0.123451
v 1.062576 0.641382 0.016610
v 1.063824 0.640802 -0.123383
v 1.086081 0.678698 0.016665
v 1.087330 0.678118 -0.123328
v 1.108211 0.716305 0.016707
v 1.109460 0.715725 -0.123286
v 1.128744 0.753897 0.016734
v 1.129993 0.753317 -0.123259
v 1.147458 0.791169 0.016747
v 1.148706 0.790589 -0.123246
v 1.078446 0.819130 0.016016
v 1.079695 0.818550 -0.123978
v 1.061759 0.785050 0.016008
v 1.063008 0.784470 -0.123985
v 1.042844 0.750542 0.015982
v 1.044093 0.749962 -0.124011
v 1.021971 0.715928 0.015939
v 1.023219 0.715348 -0.124054
v 0.999409 0.681532 0.015881
v 1.000658 0.680952 -0.124113
v 0.975431 0.647677 0.015807
v 0.976680 0.647097 -0.124186
v 0.950307 0.614686 0.015720
v 0.951556 0.614106 -0.124274
v 0.924307 0.582882 0.015620
v 0.925556 0.582302 -0.124374
v 0.897703 0.552588 0.015508
v 0.898951 0.552008 -0.124485
v 0.870764 0.524127 0.015385
v 0.872012 0.523547 -0.124608
v 0.843761 0.497822 0.015254
v 0.845009 0.497242 -0.124740
v 0.816965 0.473996 0.015113
v 0.818214 0.473417 -0.124880
v 0.790648 0.452973 0.014966
v 0.791896 0.452394 -0.125028
v 1.360935 0.763525 0.018765
v 1.362184 0.762946 -0.121228
v 1.375336 0.732282 0.019023
v 1.376584 0.731702 -0.120970
v 1.390604 0.701602 0.019286
v 1.391852 0.701022 -0.120707
v 1.406695 0.671536 0.019554
v 1.407943 0.670956 -0.120439
v 1.423563 0.642138 0.019826
v 1.424811 0.641558 -0.120167
v 1.441164 0.613458 0.020102
v 1.442412 0.612879 -0.119891
v 1.459451 0.585550 0.020381
v 1.460699 0.584971 -0.119613
v 1.478380 0.558466 0.020661
v 1.479629 0.557886 -0.119332
v 1.497906 0.532256 0.020944
v 1.499155 0.531677 -0.119049
v 1.517984 0.506974 0.021228
v 1.519233 0.506395 -0.118765
v 1.538568 0.482672 0.021512
v 1.539817 0.482092 -0.118481
v 1.559614 0.459401 0.021796
v 1.560862 0.458821 -0.118197
v 0.939638 0.459056 0.016269
v 0.940887 0.458476 -0.123724
v 0.939639 0.458539 0.016271
v 0.940888 0.457959 -0.123722
v 0.939644 0.457084 0.016277
v 0.940893 0.456504 -0.123716
v 0.939656 0.454837 0.016287
v 0.940905 0.454258 -0.123707
v 0.939679 0.451945 0.016299
v 0.940928 0.451365 -0.123694
v 0.939716 0.448553 0.016313
v 0.940965 0.447973 -0.123680
v 0.939771 0.444806 0.016329
v 0.941019 0.444226 -0.123664
v 0.939847 0.440851 0.016346
v 0.941095 0.440272 -0.123647
v 0.939946 0.436834 0.016364
v 0.941195 0.436254 -0.123629
v 0.940074 0.432900 0.016381
v 0.941322 0.432320 -0.123612
v 0.940233 0.429195 0.016398
v 0.941481 0.428616 -0.123595
v 0.940426 0.425866 0.016414
v 0.941674 0.425286 -0.123580
v 0.940657 0.423057 0.016427
v 0.941905 0.422477 -0.123566
v 0.944417 0.350262 0.016762
v 0.945665 0.349682 -0.123231
v 0.948173 0.285099 0.017066
v 0.949421 0.284520 -0.122928
v 0.952008 0.227159 0.017340
v 0.953257 0.226579 -0.122653
v 0.956007 0.176031 0.017587
v 0.957255 0.175451 -0.122406
v 0.960252 0.131305 0.017810
v 0.961501 0.130725 -0.122183
v 0.964828 0.092573 0.018011
v 0.966076 0.091993 -0.121982
v 0.969817 0.059425 0.018193
v 0.971065 0.058845 -0.121800
v 0.975303 0.031450 0.018358
v 0.976552 0.030870 -0.121635
v 0.981371 0.008239 0.018508
v 0.982619 0.007659 -0.121485
v 0.988102 -0.010617 0.018646
v 0.989351 -0.011197 -0.121347
v 0.995582 -0.025528 0.018775
v 0.996830 -0.026108 -0.121218
v 1.003893 -0.036904 0.018896
v 1.005142 -0.037484 -0.121097
v 1.009193 -0.042784 0.018968
v 1.010441 -0.043364 -0.121026
v 1.014607 -0.047963 0.019037
v 1.015855 -0.048543 -0.120956
v 1.020166 -0.052489 0.019106
v 1.021415 -0.053068 -0.120888
v 1.025902 -0.056410 0.019173
v 1.027151 -0.056990 -0.120820
v 1.031847 -0.059776 0.019240
v 1.033095 -0.060356 -0.120753
v 1.038030 -0.062635 0.019307
v 1.039279 -0.063215 -0.120686
v 1.044484 -0.065035 0.019374
v 1.045733 -0.065615 -0.120619
v 1.051240 -0.067026 0.019443
v 1.052489 -0.067605 -0.120550
v 1.058329 -0.068655 0.019513
v 1.059578 -0.069235 -0.120480
v 1.065783 -0.069971 0.019585
v 1.067031 -0.070551 -0.120408
v 1.073632 -0.071024 0.019659
v 1.074880 -0.071603 -0.120334
v 1.081908 -0.071860 0.019736
v 1.083157 -0.072440 -0.120257
v 1.090956 -0.072523 0.019820
v 1.092205 -0.073102 -0.120173
v 1.101042 -0.073021 0.019912
v 1.102291 -0.073601 -0.120081
v 1.112080 -0.073359 0.020012
v 1.113328 -0.073939 -0.119981
v 1.123982 -0.073541 0.020119
v 1.125230 -0.074121 -0.119875
v 1.136661 -0.073569 0.020232
v 1.137909 -0.074149 -0.119761
v 1.150031 -0.073448 0.020351
v 1.151280 -0.074027 -0.119643
v 1.164006 -0.073180 0.020474
v 1.165254 -0.073760 -0.119519
v 1.178497 -0.072770 0.020602
v 1.179746 -0.073350 -0.119392
v 1.193420 -0.072220 0.020732
v 1.194668 -0.072800 -0.119261
v 1.208685 -0.071535 0.020866
v 1.209934 -0.072115 -0.119128
v 1.224208 -0.070718 0.021001
v 1.225456 -0.071298 -0.118993
v 1.239901 -0.069773 0.021137
v 1.241149 -0.070352 -0.118857
v 1.240543 -0.064076 0.021119
v 1.241791 -0.064656 -0.118874
v 1.241469 -0.058036 0.021102
v 1.242717 -0.058616 -0.118891
v 1.242673 -0.051724 0.021087
v 1.243921 -0.052304 -0.118907
v 1.244147 -0.045215 0.021073
v 1.245395 -0.045795 -0.118920
v 1.245885 -0.038580 0.021061
v 1.247134 -0.039160 -0.118932
v 1.247881 -0.031894 0.021051
v 1.249129 -0.032473 -0.118942
v 1.250126 -0.025227 0.021043
v 1.251374 -0.025807 -0.118950
v 1.252615 -0.018655 0.021038
v 1.253863 -0.019235 -0.118955
v 1.255339 -0.012249 0.021036
v 1.256588 -0.012829 -0.118957
v 1.258293 -0.006082 0.021037
v 1.259541 -0.006662 -0.118956
v 1.261469 -0.000228 0.021041
v 1.262718 -0.000808 -0.118952
v 1.264861 0.005241 0.021049
v 1.266109 0.004661 -0.118945
v 1.248696 0.003853 0.020910
v 1.249944 0.003273 -0.119083
v 1.232780 0.002695 0.020773
v 1.234029 0.002115 -0.119220
v 1.217240 0.001745 0.020638
v 1.218488 0.001166 -0.119355
v 1.202199 0.000984 0.020507
v 1.203447 0.000404 -0.119486
v 1.187783 0.000389 0.020381
v 1.189031 -0.000191 -0.119612
v 1.174117 -0.000060 0.020261
v 1.175366 -0.000640 -0.119732
v 1.161326 -0.000383 0.020149
v 1.162575 -0.000963 -0.119845
v 1.149535 -0.000601 0.020044
v 1.150784 -0.001181 -0.119949
v 1.138869 -0.000736 0.019950
v 1.140117 -0.001315 -0.120043
v 1.129453 -0.000807 0.019866
v 1.130701 -0.001387 -0.120127
v 1.121411 -0.000836 0.019795
v 1.122660 -0.001415 -0.120199
v 1.114870 -0.000843 0.019736
v 1.116118 -0.001422 -0.120257
v 1.109804 -0.000800 0.019691
v 1.111052 -0.001380 -0.120302
v 1.105088 -0.000654 0.019648
v 1.106336 -0.001233 -0.120345
v 1.100698 -0.000382 0.019608
v 1.101947 -0.000962 -0.120385
v 1.096611 0.000036 0.019570
v 1.097860 -0.000544 -0.120423
v 1.092801 0.000621 0.019533
v 1.094050 0.000041 -0.120460
v 1.089245 0.001393 0.019499
v 1.090493 0.000813 -0.120495
v 1.085918 0.002374 0.019465
v 1.087166 0.001794 -0.120528
v 1.082795 0.003584 0.019432
v 1.084043 0.003004 -0.120561
v 1.079853 0.005044 0.019400
v 1.081101 0.004464 -0.120594
v 1.077067 0.006775 0.019368
v 1.078315 0.006195 -0.120626
v 1.074412 0.008798 0.019336
v 1.075661 0.008218 -0.120658
v 1.071866 0.011133 0.019303
v 1.073114 0.010553 -0.120690
v 1.065817 0.019176 0.019216
v 1.067065 0.018596 -0.120777
v 1.060162 0.030497 0.019119
v 1.061410 0.029917 -0.120875
v 1.054880 0.045373 0.019010
v 1.056128 0.044794 -0.120983
v 1.049950 0.064084 0.018888
v 1.051198 0.063504 -0.121105
v 1.045352 0.086905 0.018753
v 1.046600 0.086325 -0.121240
v 1.041064 0.114115 0.018602
v 1.042312 0.113535 -0.121391
v 1.037065 0.145992 0.018434
v 1.038313 0.145413 -0.121559
v 1.033334 0.182814 0.018249
v 1.034582 0.182234 -0.121745
v 1.029850 0.224858 0.018043
v 1.031099 0.224278 -0.121950
v 1.026593 0.272402 0.017817
v 1.027841 0.271822 -0.122176
v 1.023541 0.325724 0.017569
v 1.024790 0.325144 -0.122424
v 1.020674 0.385102 0.017298
v 1.021922 0.384522 -0.122695
v 1.292663 0.385253 0.019723
v 1.293911 0.384673 -0.120270
v 1.300337 0.336153 0.019995
v 1.301586 0.335574 -0.119999
v 1.310157 0.288013 0.020281
v 1.311405 0.287434 -0.119712
v 1.322643 0.241083 0.020587
v 1.323891 0.240503 -0.119406
v 1.338315 0.195613 0.020915
v 1.339563 0.195033 -0.119078
v 1.357695 0.151853 0.021269
v 1.358943 0.151274 -0.118724
v 1.381302 0.110054 0.021653
v 1.382550 0.109475 -0.118340
v 1.409658 0.070466 0.022070
v 1.410907 0.069887 -0.117924
v 1.443284 0.033340 0.022523
v 1.444532 0.032760 -0.117470
v 1.482699 -0.001076 0.023017
v 1.483948 -0.001656 -0.116976
v 1.528426 -0.032529 0.023555
v 1.529674 -0.033109 -0.116438
v 1.580983 -0.060771 0.024141
v 1.582232 -0.061350 -0.115852
v 1.640893 -0.085550 0.024778
v 1.642142 -0.086129 -0.115215
v 1.643362 -0.080603 0.024779
v 1.644610 -0.081183 -0.115214
v 1.646240 -0.075320 0.024783
v 1.647488 -0.075900 -0.115210
v 1.649478 -0.069779 0.024789
v 1.650727 -0.070359 -0.115204
v 1.653030 -0.064062 0.024797
v 1.654278 -0.064641 -0.115196
v 1.656845 -0.058246 0.024807
v 1.658093 -0.058826 -0.115186
v 1.660875 -0.052414 0.024819
v 1.662124 -0.052994 -0.115174
v 1.665072 -0.046644 0.024832
v 1.666321 -0.047223 -0.115161
v 1.669387 -0.041016 0.024847
v 1.670636 -0.041595 -0.115146
v 1.673772 -0.035610 0.024864
v 1.675021 -0.036190 -0.115129
v 1.678178 -0.030506 0.024882
v 1.679426 -0.031086 -0.115111
v 1.682556 -0.025785 0.024902
v 1.683805 -0.026364 -0.115091
v 1.686858 -0.021525 0.024923
v 1.688107 -0.022104 -0.115071
v 1.631304 -0.000409 0.024340
v 1.632553 -0.000989 -0.115654
v 1.582811 0.023843 0.023807
v 1.584059 0.023263 -0.116186
v 1.540858 0.050987 0.023320
v 1.542106 0.050408 -0.116673
v 1.504923 0.080781 0.022876
v 1.506172 0.080201 -0.117117
v 1.474488 0.112980 0.022472
v 1.475736 0.112400 -0.117522
v 1.449030 0.147342 0.022102
v 1.450278 0.146762 -0.117891
v 1.428029 0.183623 0.021765
v 1.429278 0.183043 -0.118228
v 1.410965 0.221579 0.021456
v 1.412214 0.220999 -0.118538
v 1.397317 0.260968 0.021171
v 1.398565 0.260389 -0.118823
v 1.386564 0.301546 0.020907
v 1.387812 0.300967 -0.119086
v 1.378185 0.343070 0.020660
v 1.379433 0.342491 -0.119333
v 1.371660 0.385297 0.020427
v 1.372908 0.384717 -0.119566
v 1.564652 0.385404 0.022148
v 1.565900 0.384824 -0.117846
v 1.564616 0.454403 0.021861
v 1.565864 0.453824 -0.118132
v 1.571120 0.447719 0.021947
v 1.572368 0.447139 -0.118046
v 1.577627 0.441156 0.022032
v 1.578876 0.440576 -0.117961
v 1.584141 0.434711 0.022117
v 1.585390 0.434132 -0.117876
v 1.590666 0.428381 0.022202
v 1.591914 0.427801 -0.117792
v 1.597204 0.422162 0.022286
v 1.598452 0.421582 -0.117708
v 1.603760 0.416050 0.022369
v 1.605008 0.415471 -0.117624
v 1.610336 0.410043 0.022453
v 1.611584 0.409463 -0.117540
v 1.616937 0.404137 0.022536
v 1.618185 0.403557 -0.117457
v 1.623565 0.398327 0.022619
v 1.624813 0.397747 -0.117374
v 1.630224 0.392612 0.022702
v 1.631473 0.392032 -0.117291
v 1.636919 0.386986 0.022785
v 1.638167 0.386407 -0.117208
v 1.643651 0.381448 0.022868
v 1.644899 0.380868 -0.117125
v 1.647295 0.385475 0.022884
v 1.648543 0.384895 -0.117109
v 1.651651 0.389985 0.022904
v 1.652899 0.389405 -0.117089
v 1.656596 0.394877 0.022928
v 1.657845 0.394297 -0.117065
v 1.662011 0.400051 0.022955
v 1.663259 0.399471 -0.117038
v 1.667772 0.405405 0.022984
v 1.669021 0.404825 -0.117009
v 1.673759 0.410839 0.023015
v 1.675008 0.410260 -0.116978
v 1.679851 0.416253 0.023047
v 1.681099 0.415673 -0.116946
v 1.685925 0.421545 0.023079
v 1.687173 0.420965 -0.116914
v 1.691860 0.426615 0.023111
v 1.693108 0.426035 -0.116882
v 1.697535 0.431362 0.023142
v 1.698783 0.430782 -0.116851
v 1.702828 0.435685 0.023171
v 1.704077 0.435105 -0.116822
v 1.707618 0.439483 0.023198
v 1.708866 0.438903 -0.116795
v 1.677998 0.462048 0.022841
v 1.679246 0.461468 -0.117152
v 1.649216 0.486686 0.022482
v 1.650465 0.486106 -0.117511
v 1.621364 0.513263 0.022124
v 1.622613 0.512683 -0.117869
v 1.594533 0.541641 0.021767
v 1.595781 0.541062 -0.118226
v 1.568811 0.571688 0.021413
v 1.570059 0.571108 -0.118580
v 1.544290 0.603266 0.021064
v 1.545538 0.602686 -0.118930
v 1.521060 0.636241 0.020720
v 1.522308 0.635661 -0.119273
v 1.499210 0.670476 0.020383
v 1.500459 0.669897 -0.119610
v 1.478833 0.705838 0.020055
v 1.480081 0.705258 -0.119938
v 1.460017 0.742190 0.019737
v 1.461266 0.741610 -0.120256
v 1.442854 0.779397 0.019430
v 1.444102 0.778818 -0.120564
v 1.427433 0.817324 0.019135
v 1.428682 0.816744 -0.120858
v 1.347448 0.795280 0.018513
v 1.348696 0.794700 -0.121480
v -0.106269 0.628085 0.006242
v -0.105021 0.627505 -0.133751
v -0.114797 0.629858 0.006159
v -0.113549 0.629278 -0.133834
v -0.122910 0.632714 0.006075
v -0.121661 0.632134 -0.133918
v -0.130522 0.636571 0.005991
v -0.129274 0.635991 -0.134002
v -0.137552 0.641345 0.005908
v -0.136304 0.640765 -0.134085
v -0.143916 0.646952 0.005828
v -0.142668 0.646372 -0.134165
v -0.149530 0.653310 0.005752
v -0.148282 0.652730 -0.134241
v -0.154312 0.660335 0.005680
v -0.153063 0.659755 -0.134313
v -0.158176 0.667944 0.005614
v -0.156928 0.667364 -0.134379
v -0.161042 0.676054 0.005555
v -0.159793 0.675474 -0.134438
v -0.162824 0.684580 0.005504
v -0.161575 0.684001 -0.134489
v -0.163439 0.693441 0.005462
v -0.162191 0.692861 -0.134531
v -0.162833 0.702532 0.005430
v -0.161585 0.701952 -0.134564
v -0.161060 0.711252 0.005409
v -0.159812 0.710673 -0.134584
v -0.158203 0.719522 0.005401
v -0.156955 0.718942 -0.134593
v -0.154346 0.727261 0.005403
v -0.153098 0.726681 -0.134590
v -0.149572 0.734389 0.005416
v -0.148324 0.733809 -0.134577
v -0.143965 0.740826 0.005439
v -0.142716 0.740247 -0.134554
v -0.137607 0.746494 0.005472
v -0.136359 0.745914 -0.134521
v -0.130582 0.751311 0.005515
v -0.129334 0.750731 -0.134478
v -0.122973 0.755197 0.005567
v -0.121725 0.754618 -0.134426
v -0.114864 0.758074 0.005627
v -0.113615 0.757494 -0.134366
v -0.106337 0.759861 0.005696
v -0.105089 0.759281 -0.134297
v -0.097477 0.760477 0.005772
v -0.096229 0.759897 -0.134221
v -0.088406 0.759871 0.005856
v -0.087157 0.759291 -0.134137
v -0.079740 0.758094 0.005940
v -0.078492 0.757514 -0.134053
v -0.071553 0.755226 0.006025
v -0.070305 0.754646 -0.133968
v -0.063918 0.751348 0.006109
v -0.062670 0.750768 -0.133884
v -0.056907 0.746539 0.006192
v -0.055659 0.745959 -0.133801
v -0.050594 0.740878 0.006272
v -0.049345 0.740299 -0.133722
v -0.045051 0.734447 0.006348
v -0.043802 0.733867 -0.133646
v -0.040351 0.727324 0.006419
v -0.039102 0.726744 -0.133574
v -0.036567 0.719589 0.006485
v -0.035319 0.719010 -0.133508
v -0.033773 0.711323 0.006544
v -0.032525 0.710743 -0.133449
v -0.032041 0.702605 0.006596
v -0.030793 0.702025 -0.133398
v -0.031445 0.693514 0.006639
v -0.030196 0.692935 -0.133355
v -0.032032 0.684653 0.006670
v -0.030784 0.684073 -0.133323
v -0.033755 0.676124 0.006690
v -0.032507 0.675545 -0.133303
v -0.036541 0.668012 0.006699
v -0.035292 0.667432 -0.133294
v -0.040316 0.660399 0.006697
v -0.039068 0.659819 -0.133297
v -0.045008 0.653368 0.006684
v -0.043760 0.652789 -0.133309
v -0.050545 0.647004 0.006661
v -0.049297 0.646424 -0.133332
v -0.056852 0.641390 0.006628
v -0.055604 0.640810 -0.133365
v -0.063858 0.636608 0.006585
v -0.062610 0.636028 -0.133408
v -0.071490 0.632743 0.006533
v -0.070241 0.632163 -0.133460
v -0.079674 0.629877 0.006472
v -0.078425 0.629297 -0.133521
v -0.088337 0.628094 0.006402
v -0.087089 0.627515 -0.133591
v -0.097408 0.627478 0.006324
v -0.096160 0.626899 -0.133669
v -0.112518 0.805429 0.005452
v -0.111269 0.804849 -0.134541
v -0.126974 0.802396 0.005336
v -0.125726 0.801816 -0.134657
v -0.140729 0.797515 0.005233
v -0.139480 0.796936 -0.134760
v -0.153639 0.790927 0.005145
v -0.152390 0.790347 -0.134848
v -0.165562 0.782770 0.005073
v -0.164313 0.782190 -0.134920
v -0.176355 0.773183 0.005016
v -0.175107 0.772603 -0.134977
v -0.185878 0.762305 0.004977
v -0.184629 0.761726 -0.135017
v -0.193986 0.750275 0.004954
v -0.192738 0.749696 -0.135039
v -0.200539 0.737233 0.004950
v -0.199290 0.736653 -0.135044
v -0.205393 0.723316 0.004964
v -0.204145 0.722736 -0.135029
v -0.208407 0.708664 0.004998
v -0.207158 0.708084 -0.134995
v -0.209438 0.693416 0.005052
v -0.208189 0.692836 -0.134941
v -0.208391 0.678188 0.005124
v -0.207143 0.677608 -0.134869
v -0.205362 0.663594 0.005212
v -0.204114 0.663014 -0.134782
v -0.200493 0.649765 0.005312
v -0.199245 0.649185 -0.134681
v -0.193927 0.636832 0.005424
v -0.192679 0.636252 -0.134569
v -0.185806 0.624928 0.005546
v -0.184558 0.624348 -0.134447
v -0.176273 0.614185 0.005676
v -0.175024 0.613605 -0.134318
v -0.165469 0.604733 0.005811
v -0.164221 0.604154 -0.134182
v -0.153538 0.596707 0.005951
v -0.152289 0.596127 -0.134042
v -0.140621 0.590236 0.006093
v -0.139373 0.589656 -0.133900
v -0.126862 0.585453 0.006235
v -0.125613 0.584873 -0.133758
v -0.112402 0.582490 0.006376
v -0.111154 0.581910 -0.133617
v -0.097384 0.581479 0.006515
v -0.096136 0.580899 -0.133479
v -0.082157 0.582507 0.006646
v -0.080909 0.581927 -0.133347
v -0.067563 0.585486 0.006764
v -0.066315 0.584906 -0.133229
v -0.053734 0.590284 0.006867
v -0.052486 0.589704 -0.133126
v -0.040802 0.596769 0.006956
v -0.039553 0.596189 -0.133037
v -0.028898 0.604809 0.007029
v -0.027649 0.604230 -0.132965
v -0.018154 0.614272 0.007085
v -0.016906 0.613693 -0.132908
v -0.008703 0.625026 0.007125
v -0.007455 0.624447 -0.132868
v -0.000676 0.636939 0.007147
v 0.000572 0.636360 -0.132846
v 0.005795 0.649879 0.007151
v 0.007043 0.649299 -0.132842
v 0.010578 0.663714 0.007137
v 0.011827 0.663134 -0.132857
v 0.013542 0.678312 0.007103
v 0.014790 0.677732 -0.132891
v 0.014553 0.693540 0.007049
v 0.015802 0.692960 -0.132945
v 0.013526 0.708787 0.006976
v 0.014774 0.708207 -0.133017
v 0.010547 0.723436 0.006889
v 0.011796 0.722856 -0.133104
v 0.005750 0.737347 0.006789
v 0.006998 0.736767 -0.133205
v -0.000735 0.750383 0.006677
v 0.000514 0.749803 -0.133316
v -0.008774 0.762404 0.006555
v -0.007526 0.761824 -0.133438
v -0.018237 0.773271 0.006426
v -0.016988 0.772691 -0.133567
v -0.028990 0.782846 0.006290
v -0.027742 0.782266 -0.133703
v -0.040902 0.790990 0.006151
v -0.039654 0.790410 -0.133843
v -0.053842 0.797564 0.006008
v -0.052593 0.796984 -0.133985
v -0.067676 0.802429 0.005864
v -0.066427 0.801849 -0.134129
v -0.082273 0.805446 0.005722
v -0.081024 0.804866 -0.134271
v -0.097501 0.806477 0.005582
v -0.096252 0.805897 -0.134412
v 0.346563 0.649725 0.010191
v 0.347811 0.649145 -0.129802
v 0.348104 0.644088 0.010228
v 0.349352 0.643508 -0.129765
v 0.349708 0.638208 0.010266
v 0.350956 0.637628 -0.129727
v 0.351353 0.632134 0.010306
v 0.352601 0.631554 -0.129687
v 0.353020 0.625914 0.010347
v 0.354268 0.625334 -0.129646
v 0.354686 0.619596 0.010388
v 0.355934 0.619017 -0.129605
v 0.356331 0.613231 0.010429
v 0.357580 0.612651 -0.129564
v 0.357935 0.606865 0.010470
v 0.359184 0.606285 -0.129524
v 0.359477 0.600547 0.010510
v 0.360725 0.599967 -0.129484
v 0.360935 0.594327 0.010548
v 0.362183 0.593747 -0.129445
v 0.362289 0.588253 0.010586
v 0.363537 0.587673 -0.129408
v 0.363517 0.582373 0.010621
v 0.364766 0.581793 -0.129372
v 0.364600 0.576735 0.010654
v 0.365849 0.576156 -0.129339
v 0.368538 0.559523 0.010760
v 0.369787 0.558943 -0.129233
v 0.373304 0.539185 0.010887
v 0.374553 0.538605 -0.129106
v 0.378850 0.516181 0.011032
v 0.380098 0.515602 -0.128962
v 0.385125 0.490970 0.011192
v 0.386374 0.490390 -0.128801
v 0.392082 0.464009 0.011366
v 0.393331 0.463429 -0.128627
v 0.399672 0.435756 0.011550
v 0.400920 0.435176 -0.128443
v 0.407845 0.406671 0.011744
v 0.409094 0.406091 -0.128249
v 0.416553 0.377210 0.011943
v 0.417802 0.376631 -0.128050
v 0.425748 0.347834 0.012147
v 0.426996 0.347254 -0.127846
v 0.435379 0.318999 0.012352
v 0.436628 0.318419 -0.127641
v 0.445399 0.291165 0.012557
v 0.446647 0.290585 -0.127436
v 0.455758 0.264789 0.012759
v 0.457007 0.264209 -0.127235
v 0.465365 0.241585 0.012940
v 0.466614 0.241005 -0.127053
v 0.475629 0.218041 0.013129
v 0.476877 0.217461 -0.126864
v 0.486497 0.194275 0.013325
v 0.487745 0.193695 -0.126668
v 0.497917 0.170406 0.013525
v 0.499165 0.169826 -0.126468
v 0.509837 0.146550 0.013731
v 0.511085 0.145970 -0.126263
v 0.522204 0.122827 0.013939
v 0.523453 0.122247 -0.126054
v 0.534968 0.099354 0.014150
v 0.536216 0.098774 -0.125843
v 0.548075 0.076249 0.014363
v 0.549323 0.075669 -0.125631
v 0.561473 0.053631 0.014576
v 0.562721 0.053051 -0.125417
v 0.575111 0.031616 0.014789
v 0.576359 0.031037 -0.125205
v 0.588935 0.010324 0.015000
v 0.590184 0.009745 -0.124993
v 0.602895 -0.010127 0.015209
v 0.604144 -0.010707 -0.124784
v 0.687873 0.025920 0.015818
v 0.689121 0.025340 -0.124175
v 0.672267 0.047094 0.015591
v 0.673515 0.046515 -0.124402
v 0.657000 0.069037 0.015364
v 0.658249 0.068457 -0.124629
v 0.642122 0.091597 0.015138
v 0.643370 0.091017 -0.124855
v 0.627681 0.114626 0.014914
v 0.628930 0.114047 -0.125080
v 0.613726 0.137975 0.014693
v 0.614975 0.137396 -0.125301
v 0.600306 0.161495 0.014475
v 0.601555 0.160915 -0.125518
v 0.587469 0.185036 0.014263
v 0.588718 0.184456 -0.125730
v 0.575264 0.208448 0.014058
v 0.576513 0.207868 -0.125936
v 0.563740 0.231583 0.013859
v 0.564988 0.231004 -0.126134
v 0.552945 0.254292 0.013669
v 0.554194 0.253712 -0.126324
v 0.542928 0.276424 0.013488
v 0.544177 0.275845 -0.126505
v 0.533738 0.297832 0.013317
v 0.534987 0.297252 -0.126676
v 0.523012 0.324547 0.013111
v 0.524260 0.323968 -0.126882
v 0.512423 0.353009 0.012899
v 0.513672 0.352430 -0.127095
v 0.502070 0.382923 0.012682
v 0.503319 0.382343 -0.127311
v 0.492050 0.413993 0.012464
v 0.493298 0.413413 -0.127529
v 0.482460 0.445924 0.012247
v 0.483708 0.445344 -0.127747
v 0.473397 0.478422 0.012031
v 0.474645 0.477842 -0.127962
v 0.464959 0.511191 0.011820
v 0.466207 0.510611 -0.128173
v 0.457243 0.543935 0.011616
v 0.458492 0.543356 -0.128377
v 0.450347 0.576361 0.011420
v 0.451595 0.575781 -0.128573
v 0.444368 0.608173 0.011235
v 0.445616 0.607593 -0.128758
v 0.439403 0.639076 0.011063
v 0.440651 0.638496 -0.128930
v 0.435550 0.668774 0.010905
v 0.436798 0.668194 -0.129088
v 0.105558 0.678591 0.007922
v 0.106806 0.678011 -0.132071
v 0.095095 0.659267 0.007909
v 0.096343 0.658687 -0.132084
v 0.083793 0.637533 0.007898
v 0.085041 0.636953 -0.132095
v 0.071811 0.613729 0.007890
v 0.073060 0.613149 -0.132103
v 0.059310 0.588195 0.007884
v 0.060558 0.587616 -0.132109
v 0.046448 0.561273 0.007881
v 0.047697 0.560693 -0.132112
v 0.033386 0.533302 0.007880
v 0.034634 0.532722 -0.132113
v 0.020282 0.504622 0.007882
v 0.021530 0.504043 -0.132111
v 0.007296 0.475575 0.007887
v 0.008545 0.474995 -0.132107
v -0.005411 0.446500 0.007894
v -0.004163 0.445920 -0.132100
v -0.017682 0.417737 0.007903
v -0.016434 0.417158 -0.132090
v -0.029355 0.389628 0.007916
v -0.028107 0.389048 -0.132077
v -0.040273 0.362512 0.007931
v -0.039024 0.361932 -0.132063
v -0.050736 0.336699 0.007944
v -0.049488 0.336120 -0.132049
v -0.061564 0.309043 0.007962
v -0.060315 0.308463 -0.132031
v -0.072619 0.279948 0.007984
v -0.071371 0.279368 -0.132009
v -0.083768 0.249822 0.008010
v -0.082520 0.249243 -0.131984
v -0.094875 0.219072 0.008038
v -0.093627 0.218492 -0.131955
v -0.105805 0.188102 0.008069
v -0.104556 0.187522 -0.131925
v -0.116422 0.157321 0.008101
v -0.115174 0.156741 -0.131892
v -0.126592 0.127133 0.008136
v -0.125343 0.126553 -0.131857
v -0.136179 0.097946 0.008171
v -0.134930 0.097366 -0.131822
v -0.145047 0.070165 0.008207
v -0.143799 0.069585 -0.131786
v -0.153063 0.044197 0.008243
v -0.151815 0.043617 -0.131750
v -0.160091 0.020449 0.008279
v -0.158842 0.019869 -0.131714
v -0.071079 -0.008502 0.009192
v -0.069831 -0.009082 -0.130801
v -0.064420 0.017654 0.009144
v -0.063171 0.017074 -0.130850
v -0.056973 0.044973 0.009097
v -0.055725 0.044393 -0.130896
v -0.048825 0.073244 0.009052
v -0.047577 0.072665 -0.130941
v -0.040064 0.102255 0.009010
v -0.038815 0.101675 -0.130983
v -0.030774 0.131794 0.008971
v -0.029526 0.131215 -0.131022
v -0.021044 0.161650 0.008934
v -0.019796 0.161070 -0.131059
v -0.010960 0.191609 0.008900
v -0.009712 0.191029 -0.131093
v -0.000608 0.221461 0.008869
v 0.000640 0.220882 -0.131125
v 0.009924 0.250994 0.008840
v 0.011172 0.250414 -0.131153
v 0.020550 0.279996 0.008815
v 0.021798 0.279416 -0.131178
v 0.031184 0.308254 0.008793
v 0.032432 0.307675 -0.131201
v 0.041738 0.335558 0.008774
v 0.042986 0.334978 -0.131220
v 0.052139 0.362005 0.008757
v 0.053388 0.361425 -0.131236
v 0.063283 0.389602 0.008742
v 0.064532 0.389022 -0.131251
v 0.075038 0.417998 0.008729
v 0.076286 0.417418 -0.131264
v 0.087271 0.446842 0.008719
v 0.088520 0.446262 -0.131274
v 0.099852 0.475783 0.008711
v 0.101100 0.475203 -0.131282
v 0.112648 0.504471 0.008706
v 0.113896 0.503891 -0.131287
v 0.125527 0.532555 0.008705
v 0.126776 0.531975 -0.131288
v 0.138359 0.559684 0.008707
v 0.139607 0.559104 -0.131286
v 0.151010 0.585507 0.008713
v 0.152259 0.584928 -0.131280
v 0.163350 0.609674 0.008723
v 0.164599 0.609095 -0.131270
v 0.175247 0.631834 0.008737
v 0.176495 0.631254 -0.131256
v 0.186568 0.651636 0.008756
v 0.187817 0.651056 -0.131237
v -0.514200 0.424248 0.003449
v -0.512952 0.423669 -0.136544
v -0.550433 0.424228 0.003126
v -0.549184 0.423648 -0.136867
v -0.595720 0.424203 0.002722
v -0.594472 0.423623 -0.137271
v -0.647799 0.424174 0.002258
v -0.646551 0.423594 -0.137735
v -0.704406 0.424143 0.001753
v -0.703157 0.423563 -0.138240
v -0.763276 0.424110 0.001228
v -0.762028 0.423530 -0.138765
v -0.822146 0.424077 0.000703
v -0.820898 0.423497 -0.139290
v -0.878753 0.424046 0.000199
v -0.877505 0.423466 -0.139794
v -0.930832 0.424017 -0.000265
v -0.929583 0.423437 -0.140259
v -0.976119 0.423992 -0.000669
v -0.974871 0.423412 -0.140662
v -1.012352 0.423972 -0.000992
v -1.011103 0.423392 -0.140985
v -1.037265 0.423958 -0.001214
v -1.036017 0.423378 -0.141208
v -1.049473 0.424011 -0.001323
v -1.048225 0.423431 -0.141317
v -1.061098 0.424176 -0.001428
v -1.059849 0.423596 -0.141421
v -1.072139 0.424438 -0.001527
v -1.070891 0.423859 -0.141521
v -1.082597 0.424784 -0.001622
v -1.081349 0.424205 -0.141615
v -1.092472 0.425200 -0.001712
v -1.091223 0.424620 -0.141705
v -1.101763 0.425672 -0.001797
v -1.100515 0.425092 -0.141790
v -1.110472 0.426185 -0.001876
v -1.109223 0.425606 -0.141870
v -1.118597 0.426727 -0.001951
v -1.117348 0.426147 -0.141944
v -1.126138 0.427283 -0.002021
v -1.124890 0.426703 -0.142014
v -1.133097 0.427840 -0.002085
v -1.131848 0.427260 -0.142078
v -1.139472 0.428382 -0.002144
v -1.138223 0.427803 -0.142137
v -1.145263 0.428898 -0.002198
v -1.144015 0.428318 -0.142191
v -1.145213 0.330898 -0.001792
v -1.143964 0.330319 -0.141785
v -1.139766 0.331210 -0.001744
v -1.138517 0.330630 -0.141737
v -1.133468 0.331623 -0.001690
v -1.132220 0.331043 -0.141683
v -1.126386 0.332112 -0.001629
v -1.125137 0.331532 -0.141622
v -1.118585 0.332654 -0.001561
v -1.117337 0.332074 -0.141555
v -1.110131 0.333224 -0.001488
v -1.108883 0.332644 -0.141482
v -1.101091 0.333798 -0.001410
v -1.099842 0.333218 -0.141403
v -1.091530 0.334351 -0.001327
v -1.090281 0.333771 -0.141320
v -1.081513 0.334860 -0.001240
v -1.080265 0.334280 -0.141233
v -1.071108 0.335299 -0.001149
v -1.069860 0.334719 -0.141142
v -1.060380 0.335645 -0.001055
v -1.059132 0.335065 -0.141048
v -1.049395 0.335872 -0.000958
v -1.048147 0.335293 -0.140951
v -1.038219 0.335958 -0.000858
v -1.036971 0.335378 -0.140852
v -1.013095 0.335972 -0.000634
v -1.011847 0.335392 -0.140628
v -0.976722 0.335992 -0.000310
v -0.975474 0.335412 -0.140303
v -0.931349 0.336017 0.000094
v -0.930100 0.335437 -0.139899
v -0.879226 0.336046 0.000559
v -0.877977 0.335466 -0.139434
v -0.822603 0.336078 0.001064
v -0.821355 0.335498 -0.138929
v -0.763730 0.336110 0.001589
v -0.762482 0.335531 -0.138405
v -0.704858 0.336143 0.002114
v -0.703609 0.335563 -0.137880
v -0.648235 0.336175 0.002618
v -0.646987 0.335595 -0.137375
v -0.596112 0.336204 0.003083
v -0.594864 0.335624 -0.136910
v -0.550739 0.336229 0.003488
v -0.549490 0.335649 -0.136506
v -0.514365 0.336249 0.003812
v -0.513117 0.335669 -0.136181
v -0.489241 0.336263 0.004036
v -0.487993 0.335683 -0.135957
v -0.475545 0.336229 0.004158
v -0.474297 0.335650 -0.135835
v -0.462002 0.336116 0.004279
v -0.460753 0.335536 -0.135714
v -0.448680 0.335926 0.004399
v -0.447432 0.335346 -0.135594
v -0.435650 0.335663 0.004516
v -0.434402 0.335083 -0.135477
v -0.422982 0.335330 0.004630
v -0.421733 0.334751 -0.135363
v -0.410744 0.334932 0.004741
v -0.409495 0.334352 -0.135252
v -0.399005 0.334470 0.004848
v -0.397757 0.333890 -0.135145
v -0.387837 0.333949 0.004950
v -0.386588 0.333369 -0.135044
v -0.377307 0.333372 0.005046
v -0.376058 0.332792 -0.134947
v -0.367485 0.332743 0.005136
v -0.366237 0.332163 -0.134857
v -0.358441 0.332064 0.005220
v -0.357193 0.331484 -0.134774
v -0.350244 0.331340 0.005296
v -0.348996 0.330760 -0.134698
v -0.350295 0.429339 0.004889
v -0.349047 0.428760 -0.135104
v -0.358262 0.428816 0.004820
v -0.357014 0.428237 -0.135173
v -0.367118 0.428265 0.004744
v -0.365870 0.427685 -0.135249
v -0.376793 0.427700 0.004660
v -0.375545 0.427120 -0.135333
v -0.387218 0.427134 0.004569
v -0.385970 0.426554 -0.135424
v -0.398324 0.426581 0.004472
v -0.397076 0.426001 -0.135521
v -0.410041 0.426056 0.004370
v -0.408793 0.425476 -0.135623
v -0.422300 0.425573 0.004263
v -0.421051 0.424993 -0.135730
v -0.435030 0.425144 0.004151
v -0.433782 0.424564 -0.135842
v -0.448164 0.424785 0.004035
v -0.446915 0.424205 -0.135958
v -0.461631 0.424509 0.003917
v -0.460382 0.423929 -0.136077
v -0.475362 0.424330 0.003795
v -0.474113 0.423750 -0.136198
v -0.489287 0.424262 0.003671
v -0.488039 0.423682 -0.136322
v -2.021347 0.656544 -0.010953
v -2.020098 0.655964 -0.150946
v -2.021340 0.644159 -0.010902
v -2.020092 0.643579 -0.150895
v -2.021333 0.630565 -0.010845
v -2.020085 0.629986 -0.150838
v -2.021326 0.616076 -0.010785
v -2.020077 0.615496 -0.150778
v -2.021318 0.601003 -0.010723
v -2.020070 0.600423 -0.150716
v -2.021310 0.585659 -0.010659
v -2.020061 0.585080 -0.150652
v -2.021302 0.570358 -0.010596
v -2.020054 0.569778 -0.150589
v -2.021294 0.555410 -0.010534
v -2.020046 0.554830 -0.150527
v -2.021287 0.541129 -0.010474
v -2.020039 0.540549 -0.150468
v -2.021280 0.527827 -0.010419
v -2.020031 0.527247 -0.150412
v -2.021274 0.515816 -0.010369
v -2.020025 0.515236 -0.150363
v -2.021268 0.505410 -0.010326
v -2.020020 0.504830 -0.150320
v -2.020548 0.448668 -0.010085
v -2.019300 0.448088 -0.150078
v -2.018435 0.398052 -0.009856
v -2.017186 0.397472 -0.149850
v -2.014908 0.352977 -0.009638
v -2.013660 0.352398 -0.149632
v -2.009947 0.312862 -0.009428
v -2.008698 0.312283 -0.149421
v -2.003529 0.277123 -0.009223
v -2.002281 0.276543 -0.149216
v -1.995634 0.245177 -0.009020
v -1.994386 0.244597 -0.149013
v -1.986241 0.216439 -0.008817
v -1.984993 0.215859 -0.148810
v -1.975329 0.190327 -0.008612
v -1.974081 0.189747 -0.148605
v -1.962876 0.166258 -0.008401
v -1.961628 0.165678 -0.148394
v -1.948861 0.143648 -0.008182
v -1.947613 0.143068 -0.148176
v -1.933264 0.121914 -0.007953
v -1.932015 0.121334 -0.147947
v -1.916062 0.100472 -0.007711
v -1.914814 0.099892 -0.147704
v -1.899110 0.081701 -0.007482
v -1.897862 0.081121 -0.147475
v -1.880915 0.064330 -0.007248
v -1.879667 0.063750 -0.147241
v -1.861694 0.048300 -0.007010
v -1.860445 0.047720 -0.147003
v -1.841660 0.033551 -0.006771
v -1.840412 0.032971 -0.146764
v -1.821030 0.020025 -0.006531
v -1.819782 0.019445 -0.146524
v -1.800019 0.007662 -0.006292
v -1.798771 0.007082 -0.146285
v -1.778841 -0.003596 -0.006057
v -1.777593 -0.004176 -0.146050
v -1.757713 -0.013809 -0.005826
v -1.756465 -0.014389 -0.145819
v -1.736849 -0.023037 -0.005602
v -1.735601 -0.023617 -0.145595
v -1.716465 -0.031337 -0.005385
v -1.715217 -0.031917 -0.145379
v -1.696776 -0.038770 -0.005179
v -1.695527 -0.039350 -0.145172
v -1.677996 -0.045395 -0.004984
v -1.676748 -0.045974 -0.144977
v -1.613035 0.023641 -0.004691
v -1.611786 0.023061 -0.144684
v -1.635882 0.029740 -0.004920
v -1.634634 0.029160 -0.144913
v -1.658382 0.036593 -0.005149
v -1.657134 0.036013 -0.145142
v -1.680480 0.044244 -0.005378
v -1.679232 0.043664 -0.145371
v -1.702121 0.052739 -0.005606
v -1.700872 0.052160 -0.145599
v -1.723247 0.062124 -0.005833
v -1.721999 0.061544 -0.145826
v -1.743805 0.072443 -0.006059
v -1.742557 0.071863 -0.146052
v -1.763738 0.083741 -0.006284
v -1.762490 0.083162 -0.146277
v -1.782992 0.096065 -0.006506
v -1.781743 0.095485 -0.146499
v -1.801509 0.109457 -0.006727
v -1.800261 0.108878 -0.146720
v -1.819236 0.123965 -0.006945
v -1.817988 0.123386 -0.146938
v -1.836116 0.139634 -0.007160
v -1.834868 0.139054 -0.147154
v -1.852094 0.156507 -0.007373
v -1.850846 0.155927 -0.147366
v -1.868652 0.177270 -0.007606
v -1.867404 0.176690 -0.147600
v -1.882915 0.198332 -0.007821
v -1.881667 0.197752 -0.147814
v -1.895047 0.220076 -0.008019
v -1.893799 0.219497 -0.148012
v -1.905211 0.242884 -0.008204
v -1.903962 0.242305 -0.148197
v -1.913570 0.267138 -0.008379
v -1.912321 0.266558 -0.148372
v -1.920287 0.293218 -0.008547
v -1.919039 0.292638 -0.148540
v -1.925527 0.321508 -0.008711
v -1.924278 0.320928 -0.148704
v -1.929452 0.352388 -0.008874
v -1.928203 0.351809 -0.148867
v -1.932226 0.386242 -0.009039
v -1.930977 0.385662 -0.149032
v -1.934012 0.423450 -0.009209
v -1.932763 0.422870 -0.149202
v -1.934973 0.464395 -0.009387
v -1.933725 0.463815 -0.149380
v -1.935274 0.509458 -0.009576
v -1.934026 0.508878 -0.149569
v -1.935279 0.519881 -0.009619
v -1.934031 0.519301 -0.149613
v -1.935286 0.531925 -0.009669
v -1.934037 0.531346 -0.149663
v -1.935292 0.545254 -0.009725
v -1.934044 0.544675 -0.149718
v -1.935300 0.559532 -0.009784
v -1.934052 0.558952 -0.149777
v -1.935308 0.574420 -0.009846
v -1.934059 0.573840 -0.149839
v -1.935315 0.589582 -0.009908
v -1.934067 0.589002 -0.149902
v -1.935323 0.604682 -0.009971
v -1.934075 0.604102 -0.149964
v -1.935331 0.619383 -0.010032
v -1.934083 0.618803 -0.150025
v -1.935338 0.633348 -0.010090
v -1.934090 0.632768 -0.150083
v -1.935345 0.646239 -0.010143
v -1.934096 0.645659 -0.150137
v -1.935351 0.657721 -0.010191
v -1.934102 0.657141 -0.150184
v -1.935356 0.667457 -0.010231
v -1.934108 0.666877 -0.150225
v -1.935319 0.675833 -0.010266
v -1.934071 0.675253 -0.150259
v -1.935202 0.683970 -0.010298
v -1.933954 0.683391 -0.150292
v -1.935009 0.691878 -0.010329
v -1.933761 0.691299 -0.150323
v -1.934743 0.699568 -0.010359
v -1.933494 0.698988 -0.150352
v -1.934407 0.707049 -0.010387
v -1.933159 0.706469 -0.150380
v -1.934005 0.714332 -0.010413
v -1.932757 0.713752 -0.150407
v -1.933541 0.721428 -0.010439
v -1.932292 0.720848 -0.150432
v -1.933017 0.728346 -0.010463
v -1.931769 0.727766 -0.150456
v -1.932438 0.735098 -0.010485
v -1.931190 0.734518 -0.150479
v -1.931807 0.741694 -0.010507
v -1.930558 0.741114 -0.150500
v -1.931127 0.748144 -0.010528
v -1.929878 0.747564 -0.150521
v -1.930401 0.754459 -0.010547
v -1.929153 0.753879 -0.150541
v -2.024397 0.754406 -0.011385
v -2.023149 0.753827 -0.151379
v -2.023915 0.748092 -0.011355
v -2.022666 0.747513 -0.151348
v -2.023474 0.741643 -0.011324
v -2.022226 0.741063 -0.151318
v -2.023075 0.735048 -0.011293
v -2.021827 0.734468 -0.151287
v -2.022717 0.728296 -0.011262
v -2.021469 0.727717 -0.151256
v -2.022401 0.721378 -0.011231
v -2.021153 0.720798 -0.151224
v -2.022127 0.714283 -0.011199
v -2.020878 0.713703 -0.151192
v -2.021894 0.707000 -0.011167
v -2.020645 0.706420 -0.151160
v -2.021702 0.699519 -0.011134
v -2.020454 0.698940 -0.151127
v -2.021553 0.691830 -0.011101
v -2.020304 0.691251 -0.151094
v -2.021444 0.683922 -0.011067
v -2.020196 0.683343 -0.151060
v -2.021378 0.675785 -0.011033
v -2.020129 0.675206 -0.151026
v -2.021352 0.667409 -0.010998
v -2.020104 0.666829 -0.150991
v -1.556368 0.662595 -0.006832
v -1.555120 0.662016 -0.146825
v -1.556358 0.642427 -0.006748
v -1.555110 0.641847 -0.146741
v -1.556344 0.615730 -0.006637
v -1.555096 0.615150 -0.146631
v -1.556328 0.584075 -0.006506
v -1.555079 0.583495 -0.146499
v -1.556309 0.549032 -0.006361
v -1.555061 0.548452 -0.146354
v -1.556290 0.512169 -0.006208
v -1.555042 0.511589 -0.146201
v -1.556271 0.475055 -0.006054
v -1.555023 0.474476 -0.146047
v -1.556253 0.439262 -0.005906
v -1.555004 0.438682 -0.145899
v -1.556235 0.406357 -0.005769
v -1.554987 0.405777 -0.145762
v -1.556221 0.377910 -0.005651
v -1.554972 0.377331 -0.145645
v -1.556209 0.355492 -0.005558
v -1.554961 0.354912 -0.145552
v -1.556201 0.340670 -0.005497
v -1.554953 0.340090 -0.145490
v -1.556239 0.334267 -0.005471
v -1.554990 0.333687 -0.145464
v -1.556352 0.327610 -0.005444
v -1.555104 0.327030 -0.145437
v -1.556535 0.320779 -0.005418
v -1.555287 0.320200 -0.145411
v -1.556780 0.313855 -0.005391
v -1.555532 0.313275 -0.145384
v -1.557081 0.306917 -0.005365
v -1.555833 0.306337 -0.145358
v -1.557430 0.300045 -0.005340
v -1.556182 0.299465 -0.145333
v -1.557821 0.293318 -0.005315
v -1.556573 0.292738 -0.145308
v -1.558247 0.286817 -0.005292
v -1.556999 0.286238 -0.145285
v -1.558701 0.280622 -0.005271
v -1.557453 0.280042 -0.145264
v -1.559176 0.274812 -0.005251
v -1.557928 0.274233 -0.145244
v -1.559665 0.269468 -0.005233
v -1.558417 0.268888 -0.145226
v -1.560162 0.264668 -0.005217
v -1.558913 0.264089 -0.145211
v -1.468165 0.264720 -0.004397
v -1.466917 0.264140 -0.144391
v -1.468686 0.268812 -0.004419
v -1.467438 0.268233 -0.144412
v -1.469235 0.273548 -0.004443
v -1.467986 0.272968 -0.144437
v -1.469797 0.278859 -0.004470
v -1.468549 0.278279 -0.144464
v -1.470361 0.284681 -0.004500
v -1.469112 0.284101 -0.144493
v -1.470910 0.290948 -0.004530
v -1.469662 0.290368 -0.144524
v -1.471432 0.297592 -0.004563
v -1.470184 0.297013 -0.144556
v -1.471913 0.304550 -0.004596
v -1.470664 0.303970 -0.144589
v -1.472338 0.311754 -0.004629
v -1.471089 0.311174 -0.144623
v -1.472693 0.319138 -0.004663
v -1.471445 0.318559 -0.144656
v -1.472966 0.326638 -0.004697
v -1.471717 0.326058 -0.144690
v -1.473141 0.334186 -0.004729
v -1.471893 0.333606 -0.144723
v -1.473205 0.341716 -0.004761
v -1.471957 0.341136 -0.144754
v -1.473213 0.356518 -0.004823
v -1.471964 0.355938 -0.144816
v -1.473225 0.378882 -0.004915
v -1.471976 0.378303 -0.144908
v -1.473239 0.407247 -0.005033
v -1.471991 0.406667 -0.145026
v -1.473256 0.440049 -0.005169
v -1.472008 0.439469 -0.145162
v -1.473275 0.475725 -0.005317
v -1.472026 0.475146 -0.145310
v -1.473294 0.512715 -0.005470
v -1.472046 0.512135 -0.145463
v -1.473313 0.549454 -0.005622
v -1.472065 0.548874 -0.145616
v -1.473331 0.584381 -0.005767
v -1.472083 0.583801 -0.145760
v -1.473347 0.615932 -0.005898
v -1.472099 0.615353 -0.145891
v -1.473361 0.642547 -0.006008
v -1.472113 0.641967 -0.146002
v -1.473372 0.662661 -0.006092
v -1.472123 0.662081 -0.146085
v -1.473378 0.674713 -0.006142
v -1.472130 0.674133 -0.146135
v -1.473340 0.679548 -0.006161
v -1.472091 0.678968 -0.146155
v -1.473226 0.684977 -0.006183
v -1.471977 0.684397 -0.146176
v -1.473042 0.690885 -0.006206
v -1.471794 0.690305 -0.146199
v -1.472797 0.697158 -0.006230
v -1.471549 0.696578 -0.146223
v -1.472496 0.703681 -0.006254
v -1.471248 0.703101 -0.146247
v -1.472146 0.710339 -0.006278
v -1.470898 0.709759 -0.146272
v -1.471755 0.717018 -0.006302
v -1.470507 0.716438 -0.146296
v -1.471329 0.723603 -0.006326
v -1.470081 0.723023 -0.146319
v -1.470876 0.729980 -0.006348
v -1.469627 0.729400 -0.146342
v -1.470401 0.736034 -0.006369
v -1.469152 0.735454 -0.146362
v -1.469912 0.741650 -0.006388
v -1.468663 0.741071 -0.146381
v -1.469415 0.746715 -0.006405
v -1.468167 0.746135 -0.146398
v -1.560412 0.746664 -0.007216
v -1.559163 0.746084 -0.147209
v -1.559910 0.741715 -0.007191
v -1.558662 0.741135 -0.147184
v -1.559416 0.736401 -0.007164
v -1.558167 0.735821 -0.147158
v -1.558935 0.730775 -0.007137
v -1.557686 0.730195 -0.147130
v -1.558475 0.724888 -0.007108
v -1.557226 0.724308 -0.147102
v -1.558042 0.718793 -0.007079
v -1.556794 0.718213 -0.147073
v -1.557644 0.712541 -0.007050
v -1.556396 0.711961 -0.147043
v -1.557288 0.706185 -0.007020
v -1.556040 0.705606 -0.147014
v -1.556980 0.699778 -0.006991
v -1.555732 0.699198 -0.146984
v -1.556728 0.693370 -0.006962
v -1.555480 0.692790 -0.146956
v -1.556539 0.687014 -0.006934
v -1.555290 0.686434 -0.146928
v -1.556418 0.680763 -0.006907
v -1.555170 0.680183 -0.146901
v -1.556375 0.674667 -0.006882
v -1.555126 0.674087 -0.146875
v -2.514120 0.423137 -0.014381
v -2.512872 0.422557 -0.154374
v -2.550353 0.423117 -0.014704
v -2.549104 0.422537 -0.154697
v -2.595640 0.423092 -0.015107
v -2.594392 0.422512 -0.155100
v -2.647719 0.423063 -0.015572
v -2.646471 0.422483 -0.155565
v -2.704326 0.423031 -0.016076
v -2.703077 0.422451 -0.156069
v -2.763196 0.422999 -0.016601
v -2.761948 0.422419 -0.156594
v -2.822066 0.422966 -0.017126
v -2.820818 0.422386 -0.157119
v -2.878673 0.422934 -0.017631
v -2.877425 0.422355 -0.157624
v -2.930752 0.422905 -0.018095
v -2.929504 0.422326 -0.158088
v -2.976040 0.422880 -0.018499
v -2.974791 0.422300 -0.158492
v -3.012272 0.422860 -0.018822
v -3.011024 0.422280 -0.158815
v -3.037185 0.422846 -0.019044
v -3.035937 0.422266 -0.159037
v -3.049393 0.422900 -0.019153
v -3.048145 0.422320 -0.159146
v -3.061018 0.423064 -0.019257
v -3.059770 0.422485 -0.159250
v -3.072059 0.423327 -0.019357
v -3.070811 0.422747 -0.159350
v -3.082517 0.423673 -0.019451
v -3.081269 0.423093 -0.159445
v -3.092392 0.424089 -0.019541
v -3.091144 0.423509 -0.159534
v -3.101684 0.424560 -0.019626
v -3.100435 0.423981 -0.159619
v -3.110392 0.425074 -0.019706
v -3.109143 0.424494 -0.159699
v -3.118517 0.425616 -0.019780
v -3.117269 0.425036 -0.159774
v -3.126059 0.426172 -0.019850
v -3.124810 0.425592 -0.159843
v -3.133017 0.426728 -0.019914
v -3.131768 0.426148 -0.159908
v -3.139392 0.427271 -0.019973
v -3.138144 0.426691 -0.159967
v -3.145184 0.427786 -0.020027
v -3.143935 0.427206 -0.160020
v -3.145133 0.329787 -0.019621
v -3.143884 0.329207 -0.159614
v -3.139686 0.330098 -0.019574
v -3.138438 0.329519 -0.159567
v -3.133389 0.330511 -0.019519
v -3.132140 0.329931 -0.159512
v -3.126306 0.331001 -0.019458
v -3.125058 0.330421 -0.159451
v -3.118505 0.331543 -0.019391
v -3.117257 0.330963 -0.159384
v -3.110052 0.332113 -0.019318
v -3.108803 0.331533 -0.159311
v -3.101011 0.332687 -0.019239
v -3.099763 0.332107 -0.159233
v -3.091450 0.333240 -0.019156
v -3.090201 0.332660 -0.159150
v -3.081434 0.333748 -0.019069
v -3.080186 0.333169 -0.159062
v -3.071029 0.334188 -0.018978
v -3.069780 0.333608 -0.158972
v -3.060301 0.334533 -0.018884
v -3.059052 0.333953 -0.158877
v -3.049316 0.334761 -0.018787
v -3.048067 0.334181 -0.158780
v -3.038140 0.334846 -0.018688
v -3.036891 0.334267 -0.158681
v -3.013016 0.334860 -0.018464
v -3.011767 0.334281 -0.158457
v -2.976642 0.334881 -0.018139
v -2.975394 0.334301 -0.158133
v -2.931269 0.334906 -0.017735
v -2.930021 0.334326 -0.157728
v -2.879146 0.334935 -0.017270
v -2.877898 0.334355 -0.157264
v -2.822524 0.334966 -0.016766
v -2.821275 0.334386 -0.156759
v -2.763651 0.334999 -0.016241
v -2.762403 0.334419 -0.156234
v -2.704778 0.335032 -0.015716
v -2.703530 0.334452 -0.155709
v -2.648155 0.335063 -0.015211
v -2.646907 0.334483 -0.155204
v -2.596032 0.335092 -0.014746
v -2.594784 0.334512 -0.154740
v -2.550659 0.335117 -0.014342
v -2.549411 0.334538 -0.154335
v -2.514286 0.335138 -0.014018
v -2.513037 0.334558 -0.154011
v -2.489161 0.335152 -0.013794
v -2.487913 0.334572 -0.153787
v -2.475465 0.335118 -0.013671
v -2.474217 0.334538 -0.153665
v -2.461922 0.335005 -0.013550
v -2.460673 0.334425 -0.153543
v -2.448601 0.334815 -0.013430
v -2.447352 0.334235 -0.153424
v -2.435571 0.334552 -0.013313
v -2.434323 0.333972 -0.153306
v -2.422902 0.334219 -0.013199
v -2.421654 0.333639 -0.153192
v -2.410664 0.333820 -0.013088
v -2.409415 0.333240 -0.153081
v -2.398926 0.333359 -0.012981
v -2.397677 0.332779 -0.152975
v -2.387757 0.332838 -0.012880
v -2.386508 0.332258 -0.152873
v -2.377227 0.332261 -0.012783
v -2.375978 0.331681 -0.152777
v -2.367405 0.331631 -0.012693
v -2.366157 0.331051 -0.152686
v -2.358361 0.330953 -0.012610
v -2.357113 0.330373 -0.152603
v -2.350164 0.330229 -0.012534
v -2.348916 0.329649 -0.152527
v -2.350215 0.428228 -0.012940
v -2.348967 0.427648 -0.152933
v -2.358182 0.427705 -0.013009
v -2.356934 0.427125 -0.153002
v -2.367038 0.427154 -0.013086
v -2.365790 0.426574 -0.153079
v -2.376714 0.426588 -0.013170
v -2.375465 0.426008 -0.153163
v -2.387138 0.426022 -0.013260
v -2.385890 0.425443 -0.153253
v -2.398244 0.425470 -0.013357
v -2.396996 0.424890 -0.153350
v -2.409961 0.424945 -0.013459
v -2.408713 0.424365 -0.153452
v -2.422220 0.424461 -0.013567
v -2.420971 0.423881 -0.153560
v -2.434950 0.424033 -0.013678
v -2.433702 0.423453 -0.153671
v -2.448084 0.423674 -0.013794
v -2.446836 0.423094 -0.153787
v -2.461551 0.423398 -0.013913
v -2.460303 0.422818 -0.153906
v -2.475281 0.423219 -0.014035
v -2.474033 0.422639 -0.154028
v -2.489207 0.423151 -0.014158
v -2.487959 0.422571 -0.154152
v -4.082111 0.626855 -0.029207
v -4.080863 0.626275 -0.169200
v -4.090639 0.628574 -0.029290
v -4.089391 0.627994 -0.169283
v -4.098752 0.631348 -0.029374
v -4.097503 0.630769 -0.169367
v -4.106364 0.635102 -0.029457
v -4.105116 0.634522 -0.169450
v -4.113394 0.639759 -0.029539
v -4.112146 0.639179 -0.169532
v -4.119758 0.645243 -0.029618
v -4.118509 0.644663 -0.169612
v -4.125372 0.651477 -0.029694
v -4.124124 0.650897 -0.169687
v -4.130153 0.658385 -0.029765
v -4.128904 0.657805 -0.169759
v -4.134018 0.665891 -0.029831
v -4.132770 0.665311 -0.169824
v -4.136883 0.673918 -0.029890
v -4.135634 0.673338 -0.169883
v -4.138665 0.682390 -0.029941
v -4.137417 0.681811 -0.169934
v -4.139281 0.691231 -0.029983
v -4.138033 0.690652 -0.169976
v -4.138674 0.700323 -0.030015
v -4.137426 0.699743 -0.170008
v -4.136901 0.709043 -0.030035
v -4.135653 0.708463 -0.170029
v -4.134045 0.717312 -0.030044
v -4.132796 0.716733 -0.170037
v -4.130187 0.725051 -0.030042
v -4.128939 0.724471 -0.170035
v -4.125414 0.732179 -0.030029
v -4.124166 0.731599 -0.170022
v -4.119806 0.738617 -0.030006
v -4.118558 0.738037 -0.169999
v -4.113448 0.744284 -0.029972
v -4.112200 0.743704 -0.169966
v -4.106423 0.749101 -0.029930
v -4.105175 0.748521 -0.169923
v -4.098814 0.752988 -0.029878
v -4.097566 0.752408 -0.169871
v -4.090705 0.755865 -0.029817
v -4.089457 0.755285 -0.169811
v -4.082179 0.757651 -0.029749
v -4.080931 0.757071 -0.169742
v -4.073318 0.758268 -0.029672
v -4.072070 0.757688 -0.169666
v -4.064247 0.757661 -0.029589
v -4.062999 0.757081 -0.169582
v -4.055582 0.755884 -0.029504
v -4.054333 0.755304 -0.169498
v -4.047395 0.753016 -0.029419
v -4.046146 0.752437 -0.169413
v -4.039760 0.749138 -0.029335
v -4.038511 0.748558 -0.169328
v -4.032748 0.744329 -0.029253
v -4.031500 0.743749 -0.169246
v -4.026435 0.738669 -0.029173
v -4.025187 0.738089 -0.169166
v -4.020892 0.732237 -0.029097
v -4.019644 0.731658 -0.169090
v -4.016192 0.725114 -0.029026
v -4.014944 0.724535 -0.169019
v -4.012409 0.717380 -0.028960
v -4.011160 0.716800 -0.168953
v -4.009615 0.709114 -0.028901
v -4.008367 0.708534 -0.168894
v -4.007883 0.700395 -0.028849
v -4.006635 0.699816 -0.168842
v -4.007286 0.691305 -0.028806
v -4.006038 0.690725 -0.168799
v -4.007874 0.682463 -0.028775
v -4.006625 0.681883 -0.168768
v -4.009597 0.673989 -0.028755
v -4.008348 0.673409 -0.168748
v -4.012383 0.665959 -0.028747
v -4.011134 0.665379 -0.168740
v -4.016158 0.658448 -0.028749
v -4.014910 0.657869 -0.168742
v -4.020850 0.651535 -0.028762
v -4.019602 0.650955 -0.168756
v -4.026387 0.645295 -0.028786
v -4.025138 0.644715 -0.168779
v -4.032694 0.639804 -0.028819
v -4.031446 0.639224 -0.168813
v -4.039701 0.635139 -0.028863
v -4.038452 0.634559 -0.168856
v -4.047332 0.631377 -0.028915
v -4.046083 0.630797 -0.168908
v -4.055516 0.628593 -0.028977
v -4.054267 0.628014 -0.168970
v -4.064179 0.626865 -0.029047
v -4.062931 0.626285 -0.169040
v -4.073250 0.626269 -0.029125
v -4.072001 0.625689 -0.169118
v -4.088569 0.803219 -0.029995
v -4.087320 0.802640 -0.169988
v -4.103163 0.800186 -0.030112
v -4.101914 0.799606 -0.170105
v -4.116992 0.795305 -0.030215
v -4.115744 0.794726 -0.170208
v -4.129925 0.788717 -0.030303
v -4.128676 0.788138 -0.170296
v -4.141829 0.780560 -0.030376
v -4.140580 0.779981 -0.170369
v -4.152572 0.770973 -0.030432
v -4.151323 0.770394 -0.170425
v -4.162023 0.760096 -0.030471
v -4.160774 0.759516 -0.170464
v -4.170050 0.748066 -0.030493
v -4.168801 0.747486 -0.170486
v -4.176521 0.735023 -0.030496
v -4.175272 0.734443 -0.170490
v -4.181304 0.721106 -0.030481
v -4.180056 0.720526 -0.170475
v -4.184267 0.706454 -0.030447
v -4.183019 0.705874 -0.170440
v -4.185279 0.691206 -0.030393
v -4.184031 0.690626 -0.170386
v -4.184252 0.676208 -0.030322
v -4.183003 0.675629 -0.170315
v -4.181273 0.661806 -0.030236
v -4.180025 0.661226 -0.170229
v -4.176476 0.648133 -0.030136
v -4.175227 0.647553 -0.170129
v -4.169991 0.635326 -0.030025
v -4.168743 0.634746 -0.170018
v -4.161952 0.623520 -0.029905
v -4.160704 0.622940 -0.169898
v -4.152490 0.612850 -0.029776
v -4.151241 0.612270 -0.169769
v -4.141737 0.603451 -0.029641
v -4.140488 0.602872 -0.169635
v -4.129824 0.595460 -0.029502
v -4.128576 0.594880 -0.169495
v -4.116885 0.589010 -0.029360
v -4.115637 0.588431 -0.169353
v -4.103051 0.584239 -0.029217
v -4.101803 0.583659 -0.169210
v -4.088454 0.581280 -0.029074
v -4.087205 0.580700 -0.169068
v -4.073226 0.580269 -0.028934
v -4.071978 0.579689 -0.168928
v -4.057999 0.581297 -0.028803
v -4.056751 0.580717 -0.168796
v -4.043406 0.584272 -0.028685
v -4.042157 0.583692 -0.168678
v -4.029576 0.589059 -0.028582
v -4.028328 0.588479 -0.168575
v -4.016644 0.595523 -0.028493
v -4.015395 0.594943 -0.168486
v -4.004740 0.603527 -0.028420
v -4.003491 0.602948 -0.168413
v -3.993996 0.612938 -0.028363
v -3.992748 0.612358 -0.168356
v -3.984545 0.623618 -0.028323
v -3.983297 0.623039 -0.168316
v -3.976518 0.635434 -0.028300
v -3.975270 0.634854 -0.168294
v -3.970047 0.648248 -0.028296
v -3.968798 0.647668 -0.168289
v -3.965264 0.661926 -0.028310
v -3.964015 0.661346 -0.168303
v -3.962300 0.676332 -0.028343
v -3.961052 0.675752 -0.168336
v -3.961288 0.691330 -0.028396
v -3.960040 0.690751 -0.168389
v -3.962316 0.706577 -0.028468
v -3.961067 0.705998 -0.168462
v -3.965294 0.721226 -0.028556
v -3.964046 0.720646 -0.168549
v -3.970092 0.735138 -0.028656
v -3.968843 0.734558 -0.168649
v -3.976576 0.748173 -0.028768
v -3.975328 0.747594 -0.168761
v -3.984616 0.760194 -0.028889
v -3.983368 0.759614 -0.168883
v -3.994078 0.771062 -0.029019
v -3.992830 0.770482 -0.169012
v -4.004831 0.780636 -0.029154
v -4.003583 0.780057 -0.169147
v -4.016744 0.788780 -0.029294
v -4.015495 0.788200 -0.169287
v -4.029683 0.795354 -0.029437
v -4.028435 0.794774 -0.169430
v -4.043517 0.800219 -0.029580
v -4.042269 0.799639 -0.169574
v -4.058114 0.803236 -0.029723
v -4.056866 0.802657 -0.169716
v -4.073342 0.804267 -0.029863
v -4.072094 0.803687 -0.169856
v -3.522174 0.437577 -0.023429
v -3.520925 0.436997 -0.163423
v -3.552455 0.445193 -0.023731
v -3.551207 0.444613 -0.163724
v -3.584078 0.453524 -0.024048
v -3.582829 0.452944 -0.164041
v -3.616714 0.462493 -0.024376
v -3.615466 0.461913 -0.164369
v -3.650038 0.472024 -0.024712
v -3.648790 0.471444 -0.164706
v -3.683724 0.482041 -0.025054
v -3.682476 0.481461 -0.165047
v -3.717445 0.492468 -0.025398
v -3.716196 0.491888 -0.165391
v -3.750874 0.503228 -0.025741
v -3.749625 0.502648 -0.165734
v -3.783684 0.514245 -0.026079
v -3.782436 0.513666 -0.166072
v -3.815552 0.525444 -0.026410
v -3.814303 0.524864 -0.166403
v -3.846148 0.536748 -0.026729
v -3.844899 0.536168 -0.166722
v -3.875147 0.548080 -0.027035
v -3.873898 0.547500 -0.167028
v -3.902222 0.559364 -0.027323
v -3.900974 0.558785 -0.167316
v -3.909722 0.562652 -0.027403
v -3.908473 0.562072 -0.167397
v -3.917215 0.566023 -0.027484
v -3.915967 0.565443 -0.167477
v -3.924695 0.569477 -0.027565
v -3.923446 0.568897 -0.167558
v -3.932153 0.573014 -0.027646
v -3.930905 0.572434 -0.167640
v -3.939584 0.576635 -0.027728
v -3.938336 0.576055 -0.167721
v -3.946981 0.580339 -0.027809
v -3.945732 0.579759 -0.167802
v -3.954335 0.584127 -0.027890
v -3.953087 0.583547 -0.167883
v -3.961642 0.587998 -0.027971
v -3.960393 0.587418 -0.167965
v -3.968892 0.591952 -0.028052
v -3.967644 0.591372 -0.168046
v -3.976080 0.595990 -0.028133
v -3.974832 0.595410 -0.168126
v -3.983199 0.600111 -0.028214
v -3.981951 0.599531 -0.168207
v -3.990242 0.604315 -0.028294
v -3.988993 0.603735 -0.168287
v -4.025199 0.524296 -0.028274
v -4.023951 0.523717 -0.168267
v -4.018039 0.521222 -0.028198
v -4.016790 0.520642 -0.168191
v -4.010594 0.518013 -0.028118
v -4.009346 0.517433 -0.168111
v -4.002913 0.514699 -0.028036
v -4.001665 0.514120 -0.168029
v -3.995045 0.511313 -0.027952
v -3.993797 0.510733 -0.167945
v -3.987038 0.507885 -0.027866
v -3.985790 0.507306 -0.167859
v -3.978940 0.504447 -0.027780
v -3.977692 0.503867 -0.167773
v -3.970801 0.501030 -0.027693
v -3.969553 0.500450 -0.167686
v -3.962669 0.497665 -0.027606
v -3.961421 0.497085 -0.167600
v -3.954592 0.494383 -0.027521
v -3.953344 0.493803 -0.167514
v -3.946620 0.491215 -0.027437
v -3.945372 0.490635 -0.167430
v -3.938801 0.488194 -0.027354
v -3.937552 0.487614 -0.167348
v -3.931182 0.485349 -0.027275
v -3.929934 0.484769 -0.167268
v -3.901971 0.473965 -0.026967
v -3.900722 0.473386 -0.166960
v -3.870599 0.462350 -0.026639
v -3.869350 0.461771 -0.166632
v -3.837449 0.450604 -0.026295
v -3.836201 0.450025 -0.166288
v -3.802904 0.438828 -0.025938
v -3.801656 0.438248 -0.165931
v -3.767345 0.427122 -0.025572
v -3.766097 0.426542 -0.165566
v -3.731154 0.415586 -0.025202
v -3.729906 0.415006 -0.165195
v -3.694713 0.404321 -0.024830
v -3.693465 0.403741 -0.164824
v -3.658405 0.393427 -0.024461
v -3.657156 0.392847 -0.164455
v -3.622610 0.383006 -0.024099
v -3.621362 0.382426 -0.164092
v -3.587712 0.373156 -0.023747
v -3.586463 0.372577 -0.163740
v -3.554091 0.363980 -0.023409
v -3.552843 0.363400 -0.163403
v -3.522131 0.355577 -0.023090
v -3.520883 0.354998 -0.163083
v -3.522017 0.135579 -0.022177
v -3.520769 0.134999 -0.162171
v -3.522452 0.123600 -0.022132
v -3.521204 0.123021 -0.162125
v -3.523787 0.113083 -0.022100
v -3.522539 0.112503 -0.162093
v -3.526047 0.103905 -0.022082
v -3.524799 0.103326 -0.162075
v -3.529255 0.095946 -0.022078
v -3.528007 0.095366 -0.162071
v -3.533436 0.089083 -0.022087
v -3.532188 0.088503 -0.162080
v -3.538614 0.083195 -0.022108
v -3.537366 0.082616 -0.162102
v -3.544813 0.078161 -0.022143
v -3.543565 0.077582 -0.162136
v -3.552058 0.073859 -0.022190
v -3.550810 0.073280 -0.162183
v -3.560372 0.070168 -0.022249
v -3.559124 0.069588 -0.162242
v -3.569781 0.066965 -0.022319
v -3.568532 0.066385 -0.162312
v -3.580307 0.064130 -0.022401
v -3.579058 0.063550 -0.162394
v -3.591976 0.061541 -0.022495
v -3.590728 0.060961 -0.162488
v -3.600149 0.060329 -0.022562
v -3.598900 0.059749 -0.162556
v -3.609113 0.059203 -0.022638
v -3.607865 0.058623 -0.162631
v -3.618786 0.058167 -0.022720
v -3.617537 0.057587 -0.162713
v -3.629083 0.057224 -0.022808
v -3.627835 0.056644 -0.162801
v -3.639923 0.056378 -0.022901
v -3.638674 0.055799 -0.162894
v -3.651221 0.055633 -0.022998
v -3.649972 0.055053 -0.162992
v -3.662894 0.054992 -0.023100
v -3.661645 0.054412 -0.163093
v -3.674858 0.054458 -0.023204
v -3.673610 0.053878 -0.163198
v -3.687031 0.054035 -0.023311
v -3.685783 0.053455 -0.163304
v -3.699329 0.053727 -0.023420
v -3.698080 0.053147 -0.163413
v -3.711668 0.053536 -0.023529
v -3.710420 0.052957 -0.163522
v -3.723966 0.053468 -0.023638
v -3.722718 0.052888 -0.163631
v -3.751377 0.053662 -0.023883
v -3.750129 0.053082 -0.163877
v -3.780340 0.054279 -0.024144
v -3.779092 0.053699 -0.164137
v -3.810449 0.055326 -0.024417
v -3.809201 0.054746 -0.164410
v -3.841297 0.056810 -0.024698
v -3.840049 0.056230 -0.164692
v -3.872479 0.058738 -0.024984
v -3.871231 0.058158 -0.164978
v -3.903589 0.061118 -0.025272
v -3.902340 0.060538 -0.165265
v -3.934219 0.063956 -0.025556
v -3.932971 0.063376 -0.165550
v -3.963964 0.067260 -0.025835
v -3.962716 0.066680 -0.165829
v -3.992418 0.071037 -0.026105
v -3.991170 0.070457 -0.166098
v -4.019175 0.075294 -0.026361
v -4.017926 0.074714 -0.166354
v -4.043827 0.080038 -0.026601
v -4.042579 0.079459 -0.166594
v -4.065969 0.085277 -0.026820
v -4.064721 0.084698 -0.166813
v -4.065922 -0.005722 -0.026442
v -4.064674 -0.006302 -0.166436
v -4.042919 -0.008853 -0.026224
v -4.041671 -0.009433 -0.166218
v -4.017653 -0.011764 -0.025987
v -4.016404 -0.012344 -0.165980
v -3.990484 -0.014446 -0.025734
v -3.989235 -0.015025 -0.165727
v -3.961773 -0.016886 -0.025467
v -3.960525 -0.017466 -0.165461
v -3.931882 -0.019076 -0.025192
v -3.930633 -0.019656 -0.165185
v -3.901171 -0.021005 -0.024910
v -3.899923 -0.021585 -0.164903
v -3.870003 -0.022663 -0.024625
v -3.868754 -0.023243 -0.164618
v -3.838737 -0.024040 -0.024341
v -3.837488 -0.024620 -0.164334
v -3.807735 -0.025125 -0.024060
v -3.806487 -0.025705 -0.164053
v -3.777359 -0.025909 -0.023786
v -3.776110 -0.026488 -0.163779
v -3.747968 -0.026380 -0.023522
v -3.746720 -0.026960 -0.163515
v -3.719925 -0.026529 -0.023271
v -3.718677 -0.027109 -0.163264
v -3.705167 -0.026458 -0.023140
v -3.703918 -0.027038 -0.163133
v -3.690436 -0.026258 -0.023009
v -3.689188 -0.026838 -0.163002
v -3.675802 -0.025927 -0.022880
v -3.674554 -0.026507 -0.162873
v -3.661335 -0.025460 -0.022753
v -3.660087 -0.026040 -0.162746
v -3.647105 -0.024854 -0.022628
v -3.645856 -0.025434 -0.162622
v -3.633180 -0.024106 -0.022507
v -3.631932 -0.024686 -0.162501
v -3.619630 -0.023213 -0.022390
v -3.618381 -0.023793 -0.162383
v -3.606524 -0.022170 -0.022278
v -3.605276 -0.022750 -0.162271
v -3.593933 -0.020975 -0.022170
v -3.592684 -0.021555 -0.162164
v -3.581925 -0.019624 -0.022069
v -3.580676 -0.020204 -0.162062
v -3.570570 -0.018114 -0.021974
v -3.569321 -0.018694 -0.161967
v -3.559937 -0.016441 -0.021886
v -3.558688 -0.017020 -0.161879
v -3.541403 -0.012478 -0.021737
v -3.540155 -0.013058 -0.161730
v -3.524318 -0.007555 -0.021605
v -3.523069 -0.008135 -0.161598
v -3.508712 -0.001584 -0.021491
v -3.507464 -0.002164 -0.161484
v -3.494618 0.005521 -0.021394
v -3.493369 0.004942 -0.161388
v -3.482065 0.013848 -0.021317
v -3.480817 0.013269 -0.161310
v -3.471086 0.023483 -0.021259
v -3.469838 0.022904 -0.161252
v -3.461712 0.034513 -0.021221
v -3.460464 0.033934 -0.161214
v -3.453974 0.047025 -0.021204
v -3.452726 0.046445 -0.161197
v -3.447903 0.061105 -0.021208
v -3.446655 0.060526 -0.161201
v -3.443531 0.076841 -0.021234
v -3.442283 0.076261 -0.161227
v -3.440890 0.094318 -0.021283
v -3.439641 0.093739 -0.161276
v -3.440009 0.113625 -0.021355
v -3.438761 0.113045 -0.161348
v -3.440025 0.143811 -0.021480
v -3.438776 0.143231 -0.161474
v -3.440046 0.184365 -0.021648
v -3.438797 0.183785 -0.161642
v -3.440071 0.233030 -0.021850
v -3.438823 0.232450 -0.161843
v -3.440099 0.287549 -0.022076
v -3.438851 0.286970 -0.162069
v -3.440129 0.345666 -0.022317
v -3.438881 0.345086 -0.162310
v -3.440160 0.405122 -0.022564
v -3.438912 0.404543 -0.162557
v -3.440191 0.463662 -0.022806
v -3.438942 0.463083 -0.162800
v -3.440219 0.519029 -0.023036
v -3.438971 0.518449 -0.163029
v -3.440245 0.568965 -0.023243
v -3.438997 0.568385 -0.163236
v -3.440267 0.611213 -0.023418
v -3.439019 0.610633 -0.163411
v -3.440284 0.643517 -0.023552
v -3.439035 0.642938 -0.163545
v -3.440294 0.663620 -0.023635
v -3.439046 0.663040 -0.163629
v -3.440255 0.669816 -0.023661
v -3.439007 0.669237 -0.163654
v -3.440134 0.676356 -0.023687
v -3.438885 0.675777 -0.163680
v -3.439929 0.683167 -0.023713
v -3.438681 0.682587 -0.163706
v -3.439641 0.690176 -0.023740
v -3.438393 0.689596 -0.163733
v -3.439270 0.697310 -0.023766
v -3.438021 0.696730 -0.163759
v -3.438815 0.704496 -0.023792
v -3.437567 0.703916 -0.163785
v -3.438277 0.711661 -0.023816
v -3.437029 0.711081 -0.163810
v -3.437656 0.718732 -0.023840
v -3.436408 0.718153 -0.163833
v -3.436951 0.725637 -0.023863
v -3.435703 0.725057 -0.163856
v -3.436163 0.732302 -0.023883
v -3.434915 0.731723 -0.163876
v -3.435292 0.738655 -0.023902
v -3.434043 0.738076 -0.163895
v -3.434337 0.744623 -0.023918
v -3.433088 0.744043 -0.163911
v -3.527333 0.744571 -0.024747
v -3.526084 0.743991 -0.164740
v -3.526601 0.738681 -0.024716
v -3.525353 0.738101 -0.164709
v -3.525915 0.732530 -0.024684
v -3.524667 0.731951 -0.164678
v -3.525277 0.726151 -0.024652
v -3.524028 0.725571 -0.164645
v -3.524691 0.719573 -0.024620
v -3.523442 0.718993 -0.164613
v -3.524160 0.712828 -0.024587
v -3.522912 0.712249 -0.164580
v -3.523688 0.705948 -0.024554
v -3.522440 0.705369 -0.164548
v -3.523279 0.698964 -0.024522
v -3.522030 0.698385 -0.164515
v -3.522935 0.691907 -0.024490
v -3.521687 0.691328 -0.164483
v -3.522661 0.684809 -0.024458
v -3.521413 0.684229 -0.164451
v -3.522460 0.677699 -0.024426
v -3.521212 0.677120 -0.164420
v -3.522336 0.670611 -0.024396
v -3.521087 0.670031 -0.164389
v -3.522291 0.663575 -0.024366
v -3.521043 0.662995 -0.164360
v -4.514041 0.422026 -0.032210
v -4.512793 0.421446 -0.172203
v -4.550273 0.422005 -0.032533
v -4.549025 0.421426 -0.172526
v -4.595561 0.421980 -0.032937
v -4.594313 0.421400 -0.172930
v -4.647639 0.421951 -0.033401
v -4.646391 0.421371 -0.173394
v -4.704247 0.421920 -0.033906
v -4.702998 0.421340 -0.173899
v -4.763117 0.421887 -0.034430
v -4.761868 0.421307 -0.174424
v -4.821987 0.421854 -0.034955
v -4.820739 0.421275 -0.174948
v -4.878593 0.421823 -0.035460
v -4.877345 0.421243 -0.175453
v -4.930673 0.421794 -0.035924
v -4.929424 0.421214 -0.175917
v -4.975960 0.421769 -0.036328
v -4.974711 0.421189 -0.176321
v -5.012193 0.421749 -0.036651
v -5.010944 0.421169 -0.176644
v -5.037106 0.421735 -0.036873
v -5.035857 0.421155 -0.176866
v -5.049314 0.421788 -0.036982
v -5.048065 0.421208 -0.176975
v -5.060938 0.421953 -0.037086
v -5.059690 0.421373 -0.177080
v -5.071980 0.422215 -0.037186
v -5.070731 0.421636 -0.177179
v -5.082438 0.422561 -0.037281
v -5.081189 0.421982 -0.177274
v -5.092312 0.422977 -0.037370
v -5.091063 0.422397 -0.177364
v -5.101604 0.423449 -0.037455
v -5.100355 0.422869 -0.177448
v -5.110312 0.423963 -0.037535
v -5.109064 0.423383 -0.177528
v -5.118437 0.424504 -0.037610
v -5.117188 0.423925 -0.177603
v -5.125978 0.425060 -0.037679
v -5.124730 0.424481 -0.177673
v -5.132937 0.425617 -0.037744
v -5.131689 0.425037 -0.177737
v -5.139312 0.426159 -0.037803
v -5.138063 0.425580 -0.177796
v -5.145103 0.426675 -0.037857
v -5.143855 0.426095 -0.177850
v -5.145053 0.328676 -0.037450
v -5.143805 0.328096 -0.177443
v -5.139606 0.328987 -0.037403
v -5.138357 0.328407 -0.177396
v -5.133308 0.329400 -0.037348
v -5.132060 0.328820 -0.177342
v -5.126225 0.329889 -0.037287
v -5.124977 0.329309 -0.177281
v -5.118424 0.330431 -0.037220
v -5.117176 0.329851 -0.177213
v -5.109971 0.331001 -0.037147
v -5.108723 0.330421 -0.177140
v -5.100931 0.331575 -0.037069
v -5.099683 0.330995 -0.177062
v -5.091370 0.332128 -0.036986
v -5.090121 0.331549 -0.176979
v -5.081353 0.332637 -0.036899
v -5.080105 0.332057 -0.176892
v -5.070949 0.333076 -0.036808
v -5.069700 0.332496 -0.176801
v -5.060221 0.333422 -0.036713
v -5.058972 0.332842 -0.176707
v -5.049236 0.333649 -0.036616
v -5.047988 0.333070 -0.176610
v -5.038060 0.333735 -0.036517
v -5.036812 0.333155 -0.176510
v -5.012936 0.333749 -0.036293
v -5.011687 0.333169 -0.176286
v -4.976562 0.333769 -0.035969
v -4.975314 0.333189 -0.175962
v -4.931190 0.333794 -0.035564
v -4.929941 0.333215 -0.175558
v -4.879066 0.333823 -0.035100
v -4.877818 0.333244 -0.175093
v -4.822444 0.333855 -0.034595
v -4.821196 0.333275 -0.174588
v -4.763571 0.333888 -0.034070
v -4.762322 0.333308 -0.174063
v -4.704699 0.333920 -0.033545
v -4.703450 0.333340 -0.173538
v -4.648075 0.333952 -0.033040
v -4.646827 0.333372 -0.173034
v -4.595953 0.333981 -0.032576
v -4.594705 0.333401 -0.172569
v -4.550580 0.334006 -0.032171
v -4.549332 0.333426 -0.172164
v -4.514206 0.334026 -0.031847
v -4.512958 0.333446 -0.171840
v -4.489082 0.334040 -0.031623
v -4.487834 0.333460 -0.171616
v -4.475386 0.334007 -0.031501
v -4.474137 0.333427 -0.171494
v -4.461843 0.333893 -0.031379
v -4.460594 0.333313 -0.171373
v -4.448521 0.333703 -0.031260
v -4.447272 0.333123 -0.171253
v -4.435491 0.333440 -0.031143
v -4.434242 0.332860 -0.171136
v -4.422822 0.333108 -0.031028
v -4.421574 0.332528 -0.171021
v -4.410583 0.332709 -0.030917
v -4.409335 0.332129 -0.170911
v -4.398846 0.332247 -0.030811
v -4.397597 0.331667 -0.170804
v -4.387677 0.331726 -0.030709
v -4.386429 0.331146 -0.170702
v -4.377148 0.331149 -0.030613
v -4.375899 0.330569 -0.170606
v -4.367326 0.330520 -0.030523
v -4.366077 0.329940 -0.170516
v -4.358282 0.329841 -0.030439
v -4.357034 0.329262 -0.170432
v -4.350084 0.329117 -0.030363
v -4.348836 0.328538 -0.170356
v -4.350136 0.427117 -0.030769
v -4.348887 0.426537 -0.170763
v -4.358102 0.426594 -0.030838
v -4.356853 0.426014 -0.170831
v -4.366958 0.426042 -0.030915
v -4.365709 0.425463 -0.170908
v -4.376633 0.425477 -0.030999
v -4.375384 0.424897 -0.170992
v -4.387058 0.424911 -0.031089
v -4.385810 0.424331 -0.171083
v -4.398164 0.424358 -0.031186
v -4.396915 0.423779 -0.171179
v -4.409881 0.423833 -0.031289
v -4.408632 0.423254 -0.171282
v -4.422139 0.423350 -0.031396
v -4.420891 0.422770 -0.171389
v -4.434871 0.422921 -0.031508
v -4.433622 0.422342 -0.171501
v -4.448004 0.422562 -0.031623
v -4.446755 0.421982 -0.171616
v -4.461472 0.422286 -0.031742
v -4.460223 0.421706 -0.171735
v -4.475203 0.422107 -0.031864
v -4.473954 0.421527 -0.171857
v -4.489128 0.422039 -0.031988
v -4.487880 0.421460 -0.171981
v -6.075034 0.668728 -0.047151
v -6.073786 0.668148 -0.187145
v -6.083508 0.670392 -0.047234
v -6.082259 0.669812 -0.187227
v -6.091538 0.673084 -0.047317
v -6.090290 0.672504 -0.187310
v -6.099048 0.676735 -0.047399
v -6.097799 0.676155 -0.187392
v -6.105961 0.681275 -0.047479
v -6.104712 0.680695 -0.187472
v -6.112201 0.686635 -0.047557
v -6.110952 0.686055 -0.187550
v -6.117691 0.692745 -0.047631
v -6.116443 0.692166 -0.187625
v -6.122355 0.699537 -0.047701
v -6.121107 0.698957 -0.187694
v -6.126117 0.706940 -0.047765
v -6.124868 0.706360 -0.187758
v -6.128900 0.714885 -0.047823
v -6.127651 0.714305 -0.187816
v -6.130627 0.723303 -0.047873
v -6.129378 0.722723 -0.187866
v -6.131223 0.732124 -0.047915
v -6.129974 0.731544 -0.187908
v -6.130636 0.740736 -0.047946
v -6.129388 0.740156 -0.187939
v -6.128918 0.749019 -0.047965
v -6.127669 0.748439 -0.187958
v -6.126143 0.756892 -0.047972
v -6.124894 0.756313 -0.187966
v -6.122389 0.764277 -0.047969
v -6.121140 0.763697 -0.187963
v -6.117731 0.771093 -0.047956
v -6.116483 0.770513 -0.187949
v -6.112247 0.777259 -0.047933
v -6.110999 0.776680 -0.187926
v -6.106013 0.782697 -0.047900
v -6.104765 0.782118 -0.187893
v -6.099105 0.787327 -0.047857
v -6.097857 0.786747 -0.187851
v -6.091599 0.791067 -0.047806
v -6.090351 0.790488 -0.187799
v -6.083571 0.793840 -0.047746
v -6.082323 0.793260 -0.187739
v -6.075100 0.795564 -0.047677
v -6.073852 0.794984 -0.187671
v -6.066259 0.796160 -0.047601
v -6.065011 0.795580 -0.187594
v -6.057667 0.795574 -0.047522
v -6.056418 0.794994 -0.187515
v -6.049438 0.793859 -0.047441
v -6.048190 0.793279 -0.187435
v -6.041648 0.791095 -0.047361
v -6.040400 0.790516 -0.187354
v -6.034367 0.787363 -0.047280
v -6.033118 0.786783 -0.187273
v -6.027668 0.782741 -0.047201
v -6.026420 0.782161 -0.187195
v -6.021626 0.777310 -0.047125
v -6.020377 0.776730 -0.187118
v -6.016312 0.771149 -0.047052
v -6.015063 0.770569 -0.187045
v -6.011800 0.764338 -0.046984
v -6.010551 0.763759 -0.186977
v -6.008163 0.756958 -0.046921
v -6.006915 0.756378 -0.186914
v -6.005473 0.749087 -0.046864
v -6.004225 0.748508 -0.186857
v -6.003804 0.740807 -0.046815
v -6.002556 0.740227 -0.186808
v -6.003228 0.732195 -0.046774
v -6.001980 0.731615 -0.186767
v -6.003795 0.723373 -0.046743
v -6.002546 0.722794 -0.186736
v -6.005456 0.714953 -0.046722
v -6.004208 0.714374 -0.186716
v -6.008138 0.707005 -0.046713
v -6.006889 0.706426 -0.186707
v -6.011766 0.699598 -0.046715
v -6.010518 0.699018 -0.186708
v -6.016272 0.692802 -0.046727
v -6.015023 0.692222 -0.186720
v -6.021579 0.686685 -0.046749
v -6.020330 0.686106 -0.186742
v -6.027616 0.681319 -0.046781
v -6.026367 0.680739 -0.186774
v -6.034309 0.676771 -0.046822
v -6.033061 0.676191 -0.186815
v -6.041587 0.673112 -0.046871
v -6.040339 0.672532 -0.186865
v -6.049375 0.670411 -0.046930
v -6.048126 0.669831 -0.186923
v -6.057601 0.668737 -0.046996
v -6.056353 0.668158 -0.186989
v -6.066193 0.668161 -0.047070
v -6.064944 0.667581 -0.187064
v -6.081262 0.841132 -0.047921
v -6.080013 0.840553 -0.187914
v -6.095609 0.838162 -0.048037
v -6.094360 0.837582 -0.188030
v -6.109199 0.833386 -0.048138
v -6.107950 0.832806 -0.188131
v -6.121902 0.826943 -0.048225
v -6.120654 0.826364 -0.188218
v -6.133593 0.818974 -0.048296
v -6.132344 0.818394 -0.188289
v -6.144138 0.809616 -0.048351
v -6.142890 0.809036 -0.188344
v -6.153414 0.799009 -0.048390
v -6.152165 0.798430 -0.188383
v -6.161288 0.787292 -0.048412
v -6.160040 0.786712 -0.188405
v -6.167634 0.774603 -0.048416
v -6.166386 0.774024 -0.188409
v -6.172325 0.761083 -0.048402
v -6.171077 0.760503 -0.188395
v -6.175230 0.746868 -0.048369
v -6.173982 0.746288 -0.188362
v -6.176222 0.732099 -0.048316
v -6.174973 0.731519 -0.188309
v -6.175214 0.717141 -0.048245
v -6.173965 0.716561 -0.188239
v -6.172294 0.702847 -0.048160
v -6.171045 0.702267 -0.188153
v -6.167590 0.689339 -0.048062
v -6.166342 0.688759 -0.188055
v -6.161230 0.676738 -0.047953
v -6.159982 0.676158 -0.187947
v -6.153343 0.665165 -0.047835
v -6.152095 0.664585 -0.187828
v -6.144057 0.654743 -0.047709
v -6.142809 0.654163 -0.187702
v -6.133502 0.645592 -0.047577
v -6.132254 0.645012 -0.187570
v -6.121804 0.637834 -0.047441
v -6.120556 0.637254 -0.187434
v -6.109094 0.631590 -0.047301
v -6.107845 0.631011 -0.187295
v -6.095499 0.626983 -0.047161
v -6.094251 0.626403 -0.187154
v -6.081148 0.624133 -0.047021
v -6.079900 0.623553 -0.187015
v -6.066169 0.623161 -0.046884
v -6.064920 0.622581 -0.186877
v -6.051422 0.624149 -0.046756
v -6.050174 0.623569 -0.186750
v -6.037265 0.627015 -0.046642
v -6.036016 0.626435 -0.186635
v -6.023831 0.631638 -0.046541
v -6.022583 0.631058 -0.186535
v -6.011252 0.637895 -0.046455
v -6.010004 0.637316 -0.186448
v -5.999661 0.645666 -0.046384
v -5.998413 0.645086 -0.186377
v -5.989188 0.654829 -0.046328
v -5.987940 0.654249 -0.186322
v -5.979966 0.665261 -0.046289
v -5.978718 0.664682 -0.186283
v -5.972127 0.676843 -0.046267
v -5.970879 0.676263 -0.186261
v -5.965802 0.689451 -0.046263
v -5.964554 0.688871 -0.186256
v -5.961123 0.702964 -0.046277
v -5.959874 0.702384 -0.186271
v -5.958221 0.717261 -0.046311
v -5.956973 0.716682 -0.186304
v -5.957231 0.732221 -0.046364
v -5.955982 0.731641 -0.186357
v -5.958237 0.746989 -0.046434
v -5.956988 0.746409 -0.186427
v -5.961153 0.761200 -0.046519
v -5.959905 0.760620 -0.186512
v -5.965845 0.774716 -0.046617
v -5.964597 0.774136 -0.186610
v -5.972184 0.787397 -0.046726
v -5.970936 0.786817 -0.186719
v -5.980036 0.799106 -0.046844
v -5.978787 0.798526 -0.186838
v -5.989268 0.809702 -0.046971
v -5.988020 0.809123 -0.186964
v -5.999751 0.819048 -0.047103
v -5.998503 0.818469 -0.187096
v -6.011351 0.827005 -0.047239
v -6.010102 0.826425 -0.187232
v -6.023935 0.833433 -0.047378
v -6.022687 0.832853 -0.187371
v -6.037374 0.838194 -0.047517
v -6.036125 0.837614 -0.187511
v -6.051534 0.841149 -0.047656
v -6.050285 0.840569 -0.187649
v -6.066283 0.842159 -0.047792
v -6.065035 0.841580 -0.187785
v -5.308945 0.132586 -0.038100
v -5.307696 0.132006 -0.178093
v -5.325831 0.149209 -0.038319
v -5.324583 0.148629 -0.178312
v -5.343319 0.167877 -0.038552
v -5.342071 0.167297 -0.178546
v -5.361176 0.188260 -0.038796
v -5.359927 0.187680 -0.178789
v -5.379168 0.210028 -0.039047
v -5.377919 0.209448 -0.179040
v -5.397063 0.232852 -0.039301
v -5.395815 0.232272 -0.179294
v -5.414630 0.256401 -0.039555
v -5.413382 0.255822 -0.179548
v -5.431634 0.280347 -0.039806
v -5.430386 0.279767 -0.179799
v -5.447844 0.304359 -0.040050
v -5.446595 0.303780 -0.180043
v -5.463024 0.328108 -0.040283
v -5.461776 0.327528 -0.180277
v -5.476945 0.351264 -0.040503
v -5.475697 0.350684 -0.180497
v -5.489372 0.373497 -0.040706
v -5.488124 0.372917 -0.180699
v -5.500072 0.394478 -0.040889
v -5.498824 0.393898 -0.180882
v -5.570052 0.360439 -0.041372
v -5.568804 0.359859 -0.181365
v -5.558510 0.338153 -0.041176
v -5.557261 0.337574 -0.181170
v -5.545113 0.314532 -0.040959
v -5.543864 0.313952 -0.180952
v -5.530174 0.289946 -0.040724
v -5.528926 0.289366 -0.180717
v -5.514006 0.264767 -0.040476
v -5.512757 0.264188 -0.180469
v -5.496920 0.239367 -0.040218
v -5.495671 0.238787 -0.180211
v -5.479230 0.214116 -0.039956
v -5.477982 0.213536 -0.179949
v -5.461249 0.189386 -0.039693
v -5.460001 0.188806 -0.179686
v -5.443290 0.165548 -0.039434
v -5.442041 0.164968 -0.179427
v -5.425664 0.142974 -0.039183
v -5.424416 0.142395 -0.179177
v -5.408686 0.122035 -0.038945
v -5.407437 0.121456 -0.178939
v -5.392666 0.103103 -0.038724
v -5.391418 0.102523 -0.178717
v -5.377918 0.086548 -0.038524
v -5.376670 0.085968 -0.178517
v -6.086893 0.091154 -0.044865
v -6.085645 0.090574 -0.184858
v -6.076437 0.111576 -0.044857
v -6.075189 0.110996 -0.184850
v -6.064684 0.133578 -0.044843
v -6.063436 0.132998 -0.184836
v -6.051834 0.156782 -0.044824
v -6.050586 0.156203 -0.184818
v -6.038089 0.180810 -0.044801
v -6.036840 0.180230 -0.184795
v -6.023649 0.205283 -0.044774
v -6.022401 0.204703 -0.184767
v -6.008718 0.229821 -0.044742
v -6.007469 0.229242 -0.184736
v -5.993493 0.254048 -0.044707
v -5.992245 0.253468 -0.184700
v -5.978178 0.277583 -0.044668
v -5.976930 0.277004 -0.184661
v -5.962975 0.300049 -0.044625
v -5.961726 0.299470 -0.184619
v -5.948082 0.321067 -0.044580
v -5.946834 0.320488 -0.184573
v -5.933702 0.340259 -0.044531
v -5.932454 0.339679 -0.184524
v -5.920037 0.357245 -0.044479
v -5.918789 0.356665 -0.184473
v -5.988052 0.393207 -0.045235
v -5.986804 0.392627 -0.185228
v -6.001817 0.375994 -0.045286
v -6.000568 0.375414 -0.185279
v -6.016473 0.356635 -0.045337
v -6.015224 0.356056 -0.185330
v -6.031787 0.335526 -0.045386
v -6.030539 0.334947 -0.185379
v -6.047527 0.313063 -0.045433
v -6.046279 0.312483 -0.185426
v -6.063462 0.289641 -0.045478
v -6.062214 0.289061 -0.185472
v -6.079359 0.265657 -0.045521
v -6.078111 0.265077 -0.185514
v -6.094983 0.241506 -0.045560
v -6.093735 0.240926 -0.185553
v -6.110106 0.217585 -0.045596
v -6.108857 0.217005 -0.185589
v -6.124492 0.194289 -0.045628
v -6.123243 0.193709 -0.185621
v -6.137910 0.172014 -0.045655
v -6.136662 0.171434 -0.185648
v -6.150126 0.151157 -0.045678
v -6.148878 0.150577 -0.185671
v -6.160911 0.132113 -0.045695
v -6.159662 0.131533 -0.185688
v -5.703167 0.590363 -0.043511
v -5.701919 0.589783 -0.183504
v -5.703220 0.693362 -0.043938
v -5.701972 0.692783 -0.183931
v -5.703162 0.699094 -0.043961
v -5.701914 0.698515 -0.183954
v -5.702986 0.705219 -0.043985
v -5.701737 0.704639 -0.183978
v -5.702699 0.711628 -0.044009
v -5.701450 0.711048 -0.184002
v -5.702308 0.718215 -0.044033
v -5.701059 0.717635 -0.184026
v -5.701819 0.724870 -0.044056
v -5.700571 0.724291 -0.184049
v -5.701241 0.731488 -0.044078
v -5.699992 0.730908 -0.184071
v -5.700578 0.737960 -0.044099
v -5.699329 0.737380 -0.184092
v -5.699840 0.744179 -0.044118
v -5.698591 0.743599 -0.184111
v -5.699031 0.750036 -0.044135
v -5.697783 0.749456 -0.184128
v -5.698160 0.755425 -0.044150
v -5.696912 0.754845 -0.184143
v -5.697233 0.760237 -0.044161
v -5.695985 0.759657 -0.184155
v -5.696258 0.764366 -0.044170
v -5.695009 0.763786 -0.184163
v -5.790254 0.764313 -0.045008
v -5.789005 0.763734 -0.185001
v -5.789503 0.760376 -0.044985
v -5.788255 0.759797 -0.184978
v -5.788762 0.755648 -0.044959
v -5.787514 0.755068 -0.184952
v -5.788043 0.750252 -0.044930
v -5.786795 0.749672 -0.184923
v -5.787354 0.744315 -0.044899
v -5.786105 0.743735 -0.184892
v -5.786706 0.737961 -0.044867
v -5.785458 0.737382 -0.184860
v -5.786111 0.731316 -0.044834
v -5.784863 0.730736 -0.184827
v -5.785579 0.724504 -0.044801
v -5.784330 0.723924 -0.184795
v -5.785118 0.717650 -0.044769
v -5.783870 0.717070 -0.184762
v -5.784741 0.710879 -0.044737
v -5.783493 0.710300 -0.184731
v -5.784459 0.704317 -0.044708
v -5.783211 0.703737 -0.184701
v -5.784280 0.698088 -0.044680
v -5.783031 0.697508 -0.184674
v -5.784217 0.692317 -0.044656
v -5.782969 0.691738 -0.184649
v -5.784163 0.590318 -0.044233
v -5.782915 0.589738 -0.184226
v -6.048153 0.590171 -0.046586
v -6.046905 0.589592 -0.186580
v -6.054331 0.590209 -0.046642
v -6.053082 0.589629 -0.186635
v -6.060824 0.590326 -0.046700
v -6.059576 0.589747 -0.186693
v -6.067575 0.590520 -0.046761
v -6.066326 0.589940 -0.186754
v -6.074523 0.590786 -0.046824
v -6.073275 0.590207 -0.186817
v -6.081611 0.591122 -0.046889
v -6.080362 0.590542 -0.186882
v -6.088778 0.591524 -0.046954
v -6.087529 0.590944 -0.186948
v -6.095965 0.591988 -0.047020
v -6.094717 0.591408 -0.187014
v -6.103115 0.592511 -0.047086
v -6.101867 0.591932 -0.187079
v -6.110168 0.593090 -0.047152
v -6.108919 0.592510 -0.187145
v -6.117064 0.593721 -0.047216
v -6.115816 0.593141 -0.187209
v -6.123745 0.594401 -0.047278
v -6.122497 0.593821 -0.187271
v -6.130152 0.595126 -0.047338
v -6.128903 0.594546 -0.187331
v -6.130109 0.512127 -0.046994
v -6.128860 0.511547 -0.186987
v -6.123303 0.512590 -0.046935
v -6.122055 0.512010 -0.186929
v -6.116403 0.512977 -0.046875
v -6.115154 0.512397 -0.186869
v -6.109439 0.513294 -0.046815
v -6.108191 0.512715 -0.186808
v -6.102445 0.513549 -0.046753
v -6.101196 0.512970 -0.186746
v -6.095450 0.513749 -0.046692
v -6.094202 0.513169 -0.186685
v -6.088488 0.513900 -0.046630
v -6.087239 0.513320 -0.186623
v -6.081587 0.514009 -0.046569
v -6.080338 0.513429 -0.186562
v -6.074780 0.514083 -0.046509
v -6.073531 0.513503 -0.186502
v -6.068097 0.514130 -0.046449
v -6.066849 0.513550 -0.186443
v -6.061571 0.514155 -0.046391
v -6.060323 0.513576 -0.186384
v -6.055233 0.514167 -0.046335
v -6.053985 0.513587 -0.186328
v -6.049113 0.514172 -0.046280
v -6.047865 0.513592 -0.186273
v -5.784124 0.514319 -0.043918
v -5.782876 0.513739 -0.183911
v -5.784121 0.507319 -0.043889
v -5.782872 0.506739 -0.183882
v -5.784107 0.482064 -0.043784
v -5.782859 0.481484 -0.183777
v -5.784090 0.448444 -0.043645
v -5.782842 0.447865 -0.183638
v -5.784069 0.408179 -0.043478
v -5.782821 0.407599 -0.183471
v -5.784045 0.362987 -0.043290
v -5.782797 0.362407 -0.183284
v -5.784020 0.314586 -0.043090
v -5.782772 0.314006 -0.183083
v -5.783995 0.264696 -0.042883
v -5.782746 0.264116 -0.182876
v -5.783969 0.215035 -0.042677
v -5.782721 0.214455 -0.182670
v -5.783944 0.167322 -0.042479
v -5.782696 0.166742 -0.182472
v -5.783921 0.123275 -0.042297
v -5.782673 0.122696 -0.182290
v -5.783901 0.084614 -0.042136
v -5.782653 0.084034 -0.182130
v -5.783885 0.053057 -0.042005
v -5.782637 0.052477 -0.181999
v -5.783873 0.030323 -0.041911
v -5.782624 0.029743 -0.181904
v -5.783319 0.017616 -0.041854
v -5.782071 0.017036 -0.181847
v -5.781657 0.005996 -0.041791
v -5.780409 0.005416 -0.181784
v -5.778855 -0.004533 -0.041722
v -5.777607 -0.005113 -0.181715
v -5.774887 -0.013968 -0.041648
v -5.773639 -0.014548 -0.181641
v -5.769726 -0.022305 -0.041567
v -5.768477 -0.022884 -0.181560
v -5.763343 -0.029540 -0.041480
v -5.762094 -0.030120 -0.181473
v -5.755710 -0.035671 -0.041387
v -5.754461 -0.036250 -0.181380
v -5.746800 -0.040693 -0.041286
v -5.745552 -0.041273 -0.181280
v -5.736586 -0.044603 -0.041179
v -5.735337 -0.045183 -0.181172
v -5.725039 -0.047398 -0.041065
v -5.723790 -0.047978 -0.181058
v -5.712131 -0.049075 -0.040943
v -5.710882 -0.049654 -0.180936
v -5.697835 -0.049628 -0.040813
v -5.696587 -0.050208 -0.180806
v -5.686982 -0.049561 -0.040716
v -5.685734 -0.050141 -0.180710
v -5.675512 -0.049375 -0.040615
v -5.674264 -0.049955 -0.180608
v -5.663555 -0.049078 -0.040509
v -5.662307 -0.049658 -0.180503
v -5.651245 -0.048677 -0.040401
v -5.649997 -0.049256 -0.180395
v -5.638712 -0.048178 -0.040292
v -5.637464 -0.048758 -0.180285
v -5.626089 -0.047589 -0.040182
v -5.624841 -0.048168 -0.180175
v -5.613507 -0.046916 -0.040072
v -5.612259 -0.047496 -0.180065
v -5.601100 -0.046167 -0.039965
v -5.599852 -0.046747 -0.179958
v -5.588998 -0.045349 -0.039860
v -5.587749 -0.045929 -0.179853
v -5.577333 -0.044469 -0.039760
v -5.576085 -0.045049 -0.179753
v -5.566238 -0.043533 -0.039665
v -5.564990 -0.044113 -0.179658
v -5.555844 -0.042550 -0.039576
v -5.554596 -0.043129 -0.179569
v -5.548886 0.037454 -0.039845
v -5.547638 0.036874 -0.179838
v -5.559685 0.035531 -0.039934
v -5.558436 0.034951 -0.179927
v -5.570527 0.033775 -0.040023
v -5.569279 0.033195 -0.180016
v -5.581335 0.032186 -0.040113
v -5.580087 0.031606 -0.180106
v -5.592030 0.030763 -0.040202
v -5.590781 0.030183 -0.180195
v -5.602529 0.029507 -0.040291
v -5.601280 0.028927 -0.180284
v -5.612754 0.028418 -0.040377
v -5.611506 0.027838 -0.180371
v -5.622625 0.027496 -0.040462
v -5.621377 0.026916 -0.180455
v -5.632062 0.026741 -0.040543
v -5.630814 0.026161 -0.180536
v -5.640985 0.026153 -0.040620
v -5.639737 0.025573 -0.180613
v -5.649316 0.025731 -0.040692
v -5.648067 0.025151 -0.180686
v -5.656972 0.025477 -0.040760
v -5.655724 0.024897 -0.180753
v -5.663875 0.025390 -0.040821
v -5.662626 0.024810 -0.180814
v -5.670295 0.025637 -0.040879
v -5.669046 0.025058 -0.180872
v -5.676069 0.026392 -0.040934
v -5.674821 0.025812 -0.180927
v -5.681219 0.027661 -0.040985
v -5.679971 0.027082 -0.180978
v -5.685765 0.029452 -0.041033
v -5.684517 0.028872 -0.181026
v -5.689728 0.031770 -0.041078
v -5.688479 0.031190 -0.181071
v -5.693129 0.034623 -0.041120
v -5.691880 0.034044 -0.181113
v -5.695989 0.038019 -0.041159
v -5.694740 0.037439 -0.181153
v -5.698327 0.041963 -0.041197
v -5.697079 0.041383 -0.181190
v -5.700166 0.046463 -0.041232
v -5.698917 0.045883 -0.181225
v -5.701526 0.051526 -0.041265
v -5.700277 0.050946 -0.181258
v -5.702428 0.057159 -0.041296
v -5.701180 0.056579 -0.181289
v -5.702893 0.063368 -0.041326
v -5.701645 0.062788 -0.181319
v -5.702903 0.082741 -0.041406
v -5.701654 0.082161 -0.181399
v -5.702918 0.112020 -0.041528
v -5.701670 0.111440 -0.181521
v -5.702938 0.149195 -0.041682
v -5.701690 0.148615 -0.181675
v -5.702960 0.192255 -0.041860
v -5.701712 0.191676 -0.181854
v -5.702984 0.239191 -0.042055
v -5.701735 0.238611 -0.182048
v -5.703010 0.287991 -0.042257
v -5.701761 0.287411 -0.182250
v -5.703035 0.336645 -0.042459
v -5.701787 0.336065 -0.182452
v -5.703059 0.383143 -0.042652
v -5.701811 0.382563 -0.182645
v -5.703081 0.425474 -0.042827
v -5.701833 0.424894 -0.182820
v -5.703099 0.461628 -0.042977
v -5.701851 0.461048 -0.182970
v -5.703115 0.489595 -0.043093
v -5.701866 0.489015 -0.183086
v -5.703123 0.507364 -0.043167
v -5.701875 0.506784 -0.183160
v -5.703127 0.514364 -0.043196
v -5.701879 0.513784 -0.183189
v -5.425138 0.514518 -0.040718
v -5.423890 0.513939 -0.180711
v -5.417680 0.514502 -0.040651
v -5.416431 0.513922 -0.180644
v -5.410301 0.514443 -0.040585
v -5.409053 0.513864 -0.180578
v -5.402998 0.514343 -0.040519
v -5.401750 0.513763 -0.180513
v -5.395768 0.514201 -0.040454
v -5.394520 0.513622 -0.180448
v -5.388608 0.514018 -0.040390
v -5.387360 0.513438 -0.180383
v -5.381515 0.513793 -0.040325
v -5.380266 0.513213 -0.180319
v -5.374483 0.513526 -0.040262
v -5.373235 0.512946 -0.180255
v -5.367510 0.513217 -0.040198
v -5.366261 0.512637 -0.180191
v -5.360593 0.512867 -0.040135
v -5.359344 0.512287 -0.180128
v -5.353728 0.512475 -0.040072
v -5.352480 0.511895 -0.180065
v -5.346911 0.512041 -0.040010
v -5.345663 0.511461 -0.180003
v -5.340140 0.511566 -0.039947
v -5.338892 0.510986 -0.179941
v -5.340184 0.595565 -0.040296
v -5.338936 0.594985 -0.180289
v -5.347126 0.594832 -0.040354
v -5.345878 0.594253 -0.180348
v -5.353978 0.594145 -0.040413
v -5.352730 0.593565 -0.180406
v -5.360775 0.593507 -0.040471
v -5.359527 0.592927 -0.180464
v -5.367551 0.592920 -0.040529
v -5.366302 0.592340 -0.180522
v -5.374342 0.592389 -0.040587
v -5.373094 0.591809 -0.180580
v -5.381180 0.591917 -0.040646
v -5.379931 0.591337 -0.180639
v -5.388103 0.591508 -0.040706
v -5.386854 0.590928 -0.180699
v -5.395142 0.591164 -0.040767
v -5.393893 0.590584 -0.180761
v -5.402334 0.590890 -0.040830
v -5.401086 0.590310 -0.180824
v -5.409716 0.590688 -0.040895
v -5.408467 0.590109 -0.180889
v -5.417318 0.590563 -0.040963
v -5.416070 0.589983 -0.180956
v -5.425178 0.590518 -0.041033
v -5.423929 0.589938 -0.181026
v -6.513961 0.420914 -0.050039
v -6.512712 0.420334 -0.190032
v -6.550193 0.420894 -0.050362
v -6.548944 0.420314 -0.190355
v -6.595481 0.420869 -0.050766
v -6.594233 0.420289 -0.190759
v -6.647560 0.420840 -0.051230
v -6.646312 0.420260 -0.191224
v -6.704166 0.420808 -0.051735
v -6.702918 0.420229 -0.191728
v -6.763037 0.420776 -0.052260
v -6.761788 0.420196 -0.192253
v -6.821907 0.420743 -0.052785
v -6.820659 0.420163 -0.192778
v -6.878513 0.420711 -0.053289
v -6.877265 0.420132 -0.193282
v -6.930593 0.420683 -0.053754
v -6.929344 0.420103 -0.193747
v -6.975881 0.420657 -0.054157
v -6.974632 0.420078 -0.194150
v -7.012113 0.420637 -0.054480
v -7.010864 0.420057 -0.194474
v -7.037026 0.420623 -0.054702
v -7.035778 0.420044 -0.194696
v -7.049234 0.420677 -0.054811
v -7.047986 0.420097 -0.194805
v -7.060859 0.420842 -0.054916
v -7.059610 0.420262 -0.194909
v -7.071899 0.421104 -0.055015
v -7.070651 0.420524 -0.195009
v -7.082358 0.421450 -0.055110
v -7.081110 0.420870 -0.195103
v -7.092233 0.421866 -0.055200
v -7.090984 0.421286 -0.195193
v -7.101524 0.422338 -0.055285
v -7.100276 0.421758 -0.195278
v -7.110232 0.422851 -0.055364
v -7.108984 0.422271 -0.195358
v -7.118358 0.423393 -0.055439
v -7.117109 0.422813 -0.195432
v -7.125898 0.423949 -0.055509
v -7.124650 0.423369 -0.195502
v -7.132857 0.424505 -0.055573
v -7.131609 0.423925 -0.195566
v -7.139233 0.425048 -0.055632
v -7.137984 0.424468 -0.195625
v -7.145024 0.425563 -0.055686
v -7.143776 0.424984 -0.195679
v -7.144973 0.327564 -0.055280
v -7.143724 0.326984 -0.195273
v -7.139526 0.327876 -0.055232
v -7.138278 0.327296 -0.195226
v -7.133228 0.328288 -0.055178
v -7.131980 0.327708 -0.195171
v -7.126146 0.328778 -0.055117
v -7.124898 0.328198 -0.195110
v -7.118345 0.329320 -0.055049
v -7.117097 0.328740 -0.195043
v -7.109892 0.329890 -0.054976
v -7.108644 0.329310 -0.194970
v -7.100851 0.330464 -0.054898
v -7.099603 0.329884 -0.194891
v -7.091290 0.331017 -0.054815
v -7.090041 0.330437 -0.194808
v -7.081274 0.331525 -0.054728
v -7.080026 0.330946 -0.194721
v -7.070868 0.331965 -0.054637
v -7.069620 0.331385 -0.194630
v -7.060142 0.332310 -0.054543
v -7.058893 0.331731 -0.194536
v -7.049156 0.332538 -0.054446
v -7.047908 0.331958 -0.194439
v -7.037980 0.332624 -0.054346
v -7.036732 0.332044 -0.194340
v -7.012856 0.332637 -0.054122
v -7.011608 0.332058 -0.194116
v -6.976482 0.332658 -0.053798
v -6.975234 0.332078 -0.193791
v -6.931109 0.332683 -0.053394
v -6.929861 0.332103 -0.193387
v -6.878986 0.332712 -0.052929
v -6.877738 0.332132 -0.192922
v -6.822364 0.332743 -0.052424
v -6.821115 0.332164 -0.192417
v -6.763492 0.332776 -0.051899
v -6.762243 0.332196 -0.191893
v -6.704618 0.332809 -0.051375
v -6.703370 0.332229 -0.191368
v -6.647996 0.332840 -0.050870
v -6.646748 0.332260 -0.190863
v -6.595873 0.332869 -0.050405
v -6.594625 0.332289 -0.190398
v -6.550500 0.332894 -0.050001
v -6.549252 0.332315 -0.189994
v -6.514126 0.332915 -0.049676
v -6.512877 0.332335 -0.189669
v -6.489002 0.332929 -0.049452
v -6.487754 0.332349 -0.189446
v -6.475307 0.332895 -0.049330
v -6.474058 0.332315 -0.189323
v -6.461762 0.332782 -0.049209
v -6.460514 0.332202 -0.189202
v -6.448442 0.332592 -0.049089
v -6.447193 0.332012 -0.189082
v -6.435411 0.332329 -0.048972
v -6.434163 0.331749 -0.188965
v -6.422743 0.331996 -0.048858
v -6.421494 0.331416 -0.188851
v -6.410504 0.331597 -0.048747
v -6.409256 0.331017 -0.188740
v -6.398767 0.331136 -0.048640
v -6.397518 0.330556 -0.188633
v -6.387597 0.330615 -0.048538
v -6.386349 0.330035 -0.188532
v -6.377068 0.330038 -0.048442
v -6.375819 0.329458 -0.188435
v -6.367246 0.329408 -0.048352
v -6.365997 0.328829 -0.188345
v -6.358202 0.328730 -0.048269
v -6.356954 0.328150 -0.188262
v -6.350005 0.328006 -0.048192
v -6.348757 0.327426 -0.188186
v -6.350056 0.426005 -0.048599
v -6.348807 0.425425 -0.188592
v -6.358022 0.425482 -0.048668
v -6.356773 0.424902 -0.188661
v -6.366878 0.424931 -0.048744
v -6.365629 0.424351 -0.188738
v -6.376553 0.424365 -0.048828
v -6.375304 0.423786 -0.188821
v -6.386978 0.423799 -0.048919
v -6.385730 0.423220 -0.188912
v -6.398084 0.423247 -0.049016
v -6.396835 0.422667 -0.189009
v -6.409801 0.422722 -0.049118
v -6.408553 0.422142 -0.189111
v -6.422060 0.422238 -0.049225
v -6.420812 0.421658 -0.189218
v -6.434791 0.421810 -0.049337
v -6.433542 0.421230 -0.189330
v -6.447925 0.421451 -0.049453
v -6.446676 0.420871 -0.189446
v -6.461391 0.421175 -0.049572
v -6.460143 0.420595 -0.189565
v -6.475122 0.420996 -0.049693
v -6.473874 0.420416 -0.189686
v -6.489048 0.420928 -0.049817
v -6.487800 0.420348 -0.189810
vn 0.0089 -0.0041 -1.0000
vn -0.0089 0.0041 1.0000
vn -0.0090 0.0041 1.0000
vn 0.1362 0.9907 -0.0029
vn 0.2685 0.9633 -0.0016
vn 0.3929 0.9196 -0.0003
vn 0.5079 0.8614 0.0010
vn 0.6127 0.7903 0.0022
vn 0.7067 0.7075 0.0034
vn 0.7897 0.6135 0.0045
vn 0.8609 0.5088 0.0056
vn 0.9191 0.3939 0.0066
vn 0.9630 0.2695 0.0075
vn 0.9905 0.1373 0.0083
vn 1.0000 0.0014 0.0089
vn 0.9910 -0.1332 0.0094
vn 0.9646 -0.2634 0.0097
vn 0.9220 -0.3871 0.0098
vn 0.8647 -0.5023 0.0098
vn 0.7940 -0.6078 0.0096
vn 0.7111 -0.7030 0.0093
vn 0.6167 -0.7872 0.0088
vn 0.5112 -0.8594 0.0081
vn 0.3954 -0.9185 0.0073
vn 0.2703 -0.9628 0.0064
vn 0.1375 -0.9905 0.0053
vn 0.0013 -1.0000 0.0042
vn -0.1341 -0.9910 0.0029
vn -0.2663 -0.9639 0.0016
vn -0.3926 -0.9197 0.0003
vn -0.5104 -0.8600 -0.0010
vn -0.6179 -0.7863 -0.0023
vn -0.7139 -0.7002 -0.0035
vn -0.7977 -0.6031 -0.0046
vn -0.8682 -0.4961 -0.0057
vn -0.9247 -0.3806 -0.0067
vn -0.9661 -0.2581 -0.0075
vn -0.9914 -0.1305 -0.0083
vn -1.0000 0.0002 -0.0089
vn -0.9912 0.1323 -0.0094
vn -0.9650 0.2619 -0.0097
vn -0.9227 0.3853 -0.0098
vn -0.8655 0.5007 -0.0098
vn -0.7947 0.6070 -0.0096
vn -0.7111 0.7031 -0.0093
vn -0.6155 0.7881 -0.0088
vn -0.5088 0.8608 -0.0081
vn -0.3920 0.9200 -0.0073
vn -0.2665 0.9638 -0.0064
vn -0.1349 0.9908 -0.0053
vn 0.0003 1.0000 -0.0041
vn -0.1378 0.9905 -0.0053
vn -0.2704 0.9627 -0.0064
vn -0.3953 0.9185 -0.0073
vn -0.5106 0.8598 -0.0081
vn -0.7096 0.7045 -0.0092
vn -0.7923 0.6100 -0.0096
vn -0.8631 0.5049 -0.0098
vn -0.9208 0.3899 -0.0098
vn -0.9639 0.2660 -0.0097
vn -0.9908 0.1347 -0.0094
vn -1.0000 -0.0006 -0.0089
vn -0.9906 -0.1362 -0.0083
vn -0.9633 -0.2683 -0.0075
vn -0.9194 -0.3933 -0.0066
vn -0.8606 -0.5092 -0.0056
vn -0.7886 -0.6149 -0.0045
vn -0.7046 -0.7096 -0.0033
vn -0.6095 -0.7928 -0.0022
vn -0.5041 -0.8637 -0.0009
vn -0.3889 -0.9213 0.0003
vn -0.2651 -0.9642 0.0016
vn -0.1343 -0.9909 0.0029
vn -0.0000 -1.0000 0.0041
vn 0.1339 -0.9910 0.0053
vn 0.2644 -0.9644 0.0064
vn 0.3888 -0.9213 0.0073
vn 0.5050 -0.8631 0.0081
vn 0.6115 -0.7912 0.0087
vn 0.7074 -0.7067 0.0092
vn 0.7918 -0.6107 0.0096
vn 0.8636 -0.5041 0.0098
vn 0.9217 -0.3878 0.0098
vn 0.9911 -0.1329 0.0094
vn 1.0000 0.0005 0.0089
vn 0.9910 0.1336 0.0083
vn 0.9647 0.2632 0.0075
vn 0.9223 0.3865 0.0066
vn 0.8650 0.5017 0.0056
vn 0.7943 0.6076 0.0046
vn 0.7110 0.7032 0.0034
vn 0.6159 0.7878 0.0022
vn 0.5097 0.8603 0.0010
vn 0.3932 0.9195 -0.0003
vn 0.2677 0.9635 -0.0016
vn 0.1353 0.9908 -0.0029
vn -0.0010 1.0000 -0.0042
vn -0.8543 0.5197 -0.0098
vn -0.9646 -0.2635 -0.0075
vn -0.9650 -0.2623 -0.0075
vn -0.9655 -0.2602 -0.0075
vn -0.9664 -0.2570 -0.0076
vn -0.9675 -0.2527 -0.0076
vn -0.9689 -0.2473 -0.0076
vn -0.9706 -0.2407 -0.0077
vn -0.9725 -0.2327 -0.0077
vn -0.9748 -0.2229 -0.0078
vn -0.9774 -0.2111 -0.0078
vn -0.9804 -0.1966 -0.0079
vn -0.9785 -0.2059 -0.0079
vn -0.9742 -0.2256 -0.0078
vn -0.9729 -0.2313 -0.0077
vn -0.9712 -0.2380 -0.0077
vn -0.9693 -0.2457 -0.0076
vn -0.9670 -0.2547 -0.0076
vn -0.9642 -0.2650 -0.0075
vn -0.9608 -0.2770 -0.0074
vn -0.9567 -0.2911 -0.0073
vn -0.9514 -0.3078 -0.0072
vn -0.9447 -0.3278 -0.0071
vn -0.9359 -0.3522 -0.0069
vn -0.9274 -0.3741 -0.0067
vn -0.9203 -0.3911 -0.0066
vn -0.9130 -0.4078 -0.0065
vn -0.9057 -0.4238 -0.0063
vn -0.8983 -0.4393 -0.0062
vn -0.8906 -0.4547 -0.0061
vn -0.8826 -0.4700 -0.0059
vn -0.8742 -0.4856 -0.0058
vn -0.8651 -0.5016 -0.0056
vn -0.8552 -0.5182 -0.0055
vn -0.8444 -0.5357 -0.0053
vn -0.8324 -0.5542 -0.0051
vn -0.2815 -0.9596 0.0015
vn 0.9645 -0.2640 0.0097
vn 0.8130 0.5823 0.0048
vn 0.8279 0.5609 0.0051
vn 0.8410 0.5410 0.0053
vn 0.8528 0.5222 0.0054
vn 0.8635 0.5044 0.0056
vn 0.8733 0.4872 0.0058
vn 0.8824 0.4706 0.0059
vn 0.8909 0.4541 0.0061
vn 0.8991 0.4377 0.0062
vn 0.9071 0.4209 0.0063
vn 0.9150 0.4035 0.0065
vn 0.9235 0.3836 0.0066
vn 0.9327 0.3607 0.0068
vn 0.9411 0.3379 0.0070
vn 0.9484 0.3171 0.0071
vn 0.9547 0.2973 0.0073
vn 0.9605 0.2782 0.0074
vn 0.9658 0.2590 0.0075
vn 0.9709 0.2394 0.0077
vn 0.9758 0.2187 0.0078
vn 0.9805 0.1964 0.0079
vn 0.9851 0.1717 0.0081
vn 0.9896 0.1437 0.0082
vn 0.5773 0.8165 0.0018
vn -0.3678 0.9299 -0.0071
vn -0.8833 0.4687 -0.0098
vn -0.8902 0.4555 -0.0098
vn -0.8956 0.4447 -0.0098
vn -0.9002 0.4354 -0.0098
vn -0.9042 0.4271 -0.0098
vn -0.9078 0.4193 -0.0098
vn -0.9112 0.4118 -0.0098
vn -0.9146 0.4043 -0.0098
vn -0.9180 0.3964 -0.0098
vn -0.9216 0.3879 -0.0098
vn -0.9256 0.3785 -0.0098
vn -0.9272 0.3746 -0.0098
vn -0.9289 0.3701 -0.0098
vn -0.9330 0.3599 -0.0098
vn -0.9363 0.3511 -0.0098
vn -0.9391 0.3434 -0.0098
vn -0.9417 0.3362 -0.0098
vn -0.9441 0.3294 -0.0098
vn -0.9465 0.3226 -0.0098
vn -0.9488 0.3156 -0.0098
vn -0.9513 0.3081 -0.0098
vn -0.9540 0.2995 -0.0097
vn -0.9572 0.2893 -0.0097
vn -0.8850 -0.4656 -0.0060
vn 0.4825 -0.8759 0.0079
vn 0.9669 -0.2548 0.0097
vn 0.9628 -0.2699 0.0097
vn 0.9591 -0.2830 0.0097
vn 0.9556 -0.2945 0.0097
vn 0.9523 -0.3049 0.0098
vn 0.9492 -0.3144 0.0098
vn 0.9463 -0.3233 0.0098
vn 0.9433 -0.3317 0.0098
vn 0.9404 -0.3400 0.0098
vn 0.9374 -0.3481 0.0098
vn 0.9343 -0.3563 0.0098
vn 0.9316 -0.3633 0.0098
vn 0.9289 -0.3702 0.0098
vn 0.9256 -0.3784 0.0098
vn 0.9223 -0.3864 0.0098
vn 0.9188 -0.3945 0.0098
vn 0.9152 -0.4030 0.0098
vn 0.9111 -0.4121 0.0098
vn 0.9064 -0.4222 0.0098
vn 0.9010 -0.4338 0.0098
vn 0.8943 -0.4474 0.0098
vn 0.8858 -0.4639 0.0098
vn 0.8746 -0.4847 0.0098
vn 0.9341 0.3571 0.0069
vn -0.9999 -0.0066 -0.0089
vn -0.9996 -0.0272 -0.0088
vn -0.9982 -0.0599 -0.0087
vn -0.9949 -0.1004 -0.0085
vn -0.9887 -0.1498 -0.0082
vn -0.9780 -0.2085 -0.0079
vn -0.9613 -0.2755 -0.0074
vn -0.9373 -0.3485 -0.0069
vn -0.9061 -0.4230 -0.0063
vn -0.8697 -0.4936 -0.0057
vn -0.8316 -0.5553 -0.0051
vn -0.7965 -0.6046 -0.0046
vn -0.7614 -0.6483 -0.0041
vn -0.7168 -0.6973 -0.0035
vn -0.6659 -0.7461 -0.0028
vn -0.6169 -0.7870 -0.0022
vn -0.5708 -0.8211 -0.0017
vn -0.5279 -0.8493 -0.0012
vn -0.4884 -0.8726 -0.0007
vn -0.4524 -0.8918 -0.0003
vn -0.4199 -0.9076 -0.0000
vn -0.3908 -0.9205 0.0003
vn -0.3652 -0.9309 0.0006
vn -0.3429 -0.9394 0.0008
vn 0.2361 -0.9717 0.0061
vn 0.9617 0.2739 0.0074
vn 0.2747 0.9615 -0.0015
vn 0.3093 0.9510 -0.0012
vn 0.3464 0.9381 -0.0008
vn 0.3858 0.9226 -0.0004
vn 0.4274 0.9041 0.0001
vn 0.4710 0.8821 0.0005
vn 0.5163 0.8564 0.0011
vn 0.5628 0.8266 0.0016
vn 0.6099 0.7924 0.0022
vn 0.6571 0.7538 0.0027
vn 0.7035 0.7106 0.0033
vn 0.7546 0.6561 0.0040
vn 0.8055 0.5926 0.0047
vn 0.8514 0.5245 0.0054
vn 0.8942 0.4476 0.0061
vn 0.9303 0.3668 0.0068
vn 0.9576 0.2879 0.0073
vn 0.9764 0.2159 0.0078
vn 0.9880 0.1542 0.0082
vn 0.9945 0.1039 0.0084
vn 0.9979 0.0649 0.0086
vn 0.9993 0.0358 0.0088
vn 0.9998 0.0151 0.0089
vn 1.0000 0.0036 0.0089
vn 1.0000 0.0006 0.0089
vn 1.0000 -0.0019 0.0089
vn 0.9999 -0.0093 0.0090
vn 0.9998 -0.0194 0.0090
vn 0.9995 -0.0295 0.0090
vn 0.9992 -0.0397 0.0091
vn 0.9987 -0.0499 0.0091
vn 0.9981 -0.0602 0.0092
vn 0.9975 -0.0704 0.0092
vn 0.9967 -0.0804 0.0092
vn 0.9959 -0.0904 0.0093
vn 0.9949 -0.1000 0.0093
vn 0.9940 -0.1094 0.0093
vn 0.7462 0.6658 0.0039
vn -0.7337 0.6794 -0.0094
vn -0.9974 -0.0722 -0.0086
vn -0.9979 -0.0643 -0.0086
vn -0.9984 -0.0567 -0.0087
vn -0.9987 -0.0493 -0.0087
vn -0.9991 -0.0422 -0.0087
vn -0.9993 -0.0354 -0.0088
vn -0.9995 -0.0288 -0.0088
vn -0.9997 -0.0226 -0.0088
vn -0.9998 -0.0166 -0.0088
vn -0.9999 -0.0110 -0.0089
vn -0.9999 -0.0056 -0.0089
vn -1.0000 -0.0018 -0.0089
vn -1.0000 0.0026 -0.0089
vn -0.9999 0.0114 -0.0090
vn -0.9997 0.0219 -0.0090
vn -0.9995 0.0310 -0.0090
vn -0.9992 0.0393 -0.0091
vn -0.9989 0.0470 -0.0091
vn -0.9985 0.0544 -0.0091
vn -0.9981 0.0617 -0.0092
vn -0.9976 0.0692 -0.0092
vn -0.9970 0.0772 -0.0092
vn -0.9962 0.0863 -0.0092
vn -0.9952 0.0970 -0.0093
vn -0.7424 -0.6700 -0.0038
vn 0.7506 -0.6607 0.0094
vn 0.9926 0.1207 0.0084
vn 0.9939 0.1103 0.0084
vn 0.9949 0.1009 0.0085
vn 0.9957 0.0919 0.0085
vn 0.9965 0.0829 0.0085
vn 0.9973 0.0736 0.0086
vn 0.9979 0.0639 0.0086
vn 0.9985 0.0535 0.0087
vn 0.9991 0.0422 0.0087
vn 0.9995 0.0298 0.0088
vn 0.9998 0.0159 0.0089
vn 1.0000 0.0045 0.0089
vn 1.0000 -0.0036 0.0089
vn 0.9999 -0.0144 0.0090
vn 0.9996 -0.0260 0.0090
vn 0.9993 -0.0351 0.0091
vn 0.9991 -0.0426 0.0091
vn 0.9987 -0.0492 0.0091
vn 0.9984 -0.0554 0.0091
vn 0.9981 -0.0615 0.0092
vn 0.9977 -0.0677 0.0092
vn 0.9972 -0.0745 0.0092
vn 0.9966 -0.0824 0.0092
vn 0.9957 -0.0921 0.0093
vn 0.7406 0.6720 0.0038
vn -0.7420 0.6703 -0.0094
vn -0.9953 -0.0968 -0.0085
vn -0.9960 -0.0890 -0.0085
vn -0.9966 -0.0816 -0.0085
vn -0.9972 -0.0744 -0.0086
vn -0.9977 -0.0672 -0.0086
vn -0.9982 -0.0598 -0.0087
vn -0.9986 -0.0520 -0.0087
vn -0.9990 -0.0437 -0.0087
vn -0.9994 -0.0346 -0.0088
vn -0.9997 -0.0245 -0.0088
vn -0.9999 -0.0132 -0.0089
vn -1.0000 -0.0039 -0.0089
vn 0.5471 0.8371 0.0014
vn 0.5714 0.8206 0.0017
vn 0.5939 0.8045 0.0020
vn 0.6150 0.7886 0.0022
vn 0.6350 0.7725 0.0025
vn 0.6545 0.7560 0.0027
vn 0.6738 0.7389 0.0029
vn 0.6932 0.7207 0.0032
vn 0.7132 0.7009 0.0035
vn 0.7343 0.6788 0.0037
vn 0.7571 0.6533 0.0040
vn 0.0538 0.9985 -0.0037
vn -0.9997 0.0240 -0.0090
vn -0.7203 -0.6937 -0.0036
vn -0.7025 -0.7117 -0.0033
vn -0.6861 -0.7275 -0.0031
vn -0.6706 -0.7418 -0.0029
vn -0.6557 -0.7550 -0.0027
vn -0.6410 -0.7676 -0.0025
vn -0.6262 -0.7796 -0.0024
vn -0.6112 -0.7915 -0.0022
vn -0.5956 -0.8033 -0.0020
vn -0.5793 -0.8151 -0.0018
vn -0.5620 -0.8271 -0.0016
vn -0.8810 -0.4730 -0.0059
vn -1.0000 0.0009 -0.0089
vn -0.9999 0.0052 -0.0089
vn -0.9999 0.0112 -0.0090
vn -0.9998 0.0181 -0.0090
vn -0.9996 0.0260 -0.0090
vn -0.9993 0.0352 -0.0091
vn -0.9989 0.0463 -0.0091
vn -0.9982 0.0599 -0.0091
vn -0.9970 0.0771 -0.0092
vn -0.9950 0.0998 -0.0093
vn -0.9913 0.1310 -0.0094
vn -0.9843 0.1764 -0.0095
vn -0.7756 -0.6313 -0.0043
vn 0.7453 -0.6667 0.0094
vn 0.9949 0.1008 0.0085
vn 0.9964 0.0841 0.0085
vn 0.9974 0.0720 0.0086
vn 0.9980 0.0624 0.0086
vn 0.9985 0.0543 0.0087
vn 0.9989 0.0471 0.0087
vn 0.9992 0.0402 0.0087
vn 0.9994 0.0334 0.0088
vn 0.9996 0.0264 0.0088
vn 0.9998 0.0187 0.0088
vn 0.9999 0.0102 0.0089
vn 1.0000 0.0031 0.0089
vn 0.5174 -0.8557 0.0082
vn -0.4583 -0.8888 -0.0004
vn -0.4454 -0.8954 -0.0003
vn -0.4326 -0.9016 -0.0001
vn -0.4198 -0.9076 -0.0000
vn -0.4069 -0.9135 0.0002
vn -0.3936 -0.9193 0.0003
vn -0.3797 -0.9251 0.0004
vn -0.3651 -0.9310 0.0006
vn -0.3496 -0.9369 0.0008
vn -0.3329 -0.9430 0.0009
vn -0.3148 -0.9491 0.0011
vn 0.3832 -0.9236 0.0072
vn 0.9117 0.4107 0.0064
vn 0.2656 0.9641 -0.0016
vn 0.2988 0.9543 -0.0013
vn 0.3279 0.9447 -0.0010
vn 0.3538 0.9353 -0.0007
vn 0.3772 0.9261 -0.0005
vn 0.3989 0.9170 -0.0002
vn 0.4193 0.9078 -0.0000
vn 0.4391 0.8984 0.0002
vn 0.4588 0.8886 0.0004
vn 0.4790 0.8778 0.0006
vn 0.5008 0.8656 0.0009
vn 0.5233 0.8522 0.0011
vn 0.1038 0.9946 -0.0032
vn 0.1017 0.9948 -0.0032
vn 0.0999 0.9950 -0.0032
vn 0.0982 0.9952 -0.0032
vn 0.0965 0.9953 -0.0033
vn 0.0947 0.9955 -0.0033
vn 0.0929 0.9957 -0.0033
vn 0.0909 0.9959 -0.0033
vn 0.0887 0.9960 -0.0033
vn 0.0864 0.9963 -0.0034
vn 0.0837 0.9965 -0.0034
vn 0.0814 0.9967 -0.0034
vn 0.0791 0.9969 -0.0034
vn 0.0764 0.9971 -0.0034
vn 0.0737 0.9973 -0.0035
vn 0.0710 0.9975 -0.0035
vn 0.0682 0.9977 -0.0035
vn 0.0653 0.9979 -0.0036
vn 0.0623 0.9981 -0.0036
vn 0.0591 0.9982 -0.0036
vn 0.0558 0.9984 -0.0036
vn 0.0522 0.9986 -0.0037
vn 0.0484 0.9988 -0.0037
vn -0.6907 0.7231 -0.0092
vn -0.7074 -0.7068 -0.0034
vn -0.0041 -1.0000 0.0041
vn -0.0105 -0.9999 0.0040
vn -0.0191 -0.9998 0.0040
vn -0.0300 -0.9995 0.0039
vn -0.0434 -0.9990 0.0038
vn -0.0598 -0.9982 0.0036
vn -0.0798 -0.9968 0.0034
vn -0.1042 -0.9946 0.0032
vn -0.1345 -0.9909 0.0029
vn -0.1725 -0.9850 0.0025
vn -0.2212 -0.9752 0.0021
vn -0.3091 -0.9510 0.0012
vn -0.4257 -0.9048 -0.0000
vn -0.5320 -0.8467 -0.0012
vn -0.6246 -0.7809 -0.0023
vn -0.7040 -0.7102 -0.0033
vn -0.7715 -0.6362 -0.0042
vn -0.8287 -0.5597 -0.0051
vn -0.8769 -0.4807 -0.0058
vn -0.9172 -0.3983 -0.0065
vn -0.9503 -0.3111 -0.0072
vn -0.9761 -0.2172 -0.0078
vn -0.9935 -0.1139 -0.0084
vn -0.9999 0.0098 -0.0090
vn -0.9862 0.1653 -0.0095
vn -0.9409 0.3385 -0.0098
vn -0.8629 0.5052 -0.0098
vn -0.7597 0.6502 -0.0095
vn -0.6440 0.7650 -0.0089
vn -0.5281 0.8491 -0.0082
vn -0.4201 0.9075 -0.0075
vn -0.3233 0.9463 -0.0068
vn -0.2382 0.9712 -0.0061
vn -0.1636 0.9865 -0.0055
vn -0.0976 0.9952 -0.0050
vn -0.8343 0.5512 -0.0097
vn -0.5458 -0.8379 -0.0014
vn 0.1202 -0.9927 0.0052
vn 0.2032 -0.9791 0.0059
vn 0.2892 -0.9572 0.0065
vn 0.3802 -0.9249 0.0072
vn 0.4768 -0.8790 0.0079
vn 0.5786 -0.8155 0.0085
vn 0.6831 -0.7303 0.0091
vn 0.7847 -0.6198 0.0096
vn 0.8749 -0.4842 0.0098
vn 0.9445 -0.3285 0.0098
vn 0.9866 -0.1631 0.0095
vn 0.9950 0.0997 0.0085
vn 0.9807 0.1953 0.0079
vn 0.9584 0.2854 0.0074
vn 0.9293 0.3693 0.0068
vn 0.8946 0.4469 0.0061
vn 0.8550 0.5185 0.0055
vn 0.8112 0.5847 0.0048
vn 0.7632 0.6462 0.0041
vn 0.7105 0.7037 0.0034
vn 0.6522 0.7580 0.0027
vn 0.5867 0.8098 0.0019
vn 0.9406 -0.3393 0.0098
vn -0.1066 -0.9943 0.0032
vn -0.1048 -0.9945 0.0032
vn -0.1049 -0.9945 0.0032
vn -0.1064 -0.9943 0.0032
vn -0.1093 -0.9940 0.0031
vn -0.1135 -0.9935 0.0031
vn -0.1193 -0.9929 0.0030
vn -0.1272 -0.9919 0.0030
vn -0.1379 -0.9904 0.0029
vn -0.1530 -0.9882 0.0027
vn -0.1754 -0.9845 0.0025
vn 0.5965 -0.8026 0.0086
vn 0.7518 0.6594 0.0040
vn 0.0308 0.9995 -0.0039
vn 0.0359 0.9993 -0.0038
vn 0.0410 0.9992 -0.0038
vn 0.0463 0.9989 -0.0037
vn 0.0516 0.9987 -0.0037
vn 0.0573 0.9984 -0.0036
vn 0.0632 0.9980 -0.0036
vn 0.0696 0.9976 -0.0035
vn 0.0767 0.9971 -0.0034
vn 0.0845 0.9964 -0.0034
vn 0.0936 0.9956 -0.0033
vn 0.1018 0.9948 -0.0032
vn 0.3332 -0.9428 0.0069
vn 0.8969 -0.4421 0.0098
vn 0.8916 -0.4526 0.0098
vn 0.8861 -0.4634 0.0098
vn 0.8802 -0.4745 0.0098
vn 0.8739 -0.4861 0.0098
vn 0.8670 -0.4982 0.0098
vn 0.8595 -0.5110 0.0098
vn 0.8513 -0.5246 0.0098
vn 0.8422 -0.5391 0.0097
vn 0.8319 -0.5548 0.0097
vn 0.8203 -0.5718 0.0097
vn 0.9631 0.2689 0.0075
vn -0.2784 0.9605 -0.0065
vn -0.8293 0.5587 -0.0097
vn -0.8365 0.5479 -0.0097
vn -0.8426 0.5384 -0.0097
vn -0.8482 0.5295 -0.0098
vn -0.8536 0.5209 -0.0098
vn -0.8589 0.5120 -0.0098
vn -0.8644 0.5027 -0.0098
vn -0.8703 0.4924 -0.0098
vn -0.8768 0.4807 -0.0098
vn -0.8842 0.4670 -0.0098
vn -0.8928 0.4503 -0.0098
vn -0.9436 -0.3310 -0.0070
vn 0.3247 -0.9458 0.0068
vn 0.8922 -0.4516 0.0098
vn 0.8859 -0.4638 0.0098
vn 0.8794 -0.4759 0.0098
vn 0.8727 -0.4881 0.0098
vn 0.8658 -0.5003 0.0098
vn 0.8585 -0.5127 0.0098
vn 0.8508 -0.5253 0.0098
vn 0.8428 -0.5382 0.0097
vn 0.8342 -0.5514 0.0097
vn 0.8251 -0.5649 0.0097
vn 0.8153 -0.5790 0.0097
vn 0.9681 0.2504 0.0076
vn -0.2527 0.9675 -0.0063
vn -0.8164 0.5774 -0.0097
vn -0.8226 0.5685 -0.0097
vn -0.8281 0.5605 -0.0097
vn -0.8332 0.5529 -0.0097
vn -0.8382 0.5453 -0.0097
vn -0.8433 0.5374 -0.0097
vn -0.8486 0.5290 -0.0098
vn -0.8543 0.5196 -0.0098
vn -0.8607 0.5090 -0.0098
vn -0.8680 0.4964 -0.0098
vn -0.8766 0.4812 -0.0098
vn -0.9506 -0.3102 -0.0072
vn -0.7067 -0.7075 -0.0034
vn -0.7074 0.7067 -0.0092
vn -0.9500 -0.3123 -0.0072
vn -0.9483 -0.3173 -0.0071
vn -0.9465 -0.3225 -0.0071
vn -0.9446 -0.3280 -0.0071
vn -0.9426 -0.3338 -0.0070
vn -0.9405 -0.3398 -0.0070
vn -0.9381 -0.3462 -0.0069
vn -0.9357 -0.3528 -0.0069
vn -0.9330 -0.3598 -0.0068
vn -0.9301 -0.3671 -0.0068
vn -0.9271 -0.3749 -0.0067
vn -0.8304 0.5571 -0.0097
vn -0.5199 -0.8542 -0.0011
vn -0.8825 -0.4703 -0.0059
vn -0.8700 -0.4929 -0.0057
vn -0.8568 -0.5157 -0.0055
vn -0.8425 -0.5386 -0.0053
vn -0.8273 -0.5617 -0.0051
vn -0.8110 -0.5851 -0.0048
vn -0.7934 -0.6086 -0.0046
vn -0.7745 -0.6325 -0.0043
vn -0.7542 -0.6567 -0.0040
vn -0.7322 -0.6811 -0.0037
vn -0.7084 -0.7058 -0.0034
vn -0.0210 -0.9998 0.0040
vn 0.6534 -0.7570 0.0090
vn 0.6328 -0.7742 0.0088
vn 0.6173 -0.7866 0.0088
vn 0.6048 -0.7963 0.0087
vn 0.5939 -0.8045 0.0086
vn 0.5839 -0.8118 0.0086
vn 0.5742 -0.8187 0.0085
vn 0.5641 -0.8257 0.0084
vn 0.5529 -0.8332 0.0084
vn 0.5398 -0.8418 0.0083
vn 0.5231 -0.8522 0.0082
vn 0.9958 -0.0911 0.0093
vn 0.6839 0.7296 0.0031
vn 0.7266 0.6870 0.0036
vn 0.7642 0.6450 0.0041
vn 0.7974 0.6035 0.0046
vn 0.8266 0.5627 0.0050
vn 0.8526 0.5225 0.0054
vn 0.8757 0.4828 0.0058
vn 0.8962 0.4435 0.0062
vn 0.9146 0.4044 0.0065
vn 0.9309 0.3652 0.0068
vn 0.9454 0.3258 0.0071
vn 0.4989 0.8666 0.0009
vn -0.8676 0.4971 -0.0098
vn -0.9999 0.0142 -0.0090
vn -0.9995 0.0287 -0.0090
vn -0.9988 0.0485 -0.0091
vn -0.9971 0.0753 -0.0092
vn -0.9937 0.1116 -0.0093
vn -0.9868 0.1617 -0.0095
vn -0.9726 0.2322 -0.0096
vn -0.9424 0.3343 -0.0098
vn -0.8751 0.4838 -0.0098
vn -0.7231 0.6907 -0.0093
vn -0.4226 0.9063 -0.0075
vn 0.0131 0.9999 -0.0040
vn 0.4587 0.8886 0.0004
vn 0.7570 0.6534 0.0040
vn 0.8934 0.4493 0.0061
vn 0.9506 0.3105 0.0072
vn 0.9758 0.2184 0.0078
vn 0.9878 0.1554 0.0082
vn 0.9938 0.1108 0.0084
vn 0.9969 0.0784 0.0086
vn 0.9993 0.0363 0.0088
vn 0.9997 0.0228 0.0088
vn 0.3653 0.9309 -0.0006
vn -0.7146 0.6994 -0.0093
vn -0.7012 0.7129 -0.0092
vn -0.6882 0.7255 -0.0091
vn -0.6753 0.7375 -0.0091
vn -0.6621 0.7493 -0.0090
vn -0.6485 0.7611 -0.0089
vn -0.6341 0.7732 -0.0089
vn -0.6184 0.7858 -0.0088
vn -0.6010 0.7992 -0.0087
vn -0.5811 0.8138 -0.0086
vn -0.5578 0.8299 -0.0084
vn -0.8940 0.4479 -0.0098
vn -0.9969 -0.0781 -0.0086
vn -0.9940 -0.1093 -0.0084
vn -0.9880 -0.1543 -0.0082
vn -0.9760 -0.2178 -0.0078
vn -0.9523 -0.3050 -0.0072
vn -0.9073 -0.4204 -0.0064
vn -0.8270 -0.5621 -0.0050
vn -0.6990 -0.7151 -0.0033
vn -0.5265 -0.8502 -0.0012
vn -0.3359 -0.9419 0.0009
vn -0.1609 -0.9870 0.0027
vn 0.0253 -0.9997 0.0044
vn 0.2667 -0.9638 0.0064
vn 0.5207 -0.8537 0.0082
vn 0.7219 -0.6919 0.0093
vn 0.8511 -0.5248 0.0098
vn 0.9236 -0.3832 0.0098
vn 0.9617 -0.2739 0.0097
vn 0.9812 -0.1926 0.0095
vn 0.9960 -0.0894 0.0093
vn 0.9983 -0.0582 0.0091
vn 0.9993 -0.0365 0.0091
vn 0.6974 -0.7166 0.0092
vn -0.7044 0.7098 -0.0092
vn -0.4847 0.8746 -0.0079
vn -0.4928 0.8701 -0.0080
vn -0.5004 0.8658 -0.0080
vn -0.5076 0.8616 -0.0081
vn -0.5145 0.8574 -0.0081
vn -0.5212 0.8534 -0.0082
vn -0.5276 0.8494 -0.0082
vn -0.5339 0.8455 -0.0083
vn -0.5401 0.8416 -0.0083
vn -0.5461 0.8377 -0.0083
vn -0.5521 0.8337 -0.0084
vn 0.1190 0.9929 -0.0031
vn 0.7426 0.6697 0.0038
vn 0.7559 0.6547 0.0040
vn 0.7691 0.6392 0.0042
vn 0.7820 0.6232 0.0044
vn 0.7948 0.6068 0.0046
vn 0.8074 0.5899 0.0048
vn 0.8198 0.5726 0.0049
vn 0.8320 0.5547 0.0051
vn 0.8440 0.5364 0.0053
vn 0.8557 0.5175 0.0055
vn 0.8671 0.4981 0.0057
vn 0.3609 0.9326 -0.0006
vn -0.9359 0.3521 -0.0098
vn -0.8586 -0.5126 -0.0055
vn -0.8489 -0.5285 -0.0054
vn -0.8389 -0.5442 -0.0052
vn -0.8286 -0.5598 -0.0051
vn -0.8180 -0.5752 -0.0049
vn -0.8070 -0.5905 -0.0048
vn -0.7957 -0.6056 -0.0046
vn -0.7841 -0.6206 -0.0044
vn -0.7721 -0.6355 -0.0043
vn -0.7597 -0.6502 -0.0041
vn -0.7470 -0.6648 -0.0039
vn -0.9953 0.0968 -0.0093
vn -0.6009 0.7993 -0.0087
vn -0.6091 0.7931 -0.0087
vn -0.6177 0.7864 -0.0088
vn -0.6270 0.7790 -0.0088
vn -0.6369 0.7709 -0.0089
vn -0.6477 0.7618 -0.0089
vn -0.6595 0.7517 -0.0090
vn -0.6723 0.7402 -0.0091
vn -0.6864 0.7272 -0.0091
vn -0.7020 0.7122 -0.0092
vn -0.7192 0.6947 -0.0093
vn -0.9996 -0.0286 -0.0088
vn 0.0355 -0.9994 0.0045
vn 0.7294 -0.6841 0.0093
vn 0.7134 -0.7007 0.0093
vn 0.6988 -0.7152 0.0092
vn 0.6856 -0.7279 0.0091
vn 0.6734 -0.7392 0.0091
vn 0.6621 -0.7494 0.0090
vn 0.6515 -0.7586 0.0090
vn 0.6416 -0.7670 0.0089
vn 0.6321 -0.7748 0.0088
vn 0.6230 -0.7822 0.0088
vn 0.6143 -0.7890 0.0087
vn -0.0397 -0.9992 0.0038
vn -0.6608 -0.7506 -0.0028
vn -0.6406 -0.7679 -0.0025
vn -0.6204 -0.7843 -0.0023
vn -0.6002 -0.7998 -0.0020
vn -0.5802 -0.8145 -0.0018
vn -0.5601 -0.8284 -0.0016
vn -0.5401 -0.8416 -0.0013
vn -0.5202 -0.8541 -0.0011
vn -0.5002 -0.8659 -0.0009
vn -0.4801 -0.8772 -0.0006
vn -0.4600 -0.8879 -0.0004
vn 0.2247 -0.9744 0.0060
vn 0.7866 -0.6174 0.0096
vn 0.7705 -0.6374 0.0095
vn 0.7573 -0.6530 0.0095
vn 0.7457 -0.6663 0.0094
vn 0.7347 -0.6783 0.0094
vn 0.7238 -0.6899 0.0093
vn 0.7123 -0.7018 0.0093
vn 0.6997 -0.7144 0.0092
vn 0.6850 -0.7285 0.0091
vn 0.6671 -0.7449 0.0090
vn 0.6441 -0.7649 0.0089
vn 0.9910 0.1335 0.0083
vn 0.4157 0.9095 -0.0001
vn 0.4407 0.8976 0.0002
vn 0.4653 0.8852 0.0005
vn 0.4894 0.8720 0.0008
vn 0.5132 0.8583 0.0010
vn 0.5366 0.8439 0.0013
vn 0.5596 0.8287 0.0016
vn 0.5824 0.8129 0.0018
vn 0.6048 0.7964 0.0021
vn 0.6270 0.7790 0.0024
vn 0.6489 0.7609 0.0026
vn 0.9986 -0.0523 0.0091
vn 0.5735 -0.8192 0.0085
vn 0.5655 -0.8247 0.0085
vn 0.5577 -0.8300 0.0084
vn 0.5502 -0.8350 0.0084
vn 0.5427 -0.8399 0.0083
vn 0.5354 -0.8445 0.0083
vn 0.5282 -0.8491 0.0082
vn 0.5210 -0.8535 0.0082
vn 0.5138 -0.8579 0.0081
vn 0.5066 -0.8621 0.0081
vn 0.4994 -0.8664 0.0080
vn 0.9946 -0.1035 0.0093
vn 0.1121 0.9937 -0.0031
vn -0.6434 -0.7655 -0.0026
vn -0.6632 -0.7484 -0.0028
vn -0.6796 -0.7336 -0.0030
vn -0.6938 -0.7202 -0.0032
vn -0.7065 -0.7077 -0.0034
vn -0.7184 -0.6956 -0.0035
vn -0.7301 -0.6834 -0.0037
vn -0.7418 -0.6706 -0.0038
vn -0.7541 -0.6568 -0.0040
vn -0.7674 -0.6411 -0.0042
vn -0.7825 -0.6226 -0.0044
vn -0.0881 -0.9961 0.0033
vn 0.6879 -0.7258 0.0091
vn 0.7186 -0.6953 0.0093
vn 0.7445 -0.6676 0.0094
vn 0.7669 -0.6417 0.0095
vn 0.7868 -0.6171 0.0096
vn 0.8050 -0.5932 0.0096
vn 0.8220 -0.5695 0.0097
vn 0.8382 -0.5453 0.0097
vn 0.8540 -0.5201 0.0098
vn 0.8698 -0.4933 0.0098
vn 0.8857 -0.4641 0.0098
vn 0.9358 0.3525 0.0069
vn -0.3572 0.9340 -0.0071
vn -0.8877 0.4603 -0.0098
vn -0.8668 0.4986 -0.0098
vn -0.8464 0.5325 -0.0098
vn -0.8262 0.5633 -0.0097
vn -0.8059 0.5920 -0.0096
vn -0.7850 0.6195 -0.0096
vn -0.7629 0.6465 -0.0095
vn -0.7389 0.6738 -0.0094
vn -0.7121 0.7020 -0.0093
vn -0.6813 0.7320 -0.0091
vn -0.6445 0.7646 -0.0089
vn -0.9999 0.0053 -0.0089
vn -0.9144 -0.4048 -0.0065
vn -0.9018 -0.4321 -0.0063
vn -0.8885 -0.4588 -0.0060
vn -0.8746 -0.4849 -0.0058
vn -0.8599 -0.5105 -0.0056
vn -0.8281 -0.5606 -0.0051
vn -0.8108 -0.5852 -0.0048
vn -0.7926 -0.6098 -0.0045
vn -0.7732 -0.6342 -0.0043
vn -0.7524 -0.6586 -0.0040
vn -0.9141 0.4055 -0.0098
vn -0.7079 0.7063 -0.0092
vn -1.0000 -0.0026 -0.0089
vn -1.0000 -0.0044 -0.0089
vn -0.9999 -0.0067 -0.0089
vn -0.9999 -0.0095 -0.0089
vn -0.9999 -0.0128 -0.0089
vn -0.9998 -0.0169 -0.0088
vn -0.9997 -0.0220 -0.0088
vn -0.9996 -0.0287 -0.0088
vn -0.9993 -0.0376 -0.0088
vn -0.9987 -0.0504 -0.0087
vn -0.9975 -0.0700 -0.0086
vn -0.9977 -0.0668 -0.0086
vn -0.9985 -0.0546 -0.0087
vn -0.9980 -0.0618 -0.0086
vn -0.9974 -0.0721 -0.0086
vn -0.9962 -0.0863 -0.0085
vn -0.9943 -0.1060 -0.0084
vn -0.9911 -0.1331 -0.0083
vn -0.9853 -0.1707 -0.0081
vn -0.9748 -0.2228 -0.0078
vn -0.9555 -0.2949 -0.0073
vn -0.9195 -0.3931 -0.0066
vn -0.8536 -0.5210 -0.0055
vn -0.7761 -0.6306 -0.0043
vn -0.7175 -0.6966 -0.0035
vn -0.6618 -0.7497 -0.0028
vn -0.5984 -0.8012 -0.0020
vn -0.5290 -0.8486 -0.0012
vn -0.4566 -0.8897 -0.0004
vn -0.3844 -0.9232 0.0004
vn -0.3158 -0.9488 0.0011
vn -0.2534 -0.9674 0.0017
vn -0.1990 -0.9800 0.0023
vn -0.1535 -0.9882 0.0027
vn -0.1168 -0.9932 0.0031
vn -0.0868 -0.9962 0.0034
vn -0.0612 -0.9981 0.0036
vn -0.0400 -0.9992 0.0038
vn -0.0230 -0.9997 0.0039
vn -0.0088 -1.0000 0.0041
vn 0.0034 -1.0000 0.0042
vn 0.0141 -0.9999 0.0043
vn 0.0237 -0.9997 0.0044
vn 0.0325 -0.9995 0.0044
vn 0.0408 -0.9992 0.0045
vn 0.0487 -0.9988 0.0046
vn 0.0563 -0.9984 0.0046
vn 0.6885 -0.7252 0.0091
vn 0.9912 -0.1317 0.0094
vn 0.9855 -0.1695 0.0095
vn 0.9789 -0.2041 0.0096
vn 0.9714 -0.2372 0.0096
vn 0.9629 -0.2697 0.0097
vn 0.9531 -0.3026 0.0098
vn 0.9416 -0.3367 0.0098
vn 0.9279 -0.3728 0.0098
vn 0.9112 -0.4118 0.0098
vn 0.8907 -0.4546 0.0098
vn 0.8647 -0.5022 0.0098
vn 0.8522 0.5232 0.0054
vn -0.0790 0.9969 -0.0048
vn -0.0667 0.9978 -0.0047
vn -0.0557 0.9984 -0.0046
vn -0.0459 0.9989 -0.0045
vn -0.0370 0.9993 -0.0045
vn -0.0290 0.9996 -0.0044
vn -0.0218 0.9998 -0.0043
vn -0.0155 0.9999 -0.0043
vn -0.0100 0.9999 -0.0042
vn -0.0055 1.0000 -0.0042
vn -0.0023 1.0000 -0.0042
vn 0.0037 1.0000 -0.0041
vn 0.0198 0.9998 -0.0040
vn 0.0465 0.9989 -0.0037
vn 0.0818 0.9966 -0.0034
vn 0.1268 0.9919 -0.0030
vn 0.1821 0.9833 -0.0024
vn 0.2477 0.9688 -0.0018
vn 0.3223 0.9466 -0.0010
vn 0.4034 0.9150 -0.0002
vn 0.4867 0.8736 0.0007
vn 0.5676 0.8233 0.0017
vn 0.6416 0.7670 0.0025
vn 0.7406 0.6719 0.0038
vn 0.8504 0.5262 0.0054
vn 0.9202 0.3915 0.0066
vn 0.9555 0.2950 0.0073
vn 0.9740 0.2263 0.0077
vn 0.9842 0.1767 0.0080
vn 0.9901 0.1401 0.0082
vn 0.9936 0.1127 0.0084
vn 0.9957 0.0917 0.0085
vn 0.9971 0.0755 0.0086
vn 0.9980 0.0628 0.0086
vn 0.9986 0.0527 0.0087
vn 0.7241 -0.6896 0.0093
vn -0.6500 -0.7599 -0.0026
vn -0.9841 -0.1772 -0.0080
vn -0.9735 -0.2286 -0.0077
vn -0.9565 -0.2917 -0.0073
vn -0.9307 -0.3658 -0.0068
vn -0.8936 -0.4489 -0.0061
vn -0.8430 -0.5378 -0.0053
vn -0.7783 -0.6279 -0.0043
vn -0.7006 -0.7135 -0.0033
vn -0.6132 -0.7899 -0.0022
vn -0.5208 -0.8537 -0.0011
vn -0.4283 -0.9036 -0.0001
vn 0.3502 -0.9366 0.0070
vn 0.8866 -0.4625 0.0098
vn 0.8708 -0.4916 0.0098
vn 0.8564 -0.5162 0.0098
vn 0.8428 -0.5381 0.0097
vn 0.8294 -0.5585 0.0097
vn 0.8157 -0.5784 0.0097
vn 0.8012 -0.5984 0.0096
vn 0.7851 -0.6193 0.0096
vn 0.7668 -0.6418 0.0095
vn 0.7452 -0.6668 0.0094
vn 0.7186 -0.6954 0.0093
vn 0.9783 0.2071 0.0079
vn 0.4018 0.9157 -0.0002
vn 0.4960 0.8683 0.0008
vn 0.5918 0.8061 0.0019
vn 0.6837 0.7297 0.0031
vn 0.7665 0.6423 0.0042
vn 0.8358 0.5490 0.0052
vn 0.8899 0.4561 0.0060
vn 0.9294 0.3691 0.0068
vn 0.9564 0.2920 0.0073
vn 0.9738 0.2271 0.0077
vn 0.9845 0.1753 0.0081
vn 0.7593 -0.6506 0.0095
vn 0.3766 -0.9264 0.0072
vn -0.7134 -0.7008 -0.0035
vn -0.6998 -0.7143 -0.0033
vn -0.6928 -0.7212 -0.0032
vn -0.6855 -0.7280 -0.0031
vn -0.6782 -0.7349 -0.0030
vn -0.6630 -0.7486 -0.0028
vn -0.6552 -0.7555 -0.0027
vn -0.6473 -0.7622 -0.0026
vn -0.6393 -0.7689 -0.0025
vn 0.0733 -0.9973 0.0048
vn 0.7304 -0.6829 0.0093
vn 0.7113 -0.7029 0.0093
vn 0.6970 -0.7170 0.0092
vn 0.6858 -0.7278 0.0091
vn 0.6764 -0.7365 0.0091
vn 0.6682 -0.7440 0.0090
vn 0.6606 -0.7507 0.0090
vn 0.6532 -0.7572 0.0090
vn 0.6455 -0.7637 0.0089
vn 0.6370 -0.7708 0.0089
vn 0.6269 -0.7791 0.0088
vn 0.9999 0.0097 0.0089
vn 0.6284 0.7779 0.0024
vn 0.6706 0.7419 0.0029
vn 0.7087 0.7055 0.0034
vn 0.7433 0.6689 0.0039
vn 0.7749 0.6320 0.0043
vn 0.8039 0.5948 0.0047
vn 0.8304 0.5571 0.0051
vn 0.8549 0.5188 0.0055
vn 0.8774 0.4796 0.0058
vn 0.8983 0.4394 0.0062
vn 0.9174 0.3979 0.0065
vn 0.4420 0.8970 0.0002
vn -0.9004 0.4350 -0.0098
vn 0.6126 0.7904 0.0022
vn 0.6166 -0.7872 0.0088
vn -0.7140 -0.7002 -0.0035
vn -0.7977 -0.6030 -0.0046
vn -1.0000 0.0003 -0.0089
vn -0.8656 0.5007 -0.0098
vn -0.2666 0.9638 -0.0064
vn 0.0001 -1.0000 0.0041
vn 0.9222 0.3865 0.0066
vn 0.7943 0.6075 0.0046
vn -0.9649 -0.2623 -0.0075
vn -0.9131 -0.4078 -0.0065
vn -0.8323 -0.5542 -0.0051
vn 0.8823 0.4706 0.0059
vn -0.8957 0.4447 -0.0098
vn 0.9462 -0.3233 0.0098
vn 0.9343 -0.3564 0.0098
vn -0.0005 1.0000 -0.0041
vn 0.0019 1.0000 -0.0041
vn 0.0093 0.9999 -0.0041
vn 0.0190 0.9998 -0.0040
vn 0.0284 0.9996 -0.0039
vn 0.0376 0.9993 -0.0038
vn 0.0464 0.9989 -0.0037
vn 0.0548 0.9985 -0.0036
vn 0.0627 0.9980 -0.0036
vn 0.0701 0.9975 -0.0035
vn 0.0766 0.9971 -0.0034
vn 0.0823 0.9966 -0.0034
vn 0.0868 0.9962 -0.0034
vn -0.6752 0.7376 -0.0091
vn -0.6864 -0.7272 -0.0031
vn 0.0612 -0.9981 0.0047
vn 0.0671 -0.9977 0.0047
vn 0.0691 -0.9976 0.0047
vn 0.0683 -0.9977 0.0047
vn 0.0653 -0.9979 0.0047
vn 0.0605 -0.9982 0.0047
vn 0.0542 -0.9985 0.0046
vn 0.0464 -0.9989 0.0046
vn 0.0372 -0.9993 0.0045
vn 0.0264 -0.9996 0.0044
vn 0.0142 -0.9999 0.0043
vn 0.0041 -1.0000 0.0042
vn 0.0005 -1.0000 0.0041
vn -0.0010 -1.0000 0.0041
vn -0.0054 -1.0000 0.0041
vn -0.0114 -0.9999 0.0040
vn -0.0173 -0.9998 0.0040
vn -0.0233 -0.9997 0.0039
vn -0.0294 -0.9996 0.0039
vn -0.0360 -0.9993 0.0038
vn -0.0430 -0.9991 0.0038
vn -0.0507 -0.9987 0.0037
vn -0.0594 -0.9982 0.0036
vn -0.0694 -0.9976 0.0035
vn -0.0814 -0.9967 0.0034
vn 0.6754 -0.7374 0.0091
vn 0.6834 0.7301 0.0031
vn -0.0638 0.9980 -0.0047
vn -0.0602 0.9982 -0.0047
vn -0.0562 0.9984 -0.0046
vn -0.0519 0.9986 -0.0046
vn -0.0472 0.9989 -0.0046
vn -0.0421 0.9991 -0.0045
vn -0.0365 0.9993 -0.0045
vn -0.0304 0.9995 -0.0044
vn -0.0239 0.9997 -0.0044
vn -0.0167 0.9999 -0.0043
vn -0.0089 1.0000 -0.0042
vn -0.0027 1.0000 -0.0042
vn -0.9061 -0.4229 -0.0063
vn 0.2360 -0.9717 0.0061
vn 0.7546 0.6562 0.0040
vn 0.9998 -0.0193 0.0090
vn 0.9981 -0.0602 0.0091
vn 0.9959 -0.0903 0.0093
vn 0.9939 -0.1095 0.0093
vn 0.7505 -0.6608 0.0094
vn 0.9927 0.1207 0.0084
vn 0.9972 0.0736 0.0086
vn 0.9993 -0.0350 0.0091
vn 0.9972 -0.0746 0.0092
vn -0.9997 -0.0246 -0.0088
vn 0.1321 0.9912 -0.0029
vn 0.2612 0.9653 -0.0017
vn 0.3837 0.9234 -0.0004
vn 0.4983 0.8670 0.0009
vn 0.6037 0.7972 0.0021
vn 0.6993 0.7148 0.0033
vn 0.7842 0.6204 0.0044
vn 0.8574 0.5146 0.0055
vn 0.9624 0.2717 0.0075
vn 0.9904 0.1380 0.0083
vn 1.0000 0.0015 0.0089
vn -0.5103 -0.8600 -0.0010
vn -1.0000 0.0004 -0.0089
vn -0.9911 0.1330 -0.0094
vn -0.9645 0.2641 -0.0097
vn -0.9211 0.3893 -0.0098
vn -0.8622 0.5064 -0.0098
vn -0.7893 0.6139 -0.0096
vn -0.7037 0.7104 -0.0092
vn -0.6066 0.7950 -0.0087
vn -0.4992 0.8665 -0.0080
vn -0.3828 0.9238 -0.0072
vn -0.2593 0.9658 -0.0063
vn -0.1309 0.9914 -0.0053
vn -0.1364 0.9906 -0.0053
vn -0.2687 0.9632 -0.0064
vn -0.3942 0.9190 -0.0073
vn -0.6167 0.7871 -0.0088
vn -0.7117 0.7024 -0.0093
vn -0.7949 0.6067 -0.0096
vn -0.9226 0.3855 -0.0098
vn -0.9650 0.2622 -0.0097
vn -0.9911 0.1325 -0.0094
vn -1.0000 -0.0011 -0.0089
vn -0.9907 -0.1358 -0.0083
vn -0.9635 -0.2674 -0.0075
vn -0.9198 -0.3923 -0.0066
vn -0.8611 -0.5084 -0.0056
vn -0.7889 -0.6145 -0.0045
vn -0.7045 -0.7097 -0.0033
vn -0.6088 -0.7933 -0.0021
vn -0.5026 -0.8645 -0.0009
vn -0.3869 -0.9221 0.0004
vn -0.2630 -0.9648 0.0017
vn -0.1328 -0.9911 0.0029
vn 0.1338 -0.9910 0.0053
vn 0.2640 -0.9645 0.0063
vn 0.3879 -0.9217 0.0073
vn 0.5035 -0.8639 0.0081
vn 0.6096 -0.7926 0.0087
vn 0.7053 -0.7089 0.0092
vn 0.7896 -0.6136 0.0096
vn 0.8616 -0.5074 0.0098
vn 0.9202 -0.3913 0.0098
vn 0.9638 -0.2664 0.0097
vn 0.9908 -0.1347 0.0094
vn 1.0000 -0.0000 0.0089
vn 0.9647 0.2633 0.0075
vn 0.9222 0.3866 0.0066
vn -0.6150 0.7885 -0.0087
vn 0.2494 0.9684 -0.0018
vn 0.2599 0.9656 -0.0017
vn 0.2700 0.9629 -0.0016
vn 0.2800 0.9600 -0.0015
vn 0.2902 0.9570 -0.0014
vn 0.3009 0.9536 -0.0013
vn 0.3124 0.9500 -0.0011
vn 0.3249 0.9457 -0.0010
vn 0.3391 0.9408 -0.0009
vn 0.3553 0.9348 -0.0007
vn 0.3744 0.9273 -0.0005
vn 0.3931 0.9195 -0.0003
vn 0.4059 0.9139 -0.0002
vn 0.4148 0.9099 -0.0001
vn 0.4239 0.9057 -0.0000
vn 0.4333 0.9013 0.0001
vn 0.4429 0.8966 0.0002
vn 0.4528 0.8916 0.0003
vn 0.4630 0.8864 0.0005
vn 0.4735 0.8808 0.0006
vn 0.4843 0.8749 0.0007
vn 0.4954 0.8687 0.0008
vn 0.5068 0.8621 0.0009
vn -0.3054 0.9522 -0.0067
vn -0.9299 -0.3679 -0.0068
vn -0.3952 -0.9186 0.0003
vn -0.3960 -0.9183 0.0003
vn -0.3957 -0.9184 0.0003
vn -0.3944 -0.9189 0.0003
vn -0.3922 -0.9199 0.0003
vn -0.3890 -0.9212 0.0003
vn -0.3848 -0.9230 0.0004
vn -0.3794 -0.9252 0.0004
vn -0.3728 -0.9279 0.0005
vn -0.3648 -0.9311 0.0006
vn -0.3552 -0.9348 0.0007
vn -0.3565 -0.9343 0.0007
vn -0.3406 -0.9402 0.0009
vn -0.3283 -0.9446 0.0010
vn -0.3177 -0.9482 0.0011
vn -0.3082 -0.9513 0.0012
vn -0.2995 -0.9541 0.0013
vn -0.2914 -0.9566 0.0014
vn -0.2835 -0.9590 0.0014
vn -0.2756 -0.9613 0.0015
vn -0.2675 -0.9636 0.0016
vn -0.2588 -0.9659 0.0017
vn -0.7917 -0.6108 -0.0045
vn -0.9998 0.0179 -0.0090
vn -0.9967 0.0812 -0.0092
vn -0.9831 0.1828 -0.0095
vn -0.9516 0.3072 -0.0098
vn -0.8937 0.4485 -0.0098
vn -0.8055 0.5926 -0.0096
vn -0.6930 0.7208 -0.0092
vn -0.5720 0.8202 -0.0085
vn -0.4589 0.8884 -0.0078
vn -0.3643 0.9312 -0.0071
vn -0.2913 0.9566 -0.0066
vn -0.2384 0.9712 -0.0061
vn -0.1817 0.9833 -0.0057
vn -0.1356 0.9907 -0.0053
vn -0.1155 0.9933 -0.0051
vn -0.0988 0.9951 -0.0050
vn -0.0844 0.9964 -0.0049
vn -0.0718 0.9974 -0.0048
vn -0.0603 0.9982 -0.0047
vn -0.0497 0.9988 -0.0046
vn -0.0396 0.9992 -0.0045
vn -0.0299 0.9995 -0.0044
vn -0.0202 0.9998 -0.0043
vn -0.0105 0.9999 -0.0042
vn 0.0008 1.0000 -0.0041
vn 0.0142 0.9999 -0.0040
vn 0.0281 0.9996 -0.0039
vn 0.0414 0.9991 -0.0038
vn 0.0549 0.9985 -0.0036
vn 0.0690 0.9976 -0.0035
vn 0.0843 0.9964 -0.0034
vn 0.1014 0.9948 -0.0032
vn 0.1210 0.9926 -0.0030
vn 0.1444 0.9895 -0.0028
vn 0.1731 0.9849 -0.0025
vn 0.2097 0.9778 -0.0022
vn -0.6206 0.7841 -0.0088
vn -0.7531 -0.6579 -0.0040
vn -0.1247 -0.9922 0.0030
vn -0.0915 -0.9958 0.0033
vn -0.0789 -0.9969 0.0034
vn -0.0679 -0.9977 0.0035
vn -0.0579 -0.9983 0.0036
vn -0.0486 -0.9988 0.0037
vn -0.0395 -0.9992 0.0038
vn -0.0304 -0.9995 0.0039
vn -0.0209 -0.9998 0.0040
vn -0.0107 -0.9999 0.0040
vn -0.0003 -1.0000 0.0041
vn 0.0092 -0.9999 0.0042
vn 0.0181 -0.9998 0.0043
vn 0.0274 -0.9996 0.0044
vn 0.0374 -0.9993 0.0045
vn 0.0480 -0.9988 0.0046
vn 0.0597 -0.9982 0.0047
vn 0.0725 -0.9974 0.0048
vn 0.0869 -0.9962 0.0049
vn 0.1031 -0.9947 0.0050
vn 0.1218 -0.9925 0.0052
vn 0.1436 -0.9896 0.0054
vn 0.1823 -0.9832 0.0057
vn 0.2431 -0.9700 0.0062
vn 0.3174 -0.9483 0.0068
vn 0.4042 -0.9146 0.0074
vn 0.5023 -0.8646 0.0081
vn 0.6075 -0.7943 0.0087
vn 0.7126 -0.7015 0.0093
vn 0.8085 -0.5884 0.0096
vn 0.8867 -0.4622 0.0098
vn 0.9430 -0.3326 0.0098
vn 0.9779 -0.2089 0.0096
vn 0.9952 -0.0976 0.0093
vn 0.9997 -0.0225 0.0090
vn 1.0000 -0.0028 0.0089
vn 0.9999 -0.0124 0.0090
vn 0.9997 -0.0243 0.0090
vn 0.9993 -0.0355 0.0091
vn 0.9989 -0.0465 0.0091
vn 0.9983 -0.0575 0.0091
vn 0.9976 -0.0690 0.0092
vn 0.9967 -0.0812 0.0092
vn 0.9955 -0.0945 0.0093
vn 0.9939 -0.1094 0.0093
vn 0.9919 -0.1266 0.0094
vn 0.9891 -0.1470 0.0094
vn 0.7607 0.6490 0.0041
vn -0.7496 0.6619 -0.0094
vn -0.9931 -0.1171 -0.0084
vn -0.9944 -0.1053 -0.0084
vn -0.9955 -0.0942 -0.0085
vn -0.9965 -0.0836 -0.0085
vn -0.9973 -0.0735 -0.0086
vn -0.9979 -0.0635 -0.0086
vn -0.9985 -0.0536 -0.0087
vn -0.9990 -0.0436 -0.0087
vn -0.9994 -0.0335 -0.0088
vn -0.9997 -0.0230 -0.0088
vn -0.9999 -0.0120 -0.0089
vn -1.0000 -0.0035 -0.0089
vn 0.1286 0.9917 -0.0030
vn 0.2559 0.9667 -0.0017
vn 0.3783 0.9257 -0.0005
vn 0.4941 0.8694 0.0008
vn 0.6015 0.7989 0.0021
vn 0.6991 0.7150 0.0033
vn 0.7857 0.6186 0.0044
vn 0.8597 0.5107 0.0056
vn 0.9196 0.3927 0.0066
vn 0.9638 0.2665 0.0075
vn 0.9909 0.1345 0.0083
vn 1.0000 -0.0003 0.0089
vn 0.9907 -0.1359 0.0094
vn 0.9633 -0.2684 0.0097
vn 0.9192 -0.3936 0.0098
vn 0.8603 -0.5097 0.0098
vn 0.7880 -0.6156 0.0096
vn 0.7037 -0.7105 0.0092
vn 0.6082 -0.7937 0.0087
vn 0.3870 -0.9220 0.0073
vn 0.2635 -0.9647 0.0063
vn 0.1336 -0.9910 0.0053
vn -0.0004 -1.0000 0.0041
vn -0.1364 -0.9907 0.0029
vn -0.2698 -0.9629 0.0016
vn -0.3961 -0.9182 0.0003
vn -0.5131 -0.8583 -0.0010
vn -0.6195 -0.7850 -0.0023
vn -0.7143 -0.6998 -0.0035
vn -0.7970 -0.6039 -0.0046
vn -0.8670 -0.4982 -0.0057
vn -0.9235 -0.3835 -0.0066
vn -0.9653 -0.2611 -0.0075
vn -0.9911 -0.1325 -0.0083
vn -1.0000 -0.0013 -0.0089
vn -0.9916 0.1291 -0.0094
vn -0.9663 0.2571 -0.0097
vn -0.9247 0.3806 -0.0098
vn -0.8675 0.4973 -0.0098
vn -0.7960 0.6052 -0.0096
vn -0.7113 0.7028 -0.0093
vn -0.6144 0.7889 -0.0087
vn -0.5066 0.8621 -0.0081
vn -0.3892 0.9211 -0.0073
vn -0.2640 0.9645 -0.0063
vn -0.1334 0.9910 -0.0053
vn -0.0015 1.0000 -0.0042
vn -0.1358 0.9907 -0.0053
vn -0.2677 0.9635 -0.0064
vn -0.3927 0.9196 -0.0073
vn -0.6147 0.7887 -0.0087
vn -0.7929 0.6092 -0.0096
vn -0.8639 0.5036 -0.0098
vn -0.9215 0.3883 -0.0098
vn -0.9643 0.2645 -0.0097
vn -0.9910 0.1339 -0.0094
vn -1.0000 -0.0001 -0.0089
vn -0.9909 -0.1340 -0.0083
vn -0.9642 -0.2651 -0.0075
vn -0.9205 -0.3906 -0.0066
vn -0.8614 -0.5080 -0.0056
vn -0.7881 -0.6155 -0.0045
vn -0.7023 -0.7119 -0.0033
vn -0.6051 -0.7961 -0.0021
vn -0.4978 -0.8673 -0.0008
vn -0.3817 -0.9243 0.0004
vn -0.2585 -0.9660 0.0017
vn -0.1301 -0.9915 0.0029
vn 0.0010 -1.0000 0.0042
vn 0.1329 -0.9911 0.0053
vn 0.2624 -0.9649 0.0063
vn 0.3862 -0.9224 0.0073
vn 0.5021 -0.8648 0.0081
vn 0.6088 -0.7932 0.0087
vn 0.7052 -0.7089 0.0092
vn 0.7903 -0.6127 0.0096
vn 0.8627 -0.5055 0.0098
vn 0.9213 -0.3886 0.0098
vn 0.9646 -0.2636 0.0097
vn 0.9911 -0.1327 0.0094
vn 1.0000 0.0010 0.0089
vn 0.9908 0.1348 0.0083
vn 0.9642 0.2651 0.0075
vn 0.9215 0.3884 0.0066
vn 0.8642 0.5031 0.0056
vn 0.7938 0.6082 0.0046
vn 0.7111 0.7031 0.0034
vn 0.6168 0.7871 0.0022
vn 0.5113 0.8594 0.0010
vn 0.3953 0.9186 -0.0003
vn 0.2697 0.9629 -0.0016
vn 0.1367 0.9906 -0.0029
vn -0.0000 1.0000 -0.0041
vn 0.9955 -0.0943 0.0093
vn 0.7158 0.6983 0.0035
vn 0.7411 0.6714 0.0038
vn 0.7615 0.6481 0.0041
vn 0.7789 0.6271 0.0043
vn 0.8085 0.5885 0.0048
vn 0.8221 0.5693 0.0050
vn 0.8357 0.5491 0.0052
vn 0.8498 0.5270 0.0054
vn 0.8820 0.4712 0.0059
vn 0.3176 0.9482 -0.0011
vn -0.9492 0.3146 -0.0098
vn -0.8790 -0.4767 -0.0059
vn -0.8623 -0.5064 -0.0056
vn -0.8481 -0.5299 -0.0054
vn -0.8356 -0.5493 -0.0052
vn -0.8244 -0.5660 -0.0050
vn -0.8139 -0.5810 -0.0049
vn -0.8037 -0.5950 -0.0047
vn -0.7825 -0.6227 -0.0044
vn -0.7701 -0.6379 -0.0042
vn -0.7551 -0.6556 -0.0040
vn -0.1269 -0.9919 0.0030
vn 0.2918 -0.9565 0.0066
vn 0.8784 -0.4778 0.0098
vn 0.8714 -0.4905 0.0098
vn 0.8646 -0.5024 0.0098
vn 0.8577 -0.5140 0.0098
vn 0.8505 -0.5260 0.0098
vn 0.8424 -0.5387 0.0097
vn 0.8332 -0.5529 0.0097
vn 0.8221 -0.5693 0.0097
vn 0.8081 -0.5889 0.0096
vn 0.7898 -0.6133 0.0096
vn 0.9793 0.2021 0.0079
vn -0.2035 0.9791 -0.0059
vn -0.7892 0.6141 -0.0096
vn -0.8033 0.5954 -0.0096
vn -0.8142 0.5806 -0.0097
vn -0.8228 0.5682 -0.0097
vn -0.8301 0.5575 -0.0097
vn -0.8365 0.5478 -0.0097
vn -0.8424 0.5388 -0.0097
vn -0.8480 0.5299 -0.0098
vn -0.8537 0.5207 -0.0098
vn -0.8597 0.5107 -0.0098
vn -0.8665 0.4991 -0.0098
vn -0.9624 -0.2716 -0.0075
vn 0.9999 -0.0048 0.0089
vn 0.9993 -0.0367 0.0091
vn 0.9986 -0.0520 0.0091
vn 0.9978 -0.0662 0.0092
vn 0.9967 -0.0802 0.0092
vn 0.9955 -0.0944 0.0093
vn 0.9939 -0.1098 0.0093
vn 0.9918 -0.1273 0.0094
vn 0.9889 -0.1481 0.0094
vn 0.9846 -0.1744 0.0095
vn 0.9777 -0.2096 0.0096
vn 0.7840 0.6207 0.0044
vn -0.7706 0.6372 -0.0095
vn -0.9852 -0.1710 -0.0081
vn -0.9896 -0.1435 -0.0082
vn -0.9923 -0.1238 -0.0083
vn -0.9941 -0.1083 -0.0084
vn -0.9954 -0.0953 -0.0085
vn -0.9973 -0.0725 -0.0086
vn -0.9981 -0.0613 -0.0086
vn -0.9987 -0.0494 -0.0087
vn -0.9993 -0.0359 -0.0088
vn -0.9998 -0.0199 -0.0088
vn -0.9999 -0.0058 -0.0089
vn 0.0028 1.0000 -0.0041
vn 0.0121 0.9999 -0.0040
vn 0.0234 0.9997 -0.0039
vn 0.0335 0.9994 -0.0038
vn 0.0429 0.9991 -0.0038
vn 0.0517 0.9987 -0.0037
vn 0.0602 0.9982 -0.0036
vn 0.0687 0.9976 -0.0035
vn 0.0774 0.9970 -0.0034
vn 0.0865 0.9962 -0.0034
vn 0.0962 0.9954 -0.0033
vn 0.1069 0.9943 -0.0032
vn -0.6663 0.7456 -0.0090
vn -0.6825 -0.7309 -0.0031
vn 0.0619 -0.9981 0.0047
vn 0.0507 -0.9987 0.0046
vn 0.0410 -0.9992 0.0045
vn 0.0324 -0.9995 0.0044
vn 0.0250 -0.9997 0.0044
vn 0.0187 -0.9998 0.0043
vn 0.0133 -0.9999 0.0043
vn 0.0089 -1.0000 0.0042
vn 0.0054 -1.0000 0.0042
vn 0.0028 -1.0000 0.0042
vn 0.0006 -1.0000 0.0041
vn -0.9957 -0.0928 -0.0085
vn -0.9798 -0.1998 -0.0079
vn -0.9463 -0.3232 -0.0071
vn -0.8887 -0.4585 -0.0060
vn -0.8029 -0.5961 -0.0047
vn -0.6906 -0.7233 -0.0032
vn -0.5605 -0.8282 -0.0016
vn -0.4254 -0.9050 -0.0000
vn -0.2970 -0.9549 0.0013
vn -0.1823 -0.9832 0.0024
vn -0.0839 -0.9965 0.0034
vn -0.0163 -0.9999 0.0040
vn 0.0112 -0.9999 0.0042
vn 0.0205 -0.9998 0.0043
vn 0.0287 -0.9996 0.0044
vn 0.0361 -0.9993 0.0045
vn 0.0432 -0.9991 0.0045
vn 0.0500 -0.9987 0.0046
vn 0.0568 -0.9984 0.0046
vn 0.0638 -0.9980 0.0047
vn 0.0713 -0.9974 0.0048
vn 0.0796 -0.9968 0.0048
vn 0.0891 -0.9960 0.0049
vn 0.7097 -0.7044 0.0092
vn 0.6748 0.7380 0.0030
vn -0.1675 0.9858 -0.0056
vn -0.1526 0.9883 -0.0055
vn -0.1386 0.9903 -0.0053
vn -0.1253 0.9921 -0.0052
vn -0.1123 0.9937 -0.0051
vn -0.0994 0.9950 -0.0050
vn -0.0864 0.9963 -0.0049
vn -0.0727 0.9973 -0.0048
vn -0.0581 0.9983 -0.0047
vn -0.0418 0.9991 -0.0045
vn -0.0229 0.9997 -0.0043
vn 0.0130 0.9999 -0.0040
vn 0.0842 0.9964 -0.0034
vn 0.1848 0.9828 -0.0024
vn 0.3036 0.9528 -0.0012
vn 0.4370 0.8995 0.0002
vn 0.5759 0.8175 0.0017
vn 0.7065 0.7077 0.0034
vn 0.8153 0.5791 0.0049
vn 0.8953 0.4454 0.0061
vn 0.9475 0.3195 0.0071
vn 0.9779 0.2091 0.0079
vn 0.9931 0.1166 0.0084
vn 0.9993 0.0377 0.0088
vn -0.0009 -1.0000 0.0041
vn -0.0051 -1.0000 0.0041
vn -0.0108 -0.9999 0.0040
vn -0.0167 -0.9999 0.0040
vn -0.0227 -0.9997 0.0039
vn -0.0287 -0.9996 0.0039
vn -0.0349 -0.9994 0.0038
vn -0.0411 -0.9991 0.0038
vn -0.0474 -0.9989 0.0037
vn -0.0538 -0.9985 0.0037
vn -0.0603 -0.9982 0.0036
vn -0.0668 -0.9978 0.0035
vn 0.6820 -0.7313 0.0091
vn 0.6688 0.7435 0.0029
vn -0.1023 0.9947 -0.0050
vn -0.0966 0.9953 -0.0050
vn -0.0898 0.9959 -0.0049
vn -0.0821 0.9966 -0.0049
vn -0.0734 0.9973 -0.0048
vn -0.0639 0.9979 -0.0047
vn -0.0539 0.9985 -0.0046
vn -0.0434 0.9990 -0.0045
vn -0.0327 0.9995 -0.0044
vn -0.0111 0.9999 -0.0042
vn -0.0031 1.0000 -0.0042
vt 0.821918 0.000000
vt 0.849315 0.000000
vt 0.835616 0.000000
vt 0.301370 0.000000
vt 0.328767 0.000000
vt 0.315068 0.000000
vt 0.863014 0.000000
vt 0.287671 0.000000
vt 0.876712 0.000000
vt 0.273973 0.000000
vt 0.890411 0.000000
vt 0.260274 0.000000
vt 0.904110 0.000000
vt 0.246575 0.000000
vt 0.917808 0.000000
vt 0.232877 0.000000
vt 0.931507 0.000000
vt 0.219178 0.000000
vt 0.945205 0.000000
vt 0.205479 0.000000
vt 0.958904 0.000000
vt 0.191781 0.000000
vt 0.972603 0.000000
vt 0.178082 0.000000
vt 0.986301 0.000000
vt 0.164384 0.000000
vt 1.000000 0.000000
vt 0.150685 0.000000
vt 0.000000 0.000000
vt 0.013699 0.000000
vt 0.027397 0.000000
vt 0.041096 0.000000
vt 0.054795 0.000000
vt 0.068493 0.000000
vt 0.082192 0.000000
vt 0.095890 0.000000
vt 0.109589 0.000000
vt 0.123288 0.000000
vt 0.136986 0.000000
vt 0.808219 0.000000
vt 0.794521 0.000000
vt 0.780822 0.000000
vt 0.767123 0.000000
vt 0.753425 0.000000
vt 0.739726 0.000000
vt 0.726027 0.000000
vt 0.712329 0.000000
vt 0.698630 0.000000
vt 0.684932 0.000000
vt 0.671233 0.000000
vt 0.657534 0.000000
vt 0.643836 0.000000
vt 0.630137 0.000000
vt 0.616438 0.000000
vt 0.589041 0.000000
vt 0.547945 0.000000
vt 0.506849 0.000000
vt 0.493151 0.000000
vt 0.479452 0.000000
vt 0.465753 0.000000
vt 0.452055 0.000000
vt 0.438356 0.000000
vt 0.424658 0.000000
vt 0.410959 0.000000
vt 0.397260 0.000000
vt 0.602740 0.000000
vt 0.575342 0.000000
vt 0.561644 0.000000
vt 0.534247 0.000000
vt 0.520548 0.000000
vt 0.383562 0.000000
vt 0.369863 0.000000
vt 0.356164 0.000000
vt 0.342466 0.000000
vt 0.310231 0.000000
vt 0.158416 0.000000
vt 0.313531 0.000000
vt 0.306931 0.000000
vt 0.161716 0.000000
vt 0.303630 0.000000
vt 0.165017 0.000000
vt 0.300330 0.000000
vt 0.168317 0.000000
vt 0.297030 0.000000
vt 0.171617 0.000000
vt 0.293729 0.000000
vt 0.174917 0.000000
vt 0.290429 0.000000
vt 0.178218 0.000000
vt 0.287129 0.000000
vt 0.079208 0.000000
vt 0.075908 0.000000
vt 0.072607 0.000000
vt 0.181518 0.000000
vt 0.082508 0.000000
vt 0.069307 0.000000
vt 0.085809 0.000000
vt 0.066007 0.000000
vt 0.089109 0.000000
vt 0.062706 0.000000
vt 0.092409 0.000000
vt 0.059406 0.000000
vt 0.283828 0.000000
vt 0.184818 0.000000
vt 0.095710 0.000000
vt 0.056106 0.000000
vt 0.099010 0.000000
vt 0.052805 0.000000
vt 0.280528 0.000000
vt 0.188119 0.000000
vt 0.102310 0.000000
vt 0.049505 0.000000
vt 0.105611 0.000000
vt 0.046205 0.000000
vt 0.528053 0.000000
vt 0.534653 0.000000
vt 0.531353 0.000000
vt 0.537954 0.000000
vt 0.277228 0.000000
vt 0.191419 0.000000
vt 0.541254 0.000000
vt 0.524752 0.000000
vt 0.108911 0.000000
vt 0.042904 0.000000
vt 0.544554 0.000000
vt 0.521452 0.000000
vt 0.547855 0.000000
vt 0.518152 0.000000
vt 0.112211 0.000000
vt 0.039604 0.000000
vt 0.273927 0.000000
vt 0.194719 0.000000
vt 0.551155 0.000000
vt 0.514852 0.000000
vt 0.115512 0.000000
vt 0.036304 0.000000
vt 0.554455 0.000000
vt 0.511551 0.000000
vt 0.270627 0.000000
vt 0.118812 0.000000
vt 0.033003 0.000000
vt 0.198020 0.000000
vt 0.508251 0.000000
vt 0.557756 0.000000
vt 0.504951 0.000000
vt 0.561056 0.000000
vt 0.122112 0.000000
vt 0.029703 0.000000
vt 0.501650 0.000000
vt 0.564356 0.000000
vt 0.267327 0.000000
vt 0.201320 0.000000
vt 0.125413 0.000000
vt 0.026403 0.000000
vt 0.498350 0.000000
vt 0.567657 0.000000
vt 0.128713 0.000000
vt 0.023102 0.000000
vt 0.495050 0.000000
vt 0.570957 0.000000
vt 0.204620 0.000000
vt 0.264026 0.000000
vt 0.132013 0.000000
vt 0.019802 0.000000
vt 0.491749 0.000000
vt 0.574257 0.000000
vt 0.488449 0.000000
vt 0.135314 0.000000
vt 0.016502 0.000000
vt 0.577558 0.000000
vt 0.207921 0.000000
vt 0.260726 0.000000
vt 0.138614 0.000000
vt 0.013201 0.000000
vt 0.141914 0.000000
vt 0.009901 0.000000
vt 0.211221 0.000000
vt 0.257426 0.000000
vt 0.145215 0.000000
vt 0.006601 0.000000
vt 0.148515 0.000000
vt 0.003300 0.000000
vt 0.151815 0.000000
vt 0.155116 0.000000
vt 0.214521 0.000000
vt 0.254125 0.000000
vt 0.217822 0.000000
vt 0.250825 0.000000
vt 0.221122 0.000000
vt 0.247525 0.000000
vt 0.224422 0.000000
vt 0.244224 0.000000
vt 0.227723 0.000000
vt 0.240924 0.000000
vt 0.231023 0.000000
vt 0.237624 0.000000
vt 0.234323 0.000000
vt 0.957096 0.000000
vt 0.963696 0.000000
vt 0.960396 0.000000
vt 0.617162 0.000000
vt 0.623762 0.000000
vt 0.620462 0.000000
vt 0.613861 0.000000
vt 0.966997 0.000000
vt 0.610561 0.000000
vt 0.970297 0.000000
vt 0.607261 0.000000
vt 0.973597 0.000000
vt 0.603960 0.000000
vt 0.976898 0.000000
vt 0.600660 0.000000
vt 0.980198 0.000000
vt 0.597360 0.000000
vt 0.983498 0.000000
vt 0.594059 0.000000
vt 0.986799 0.000000
vt 0.590759 0.000000
vt 0.990099 0.000000
vt 0.587459 0.000000
vt 0.993399 0.000000
vt 0.584158 0.000000
vt 0.996700 0.000000
vt 0.580858 0.000000
vt 0.953795 0.000000
vt 0.950495 0.000000
vt 0.947195 0.000000
vt 0.943894 0.000000
vt 0.940594 0.000000
vt 0.937294 0.000000
vt 0.933993 0.000000
vt 0.930693 0.000000
vt 0.927393 0.000000
vt 0.924092 0.000000
vt 0.920792 0.000000
vt 0.917492 0.000000
vt 0.914191 0.000000
vt 0.666667 0.000000
vt 0.663366 0.000000
vt 0.660066 0.000000
vt 0.656766 0.000000
vt 0.653465 0.000000
vt 0.650165 0.000000
vt 0.646865 0.000000
vt 0.643564 0.000000
vt 0.640264 0.000000
vt 0.636964 0.000000
vt 0.633663 0.000000
vt 0.630363 0.000000
vt 0.627063 0.000000
vt 0.910891 0.000000
vt 0.669967 0.000000
vt 0.907591 0.000000
vt 0.673267 0.000000
vt 0.904290 0.000000
vt 0.676568 0.000000
vt 0.900990 0.000000
vt 0.679868 0.000000
vt 0.897690 0.000000
vt 0.683168 0.000000
vt 0.353135 0.000000
vt 0.359736 0.000000
vt 0.356436 0.000000
vt 0.442244 0.000000
vt 0.448845 0.000000
vt 0.445545 0.000000
vt 0.894389 0.000000
vt 0.452145 0.000000
vt 0.349835 0.000000
vt 0.686469 0.000000
vt 0.363036 0.000000
vt 0.438944 0.000000
vt 0.455446 0.000000
vt 0.346535 0.000000
vt 0.435644 0.000000
vt 0.366337 0.000000
vt 0.891089 0.000000
vt 0.458746 0.000000
vt 0.343234 0.000000
vt 0.432343 0.000000
vt 0.689769 0.000000
vt 0.369637 0.000000
vt 0.462046 0.000000
vt 0.339934 0.000000
vt 0.429043 0.000000
vt 0.372937 0.000000
vt 0.465347 0.000000
vt 0.887789 0.000000
vt 0.336634 0.000000
vt 0.425743 0.000000
vt 0.468647 0.000000
vt 0.693069 0.000000
vt 0.376238 0.000000
vt 0.333333 0.000000
vt 0.422442 0.000000
vt 0.471947 0.000000
vt 0.379538 0.000000
vt 0.884488 0.000000
vt 0.330033 0.000000
vt 0.419142 0.000000
vt 0.475248 0.000000
vt 0.696370 0.000000
vt 0.382838 0.000000
vt 0.326733 0.000000
vt 0.415842 0.000000
vt 0.478548 0.000000
vt 0.881188 0.000000
vt 0.386139 0.000000
vt 0.323432 0.000000
vt 0.412541 0.000000
vt 0.481848 0.000000
vt 0.320132 0.000000
vt 0.699670 0.000000
vt 0.389439 0.000000
vt 0.409241 0.000000
vt 0.485149 0.000000
vt 0.877888 0.000000
vt 0.316832 0.000000
vt 0.392739 0.000000
vt 0.405941 0.000000
vt 0.399340 0.000000
vt 0.402640 0.000000
vt 0.702970 0.000000
vt 0.396040 0.000000
vt 0.874587 0.000000
vt 0.706271 0.000000
vt 0.871287 0.000000
vt 0.867987 0.000000
vt 0.864686 0.000000
vt 0.709571 0.000000
vt 0.861386 0.000000
vt 0.858086 0.000000
vt 0.854786 0.000000
vt 0.851485 0.000000
vt 0.788779 0.000000
vt 0.795380 0.000000
vt 0.792079 0.000000
vt 0.798680 0.000000
vt 0.848185 0.000000
vt 0.801980 0.000000
vt 0.805281 0.000000
vt 0.844885 0.000000
vt 0.808581 0.000000
vt 0.712871 0.000000
vt 0.811881 0.000000
vt 0.841584 0.000000
vt 0.815181 0.000000
vt 0.838284 0.000000
vt 0.818482 0.000000
vt 0.821782 0.000000
vt 0.834984 0.000000
vt 0.825082 0.000000
vt 0.828383 0.000000
vt 0.831683 0.000000
vt 0.716172 0.000000
vt 0.719472 0.000000
vt 0.722772 0.000000
vt 0.726073 0.000000
vt 0.729373 0.000000
vt 0.732673 0.000000
vt 0.735974 0.000000
vt 0.739274 0.000000
vt 0.785479 0.000000
vt 0.782178 0.000000
vt 0.778878 0.000000
vt 0.742574 0.000000
vt 0.775578 0.000000
vt 0.772277 0.000000
vt 0.768977 0.000000
vt 0.745875 0.000000
vt 0.765677 0.000000
vt 0.762376 0.000000
vt 0.759076 0.000000
vt 0.749175 0.000000
vt 0.755776 0.000000
vt 0.752475 0.000000
vt 0.367188 0.000000
vt 0.187500 0.000000
vt 0.371094 0.000000
vt 0.363281 0.000000
vt 0.191406 0.000000
vt 0.359375 0.000000
vt 0.195312 0.000000
vt 0.355469 0.000000
vt 0.199219 0.000000
vt 0.351562 0.000000
vt 0.203125 0.000000
vt 0.347656 0.000000
vt 0.207031 0.000000
vt 0.343750 0.000000
vt 0.210938 0.000000
vt 0.339844 0.000000
vt 0.093750 0.000000
vt 0.089844 0.000000
vt 0.085938 0.000000
vt 0.214844 0.000000
vt 0.097656 0.000000
vt 0.082031 0.000000
vt 0.101562 0.000000
vt 0.078125 0.000000
vt 0.105469 0.000000
vt 0.074219 0.000000
vt 0.109375 0.000000
vt 0.070312 0.000000
vt 0.335938 0.000000
vt 0.218750 0.000000
vt 0.113281 0.000000
vt 0.066406 0.000000
vt 0.945312 0.000000
vt 0.953125 0.000000
vt 0.949219 0.000000
vt 0.957031 0.000000
vt 0.117188 0.000000
vt 0.062500 0.000000
vt 0.960938 0.000000
vt 0.941406 0.000000
vt 0.332031 0.000000
vt 0.222656 0.000000
vt 0.964844 0.000000
vt 0.121094 0.000000
vt 0.058594 0.000000
vt 0.937500 0.000000
vt 0.968750 0.000000
vt 0.933594 0.000000
vt 0.125000 0.000000
vt 0.054688 0.000000
vt 0.328125 0.000000
vt 0.226562 0.000000
vt 0.972656 0.000000
vt 0.929688 0.000000
vt 0.128906 0.000000
vt 0.050781 0.000000
vt 0.976562 0.000000
vt 0.925781 0.000000
vt 0.132812 0.000000
vt 0.046875 0.000000
vt 0.324219 0.000000
vt 0.230469 0.000000
vt 0.980469 0.000000
vt 0.921875 0.000000
vt 0.136719 0.000000
vt 0.042969 0.000000
vt 0.984375 0.000000
vt 0.917969 0.000000
vt 0.988281 0.000000
vt 0.320312 0.000000
vt 0.140625 0.000000
vt 0.039062 0.000000
vt 0.234375 0.000000
vt 0.914062 0.000000
vt 0.992188 0.000000
vt 0.910156 0.000000
vt 0.144531 0.000000
vt 0.035156 0.000000
vt 0.996094 0.000000
vt 0.316406 0.000000
vt 0.238281 0.000000
vt 0.906250 0.000000
vt 0.031250 0.000000
vt 0.148438 0.000000
vt 0.902344 0.000000
vt 0.027344 0.000000
vt 0.152344 0.000000
vt 0.898438 0.000000
vt 0.375000 0.000000
vt 0.312500 0.000000
vt 0.242188 0.000000
vt 0.023438 0.000000
vt 0.156250 0.000000
vt 0.019531 0.000000
vt 0.160156 0.000000
vt 0.308594 0.000000
vt 0.246094 0.000000
vt 0.015625 0.000000
vt 0.164062 0.000000
vt 0.894531 0.000000
vt 0.011719 0.000000
vt 0.167969 0.000000
vt 0.304688 0.000000
vt 0.250000 0.000000
vt 0.007812 0.000000
vt 0.171875 0.000000
vt 0.003906 0.000000
vt 0.175781 0.000000
vt 0.179688 0.000000
vt 0.183594 0.000000
vt 0.300781 0.000000
vt 0.253906 0.000000
vt 0.296875 0.000000
vt 0.257812 0.000000
vt 0.890625 0.000000
vt 0.464844 0.000000
vt 0.472656 0.000000
vt 0.468750 0.000000
vt 0.292969 0.000000
vt 0.261719 0.000000
vt 0.460938 0.000000
vt 0.457031 0.000000
vt 0.265625 0.000000
vt 0.289062 0.000000
vt 0.453125 0.000000
vt 0.269531 0.000000
vt 0.285156 0.000000
vt 0.449219 0.000000
vt 0.273438 0.000000
vt 0.281250 0.000000
vt 0.445312 0.000000
vt 0.277344 0.000000
vt 0.441406 0.000000
vt 0.437500 0.000000
vt 0.433594 0.000000
vt 0.429688 0.000000
vt 0.886719 0.000000
vt 0.425781 0.000000
vt 0.421875 0.000000
vt 0.417969 0.000000
vt 0.414062 0.000000
vt 0.410156 0.000000
vt 0.406250 0.000000
vt 0.476562 0.000000
vt 0.480469 0.000000
vt 0.882812 0.000000
vt 0.484375 0.000000
vt 0.488281 0.000000
vt 0.402344 0.000000
vt 0.492188 0.000000
vt 0.496094 0.000000
vt 0.500000 0.000000
vt 0.398438 0.000000
vt 0.503906 0.000000
vt 0.507812 0.000000
vt 0.511719 0.000000
vt 0.394531 0.000000
vt 0.515625 0.000000
vt 0.519531 0.000000
vt 0.523438 0.000000
vt 0.390625 0.000000
vt 0.527344 0.000000
vt 0.386719 0.000000
vt 0.878906 0.000000
vt 0.382812 0.000000
vt 0.531250 0.000000
vt 0.378906 0.000000
vt 0.535156 0.000000
vt 0.539062 0.000000
vt 0.542969 0.000000
vt 0.546875 0.000000
vt 0.875000 0.000000
vt 0.550781 0.000000
vt 0.554688 0.000000
vt 0.558594 0.000000
vt 0.562500 0.000000
vt 0.566406 0.000000
vt 0.570312 0.000000
vt 0.871094 0.000000
vt 0.867188 0.000000
vt 0.863281 0.000000
vt 0.859375 0.000000
vt 0.855469 0.000000
vt 0.574219 0.000000
vt 0.578125 0.000000
vt 0.851562 0.000000
vt 0.582031 0.000000
vt 0.585938 0.000000
vt 0.589844 0.000000
vt 0.847656 0.000000
vt 0.593750 0.000000
vt 0.707031 0.000000
vt 0.714844 0.000000
vt 0.710938 0.000000
vt 0.597656 0.000000
vt 0.703125 0.000000
vt 0.601562 0.000000
vt 0.843750 0.000000
vt 0.699219 0.000000
vt 0.605469 0.000000
vt 0.695312 0.000000
vt 0.609375 0.000000
vt 0.691406 0.000000
vt 0.613281 0.000000
vt 0.687500 0.000000
vt 0.617188 0.000000
vt 0.621094 0.000000
vt 0.683594 0.000000
vt 0.839844 0.000000
vt 0.625000 0.000000
vt 0.628906 0.000000
vt 0.679688 0.000000
vt 0.632812 0.000000
vt 0.636719 0.000000
vt 0.675781 0.000000
vt 0.640625 0.000000
vt 0.644531 0.000000
vt 0.671875 0.000000
vt 0.648438 0.000000
vt 0.652344 0.000000
vt 0.667969 0.000000
vt 0.656250 0.000000
vt 0.660156 0.000000
vt 0.664062 0.000000
vt 0.835938 0.000000
vt 0.832031 0.000000
vt 0.828125 0.000000
vt 0.824219 0.000000
vt 0.820312 0.000000
vt 0.816406 0.000000
vt 0.718750 0.000000
vt 0.812500 0.000000
vt 0.722656 0.000000
vt 0.726562 0.000000
vt 0.808594 0.000000
vt 0.730469 0.000000
vt 0.804688 0.000000
vt 0.734375 0.000000
vt 0.800781 0.000000
vt 0.738281 0.000000
vt 0.796875 0.000000
vt 0.742188 0.000000
vt 0.792969 0.000000
vt 0.789062 0.000000
vt 0.746094 0.000000
vt 0.785156 0.000000
vt 0.750000 0.000000
vt 0.781250 0.000000
vt 0.777344 0.000000
vt 0.753906 0.000000
vt 0.773438 0.000000
vt 0.757812 0.000000
vt 0.769531 0.000000
vt 0.765625 0.000000
vt 0.761719 0.000000
vt 0.918129 0.000000
vt 0.929825 0.000000
vt 0.923977 0.000000
vt 0.935673 0.000000
vt 0.912281 0.000000
vt 0.941520 0.000000
vt 0.906433 0.000000
vt 0.947368 0.000000
vt 0.900585 0.000000
vt 0.953216 0.000000
vt 0.894737 0.000000
vt 0.959064 0.000000
vt 0.888889 0.000000
vt 0.964912 0.000000
vt 0.883041 0.000000
vt 0.970760 0.000000
vt 0.877193 0.000000
vt 0.976608 0.000000
vt 0.871345 0.000000
vt 0.982456 0.000000
vt 0.865497 0.000000
vt 0.988304 0.000000
vt 0.859649 0.000000
vt 0.994152 0.000000
vt 0.853801 0.000000
vt 0.847953 0.000000
vt 0.432749 0.000000
vt 0.842105 0.000000
vt 0.438596 0.000000
vt 0.836257 0.000000
vt 0.444444 0.000000
vt 0.830409 0.000000
vt 0.450292 0.000000
vt 0.824561 0.000000
vt 0.456140 0.000000
vt 0.818713 0.000000
vt 0.461988 0.000000
vt 0.812865 0.000000
vt 0.467836 0.000000
vt 0.807018 0.000000
vt 0.473684 0.000000
vt 0.801170 0.000000
vt 0.479532 0.000000
vt 0.795322 0.000000
vt 0.485380 0.000000
vt 0.789474 0.000000
vt 0.491228 0.000000
vt 0.783626 0.000000
vt 0.497076 0.000000
vt 0.777778 0.000000
vt 0.502924 0.000000
vt 0.771930 0.000000
vt 0.508772 0.000000
vt 0.766082 0.000000
vt 0.514620 0.000000
vt 0.760234 0.000000
vt 0.520468 0.000000
vt 0.754386 0.000000
vt 0.748538 0.000000
vt 0.526316 0.000000
vt 0.742690 0.000000
vt 0.532164 0.000000
vt 0.736842 0.000000
vt 0.538012 0.000000
vt 0.730994 0.000000
vt 0.725146 0.000000
vt 0.543860 0.000000
vt 0.719298 0.000000
vt 0.549708 0.000000
vt 0.713450 0.000000
vt 0.555556 0.000000
vt 0.707602 0.000000
vt 0.561404 0.000000
vt 0.701754 0.000000
vt 0.695906 0.000000
vt 0.567251 0.000000
vt 0.690058 0.000000
vt 0.573099 0.000000
vt 0.684211 0.000000
vt 0.678363 0.000000
vt 0.578947 0.000000
vt 0.672515 0.000000
vt 0.584795 0.000000
vt 0.660819 0.000000
vt 0.590643 0.000000
vt 0.654971 0.000000
vt 0.649123 0.000000
vt 0.596491 0.000000
vt 0.643275 0.000000
vt 0.637427 0.000000
vt 0.602339 0.000000
vt 0.608187 0.000000
vt 0.614035 0.000000
vt 0.619883 0.000000
vt 0.625731 0.000000
vt 0.631579 0.000000
vt 0.345029 0.000000
vt 0.356725 0.000000
vt 0.350877 0.000000
vt 0.362573 0.000000
vt 0.368421 0.000000
vt 0.339181 0.000000
vt 0.374269 0.000000
vt 0.380117 0.000000
vt 0.327485 0.000000
vt 0.385965 0.000000
vt 0.321637 0.000000
vt 0.391813 0.000000
vt 0.315789 0.000000
vt 0.397661 0.000000
vt 0.309942 0.000000
vt 0.403509 0.000000
vt 0.304094 0.000000
vt 0.409357 0.000000
vt 0.298246 0.000000
vt 0.415205 0.000000
vt 0.292398 0.000000
vt 0.421053 0.000000
vt 0.286550 0.000000
vt 0.426901 0.000000
vt 0.280702 0.000000
vt 0.274854 0.000000
vt 0.269006 0.000000
vt 0.005848 0.000000
vt 0.263158 0.000000
vt 0.011696 0.000000
vt 0.257310 0.000000
vt 0.017544 0.000000
vt 0.251462 0.000000
vt 0.023392 0.000000
vt 0.245614 0.000000
vt 0.029240 0.000000
vt 0.239766 0.000000
vt 0.035088 0.000000
vt 0.233918 0.000000
vt 0.040936 0.000000
vt 0.228070 0.000000
vt 0.046784 0.000000
vt 0.222222 0.000000
vt 0.052632 0.000000
vt 0.216374 0.000000
vt 0.058480 0.000000
vt 0.210526 0.000000
vt 0.064327 0.000000
vt 0.204678 0.000000
vt 0.070175 0.000000
vt 0.076023 0.000000
vt 0.198830 0.000000
vt 0.081871 0.000000
vt 0.192982 0.000000
vt 0.087719 0.000000
vt 0.187135 0.000000
vt 0.093567 0.000000
vt 0.181287 0.000000
vt 0.099415 0.000000
vt 0.175439 0.000000
vt 0.105263 0.000000
vt 0.169591 0.000000
vt 0.111111 0.000000
vt 0.163743 0.000000
vt 0.116959 0.000000
vt 0.157895 0.000000
vt 0.122807 0.000000
vt 0.152047 0.000000
vt 0.128655 0.000000
vt 0.146199 0.000000
vt 0.134503 0.000000
vt 0.140351 0.000000
vt 0.753623 0.000000
vt 0.531401 0.000000
vt 0.758454 0.000000
vt 0.748792 0.000000
vt 0.536232 0.000000
vt 0.743961 0.000000
vt 0.541063 0.000000
vt 0.739130 0.000000
vt 0.545894 0.000000
vt 0.734300 0.000000
vt 0.550725 0.000000
vt 0.729469 0.000000
vt 0.724638 0.000000
vt 0.560386 0.000000
vt 0.719807 0.000000
vt 0.415459 0.000000
vt 0.410628 0.000000
vt 0.405797 0.000000
vt 0.565217 0.000000
vt 0.420290 0.000000
vt 0.400966 0.000000
vt 0.425121 0.000000
vt 0.396135 0.000000
vt 0.429952 0.000000
vt 0.391304 0.000000
vt 0.434783 0.000000
vt 0.386473 0.000000
vt 0.714976 0.000000
vt 0.570048 0.000000
vt 0.439614 0.000000
vt 0.381643 0.000000
vt 0.376812 0.000000
vt 0.710145 0.000000
vt 0.574879 0.000000
vt 0.449275 0.000000
vt 0.371981 0.000000
vt 0.454106 0.000000
vt 0.367150 0.000000
vt 0.705314 0.000000
vt 0.579710 0.000000
vt 0.458937 0.000000
vt 0.362319 0.000000
vt 0.463768 0.000000
vt 0.357488 0.000000
vt 0.700483 0.000000
vt 0.584541 0.000000
vt 0.468599 0.000000
vt 0.352657 0.000000
vt 0.695652 0.000000
vt 0.473430 0.000000
vt 0.347826 0.000000
vt 0.589372 0.000000
vt 0.478261 0.000000
vt 0.342995 0.000000
vt 0.768116 0.000000
vt 0.763285 0.000000
vt 0.690821 0.000000
vt 0.594203 0.000000
vt 0.483092 0.000000
vt 0.338164 0.000000
vt 0.487923 0.000000
vt 0.599034 0.000000
vt 0.685990 0.000000
vt 0.492754 0.000000
vt 0.328502 0.000000
vt 0.772947 0.000000
vt 0.497585 0.000000
vt 0.323671 0.000000
vt 0.995169 0.000000
vt 0.603865 0.000000
vt 0.681159 0.000000
vt 0.502415 0.000000
vt 0.318841 0.000000
vt 0.507246 0.000000
vt 0.314010 0.000000
vt 0.608696 0.000000
vt 0.676328 0.000000
vt 0.309179 0.000000
vt 0.512077 0.000000
vt 0.304348 0.000000
vt 0.516908 0.000000
vt 0.990338 0.000000
vt 0.299517 0.000000
vt 0.521739 0.000000
vt 0.526570 0.000000
vt 0.613527 0.000000
vt 0.671498 0.000000
vt 0.618357 0.000000
vt 0.782609 0.000000
vt 0.985507 0.000000
vt 0.623188 0.000000
vt 0.661836 0.000000
vt 0.628019 0.000000
vt 0.657005 0.000000
vt 0.632850 0.000000
vt 0.652174 0.000000
vt 0.787440 0.000000
vt 0.637681 0.000000
vt 0.647343 0.000000
vt 0.980676 0.000000
vt 0.642512 0.000000
vt 0.792271 0.000000
vt 0.975845 0.000000
vt 0.797101 0.000000
vt 0.971014 0.000000
vt 0.801932 0.000000
vt 0.966184 0.000000
vt 0.961353 0.000000
vt 0.806763 0.000000
vt 0.956522 0.000000
vt 0.811594 0.000000
vt 0.951691 0.000000
vt 0.816425 0.000000
vt 0.821256 0.000000
vt 0.946860 0.000000
vt 0.826087 0.000000
vt 0.942029 0.000000
vt 0.830918 0.000000
vt 0.937198 0.000000
vt 0.835749 0.000000
vt 0.932367 0.000000
vt 0.840580 0.000000
vt 0.927536 0.000000
vt 0.922705 0.000000
vt 0.845411 0.000000
vt 0.917874 0.000000
vt 0.850242 0.000000
vt 0.913043 0.000000
vt 0.855072 0.000000
vt 0.908213 0.000000
vt 0.859903 0.000000
vt 0.903382 0.000000
vt 0.864734 0.000000
vt 0.898551 0.000000
vt 0.869565 0.000000
vt 0.893720 0.000000
vt 0.874396 0.000000
vt 0.879227 0.000000
vt 0.884058 0.000000
vt 0.289855 0.000000
vt 0.294686 0.000000
vt 0.004831 0.000000
vt 0.009662 0.000000
vt 0.285024 0.000000
vt 0.014493 0.000000
vt 0.019324 0.000000
vt 0.024155 0.000000
vt 0.028986 0.000000
vt 0.033816 0.000000
vt 0.280193 0.000000
vt 0.038647 0.000000
vt 0.043478 0.000000
vt 0.048309 0.000000
vt 0.053140 0.000000
vt 0.057971 0.000000
vt 0.062802 0.000000
vt 0.275362 0.000000
vt 0.067633 0.000000
vt 0.270531 0.000000
vt 0.072464 0.000000
vt 0.077295 0.000000
vt 0.265700 0.000000
vt 0.082126 0.000000
vt 0.260870 0.000000
vt 0.086957 0.000000
vt 0.256039 0.000000
vt 0.091787 0.000000
vt 0.251208 0.000000
vt 0.096618 0.000000
vt 0.246377 0.000000
vt 0.101449 0.000000
vt 0.241546 0.000000
vt 0.106280 0.000000
vt 0.236715 0.000000
vt 0.231884 0.000000
vt 0.115942 0.000000
vt 0.227053 0.000000
vt 0.120773 0.000000
vt 0.125604 0.000000
vt 0.217391 0.000000
vt 0.130435 0.000000
vt 0.212560 0.000000
vt 0.135266 0.000000
vt 0.207729 0.000000
vt 0.140097 0.000000
vt 0.202899 0.000000
vt 0.144928 0.000000
vt 0.198068 0.000000
vt 0.149758 0.000000
vt 0.193237 0.000000
vt 0.154589 0.000000
vt 0.188406 0.000000
vt 0.159420 0.000000
vt 0.183575 0.000000
vt 0.164251 0.000000
vt 0.178744 0.000000
vt 0.169082 0.000000
vt 0.173913 0.000000
vt 0.104072 0.000000
vt 0.113122 0.000000
vt 0.108597 0.000000
vt 0.990950 0.000000
vt 0.995475 0.000000
vt 0.167421 0.000000
vt 0.099548 0.000000
vt 0.117647 0.000000
vt 0.986425 0.000000
vt 0.171946 0.000000
vt 0.095023 0.000000
vt 0.122172 0.000000
vt 0.981900 0.000000
vt 0.176471 0.000000
vt 0.090498 0.000000
vt 0.126697 0.000000
vt 0.977376 0.000000
vt 0.180995 0.000000
vt 0.131222 0.000000
vt 0.085973 0.000000
vt 0.185520 0.000000
vt 0.972851 0.000000
vt 0.135747 0.000000
vt 0.190045 0.000000
vt 0.081448 0.000000
vt 0.968326 0.000000
vt 0.140271 0.000000
vt 0.194570 0.000000
vt 0.076923 0.000000
vt 0.963801 0.000000
vt 0.199095 0.000000
vt 0.144796 0.000000
vt 0.959276 0.000000
vt 0.072398 0.000000
vt 0.203620 0.000000
vt 0.149321 0.000000
vt 0.954751 0.000000
vt 0.067873 0.000000
vt 0.208145 0.000000
vt 0.153846 0.000000
vt 0.950226 0.000000
vt 0.212670 0.000000
vt 0.063348 0.000000
vt 0.158371 0.000000
vt 0.945701 0.000000
vt 0.217195 0.000000
vt 0.162896 0.000000
vt 0.058824 0.000000
vt 0.941176 0.000000
vt 0.832579 0.000000
vt 0.221719 0.000000
vt 0.226244 0.000000
vt 0.230769 0.000000
vt 0.235294 0.000000
vt 0.239819 0.000000
vt 0.837104 0.000000
vt 0.828054 0.000000
vt 0.244344 0.000000
vt 0.004525 0.000000
vt 0.248869 0.000000
vt 0.841629 0.000000
vt 0.253394 0.000000
vt 0.009050 0.000000
vt 0.257919 0.000000
vt 0.846154 0.000000
vt 0.054299 0.000000
vt 0.013575 0.000000
vt 0.936652 0.000000
vt 0.262443 0.000000
vt 0.932127 0.000000
vt 0.018100 0.000000
vt 0.850679 0.000000
vt 0.266968 0.000000
vt 0.927602 0.000000
vt 0.271493 0.000000
vt 0.022624 0.000000
vt 0.855204 0.000000
vt 0.923077 0.000000
vt 0.276018 0.000000
vt 0.027149 0.000000
vt 0.823529 0.000000
vt 0.660634 0.000000
vt 0.656109 0.000000
vt 0.280543 0.000000
vt 0.859729 0.000000
vt 0.918552 0.000000
vt 0.031674 0.000000
vt 0.914027 0.000000
vt 0.864253 0.000000
vt 0.049774 0.000000
vt 0.045249 0.000000
vt 0.040724 0.000000
vt 0.036199 0.000000
vt 0.909502 0.000000
vt 0.868778 0.000000
vt 0.904977 0.000000
vt 0.873303 0.000000
vt 0.900452 0.000000
vt 0.877828 0.000000
vt 0.895928 0.000000
vt 0.882353 0.000000
vt 0.891403 0.000000
vt 0.886878 0.000000
vt 0.819005 0.000000
vt 0.665158 0.000000
vt 0.651584 0.000000
vt 0.285068 0.000000
vt 0.814480 0.000000
vt 0.669683 0.000000
vt 0.647059 0.000000
vt 0.809955 0.000000
vt 0.674208 0.000000
vt 0.289593 0.000000
vt 0.642534 0.000000
vt 0.805430 0.000000
vt 0.678733 0.000000
vt 0.294118 0.000000
vt 0.638009 0.000000
vt 0.800905 0.000000
vt 0.683258 0.000000
vt 0.796380 0.000000
vt 0.633484 0.000000
vt 0.298643 0.000000
vt 0.687783 0.000000
vt 0.791855 0.000000
vt 0.628959 0.000000
vt 0.303167 0.000000
vt 0.624434 0.000000
vt 0.787330 0.000000
vt 0.692308 0.000000
vt 0.307692 0.000000
vt 0.619910 0.000000
vt 0.782805 0.000000
vt 0.696833 0.000000
vt 0.615385 0.000000
vt 0.312217 0.000000
vt 0.778281 0.000000
vt 0.610860 0.000000
vt 0.701357 0.000000
vt 0.316742 0.000000
vt 0.606335 0.000000
vt 0.773756 0.000000
vt 0.601810 0.000000
vt 0.597285 0.000000
vt 0.592760 0.000000
vt 0.321267 0.000000
vt 0.588235 0.000000
vt 0.488688 0.000000
vt 0.497738 0.000000
vt 0.493213 0.000000
vt 0.583710 0.000000
vt 0.502262 0.000000
vt 0.579186 0.000000
vt 0.506787 0.000000
vt 0.574661 0.000000
vt 0.511312 0.000000
vt 0.570136 0.000000
vt 0.515837 0.000000
vt 0.565611 0.000000
vt 0.520362 0.000000
vt 0.561086 0.000000
vt 0.524887 0.000000
vt 0.484163 0.000000
vt 0.556561 0.000000
vt 0.529412 0.000000
vt 0.533937 0.000000
vt 0.552036 0.000000
vt 0.769231 0.000000
vt 0.538462 0.000000
vt 0.547511 0.000000
vt 0.542986 0.000000
vt 0.705882 0.000000
vt 0.479638 0.000000
vt 0.325792 0.000000
vt 0.475113 0.000000
vt 0.470588 0.000000
vt 0.764706 0.000000
vt 0.466063 0.000000
vt 0.330317 0.000000
vt 0.760181 0.000000
vt 0.755656 0.000000
vt 0.461538 0.000000
vt 0.710407 0.000000
vt 0.751131 0.000000
vt 0.334842 0.000000
vt 0.457014 0.000000
vt 0.746606 0.000000
vt 0.339367 0.000000
vt 0.452489 0.000000
vt 0.742081 0.000000
vt 0.343891 0.000000
vt 0.447964 0.000000
vt 0.348416 0.000000
vt 0.737557 0.000000
vt 0.352941 0.000000
vt 0.443439 0.000000
vt 0.733032 0.000000
vt 0.357466 0.000000
vt 0.728507 0.000000
vt 0.723982 0.000000
vt 0.719457 0.000000
vt 0.714932 0.000000
vt 0.361991 0.000000
vt 0.438914 0.000000
vt 0.366516 0.000000
vt 0.371041 0.000000
vt 0.375566 0.000000
vt 0.434389 0.000000
vt 0.380091 0.000000
vt 0.429864 0.000000
vt 0.384615 0.000000
vt 0.425339 0.000000
vt 0.389140 0.000000
vt 0.420814 0.000000
vt 0.393665 0.000000
vt 0.416290 0.000000
vt 0.398190 0.000000
vt 0.411765 0.000000
vt 0.402715 0.000000
vt 0.407240 0.000000
vt 0.231441 0.000000
vt 0.240175 0.000000
vt 0.235808 0.000000
vt 0.017467 0.000000
vt 0.021834 0.000000
vt 0.026201 0.000000
vt 0.227074 0.000000
vt 0.030568 0.000000
vt 0.034934 0.000000
vt 0.039301 0.000000
vt 0.043668 0.000000
vt 0.222707 0.000000
vt 0.048035 0.000000
vt 0.052402 0.000000
vt 0.056769 0.000000
vt 0.061135 0.000000
vt 0.065502 0.000000
vt 0.218341 0.000000
vt 0.069869 0.000000
vt 0.074236 0.000000
vt 0.213974 0.000000
vt 0.209607 0.000000
vt 0.078603 0.000000
vt 0.082969 0.000000
vt 0.087336 0.000000
vt 0.205240 0.000000
vt 0.091703 0.000000
vt 0.200873 0.000000
vt 0.096070 0.000000
vt 0.004367 0.000000
vt 0.013100 0.000000
vt 0.008734 0.000000
vt 0.196507 0.000000
vt 0.100437 0.000000
vt 0.104803 0.000000
vt 0.192140 0.000000
vt 0.109170 0.000000
vt 0.187773 0.000000
vt 0.113537 0.000000
vt 0.183406 0.000000
vt 0.117904 0.000000
vt 0.179039 0.000000
vt 0.122271 0.000000
vt 0.174672 0.000000
vt 0.170306 0.000000
vt 0.165939 0.000000
vt 0.161572 0.000000
vt 0.126638 0.000000
vt 0.157205 0.000000
vt 0.152838 0.000000
vt 0.148472 0.000000
vt 0.144105 0.000000
vt 0.139738 0.000000
vt 0.135371 0.000000
vt 0.131004 0.000000
vt 0.506550 0.000000
vt 0.515284 0.000000
vt 0.510917 0.000000
vt 0.244541 0.000000
vt 0.502183 0.000000
vt 0.248908 0.000000
vt 0.497817 0.000000
vt 0.615721 0.000000
vt 0.624454 0.000000
vt 0.620087 0.000000
vt 0.611354 0.000000
vt 0.628821 0.000000
vt 0.606987 0.000000
vt 0.633188 0.000000
vt 0.253275 0.000000
vt 0.995633 0.000000
vt 0.519651 0.000000
vt 0.602620 0.000000
vt 0.493450 0.000000
vt 0.524017 0.000000
vt 0.637555 0.000000
vt 0.598253 0.000000
vt 0.528384 0.000000
vt 0.532751 0.000000
vt 0.593886 0.000000
vt 0.641921 0.000000
vt 0.537118 0.000000
vt 0.589520 0.000000
vt 0.646288 0.000000
vt 0.541485 0.000000
vt 0.991266 0.000000
vt 0.585153 0.000000
vt 0.545852 0.000000
vt 0.257642 0.000000
vt 0.986900 0.000000
vt 0.650655 0.000000
vt 0.550218 0.000000
vt 0.982533 0.000000
vt 0.580786 0.000000
vt 0.489083 0.000000
vt 0.655022 0.000000
vt 0.554585 0.000000
vt 0.978166 0.000000
vt 0.576419 0.000000
vt 0.973799 0.000000
vt 0.558952 0.000000
vt 0.659389 0.000000
vt 0.572052 0.000000
vt 0.969432 0.000000
vt 0.563319 0.000000
vt 0.663755 0.000000
vt 0.567686 0.000000
vt 0.965065 0.000000
vt 0.262009 0.000000
vt 0.960699 0.000000
vt 0.668122 0.000000
vt 0.956332 0.000000
vt 0.484716 0.000000
vt 0.672489 0.000000
vt 0.951965 0.000000
vt 0.676856 0.000000
vt 0.947598 0.000000
vt 0.266376 0.000000
vt 0.681223 0.000000
vt 0.943231 0.000000
vt 0.938865 0.000000
vt 0.685589 0.000000
vt 0.480349 0.000000
vt 0.689956 0.000000
vt 0.340611 0.000000
vt 0.349345 0.000000
vt 0.344978 0.000000
vt 0.934498 0.000000
vt 0.353712 0.000000
vt 0.358079 0.000000
vt 0.694323 0.000000
vt 0.362445 0.000000
vt 0.270742 0.000000
vt 0.366812 0.000000
vt 0.930131 0.000000
vt 0.786026 0.000000
vt 0.336245 0.000000
vt 0.371179 0.000000
vt 0.698690 0.000000
vt 0.790393 0.000000
vt 0.781659 0.000000
vt 0.375546 0.000000
vt 0.379913 0.000000
vt 0.384279 0.000000
vt 0.388646 0.000000
vt 0.703057 0.000000
vt 0.925764 0.000000
vt 0.777293 0.000000
vt 0.393013 0.000000
vt 0.331878 0.000000
vt 0.397380 0.000000
vt 0.475983 0.000000
vt 0.794760 0.000000
vt 0.401747 0.000000
vt 0.707424 0.000000
vt 0.275109 0.000000
vt 0.772926 0.000000
vt 0.921397 0.000000
vt 0.327511 0.000000
vt 0.711790 0.000000
vt 0.799127 0.000000
vt 0.768559 0.000000
vt 0.917031 0.000000
vt 0.406114 0.000000
vt 0.323144 0.000000
vt 0.716157 0.000000
vt 0.764192 0.000000
vt 0.279476 0.000000
vt 0.803493 0.000000
vt 0.912664 0.000000
vt 0.720524 0.000000
vt 0.471616 0.000000
vt 0.318777 0.000000
vt 0.759825 0.000000
vt 0.724891 0.000000
vt 0.908297 0.000000
vt 0.807860 0.000000
vt 0.410480 0.000000
vt 0.314410 0.000000
vt 0.755459 0.000000
vt 0.283843 0.000000
vt 0.729258 0.000000
vt 0.310044 0.000000
vt 0.903930 0.000000
vt 0.751092 0.000000
vt 0.812227 0.000000
vt 0.746725 0.000000
vt 0.742358 0.000000
vt 0.737991 0.000000
vt 0.733624 0.000000
vt 0.305677 0.000000
vt 0.414847 0.000000
vt 0.467249 0.000000
vt 0.288210 0.000000
vt 0.899563 0.000000
vt 0.301310 0.000000
vt 0.816594 0.000000
vt 0.296943 0.000000
vt 0.292576 0.000000
vt 0.895196 0.000000
vt 0.419214 0.000000
vt 0.820961 0.000000
vt 0.890830 0.000000
vt 0.462882 0.000000
vt 0.423581 0.000000
vt 0.886463 0.000000
vt 0.825328 0.000000
vt 0.882096 0.000000
vt 0.877729 0.000000
vt 0.427948 0.000000
vt 0.873362 0.000000
vt 0.458515 0.000000
vt 0.829694 0.000000
vt 0.868996 0.000000
vt 0.864629 0.000000
vt 0.432314 0.000000
vt 0.860262 0.000000
vt 0.834061 0.000000
vt 0.436681 0.000000
vt 0.855895 0.000000
vt 0.454148 0.000000
vt 0.851528 0.000000
vt 0.441048 0.000000
vt 0.847162 0.000000
vt 0.842795 0.000000
vt 0.838428 0.000000
vt 0.445415 0.000000
vt 0.449782 0.000000
vt 0.135802 0.000000
vt 0.148148 0.000000
vt 0.141975 0.000000
vt 0.129630 0.000000
vt 0.123457 0.000000
vt 0.117284 0.000000
vt 0.104938 0.000000
vt 0.098765 0.000000
vt 0.092593 0.000000
vt 0.086420 0.000000
vt 0.080247 0.000000
vt 0.074074 0.000000
vt 0.067901 0.000000
vt 0.061728 0.000000
vt 0.055556 0.000000
vt 0.049383 0.000000
vt 0.043210 0.000000
vt 0.037037 0.000000
vt 0.030864 0.000000
vt 0.024691 0.000000
vt 0.018519 0.000000
vt 0.012346 0.000000
vt 0.006173 0.000000
vt 0.679012 0.000000
vt 0.672840 0.000000
vt 0.660494 0.000000
vt 0.654321 0.000000
vt 0.648148 0.000000
vt 0.641975 0.000000
vt 0.635802 0.000000
vt 0.629630 0.000000
vt 0.623457 0.000000
vt 0.617284 0.000000
vt 0.611111 0.000000
vt 0.604938 0.000000
vt 0.598765 0.000000
vt 0.592593 0.000000
vt 0.586420 0.000000
vt 0.580247 0.000000
vt 0.574074 0.000000
vt 0.567901 0.000000
vt 0.561728 0.000000
vt 0.549383 0.000000
vt 0.524691 0.000000
vt 0.179012 0.000000
vt 0.172840 0.000000
vt 0.166667 0.000000
vt 0.160494 0.000000
vt 0.154321 0.000000
vt 0.185185 0.000000
vt 0.191358 0.000000
vt 0.197531 0.000000
vt 0.203704 0.000000
vt 0.209877 0.000000
vt 0.216049 0.000000
vt 0.543210 0.000000
vt 0.530864 0.000000
vt 0.518519 0.000000
vt 0.537037 0.000000
vt 0.228395 0.000000
vt 0.512346 0.000000
vt 0.234568 0.000000
vt 0.506173 0.000000
vt 0.240741 0.000000
vt 0.246914 0.000000
vt 0.919753 0.000000
vt 0.932099 0.000000
vt 0.925926 0.000000
vt 0.493827 0.000000
vt 0.938272 0.000000
vt 0.253086 0.000000
vt 0.944444 0.000000
vt 0.913580 0.000000
vt 0.950617 0.000000
vt 0.907407 0.000000
vt 0.487654 0.000000
vt 0.259259 0.000000
vt 0.956790 0.000000
vt 0.759259 0.000000
vt 0.771605 0.000000
vt 0.765432 0.000000
vt 0.901235 0.000000
vt 0.962963 0.000000
vt 0.895062 0.000000
vt 0.783951 0.000000
vt 0.481481 0.000000
vt 0.753086 0.000000
vt 0.969136 0.000000
vt 0.265432 0.000000
vt 0.790123 0.000000
vt 0.746914 0.000000
vt 0.975309 0.000000
vt 0.882716 0.000000
vt 0.796296 0.000000
vt 0.740741 0.000000
vt 0.981481 0.000000
vt 0.876543 0.000000
vt 0.475309 0.000000
vt 0.802469 0.000000
vt 0.271605 0.000000
vt 0.734568 0.000000
vt 0.870370 0.000000
vt 0.987654 0.000000
vt 0.808642 0.000000
vt 0.728395 0.000000
vt 0.864198 0.000000
vt 0.993827 0.000000
vt 0.722222 0.000000
vt 0.814815 0.000000
vt 0.469136 0.000000
vt 0.858025 0.000000
vt 0.277778 0.000000
vt 0.716049 0.000000
vt 0.820988 0.000000
vt 0.851852 0.000000
vt 0.845679 0.000000
vt 0.709877 0.000000
vt 0.827160 0.000000
vt 0.703704 0.000000
vt 0.833333 0.000000
vt 0.462963 0.000000
vt 0.283951 0.000000
vt 0.697531 0.000000
vt 0.839506 0.000000
vt 0.691358 0.000000
vt 0.685185 0.000000
vt 0.290123 0.000000
vt 0.456790 0.000000
vt 0.296296 0.000000
vt 0.450617 0.000000
vt 0.302469 0.000000
vt 0.308642 0.000000
vt 0.438272 0.000000
vt 0.314815 0.000000
vt 0.432099 0.000000
vt 0.320988 0.000000
vt 0.327161 0.000000
vt 0.425926 0.000000
vt 0.419753 0.000000
vt 0.339506 0.000000
vt 0.345679 0.000000
vt 0.413580 0.000000
vt 0.351852 0.000000
vt 0.358025 0.000000
vt 0.364198 0.000000
vt 0.370370 0.000000
vt 0.407407 0.000000
vt 0.376543 0.000000
vt 0.401235 0.000000
vt 0.395062 0.000000
vt 0.388889 0.000000
vt 0.382716 0.000000
vt 0.131579 0.000000
vt 0.144737 0.000000
vt 0.118421 0.000000
vt 0.092105 0.000000
vt 0.171053 0.000000
vt 0.078947 0.000000
vt 0.184211 0.000000
vt 0.065789 0.000000
vt 0.197368 0.000000
vt 0.223684 0.000000
vt 0.039474 0.000000
vt 0.236842 0.000000
vt 0.026316 0.000000
vt 0.013158 0.000000
vt 0.276316 0.000000
vt 0.289474 0.000000
vt 0.986842 0.000000
vt 0.302632 0.000000
vt 0.973684 0.000000
vt 0.960526 0.000000
vt 0.671053 0.000000
vt 0.328947 0.000000
vt 0.934211 0.000000
vt 0.921053 0.000000
vt 0.907895 0.000000
vt 0.657895 0.000000
vt 0.697368 0.000000
vt 0.881579 0.000000
vt 0.710526 0.000000
vt 0.868421 0.000000
vt 0.723684 0.000000
vt 0.855263 0.000000
vt 0.828947 0.000000
vt 0.763158 0.000000
vt 0.776316 0.000000
vt 0.802632 0.000000
vt 0.815789 0.000000
vt 0.644737 0.000000
vt 0.342105 0.000000
vt 0.355263 0.000000
vt 0.618421 0.000000
vt 0.605263 0.000000
vt 0.381579 0.000000
vt 0.592105 0.000000
vt 0.394737 0.000000
vt 0.407895 0.000000
vt 0.565789 0.000000
vt 0.552632 0.000000
vt 0.434211 0.000000
vt 0.539474 0.000000
vt 0.447368 0.000000
vt 0.460526 0.000000
vt 0.513158 0.000000
vt 0.486842 0.000000
vt 0.000000 1.000000
vt 0.020833 1.000000
vt 0.020833 0.000000
vt 0.041667 1.000000
vt 0.041667 0.000000
vt 0.062500 1.000000
vt 0.083333 1.000000
vt 0.083333 0.000000
vt 0.104167 1.000000
vt 0.104167 0.000000
vt 0.125000 1.000000
vt 0.145833 1.000000
vt 0.145833 0.000000
vt 0.166667 1.000000
vt 0.187500 1.000000
vt 0.208333 1.000000
vt 0.208333 0.000000
vt 0.229167 1.000000
vt 0.229167 0.000000
vt 0.250000 1.000000
vt 0.270833 1.000000
vt 0.270833 0.000000
vt 0.291667 1.000000
vt 0.291667 0.000000
vt 0.312500 1.000000
vt 0.333333 1.000000
vt 0.354167 1.000000
vt 0.354167 0.000000
vt 0.375000 1.000000
vt 0.395833 1.000000
vt 0.395833 0.000000
vt 0.416667 1.000000
vt 0.416667 0.000000
vt 0.437500 1.000000
vt 0.458333 1.000000
vt 0.458333 0.000000
vt 0.479167 1.000000
vt 0.479167 0.000000
vt 0.500000 1.000000
vt 0.520833 1.000000
vt 0.520833 0.000000
vt 0.541667 1.000000
vt 0.541667 0.000000
vt 0.562500 1.000000
vt 0.583333 1.000000
vt 0.583333 0.000000
vt 0.604167 1.000000
vt 0.604167 0.000000
vt 0.625000 1.000000
vt 0.645833 1.000000
vt 0.645833 0.000000
vt 0.666667 1.000000
vt 0.687500 1.000000
vt 0.708333 1.000000
vt 0.708333 0.000000
vt 0.729167 1.000000
vt 0.729167 0.000000
vt 0.750000 1.000000
vt 0.770833 1.000000
vt 0.770833 0.000000
vt 0.791667 1.000000
vt 0.791667 0.000000
vt 0.812500 1.000000
vt 0.833333 1.000000
vt 0.854167 1.000000
vt 0.854167 0.000000
vt 0.875000 1.000000
vt 0.895833 1.000000
vt 0.895833 0.000000
vt 0.916667 1.000000
vt 0.916667 0.000000
vt 0.937500 1.000000
vt 0.958333 1.000000
vt 0.958333 0.000000
vt 0.979167 1.000000
vt 0.979167 0.000000
vt 1.000000 1.000000
vt 0.016129 1.000000
vt 0.016129 0.000000
vt 0.032258 1.000000
vt 0.032258 0.000000
vt 0.048387 1.000000
vt 0.048387 0.000000
vt 0.064516 1.000000
vt 0.064516 0.000000
vt 0.080645 1.000000
vt 0.080645 0.000000
vt 0.096774 1.000000
vt 0.096774 0.000000
vt 0.112903 1.000000
vt 0.112903 0.000000
vt 0.129032 1.000000
vt 0.129032 0.000000
vt 0.145161 1.000000
vt 0.145161 0.000000
vt 0.161290 1.000000
vt 0.161290 0.000000
vt 0.177419 1.000000
vt 0.177419 0.000000
vt 0.193548 1.000000
vt 0.193548 0.000000
vt 0.209677 1.000000
vt 0.209677 0.000000
vt 0.225806 1.000000
vt 0.225806 0.000000
vt 0.241935 1.000000
vt 0.241935 0.000000
vt 0.258065 1.000000
vt 0.258065 0.000000
vt 0.274194 1.000000
vt 0.274194 0.000000
vt 0.290323 1.000000
vt 0.290323 0.000000
vt 0.306452 1.000000
vt 0.306452 0.000000
vt 0.322581 1.000000
vt 0.322581 0.000000
vt 0.338710 1.000000
vt 0.338710 0.000000
vt 0.354839 1.000000
vt 0.354839 0.000000
vt 0.370968 1.000000
vt 0.370968 0.000000
vt 0.387097 1.000000
vt 0.387097 0.000000
vt 0.403226 1.000000
vt 0.403226 0.000000
vt 0.419355 1.000000
vt 0.419355 0.000000
vt 0.435484 1.000000
vt 0.435484 0.000000
vt 0.451613 1.000000
vt 0.451613 0.000000
vt 0.467742 1.000000
vt 0.467742 0.000000
vt 0.483871 1.000000
vt 0.483871 0.000000
vt 0.516129 1.000000
vt 0.516129 0.000000
vt 0.532258 1.000000
vt 0.532258 0.000000
vt 0.548387 1.000000
vt 0.548387 0.000000
vt 0.564516 1.000000
vt 0.564516 0.000000
vt 0.580645 1.000000
vt 0.580645 0.000000
vt 0.596774 1.000000
vt 0.596774 0.000000
vt 0.612903 1.000000
vt 0.612903 0.000000
vt 0.629032 1.000000
vt 0.629032 0.000000
vt 0.645161 1.000000
vt 0.645161 0.000000
vt 0.661290 1.000000
vt 0.661290 0.000000
vt 0.677419 1.000000
vt 0.677419 0.000000
vt 0.693548 1.000000
vt 0.693548 0.000000
vt 0.709677 1.000000
vt 0.709677 0.000000
vt 0.725806 1.000000
vt 0.725806 0.000000
vt 0.741935 1.000000
vt 0.741935 0.000000
vt 0.758065 1.000000
vt 0.758065 0.000000
vt 0.774194 1.000000
vt 0.774194 0.000000
vt 0.790323 1.000000
vt 0.790323 0.000000
vt 0.806452 1.000000
vt 0.806452 0.000000
vt 0.822581 1.000000
vt 0.822581 0.000000
vt 0.838710 1.000000
vt 0.838710 0.000000
vt 0.854839 1.000000
vt 0.854839 0.000000
vt 0.870968 1.000000
vt 0.870968 0.000000
vt 0.887097 1.000000
vt 0.887097 0.000000
vt 0.903226 1.000000
vt 0.903226 0.000000
vt 0.919355 1.000000
vt 0.919355 0.000000
vt 0.935484 1.000000
vt 0.935484 0.000000
vt 0.951613 1.000000
vt 0.951613 0.000000
vt 0.967742 1.000000
vt 0.967742 0.000000
vt 0.983871 1.000000
vt 0.983871 0.000000
vt 0.020000 1.000000
vt 0.020000 0.000000
vt 0.040000 1.000000
vt 0.040000 0.000000
vt 0.060000 1.000000
vt 0.060000 0.000000
vt 0.080000 1.000000
vt 0.080000 0.000000
vt 0.100000 1.000000
vt 0.100000 0.000000
vt 0.120000 1.000000
vt 0.120000 0.000000
vt 0.140000 1.000000
vt 0.140000 0.000000
vt 0.160000 1.000000
vt 0.160000 0.000000
vt 0.180000 1.000000
vt 0.180000 0.000000
vt 0.200000 1.000000
vt 0.200000 0.000000
vt 0.220000 1.000000
vt 0.220000 0.000000
vt 0.240000 1.000000
vt 0.240000 0.000000
vt 0.260000 1.000000
vt 0.260000 0.000000
vt 0.280000 1.000000
vt 0.280000 0.000000
vt 0.300000 1.000000
vt 0.300000 0.000000
vt 0.320000 1.000000
vt 0.320000 0.000000
vt 0.340000 1.000000
vt 0.340000 0.000000
vt 0.360000 1.000000
vt 0.360000 0.000000
vt 0.380000 1.000000
vt 0.380000 0.000000
vt 0.400000 1.000000
vt 0.400000 0.000000
vt 0.420000 1.000000
vt 0.420000 0.000000
vt 0.440000 1.000000
vt 0.440000 0.000000
vt 0.460000 1.000000
vt 0.460000 0.000000
vt 0.480000 1.000000
vt 0.480000 0.000000
vt 0.520000 1.000000
vt 0.520000 0.000000
vt 0.540000 1.000000
vt 0.540000 0.000000
vt 0.560000 1.000000
vt 0.560000 0.000000
vt 0.580000 1.000000
vt 0.580000 0.000000
vt 0.600000 1.000000
vt 0.600000 0.000000
vt 0.620000 1.000000
vt 0.620000 0.000000
vt 0.640000 1.000000
vt 0.640000 0.000000
vt 0.660000 1.000000
vt 0.660000 0.000000
vt 0.680000 1.000000
vt 0.680000 0.000000
vt 0.700000 1.000000
vt 0.700000 0.000000
vt 0.720000 1.000000
vt 0.720000 0.000000
vt 0.740000 1.000000
vt 0.740000 0.000000
vt 0.760000 1.000000
vt 0.760000 0.000000
vt 0.780000 1.000000
vt 0.780000 0.000000
vt 0.800000 1.000000
vt 0.800000 0.000000
vt 0.820000 1.000000
vt 0.820000 0.000000
vt 0.840000 1.000000
vt 0.840000 0.000000
vt 0.860000 1.000000
vt 0.860000 0.000000
vt 0.880000 1.000000
vt 0.880000 0.000000
vt 0.900000 1.000000
vt 0.900000 0.000000
vt 0.920000 1.000000
vt 0.920000 0.000000
vt 0.940000 1.000000
vt 0.940000 0.000000
vt 0.960000 1.000000
vt 0.960000 0.000000
vt 0.980000 1.000000
vt 0.980000 0.000000
vt 0.010204 1.000000
vt 0.010204 0.000000
vt 0.020408 1.000000
vt 0.020408 0.000000
vt 0.030612 1.000000
vt 0.030612 0.000000
vt 0.040816 1.000000
vt 0.040816 0.000000
vt 0.051020 1.000000
vt 0.051020 0.000000
vt 0.061224 1.000000
vt 0.061224 0.000000
vt 0.071429 1.000000
vt 0.071429 0.000000
vt 0.081633 1.000000
vt 0.081633 0.000000
vt 0.091837 1.000000
vt 0.091837 0.000000
vt 0.102041 1.000000
vt 0.102041 0.000000
vt 0.112245 1.000000
vt 0.112245 0.000000
vt 0.122449 1.000000
vt 0.122449 0.000000
vt 0.132653 1.000000
vt 0.132653 0.000000
vt 0.142857 1.000000
vt 0.142857 0.000000
vt 0.153061 1.000000
vt 0.153061 0.000000
vt 0.163265 1.000000
vt 0.163265 0.000000
vt 0.173469 1.000000
vt 0.173469 0.000000
vt 0.183673 1.000000
vt 0.183673 0.000000
vt 0.193878 1.000000
vt 0.193878 0.000000
vt 0.204082 1.000000
vt 0.204082 0.000000
vt 0.214286 1.000000
vt 0.214286 0.000000
vt 0.224490 1.000000
vt 0.224490 0.000000
vt 0.234694 1.000000
vt 0.234694 0.000000
vt 0.244898 1.000000
vt 0.244898 0.000000
vt 0.255102 1.000000
vt 0.255102 0.000000
vt 0.265306 1.000000
vt 0.265306 0.000000
vt 0.275510 1.000000
vt 0.275510 0.000000
vt 0.285714 1.000000
vt 0.285714 0.000000
vt 0.295918 1.000000
vt 0.295918 0.000000
vt 0.306122 1.000000
vt 0.306122 0.000000
vt 0.316327 1.000000
vt 0.316327 0.000000
vt 0.326531 1.000000
vt 0.326531 0.000000
vt 0.336735 1.000000
vt 0.336735 0.000000
vt 0.346939 1.000000
vt 0.346939 0.000000
vt 0.357143 1.000000
vt 0.357143 0.000000
vt 0.367347 1.000000
vt 0.367347 0.000000
vt 0.377551 1.000000
vt 0.377551 0.000000
vt 0.387755 1.000000
vt 0.387755 0.000000
vt 0.397959 1.000000
vt 0.397959 0.000000
vt 0.408163 1.000000
vt 0.408163 0.000000
vt 0.418367 1.000000
vt 0.418367 0.000000
vt 0.428571 1.000000
vt 0.428571 0.000000
vt 0.438776 1.000000
vt 0.438776 0.000000
vt 0.448980 1.000000
vt 0.448980 0.000000
vt 0.459184 1.000000
vt 0.459184 0.000000
vt 0.469388 1.000000
vt 0.469388 0.000000
vt 0.479592 1.000000
vt 0.479592 0.000000
vt 0.489796 1.000000
vt 0.489796 0.000000
vt 0.510204 1.000000
vt 0.510204 0.000000
vt 0.520408 1.000000
vt 0.520408 0.000000
vt 0.530612 1.000000
vt 0.530612 0.000000
vt 0.540816 1.000000
vt 0.540816 0.000000
vt 0.551020 1.000000
vt 0.551020 0.000000
vt 0.561224 1.000000
vt 0.561224 0.000000
vt 0.571429 1.000000
vt 0.571429 0.000000
vt 0.581633 1.000000
vt 0.581633 0.000000
vt 0.591837 1.000000
vt 0.591837 0.000000
vt 0.602041 1.000000
vt 0.602041 0.000000
vt 0.612245 1.000000
vt 0.612245 0.000000
vt 0.622449 1.000000
vt 0.622449 0.000000
vt 0.632653 1.000000
vt 0.632653 0.000000
vt 0.642857 1.000000
vt 0.642857 0.000000
vt 0.653061 1.000000
vt 0.653061 0.000000
vt 0.663265 1.000000
vt 0.663265 0.000000
vt 0.673469 1.000000
vt 0.673469 0.000000
vt 0.683673 1.000000
vt 0.683673 0.000000
vt 0.693878 1.000000
vt 0.693878 0.000000
vt 0.704082 1.000000
vt 0.704082 0.000000
vt 0.714286 1.000000
vt 0.714286 0.000000
vt 0.724490 1.000000
vt 0.724490 0.000000
vt 0.734694 1.000000
vt 0.734694 0.000000
vt 0.744898 1.000000
vt 0.744898 0.000000
vt 0.755102 1.000000
vt 0.755102 0.000000
vt 0.765306 1.000000
vt 0.765306 0.000000
vt 0.775510 1.000000
vt 0.775510 0.000000
vt 0.785714 1.000000
vt 0.785714 0.000000
vt 0.795918 1.000000
vt 0.795918 0.000000
vt 0.806122 1.000000
vt 0.806122 0.000000
vt 0.816327 1.000000
vt 0.816327 0.000000
vt 0.826531 1.000000
vt 0.826531 0.000000
vt 0.836735 1.000000
vt 0.836735 0.000000
vt 0.846939 1.000000
vt 0.846939 0.000000
vt 0.857143 1.000000
vt 0.857143 0.000000
vt 0.867347 1.000000
vt 0.867347 0.000000
vt 0.877551 1.000000
vt 0.877551 0.000000
vt 0.887755 1.000000
vt 0.887755 0.000000
vt 0.897959 1.000000
vt 0.897959 0.000000
vt 0.908163 1.000000
vt 0.908163 0.000000
vt 0.918367 1.000000
vt 0.918367 0.000000
vt 0.928571 1.000000
vt 0.928571 0.000000
vt 0.938776 1.000000
vt 0.938776 0.000000
vt 0.948980 1.000000
vt 0.948980 0.000000
vt 0.959184 1.000000
vt 0.959184 0.000000
vt 0.969388 1.000000
vt 0.969388 0.000000
vt 0.979592 1.000000
vt 0.979592 0.000000
vt 0.989796 1.000000
vt 0.989796 0.000000
vt 0.013514 1.000000
vt 0.013514 0.000000
vt 0.027027 1.000000
vt 0.027027 0.000000
vt 0.040541 1.000000
vt 0.040541 0.000000
vt 0.054054 1.000000
vt 0.054054 0.000000
vt 0.067568 1.000000
vt 0.067568 0.000000
vt 0.081081 1.000000
vt 0.081081 0.000000
vt 0.094595 1.000000
vt 0.094595 0.000000
vt 0.108108 1.000000
vt 0.108108 0.000000
vt 0.121622 1.000000
vt 0.121622 0.000000
vt 0.135135 1.000000
vt 0.135135 0.000000
vt 0.148649 1.000000
vt 0.148649 0.000000
vt 0.162162 1.000000
vt 0.162162 0.000000
vt 0.175676 1.000000
vt 0.175676 0.000000
vt 0.189189 1.000000
vt 0.189189 0.000000
vt 0.202703 1.000000
vt 0.202703 0.000000
vt 0.216216 1.000000
vt 0.216216 0.000000
vt 0.229730 1.000000
vt 0.229730 0.000000
vt 0.243243 1.000000
vt 0.243243 0.000000
vt 0.256757 1.000000
vt 0.256757 0.000000
vt 0.270270 1.000000
vt 0.270270 0.000000
vt 0.283784 1.000000
vt 0.283784 0.000000
vt 0.297297 1.000000
vt 0.297297 0.000000
vt 0.310811 1.000000
vt 0.310811 0.000000
vt 0.324324 1.000000
vt 0.324324 0.000000
vt 0.337838 1.000000
vt 0.337838 0.000000
vt 0.351351 1.000000
vt 0.351351 0.000000
vt 0.364865 1.000000
vt 0.364865 0.000000
vt 0.378378 1.000000
vt 0.378378 0.000000
vt 0.391892 1.000000
vt 0.391892 0.000000
vt 0.405405 1.000000
vt 0.405405 0.000000
vt 0.418919 1.000000
vt 0.418919 0.000000
vt 0.432432 1.000000
vt 0.432432 0.000000
vt 0.445946 1.000000
vt 0.445946 0.000000
vt 0.459459 1.000000
vt 0.459459 0.000000
vt 0.472973 1.000000
vt 0.472973 0.000000
vt 0.486486 1.000000
vt 0.486486 0.000000
vt 0.513514 1.000000
vt 0.513514 0.000000
vt 0.527027 1.000000
vt 0.527027 0.000000
vt 0.540541 1.000000
vt 0.540541 0.000000
vt 0.554054 1.000000
vt 0.554054 0.000000
vt 0.567568 1.000000
vt 0.567568 0.000000
vt 0.581081 1.000000
vt 0.581081 0.000000
vt 0.594595 1.000000
vt 0.594595 0.000000
vt 0.608108 1.000000
vt 0.608108 0.000000
vt 0.621622 1.000000
vt 0.621622 0.000000
vt 0.635135 1.000000
vt 0.635135 0.000000
vt 0.648649 1.000000
vt 0.648649 0.000000
vt 0.662162 1.000000
vt 0.662162 0.000000
vt 0.675676 1.000000
vt 0.675676 0.000000
vt 0.689189 1.000000
vt 0.689189 0.000000
vt 0.702703 1.000000
vt 0.702703 0.000000
vt 0.716216 1.000000
vt 0.716216 0.000000
vt 0.729730 1.000000
vt 0.729730 0.000000
vt 0.743243 1.000000
vt 0.743243 0.000000
vt 0.756757 1.000000
vt 0.756757 0.000000
vt 0.770270 1.000000
vt 0.770270 0.000000
vt 0.783784 1.000000
vt 0.783784 0.000000
vt 0.797297 1.000000
vt 0.797297 0.000000
vt 0.810811 1.000000
vt 0.810811 0.000000
vt 0.824324 1.000000
vt 0.824324 0.000000
vt 0.837838 1.000000
vt 0.837838 0.000000
vt 0.851351 1.000000
vt 0.851351 0.000000
vt 0.864865 1.000000
vt 0.864865 0.000000
vt 0.878378 1.000000
vt 0.878378 0.000000
vt 0.891892 1.000000
vt 0.891892 0.000000
vt 0.905405 1.000000
vt 0.905405 0.000000
vt 0.918919 1.000000
vt 0.918919 0.000000
vt 0.932432 1.000000
vt 0.932432 0.000000
vt 0.945946 1.000000
vt 0.945946 0.000000
vt 0.959459 1.000000
vt 0.959459 0.000000
vt 0.972973 1.000000
vt 0.972973 0.000000
vt 0.986486 1.000000
vt 0.986486 0.000000
vt 0.012987 1.000000
vt 0.012987 0.000000
vt 0.025974 1.000000
vt 0.025974 0.000000
vt 0.038961 1.000000
vt 0.038961 0.000000
vt 0.051948 1.000000
vt 0.051948 0.000000
vt 0.064935 1.000000
vt 0.064935 0.000000
vt 0.077922 1.000000
vt 0.077922 0.000000
vt 0.090909 1.000000
vt 0.090909 0.000000
vt 0.103896 1.000000
vt 0.103896 0.000000
vt 0.116883 1.000000
vt 0.116883 0.000000
vt 0.129870 1.000000
vt 0.129870 0.000000
vt 0.155844 1.000000
vt 0.155844 0.000000
vt 0.168831 1.000000
vt 0.168831 0.000000
vt 0.181818 1.000000
vt 0.181818 0.000000
vt 0.194805 1.000000
vt 0.194805 0.000000
vt 0.207792 1.000000
vt 0.207792 0.000000
vt 0.220779 1.000000
vt 0.220779 0.000000
vt 0.233766 1.000000
vt 0.233766 0.000000
vt 0.246753 1.000000
vt 0.246753 0.000000
vt 0.259740 1.000000
vt 0.259740 0.000000
vt 0.272727 1.000000
vt 0.272727 0.000000
vt 0.298701 1.000000
vt 0.298701 0.000000
vt 0.311688 1.000000
vt 0.311688 0.000000
vt 0.324675 1.000000
vt 0.324675 0.000000
vt 0.337662 1.000000
vt 0.337662 0.000000
vt 0.350649 1.000000
vt 0.350649 0.000000
vt 0.363636 1.000000
vt 0.363636 0.000000
vt 0.376623 1.000000
vt 0.376623 0.000000
vt 0.389610 1.000000
vt 0.389610 0.000000
vt 0.402597 1.000000
vt 0.402597 0.000000
vt 0.415584 1.000000
vt 0.415584 0.000000
vt 0.441558 1.000000
vt 0.441558 0.000000
vt 0.454545 1.000000
vt 0.454545 0.000000
vt 0.467532 1.000000
vt 0.467532 0.000000
vt 0.480519 1.000000
vt 0.480519 0.000000
vt 0.493506 1.000000
vt 0.493506 0.000000
vt 0.506494 1.000000
vt 0.506494 0.000000
vt 0.519481 1.000000
vt 0.519481 0.000000
vt 0.532468 1.000000
vt 0.532468 0.000000
vt 0.545455 1.000000
vt 0.545455 0.000000
vt 0.558442 1.000000
vt 0.558442 0.000000
vt 0.584416 1.000000
vt 0.584416 0.000000
vt 0.597403 1.000000
vt 0.597403 0.000000
vt 0.610390 1.000000
vt 0.610390 0.000000
vt 0.623377 1.000000
vt 0.623377 0.000000
vt 0.636364 1.000000
vt 0.636364 0.000000
vt 0.649351 1.000000
vt 0.649351 0.000000
vt 0.662338 1.000000
vt 0.662338 0.000000
vt 0.675325 1.000000
vt 0.675325 0.000000
vt 0.688312 1.000000
vt 0.688312 0.000000
vt 0.701299 1.000000
vt 0.701299 0.000000
vt 0.727273 1.000000
vt 0.727273 0.000000
vt 0.740260 1.000000
vt 0.740260 0.000000
vt 0.753247 1.000000
vt 0.753247 0.000000
vt 0.766234 1.000000
vt 0.766234 0.000000
vt 0.779221 1.000000
vt 0.779221 0.000000
vt 0.792208 1.000000
vt 0.792208 0.000000
vt 0.805195 1.000000
vt 0.805195 0.000000
vt 0.818182 1.000000
vt 0.818182 0.000000
vt 0.831169 1.000000
vt 0.831169 0.000000
vt 0.844156 1.000000
vt 0.844156 0.000000
vt 0.870130 1.000000
vt 0.870130 0.000000
vt 0.883117 1.000000
vt 0.883117 0.000000
vt 0.896104 1.000000
vt 0.896104 0.000000
vt 0.909091 1.000000
vt 0.909091 0.000000
vt 0.922078 1.000000
vt 0.922078 0.000000
vt 0.935065 1.000000
vt 0.935065 0.000000
vt 0.948052 1.000000
vt 0.948052 0.000000
vt 0.961039 1.000000
vt 0.961039 0.000000
vt 0.974026 1.000000
vt 0.974026 0.000000
vt 0.987013 1.000000
vt 0.987013 0.000000
vt 0.009009 1.000000
vt 0.009009 0.000000
vt 0.018018 1.000000
vt 0.018018 0.000000
vt 0.036036 1.000000
vt 0.036036 0.000000
vt 0.045045 1.000000
vt 0.045045 0.000000
vt 0.063063 1.000000
vt 0.063063 0.000000
vt 0.072072 1.000000
vt 0.072072 0.000000
vt 0.090090 1.000000
vt 0.090090 0.000000
vt 0.099099 1.000000
vt 0.099099 0.000000
vt 0.117117 1.000000
vt 0.117117 0.000000
vt 0.126126 1.000000
vt 0.126126 0.000000
vt 0.144144 1.000000
vt 0.144144 0.000000
vt 0.153153 1.000000
vt 0.153153 0.000000
vt 0.171171 1.000000
vt 0.171171 0.000000
vt 0.180180 1.000000
vt 0.180180 0.000000
vt 0.198198 1.000000
vt 0.198198 0.000000
vt 0.207207 1.000000
vt 0.207207 0.000000
vt 0.225225 1.000000
vt 0.225225 0.000000
vt 0.234234 1.000000
vt 0.234234 0.000000
vt 0.252252 1.000000
vt 0.252252 0.000000
vt 0.261261 1.000000
vt 0.261261 0.000000
vt 0.279279 1.000000
vt 0.279279 0.000000
vt 0.288288 1.000000
vt 0.288288 0.000000
vt 0.306306 1.000000
vt 0.306306 0.000000
vt 0.315315 1.000000
vt 0.315315 0.000000
vt 0.342342 1.000000
vt 0.342342 0.000000
vt 0.360360 1.000000
vt 0.360360 0.000000
vt 0.369369 1.000000
vt 0.369369 0.000000
vt 0.387387 1.000000
vt 0.387387 0.000000
vt 0.396396 1.000000
vt 0.396396 0.000000
vt 0.414414 1.000000
vt 0.414414 0.000000
vt 0.423423 1.000000
vt 0.423423 0.000000
vt 0.441441 1.000000
vt 0.441441 0.000000
vt 0.450450 1.000000
vt 0.450450 0.000000
vt 0.468468 1.000000
vt 0.468468 0.000000
vt 0.477477 1.000000
vt 0.477477 0.000000
vt 0.495495 1.000000
vt 0.495495 0.000000
vt 0.504505 1.000000
vt 0.504505 0.000000
vt 0.522523 1.000000
vt 0.522523 0.000000
vt 0.531532 1.000000
vt 0.531532 0.000000
vt 0.549550 1.000000
vt 0.549550 0.000000
vt 0.558559 1.000000
vt 0.558559 0.000000
vt 0.576577 1.000000
vt 0.576577 0.000000
vt 0.585586 1.000000
vt 0.585586 0.000000
vt 0.603604 1.000000
vt 0.603604 0.000000
vt 0.612613 1.000000
vt 0.612613 0.000000
vt 0.630631 1.000000
vt 0.630631 0.000000
vt 0.639640 1.000000
vt 0.639640 0.000000
vt 0.657658 1.000000
vt 0.657658 0.000000
vt 0.684685 1.000000
vt 0.684685 0.000000
vt 0.693694 1.000000
vt 0.693694 0.000000
vt 0.711712 1.000000
vt 0.711712 0.000000
vt 0.720721 1.000000
vt 0.720721 0.000000
vt 0.738739 1.000000
vt 0.738739 0.000000
vt 0.747748 1.000000
vt 0.747748 0.000000
vt 0.765766 1.000000
vt 0.765766 0.000000
vt 0.774775 1.000000
vt 0.774775 0.000000
vt 0.792793 1.000000
vt 0.792793 0.000000
vt 0.801802 1.000000
vt 0.801802 0.000000
vt 0.819820 1.000000
vt 0.819820 0.000000
vt 0.828829 1.000000
vt 0.828829 0.000000
vt 0.846847 1.000000
vt 0.846847 0.000000
vt 0.855856 1.000000
vt 0.855856 0.000000
vt 0.873874 1.000000
vt 0.873874 0.000000
vt 0.882883 1.000000
vt 0.882883 0.000000
vt 0.900901 1.000000
vt 0.900901 0.000000
vt 0.909910 1.000000
vt 0.909910 0.000000
vt 0.927928 1.000000
vt 0.927928 0.000000
vt 0.936937 1.000000
vt 0.936937 0.000000
vt 0.954955 1.000000
vt 0.954955 0.000000
vt 0.963964 1.000000
vt 0.963964 0.000000
vt 0.981982 1.000000
vt 0.981982 0.000000
vt 0.990991 1.000000
vt 0.990991 0.000000
vt 0.038462 1.000000
vt 0.038462 0.000000
vt 0.076923 1.000000
vt 0.115385 1.000000
vt 0.115385 0.000000
vt 0.153846 1.000000
vt 0.192308 1.000000
vt 0.192308 0.000000
vt 0.230769 1.000000
vt 0.269231 1.000000
vt 0.269231 0.000000
vt 0.307692 1.000000
vt 0.346154 1.000000
vt 0.346154 0.000000
vt 0.384615 1.000000
vt 0.423077 1.000000
vt 0.423077 0.000000
vt 0.461538 1.000000
vt 0.538462 1.000000
vt 0.576923 1.000000
vt 0.576923 0.000000
vt 0.615385 1.000000
vt 0.653846 1.000000
vt 0.653846 0.000000
vt 0.692308 1.000000
vt 0.730769 1.000000
vt 0.730769 0.000000
vt 0.769231 1.000000
vt 0.807692 1.000000
vt 0.807692 0.000000
vt 0.846154 1.000000
vt 0.884615 1.000000
vt 0.884615 0.000000
vt 0.923077 1.000000
vt 0.961538 1.000000
vt 0.961538 0.000000
vt 0.019231 1.000000
vt 0.019231 0.000000
vt 0.057692 1.000000
vt 0.057692 0.000000
vt 0.096154 1.000000
vt 0.096154 0.000000
vt 0.134615 1.000000
vt 0.134615 0.000000
vt 0.173077 1.000000
vt 0.173077 0.000000
vt 0.211538 1.000000
vt 0.211538 0.000000
vt 0.288462 1.000000
vt 0.288462 0.000000
vt 0.326923 1.000000
vt 0.326923 0.000000
vt 0.365385 1.000000
vt 0.365385 0.000000
vt 0.403846 1.000000
vt 0.403846 0.000000
vt 0.442308 1.000000
vt 0.442308 0.000000
vt 0.480769 1.000000
vt 0.480769 0.000000
vt 0.519231 1.000000
vt 0.519231 0.000000
vt 0.557692 1.000000
vt 0.557692 0.000000
vt 0.596154 1.000000
vt 0.596154 0.000000
vt 0.634615 1.000000
vt 0.634615 0.000000
vt 0.673077 1.000000
vt 0.673077 0.000000
vt 0.711538 1.000000
vt 0.711538 0.000000
vt 0.788462 1.000000
vt 0.788462 0.000000
vt 0.826923 1.000000
vt 0.826923 0.000000
vt 0.865385 1.000000
vt 0.865385 0.000000
vt 0.903846 1.000000
vt 0.903846 0.000000
vt 0.942308 1.000000
vt 0.942308 0.000000
vt 0.980769 1.000000
vt 0.980769 0.000000
vt 0.015873 1.000000
vt 0.015873 0.000000
vt 0.031746 1.000000
vt 0.031746 0.000000
vt 0.047619 1.000000
vt 0.047619 0.000000
vt 0.063492 1.000000
vt 0.063492 0.000000
vt 0.079365 1.000000
vt 0.079365 0.000000
vt 0.095238 1.000000
vt 0.095238 0.000000
vt 0.111111 1.000000
vt 0.126984 1.000000
vt 0.126984 0.000000
vt 0.158730 1.000000
vt 0.158730 0.000000
vt 0.174603 1.000000
vt 0.174603 0.000000
vt 0.190476 1.000000
vt 0.190476 0.000000
vt 0.206349 1.000000
vt 0.206349 0.000000
vt 0.222222 1.000000
vt 0.238095 1.000000
vt 0.238095 0.000000
vt 0.253968 1.000000
vt 0.253968 0.000000
vt 0.269841 1.000000
vt 0.269841 0.000000
vt 0.301587 1.000000
vt 0.301587 0.000000
vt 0.317460 1.000000
vt 0.317460 0.000000
vt 0.349206 1.000000
vt 0.349206 0.000000
vt 0.365079 1.000000
vt 0.365079 0.000000
vt 0.380952 1.000000
vt 0.380952 0.000000
vt 0.396825 1.000000
vt 0.396825 0.000000
vt 0.412698 1.000000
vt 0.412698 0.000000
vt 0.444444 1.000000
vt 0.460317 1.000000
vt 0.460317 0.000000
vt 0.476190 1.000000
vt 0.476190 0.000000
vt 0.492063 1.000000
vt 0.492063 0.000000
vt 0.507937 1.000000
vt 0.507937 0.000000
vt 0.523810 1.000000
vt 0.523810 0.000000
vt 0.539683 1.000000
vt 0.539683 0.000000
vt 0.555556 1.000000
vt 0.587302 1.000000
vt 0.587302 0.000000
vt 0.603175 1.000000
vt 0.603175 0.000000
vt 0.619048 1.000000
vt 0.619048 0.000000
vt 0.634921 1.000000
vt 0.634921 0.000000
vt 0.650794 1.000000
vt 0.650794 0.000000
vt 0.682540 1.000000
vt 0.682540 0.000000
vt 0.698413 1.000000
vt 0.698413 0.000000
vt 0.730159 1.000000
vt 0.730159 0.000000
vt 0.746032 1.000000
vt 0.746032 0.000000
vt 0.761905 1.000000
vt 0.761905 0.000000
vt 0.777778 1.000000
vt 0.793651 1.000000
vt 0.793651 0.000000
vt 0.809524 1.000000
vt 0.809524 0.000000
vt 0.825397 1.000000
vt 0.825397 0.000000
vt 0.841270 1.000000
vt 0.841270 0.000000
vt 0.873016 1.000000
vt 0.873016 0.000000
vt 0.888889 1.000000
vt 0.904762 1.000000
vt 0.904762 0.000000
vt 0.920635 1.000000
vt 0.920635 0.000000
vt 0.936508 1.000000
vt 0.936508 0.000000
vt 0.952381 1.000000
vt 0.952381 0.000000
vt 0.968254 1.000000
vt 0.968254 0.000000
vt 0.984127 1.000000
vt 0.984127 0.000000
vt 0.005405 1.000000
vt 0.005405 0.000000
vt 0.010811 1.000000
vt 0.010811 0.000000
vt 0.016216 1.000000
vt 0.016216 0.000000
vt 0.021622 1.000000
vt 0.021622 0.000000
vt 0.032432 1.000000
vt 0.032432 0.000000
vt 0.037838 1.000000
vt 0.037838 0.000000
vt 0.043243 1.000000
vt 0.043243 0.000000
vt 0.048649 1.000000
vt 0.048649 0.000000
vt 0.059459 1.000000
vt 0.059459 0.000000
vt 0.064865 1.000000
vt 0.064865 0.000000
vt 0.070270 1.000000
vt 0.070270 0.000000
vt 0.075676 1.000000
vt 0.075676 0.000000
vt 0.086486 1.000000
vt 0.086486 0.000000
vt 0.091892 1.000000
vt 0.091892 0.000000
vt 0.097297 1.000000
vt 0.097297 0.000000
vt 0.102703 1.000000
vt 0.102703 0.000000
vt 0.113514 1.000000
vt 0.113514 0.000000
vt 0.118919 1.000000
vt 0.118919 0.000000
vt 0.124324 1.000000
vt 0.124324 0.000000
vt 0.129730 1.000000
vt 0.129730 0.000000
vt 0.140541 1.000000
vt 0.140541 0.000000
vt 0.145946 1.000000
vt 0.145946 0.000000
vt 0.151351 1.000000
vt 0.151351 0.000000
vt 0.156757 1.000000
vt 0.156757 0.000000
vt 0.167568 1.000000
vt 0.167568 0.000000
vt 0.172973 1.000000
vt 0.172973 0.000000
vt 0.178378 1.000000
vt 0.178378 0.000000
vt 0.183784 1.000000
vt 0.183784 0.000000
vt 0.194595 1.000000
vt 0.194595 0.000000
vt 0.205405 1.000000
vt 0.205405 0.000000
vt 0.210811 1.000000
vt 0.210811 0.000000
vt 0.221622 1.000000
vt 0.221622 0.000000
vt 0.227027 1.000000
vt 0.227027 0.000000
vt 0.232432 1.000000
vt 0.232432 0.000000
vt 0.237838 1.000000
vt 0.237838 0.000000
vt 0.248649 1.000000
vt 0.248649 0.000000
vt 0.254054 1.000000
vt 0.254054 0.000000
vt 0.259459 1.000000
vt 0.259459 0.000000
vt 0.264865 1.000000
vt 0.264865 0.000000
vt 0.275676 1.000000
vt 0.275676 0.000000
vt 0.281081 1.000000
vt 0.281081 0.000000
vt 0.286486 1.000000
vt 0.286486 0.000000
vt 0.291892 1.000000
vt 0.291892 0.000000
vt 0.302703 1.000000
vt 0.302703 0.000000
vt 0.308108 1.000000
vt 0.308108 0.000000
vt 0.313514 1.000000
vt 0.313514 0.000000
vt 0.318919 1.000000
vt 0.318919 0.000000
vt 0.329730 1.000000
vt 0.329730 0.000000
vt 0.335135 1.000000
vt 0.335135 0.000000
vt 0.340541 1.000000
vt 0.340541 0.000000
vt 0.345946 1.000000
vt 0.345946 0.000000
vt 0.356757 1.000000
vt 0.356757 0.000000
vt 0.362162 1.000000
vt 0.362162 0.000000
vt 0.367568 1.000000
vt 0.367568 0.000000
vt 0.372973 1.000000
vt 0.372973 0.000000
vt 0.383784 1.000000
vt 0.383784 0.000000
vt 0.389189 1.000000
vt 0.389189 0.000000
vt 0.394595 1.000000
vt 0.394595 0.000000
vt 0.410811 1.000000
vt 0.410811 0.000000
vt 0.416216 1.000000
vt 0.416216 0.000000
vt 0.421622 1.000000
vt 0.421622 0.000000
vt 0.427027 1.000000
vt 0.427027 0.000000
vt 0.437838 1.000000
vt 0.437838 0.000000
vt 0.443243 1.000000
vt 0.443243 0.000000
vt 0.448649 1.000000
vt 0.448649 0.000000
vt 0.454054 1.000000
vt 0.454054 0.000000
vt 0.464865 1.000000
vt 0.464865 0.000000
vt 0.470270 1.000000
vt 0.470270 0.000000
vt 0.475676 1.000000
vt 0.475676 0.000000
vt 0.481081 1.000000
vt 0.481081 0.000000
vt 0.491892 1.000000
vt 0.491892 0.000000
vt 0.497297 1.000000
vt 0.497297 0.000000
vt 0.502703 1.000000
vt 0.502703 0.000000
vt 0.508108 1.000000
vt 0.508108 0.000000
vt 0.518919 1.000000
vt 0.518919 0.000000
vt 0.524324 1.000000
vt 0.524324 0.000000
vt 0.529730 1.000000
vt 0.529730 0.000000
vt 0.535135 1.000000
vt 0.535135 0.000000
vt 0.545946 1.000000
vt 0.545946 0.000000
vt 0.551351 1.000000
vt 0.551351 0.000000
vt 0.556757 1.000000
vt 0.556757 0.000000
vt 0.562162 1.000000
vt 0.562162 0.000000
vt 0.572973 1.000000
vt 0.572973 0.000000
vt 0.578378 1.000000
vt 0.578378 0.000000
vt 0.583784 1.000000
vt 0.583784 0.000000
vt 0.589189 1.000000
vt 0.589189 0.000000
vt 0.605405 1.000000
vt 0.605405 0.000000
vt 0.610811 1.000000
vt 0.610811 0.000000
vt 0.616216 1.000000
vt 0.616216 0.000000
vt 0.627027 1.000000
vt 0.627027 0.000000
vt 0.632432 1.000000
vt 0.632432 0.000000
vt 0.637838 1.000000
vt 0.637838 0.000000
vt 0.643243 1.000000
vt 0.643243 0.000000
vt 0.654054 1.000000
vt 0.654054 0.000000
vt 0.659459 1.000000
vt 0.659459 0.000000
vt 0.664865 1.000000
vt 0.664865 0.000000
vt 0.670270 1.000000
vt 0.670270 0.000000
vt 0.681081 1.000000
vt 0.681081 0.000000
vt 0.686486 1.000000
vt 0.686486 0.000000
vt 0.691892 1.000000
vt 0.691892 0.000000
vt 0.697297 1.000000
vt 0.697297 0.000000
vt 0.708108 1.000000
vt 0.708108 0.000000
vt 0.713513 1.000000
vt 0.713513 0.000000
vt 0.718919 1.000000
vt 0.718919 0.000000
vt 0.724324 1.000000
vt 0.724324 0.000000
vt 0.735135 1.000000
vt 0.735135 0.000000
vt 0.740541 1.000000
vt 0.740541 0.000000
vt 0.745946 1.000000
vt 0.745946 0.000000
vt 0.751351 1.000000
vt 0.751351 0.000000
vt 0.762162 1.000000
vt 0.762162 0.000000
vt 0.767568 1.000000
vt 0.767568 0.000000
vt 0.772973 1.000000
vt 0.772973 0.000000
vt 0.778378 1.000000
vt 0.778378 0.000000
vt 0.789189 1.000000
vt 0.789189 0.000000
vt 0.794595 1.000000
vt 0.794595 0.000000
vt 0.805405 1.000000
vt 0.805405 0.000000
vt 0.816216 1.000000
vt 0.816216 0.000000
vt 0.821622 1.000000
vt 0.821622 0.000000
vt 0.827027 1.000000
vt 0.827027 0.000000
vt 0.832432 1.000000
vt 0.832432 0.000000
vt 0.843243 1.000000
vt 0.843243 0.000000
vt 0.848649 1.000000
vt 0.848649 0.000000
vt 0.854054 1.000000
vt 0.854054 0.000000
vt 0.859459 1.000000
vt 0.859459 0.000000
vt 0.870270 1.000000
vt 0.870270 0.000000
vt 0.875676 1.000000
vt 0.875676 0.000000
vt 0.881081 1.000000
vt 0.881081 0.000000
vt 0.886486 1.000000
vt 0.886486 0.000000
vt 0.897297 1.000000
vt 0.897297 0.000000
vt 0.902703 1.000000
vt 0.902703 0.000000
vt 0.908108 1.000000
vt 0.908108 0.000000
vt 0.913514 1.000000
vt 0.913514 0.000000
vt 0.924324 1.000000
vt 0.924324 0.000000
vt 0.929730 1.000000
vt 0.929730 0.000000
vt 0.935135 1.000000
vt 0.935135 0.000000
vt 0.940541 1.000000
vt 0.940541 0.000000
vt 0.951351 1.000000
vt 0.951351 0.000000
vt 0.956757 1.000000
vt 0.956757 0.000000
vt 0.962162 1.000000
vt 0.962162 0.000000
vt 0.967568 1.000000
vt 0.967568 0.000000
vt 0.978378 1.000000
vt 0.978378 0.000000
vt 0.983784 1.000000
vt 0.983784 0.000000
vt 0.989189 1.000000
vt 0.989189 0.000000
vt 0.994595 1.000000
vt 0.994595 0.000000
vt 0.006211 1.000000
vt 0.006211 0.000000
vt 0.012422 1.000000
vt 0.012422 0.000000
vt 0.018634 1.000000
vt 0.018634 0.000000
vt 0.024845 1.000000
vt 0.024845 0.000000
vt 0.031056 1.000000
vt 0.031056 0.000000
vt 0.037267 1.000000
vt 0.037267 0.000000
vt 0.043478 1.000000
vt 0.049689 1.000000
vt 0.049689 0.000000
vt 0.055901 1.000000
vt 0.055901 0.000000
vt 0.062112 1.000000
vt 0.062112 0.000000
vt 0.068323 1.000000
vt 0.068323 0.000000
vt 0.074534 1.000000
vt 0.074534 0.000000
vt 0.080745 1.000000
vt 0.080745 0.000000
vt 0.086957 1.000000
vt 0.093168 1.000000
vt 0.093168 0.000000
vt 0.099379 1.000000
vt 0.099379 0.000000
vt 0.105590 1.000000
vt 0.105590 0.000000
vt 0.111801 1.000000
vt 0.111801 0.000000
vt 0.118012 1.000000
vt 0.118012 0.000000
vt 0.124224 1.000000
vt 0.124224 0.000000
vt 0.130435 1.000000
vt 0.136646 1.000000
vt 0.136646 0.000000
vt 0.149068 1.000000
vt 0.149068 0.000000
vt 0.155280 1.000000
vt 0.155280 0.000000
vt 0.161491 1.000000
vt 0.161491 0.000000
vt 0.167702 1.000000
vt 0.167702 0.000000
vt 0.173913 1.000000
vt 0.180124 1.000000
vt 0.180124 0.000000
vt 0.186335 1.000000
vt 0.186335 0.000000
vt 0.192547 1.000000
vt 0.192547 0.000000
vt 0.198758 1.000000
vt 0.198758 0.000000
vt 0.204969 1.000000
vt 0.204969 0.000000
vt 0.211180 1.000000
vt 0.211180 0.000000
vt 0.217391 1.000000
vt 0.223602 1.000000
vt 0.223602 0.000000
vt 0.229814 1.000000
vt 0.229814 0.000000
vt 0.236025 1.000000
vt 0.236025 0.000000
vt 0.242236 1.000000
vt 0.242236 0.000000
vt 0.248447 1.000000
vt 0.248447 0.000000
vt 0.254658 1.000000
vt 0.254658 0.000000
vt 0.260870 1.000000
vt 0.267081 1.000000
vt 0.267081 0.000000
vt 0.273292 1.000000
vt 0.273292 0.000000
vt 0.279503 1.000000
vt 0.279503 0.000000
vt 0.291925 1.000000
vt 0.291925 0.000000
vt 0.298137 1.000000
vt 0.298137 0.000000
vt 0.304348 1.000000
vt 0.310559 1.000000
vt 0.310559 0.000000
vt 0.316770 1.000000
vt 0.316770 0.000000
vt 0.322981 1.000000
vt 0.322981 0.000000
vt 0.329193 1.000000
vt 0.329193 0.000000
vt 0.335404 1.000000
vt 0.335404 0.000000
vt 0.341615 1.000000
vt 0.341615 0.000000
vt 0.347826 1.000000
vt 0.354037 1.000000
vt 0.354037 0.000000
vt 0.360248 1.000000
vt 0.360248 0.000000
vt 0.366460 1.000000
vt 0.366460 0.000000
vt 0.372671 1.000000
vt 0.372671 0.000000
vt 0.378882 1.000000
vt 0.378882 0.000000
vt 0.385093 1.000000
vt 0.385093 0.000000
vt 0.391304 1.000000
vt 0.397516 1.000000
vt 0.397516 0.000000
vt 0.403727 1.000000
vt 0.403727 0.000000
vt 0.409938 1.000000
vt 0.409938 0.000000
vt 0.416149 1.000000
vt 0.416149 0.000000
vt 0.422360 1.000000
vt 0.422360 0.000000
vt 0.434783 1.000000
vt 0.440994 1.000000
vt 0.440994 0.000000
vt 0.447205 1.000000
vt 0.447205 0.000000
vt 0.453416 1.000000
vt 0.453416 0.000000
vt 0.459627 1.000000
vt 0.459627 0.000000
vt 0.465839 1.000000
vt 0.465839 0.000000
vt 0.472050 1.000000
vt 0.472050 0.000000
vt 0.478261 1.000000
vt 0.484472 1.000000
vt 0.484472 0.000000
vt 0.490683 1.000000
vt 0.490683 0.000000
vt 0.496894 1.000000
vt 0.496894 0.000000
vt 0.503106 1.000000
vt 0.503106 0.000000
vt 0.509317 1.000000
vt 0.509317 0.000000
vt 0.515528 1.000000
vt 0.515528 0.000000
vt 0.521739 1.000000
vt 0.527950 1.000000
vt 0.527950 0.000000
vt 0.534162 1.000000
vt 0.534162 0.000000
vt 0.540373 1.000000
vt 0.540373 0.000000
vt 0.546584 1.000000
vt 0.546584 0.000000
vt 0.552795 1.000000
vt 0.552795 0.000000
vt 0.559006 1.000000
vt 0.559006 0.000000
vt 0.565217 1.000000
vt 0.577640 1.000000
vt 0.577640 0.000000
vt 0.583851 1.000000
vt 0.583851 0.000000
vt 0.590062 1.000000
vt 0.590062 0.000000
vt 0.596273 1.000000
vt 0.596273 0.000000
vt 0.602484 1.000000
vt 0.602484 0.000000
vt 0.608696 1.000000
vt 0.614907 1.000000
vt 0.614907 0.000000
vt 0.621118 1.000000
vt 0.621118 0.000000
vt 0.627329 1.000000
vt 0.627329 0.000000
vt 0.633540 1.000000
vt 0.633540 0.000000
vt 0.639752 1.000000
vt 0.639752 0.000000
vt 0.645963 1.000000
vt 0.645963 0.000000
vt 0.652174 1.000000
vt 0.658385 1.000000
vt 0.658385 0.000000
vt 0.664596 1.000000
vt 0.664596 0.000000
vt 0.670807 1.000000
vt 0.670807 0.000000
vt 0.677019 1.000000
vt 0.677019 0.000000
vt 0.683230 1.000000
vt 0.683230 0.000000
vt 0.689441 1.000000
vt 0.689441 0.000000
vt 0.695652 1.000000
vt 0.701863 1.000000
vt 0.701863 0.000000
vt 0.708075 1.000000
vt 0.708075 0.000000
vt 0.720497 1.000000
vt 0.720497 0.000000
vt 0.726708 1.000000
vt 0.726708 0.000000
vt 0.732919 1.000000
vt 0.732919 0.000000
vt 0.739130 1.000000
vt 0.745342 1.000000
vt 0.745342 0.000000
vt 0.751553 1.000000
vt 0.751553 0.000000
vt 0.757764 1.000000
vt 0.757764 0.000000
vt 0.763975 1.000000
vt 0.763975 0.000000
vt 0.770186 1.000000
vt 0.770186 0.000000
vt 0.776398 1.000000
vt 0.776398 0.000000
vt 0.782609 1.000000
vt 0.788820 1.000000
vt 0.788820 0.000000
vt 0.795031 1.000000
vt 0.795031 0.000000
vt 0.801242 1.000000
vt 0.801242 0.000000
vt 0.807453 1.000000
vt 0.807453 0.000000
vt 0.813665 1.000000
vt 0.813665 0.000000
vt 0.819876 1.000000
vt 0.819876 0.000000
vt 0.826087 1.000000
vt 0.832298 1.000000
vt 0.832298 0.000000
vt 0.838509 1.000000
vt 0.838509 0.000000
vt 0.844720 1.000000
vt 0.844720 0.000000
vt 0.850932 1.000000
vt 0.850932 0.000000
vt 0.863354 1.000000
vt 0.863354 0.000000
vt 0.869565 1.000000
vt 0.875776 1.000000
vt 0.875776 0.000000
vt 0.881988 1.000000
vt 0.881988 0.000000
vt 0.888199 1.000000
vt 0.888199 0.000000
vt 0.894410 1.000000
vt 0.894410 0.000000
vt 0.900621 1.000000
vt 0.900621 0.000000
vt 0.906832 1.000000
vt 0.906832 0.000000
vt 0.913043 1.000000
vt 0.919255 1.000000
vt 0.919255 0.000000
vt 0.925466 1.000000
vt 0.925466 0.000000
vt 0.931677 1.000000
vt 0.931677 0.000000
vt 0.937888 1.000000
vt 0.937888 0.000000
vt 0.944099 1.000000
vt 0.944099 0.000000
vt 0.950311 1.000000
vt 0.950311 0.000000
vt 0.956522 1.000000
vt 0.962733 1.000000
vt 0.962733 0.000000
vt 0.968944 1.000000
vt 0.968944 0.000000
vt 0.975155 1.000000
vt 0.975155 0.000000
vt 0.981366 1.000000
vt 0.981366 0.000000
vt 0.987578 1.000000
vt 0.987578 0.000000
vt 0.993789 1.000000
vt 0.993789 0.000000
vt 0.006410 1.000000
vt 0.006410 0.000000
vt 0.012821 1.000000
vt 0.012821 0.000000
vt 0.025641 1.000000
vt 0.025641 0.000000
vt 0.032051 1.000000
vt 0.032051 0.000000
vt 0.044872 1.000000
vt 0.044872 0.000000
vt 0.051282 1.000000
vt 0.051282 0.000000
vt 0.064103 1.000000
vt 0.064103 0.000000
vt 0.070513 1.000000
vt 0.070513 0.000000
vt 0.089744 1.000000
vt 0.089744 0.000000
vt 0.102564 1.000000
vt 0.102564 0.000000
vt 0.108974 1.000000
vt 0.108974 0.000000
vt 0.121795 1.000000
vt 0.121795 0.000000
vt 0.128205 1.000000
vt 0.128205 0.000000
vt 0.141026 1.000000
vt 0.141026 0.000000
vt 0.147436 1.000000
vt 0.147436 0.000000
vt 0.160256 1.000000
vt 0.160256 0.000000
vt 0.179487 1.000000
vt 0.179487 0.000000
vt 0.185897 1.000000
vt 0.185897 0.000000
vt 0.198718 1.000000
vt 0.198718 0.000000
vt 0.205128 1.000000
vt 0.205128 0.000000
vt 0.217949 1.000000
vt 0.217949 0.000000
vt 0.224359 1.000000
vt 0.224359 0.000000
vt 0.237179 1.000000
vt 0.237179 0.000000
vt 0.243590 1.000000
vt 0.243590 0.000000
vt 0.256410 1.000000
vt 0.256410 0.000000
vt 0.262821 1.000000
vt 0.262821 0.000000
vt 0.275641 1.000000
vt 0.275641 0.000000
vt 0.282051 1.000000
vt 0.282051 0.000000
vt 0.294872 1.000000
vt 0.294872 0.000000
vt 0.301282 1.000000
vt 0.301282 0.000000
vt 0.314103 1.000000
vt 0.314103 0.000000
vt 0.320513 1.000000
vt 0.320513 0.000000
vt 0.339744 1.000000
vt 0.339744 0.000000
vt 0.352564 1.000000
vt 0.352564 0.000000
vt 0.358974 1.000000
vt 0.358974 0.000000
vt 0.371795 1.000000
vt 0.371795 0.000000
vt 0.378205 1.000000
vt 0.378205 0.000000
vt 0.391026 1.000000
vt 0.391026 0.000000
vt 0.397436 1.000000
vt 0.397436 0.000000
vt 0.410256 1.000000
vt 0.410256 0.000000
vt 0.429487 1.000000
vt 0.429487 0.000000
vt 0.435897 1.000000
vt 0.435897 0.000000
vt 0.448718 1.000000
vt 0.448718 0.000000
vt 0.455128 1.000000
vt 0.455128 0.000000
vt 0.467949 1.000000
vt 0.467949 0.000000
vt 0.474359 1.000000
vt 0.474359 0.000000
vt 0.487179 1.000000
vt 0.487179 0.000000
vt 0.493590 1.000000
vt 0.493590 0.000000
vt 0.506410 1.000000
vt 0.506410 0.000000
vt 0.512821 1.000000
vt 0.512821 0.000000
vt 0.525641 1.000000
vt 0.525641 0.000000
vt 0.532051 1.000000
vt 0.532051 0.000000
vt 0.544872 1.000000
vt 0.544872 0.000000
vt 0.551282 1.000000
vt 0.551282 0.000000
vt 0.564103 1.000000
vt 0.564103 0.000000
vt 0.570513 1.000000
vt 0.570513 0.000000
vt 0.589744 1.000000
vt 0.589744 0.000000
vt 0.602564 1.000000
vt 0.602564 0.000000
vt 0.608974 1.000000
vt 0.608974 0.000000
vt 0.621795 1.000000
vt 0.621795 0.000000
vt 0.628205 1.000000
vt 0.628205 0.000000
vt 0.641026 1.000000
vt 0.641026 0.000000
vt 0.647436 1.000000
vt 0.647436 0.000000
vt 0.660256 1.000000
vt 0.660256 0.000000
vt 0.679487 1.000000
vt 0.679487 0.000000
vt 0.685897 1.000000
vt 0.685897 0.000000
vt 0.698718 1.000000
vt 0.698718 0.000000
vt 0.705128 1.000000
vt 0.705128 0.000000
vt 0.717949 1.000000
vt 0.717949 0.000000
vt 0.724359 1.000000
vt 0.724359 0.000000
vt 0.737179 1.000000
vt 0.737179 0.000000
vt 0.743590 1.000000
vt 0.743590 0.000000
vt 0.756410 1.000000
vt 0.756410 0.000000
vt 0.762821 1.000000
vt 0.762821 0.000000
vt 0.775641 1.000000
vt 0.775641 0.000000
vt 0.782051 1.000000
vt 0.782051 0.000000
vt 0.794872 1.000000
vt 0.794872 0.000000
vt 0.801282 1.000000
vt 0.801282 0.000000
vt 0.814103 1.000000
vt 0.814103 0.000000
vt 0.820513 1.000000
vt 0.820513 0.000000
vt 0.839744 1.000000
vt 0.839744 0.000000
vt 0.852564 1.000000
vt 0.852564 0.000000
vt 0.858974 1.000000
vt 0.858974 0.000000
vt 0.871795 1.000000
vt 0.871795 0.000000
vt 0.878205 1.000000
vt 0.878205 0.000000
vt 0.891026 1.000000
vt 0.891026 0.000000
vt 0.897436 1.000000
vt 0.897436 0.000000
vt 0.910256 1.000000
vt 0.910256 0.000000
vt 0.929487 1.000000
vt 0.929487 0.000000
vt 0.935897 1.000000
vt 0.935897 0.000000
vt 0.948718 1.000000
vt 0.948718 0.000000
vt 0.955128 1.000000
vt 0.955128 0.000000
vt 0.967949 1.000000
vt 0.967949 0.000000
vt 0.974359 1.000000
vt 0.974359 0.000000
vt 0.987179 1.000000
vt 0.987179 0.000000
vt 0.993590 1.000000
vt 0.993590 0.000000
s 0
usemtl マテリアル.007
f 61/1/1 63/2/1 62/3/1
f 23/4/1 25/5/1 24/6/1
f 61/1/1 64/7/1 63/2/1
f 22/8/1 25/5/1 23/4/1
f 61/1/1 65/9/1 64/7/1
f 21/10/1 25/5/1 22/8/1
f 61/1/1 66/11/1 65/9/1
f 20/12/1 25/5/1 21/10/1
f 61/1/1 67/13/1 66/11/1
f 19/14/1 25/5/1 20/12/1
f 61/1/1 68/15/1 67/13/1
f 18/16/1 25/5/1 19/14/1
f 61/1/1 69/17/1 68/15/1
f 17/18/1 25/5/1 18/16/1
f 61/1/1 70/19/1 69/17/1
f 16/20/1 25/5/1 17/18/1
f 61/1/1 71/21/1 70/19/1
f 15/22/1 25/5/1 16/20/1
f 61/1/1 72/23/1 71/21/1
f 14/24/1 25/5/1 15/22/1
f 61/1/1 73/25/1 72/23/1
f 13/26/1 25/5/1 14/24/1
f 61/1/1 74/27/1 73/25/1
f 12/28/1 25/5/1 13/26/1
f 61/1/1 1/29/1 74/27/1
f 61/1/1 2/30/1 1/29/1
f 61/1/1 3/31/1 2/30/1
f 61/1/1 4/32/1 3/31/1
f 61/1/1 5/33/1 4/32/1
f 61/1/1 6/34/1 5/33/1
f 61/1/1 7/35/1 6/34/1
f 61/1/1 8/36/1 7/35/1
f 61/1/1 9/37/1 8/36/1
f 61/1/1 10/38/1 9/37/1
f 61/1/1 11/39/1 10/38/1
f 61/1/1 12/28/1 11/39/1
f 61/1/1 60/40/1 12/28/1
f 60/40/1 59/41/1 12/28/1
f 59/41/1 58/42/1 12/28/1
f 58/42/1 57/43/1 12/28/1
f 57/43/1 56/44/1 12/28/1
f 56/44/1 55/45/1 12/28/1
f 55/45/1 54/46/1 12/28/1
f 54/46/1 53/47/1 12/28/1
f 53/47/1 52/48/1 12/28/1
f 52/48/1 51/49/1 12/28/1
f 51/49/1 50/50/1 12/28/1
f 50/50/1 49/51/1 12/28/1
f 49/51/1 48/52/1 12/28/1
f 48/52/1 47/53/1 12/28/1
f 47/53/1 46/54/1 12/28/1
f 46/54/1 44/55/1 12/28/1
f 44/55/1 41/56/1 12/28/1
f 41/56/1 38/57/1 12/28/1
f 38/57/1 37/58/1 12/28/1
f 37/58/1 36/59/1 12/28/1
f 36/59/1 35/60/1 12/28/1
f 35/60/1 34/61/1 12/28/1
f 34/61/1 33/62/1 12/28/1
f 33/62/1 32/63/1 12/28/1
f 32/63/1 31/64/1 12/28/1
f 31/64/1 30/65/1 12/28/1
f 30/65/1 25/5/1 12/28/1
f 45/66/1 44/55/1 46/54/1
f 43/67/2 41/56/2 44/55/2
f 42/68/1 41/56/1 43/67/1
f 40/69/1 38/57/1 41/56/1
f 39/70/2 38/57/2 40/69/2
f 29/71/1 25/5/1 30/65/1
f 28/72/1 25/5/1 29/71/1
f 27/73/1 25/5/1 28/72/1
f 26/74/1 25/5/1 27/73/1
f 169/75/1 123/76/1 170/77/1
f 168/78/1 123/76/1 169/75/1
f 168/78/1 124/79/1 123/76/1
f 167/80/1 124/79/1 168/78/1
f 167/80/1 125/81/1 124/79/1
f 166/82/1 125/81/1 167/80/1
f 166/82/1 126/83/1 125/81/1
f 165/84/1 126/83/1 166/82/1
f 165/84/1 127/85/1 126/83/1
f 164/86/1 127/85/1 165/84/1
f 164/86/1 128/87/1 127/85/1
f 163/88/1 128/87/1 164/86/1
f 163/88/1 129/89/1 128/87/1
f 162/90/1 99/91/1 163/88/1
f 99/91/1 98/92/1 163/88/1
f 98/92/1 129/89/1 163/88/1
f 98/92/1 97/93/1 129/89/1
f 97/93/1 130/94/1 129/89/1
f 162/90/1 100/95/1 99/91/1
f 96/96/1 130/94/1 97/93/1
f 162/90/1 101/97/1 100/95/1
f 95/98/1 130/94/1 96/96/1
f 162/90/1 102/99/1 101/97/1
f 94/100/1 130/94/1 95/98/1
f 162/90/1 103/101/1 102/99/1
f 93/102/1 130/94/1 94/100/1
f 161/103/1 103/101/1 162/90/1
f 93/102/1 131/104/1 130/94/1
f 161/103/1 104/105/1 103/101/1
f 92/106/1 131/104/1 93/102/1
f 161/103/1 105/107/1 104/105/1
f 91/108/1 131/104/1 92/106/1
f 160/109/1 105/107/1 161/103/1
f 91/108/1 132/110/1 131/104/1
f 160/109/1 106/111/1 105/107/1
f 90/112/1 132/110/1 91/108/1
f 160/109/1 107/113/1 106/111/1
f 89/114/1 132/110/1 90/112/1
f 235/115/1 237/116/1 236/117/1
f 235/115/1 238/118/1 237/116/1
f 159/119/1 107/113/1 160/109/1
f 89/114/1 133/120/1 132/110/1
f 235/115/1 239/121/1 238/118/1
f 234/122/1 239/121/1 235/115/1
f 159/119/1 108/123/1 107/113/1
f 88/124/1 133/120/1 89/114/1
f 234/122/1 240/125/1 239/121/1
f 233/126/1 240/125/1 234/122/1
f 233/126/1 241/127/1 240/125/1
f 232/128/1 241/127/1 233/126/1
f 159/119/1 109/129/1 108/123/1
f 87/130/1 133/120/1 88/124/1
f 158/131/1 109/129/1 159/119/1
f 87/130/1 134/132/1 133/120/1
f 232/128/1 242/133/1 241/127/1
f 231/134/1 242/133/1 232/128/1
f 158/131/1 110/135/1 109/129/1
f 86/136/1 134/132/1 87/130/1
f 231/134/1 243/137/1 242/133/1
f 230/138/1 243/137/1 231/134/1
f 157/139/1 110/135/1 158/131/1
f 157/139/1 111/140/1 110/135/1
f 85/141/1 134/132/1 86/136/1
f 85/141/1 135/142/1 134/132/1
f 229/143/1 243/137/1 230/138/1
f 229/143/1 244/144/1 243/137/1
f 228/145/1 244/144/1 229/143/1
f 228/145/1 245/146/1 244/144/1
f 157/139/1 112/147/1 111/140/1
f 84/148/1 135/142/1 85/141/1
f 227/149/1 245/146/1 228/145/1
f 227/149/1 246/150/1 245/146/1
f 156/151/1 112/147/1 157/139/1
f 84/148/1 136/152/1 135/142/1
f 156/151/1 113/153/1 112/147/1
f 83/154/1 136/152/1 84/148/1
f 226/155/1 246/150/1 227/149/1
f 226/155/1 247/156/1 246/150/1
f 156/151/1 114/157/1 113/153/1
f 82/158/1 136/152/1 83/154/1
f 225/159/1 247/156/1 226/155/1
f 225/159/1 248/160/1 247/156/1
f 82/158/1 137/161/1 136/152/1
f 155/162/1 114/157/1 156/151/1
f 155/162/1 115/163/1 114/157/1
f 81/164/1 137/161/1 82/158/1
f 224/165/1 248/160/1 225/159/1
f 224/165/1 249/166/1 248/160/1
f 223/167/1 249/166/1 224/165/1
f 155/162/1 116/168/1 115/163/1
f 80/169/1 137/161/1 81/164/1
f 223/167/1 250/170/1 249/166/1
f 80/169/1 138/171/1 137/161/1
f 154/172/1 116/168/1 155/162/1
f 154/172/1 117/173/1 116/168/1
f 79/174/1 138/171/1 80/169/1
f 154/172/1 118/175/1 117/173/1
f 78/176/1 138/171/1 79/174/1
f 78/176/1 139/177/1 138/171/1
f 153/178/1 118/175/1 154/172/1
f 153/178/1 119/179/1 118/175/1
f 77/180/1 139/177/1 78/176/1
f 153/178/1 120/181/1 119/179/1
f 76/182/1 139/177/1 77/180/1
f 153/178/1 121/183/1 120/181/1
f 75/29/1 139/177/1 76/182/1
f 153/178/1 122/184/1 121/183/1
f 122/184/1 139/177/1 75/29/1
f 153/178/1 139/177/1 122/184/1
f 153/178/1 140/185/1 139/177/1
f 152/186/1 140/185/1 153/178/1
f 152/186/1 141/187/1 140/185/1
f 151/188/1 141/187/1 152/186/1
f 151/188/1 142/189/1 141/187/1
f 150/190/1 142/189/1 151/188/1
f 150/190/1 143/191/1 142/189/1
f 149/192/1 143/191/1 150/190/1
f 149/192/1 144/193/1 143/191/1
f 148/194/1 144/193/1 149/192/1
f 148/194/1 145/195/1 144/193/1
f 147/196/1 145/195/1 148/194/1
f 147/196/1 146/197/1 145/195/1
f 365/198/1 367/199/1 366/200/1
f 262/201/1 264/202/1 263/203/1
f 261/204/1 264/202/1 262/201/1
f 365/198/1 368/205/1 367/199/1
f 260/206/1 264/202/1 261/204/1
f 365/198/1 369/207/1 368/205/1
f 259/208/1 264/202/1 260/206/1
f 365/198/1 370/209/1 369/207/1
f 258/210/1 264/202/1 259/208/1
f 365/198/1 371/211/1 370/209/1
f 257/212/1 264/202/1 258/210/1
f 365/198/1 372/213/1 371/211/1
f 256/214/1 264/202/1 257/212/1
f 365/198/1 373/215/1 372/213/1
f 255/216/1 264/202/1 256/214/1
f 365/198/1 374/217/1 373/215/1
f 254/218/1 264/202/1 255/216/1
f 365/198/1 375/219/1 374/217/1
f 253/220/1 264/202/1 254/218/1
f 365/198/1 376/221/1 375/219/1
f 252/222/1 264/202/1 253/220/1
f 365/198/1 377/223/1 376/221/1
f 251/224/1 264/202/1 252/222/1
f 365/198/1 378/27/1 377/223/1
f 365/198/1 223/167/1 378/27/1
f 365/198/1 250/170/1 223/167/1
f 365/198/1 251/224/1 250/170/1
f 365/198/1 364/225/1 251/224/1
f 364/225/1 363/226/1 251/224/1
f 363/226/1 362/227/1 251/224/1
f 362/227/1 361/228/1 251/224/1
f 361/228/1 360/229/1 251/224/1
f 360/229/1 359/230/1 251/224/1
f 359/230/1 358/231/1 251/224/1
f 358/231/1 357/232/1 251/224/1
f 357/232/1 356/233/1 251/224/1
f 356/233/1 355/234/1 251/224/1
f 355/234/1 354/235/1 251/224/1
f 354/235/1 353/236/1 251/224/1
f 353/236/1 352/237/1 251/224/1
f 352/237/1 277/238/1 251/224/1
f 277/238/1 276/239/1 251/224/1
f 276/239/1 275/240/1 251/224/1
f 275/240/1 274/241/1 251/224/1
f 274/241/1 273/242/1 251/224/1
f 273/242/1 272/243/1 251/224/1
f 272/243/1 271/244/1 251/224/1
f 271/244/1 270/245/1 251/224/1
f 270/245/1 269/246/1 251/224/1
f 269/246/1 268/247/1 251/224/1
f 268/247/1 267/248/1 251/224/1
f 267/248/1 266/249/1 251/224/1
f 266/249/1 265/250/1 251/224/1
f 265/250/1 264/202/1 251/224/1
f 351/251/1 277/238/1 352/237/1
f 351/251/1 278/252/1 277/238/1
f 350/253/1 278/252/1 351/251/1
f 350/253/1 279/254/1 278/252/1
f 349/255/1 279/254/1 350/253/1
f 349/255/1 280/256/1 279/254/1
f 348/257/1 280/256/1 349/255/1
f 348/257/1 281/258/1 280/256/1
f 347/259/1 281/258/1 348/257/1
f 347/259/1 282/260/1 281/258/1
f 182/261/1 184/262/1 183/263/1
f 209/264/1 211/265/1 210/266/1
f 346/267/1 282/260/1 347/259/1
f 209/264/1 212/268/1 211/265/1
f 181/269/1 184/262/1 182/261/1
f 346/267/1 283/270/1 282/260/1
f 181/269/1 185/271/1 184/262/1
f 208/272/1 212/268/1 209/264/1
f 208/272/1 213/273/1 212/268/1
f 180/274/1 185/271/1 181/269/1
f 207/275/1 213/273/1 208/272/1
f 180/274/1 186/276/1 185/271/1
f 345/277/1 283/270/1 346/267/1
f 207/275/1 214/278/1 213/273/1
f 179/279/1 186/276/1 180/274/1
f 206/280/1 214/278/1 207/275/1
f 345/277/1 284/281/1 283/270/1
f 179/279/1 187/282/1 186/276/1
f 206/280/1 215/283/1 214/278/1
f 178/284/1 187/282/1 179/279/1
f 205/285/1 215/283/1 206/280/1
f 178/284/1 188/286/1 187/282/1
f 205/285/1 216/287/1 215/283/1
f 344/288/1 284/281/1 345/277/1
f 177/289/1 188/286/1 178/284/1
f 204/290/1 216/287/1 205/285/1
f 204/290/1 217/291/1 216/287/1
f 344/288/1 285/292/1 284/281/1
f 177/289/1 189/293/1 188/286/1
f 176/294/1 189/293/1 177/289/1
f 203/295/1 217/291/1 204/290/1
f 203/295/1 218/296/1 217/291/1
f 176/294/1 190/297/1 189/293/1
f 343/298/1 285/292/1 344/288/1
f 175/299/1 190/297/1 176/294/1
f 202/300/1 218/296/1 203/295/1
f 202/300/1 219/301/1 218/296/1
f 343/298/1 286/302/1 285/292/1
f 175/299/1 191/303/1 190/297/1
f 174/304/1 191/303/1 175/299/1
f 201/305/1 219/301/1 202/300/1
f 201/305/1 220/306/1 219/301/1
f 342/307/1 286/302/1 343/298/1
f 174/304/1 192/308/1 191/303/1
f 173/309/1 192/308/1 174/304/1
f 200/310/1 220/306/1 201/305/1
f 200/310/1 221/311/1 220/306/1
f 172/312/1 192/308/1 173/309/1
f 342/307/1 287/313/1 286/302/1
f 172/312/1 193/314/1 192/308/1
f 199/315/1 221/311/1 200/310/1
f 199/315/1 222/316/1 221/311/1
f 341/317/1 287/313/1 342/307/1
f 171/318/1 193/314/1 172/312/1
f 171/318/1 194/319/1 193/314/1
f 198/320/1 222/316/1 199/315/1
f 196/321/1 194/319/1 171/318/1
f 198/320/1 197/322/1 222/316/1
f 341/317/1 288/323/1 287/313/1
f 196/321/1 195/324/1 194/319/1
f 340/325/1 288/323/1 341/317/1
f 340/325/1 289/326/1 288/323/1
f 339/327/1 289/326/1 340/325/1
f 338/328/1 289/326/1 339/327/1
f 337/329/1 289/326/1 338/328/1
f 337/329/1 290/330/1 289/326/1
f 336/331/1 290/330/1 337/329/1
f 335/332/1 290/330/1 336/331/1
f 334/333/1 290/330/1 335/332/1
f 333/334/1 290/330/1 334/333/1
f 314/335/1 316/336/1 315/337/1
f 314/335/1 317/338/1 316/336/1
f 332/339/1 290/330/1 333/334/1
f 314/335/1 318/340/1 317/338/1
f 314/335/1 319/341/1 318/340/1
f 331/342/1 290/330/1 332/339/1
f 314/335/1 320/343/1 319/341/1
f 331/342/1 291/344/1 290/330/1
f 314/335/1 321/345/1 320/343/1
f 330/346/1 291/344/1 331/342/1
f 314/335/1 322/347/1 321/345/1
f 329/348/1 291/344/1 330/346/1
f 314/335/1 323/349/1 322/347/1
f 314/335/1 324/350/1 323/349/1
f 328/351/1 291/344/1 329/348/1
f 314/335/1 325/352/1 324/350/1
f 314/335/1 326/353/1 325/352/1
f 327/354/1 291/344/1 328/351/1
f 314/335/1 327/354/1 326/353/1
f 314/335/1 291/344/1 327/354/1
f 314/335/1 292/355/1 291/344/1
f 314/335/1 293/356/1 292/355/1
f 314/335/1 294/357/1 293/356/1
f 314/335/1 295/358/1 294/357/1
f 314/335/1 296/359/1 295/358/1
f 314/335/1 297/360/1 296/359/1
f 314/335/1 298/361/1 297/360/1
f 314/335/1 299/362/1 298/361/1
f 313/363/1 299/362/1 314/335/1
f 312/364/1 299/362/1 313/363/1
f 311/365/1 299/362/1 312/364/1
f 311/365/1 300/366/1 299/362/1
f 310/367/1 300/366/1 311/365/1
f 309/368/1 300/366/1 310/367/1
f 308/369/1 300/366/1 309/368/1
f 308/369/1 301/370/1 300/366/1
f 307/371/1 301/370/1 308/369/1
f 306/372/1 301/370/1 307/371/1
f 305/373/1 301/370/1 306/372/1
f 305/373/1 302/374/1 301/370/1
f 304/375/1 302/374/1 305/373/1
f 303/376/1 302/374/1 304/375/1
f 439/1/1 441/2/1 440/3/1
f 401/4/1 403/5/1 402/6/1
f 439/1/1 442/7/1 441/2/1
f 400/8/1 403/5/1 401/4/1
f 439/1/1 443/9/1 442/7/1
f 399/10/1 403/5/1 400/8/1
f 439/1/1 444/11/1 443/9/1
f 398/12/1 403/5/1 399/10/1
f 439/1/1 445/13/1 444/11/1
f 397/14/1 403/5/1 398/12/1
f 439/1/1 446/15/1 445/13/1
f 396/16/1 403/5/1 397/14/1
f 439/1/1 447/17/1 446/15/1
f 395/18/1 403/5/1 396/16/1
f 439/1/1 448/19/1 447/17/1
f 394/20/1 403/5/1 395/18/1
f 439/1/1 449/21/1 448/19/1
f 393/22/1 403/5/1 394/20/1
f 439/1/1 450/23/1 449/21/1
f 392/24/1 403/5/1 393/22/1
f 439/1/1 451/25/1 450/23/1
f 391/26/1 403/5/1 392/24/1
f 439/1/1 452/27/1 451/25/1
f 390/28/1 403/5/1 391/26/1
f 439/1/1 379/29/1 452/27/1
f 439/1/1 380/30/1 379/29/1
f 439/1/1 381/31/1 380/30/1
f 439/1/1 382/32/1 381/31/1
f 439/1/1 383/33/1 382/32/1
f 439/1/1 384/34/1 383/33/1
f 439/1/1 385/35/1 384/34/1
f 439/1/1 386/36/1 385/35/1
f 439/1/1 387/37/1 386/36/1
f 439/1/1 388/38/1 387/37/1
f 439/1/1 389/39/1 388/38/1
f 439/1/1 390/28/1 389/39/1
f 439/1/1 438/40/1 390/28/1
f 438/40/1 437/41/1 390/28/1
f 437/41/1 436/42/1 390/28/1
f 436/42/1 435/43/1 390/28/1
f 435/43/1 434/44/1 390/28/1
f 434/44/1 433/45/1 390/28/1
f 433/45/1 432/46/1 390/28/1
f 432/46/1 431/47/1 390/28/1
f 431/47/1 430/48/1 390/28/1
f 430/48/1 429/49/1 390/28/1
f 429/49/1 428/50/1 390/28/1
f 428/50/1 427/51/1 390/28/1
f 427/51/1 426/52/1 390/28/1
f 426/52/1 425/53/1 390/28/1
f 425/53/1 424/54/1 390/28/1
f 424/54/1 422/55/1 390/28/1
f 422/55/1 419/56/1 390/28/1
f 419/56/1 416/57/1 390/28/1
f 416/57/1 415/58/1 390/28/1
f 415/58/1 414/59/1 390/28/1
f 414/59/1 413/60/1 390/28/1
f 413/60/1 412/61/1 390/28/1
f 412/61/1 411/62/1 390/28/1
f 411/62/1 410/63/1 390/28/1
f 410/63/1 409/64/1 390/28/1
f 409/64/1 408/65/1 390/28/1
f 408/65/1 403/5/1 390/28/1
f 423/66/1 422/55/1 424/54/1
f 421/67/2 419/56/2 422/55/2
f 420/68/1 419/56/1 421/67/1
f 418/69/1 416/57/1 419/56/1
f 417/70/2 416/57/2 418/69/2
f 407/71/1 403/5/1 408/65/1
f 406/72/1 403/5/1 407/71/1
f 405/73/1 403/5/1 406/72/1
f 404/74/1 403/5/1 405/73/1
f 547/377/1 501/378/1 548/379/1
f 546/380/1 501/378/1 547/377/1
f 546/380/1 502/381/1 501/378/1
f 545/382/1 502/381/1 546/380/1
f 545/382/1 503/383/1 502/381/1
f 544/384/1 503/383/1 545/382/1
f 544/384/1 504/385/1 503/383/1
f 543/386/1 504/385/1 544/384/1
f 543/386/1 505/387/1 504/385/1
f 542/388/1 505/387/1 543/386/1
f 542/388/1 506/389/1 505/387/1
f 541/390/1 506/389/1 542/388/1
f 541/390/1 507/391/1 506/389/1
f 540/392/1 477/393/1 541/390/1
f 477/393/1 476/394/1 541/390/1
f 476/394/1 507/391/1 541/390/1
f 476/394/1 475/395/1 507/391/1
f 475/395/1 508/396/1 507/391/1
f 540/392/1 478/397/1 477/393/1
f 474/398/1 508/396/1 475/395/1
f 540/392/1 479/399/1 478/397/1
f 473/400/1 508/396/1 474/398/1
f 540/392/1 480/401/1 479/399/1
f 472/402/1 508/396/1 473/400/1
f 540/392/1 481/403/1 480/401/1
f 471/404/1 508/396/1 472/402/1
f 539/405/1 481/403/1 540/392/1
f 471/404/1 509/406/1 508/396/1
f 539/405/1 482/407/1 481/403/1
f 470/408/1 509/406/1 471/404/1
f 695/409/1 697/410/1 696/411/1
f 695/409/1 698/412/1 697/410/1
f 539/405/1 483/413/1 482/407/1
f 469/414/1 509/406/1 470/408/1
f 695/409/1 699/415/1 698/412/1
f 694/416/1 699/415/1 695/409/1
f 538/417/1 483/413/1 539/405/1
f 469/414/1 510/418/1 509/406/1
f 694/416/1 700/419/1 699/415/1
f 538/417/1 484/420/1 483/413/1
f 468/421/1 510/418/1 469/414/1
f 693/422/1 700/419/1 694/416/1
f 693/422/1 701/423/1 700/419/1
f 692/424/1 701/423/1 693/422/1
f 538/417/1 485/425/1 484/420/1
f 467/426/1 510/418/1 468/421/1
f 537/427/1 485/425/1 538/417/1
f 467/426/1 511/428/1 510/418/1
f 692/424/1 702/429/1 701/423/1
f 691/430/1 702/429/1 692/424/1
f 537/427/1 486/431/1 485/425/1
f 466/432/1 511/428/1 467/426/1
f 691/430/1 703/433/1 702/429/1
f 690/434/1 703/433/1 691/430/1
f 537/427/1 487/435/1 486/431/1
f 465/436/1 511/428/1 466/432/1
f 536/437/1 487/435/1 537/427/1
f 465/436/1 512/438/1 511/428/1
f 690/434/1 704/439/1 703/433/1
f 689/440/1 704/439/1 690/434/1
f 536/437/1 488/441/1 487/435/1
f 464/442/1 512/438/1 465/436/1
f 689/440/1 705/443/1 704/439/1
f 688/444/1 705/443/1 689/440/1
f 688/444/1 706/445/1 705/443/1
f 535/446/1 488/441/1 536/437/1
f 535/446/1 489/447/1 488/441/1
f 463/448/1 512/438/1 464/442/1
f 463/448/1 513/449/1 512/438/1
f 687/450/1 706/445/1 688/444/1
f 687/450/1 707/451/1 706/445/1
f 686/452/1 707/451/1 687/450/1
f 535/446/1 490/453/1 489/447/1
f 462/454/1 513/449/1 463/448/1
f 686/452/1 708/455/1 707/451/1
f 534/456/1 490/453/1 535/446/1
f 462/454/1 514/457/1 513/449/1
f 685/458/1 708/455/1 686/452/1
f 461/459/1 514/457/1 462/454/1
f 534/456/1 491/460/1 490/453/1
f 685/458/1 709/27/1 708/455/1
f 684/461/1 709/27/1 685/458/1
f 460/462/1 514/457/1 461/459/1
f 534/456/1 492/463/1 491/460/1
f 683/464/1 709/27/1 684/461/1
f 683/464/1 549/465/1 709/27/1
f 533/466/1 492/463/1 534/456/1
f 460/462/1 515/467/1 514/457/1
f 459/468/1 515/467/1 460/462/1
f 533/466/1 493/469/1 492/463/1
f 458/470/1 515/467/1 459/468/1
f 533/466/1 494/471/1 493/469/1
f 532/472/1 494/471/1 533/466/1
f 458/470/1 516/473/1 515/467/1
f 457/474/1 516/473/1 458/470/1
f 532/472/1 495/475/1 494/471/1
f 682/476/1 549/465/1 683/464/1
f 456/477/1 516/473/1 457/474/1
f 532/472/1 496/478/1 495/475/1
f 531/479/1 496/478/1 532/472/1
f 456/477/1 517/480/1 516/473/1
f 455/481/1 517/480/1 456/477/1
f 531/479/1 497/482/1 496/478/1
f 454/483/1 517/480/1 455/481/1
f 531/479/1 498/484/1 497/482/1
f 453/29/1 517/480/1 454/483/1
f 531/479/1 499/485/1 498/484/1
f 500/486/1 517/480/1 453/29/1
f 531/479/1 500/486/1 499/485/1
f 531/479/1 517/480/1 500/486/1
f 530/487/1 517/480/1 531/479/1
f 530/487/1 518/488/1 517/480/1
f 529/489/1 518/488/1 530/487/1
f 529/489/1 519/490/1 518/488/1
f 681/491/1 549/465/1 682/476/1
f 572/492/1 574/493/1 573/494/1
f 528/495/1 519/490/1 529/489/1
f 528/495/1 520/496/1 519/490/1
f 571/497/1 574/493/1 572/492/1
f 570/498/1 574/493/1 571/497/1
f 528/495/1 521/499/1 520/496/1
f 527/500/1 521/499/1 528/495/1
f 569/501/1 574/493/1 570/498/1
f 527/500/1 522/502/1 521/499/1
f 526/503/1 522/502/1 527/500/1
f 568/504/1 574/493/1 569/501/1
f 526/503/1 523/505/1 522/502/1
f 525/506/1 523/505/1 526/503/1
f 567/507/1 574/493/1 568/504/1
f 525/506/1 524/508/1 523/505/1
f 566/509/1 574/493/1 567/507/1
f 565/510/1 574/493/1 566/509/1
f 564/511/1 574/493/1 565/510/1
f 563/512/1 574/493/1 564/511/1
f 680/513/1 549/465/1 681/491/1
f 562/514/1 574/493/1 563/512/1
f 561/515/1 574/493/1 562/514/1
f 560/516/1 574/493/1 561/515/1
f 559/517/1 574/493/1 560/516/1
f 558/518/1 574/493/1 559/517/1
f 557/519/1 574/493/1 558/518/1
f 557/519/1 575/520/1 574/493/1
f 557/519/1 576/521/1 575/520/1
f 679/522/1 549/465/1 680/513/1
f 557/519/1 577/523/1 576/521/1
f 557/519/1 578/524/1 577/523/1
f 556/525/1 578/524/1 557/519/1
f 556/525/1 579/526/1 578/524/1
f 556/525/1 580/527/1 579/526/1
f 556/525/1 581/528/1 580/527/1
f 555/529/1 581/528/1 556/525/1
f 555/529/1 582/530/1 581/528/1
f 555/529/1 583/531/1 582/530/1
f 555/529/1 584/532/1 583/531/1
f 554/533/1 584/532/1 555/529/1
f 554/533/1 585/534/1 584/532/1
f 554/533/1 586/535/1 585/534/1
f 554/533/1 587/536/1 586/535/1
f 553/537/1 587/536/1 554/533/1
f 553/537/1 588/538/1 587/536/1
f 552/539/1 588/538/1 553/537/1
f 678/540/1 549/465/1 679/522/1
f 551/541/1 588/538/1 552/539/1
f 551/541/1 589/542/1 588/538/1
f 550/543/1 589/542/1 551/541/1
f 550/543/1 590/544/1 589/542/1
f 549/465/1 590/544/1 550/543/1
f 549/465/1 591/545/1 590/544/1
f 678/540/1 591/545/1 549/465/1
f 678/540/1 592/546/1 591/545/1
f 678/540/1 593/547/1 592/546/1
f 677/548/1 593/547/1 678/540/1
f 677/548/1 594/549/1 593/547/1
f 677/548/1 595/550/1 594/549/1
f 677/548/1 596/551/1 595/550/1
f 677/548/1 597/552/1 596/551/1
f 677/548/1 598/553/1 597/552/1
f 677/548/1 599/554/1 598/553/1
f 676/555/1 599/554/1 677/548/1
f 675/556/1 599/554/1 676/555/1
f 674/557/1 599/554/1 675/556/1
f 673/558/1 599/554/1 674/557/1
f 672/559/1 599/554/1 673/558/1
f 672/559/1 600/560/1 599/554/1
f 672/559/1 601/561/1 600/560/1
f 671/562/1 601/561/1 672/559/1
f 671/562/1 602/563/1 601/561/1
f 671/562/1 603/564/1 602/563/1
f 671/562/1 604/565/1 603/564/1
f 670/566/1 604/565/1 671/562/1
f 670/566/1 605/567/1 604/565/1
f 634/568/1 636/569/1 635/570/1
f 670/566/1 606/571/1 605/567/1
f 633/572/1 636/569/1 634/568/1
f 670/566/1 607/573/1 606/571/1
f 669/574/1 607/573/1 670/566/1
f 632/575/1 636/569/1 633/572/1
f 669/574/1 608/576/1 607/573/1
f 631/577/1 636/569/1 632/575/1
f 669/574/1 609/578/1 608/576/1
f 630/579/1 636/569/1 631/577/1
f 669/574/1 610/580/1 609/578/1
f 629/581/1 636/569/1 630/579/1
f 669/574/1 611/582/1 610/580/1
f 669/574/1 612/583/1 611/582/1
f 628/584/1 636/569/1 629/581/1
f 668/585/1 612/583/1 669/574/1
f 668/585/1 613/586/1 612/583/1
f 668/585/1 614/587/1 613/586/1
f 627/588/1 636/569/1 628/584/1
f 668/585/1 615/589/1 614/587/1
f 668/585/1 616/590/1 615/589/1
f 626/591/1 636/569/1 627/588/1
f 668/585/1 617/592/1 616/590/1
f 668/585/1 618/593/1 617/592/1
f 625/594/1 636/569/1 626/591/1
f 668/585/1 619/595/1 618/593/1
f 668/585/1 620/596/1 619/595/1
f 624/597/1 636/569/1 625/594/1
f 668/585/1 621/598/1 620/596/1
f 668/585/1 622/599/1 621/598/1
f 623/600/1 636/569/1 624/597/1
f 668/585/1 623/600/1 622/599/1
f 668/585/1 636/569/1 623/600/1
f 667/601/1 636/569/1 668/585/1
f 666/602/1 636/569/1 667/601/1
f 665/603/1 636/569/1 666/602/1
f 664/604/1 636/569/1 665/603/1
f 663/605/1 636/569/1 664/604/1
f 662/606/1 636/569/1 663/605/1
f 662/606/1 637/607/1 636/569/1
f 661/608/1 637/607/1 662/606/1
f 661/608/1 638/609/1 637/607/1
f 661/608/1 639/610/1 638/609/1
f 660/611/1 639/610/1 661/608/1
f 660/611/1 640/612/1 639/610/1
f 659/613/1 640/612/1 660/611/1
f 659/613/1 641/614/1 640/612/1
f 658/615/1 641/614/1 659/613/1
f 658/615/1 642/616/1 641/614/1
f 657/617/1 642/616/1 658/615/1
f 657/617/1 643/618/1 642/616/1
f 656/619/1 643/618/1 657/617/1
f 655/620/1 643/618/1 656/619/1
f 655/620/1 644/621/1 643/618/1
f 654/622/1 644/621/1 655/620/1
f 654/622/1 645/623/1 644/621/1
f 653/624/1 645/623/1 654/622/1
f 652/625/1 645/623/1 653/624/1
f 652/625/1 646/626/1 645/623/1
f 651/627/1 646/626/1 652/625/1
f 651/627/1 647/628/1 646/626/1
f 650/629/1 647/628/1 651/627/1
f 649/630/1 647/628/1 650/629/1
f 649/630/1 648/631/1 647/628/1
f 770/1/1 772/2/1 771/3/1
f 732/4/1 734/5/1 733/6/1
f 770/1/1 773/7/1 772/2/1
f 731/8/1 734/5/1 732/4/1
f 770/1/1 774/9/1 773/7/1
f 730/10/1 734/5/1 731/8/1
f 770/1/1 775/11/1 774/9/1
f 729/12/1 734/5/1 730/10/1
f 770/1/1 776/13/1 775/11/1
f 728/14/1 734/5/1 729/12/1
f 770/1/1 777/15/1 776/13/1
f 727/16/1 734/5/1 728/14/1
f 770/1/1 778/17/1 777/15/1
f 726/18/1 734/5/1 727/16/1
f 770/1/1 779/19/1 778/17/1
f 725/20/1 734/5/1 726/18/1
f 770/1/1 780/21/1 779/19/1
f 724/22/1 734/5/1 725/20/1
f 770/1/1 781/23/1 780/21/1
f 723/24/1 734/5/1 724/22/1
f 770/1/1 782/25/1 781/23/1
f 722/26/1 734/5/1 723/24/1
f 770/1/1 783/27/1 782/25/1
f 721/28/1 734/5/1 722/26/1
f 770/1/1 710/29/1 783/27/1
f 770/1/1 711/30/1 710/29/1
f 770/1/1 712/31/1 711/30/1
f 770/1/1 713/32/1 712/31/1
f 770/1/1 714/33/1 713/32/1
f 770/1/1 715/34/1 714/33/1
f 770/1/1 716/35/1 715/34/1
f 770/1/1 717/36/1 716/35/1
f 770/1/1 718/37/1 717/36/1
f 770/1/1 719/38/1 718/37/1
f 770/1/1 720/39/1 719/38/1
f 770/1/1 721/28/1 720/39/1
f 770/1/1 769/40/1 721/28/1
f 769/40/1 768/41/1 721/28/1
f 768/41/1 767/42/1 721/28/1
f 767/42/1 766/43/1 721/28/1
f 766/43/1 765/44/1 721/28/1
f 765/44/1 764/45/1 721/28/1
f 764/45/1 763/46/1 721/28/1
f 763/46/1 762/47/1 721/28/1
f 762/47/1 761/48/1 721/28/1
f 761/48/1 760/49/1 721/28/1
f 760/49/1 759/50/1 721/28/1
f 759/50/1 758/51/1 721/28/1
f 758/51/1 757/52/1 721/28/1
f 757/52/1 756/53/1 721/28/1
f 756/53/1 755/54/1 721/28/1
f 755/54/1 753/55/1 721/28/1
f 753/55/1 750/56/1 721/28/1
f 750/56/1 747/57/1 721/28/1
f 747/57/1 746/58/1 721/28/1
f 746/58/1 745/59/1 721/28/1
f 745/59/1 744/60/1 721/28/1
f 744/60/1 743/61/1 721/28/1
f 743/61/1 742/62/1 721/28/1
f 742/62/1 741/63/1 721/28/1
f 741/63/1 740/64/1 721/28/1
f 740/64/1 739/65/1 721/28/1
f 739/65/1 734/5/1 721/28/1
f 754/66/1 753/55/1 755/54/1
f 752/67/2 750/56/2 753/55/2
f 751/68/1 750/56/1 752/67/1
f 749/69/1 747/57/1 750/56/1
f 748/70/2 747/57/2 749/69/2
f 738/71/1 734/5/1 739/65/1
f 737/72/1 734/5/1 738/71/1
f 736/73/1 734/5/1 737/72/1
f 735/74/1 734/5/1 736/73/1
f 941/632/1 943/633/1 942/634/1
f 941/632/1 944/635/1 943/633/1
f 940/636/1 944/635/1 941/632/1
f 940/636/1 945/637/1 944/635/1
f 939/638/1 945/637/1 940/636/1
f 939/638/1 946/639/1 945/637/1
f 938/640/1 946/639/1 939/638/1
f 938/640/1 947/641/1 946/639/1
f 937/642/1 947/641/1 938/640/1
f 937/642/1 948/643/1 947/641/1
f 936/644/1 948/643/1 937/642/1
f 936/644/1 949/645/1 948/643/1
f 935/646/1 949/645/1 936/644/1
f 935/646/1 950/647/1 949/645/1
f 934/648/1 950/647/1 935/646/1
f 934/648/1 951/649/1 950/647/1
f 933/650/1 951/649/1 934/648/1
f 933/650/1 952/651/1 951/649/1
f 932/652/1 952/651/1 933/650/1
f 932/652/1 953/653/1 952/651/1
f 931/654/1 953/653/1 932/652/1
f 931/654/1 954/655/1 953/653/1
f 930/656/1 954/655/1 931/654/1
f 930/656/1 955/27/1 954/655/1
f 929/657/1 955/27/1 930/656/1
f 929/657/1 858/658/1 955/27/1
f 928/659/1 858/658/1 929/657/1
f 928/659/1 859/660/1 858/658/1
f 927/661/1 859/660/1 928/659/1
f 927/661/1 860/662/1 859/660/1
f 926/663/1 860/662/1 927/661/1
f 926/663/1 861/664/1 860/662/1
f 925/665/1 861/664/1 926/663/1
f 925/665/1 862/666/1 861/664/1
f 924/667/1 862/666/1 925/665/1
f 924/667/1 863/668/1 862/666/1
f 923/669/1 863/668/1 924/667/1
f 923/669/1 864/670/1 863/668/1
f 922/671/1 864/670/1 923/669/1
f 922/671/1 865/672/1 864/670/1
f 921/673/1 865/672/1 922/671/1
f 921/673/1 866/674/1 865/672/1
f 920/675/1 866/674/1 921/673/1
f 920/675/1 867/676/1 866/674/1
f 919/677/1 867/676/1 920/675/1
f 919/677/1 868/678/1 867/676/1
f 918/679/1 868/678/1 919/677/1
f 918/679/1 869/680/1 868/678/1
f 917/681/1 869/680/1 918/679/1
f 917/681/1 870/682/1 869/680/1
f 916/683/1 870/682/1 917/681/1
f 916/683/1 871/684/1 870/682/1
f 915/685/1 871/684/1 916/683/1
f 915/685/1 872/686/1 871/684/1
f 914/687/1 872/686/1 915/685/1
f 914/687/1 873/688/1 872/686/1
f 913/689/1 873/688/1 914/687/1
f 912/690/1 873/688/1 913/689/1
f 912/690/1 874/691/1 873/688/1
f 911/692/1 874/691/1 912/690/1
f 911/692/1 875/693/1 874/691/1
f 910/694/1 875/693/1 911/692/1
f 910/694/1 876/695/1 875/693/1
f 909/696/1 876/695/1 910/694/1
f 908/697/1 876/695/1 909/696/1
f 908/697/1 877/698/1 876/695/1
f 907/699/1 877/698/1 908/697/1
f 907/699/1 878/700/1 877/698/1
f 906/701/1 878/700/1 907/699/1
f 906/701/1 879/702/1 878/700/1
f 905/703/1 879/702/1 906/701/1
f 905/703/1 880/704/1 879/702/1
f 904/705/1 880/704/1 905/703/1
f 903/706/1 880/704/1 904/705/1
f 903/706/1 881/707/1 880/704/1
f 902/708/1 881/707/1 903/706/1
f 902/708/1 882/709/1 881/707/1
f 901/710/1 882/709/1 902/708/1
f 900/711/1 882/709/1 901/710/1
f 900/711/1 883/712/1 882/709/1
f 899/713/1 883/712/1 900/711/1
f 899/713/1 884/714/1 883/712/1
f 898/238/1 884/714/1 899/713/1
f 897/715/1 884/714/1 898/238/1
f 897/715/1 885/716/1 884/714/1
f 896/717/1 885/716/1 897/715/1
f 895/718/1 885/716/1 896/717/1
f 895/718/1 886/719/1 885/716/1
f 894/720/1 886/719/1 895/718/1
f 893/721/1 886/719/1 894/720/1
f 893/721/1 887/722/1 886/719/1
f 893/721/1 888/723/1 887/722/1
f 893/721/1 889/724/1 888/723/1
f 893/721/1 890/725/1 889/724/1
f 893/721/1 891/726/1 890/725/1
f 893/721/1 892/727/1 891/726/1
f 843/728/1 845/729/1 844/730/1
f 843/728/1 846/731/1 845/729/1
f 843/728/1 847/732/1 846/731/1
f 842/733/1 847/732/1 843/728/1
f 842/733/1 848/734/1 847/732/1
f 841/294/1 848/734/1 842/733/1
f 841/294/1 849/735/1 848/734/1
f 840/736/1 849/735/1 841/294/1
f 840/736/1 850/737/1 849/735/1
f 839/738/1 850/737/1 840/736/1
f 839/738/1 851/739/1 850/737/1
f 838/740/1 851/739/1 839/738/1
f 838/740/1 852/741/1 851/739/1
f 837/742/1 852/741/1 838/740/1
f 837/742/1 853/743/1 852/741/1
f 836/744/1 853/743/1 837/742/1
f 836/744/1 854/745/1 853/743/1
f 835/746/1 854/745/1 836/744/1
f 835/746/1 855/747/1 854/745/1
f 834/748/1 855/747/1 835/746/1
f 834/748/1 856/749/1 855/747/1
f 833/750/1 856/749/1 834/748/1
f 833/750/1 857/751/1 856/749/1
f 832/752/1 857/751/1 833/750/1
f 831/753/1 857/751/1 832/752/1
f 831/753/1 784/29/1 857/751/1
f 830/754/1 784/29/1 831/753/1
f 830/754/1 785/755/1 784/29/1
f 829/756/1 785/755/1 830/754/1
f 829/756/1 786/757/1 785/755/1
f 828/758/1 786/757/1 829/756/1
f 828/758/1 787/759/1 786/757/1
f 827/760/1 787/759/1 828/758/1
f 827/760/1 788/761/1 787/759/1
f 826/762/1 788/761/1 827/760/1
f 826/762/1 789/763/1 788/761/1
f 825/764/1 789/763/1 826/762/1
f 825/764/1 790/765/1 789/763/1
f 824/766/1 790/765/1 825/764/1
f 824/766/1 791/767/1 790/765/1
f 823/768/1 791/767/1 824/766/1
f 823/768/1 792/769/1 791/767/1
f 822/770/1 792/769/1 823/768/1
f 822/770/1 793/771/1 792/769/1
f 821/772/1 793/771/1 822/770/1
f 821/772/1 794/773/1 793/771/1
f 820/774/1 794/773/1 821/772/1
f 820/774/1 795/775/1 794/773/1
f 819/776/1 795/775/1 820/774/1
f 819/776/1 796/777/1 795/775/1
f 819/776/1 797/778/1 796/777/1
f 818/779/1 797/778/1 819/776/1
f 818/779/1 798/780/1 797/778/1
f 817/781/1 798/780/1 818/779/1
f 817/781/1 799/782/1 798/780/1
f 816/783/1 799/782/1 817/781/1
f 816/783/1 800/784/1 799/782/1
f 815/785/1 800/784/1 816/783/1
f 815/785/1 801/786/1 800/784/1
f 814/787/1 801/786/1 815/785/1
f 814/787/1 802/788/1 801/786/1
f 813/789/1 802/788/1 814/787/1
f 813/789/1 803/790/1 802/788/1
f 812/791/1 803/790/1 813/789/1
f 812/791/1 804/792/1 803/790/1
f 811/793/1 804/792/1 812/791/1
f 811/793/1 805/794/1 804/792/1
f 810/795/1 805/794/1 811/793/1
f 810/795/1 806/796/1 805/794/1
f 809/797/1 806/796/1 810/795/1
f 809/797/1 807/798/1 806/796/1
f 808/799/1 807/798/1 809/797/1
f 1016/1/1 1018/2/1 1017/3/1
f 978/4/1 980/5/1 979/6/1
f 1016/1/1 1019/7/1 1018/2/1
f 977/8/1 980/5/1 978/4/1
f 1016/1/1 1020/9/1 1019/7/1
f 976/10/1 980/5/1 977/8/1
f 1016/1/1 1021/11/1 1020/9/1
f 975/12/1 980/5/1 976/10/1
f 1016/1/1 1022/13/1 1021/11/1
f 974/14/1 980/5/1 975/12/1
f 1016/1/1 1023/15/1 1022/13/1
f 973/16/1 980/5/1 974/14/1
f 1016/1/1 1024/17/1 1023/15/1
f 972/18/1 980/5/1 973/16/1
f 1016/1/1 1025/19/1 1024/17/1
f 971/20/1 980/5/1 972/18/1
f 1016/1/1 1026/21/1 1025/19/1
f 970/22/1 980/5/1 971/20/1
f 1016/1/1 1027/23/1 1026/21/1
f 969/24/1 980/5/1 970/22/1
f 1016/1/1 1028/25/1 1027/23/1
f 968/26/1 980/5/1 969/24/1
f 1016/1/1 1029/27/1 1028/25/1
f 967/28/1 980/5/1 968/26/1
f 1016/1/1 956/29/1 1029/27/1
f 1016/1/1 957/30/1 956/29/1
f 1016/1/1 958/31/1 957/30/1
f 1016/1/1 959/32/1 958/31/1
f 1016/1/1 960/33/1 959/32/1
f 1016/1/1 961/34/1 960/33/1
f 1016/1/1 962/35/1 961/34/1
f 1016/1/1 963/36/1 962/35/1
f 1016/1/1 964/37/1 963/36/1
f 1016/1/1 965/38/1 964/37/1
f 1016/1/1 966/39/1 965/38/1
f 1016/1/1 967/28/1 966/39/1
f 1016/1/1 1015/40/1 967/28/1
f 1015/40/1 1014/41/1 967/28/1
f 1014/41/1 1013/42/1 967/28/1
f 1013/42/1 1012/43/1 967/28/1
f 1012/43/1 1011/44/1 967/28/1
f 1011/44/1 1010/45/1 967/28/1
f 1010/45/1 1009/46/1 967/28/1
f 1009/46/1 1008/47/1 967/28/1
f 1008/47/1 1007/48/1 967/28/1
f 1007/48/1 1006/49/1 967/28/1
f 1006/49/1 1005/50/1 967/28/1
f 1005/50/1 1004/51/1 967/28/1
f 1004/51/1 1001/54/1 967/28/1
f 1001/54/1 1000/66/1 967/28/1
f 1000/66/1 999/55/1 967/28/1
f 999/55/1 998/67/1 967/28/1
f 998/67/1 996/56/1 967/28/1
f 996/56/1 995/69/1 967/28/1
f 995/69/1 994/70/1 967/28/1
f 994/70/1 993/57/1 967/28/1
f 993/57/1 992/58/1 967/28/1
f 992/58/1 991/59/1 967/28/1
f 991/59/1 990/60/1 967/28/1
f 990/60/1 989/61/1 967/28/1
f 989/61/1 988/62/1 967/28/1
f 988/62/1 987/63/1 967/28/1
f 987/63/1 986/64/1 967/28/1
f 986/64/1 985/65/1 967/28/1
f 985/65/1 980/5/1 967/28/1
f 1003/52/1 1001/54/1 1004/51/1
f 1002/53/1 1001/54/1 1003/52/1
f 997/68/1 996/56/1 998/67/1
f 984/71/1 980/5/1 985/65/1
f 983/72/1 980/5/1 984/71/1
f 982/73/1 980/5/1 983/72/1
f 981/74/1 980/5/1 982/73/1
f 1186/800/1 1140/801/1 1187/802/1
f 1185/803/1 1140/801/1 1186/800/1
f 1185/803/1 1141/804/1 1140/801/1
f 1184/805/1 1141/804/1 1185/803/1
f 1184/805/1 1142/806/1 1141/804/1
f 1183/807/1 1142/806/1 1184/805/1
f 1183/807/1 1143/808/1 1142/806/1
f 1182/809/1 1143/808/1 1183/807/1
f 1182/809/1 1144/810/1 1143/808/1
f 1181/811/1 1144/810/1 1182/809/1
f 1181/811/1 1145/702/1 1144/810/1
f 1180/812/1 1145/702/1 1181/811/1
f 1180/812/1 1146/813/1 1145/702/1
f 1179/814/1 1116/815/1 1180/812/1
f 1116/815/1 1115/816/1 1180/812/1
f 1115/816/1 1146/813/1 1180/812/1
f 1115/816/1 1114/817/1 1146/813/1
f 1114/817/1 1147/818/1 1146/813/1
f 1179/814/1 1117/819/1 1116/815/1
f 1113/820/1 1147/818/1 1114/817/1
f 1179/814/1 1118/821/1 1117/819/1
f 1112/822/1 1147/818/1 1113/820/1
f 1179/814/1 1119/823/1 1118/821/1
f 1111/824/1 1147/818/1 1112/822/1
f 1179/814/1 1120/825/1 1119/823/1
f 1110/826/1 1147/818/1 1111/824/1
f 1178/827/1 1120/825/1 1179/814/1
f 1110/826/1 1148/828/1 1147/818/1
f 1178/827/1 1121/829/1 1120/825/1
f 1109/830/1 1148/828/1 1110/826/1
f 1178/827/1 1122/662/1 1121/829/1
f 1108/831/1 1148/828/1 1109/830/1
f 1177/832/1 1122/662/1 1178/827/1
f 1108/831/1 1149/833/1 1148/828/1
f 1177/832/1 1123/834/1 1122/662/1
f 1107/835/1 1149/833/1 1108/831/1
f 1177/832/1 1124/836/1 1123/834/1
f 1106/837/1 1149/833/1 1107/835/1
f 1176/838/1 1124/836/1 1177/832/1
f 1106/837/1 1150/839/1 1149/833/1
f 1176/838/1 1125/840/1 1124/836/1
f 1105/841/1 1150/839/1 1106/837/1
f 1176/838/1 1126/842/1 1125/840/1
f 1104/843/1 1150/839/1 1105/841/1
f 1175/844/1 1126/842/1 1176/838/1
f 1104/843/1 1151/845/1 1150/839/1
f 1175/844/1 1127/846/1 1126/842/1
f 1103/847/1 1151/845/1 1104/843/1
f 1174/848/1 1127/846/1 1175/844/1
f 1174/848/1 1128/849/1 1127/846/1
f 1102/850/1 1151/845/1 1103/847/1
f 1102/850/1 1152/851/1 1151/845/1
f 1174/848/1 1129/852/1 1128/849/1
f 1101/853/1 1152/851/1 1102/850/1
f 1237/27/1 1189/854/1 1188/855/1
f 1173/856/1 1129/852/1 1174/848/1
f 1101/853/1 1153/857/1 1152/851/1
f 1173/856/1 1130/858/1 1129/852/1
f 1100/859/1 1153/857/1 1101/853/1
f 1173/856/1 1131/860/1 1130/858/1
f 1099/294/1 1153/857/1 1100/859/1
f 1099/294/1 1154/861/1 1153/857/1
f 1172/862/1 1131/860/1 1173/856/1
f 1172/862/1 1132/863/1 1131/860/1
f 1098/864/1 1154/861/1 1099/294/1
f 1237/27/1 1190/865/1 1189/854/1
f 1172/862/1 1133/866/1 1132/863/1
f 1097/867/1 1154/861/1 1098/864/1
f 1236/868/1 1190/865/1 1237/27/1
f 1097/867/1 1155/869/1 1154/861/1
f 1171/870/1 1133/866/1 1172/862/1
f 1171/870/1 1134/871/1 1133/866/1
f 1096/872/1 1155/869/1 1097/867/1
f 1171/870/1 1135/873/1 1134/871/1
f 1095/874/1 1155/869/1 1096/872/1
f 1236/868/1 1191/681/1 1190/865/1
f 1095/874/1 1156/875/1 1155/869/1
f 1170/876/1 1135/873/1 1171/870/1
f 1094/877/1 1156/875/1 1095/874/1
f 1170/876/1 1136/878/1 1135/873/1
f 1093/879/1 1156/875/1 1094/877/1
f 1170/876/1 1137/880/1 1136/878/1
f 1235/881/1 1191/681/1 1236/868/1
f 1092/882/1 1156/875/1 1093/879/1
f 1170/876/1 1138/883/1 1137/880/1
f 1139/884/1 1156/875/1 1092/882/1
f 1170/876/1 1139/884/1 1138/883/1
f 1170/876/1 1156/875/1 1139/884/1
f 1170/876/1 1157/885/1 1156/875/1
f 1169/886/1 1157/885/1 1170/876/1
f 1169/886/1 1158/887/1 1157/885/1
f 1168/238/1 1158/887/1 1169/886/1
f 1235/881/1 1192/888/1 1191/681/1
f 1234/889/1 1192/888/1 1235/881/1
f 1168/238/1 1159/890/1 1158/887/1
f 1167/891/1 1159/890/1 1168/238/1
f 1167/891/1 1160/892/1 1159/890/1
f 1166/893/1 1160/892/1 1167/891/1
f 1166/893/1 1161/894/1 1160/892/1
f 1165/895/1 1161/894/1 1166/893/1
f 1234/889/1 1193/896/1 1192/888/1
f 1165/895/1 1162/897/1 1161/894/1
f 1164/898/1 1162/897/1 1165/895/1
f 1233/899/1 1193/896/1 1234/889/1
f 1164/898/1 1163/900/1 1162/897/1
f 1233/899/1 1194/901/1 1193/896/1
f 1232/902/1 1194/901/1 1233/899/1
f 1232/902/1 1195/903/1 1194/901/1
f 1231/904/1 1195/903/1 1232/902/1
f 1231/904/1 1196/905/1 1195/903/1
f 1230/906/1 1196/905/1 1231/904/1
f 1229/907/1 1196/905/1 1230/906/1
f 1229/907/1 1197/908/1 1196/905/1
f 1228/909/1 1197/908/1 1229/907/1
f 1228/909/1 1198/910/1 1197/908/1
f 1227/911/1 1198/910/1 1228/909/1
f 1227/911/1 1199/912/1 1198/910/1
f 1227/911/1 1200/913/1 1199/912/1
f 1226/914/1 1200/913/1 1227/911/1
f 1226/914/1 1201/915/1 1200/913/1
f 1225/916/1 1201/915/1 1226/914/1
f 1225/916/1 1202/917/1 1201/915/1
f 1224/918/1 1202/917/1 1225/916/1
f 1224/918/1 1203/919/1 1202/917/1
f 1223/920/1 1203/919/1 1224/918/1
f 1223/920/1 1204/921/1 1203/919/1
f 1222/922/1 1204/921/1 1223/920/1
f 1221/923/1 1204/921/1 1222/922/1
f 1221/923/1 1205/924/1 1204/921/1
f 1220/925/1 1205/924/1 1221/923/1
f 1220/925/1 1206/926/1 1205/924/1
f 1219/927/1 1206/926/1 1220/925/1
f 1219/927/1 1207/928/1 1206/926/1
f 1218/929/1 1207/928/1 1219/927/1
f 1218/929/1 1208/930/1 1207/928/1
f 1217/931/1 1208/930/1 1218/929/1
f 1217/931/1 1209/932/1 1208/930/1
f 1216/933/1 1209/932/1 1217/931/1
f 1216/933/1 1210/934/1 1209/932/1
f 1215/935/1 1210/934/1 1216/933/1
f 1215/935/1 1211/936/1 1210/934/1
f 1214/644/1 1211/936/1 1215/935/1
f 1214/644/1 1212/937/1 1211/936/1
f 1214/644/1 1213/938/1 1212/937/1
f 1090/939/1 1030/29/1 1091/940/1
f 1090/939/1 1031/941/1 1030/29/1
f 1090/939/1 1032/942/1 1031/941/1
f 1089/943/1 1032/942/1 1090/939/1
f 1089/943/1 1033/944/1 1032/942/1
f 1089/943/1 1034/945/1 1033/944/1
f 1089/943/1 1035/946/1 1034/945/1
f 1089/943/1 1036/947/1 1035/946/1
f 1089/943/1 1037/948/1 1036/947/1
f 1088/949/1 1037/948/1 1089/943/1
f 1088/949/1 1038/950/1 1037/948/1
f 1088/949/1 1039/951/1 1038/950/1
f 1088/949/1 1040/952/1 1039/951/1
f 1088/949/1 1041/953/1 1040/952/1
f 1088/949/1 1042/954/1 1041/953/1
f 1088/949/1 1043/955/1 1042/954/1
f 1087/956/1 1043/955/1 1088/949/1
f 1087/956/1 1044/957/1 1043/955/1
f 1086/958/1 1044/957/1 1087/956/1
f 1086/958/1 1045/959/1 1044/957/1
f 1086/958/1 1046/960/1 1045/959/1
f 1085/961/1 1046/960/1 1086/958/1
f 1085/961/1 1047/962/1 1046/960/1
f 1084/963/1 1047/962/1 1085/961/1
f 1084/963/1 1048/964/1 1047/962/1
f 1083/965/1 1048/964/1 1084/963/1
f 1083/965/1 1049/966/1 1048/964/1
f 1082/967/1 1049/966/1 1083/965/1
f 1082/967/1 1050/968/1 1049/966/1
f 1081/969/1 1050/968/1 1082/967/1
f 1081/969/1 1051/970/1 1050/968/1
f 1080/971/1 1051/970/1 1081/969/1
f 1080/971/1 1052/972/1 1051/970/1
f 1079/973/1 1052/972/1 1080/971/1
f 1079/973/1 1053/790/1 1052/972/1
f 1078/974/1 1053/790/1 1079/973/1
f 1078/974/1 1054/975/1 1053/790/1
f 1077/976/1 1054/975/1 1078/974/1
f 1077/976/1 1055/977/1 1054/975/1
f 1076/770/1 1055/977/1 1077/976/1
f 1076/770/1 1056/978/1 1055/977/1
f 1075/979/1 1056/978/1 1076/770/1
f 1075/979/1 1057/980/1 1056/978/1
f 1074/981/1 1057/980/1 1075/979/1
f 1074/981/1 1058/982/1 1057/980/1
f 1073/983/1 1058/982/1 1074/981/1
f 1073/983/1 1059/984/1 1058/982/1
f 1072/985/1 1059/984/1 1073/983/1
f 1072/985/1 1060/986/1 1059/984/1
f 1071/987/1 1060/986/1 1072/985/1
f 1071/987/1 1061/988/1 1060/986/1
f 1070/989/1 1061/988/1 1071/987/1
f 1070/989/1 1062/990/1 1061/988/1
f 1069/991/1 1062/990/1 1070/989/1
f 1069/991/1 1063/992/1 1062/990/1
f 1068/993/1 1063/992/1 1069/991/1
f 1068/993/1 1064/994/1 1063/992/1
f 1067/995/1 1064/994/1 1068/993/1
f 1067/995/1 1065/996/1 1064/994/1
f 1066/997/1 1065/996/1 1067/995/1
f 1261/998/1 1263/999/1 1262/1000/1
f 1457/1001/1 1459/27/1 1458/1002/1
f 1457/1001/1 1275/1003/1 1459/27/1
f 1260/1004/1 1263/999/1 1261/998/1
f 1260/1004/1 1264/1005/1 1263/999/1
f 1456/1006/1 1275/1003/1 1457/1001/1
f 1456/1006/1 1276/1007/1 1275/1003/1
f 1259/1008/1 1264/1005/1 1260/1004/1
f 1259/1008/1 1265/1009/1 1264/1005/1
f 1455/1010/1 1276/1007/1 1456/1006/1
f 1455/1010/1 1277/1011/1 1276/1007/1
f 1258/1012/1 1265/1009/1 1259/1008/1
f 1258/1012/1 1266/1013/1 1265/1009/1
f 1454/1014/1 1277/1011/1 1455/1010/1
f 1454/1014/1 1278/1015/1 1277/1011/1
f 1258/1012/1 1267/1016/1 1266/1013/1
f 1257/1017/1 1267/1016/1 1258/1012/1
f 1454/1014/1 1279/1018/1 1278/1015/1
f 1453/1019/1 1279/1018/1 1454/1014/1
f 1257/1017/1 1268/1020/1 1267/1016/1
f 1453/1019/1 1280/1021/1 1279/1018/1
f 1256/1022/1 1268/1020/1 1257/1017/1
f 1452/1023/1 1280/1021/1 1453/1019/1
f 1256/1022/1 1269/1024/1 1268/1020/1
f 1452/1023/1 1281/1025/1 1280/1021/1
f 1255/1026/1 1269/1024/1 1256/1022/1
f 1451/1027/1 1281/1025/1 1452/1023/1
f 1451/1027/1 1282/1028/1 1281/1025/1
f 1255/1026/1 1270/1029/1 1269/1024/1
f 1450/1030/1 1282/1028/1 1451/1027/1
f 1254/1031/1 1270/1029/1 1255/1026/1
f 1450/1030/1 1283/1032/1 1282/1028/1
f 1254/1031/1 1271/1033/1 1270/1029/1
f 1449/1034/1 1283/1032/1 1450/1030/1
f 1253/1035/1 1271/1033/1 1254/1031/1
f 1449/1034/1 1284/1036/1 1283/1032/1
f 1253/1035/1 1272/1037/1 1271/1033/1
f 1448/1038/1 1284/1036/1 1449/1034/1
f 1448/1038/1 1285/1039/1 1284/1036/1
f 1252/1040/1 1272/1037/1 1253/1035/1
f 1252/1040/1 1273/1041/1 1272/1037/1
f 1447/1042/1 1285/1039/1 1448/1038/1
f 1447/1042/1 1286/1043/1 1285/1039/1
f 1252/1040/1 1274/1044/1 1273/1041/1
f 1251/1045/1 1274/1044/1 1252/1040/1
f 1446/1046/1 1286/1043/1 1447/1042/1
f 1446/1046/1 1422/1047/1 1286/1043/1
f 1422/1047/1 1287/1048/1 1286/1043/1
f 1422/1047/1 1288/1049/1 1287/1048/1
f 1422/1047/1 1289/1050/1 1288/1049/1
f 1422/1047/1 1290/1051/1 1289/1050/1
f 1422/1047/1 1291/1052/1 1290/1051/1
f 1446/1046/1 1423/1053/1 1422/1047/1
f 1421/1054/1 1291/1052/1 1422/1047/1
f 1251/1045/1 1238/29/1 1274/1044/1
f 1421/1054/1 1292/1055/1 1291/1052/1
f 1251/1045/1 1239/1056/1 1238/29/1
f 1421/1054/1 1293/1057/1 1292/1055/1
f 1446/1046/1 1424/1058/1 1423/1053/1
f 1421/1054/1 1294/1059/1 1293/1057/1
f 1251/1045/1 1240/1060/1 1239/1056/1
f 1421/1054/1 1295/1061/1 1294/1059/1
f 1446/1046/1 1425/1062/1 1424/1058/1
f 1250/1063/1 1240/1060/1 1251/1045/1
f 1250/1063/1 1241/1064/1 1240/1060/1
f 1445/1065/1 1425/1062/1 1446/1046/1
f 1421/1054/1 1296/1066/1 1295/1061/1
f 1444/1067/1 1425/1062/1 1445/1065/1
f 1250/1063/1 1242/1068/1 1241/1064/1
f 1444/1067/1 1426/1069/1 1425/1062/1
f 1421/1054/1 1297/1070/1 1296/1066/1
f 1443/1071/1 1426/1069/1 1444/1067/1
f 1421/1054/1 1298/1072/1 1297/1070/1
f 1250/1063/1 1243/1073/1 1242/1068/1
f 1443/1071/1 1427/1074/1 1426/1069/1
f 1442/1075/1 1427/1074/1 1443/1071/1
f 1421/1054/1 1299/1076/1 1298/1072/1
f 1250/1063/1 1244/1077/1 1243/1073/1
f 1421/1054/1 1420/1078/1 1299/1076/1
f 1420/1078/1 1384/1079/1 1299/1076/1
f 1384/1079/1 1383/1080/1 1299/1076/1
f 1383/1080/1 1300/1081/1 1299/1076/1
f 1442/1075/1 1428/1082/1 1427/1074/1
f 1441/1083/1 1428/1082/1 1442/1075/1
f 1250/1063/1 1245/1084/1 1244/1077/1
f 1440/1085/1 1428/1082/1 1441/1083/1
f 1440/1085/1 1429/1086/1 1428/1082/1
f 1249/1087/1 1248/1088/1 1250/1063/1
f 1248/1088/1 1247/1089/1 1250/1063/1
f 1247/1089/1 1246/1090/1 1250/1063/1
f 1246/1090/1 1245/1084/1 1250/1063/1
f 1439/1091/1 1429/1086/1 1440/1085/1
f 1439/1091/1 1430/1092/1 1429/1086/1
f 1438/1093/1 1430/1092/1 1439/1091/1
f 1438/1093/1 1431/1094/1 1430/1092/1
f 1437/1095/1 1431/1094/1 1438/1093/1
f 1437/1095/1 1432/1096/1 1431/1094/1
f 1436/1097/1 1432/1096/1 1437/1095/1
f 1436/1097/1 1433/1098/1 1432/1096/1
f 1435/1099/1 1433/1098/1 1436/1097/1
f 1435/1099/1 1434/1100/1 1433/1098/1
f 1419/1101/1 1384/1079/1 1420/1078/1
f 1419/1101/1 1385/1102/1 1384/1079/1
f 1382/1103/1 1300/1081/1 1383/1080/1
f 1382/1103/1 1301/1104/1 1300/1081/1
f 1418/1105/1 1385/1102/1 1419/1101/1
f 1418/1105/1 1386/1106/1 1385/1102/1
f 1381/1107/1 1301/1104/1 1382/1103/1
f 1417/1108/1 1386/1106/1 1418/1105/1
f 1417/1108/1 1387/1109/1 1386/1106/1
f 1381/1107/1 1302/1110/1 1301/1104/1
f 1380/1111/1 1302/1110/1 1381/1107/1
f 1416/1112/1 1387/1109/1 1417/1108/1
f 1416/1112/1 1388/1113/1 1387/1109/1
f 1380/1111/1 1303/1114/1 1302/1110/1
f 1379/1115/1 1303/1114/1 1380/1111/1
f 1415/1116/1 1388/1113/1 1416/1112/1
f 1415/1116/1 1389/1117/1 1388/1113/1
f 1414/1118/1 1389/1117/1 1415/1116/1
f 1378/1119/1 1303/1114/1 1379/1115/1
f 1378/1119/1 1304/1120/1 1303/1114/1
f 1414/1118/1 1390/1121/1 1389/1117/1
f 1413/1122/1 1390/1121/1 1414/1118/1
f 1377/1123/1 1304/1120/1 1378/1119/1
f 1377/1123/1 1305/1124/1 1304/1120/1
f 1376/1125/1 1305/1124/1 1377/1123/1
f 1412/1126/1 1390/1121/1 1413/1122/1
f 1412/1126/1 1391/1127/1 1390/1121/1
f 1376/1125/1 1306/1128/1 1305/1124/1
f 1375/1129/1 1306/1128/1 1376/1125/1
f 1411/1130/1 1391/1127/1 1412/1126/1
f 1411/1130/1 1392/1131/1 1391/1127/1
f 1374/1132/1 1306/1128/1 1375/1129/1
f 1374/1132/1 1307/1133/1 1306/1128/1
f 1410/1134/1 1392/1131/1 1411/1130/1
f 1373/1135/1 1307/1133/1 1374/1132/1
f 1410/1134/1 1393/1136/1 1392/1131/1
f 1373/1135/1 1308/1137/1 1307/1133/1
f 1372/1138/1 1308/1137/1 1373/1135/1
f 1409/1139/1 1393/1136/1 1410/1134/1
f 1371/1140/1 1308/1137/1 1372/1138/1
f 1370/1141/1 1308/1137/1 1371/1140/1
f 1369/1142/1 1308/1137/1 1370/1141/1
f 1369/1142/1 1309/1143/1 1308/1137/1
f 1368/1144/1 1309/1143/1 1369/1142/1
f 1346/1145/1 1348/1146/1 1347/1147/1
f 1367/1148/1 1309/1143/1 1368/1144/1
f 1346/1145/1 1349/1149/1 1348/1146/1
f 1366/1150/1 1309/1143/1 1367/1148/1
f 1346/1145/1 1350/1151/1 1349/1149/1
f 1365/1152/1 1309/1143/1 1366/1150/1
f 1346/1145/1 1351/1153/1 1350/1151/1
f 1364/1154/1 1309/1143/1 1365/1152/1
f 1346/1145/1 1352/1155/1 1351/1153/1
f 1363/1156/1 1309/1143/1 1364/1154/1
f 1346/1145/1 1353/1157/1 1352/1155/1
f 1362/1158/1 1309/1143/1 1363/1156/1
f 1346/1145/1 1354/1159/1 1353/1157/1
f 1345/1160/1 1354/1159/1 1346/1145/1
f 1361/1161/1 1309/1143/1 1362/1158/1
f 1345/1160/1 1355/1162/1 1354/1159/1
f 1345/1160/1 1356/1163/1 1355/1162/1
f 1360/1164/1 1309/1143/1 1361/1161/1
f 1408/1165/1 1393/1136/1 1409/1139/1
f 1345/1160/1 1357/1166/1 1356/1163/1
f 1359/1167/1 1309/1143/1 1360/1164/1
f 1345/1160/1 1358/1168/1 1357/1166/1
f 1345/1160/1 1359/1167/1 1358/1168/1
f 1345/1160/1 1309/1143/1 1359/1167/1
f 1408/1165/1 1394/1169/1 1393/1136/1
f 1344/1170/1 1309/1143/1 1345/1160/1
f 1344/1170/1 1310/1171/1 1309/1143/1
f 1343/1172/1 1310/1171/1 1344/1170/1
f 1342/1173/1 1310/1171/1 1343/1172/1
f 1407/1174/1 1394/1169/1 1408/1165/1
f 1341/1175/1 1310/1171/1 1342/1173/1
f 1341/1175/1 1311/1176/1 1310/1171/1
f 1406/1177/1 1394/1169/1 1407/1174/1
f 1405/1178/1 1394/1169/1 1406/1177/1
f 1340/1179/1 1311/1176/1 1341/1175/1
f 1405/1178/1 1395/1180/1 1394/1169/1
f 1404/1181/1 1395/1180/1 1405/1178/1
f 1340/1179/1 1312/1182/1 1311/1176/1
f 1339/1183/1 1312/1182/1 1340/1179/1
f 1403/1184/1 1395/1180/1 1404/1181/1
f 1339/1183/1 1313/1185/1 1312/1182/1
f 1338/1186/1 1313/1185/1 1339/1183/1
f 1402/1187/1 1395/1180/1 1403/1184/1
f 1338/1186/1 1314/1188/1 1313/1185/1
f 1337/1189/1 1314/1188/1 1338/1186/1
f 1337/1189/1 1315/1190/1 1314/1188/1
f 1401/1191/1 1395/1180/1 1402/1187/1
f 1337/1189/1 1316/1192/1 1315/1190/1
f 1336/1193/1 1316/1192/1 1337/1189/1
f 1400/1194/1 1395/1180/1 1401/1191/1
f 1336/1193/1 1317/1195/1 1316/1192/1
f 1400/1194/1 1399/1196/1 1395/1180/1
f 1399/1196/1 1398/1197/1 1395/1180/1
f 1398/1197/1 1397/1198/1 1395/1180/1
f 1397/1198/1 1396/1199/1 1395/1180/1
f 1336/1193/1 1318/1200/1 1317/1195/1
f 1335/1201/1 1318/1200/1 1336/1193/1
f 1335/1201/1 1319/1202/1 1318/1200/1
f 1335/1201/1 1320/1203/1 1319/1202/1
f 1335/1201/1 1321/1204/1 1320/1203/1
f 1334/1205/1 1321/1204/1 1335/1201/1
f 1334/1205/1 1322/1206/1 1321/1204/1
f 1333/1207/1 1322/1206/1 1334/1205/1
f 1333/1207/1 1323/1208/1 1322/1206/1
f 1332/1209/1 1323/1208/1 1333/1207/1
f 1332/1209/1 1324/1210/1 1323/1208/1
f 1331/1211/1 1324/1210/1 1332/1209/1
f 1331/1211/1 1325/1212/1 1324/1210/1
f 1330/1213/1 1325/1212/1 1331/1211/1
f 1330/1213/1 1326/1214/1 1325/1212/1
f 1329/1215/1 1326/1214/1 1330/1213/1
f 1329/1215/1 1327/1216/1 1326/1214/1
f 1328/1217/1 1327/1216/1 1329/1215/1
f 1513/1218/1 1515/1219/1 1514/1220/1
f 1513/1218/1 1464/1221/1 1515/1219/1
f 1513/1218/1 1465/1222/1 1464/1221/1
f 1513/1218/1 1466/1223/1 1465/1222/1
f 1512/1224/1 1466/1223/1 1513/1218/1
f 1512/1224/1 1467/1225/1 1466/1223/1
f 1512/1224/1 1468/1226/1 1467/1225/1
f 1512/1224/1 1469/1227/1 1468/1226/1
f 1512/1224/1 1470/1228/1 1469/1227/1
f 1511/1229/1 1470/1228/1 1512/1224/1
f 1511/1229/1 1471/1230/1 1470/1228/1
f 1511/1229/1 1472/1231/1 1471/1230/1
f 1511/1229/1 1473/1232/1 1472/1231/1
f 1511/1229/1 1474/1233/1 1473/1232/1
f 1511/1229/1 1475/1234/1 1474/1233/1
f 1510/1235/1 1475/1234/1 1511/1229/1
f 1510/1235/1 1476/1236/1 1475/1234/1
f 1510/1235/1 1477/1237/1 1476/1236/1
f 1509/1238/1 1477/1237/1 1510/1235/1
f 1508/1239/1 1478/1240/1 1509/1238/1
f 1478/1240/1 1477/1237/1 1509/1238/1
f 1508/1239/1 1479/1241/1 1478/1240/1
f 1508/1239/1 1480/1242/1 1479/1241/1
f 1507/1243/1 1480/1242/1 1508/1239/1
f 1507/1243/1 1481/1244/1 1480/1242/1
f 1506/1245/1 1481/1244/1 1507/1243/1
f 1506/1245/1 1482/1246/1 1481/1244/1
f 1461/1247/1 1463/1248/1 1462/1249/1
f 1461/1247/1 1460/29/1 1463/1248/1
f 1505/1250/1 1482/1246/1 1506/1245/1
f 1505/1250/1 1483/1251/1 1482/1246/1
f 1505/1250/1 1484/1252/1 1483/1251/1
f 1504/1253/1 1484/1252/1 1505/1250/1
f 1504/1253/1 1485/1254/1 1484/1252/1
f 1503/1255/1 1485/1254/1 1504/1253/1
f 1503/1255/1 1486/1256/1 1485/1254/1
f 1502/1257/1 1486/1256/1 1503/1255/1
f 1502/1257/1 1487/1258/1 1486/1256/1
f 1501/1259/1 1487/1258/1 1502/1257/1
f 1501/1259/1 1488/1260/1 1487/1258/1
f 1500/1261/1 1488/1260/1 1501/1259/1
f 1499/1262/1 1488/1260/1 1500/1261/1
f 1498/1263/1 1488/1260/1 1499/1262/1
f 1497/1264/1 1488/1260/1 1498/1263/1
f 1497/1264/1 1489/1265/1 1488/1260/1
f 1496/1266/1 1489/1265/1 1497/1264/1
f 1495/1267/1 1489/1265/1 1496/1266/1
f 1494/1268/1 1489/1265/1 1495/1267/1
f 1493/1269/1 1489/1265/1 1494/1268/1
f 1493/1269/1 1492/1270/1 1489/1265/1
f 1492/1270/1 1491/1271/1 1489/1265/1
f 1491/1271/1 1490/1272/1 1489/1265/1
f 1576/1273/1 1578/1274/1 1577/1275/1
f 1576/1273/1 1516/1276/1 1578/1274/1
f 1576/1273/1 1575/1277/1 1516/1276/1
f 1575/1277/1 1517/1278/1 1516/1276/1
f 1574/1279/1 1517/1278/1 1575/1277/1
f 1601/1280/1 1603/1281/1 1602/1282/1
f 1600/1283/1 1603/1281/1 1601/1280/1
f 1600/1283/1 1604/1284/1 1603/1281/1
f 1599/1285/1 1604/1284/1 1600/1283/1
f 1599/1285/1 1605/1286/1 1604/1284/1
f 1574/1279/1 1518/1287/1 1517/1278/1
f 1688/1288/1 1579/1289/1 1689/27/1
f 1598/1290/1 1605/1286/1 1599/1285/1
f 1573/1291/1 1518/1287/1 1574/1279/1
f 1688/1288/1 1580/1292/1 1579/1289/1
f 1598/1290/1 1606/1293/1 1605/1286/1
f 1597/1294/1 1606/1293/1 1598/1290/1
f 1688/1288/1 1581/1295/1 1580/1292/1
f 1688/1288/1 1582/1296/1 1581/1295/1
f 1596/1297/1 1606/1293/1 1597/1294/1
f 1596/1297/1 1607/1298/1 1606/1293/1
f 1688/1288/1 1583/1299/1 1582/1296/1
f 1595/1300/1 1607/1298/1 1596/1297/1
f 1595/1300/1 1608/1301/1 1607/1298/1
f 1688/1288/1 1584/1302/1 1583/1299/1
f 1687/1303/1 1584/1302/1 1688/1288/1
f 1594/1304/1 1608/1301/1 1595/1300/1
f 1687/1303/1 1585/1305/1 1584/1302/1
f 1573/1291/1 1519/1306/1 1518/1287/1
f 1686/1307/1 1585/1305/1 1687/1303/1
f 1594/1304/1 1609/1308/1 1608/1301/1
f 1686/1307/1 1586/1309/1 1585/1305/1
f 1685/1310/1 1586/1309/1 1686/1307/1
f 1593/1311/1 1609/1308/1 1594/1304/1
f 1572/1312/1 1519/1306/1 1573/1291/1
f 1593/1311/1 1610/1313/1 1609/1308/1
f 1685/1310/1 1587/1314/1 1586/1309/1
f 1684/1315/1 1587/1314/1 1685/1310/1
f 1592/1316/1 1610/1313/1 1593/1311/1
f 1683/1317/1 1587/1314/1 1684/1315/1
f 1683/1317/1 1588/1318/1 1587/1314/1
f 1592/1316/1 1611/1319/1 1610/1313/1
f 1591/1320/1 1611/1319/1 1592/1316/1
f 1682/1321/1 1588/1318/1 1683/1317/1
f 1682/1321/1 1589/1322/1 1588/1318/1
f 1591/1320/1 1612/1323/1 1611/1319/1
f 1590/1324/1 1612/1323/1 1591/1320/1
f 1681/1325/1 1589/1322/1 1682/1321/1
f 1681/1325/1 1590/1324/1 1589/1322/1
f 1572/1312/1 1520/1326/1 1519/1306/1
f 1680/1327/1 1590/1324/1 1681/1325/1
f 1680/1327/1 1612/1323/1 1590/1324/1
f 1680/1327/1 1613/1328/1 1612/1323/1
f 1679/1329/1 1613/1328/1 1680/1327/1
f 1571/1330/1 1520/1326/1 1572/1312/1
f 1679/1329/1 1614/1331/1 1613/1328/1
f 1678/1332/1 1614/1331/1 1679/1329/1
f 1678/1332/1 1615/1333/1 1614/1331/1
f 1677/1334/1 1615/1333/1 1678/1332/1
f 1571/1330/1 1521/1335/1 1520/1326/1
f 1677/1334/1 1616/1336/1 1615/1333/1
f 1676/1337/1 1616/1336/1 1677/1334/1
f 1675/1338/1 1616/1336/1 1676/1337/1
f 1675/1338/1 1617/1339/1 1616/1336/1
f 1570/1340/1 1521/1335/1 1571/1330/1
f 1675/1338/1 1618/1341/1 1617/1339/1
f 1538/1342/1 1540/1343/1 1539/1344/1
f 1674/1345/1 1618/1341/1 1675/1338/1
f 1538/1342/1 1541/1346/1 1540/1343/1
f 1538/1342/1 1542/1347/1 1541/1346/1
f 1674/1345/1 1619/1348/1 1618/1341/1
f 1538/1342/1 1543/1349/1 1542/1347/1
f 1570/1340/1 1522/1350/1 1521/1335/1
f 1538/1342/1 1544/1351/1 1543/1349/1
f 1673/1352/1 1640/1353/1 1674/1345/1
f 1640/1353/1 1619/1348/1 1674/1345/1
f 1537/1354/1 1544/1351/1 1538/1342/1
f 1537/1354/1 1545/1355/1 1544/1351/1
f 1640/1353/1 1620/1356/1 1619/1348/1
f 1673/1352/1 1641/1357/1 1640/1353/1
f 1639/1358/1 1620/1356/1 1640/1353/1
f 1537/1354/1 1546/1359/1 1545/1355/1
f 1537/1354/1 1547/1360/1 1546/1359/1
f 1537/1354/1 1548/1361/1 1547/1360/1
f 1537/1354/1 1549/1362/1 1548/1361/1
f 1639/1358/1 1621/1363/1 1620/1356/1
f 1672/1364/1 1641/1357/1 1673/1352/1
f 1638/1365/1 1621/1363/1 1639/1358/1
f 1537/1354/1 1550/1366/1 1549/1362/1
f 1536/1367/1 1550/1366/1 1537/1354/1
f 1536/1367/1 1551/1368/1 1550/1366/1
f 1569/1369/1 1522/1350/1 1570/1340/1
f 1672/1364/1 1642/1370/1 1641/1357/1
f 1536/1367/1 1552/1371/1 1551/1368/1
f 1638/1365/1 1622/1372/1 1621/1363/1
f 1569/1369/1 1523/1373/1 1522/1350/1
f 1637/1374/1 1622/1372/1 1638/1365/1
f 1671/1375/1 1642/1370/1 1672/1364/1
f 1535/1376/1 1552/1371/1 1536/1367/1
f 1637/1374/1 1623/1377/1 1622/1372/1
f 1671/1375/1 1643/1378/1 1642/1370/1
f 1636/1379/1 1623/1377/1 1637/1374/1
f 1670/1380/1 1643/1378/1 1671/1375/1
f 1535/1376/1 1553/1381/1 1552/1371/1
f 1534/1382/1 1553/1381/1 1535/1376/1
f 1636/1379/1 1624/1383/1 1623/1377/1
f 1635/1384/1 1624/1383/1 1636/1379/1
f 1569/1369/1 1524/1385/1 1523/1373/1
f 1670/1380/1 1644/1386/1 1643/1378/1
f 1669/1387/1 1644/1386/1 1670/1380/1
f 1635/1384/1 1625/1388/1 1624/1383/1
f 1568/1389/1 1524/1385/1 1569/1369/1
f 1533/1390/1 1553/1381/1 1534/1382/1
f 1634/1391/1 1625/1388/1 1635/1384/1
f 1634/1391/1 1626/1392/1 1625/1388/1
f 1668/1393/1 1644/1386/1 1669/1387/1
f 1668/1393/1 1645/1394/1 1644/1386/1
f 1533/1390/1 1554/1395/1 1553/1381/1
f 1532/1396/1 1554/1395/1 1533/1390/1
f 1633/1397/1 1626/1392/1 1634/1391/1
f 1568/1389/1 1525/1398/1 1524/1385/1
f 1633/1397/1 1627/1399/1 1626/1392/1
f 1531/1400/1 1554/1395/1 1532/1396/1
f 1667/1401/1 1645/1394/1 1668/1393/1
f 1632/1402/1 1627/1399/1 1633/1397/1
f 1667/1401/1 1646/1403/1 1645/1394/1
f 1632/1402/1 1631/1404/1 1627/1399/1
f 1631/1404/1 1630/1405/1 1627/1399/1
f 1630/1405/1 1629/1406/1 1627/1399/1
f 1629/1406/1 1628/1407/1 1627/1399/1
f 1530/1408/1 1554/1395/1 1531/1400/1
f 1530/1408/1 1555/1409/1 1554/1395/1
f 1567/1410/1 1525/1398/1 1568/1389/1
f 1567/1410/1 1526/1411/1 1525/1398/1
f 1666/1412/1 1646/1403/1 1667/1401/1
f 1529/1413/1 1555/1409/1 1530/1408/1
f 1666/1412/1 1647/1414/1 1646/1403/1
f 1528/1415/1 1555/1409/1 1529/1413/1
f 1567/1410/1 1527/1416/1 1526/1411/1
f 1527/1416/1 1555/1409/1 1528/1415/1
f 1665/1417/1 1647/1414/1 1666/1412/1
f 1567/1410/1 1555/1409/1 1527/1416/1
f 1567/1410/1 1556/1418/1 1555/1409/1
f 1665/1417/1 1648/1419/1 1647/1414/1
f 1664/1420/1 1648/1419/1 1665/1417/1
f 1566/1421/1 1556/1418/1 1567/1410/1
f 1566/1421/1 1557/1422/1 1556/1418/1
f 1663/1423/1 1648/1419/1 1664/1420/1
f 1663/1423/1 1649/1424/1 1648/1419/1
f 1662/1425/1 1649/1424/1 1663/1423/1
f 1661/1426/1 1649/1424/1 1662/1425/1
f 1566/1421/1 1558/1427/1 1557/1422/1
f 1660/1428/1 1649/1424/1 1661/1426/1
f 1565/1429/1 1558/1427/1 1566/1421/1
f 1660/1428/1 1650/1430/1 1649/1424/1
f 1659/1431/1 1650/1430/1 1660/1428/1
f 1658/1432/1 1650/1430/1 1659/1431/1
f 1565/1429/1 1559/1433/1 1558/1427/1
f 1657/1434/1 1650/1430/1 1658/1432/1
f 1657/1434/1 1651/1435/1 1650/1430/1
f 1565/1429/1 1560/1436/1 1559/1433/1
f 1656/1437/1 1651/1435/1 1657/1434/1
f 1564/1438/1 1560/1436/1 1565/1429/1
f 1655/1439/1 1651/1435/1 1656/1437/1
f 1564/1438/1 1561/1440/1 1560/1436/1
f 1654/1441/1 1651/1435/1 1655/1439/1
f 1654/1441/1 1653/1442/1 1651/1435/1
f 1653/1442/1 1652/1443/1 1651/1435/1
f 1564/1438/1 1562/1444/1 1561/1440/1
f 1563/1445/1 1562/1444/1 1564/1438/1
f 1712/1446/1 1714/1447/1 1713/1448/1
f 1711/1449/1 1714/1447/1 1712/1446/1
f 1710/1450/1 1714/1447/1 1711/1449/1
f 1709/1451/1 1714/1447/1 1710/1450/1
f 1708/790/1 1714/1447/1 1709/1451/1
f 1707/1452/1 1714/1447/1 1708/790/1
f 1706/1453/1 1714/1447/1 1707/1452/1
f 1705/1454/1 1714/1447/1 1706/1453/1
f 1704/1455/1 1714/1447/1 1705/1454/1
f 1703/1456/1 1714/1447/1 1704/1455/1
f 1702/1457/1 1714/1447/1 1703/1456/1
f 1701/1458/1 1714/1447/1 1702/1457/1
f 1700/1459/1 1714/1447/1 1701/1458/1
f 1699/1460/1 1714/1447/1 1700/1459/1
f 1698/1461/1 1714/1447/1 1699/1460/1
f 1697/1462/1 1714/1447/1 1698/1461/1
f 1696/1463/1 1714/1447/1 1697/1462/1
f 1695/1464/1 1714/1447/1 1696/1463/1
f 1694/1465/1 1714/1447/1 1695/1464/1
f 1693/1466/1 1714/1447/1 1694/1465/1
f 1692/1467/1 1714/1447/1 1693/1466/1
f 1691/1468/1 1714/1447/1 1692/1467/1
f 1690/29/1 1714/1447/1 1691/1468/1
f 1800/1469/1 1714/1447/1 1690/29/1
f 1799/1470/1 1714/1447/1 1800/1469/1
f 1798/238/1 1714/1447/1 1799/1470/1
f 1797/1471/1 1714/1447/1 1798/238/1
f 1796/1472/1 1714/1447/1 1797/1471/1
f 1795/1473/1 1714/1447/1 1796/1472/1
f 1794/1474/1 1714/1447/1 1795/1473/1
f 1793/1475/1 1714/1447/1 1794/1474/1
f 1792/1476/1 1714/1447/1 1793/1475/1
f 1791/1477/1 1714/1447/1 1792/1476/1
f 1790/1478/1 1714/1447/1 1791/1477/1
f 1789/1479/1 1714/1447/1 1790/1478/1
f 1788/1480/1 1714/1447/1 1789/1479/1
f 1787/1481/1 1786/1482/1 1788/1480/1
f 1786/1482/1 1785/1483/1 1788/1480/1
f 1785/1483/1 1784/1484/1 1788/1480/1
f 1784/1484/1 1783/1485/1 1788/1480/1
f 1783/1485/1 1782/1486/1 1788/1480/1
f 1782/1486/1 1781/1487/1 1788/1480/1
f 1781/1487/1 1780/702/1 1788/1480/1
f 1780/702/1 1779/1488/1 1788/1480/1
f 1779/1488/1 1775/1489/1 1788/1480/1
f 1775/1489/1 1719/1490/1 1788/1480/1
f 1719/1490/1 1718/1491/1 1788/1480/1
f 1718/1491/1 1717/1492/1 1788/1480/1
f 1717/1492/1 1716/1493/1 1788/1480/1
f 1716/1493/1 1715/1494/1 1788/1480/1
f 1715/1494/1 1714/1447/1 1788/1480/1
f 1775/1489/1 1720/1495/1 1719/1490/1
f 1775/1489/1 1721/1496/1 1720/1495/1
f 1775/1489/1 1722/1497/1 1721/1496/1
f 1775/1489/1 1723/1498/1 1722/1497/1
f 1775/1489/1 1724/1499/1 1723/1498/1
f 1775/1489/1 1725/1500/1 1724/1499/1
f 1779/1488/1 1778/1501/1 1775/1489/1
f 1778/1501/1 1776/1502/1 1775/1489/1
f 1774/1503/1 1725/1500/1 1775/1489/1
f 1774/1503/1 1726/770/1 1725/1500/1
f 1778/1501/1 1777/1504/1 1776/1502/1
f 1774/1503/1 1727/1505/1 1726/770/1
f 1773/1506/1 1727/1505/1 1774/1503/1
f 1773/1506/1 1728/1507/1 1727/1505/1
f 1772/1508/1 1728/1507/1 1773/1506/1
f 1772/1508/1 1729/1509/1 1728/1507/1
f 1771/528/1 1729/1509/1 1772/1508/1
f 1771/528/1 1730/1510/1 1729/1509/1
f 1839/1511/1 1841/1512/1 1840/1513/1
f 1770/1514/1 1730/1510/1 1771/528/1
f 1839/1511/1 1842/1515/1 1841/1512/1
f 1770/1514/1 1731/1516/1 1730/1510/1
f 1839/1511/1 1843/1517/1 1842/1515/1
f 1838/1518/1 1843/1517/1 1839/1511/1
f 1838/1518/1 1844/1519/1 1843/1517/1
f 1837/1520/1 1844/1519/1 1838/1518/1
f 1769/1521/1 1731/1516/1 1770/1514/1
f 1769/1521/1 1732/1522/1 1731/1516/1
f 1837/1520/1 1845/1523/1 1844/1519/1
f 1813/1524/1 1815/1525/1 1814/1526/1
f 1836/1527/1 1845/1523/1 1837/1520/1
f 1813/1524/1 1816/681/1 1815/1525/1
f 1836/1527/1 1846/1528/1 1845/1523/1
f 1835/1529/1 1846/1528/1 1836/1527/1
f 1813/1524/1 1817/1530/1 1816/681/1
f 1768/1531/1 1732/1522/1 1769/1521/1
f 1812/1532/1 1817/1530/1 1813/1524/1
f 1835/1529/1 1847/1533/1 1846/1528/1
f 1768/1531/1 1733/1534/1 1732/1522/1
f 1834/644/1 1847/1533/1 1835/1529/1
f 1812/1532/1 1818/1535/1 1817/1530/1
f 1811/1536/1 1818/1535/1 1812/1532/1
f 1834/644/1 1848/1537/1 1847/1533/1
f 1833/1538/1 1848/1537/1 1834/644/1
f 1811/1536/1 1819/1539/1 1818/1535/1
f 1810/1540/1 1819/1539/1 1811/1536/1
f 1833/1538/1 1849/1541/1 1848/1537/1
f 1832/1542/1 1849/1541/1 1833/1538/1
f 1767/1543/1 1733/1534/1 1768/1531/1
f 1810/1540/1 1820/1544/1 1819/1539/1
f 1767/1543/1 1734/1545/1 1733/1534/1
f 1809/1546/1 1820/1544/1 1810/1540/1
f 1831/1547/1 1849/1541/1 1832/1542/1
f 1831/1547/1 1850/1548/1 1849/1541/1
f 1809/1546/1 1821/1549/1 1820/1544/1
f 1808/1550/1 1821/1549/1 1809/1546/1
f 1830/1551/1 1850/1548/1 1831/1547/1
f 1830/1551/1 1851/1552/1 1850/1548/1
f 1807/1553/1 1821/1549/1 1808/1550/1
f 1807/1553/1 1822/1554/1 1821/1549/1
f 1766/1555/1 1734/1545/1 1767/1543/1
f 1829/1556/1 1851/1552/1 1830/1551/1
f 1829/1556/1 1852/27/1 1851/1552/1
f 1766/1555/1 1735/1557/1 1734/1545/1
f 1806/1558/1 1822/1554/1 1807/1553/1
f 1806/1558/1 1823/1559/1 1822/1554/1
f 1829/1556/1 1828/1560/1 1852/27/1
f 1828/1560/1 1827/1561/1 1852/27/1
f 1805/1562/1 1823/1559/1 1806/1558/1
f 1805/1562/1 1824/1563/1 1823/1559/1
f 1804/1564/1 1824/1563/1 1805/1562/1
f 1804/1564/1 1825/1565/1 1824/1563/1
f 1765/1566/1 1735/1557/1 1766/1555/1
f 1765/1566/1 1736/1567/1 1735/1557/1
f 1803/1568/1 1825/1565/1 1804/1564/1
f 1803/1568/1 1826/1569/1 1825/1565/1
f 1802/1570/1 1826/1569/1 1803/1568/1
f 1802/1570/1 1801/1571/1 1826/1569/1
f 1765/1566/1 1737/1572/1 1736/1567/1
f 1764/1573/1 1737/1572/1 1765/1566/1
f 1764/1573/1 1738/1574/1 1737/1572/1
f 1763/1575/1 1738/1574/1 1764/1573/1
f 1763/1575/1 1739/1576/1 1738/1574/1
f 1762/662/1 1739/1576/1 1763/1575/1
f 1762/662/1 1740/1577/1 1739/1576/1
f 1761/1578/1 1740/1577/1 1762/662/1
f 1761/1578/1 1741/1579/1 1740/1577/1
f 1760/1580/1 1741/1579/1 1761/1578/1
f 1760/1580/1 1742/1581/1 1741/1579/1
f 1760/1580/1 1743/1582/1 1742/1581/1
f 1759/1583/1 1743/1582/1 1760/1580/1
f 1759/1583/1 1744/294/1 1743/1582/1
f 1758/1584/1 1744/294/1 1759/1583/1
f 1758/1584/1 1745/1585/1 1744/294/1
f 1758/1584/1 1746/1586/1 1745/1585/1
f 1757/1587/1 1746/1586/1 1758/1584/1
f 1757/1587/1 1747/1588/1 1746/1586/1
f 1757/1587/1 1748/1589/1 1747/1588/1
f 1757/1587/1 1749/1590/1 1748/1589/1
f 1757/1587/1 1750/1591/1 1749/1590/1
f 1756/1592/1 1750/1591/1 1757/1587/1
f 1756/1592/1 1751/1593/1 1750/1591/1
f 1755/1594/1 1751/1593/1 1756/1592/1
f 1754/1595/1 1751/1593/1 1755/1594/1
f 1753/1596/1 1751/1593/1 1754/1595/1
f 1752/1597/1 1751/1593/1 1753/1596/1
f 1863/1598/1 1865/793/1 1864/1599/1
f 1862/1600/1 1865/793/1 1863/1598/1
f 1861/788/1 1865/793/1 1862/1600/1
f 1860/1601/1 1865/793/1 1861/788/1
f 1860/1601/1 1866/1602/1 1865/793/1
f 1859/1603/1 1866/1602/1 1860/1601/1
f 1859/1603/1 1867/1604/1 1866/1602/1
f 1858/1605/1 1867/1604/1 1859/1603/1
f 1858/1605/1 1868/1606/1 1867/1604/1
f 1858/1605/1 1869/774/1 1868/1606/1
f 1857/771/1 1869/774/1 1858/1605/1
f 1857/771/1 1870/1607/1 1869/774/1
f 1856/1608/1 1870/1607/1 1857/771/1
f 1856/1608/1 1871/1609/1 1870/1607/1
f 1855/1610/1 1871/1609/1 1856/1608/1
f 1855/1610/1 1872/480/1 1871/1609/1
f 1854/1611/1 1872/480/1 1855/1610/1
f 1854/1611/1 1873/756/1 1872/480/1
f 1853/29/1 1873/756/1 1854/1611/1
f 1853/29/1 1874/1612/1 1873/756/1
f 1929/27/1 1874/1612/1 1853/29/1
f 1929/27/1 1875/1613/1 1874/1612/1
f 1928/1614/1 1875/1613/1 1929/27/1
f 1928/1614/1 1876/1615/1 1875/1613/1
f 1927/1616/1 1876/1615/1 1928/1614/1
f 1926/1617/1 1876/1615/1 1927/1616/1
f 1926/1617/1 1877/740/1 1876/1615/1
f 1925/639/1 1877/740/1 1926/1617/1
f 1925/639/1 1904/1618/1 1877/740/1
f 1904/1618/1 1878/1619/1 1877/740/1
f 1924/1620/1 1904/1618/1 1925/639/1
f 1923/1621/1 1904/1618/1 1924/1620/1
f 1922/1622/1 1904/1618/1 1923/1621/1
f 1922/1622/1 1905/710/1 1904/1618/1
f 1903/1623/1 1878/1619/1 1904/1618/1
f 1921/642/1 1905/710/1 1922/1622/1
f 1921/642/1 1906/1624/1 1905/710/1
f 1920/1625/1 1906/1624/1 1921/642/1
f 1920/1625/1 1907/1626/1 1906/1624/1
f 1919/1627/1 1907/1626/1 1920/1625/1
f 1919/1627/1 1908/1628/1 1907/1626/1
f 1918/1629/1 1908/1628/1 1919/1627/1
f 1918/1629/1 1909/694/1 1908/1628/1
f 1917/659/1 1909/694/1 1918/1629/1
f 1916/1630/1 1909/694/1 1917/659/1
f 1916/1630/1 1910/623/1 1909/694/1
f 1916/1630/1 1911/1631/1 1910/623/1
f 1916/1630/1 1912/1632/1 1911/1631/1
f 1916/1630/1 1913/677/1 1912/1632/1
f 1916/1630/1 1914/1633/1 1913/677/1
f 1916/1630/1 1915/1634/1 1914/1633/1
f 1902/1635/1 1878/1619/1 1903/1623/1
f 1902/1635/1 1879/1636/1 1878/1619/1
f 1901/727/1 1879/1636/1 1902/1635/1
f 1901/727/1 1880/1637/1 1879/1636/1
f 1900/1638/1 1880/1637/1 1901/727/1
f 1900/1638/1 1881/732/1 1880/1637/1
f 1899/1639/1 1881/732/1 1900/1638/1
f 1899/1639/1 1882/1640/1 1881/732/1
f 1898/1641/1 1882/1640/1 1899/1639/1
f 1898/1641/1 1883/1642/1 1882/1640/1
f 1897/712/1 1883/1642/1 1898/1641/1
f 1897/712/1 1884/1643/1 1883/1642/1
f 1896/1644/1 1884/1643/1 1897/712/1
f 1896/1644/1 1885/749/1 1884/1643/1
f 1895/1645/1 1885/749/1 1896/1644/1
f 1895/1645/1 1886/1646/1 1885/749/1
f 1894/1647/1 1886/1646/1 1895/1645/1
f 1894/1647/1 1887/1648/1 1886/1646/1
f 1893/691/1 1887/1648/1 1894/1647/1
f 1893/691/1 1888/1649/1 1887/1648/1
f 1892/1650/1 1888/1649/1 1893/691/1
f 1892/1650/1 1889/672/1 1888/1649/1
f 1891/528/1 1889/672/1 1892/1650/1
f 1891/528/1 1890/1651/1 1889/672/1
f 2087/632/1 2089/633/1 2088/634/1
f 2087/632/1 2090/635/1 2089/633/1
f 2086/636/1 2090/635/1 2087/632/1
f 2086/636/1 2091/637/1 2090/635/1
f 2085/638/1 2091/637/1 2086/636/1
f 2085/638/1 2092/639/1 2091/637/1
f 2084/640/1 2092/639/1 2085/638/1
f 2084/640/1 2093/641/1 2092/639/1
f 2083/642/1 2093/641/1 2084/640/1
f 2083/642/1 2094/643/1 2093/641/1
f 2082/644/1 2094/643/1 2083/642/1
f 2082/644/1 2095/645/1 2094/643/1
f 2081/646/1 2095/645/1 2082/644/1
f 2081/646/1 2096/647/1 2095/645/1
f 2080/648/1 2096/647/1 2081/646/1
f 2080/648/1 2097/649/1 2096/647/1
f 2079/650/1 2097/649/1 2080/648/1
f 2079/650/1 2098/651/1 2097/649/1
f 2078/652/1 2098/651/1 2079/650/1
f 2078/652/1 2099/653/1 2098/651/1
f 2077/654/1 2099/653/1 2078/652/1
f 2077/654/1 2100/655/1 2099/653/1
f 2076/656/1 2100/655/1 2077/654/1
f 2076/656/1 2101/27/1 2100/655/1
f 2075/657/1 2101/27/1 2076/656/1
f 2075/657/1 2004/658/1 2101/27/1
f 2074/659/1 2004/658/1 2075/657/1
f 2074/659/1 2005/660/1 2004/658/1
f 2073/661/1 2005/660/1 2074/659/1
f 2073/661/1 2006/662/1 2005/660/1
f 2072/663/1 2006/662/1 2073/661/1
f 2072/663/1 2007/664/1 2006/662/1
f 2071/665/1 2007/664/1 2072/663/1
f 2071/665/1 2008/666/1 2007/664/1
f 2070/667/1 2008/666/1 2071/665/1
f 2070/667/1 2009/668/1 2008/666/1
f 2069/669/1 2009/668/1 2070/667/1
f 2069/669/1 2010/670/1 2009/668/1
f 2068/671/1 2010/670/1 2069/669/1
f 2068/671/1 2011/672/1 2010/670/1
f 2067/673/1 2011/672/1 2068/671/1
f 2067/673/1 2012/674/1 2011/672/1
f 2066/675/1 2012/674/1 2067/673/1
f 2066/675/1 2013/676/1 2012/674/1
f 2065/677/1 2013/676/1 2066/675/1
f 2065/677/1 2014/678/1 2013/676/1
f 2064/679/1 2014/678/1 2065/677/1
f 2064/679/1 2015/680/1 2014/678/1
f 2063/681/1 2015/680/1 2064/679/1
f 2063/681/1 2016/682/1 2015/680/1
f 2062/683/1 2016/682/1 2063/681/1
f 2062/683/1 2017/684/1 2016/682/1
f 2061/685/1 2017/684/1 2062/683/1
f 2061/685/1 2018/686/1 2017/684/1
f 2060/687/1 2018/686/1 2061/685/1
f 2060/687/1 2019/688/1 2018/686/1
f 2059/689/1 2019/688/1 2060/687/1
f 2058/690/1 2019/688/1 2059/689/1
f 2058/690/1 2020/691/1 2019/688/1
f 2057/692/1 2020/691/1 2058/690/1
f 2057/692/1 2021/693/1 2020/691/1
f 2056/694/1 2021/693/1 2057/692/1
f 2056/694/1 2022/695/1 2021/693/1
f 2055/696/1 2022/695/1 2056/694/1
f 2054/697/1 2022/695/1 2055/696/1
f 2054/697/1 2023/698/1 2022/695/1
f 2053/699/1 2023/698/1 2054/697/1
f 2053/699/1 2024/700/1 2023/698/1
f 2052/701/1 2024/700/1 2053/699/1
f 2052/701/1 2025/702/1 2024/700/1
f 2051/703/1 2025/702/1 2052/701/1
f 2051/703/1 2026/704/1 2025/702/1
f 2050/705/1 2026/704/1 2051/703/1
f 2049/706/1 2026/704/1 2050/705/1
f 2049/706/1 2027/707/1 2026/704/1
f 2048/708/1 2027/707/1 2049/706/1
f 2048/708/1 2028/709/1 2027/707/1
f 2047/710/1 2028/709/1 2048/708/1
f 2046/711/1 2028/709/1 2047/710/1
f 2046/711/1 2029/712/1 2028/709/1
f 2045/713/1 2029/712/1 2046/711/1
f 2045/713/1 2030/714/1 2029/712/1
f 2044/238/1 2030/714/1 2045/713/1
f 2043/715/1 2030/714/1 2044/238/1
f 2043/715/1 2031/716/1 2030/714/1
f 2042/717/1 2031/716/1 2043/715/1
f 2041/718/1 2031/716/1 2042/717/1
f 2041/718/1 2032/719/1 2031/716/1
f 2040/720/1 2032/719/1 2041/718/1
f 2039/721/1 2032/719/1 2040/720/1
f 2039/721/1 2033/722/1 2032/719/1
f 2039/721/1 2034/723/1 2033/722/1
f 2039/721/1 2035/724/1 2034/723/1
f 2039/721/1 2036/725/1 2035/724/1
f 2039/721/1 2037/726/1 2036/725/1
f 2039/721/1 2038/727/1 2037/726/1
f 1989/728/1 1991/729/1 1990/730/1
f 1989/728/1 1992/731/1 1991/729/1
f 1989/728/1 1993/732/1 1992/731/1
f 1988/733/1 1993/732/1 1989/728/1
f 1988/733/1 1994/734/1 1993/732/1
f 1987/294/1 1994/734/1 1988/733/1
f 1987/294/1 1995/735/1 1994/734/1
f 1986/736/1 1995/735/1 1987/294/1
f 1986/736/1 1996/737/1 1995/735/1
f 1985/738/1 1996/737/1 1986/736/1
f 1985/738/1 1997/739/1 1996/737/1
f 1984/740/1 1997/739/1 1985/738/1
f 1984/740/1 1998/741/1 1997/739/1
f 1983/742/1 1998/741/1 1984/740/1
f 1983/742/1 1999/743/1 1998/741/1
f 1982/744/1 1999/743/1 1983/742/1
f 1982/744/1 2000/745/1 1999/743/1
f 1981/746/1 2000/745/1 1982/744/1
f 1981/746/1 2001/747/1 2000/745/1
f 1980/748/1 2001/747/1 1981/746/1
f 1980/748/1 2002/749/1 2001/747/1
f 1979/750/1 2002/749/1 1980/748/1
f 1979/750/1 2003/751/1 2002/749/1
f 1978/752/1 2003/751/1 1979/750/1
f 1977/753/1 2003/751/1 1978/752/1
f 1977/753/1 1930/29/1 2003/751/1
f 1976/754/1 1930/29/1 1977/753/1
f 1976/754/1 1931/755/1 1930/29/1
f 1975/756/1 1931/755/1 1976/754/1
f 1975/756/1 1932/757/1 1931/755/1
f 1974/758/1 1932/757/1 1975/756/1
f 1974/758/1 1933/759/1 1932/757/1
f 1973/760/1 1933/759/1 1974/758/1
f 1973/760/1 1934/761/1 1933/759/1
f 1972/762/1 1934/761/1 1973/760/1
f 1972/762/1 1935/763/1 1934/761/1
f 1971/764/1 1935/763/1 1972/762/1
f 1971/764/1 1936/765/1 1935/763/1
f 1970/766/1 1936/765/1 1971/764/1
f 1970/766/1 1937/767/1 1936/765/1
f 1969/768/1 1937/767/1 1970/766/1
f 1969/768/1 1938/769/1 1937/767/1
f 1968/770/1 1938/769/1 1969/768/1
f 1968/770/1 1939/771/1 1938/769/1
f 1967/772/1 1939/771/1 1968/770/1
f 1967/772/1 1940/773/1 1939/771/1
f 1966/774/1 1940/773/1 1967/772/1
f 1966/774/1 1941/775/1 1940/773/1
f 1965/776/1 1941/775/1 1966/774/1
f 1965/776/1 1942/777/1 1941/775/1
f 1965/776/1 1943/778/1 1942/777/1
f 1964/779/1 1943/778/1 1965/776/1
f 1964/779/1 1944/780/1 1943/778/1
f 1963/781/1 1944/780/1 1964/779/1
f 1963/781/1 1945/782/1 1944/780/1
f 1962/783/1 1945/782/1 1963/781/1
f 1962/783/1 1946/784/1 1945/782/1
f 1961/785/1 1946/784/1 1962/783/1
f 1961/785/1 1947/786/1 1946/784/1
f 1960/787/1 1947/786/1 1961/785/1
f 1960/787/1 1948/788/1 1947/786/1
f 1959/789/1 1948/788/1 1960/787/1
f 1959/789/1 1949/790/1 1948/788/1
f 1958/791/1 1949/790/1 1959/789/1
f 1958/791/1 1950/792/1 1949/790/1
f 1957/793/1 1950/792/1 1958/791/1
f 1957/793/1 1951/794/1 1950/792/1
f 1956/795/1 1951/794/1 1957/793/1
f 1956/795/1 1952/796/1 1951/794/1
f 1955/797/1 1952/796/1 1956/795/1
f 1955/797/1 1953/798/1 1952/796/1
f 1954/799/1 1953/798/1 1955/797/1
f 2258/800/1 2212/801/1 2259/802/1
f 2257/803/1 2212/801/1 2258/800/1
f 2257/803/1 2213/804/1 2212/801/1
f 2256/805/1 2213/804/1 2257/803/1
f 2256/805/1 2214/806/1 2213/804/1
f 2255/807/1 2214/806/1 2256/805/1
f 2255/807/1 2215/808/1 2214/806/1
f 2254/809/1 2215/808/1 2255/807/1
f 2254/809/1 2216/810/1 2215/808/1
f 2253/811/1 2216/810/1 2254/809/1
f 2253/811/1 2217/702/1 2216/810/1
f 2252/812/1 2217/702/1 2253/811/1
f 2252/812/1 2218/813/1 2217/702/1
f 2251/814/1 2188/815/1 2252/812/1
f 2188/815/1 2187/816/1 2252/812/1
f 2187/816/1 2218/813/1 2252/812/1
f 2187/816/1 2186/817/1 2218/813/1
f 2186/817/1 2219/818/1 2218/813/1
f 2251/814/1 2189/819/1 2188/815/1
f 2185/820/1 2219/818/1 2186/817/1
f 2251/814/1 2190/821/1 2189/819/1
f 2184/822/1 2219/818/1 2185/820/1
f 2251/814/1 2191/823/1 2190/821/1
f 2183/824/1 2219/818/1 2184/822/1
f 2251/814/1 2192/825/1 2191/823/1
f 2182/826/1 2219/818/1 2183/824/1
f 2250/827/1 2192/825/1 2251/814/1
f 2182/826/1 2220/828/1 2219/818/1
f 2250/827/1 2193/829/1 2192/825/1
f 2181/830/1 2220/828/1 2182/826/1
f 2250/827/1 2194/662/1 2193/829/1
f 2180/831/1 2220/828/1 2181/830/1
f 2249/832/1 2194/662/1 2250/827/1
f 2180/831/1 2221/833/1 2220/828/1
f 2249/832/1 2195/834/1 2194/662/1
f 2179/835/1 2221/833/1 2180/831/1
f 2249/832/1 2196/836/1 2195/834/1
f 2178/837/1 2221/833/1 2179/835/1
f 2248/838/1 2196/836/1 2249/832/1
f 2178/837/1 2222/839/1 2221/833/1
f 2248/838/1 2197/840/1 2196/836/1
f 2177/841/1 2222/839/1 2178/837/1
f 2248/838/1 2198/842/1 2197/840/1
f 2176/843/1 2222/839/1 2177/841/1
f 2247/844/1 2198/842/1 2248/838/1
f 2176/843/1 2223/845/1 2222/839/1
f 2247/844/1 2199/846/1 2198/842/1
f 2175/847/1 2223/845/1 2176/843/1
f 2246/848/1 2199/846/1 2247/844/1
f 2246/848/1 2200/849/1 2199/846/1
f 2174/850/1 2223/845/1 2175/847/1
f 2174/850/1 2224/851/1 2223/845/1
f 2246/848/1 2201/852/1 2200/849/1
f 2173/853/1 2224/851/1 2174/850/1
f 2309/27/1 2261/854/1 2260/855/1
f 2245/856/1 2201/852/1 2246/848/1
f 2173/853/1 2225/857/1 2224/851/1
f 2245/856/1 2202/858/1 2201/852/1
f 2172/859/1 2225/857/1 2173/853/1
f 2245/856/1 2203/860/1 2202/858/1
f 2171/294/1 2225/857/1 2172/859/1
f 2171/294/1 2226/861/1 2225/857/1
f 2244/862/1 2203/860/1 2245/856/1
f 2244/862/1 2204/863/1 2203/860/1
f 2170/864/1 2226/861/1 2171/294/1
f 2309/27/1 2262/865/1 2261/854/1
f 2244/862/1 2205/866/1 2204/863/1
f 2169/867/1 2226/861/1 2170/864/1
f 2308/868/1 2262/865/1 2309/27/1
f 2169/867/1 2227/869/1 2226/861/1
f 2243/870/1 2205/866/1 2244/862/1
f 2243/870/1 2206/871/1 2205/866/1
f 2168/872/1 2227/869/1 2169/867/1
f 2243/870/1 2207/873/1 2206/871/1
f 2167/874/1 2227/869/1 2168/872/1
f 2308/868/1 2263/681/1 2262/865/1
f 2167/874/1 2228/875/1 2227/869/1
f 2242/876/1 2207/873/1 2243/870/1
f 2166/877/1 2228/875/1 2167/874/1
f 2242/876/1 2208/878/1 2207/873/1
f 2165/879/1 2228/875/1 2166/877/1
f 2242/876/1 2209/880/1 2208/878/1
f 2307/881/1 2263/681/1 2308/868/1
f 2164/882/1 2228/875/1 2165/879/1
f 2242/876/1 2210/883/1 2209/880/1
f 2211/884/1 2228/875/1 2164/882/1
f 2242/876/1 2211/884/1 2210/883/1
f 2242/876/1 2228/875/1 2211/884/1
f 2242/876/1 2229/885/1 2228/875/1
f 2241/886/1 2229/885/1 2242/876/1
f 2241/886/1 2230/887/1 2229/885/1
f 2240/238/1 2230/887/1 2241/886/1
f 2307/881/1 2264/888/1 2263/681/1
f 2306/889/1 2264/888/1 2307/881/1
f 2240/238/1 2231/890/1 2230/887/1
f 2239/891/1 2231/890/1 2240/238/1
f 2239/891/1 2232/892/1 2231/890/1
f 2238/893/1 2232/892/1 2239/891/1
f 2238/893/1 2233/894/1 2232/892/1
f 2237/895/1 2233/894/1 2238/893/1
f 2306/889/1 2265/896/1 2264/888/1
f 2237/895/1 2234/897/1 2233/894/1
f 2236/898/1 2234/897/1 2237/895/1
f 2305/899/1 2265/896/1 2306/889/1
f 2236/898/1 2235/900/1 2234/897/1
f 2305/899/1 2266/901/1 2265/896/1
f 2304/902/1 2266/901/1 2305/899/1
f 2304/902/1 2267/903/1 2266/901/1
f 2303/904/1 2267/903/1 2304/902/1
f 2303/904/1 2268/905/1 2267/903/1
f 2302/906/1 2268/905/1 2303/904/1
f 2301/907/1 2268/905/1 2302/906/1
f 2301/907/1 2269/908/1 2268/905/1
f 2300/909/1 2269/908/1 2301/907/1
f 2300/909/1 2270/910/1 2269/908/1
f 2299/911/1 2270/910/1 2300/909/1
f 2299/911/1 2271/912/1 2270/910/1
f 2299/911/1 2272/913/1 2271/912/1
f 2298/914/1 2272/913/1 2299/911/1
f 2298/914/1 2273/915/1 2272/913/1
f 2297/916/1 2273/915/1 2298/914/1
f 2297/916/1 2274/917/1 2273/915/1
f 2296/918/1 2274/917/1 2297/916/1
f 2296/918/1 2275/919/1 2274/917/1
f 2295/920/1 2275/919/1 2296/918/1
f 2295/920/1 2276/921/1 2275/919/1
f 2294/922/1 2276/921/1 2295/920/1
f 2293/923/1 2276/921/1 2294/922/1
f 2293/923/1 2277/924/1 2276/921/1
f 2292/925/1 2277/924/1 2293/923/1
f 2292/925/1 2278/926/1 2277/924/1
f 2291/927/1 2278/926/1 2292/925/1
f 2291/927/1 2279/928/1 2278/926/1
f 2290/929/1 2279/928/1 2291/927/1
f 2290/929/1 2280/930/1 2279/928/1
f 2289/931/1 2280/930/1 2290/929/1
f 2289/931/1 2281/932/1 2280/930/1
f 2288/933/1 2281/932/1 2289/931/1
f 2288/933/1 2282/934/1 2281/932/1
f 2287/935/1 2282/934/1 2288/933/1
f 2287/935/1 2283/936/1 2282/934/1
f 2286/644/1 2283/936/1 2287/935/1
f 2286/644/1 2284/937/1 2283/936/1
f 2286/644/1 2285/938/1 2284/937/1
f 2162/939/1 2102/29/1 2163/940/1
f 2162/939/1 2103/941/1 2102/29/1
f 2162/939/1 2104/942/1 2103/941/1
f 2161/943/1 2104/942/1 2162/939/1
f 2161/943/1 2105/944/1 2104/942/1
f 2161/943/1 2106/945/1 2105/944/1
f 2161/943/1 2107/946/1 2106/945/1
f 2161/943/1 2108/947/1 2107/946/1
f 2161/943/1 2109/948/1 2108/947/1
f 2160/949/1 2109/948/1 2161/943/1
f 2160/949/1 2110/950/1 2109/948/1
f 2160/949/1 2111/951/1 2110/950/1
f 2160/949/1 2112/952/1 2111/951/1
f 2160/949/1 2113/953/1 2112/952/1
f 2160/949/1 2114/954/1 2113/953/1
f 2160/949/1 2115/955/1 2114/954/1
f 2159/956/1 2115/955/1 2160/949/1
f 2159/956/1 2116/957/1 2115/955/1
f 2158/958/1 2116/957/1 2159/956/1
f 2158/958/1 2117/959/1 2116/957/1
f 2158/958/1 2118/960/1 2117/959/1
f 2157/961/1 2118/960/1 2158/958/1
f 2157/961/1 2119/962/1 2118/960/1
f 2156/963/1 2119/962/1 2157/961/1
f 2156/963/1 2120/964/1 2119/962/1
f 2155/965/1 2120/964/1 2156/963/1
f 2155/965/1 2121/966/1 2120/964/1
f 2154/967/1 2121/966/1 2155/965/1
f 2154/967/1 2122/968/1 2121/966/1
f 2153/969/1 2122/968/1 2154/967/1
f 2153/969/1 2123/970/1 2122/968/1
f 2152/971/1 2123/970/1 2153/969/1
f 2152/971/1 2124/972/1 2123/970/1
f 2151/973/1 2124/972/1 2152/971/1
f 2151/973/1 2125/790/1 2124/972/1
f 2150/974/1 2125/790/1 2151/973/1
f 2150/974/1 2126/975/1 2125/790/1
f 2149/976/1 2126/975/1 2150/974/1
f 2149/976/1 2127/977/1 2126/975/1
f 2148/770/1 2127/977/1 2149/976/1
f 2148/770/1 2128/978/1 2127/977/1
f 2147/979/1 2128/978/1 2148/770/1
f 2147/979/1 2129/980/1 2128/978/1
f 2146/981/1 2129/980/1 2147/979/1
f 2146/981/1 2130/982/1 2129/980/1
f 2145/983/1 2130/982/1 2146/981/1
f 2145/983/1 2131/984/1 2130/982/1
f 2144/985/1 2131/984/1 2145/983/1
f 2144/985/1 2132/986/1 2131/984/1
f 2143/987/1 2132/986/1 2144/985/1
f 2143/987/1 2133/988/1 2132/986/1
f 2142/989/1 2133/988/1 2143/987/1
f 2142/989/1 2134/990/1 2133/988/1
f 2141/991/1 2134/990/1 2142/989/1
f 2141/991/1 2135/992/1 2134/990/1
f 2140/993/1 2135/992/1 2141/991/1
f 2140/993/1 2136/994/1 2135/992/1
f 2139/995/1 2136/994/1 2140/993/1
f 2139/995/1 2137/996/1 2136/994/1
f 2138/997/1 2137/996/1 2139/995/1
f 2370/1/2 2371/3/2 2372/2/2
f 2332/4/2 2333/6/2 2334/5/2
f 2370/1/2 2372/2/2 2373/7/2
f 2331/8/2 2332/4/2 2334/5/2
f 2370/1/2 2373/7/2 2374/9/2
f 2330/10/2 2331/8/2 2334/5/2
f 2370/1/2 2374/9/2 2375/11/2
f 2329/12/2 2330/10/2 2334/5/2
f 2370/1/2 2375/11/2 2376/13/2
f 2328/14/2 2329/12/2 2334/5/2
f 2370/1/2 2376/13/2 2377/15/2
f 2327/16/2 2328/14/2 2334/5/2
f 2370/1/2 2377/15/2 2378/17/2
f 2326/18/2 2327/16/2 2334/5/2
f 2370/1/2 2378/17/2 2379/19/2
f 2325/20/2 2326/18/2 2334/5/2
f 2370/1/2 2379/19/2 2380/21/2
f 2324/22/2 2325/20/2 2334/5/2
f 2370/1/2 2380/21/2 2381/23/2
f 2323/24/2 2324/22/2 2334/5/2
f 2370/1/2 2381/23/2 2382/25/2
f 2322/26/2 2323/24/2 2334/5/2
f 2370/1/2 2382/25/2 2383/27/2
f 2321/28/2 2322/26/2 2334/5/2
f 2370/1/2 2383/27/2 2310/29/2
f 2370/1/2 2310/29/2 2311/30/2
f 2370/1/2 2311/30/2 2312/31/2
f 2370/1/2 2312/31/2 2313/32/2
f 2370/1/2 2313/32/2 2314/33/2
f 2370/1/2 2314/33/2 2315/34/2
f 2370/1/2 2315/34/2 2316/35/2
f 2370/1/2 2316/35/2 2317/36/2
f 2370/1/2 2317/36/2 2318/37/2
f 2370/1/2 2318/37/2 2319/38/2
f 2370/1/2 2319/38/2 2320/39/2
f 2370/1/2 2320/39/2 2321/28/2
f 2370/1/2 2321/28/2 2369/40/2
f 2369/40/2 2321/28/2 2368/41/2
f 2368/41/2 2321/28/2 2367/42/2
f 2367/42/2 2321/28/2 2366/43/2
f 2366/43/2 2321/28/2 2365/44/2
f 2365/44/2 2321/28/2 2364/45/2
f 2364/45/2 2321/28/2 2363/46/2
f 2363/46/2 2321/28/2 2362/47/2
f 2362/47/2 2321/28/2 2361/48/2
f 2361/48/2 2321/28/2 2360/49/2
f 2360/49/2 2321/28/2 2359/50/2
f 2359/50/2 2321/28/2 2358/51/2
f 2358/51/2 2321/28/2 2357/52/2
f 2357/52/2 2321/28/2 2356/53/2
f 2356/53/2 2321/28/2 2355/54/2
f 2355/54/2 2321/28/2 2353/55/2
f 2353/55/2 2321/28/2 2350/56/2
f 2350/56/2 2321/28/2 2347/57/2
f 2347/57/2 2321/28/2 2346/58/2
f 2346/58/2 2321/28/2 2345/59/2
f 2345/59/2 2321/28/2 2344/60/2
f 2344/60/2 2321/28/2 2343/61/2
f 2343/61/2 2321/28/2 2342/62/2
f 2342/62/2 2321/28/2 2341/63/2
f 2341/63/2 2321/28/2 2340/64/2
f 2340/64/2 2321/28/2 2339/65/2
f 2339/65/2 2321/28/2 2334/5/2
f 2354/66/2 2355/54/2 2353/55/2
f 2352/67/1 2353/55/1 2350/56/1
f 2351/68/1 2352/67/1 2350/56/1
f 2349/69/2 2350/56/2 2347/57/2
f 2348/70/1 2349/69/1 2347/57/1
f 2338/71/2 2339/65/2 2334/5/2
f 2337/72/2 2338/71/2 2334/5/2
f 2336/73/2 2337/72/2 2334/5/2
f 2335/74/2 2336/73/2 2334/5/2
f 2478/75/2 2479/77/2 2432/76/2
f 2477/78/2 2478/75/2 2432/76/2
f 2477/78/2 2432/76/2 2433/79/2
f 2476/80/2 2477/78/2 2433/79/2
f 2476/80/2 2433/79/2 2434/81/2
f 2475/82/2 2476/80/2 2434/81/2
f 2475/82/2 2434/81/2 2435/83/2
f 2474/84/2 2475/82/2 2435/83/2
f 2474/84/2 2435/83/2 2436/85/2
f 2473/86/2 2474/84/2 2436/85/2
f 2473/86/2 2436/85/2 2437/87/2
f 2472/88/2 2473/86/2 2437/87/2
f 2472/88/2 2437/87/2 2438/89/2
f 2471/90/2 2472/88/2 2408/91/2
f 2408/91/2 2472/88/2 2407/92/2
f 2407/92/2 2472/88/2 2438/89/2
f 2407/92/2 2438/89/2 2406/93/2
f 2406/93/2 2438/89/2 2439/94/2
f 2471/90/2 2408/91/2 2409/95/2
f 2405/96/2 2406/93/2 2439/94/2
f 2471/90/2 2409/95/2 2410/97/2
f 2404/98/2 2405/96/2 2439/94/2
f 2471/90/2 2410/97/2 2411/99/2
f 2403/100/2 2404/98/2 2439/94/2
f 2471/90/2 2411/99/2 2412/101/2
f 2402/102/2 2403/100/2 2439/94/2
f 2470/103/2 2471/90/2 2412/101/2
f 2402/102/2 2439/94/2 2440/104/2
f 2470/103/2 2412/101/2 2413/105/2
f 2401/106/2 2402/102/2 2440/104/2
f 2470/103/2 2413/105/2 2414/107/2
f 2400/108/2 2401/106/2 2440/104/2
f 2469/109/2 2470/103/2 2414/107/2
f 2400/108/2 2440/104/2 2441/110/2
f 2469/109/2 2414/107/2 2415/111/2
f 2399/112/2 2400/108/2 2441/110/2
f 2469/109/2 2415/111/2 2416/113/2
f 2398/114/2 2399/112/2 2441/110/2
f 2544/115/2 2545/117/2 2546/116/2
f 2544/115/2 2546/116/2 2547/118/2
f 2468/119/2 2469/109/2 2416/113/2
f 2398/114/2 2441/110/2 2442/120/2
f 2544/115/2 2547/118/2 2548/121/2
f 2543/122/2 2544/115/2 2548/121/2
f 2468/119/2 2416/113/2 2417/123/2
f 2397/124/2 2398/114/2 2442/120/2
f 2543/122/2 2548/121/2 2549/125/2
f 2542/126/2 2543/122/2 2549/125/2
f 2542/126/2 2549/125/2 2550/127/2
f 2541/128/2 2542/126/2 2550/127/2
f 2468/119/2 2417/123/2 2418/129/2
f 2396/130/2 2397/124/2 2442/120/2
f 2467/131/2 2468/119/2 2418/129/2
f 2396/130/2 2442/120/2 2443/132/2
f 2541/128/2 2550/127/2 2551/133/2
f 2540/134/2 2541/128/2 2551/133/2
f 2467/131/2 2418/129/2 2419/135/2
f 2395/136/2 2396/130/2 2443/132/2
f 2540/134/2 2551/133/2 2552/137/2
f 2539/138/2 2540/134/2 2552/137/2
f 2466/139/2 2467/131/2 2419/135/2
f 2466/139/2 2419/135/2 2420/140/2
f 2394/141/2 2395/136/2 2443/132/2
f 2394/141/2 2443/132/2 2444/142/2
f 2538/143/2 2539/138/2 2552/137/2
f 2538/143/2 2552/137/2 2553/144/2
f 2537/145/2 2538/143/2 2553/144/2
f 2537/145/2 2553/144/2 2554/146/2
f 2466/139/2 2420/140/2 2421/147/2
f 2393/148/2 2394/141/2 2444/142/2
f 2536/149/2 2537/145/2 2554/146/2
f 2536/149/2 2554/146/2 2555/150/2
f 2465/151/2 2466/139/2 2421/147/2
f 2393/148/2 2444/142/2 2445/152/2
f 2465/151/2 2421/147/2 2422/153/2
f 2392/154/2 2393/148/2 2445/152/2
f 2535/155/2 2536/149/2 2555/150/2
f 2535/155/2 2555/150/2 2556/156/2
f 2465/151/2 2422/153/2 2423/157/2
f 2391/158/2 2392/154/2 2445/152/2
f 2534/159/2 2535/155/2 2556/156/2
f 2534/159/2 2556/156/2 2557/160/2
f 2391/158/2 2445/152/2 2446/161/2
f 2464/162/2 2465/151/2 2423/157/2
f 2464/162/2 2423/157/2 2424/163/2
f 2390/164/2 2391/158/2 2446/161/2
f 2533/165/2 2534/159/2 2557/160/2
f 2533/165/2 2557/160/2 2558/166/2
f 2532/167/2 2533/165/2 2558/166/2
f 2464/162/2 2424/163/2 2425/168/2
f 2389/169/2 2390/164/2 2446/161/2
f 2532/167/2 2558/166/2 2559/170/2
f 2389/169/2 2446/161/2 2447/171/2
f 2463/172/2 2464/162/2 2425/168/2
f 2463/172/2 2425/168/2 2426/173/2
f 2388/174/2 2389/169/2 2447/171/2
f 2463/172/2 2426/173/2 2427/175/2
f 2387/176/2 2388/174/2 2447/171/2
f 2387/176/2 2447/171/2 2448/177/2
f 2462/178/2 2463/172/2 2427/175/2
f 2462/178/2 2427/175/2 2428/179/2
f 2386/180/2 2387/176/2 2448/177/2
f 2462/178/2 2428/179/2 2429/181/2
f 2385/182/2 2386/180/2 2448/177/2
f 2462/178/2 2429/181/2 2430/183/2
f 2384/29/2 2385/182/2 2448/177/2
f 2462/178/2 2430/183/2 2431/184/2
f 2431/184/2 2384/29/2 2448/177/2
f 2462/178/2 2431/184/2 2448/177/2
f 2462/178/2 2448/177/2 2449/185/2
f 2461/186/2 2462/178/2 2449/185/2
f 2461/186/2 2449/185/2 2450/187/2
f 2460/188/2 2461/186/2 2450/187/2
f 2460/188/2 2450/187/2 2451/189/2
f 2459/190/2 2460/188/2 2451/189/2
f 2459/190/2 2451/189/2 2452/191/2
f 2458/192/2 2459/190/2 2452/191/2
f 2458/192/2 2452/191/2 2453/193/2
f 2457/194/2 2458/192/2 2453/193/2
f 2457/194/2 2453/193/2 2454/195/2
f 2456/196/2 2457/194/2 2454/195/2
f 2456/196/2 2454/195/2 2455/197/2
f 2674/198/2 2675/200/2 2676/199/2
f 2571/201/2 2572/203/2 2573/202/2
f 2570/204/2 2571/201/2 2573/202/2
f 2674/198/2 2676/199/2 2677/205/2
f 2569/206/2 2570/204/2 2573/202/2
f 2674/198/2 2677/205/2 2678/207/2
f 2568/208/2 2569/206/2 2573/202/2
f 2674/198/2 2678/207/2 2679/209/2
f 2567/210/2 2568/208/2 2573/202/2
f 2674/198/2 2679/209/2 2680/211/2
f 2566/212/2 2567/210/2 2573/202/2
f 2674/198/2 2680/211/2 2681/213/2
f 2565/214/2 2566/212/2 2573/202/2
f 2674/198/2 2681/213/2 2682/215/2
f 2564/216/2 2565/214/2 2573/202/2
f 2674/198/2 2682/215/2 2683/217/2
f 2563/218/2 2564/216/2 2573/202/2
f 2674/198/2 2683/217/2 2684/219/2
f 2562/220/2 2563/218/2 2573/202/2
f 2674/198/2 2684/219/2 2685/221/2
f 2561/222/2 2562/220/2 2573/202/2
f 2674/198/2 2685/221/2 2686/223/2
f 2560/224/2 2561/222/2 2573/202/2
f 2674/198/2 2686/223/2 2687/27/2
f 2674/198/2 2687/27/2 2532/167/2
f 2674/198/2 2532/167/2 2559/170/2
f 2674/198/2 2559/170/2 2560/224/2
f 2674/198/2 2560/224/2 2673/225/2
f 2673/225/2 2560/224/2 2672/226/2
f 2672/226/2 2560/224/2 2671/227/2
f 2671/227/2 2560/224/2 2670/228/2
f 2670/228/2 2560/224/2 2669/229/2
f 2669/229/2 2560/224/2 2668/230/2
f 2668/230/2 2560/224/2 2667/231/2
f 2667/231/2 2560/224/2 2666/232/2
f 2666/232/2 2560/224/2 2665/233/2
f 2665/233/2 2560/224/2 2664/234/2
f 2664/234/2 2560/224/2 2663/235/2
f 2663/235/2 2560/224/2 2662/236/2
f 2662/236/2 2560/224/2 2661/237/2
f 2661/237/2 2560/224/2 2586/238/2
f 2586/238/2 2560/224/2 2585/239/2
f 2585/239/2 2560/224/2 2584/240/2
f 2584/240/2 2560/224/2 2583/241/2
f 2583/241/2 2560/224/2 2582/242/2
f 2582/242/2 2560/224/2 2581/243/2
f 2581/243/2 2560/224/2 2580/244/2
f 2580/244/2 2560/224/2 2579/245/2
f 2579/245/2 2560/224/2 2578/246/2
f 2578/246/2 2560/224/2 2577/247/2
f 2577/247/2 2560/224/2 2576/248/2
f 2576/248/2 2560/224/2 2575/249/2
f 2575/249/2 2560/224/2 2574/250/2
f 2574/250/2 2560/224/2 2573/202/2
f 2660/251/2 2661/237/2 2586/238/2
f 2660/251/2 2586/238/2 2587/252/2
f 2659/253/2 2660/251/2 2587/252/2
f 2659/253/2 2587/252/2 2588/254/2
f 2658/255/2 2659/253/2 2588/254/2
f 2658/255/2 2588/254/2 2589/256/2
f 2657/257/2 2658/255/2 2589/256/2
f 2657/257/2 2589/256/2 2590/258/2
f 2656/259/2 2657/257/2 2590/258/2
f 2656/259/2 2590/258/2 2591/260/2
f 2491/261/2 2492/263/2 2493/262/2
f 2518/264/2 2519/266/2 2520/265/2
f 2655/267/2 2656/259/2 2591/260/2
f 2518/264/2 2520/265/2 2521/268/2
f 2490/269/2 2491/261/2 2493/262/2
f 2655/267/2 2591/260/2 2592/270/2
f 2490/269/2 2493/262/2 2494/271/2
f 2517/272/2 2518/264/2 2521/268/2
f 2517/272/2 2521/268/2 2522/273/2
f 2489/274/2 2490/269/2 2494/271/2
f 2516/275/2 2517/272/2 2522/273/2
f 2489/274/2 2494/271/2 2495/276/2
f 2654/277/2 2655/267/2 2592/270/2
f 2516/275/2 2522/273/2 2523/278/2
f 2488/279/2 2489/274/2 2495/276/2
f 2515/280/2 2516/275/2 2523/278/2
f 2654/277/2 2592/270/2 2593/281/2
f 2488/279/2 2495/276/2 2496/282/2
f 2515/280/2 2523/278/2 2524/283/2
f 2487/284/2 2488/279/2 2496/282/2
f 2514/285/2 2515/280/2 2524/283/2
f 2487/284/2 2496/282/2 2497/286/2
f 2514/285/2 2524/283/2 2525/287/2
f 2653/288/2 2654/277/2 2593/281/2
f 2486/289/2 2487/284/2 2497/286/2
f 2513/290/2 2514/285/2 2525/287/2
f 2513/290/2 2525/287/2 2526/291/2
f 2653/288/2 2593/281/2 2594/292/2
f 2486/289/2 2497/286/2 2498/293/2
f 2485/294/2 2486/289/2 2498/293/2
f 2512/295/2 2513/290/2 2526/291/2
f 2512/295/2 2526/291/2 2527/296/2
f 2485/294/2 2498/293/2 2499/297/2
f 2652/298/2 2653/288/2 2594/292/2
f 2484/299/2 2485/294/2 2499/297/2
f 2511/300/2 2512/295/2 2527/296/2
f 2511/300/2 2527/296/2 2528/301/2
f 2652/298/2 2594/292/2 2595/302/2
f 2484/299/2 2499/297/2 2500/303/2
f 2483/304/2 2484/299/2 2500/303/2
f 2510/305/2 2511/300/2 2528/301/2
f 2510/305/2 2528/301/2 2529/306/2
f 2651/307/2 2652/298/2 2595/302/2
f 2483/304/2 2500/303/2 2501/308/2
f 2482/309/2 2483/304/2 2501/308/2
f 2509/310/2 2510/305/2 2529/306/2
f 2509/310/2 2529/306/2 2530/311/2
f 2481/312/2 2482/309/2 2501/308/2
f 2651/307/2 2595/302/2 2596/313/2
f 2481/312/2 2501/308/2 2502/314/2
f 2508/315/2 2509/310/2 2530/311/2
f 2508/315/2 2530/311/2 2531/316/2
f 2650/317/2 2651/307/2 2596/313/2
f 2480/318/2 2481/312/2 2502/314/2
f 2480/318/2 2502/314/2 2503/319/2
f 2507/320/2 2508/315/2 2531/316/2
f 2505/321/2 2480/318/2 2503/319/2
f 2507/320/2 2531/316/2 2506/322/2
f 2650/317/2 2596/313/2 2597/323/2
f 2505/321/2 2503/319/2 2504/324/2
f 2649/325/2 2650/317/2 2597/323/2
f 2649/325/2 2597/323/2 2598/326/2
f 2648/327/2 2649/325/2 2598/326/2
f 2647/328/2 2648/327/2 2598/326/2
f 2646/329/2 2647/328/2 2598/326/2
f 2646/329/2 2598/326/2 2599/330/2
f 2645/331/2 2646/329/2 2599/330/2
f 2644/332/2 2645/331/2 2599/330/2
f 2643/333/2 2644/332/2 2599/330/2
f 2642/334/2 2643/333/2 2599/330/2
f 2623/335/2 2624/337/2 2625/336/2
f 2623/335/2 2625/336/2 2626/338/2
f 2641/339/2 2642/334/2 2599/330/2
f 2623/335/2 2626/338/2 2627/340/2
f 2623/335/2 2627/340/2 2628/341/2
f 2640/342/2 2641/339/2 2599/330/2
f 2623/335/2 2628/341/2 2629/343/2
f 2640/342/2 2599/330/2 2600/344/2
f 2623/335/2 2629/343/2 2630/345/2
f 2639/346/2 2640/342/2 2600/344/2
f 2623/335/2 2630/345/2 2631/347/2
f 2638/348/2 2639/346/2 2600/344/2
f 2623/335/2 2631/347/2 2632/349/2
f 2623/335/2 2632/349/2 2633/350/2
f 2637/351/2 2638/348/2 2600/344/2
f 2623/335/2 2633/350/2 2634/352/2
f 2623/335/2 2634/352/2 2635/353/2
f 2636/354/2 2637/351/2 2600/344/2
f 2623/335/2 2635/353/2 2636/354/2
f 2623/335/2 2636/354/2 2600/344/2
f 2623/335/2 2600/344/2 2601/355/2
f 2623/335/2 2601/355/2 2602/356/2
f 2623/335/2 2602/356/2 2603/357/2
f 2623/335/2 2603/357/2 2604/358/2
f 2623/335/2 2604/358/2 2605/359/2
f 2623/335/2 2605/359/2 2606/360/2
f 2623/335/2 2606/360/2 2607/361/2
f 2623/335/2 2607/361/2 2608/362/2
f 2622/363/2 2623/335/2 2608/362/2
f 2621/364/2 2622/363/2 2608/362/2
f 2620/365/2 2621/364/2 2608/362/2
f 2620/365/2 2608/362/2 2609/366/2
f 2619/367/2 2620/365/2 2609/366/2
f 2618/368/2 2619/367/2 2609/366/2
f 2617/369/2 2618/368/2 2609/366/2
f 2617/369/2 2609/366/2 2610/370/2
f 2616/371/2 2617/369/2 2610/370/2
f 2615/372/2 2616/371/2 2610/370/2
f 2614/373/2 2615/372/2 2610/370/2
f 2614/373/2 2610/370/2 2611/374/2
f 2613/375/2 2614/373/2 2611/374/2
f 2612/376/2 2613/375/2 2611/374/2
f 2748/1/2 2749/3/2 2750/2/2
f 2710/4/2 2711/6/2 2712/5/2
f 2748/1/2 2750/2/2 2751/7/2
f 2709/8/2 2710/4/2 2712/5/2
f 2748/1/2 2751/7/2 2752/9/2
f 2708/10/2 2709/8/2 2712/5/2
f 2748/1/2 2752/9/2 2753/11/2
f 2707/12/2 2708/10/2 2712/5/2
f 2748/1/2 2753/11/2 2754/13/2
f 2706/14/2 2707/12/2 2712/5/2
f 2748/1/2 2754/13/2 2755/15/2
f 2705/16/2 2706/14/2 2712/5/2
f 2748/1/2 2755/15/2 2756/17/2
f 2704/18/2 2705/16/2 2712/5/2
f 2748/1/2 2756/17/2 2757/19/2
f 2703/20/2 2704/18/2 2712/5/2
f 2748/1/2 2757/19/2 2758/21/2
f 2702/22/2 2703/20/2 2712/5/2
f 2748/1/2 2758/21/2 2759/23/2
f 2701/24/2 2702/22/2 2712/5/2
f 2748/1/2 2759/23/2 2760/25/2
f 2700/26/2 2701/24/2 2712/5/2
f 2748/1/2 2760/25/2 2761/27/2
f 2699/28/2 2700/26/2 2712/5/2
f 2748/1/2 2761/27/2 2688/29/2
f 2748/1/2 2688/29/2 2689/30/2
f 2748/1/2 2689/30/2 2690/31/2
f 2748/1/2 2690/31/2 2691/32/2
f 2748/1/2 2691/32/2 2692/33/2
f 2748/1/2 2692/33/2 2693/34/2
f 2748/1/2 2693/34/2 2694/35/2
f 2748/1/2 2694/35/2 2695/36/2
f 2748/1/2 2695/36/2 2696/37/2
f 2748/1/2 2696/37/2 2697/38/2
f 2748/1/2 2697/38/2 2698/39/2
f 2748/1/2 2698/39/2 2699/28/2
f 2748/1/2 2699/28/2 2747/40/2
f 2747/40/2 2699/28/2 2746/41/2
f 2746/41/2 2699/28/2 2745/42/2
f 2745/42/2 2699/28/2 2744/43/2
f 2744/43/2 2699/28/2 2743/44/2
f 2743/44/2 2699/28/2 2742/45/2
f 2742/45/2 2699/28/2 2741/46/2
f 2741/46/2 2699/28/2 2740/47/2
f 2740/47/2 2699/28/2 2739/48/2
f 2739/48/2 2699/28/2 2738/49/2
f 2738/49/2 2699/28/2 2737/50/2
f 2737/50/2 2699/28/2 2736/51/2
f 2736/51/2 2699/28/2 2735/52/2
f 2735/52/2 2699/28/2 2734/53/2
f 2734/53/2 2699/28/2 2733/54/2
f 2733/54/2 2699/28/2 2731/55/2
f 2731/55/2 2699/28/2 2728/56/2
f 2728/56/2 2699/28/2 2725/57/2
f 2725/57/2 2699/28/2 2724/58/2
f 2724/58/2 2699/28/2 2723/59/2
f 2723/59/2 2699/28/2 2722/60/2
f 2722/60/2 2699/28/2 2721/61/2
f 2721/61/2 2699/28/2 2720/62/2
f 2720/62/2 2699/28/2 2719/63/2
f 2719/63/2 2699/28/2 2718/64/2
f 2718/64/2 2699/28/2 2717/65/2
f 2717/65/2 2699/28/2 2712/5/2
f 2732/66/2 2733/54/2 2731/55/2
f 2730/67/1 2731/55/1 2728/56/1
f 2729/68/1 2730/67/1 2728/56/1
f 2727/69/2 2728/56/2 2725/57/2
f 2726/70/1 2727/69/1 2725/57/1
f 2716/71/2 2717/65/2 2712/5/2
f 2715/72/2 2716/71/2 2712/5/2
f 2714/73/2 2715/72/2 2712/5/2
f 2713/74/2 2714/73/2 2712/5/2
f 2856/377/2 2857/379/2 2810/378/2
f 2855/380/2 2856/377/2 2810/378/2
f 2855/380/2 2810/378/2 2811/381/2
f 2854/382/2 2855/380/2 2811/381/2
f 2854/382/2 2811/381/2 2812/383/2
f 2853/384/2 2854/382/2 2812/383/2
f 2853/384/2 2812/383/2 2813/385/2
f 2852/386/2 2853/384/2 2813/385/2
f 2852/386/2 2813/385/2 2814/387/2
f 2851/388/2 2852/386/2 2814/387/2
f 2851/388/2 2814/387/2 2815/389/2
f 2850/390/2 2851/388/2 2815/389/2
f 2850/390/2 2815/389/2 2816/391/2
f 2849/392/2 2850/390/2 2786/393/2
f 2786/393/2 2850/390/2 2785/394/2
f 2785/394/2 2850/390/2 2816/391/2
f 2785/394/2 2816/391/2 2784/395/2
f 2784/395/2 2816/391/2 2817/396/2
f 2849/392/2 2786/393/2 2787/397/2
f 2783/398/2 2784/395/2 2817/396/2
f 2849/392/2 2787/397/2 2788/399/2
f 2782/400/2 2783/398/2 2817/396/2
f 2849/392/2 2788/399/2 2789/401/2
f 2781/402/2 2782/400/2 2817/396/2
f 2849/392/2 2789/401/2 2790/403/2
f 2780/404/2 2781/402/2 2817/396/2
f 2848/405/2 2849/392/2 2790/403/2
f 2780/404/2 2817/396/2 2818/406/2
f 2848/405/2 2790/403/2 2791/407/2
f 2779/408/2 2780/404/2 2818/406/2
f 3004/409/2 3005/411/2 3006/410/2
f 3004/409/2 3006/410/2 3007/412/2
f 2848/405/2 2791/407/2 2792/413/2
f 2778/414/2 2779/408/2 2818/406/2
f 3004/409/2 3007/412/2 3008/415/2
f 3003/416/2 3004/409/2 3008/415/2
f 2847/417/2 2848/405/2 2792/413/2
f 2778/414/2 2818/406/2 2819/418/2
f 3003/416/2 3008/415/2 3009/419/2
f 2847/417/2 2792/413/2 2793/420/2
f 2777/421/2 2778/414/2 2819/418/2
f 3002/422/2 3003/416/2 3009/419/2
f 3002/422/2 3009/419/2 3010/423/2
f 3001/424/2 3002/422/2 3010/423/2
f 2847/417/2 2793/420/2 2794/425/2
f 2776/426/2 2777/421/2 2819/418/2
f 2846/427/2 2847/417/2 2794/425/2
f 2776/426/2 2819/418/2 2820/428/2
f 3001/424/2 3010/423/2 3011/429/2
f 3000/430/2 3001/424/2 3011/429/2
f 2846/427/2 2794/425/2 2795/431/2
f 2775/432/2 2776/426/2 2820/428/2
f 3000/430/2 3011/429/2 3012/433/2
f 2999/434/2 3000/430/2 3012/433/2
f 2846/427/2 2795/431/2 2796/435/2
f 2774/436/2 2775/432/2 2820/428/2
f 2845/437/2 2846/427/2 2796/435/2
f 2774/436/2 2820/428/2 2821/438/2
f 2999/434/2 3012/433/2 3013/439/2
f 2998/440/2 2999/434/2 3013/439/2
f 2845/437/2 2796/435/2 2797/441/2
f 2773/442/2 2774/436/2 2821/438/2
f 2998/440/2 3013/439/2 3014/443/2
f 2997/444/2 2998/440/2 3014/443/2
f 2997/444/2 3014/443/2 3015/445/2
f 2844/446/2 2845/437/2 2797/441/2
f 2844/446/2 2797/441/2 2798/447/2
f 2772/448/2 2773/442/2 2821/438/2
f 2772/448/2 2821/438/2 2822/449/2
f 2996/450/2 2997/444/2 3015/445/2
f 2996/450/2 3015/445/2 3016/451/2
f 2995/452/2 2996/450/2 3016/451/2
f 2844/446/2 2798/447/2 2799/453/2
f 2771/454/2 2772/448/2 2822/449/2
f 2995/452/2 3016/451/2 3017/455/2
f 2843/456/2 2844/446/2 2799/453/2
f 2771/454/2 2822/449/2 2823/457/2
f 2994/458/2 2995/452/2 3017/455/2
f 2770/459/2 2771/454/2 2823/457/2
f 2843/456/2 2799/453/2 2800/460/2
f 2994/458/2 3017/455/2 3018/27/2
f 2993/461/2 2994/458/2 3018/27/2
f 2769/462/2 2770/459/2 2823/457/2
f 2843/456/2 2800/460/2 2801/463/2
f 2992/464/2 2993/461/2 3018/27/2
f 2992/464/2 3018/27/2 2858/465/2
f 2842/466/2 2843/456/2 2801/463/2
f 2769/462/2 2823/457/2 2824/467/2
f 2768/468/2 2769/462/2 2824/467/2
f 2842/466/2 2801/463/2 2802/469/2
f 2767/470/2 2768/468/2 2824/467/2
f 2842/466/2 2802/469/2 2803/471/2
f 2841/472/2 2842/466/2 2803/471/2
f 2767/470/2 2824/467/2 2825/473/2
f 2766/474/2 2767/470/2 2825/473/2
f 2841/472/2 2803/471/2 2804/475/2
f 2991/476/2 2992/464/2 2858/465/2
f 2765/477/2 2766/474/2 2825/473/2
f 2841/472/2 2804/475/2 2805/478/2
f 2840/479/2 2841/472/2 2805/478/2
f 2765/477/2 2825/473/2 2826/480/2
f 2764/481/2 2765/477/2 2826/480/2
f 2840/479/2 2805/478/2 2806/482/2
f 2763/483/2 2764/481/2 2826/480/2
f 2840/479/2 2806/482/2 2807/484/2
f 2762/29/2 2763/483/2 2826/480/2
f 2840/479/2 2807/484/2 2808/485/2
f 2809/486/2 2762/29/2 2826/480/2
f 2840/479/2 2808/485/2 2809/486/2
f 2840/479/2 2809/486/2 2826/480/2
f 2839/487/2 2840/479/2 2826/480/2
f 2839/487/2 2826/480/2 2827/488/2
f 2838/489/2 2839/487/2 2827/488/2
f 2838/489/2 2827/488/2 2828/490/2
f 2990/491/2 2991/476/2 2858/465/2
f 2881/492/2 2882/494/2 2883/493/2
f 2837/495/2 2838/489/2 2828/490/2
f 2837/495/2 2828/490/2 2829/496/2
f 2880/497/2 2881/492/2 2883/493/2
f 2879/498/2 2880/497/2 2883/493/2
f 2837/495/2 2829/496/2 2830/499/2
f 2836/500/2 2837/495/2 2830/499/2
f 2878/501/2 2879/498/2 2883/493/2
f 2836/500/2 2830/499/2 2831/502/2
f 2835/503/2 2836/500/2 2831/502/2
f 2877/504/2 2878/501/2 2883/493/2
f 2835/503/2 2831/502/2 2832/505/2
f 2834/506/2 2835/503/2 2832/505/2
f 2876/507/2 2877/504/2 2883/493/2
f 2834/506/2 2832/505/2 2833/508/2
f 2875/509/2 2876/507/2 2883/493/2
f 2874/510/2 2875/509/2 2883/493/2
f 2873/511/2 2874/510/2 2883/493/2
f 2872/512/2 2873/511/2 2883/493/2
f 2989/513/2 2990/491/2 2858/465/2
f 2871/514/2 2872/512/2 2883/493/2
f 2870/515/2 2871/514/2 2883/493/2
f 2869/516/2 2870/515/2 2883/493/2
f 2868/517/2 2869/516/2 2883/493/2
f 2867/518/2 2868/517/2 2883/493/2
f 2866/519/2 2867/518/2 2883/493/2
f 2866/519/2 2883/493/2 2884/520/2
f 2866/519/2 2884/520/2 2885/521/2
f 2988/522/2 2989/513/2 2858/465/2
f 2866/519/2 2885/521/2 2886/523/2
f 2866/519/2 2886/523/2 2887/524/2
f 2865/525/2 2866/519/2 2887/524/2
f 2865/525/2 2887/524/2 2888/526/2
f 2865/525/2 2888/526/2 2889/527/2
f 2865/525/2 2889/527/2 2890/528/2
f 2864/529/2 2865/525/2 2890/528/2
f 2864/529/2 2890/528/2 2891/530/2
f 2864/529/2 2891/530/2 2892/531/2
f 2864/529/2 2892/531/2 2893/532/2
f 2863/533/2 2864/529/2 2893/532/2
f 2863/533/2 2893/532/2 2894/534/2
f 2863/533/2 2894/534/2 2895/535/2
f 2863/533/2 2895/535/2 2896/536/2
f 2862/537/2 2863/533/2 2896/536/2
f 2862/537/2 2896/536/2 2897/538/2
f 2861/539/2 2862/537/2 2897/538/2
f 2987/540/2 2988/522/2 2858/465/2
f 2860/541/2 2861/539/2 2897/538/2
f 2860/541/2 2897/538/2 2898/542/2
f 2859/543/2 2860/541/2 2898/542/2
f 2859/543/2 2898/542/2 2899/544/2
f 2858/465/2 2859/543/2 2899/544/2
f 2858/465/2 2899/544/2 2900/545/2
f 2987/540/2 2858/465/2 2900/545/2
f 2987/540/2 2900/545/2 2901/546/2
f 2987/540/2 2901/546/2 2902/547/2
f 2986/548/2 2987/540/2 2902/547/2
f 2986/548/2 2902/547/2 2903/549/2
f 2986/548/2 2903/549/2 2904/550/2
f 2986/548/2 2904/550/2 2905/551/2
f 2986/548/2 2905/551/2 2906/552/2
f 2986/548/2 2906/552/2 2907/553/2
f 2986/548/2 2907/553/2 2908/554/2
f 2985/555/2 2986/548/2 2908/554/2
f 2984/556/2 2985/555/2 2908/554/2
f 2983/557/2 2984/556/2 2908/554/2
f 2982/558/2 2983/557/2 2908/554/2
f 2981/559/2 2982/558/2 2908/554/2
f 2981/559/2 2908/554/2 2909/560/2
f 2981/559/2 2909/560/2 2910/561/2
f 2980/562/2 2981/559/2 2910/561/2
f 2980/562/2 2910/561/2 2911/563/2
f 2980/562/2 2911/563/2 2912/564/2
f 2980/562/2 2912/564/2 2913/565/2
f 2979/566/2 2980/562/2 2913/565/2
f 2979/566/2 2913/565/2 2914/567/2
f 2943/568/2 2944/570/2 2945/569/2
f 2979/566/2 2914/567/2 2915/571/2
f 2942/572/2 2943/568/2 2945/569/2
f 2979/566/2 2915/571/2 2916/573/2
f 2978/574/2 2979/566/2 2916/573/2
f 2941/575/2 2942/572/2 2945/569/2
f 2978/574/2 2916/573/2 2917/576/2
f 2940/577/2 2941/575/2 2945/569/2
f 2978/574/2 2917/576/2 2918/578/2
f 2939/579/2 2940/577/2 2945/569/2
f 2978/574/2 2918/578/2 2919/580/2
f 2938/581/2 2939/579/2 2945/569/2
f 2978/574/2 2919/580/2 2920/582/2
f 2978/574/2 2920/582/2 2921/583/2
f 2937/584/2 2938/581/2 2945/569/2
f 2977/585/2 2978/574/2 2921/583/2
f 2977/585/2 2921/583/2 2922/586/2
f 2977/585/2 2922/586/2 2923/587/2
f 2936/588/2 2937/584/2 2945/569/2
f 2977/585/2 2923/587/2 2924/589/2
f 2977/585/2 2924/589/2 2925/590/2
f 2935/591/2 2936/588/2 2945/569/2
f 2977/585/2 2925/590/2 2926/592/2
f 2977/585/2 2926/592/2 2927/593/2
f 2934/594/2 2935/591/2 2945/569/2
f 2977/585/2 2927/593/2 2928/595/2
f 2977/585/2 2928/595/2 2929/596/2
f 2933/597/2 2934/594/2 2945/569/2
f 2977/585/2 2929/596/2 2930/598/2
f 2977/585/2 2930/598/2 2931/599/2
f 2932/600/2 2933/597/2 2945/569/2
f 2977/585/2 2931/599/2 2932/600/2
f 2977/585/2 2932/600/2 2945/569/2
f 2976/601/2 2977/585/2 2945/569/2
f 2975/602/2 2976/601/2 2945/569/2
f 2974/603/2 2975/602/2 2945/569/2
f 2973/604/2 2974/603/2 2945/569/2
f 2972/605/2 2973/604/2 2945/569/2
f 2971/606/2 2972/605/2 2945/569/2
f 2971/606/2 2945/569/2 2946/607/2
f 2970/608/2 2971/606/2 2946/607/2
f 2970/608/2 2946/607/2 2947/609/2
f 2970/608/2 2947/609/2 2948/610/2
f 2969/611/2 2970/608/2 2948/610/2
f 2969/611/2 2948/610/2 2949/612/2
f 2968/613/2 2969/611/2 2949/612/2
f 2968/613/2 2949/612/2 2950/614/2
f 2967/615/2 2968/613/2 2950/614/2
f 2967/615/2 2950/614/2 2951/616/2
f 2966/617/2 2967/615/2 2951/616/2
f 2966/617/2 2951/616/2 2952/618/2
f 2965/619/2 2966/617/2 2952/618/2
f 2964/620/2 2965/619/2 2952/618/2
f 2964/620/2 2952/618/2 2953/621/2
f 2963/622/2 2964/620/2 2953/621/2
f 2963/622/2 2953/621/2 2954/623/2
f 2962/624/2 2963/622/2 2954/623/2
f 2961/625/2 2962/624/2 2954/623/2
f 2961/625/2 2954/623/2 2955/626/2
f 2960/627/2 2961/625/2 2955/626/2
f 2960/627/2 2955/626/2 2956/628/2
f 2959/629/2 2960/627/2 2956/628/2
f 2958/630/2 2959/629/2 2956/628/2
f 2958/630/2 2956/628/2 2957/631/2
f 3079/1/2 3080/3/2 3081/2/2
f 3041/4/2 3042/6/2 3043/5/2
f 3079/1/2 3081/2/2 3082/7/2
f 3040/8/2 3041/4/2 3043/5/2
f 3079/1/2 3082/7/2 3083/9/2
f 3039/10/2 3040/8/2 3043/5/2
f 3079/1/2 3083/9/2 3084/11/2
f 3038/12/2 3039/10/2 3043/5/2
f 3079/1/2 3084/11/2 3085/13/2
f 3037/14/2 3038/12/2 3043/5/2
f 3079/1/2 3085/13/2 3086/15/2
f 3036/16/2 3037/14/2 3043/5/2
f 3079/1/2 3086/15/2 3087/17/2
f 3035/18/2 3036/16/2 3043/5/2
f 3079/1/2 3087/17/2 3088/19/2
f 3034/20/2 3035/18/2 3043/5/2
f 3079/1/2 3088/19/2 3089/21/2
f 3033/22/2 3034/20/2 3043/5/2
f 3079/1/2 3089/21/2 3090/23/2
f 3032/24/2 3033/22/2 3043/5/2
f 3079/1/2 3090/23/2 3091/25/2
f 3031/26/2 3032/24/2 3043/5/2
f 3079/1/2 3091/25/2 3092/27/2
f 3030/28/2 3031/26/2 3043/5/2
f 3079/1/2 3092/27/2 3019/29/2
f 3079/1/2 3019/29/2 3020/30/2
f 3079/1/2 3020/30/2 3021/31/2
f 3079/1/2 3021/31/2 3022/32/2
f 3079/1/2 3022/32/2 3023/33/2
f 3079/1/2 3023/33/2 3024/34/2
f 3079/1/2 3024/34/2 3025/35/2
f 3079/1/2 3025/35/2 3026/36/2
f 3079/1/2 3026/36/2 3027/37/2
f 3079/1/2 3027/37/2 3028/38/2
f 3079/1/2 3028/38/2 3029/39/2
f 3079/1/2 3029/39/2 3030/28/2
f 3079/1/2 3030/28/2 3078/40/2
f 3078/40/2 3030/28/2 3077/41/2
f 3077/41/2 3030/28/2 3076/42/2
f 3076/42/2 3030/28/2 3075/43/2
f 3075/43/2 3030/28/2 3074/44/2
f 3074/44/2 3030/28/2 3073/45/2
f 3073/45/2 3030/28/2 3072/46/2
f 3072/46/2 3030/28/2 3071/47/2
f 3071/47/2 3030/28/2 3070/48/2
f 3070/48/2 3030/28/2 3069/49/2
f 3069/49/2 3030/28/2 3068/50/2
f 3068/50/2 3030/28/2 3067/51/2
f 3067/51/2 3030/28/2 3066/52/2
f 3066/52/2 3030/28/2 3065/53/2
f 3065/53/2 3030/28/2 3064/54/2
f 3064/54/2 3030/28/2 3062/55/2
f 3062/55/2 3030/28/2 3059/56/2
f 3059/56/2 3030/28/2 3056/57/2
f 3056/57/2 3030/28/2 3055/58/2
f 3055/58/2 3030/28/2 3054/59/2
f 3054/59/2 3030/28/2 3053/60/2
f 3053/60/2 3030/28/2 3052/61/2
f 3052/61/2 3030/28/2 3051/62/2
f 3051/62/2 3030/28/2 3050/63/2
f 3050/63/2 3030/28/2 3049/64/2
f 3049/64/2 3030/28/2 3048/65/2
f 3048/65/2 3030/28/2 3043/5/2
f 3063/66/1 3064/54/1 3062/55/1
f 3061/67/1 3062/55/1 3059/56/1
f 3060/68/1 3061/67/1 3059/56/1
f 3058/69/2 3059/56/2 3056/57/2
f 3057/70/1 3058/69/1 3056/57/1
f 3047/71/2 3048/65/2 3043/5/2
f 3046/72/2 3047/71/2 3043/5/2
f 3045/73/2 3046/72/2 3043/5/2
f 3044/74/2 3045/73/2 3043/5/2
f 3250/632/2 3251/634/2 3252/633/2
f 3250/632/2 3252/633/2 3253/635/2
f 3249/636/2 3250/632/2 3253/635/2
f 3249/636/2 3253/635/2 3254/637/2
f 3248/638/2 3249/636/2 3254/637/2
f 3248/638/2 3254/637/2 3255/639/2
f 3247/640/2 3248/638/2 3255/639/2
f 3247/640/2 3255/639/2 3256/641/2
f 3246/642/2 3247/640/2 3256/641/2
f 3246/642/2 3256/641/2 3257/643/2
f 3245/644/2 3246/642/2 3257/643/2
f 3245/644/2 3257/643/2 3258/645/2
f 3244/646/2 3245/644/2 3258/645/2
f 3244/646/2 3258/645/2 3259/647/2
f 3243/648/2 3244/646/2 3259/647/2
f 3243/648/2 3259/647/2 3260/649/2
f 3242/650/2 3243/648/2 3260/649/2
f 3242/650/2 3260/649/2 3261/651/2
f 3241/652/2 3242/650/2 3261/651/2
f 3241/652/2 3261/651/2 3262/653/2
f 3240/654/2 3241/652/2 3262/653/2
f 3240/654/2 3262/653/2 3263/655/2
f 3239/656/2 3240/654/2 3263/655/2
f 3239/656/2 3263/655/2 3264/27/2
f 3238/657/2 3239/656/2 3264/27/2
f 3238/657/2 3264/27/2 3167/658/2
f 3237/659/2 3238/657/2 3167/658/2
f 3237/659/2 3167/658/2 3168/660/2
f 3236/661/2 3237/659/2 3168/660/2
f 3236/661/2 3168/660/2 3169/662/2
f 3235/663/2 3236/661/2 3169/662/2
f 3235/663/2 3169/662/2 3170/664/2
f 3234/665/2 3235/663/2 3170/664/2
f 3234/665/2 3170/664/2 3171/666/2
f 3233/667/2 3234/665/2 3171/666/2
f 3233/667/2 3171/666/2 3172/668/2
f 3232/669/2 3233/667/2 3172/668/2
f 3232/669/2 3172/668/2 3173/670/2
f 3231/671/2 3232/669/2 3173/670/2
f 3231/671/2 3173/670/2 3174/672/2
f 3230/673/2 3231/671/2 3174/672/2
f 3230/673/2 3174/672/2 3175/674/2
f 3229/675/2 3230/673/2 3175/674/2
f 3229/675/2 3175/674/2 3176/676/2
f 3228/677/2 3229/675/2 3176/676/2
f 3228/677/2 3176/676/2 3177/678/2
f 3227/679/2 3228/677/2 3177/678/2
f 3227/679/2 3177/678/2 3178/680/2
f 3226/681/2 3227/679/2 3178/680/2
f 3226/681/2 3178/680/2 3179/682/2
f 3225/683/2 3226/681/2 3179/682/2
f 3225/683/2 3179/682/2 3180/684/2
f 3224/685/2 3225/683/2 3180/684/2
f 3224/685/2 3180/684/2 3181/686/2
f 3223/687/2 3224/685/2 3181/686/2
f 3223/687/2 3181/686/2 3182/688/2
f 3222/689/2 3223/687/2 3182/688/2
f 3221/690/2 3222/689/2 3182/688/2
f 3221/690/2 3182/688/2 3183/691/2
f 3220/692/2 3221/690/2 3183/691/2
f 3220/692/2 3183/691/2 3184/693/2
f 3219/694/2 3220/692/2 3184/693/2
f 3219/694/2 3184/693/2 3185/695/2
f 3218/696/2 3219/694/2 3185/695/2
f 3217/697/2 3218/696/2 3185/695/2
f 3217/697/2 3185/695/2 3186/698/2
f 3216/699/2 3217/697/2 3186/698/2
f 3216/699/2 3186/698/2 3187/700/2
f 3215/701/2 3216/699/2 3187/700/2
f 3215/701/2 3187/700/2 3188/702/2
f 3214/703/2 3215/701/2 3188/702/2
f 3214/703/2 3188/702/2 3189/704/2
f 3213/705/2 3214/703/2 3189/704/2
f 3212/706/2 3213/705/2 3189/704/2
f 3212/706/2 3189/704/2 3190/707/2
f 3211/708/2 3212/706/2 3190/707/2
f 3211/708/2 3190/707/2 3191/709/2
f 3210/710/2 3211/708/2 3191/709/2
f 3209/711/2 3210/710/2 3191/709/2
f 3209/711/2 3191/709/2 3192/712/2
f 3208/713/2 3209/711/2 3192/712/2
f 3208/713/2 3192/712/2 3193/714/2
f 3207/238/2 3208/713/2 3193/714/2
f 3206/715/2 3207/238/2 3193/714/2
f 3206/715/2 3193/714/2 3194/716/2
f 3205/717/2 3206/715/2 3194/716/2
f 3204/718/2 3205/717/2 3194/716/2
f 3204/718/2 3194/716/2 3195/719/2
f 3203/720/2 3204/718/2 3195/719/2
f 3202/721/2 3203/720/2 3195/719/2
f 3202/721/2 3195/719/2 3196/722/2
f 3202/721/2 3196/722/2 3197/723/2
f 3202/721/2 3197/723/2 3198/724/2
f 3202/721/2 3198/724/2 3199/725/2
f 3202/721/2 3199/725/2 3200/726/2
f 3202/721/2 3200/726/2 3201/727/2
f 3152/728/2 3153/730/2 3154/729/2
f 3152/728/2 3154/729/2 3155/731/2
f 3152/728/2 3155/731/2 3156/732/2
f 3151/733/2 3152/728/2 3156/732/2
f 3151/733/2 3156/732/2 3157/734/2
f 3150/294/2 3151/733/2 3157/734/2
f 3150/294/2 3157/734/2 3158/735/2
f 3149/736/2 3150/294/2 3158/735/2
f 3149/736/2 3158/735/2 3159/737/2
f 3148/738/2 3149/736/2 3159/737/2
f 3148/738/2 3159/737/2 3160/739/2
f 3147/740/2 3148/738/2 3160/739/2
f 3147/740/2 3160/739/2 3161/741/2
f 3146/742/2 3147/740/2 3161/741/2
f 3146/742/2 3161/741/2 3162/743/2
f 3145/744/2 3146/742/2 3162/743/2
f 3145/744/2 3162/743/2 3163/745/2
f 3144/746/2 3145/744/2 3163/745/2
f 3144/746/2 3163/745/2 3164/747/2
f 3143/748/2 3144/746/2 3164/747/2
f 3143/748/2 3164/747/2 3165/749/2
f 3142/750/2 3143/748/2 3165/749/2
f 3142/750/2 3165/749/2 3166/751/2
f 3141/752/2 3142/750/2 3166/751/2
f 3140/753/2 3141/752/2 3166/751/2
f 3140/753/2 3166/751/2 3093/29/2
f 3139/754/2 3140/753/2 3093/29/2
f 3139/754/2 3093/29/2 3094/755/2
f 3138/756/2 3139/754/2 3094/755/2
f 3138/756/2 3094/755/2 3095/757/2
f 3137/758/2 3138/756/2 3095/757/2
f 3137/758/2 3095/757/2 3096/759/2
f 3136/760/2 3137/758/2 3096/759/2
f 3136/760/2 3096/759/2 3097/761/2
f 3135/762/2 3136/760/2 3097/761/2
f 3135/762/2 3097/761/2 3098/763/2
f 3134/764/2 3135/762/2 3098/763/2
f 3134/764/2 3098/763/2 3099/765/2
f 3133/766/2 3134/764/2 3099/765/2
f 3133/766/2 3099/765/2 3100/767/2
f 3132/768/2 3133/766/2 3100/767/2
f 3132/768/2 3100/767/2 3101/769/2
f 3131/770/2 3132/768/2 3101/769/2
f 3131/770/2 3101/769/2 3102/771/2
f 3130/772/2 3131/770/2 3102/771/2
f 3130/772/2 3102/771/2 3103/773/2
f 3129/774/2 3130/772/2 3103/773/2
f 3129/774/2 3103/773/2 3104/775/2
f 3128/776/2 3129/774/2 3104/775/2
f 3128/776/2 3104/775/2 3105/777/2
f 3128/776/2 3105/777/2 3106/778/2
f 3127/779/2 3128/776/2 3106/778/2
f 3127/779/2 3106/778/2 3107/780/2
f 3126/781/2 3127/779/2 3107/780/2
f 3126/781/2 3107/780/2 3108/782/2
f 3125/783/2 3126/781/2 3108/782/2
f 3125/783/2 3108/782/2 3109/784/2
f 3124/785/2 3125/783/2 3109/784/2
f 3124/785/2 3109/784/2 3110/786/2
f 3123/787/2 3124/785/2 3110/786/2
f 3123/787/2 3110/786/2 3111/788/2
f 3122/789/2 3123/787/2 3111/788/2
f 3122/789/2 3111/788/2 3112/790/2
f 3121/791/2 3122/789/2 3112/790/2
f 3121/791/2 3112/790/2 3113/792/2
f 3120/793/2 3121/791/2 3113/792/2
f 3120/793/2 3113/792/2 3114/794/2
f 3119/795/2 3120/793/2 3114/794/2
f 3119/795/2 3114/794/2 3115/796/2
f 3118/797/2 3119/795/2 3115/796/2
f 3118/797/2 3115/796/2 3116/798/2
f 3117/799/2 3118/797/2 3116/798/2
f 3325/1/2 3326/3/2 3327/2/2
f 3287/4/2 3288/6/2 3289/5/2
f 3325/1/2 3327/2/2 3328/7/2
f 3286/8/2 3287/4/2 3289/5/2
f 3325/1/2 3328/7/2 3329/9/2
f 3285/10/2 3286/8/2 3289/5/2
f 3325/1/2 3329/9/2 3330/11/2
f 3284/12/2 3285/10/2 3289/5/2
f 3325/1/2 3330/11/2 3331/13/2
f 3283/14/2 3284/12/2 3289/5/2
f 3325/1/2 3331/13/2 3332/15/2
f 3282/16/2 3283/14/2 3289/5/2
f 3325/1/2 3332/15/2 3333/17/2
f 3281/18/2 3282/16/2 3289/5/2
f 3325/1/2 3333/17/2 3334/19/2
f 3280/20/2 3281/18/2 3289/5/2
f 3325/1/2 3334/19/2 3335/21/2
f 3279/22/2 3280/20/2 3289/5/2
f 3325/1/2 3335/21/2 3336/23/2
f 3278/24/2 3279/22/2 3289/5/2
f 3325/1/2 3336/23/2 3337/25/2
f 3277/26/2 3278/24/2 3289/5/2
f 3325/1/2 3337/25/2 3338/27/2
f 3276/28/2 3277/26/2 3289/5/2
f 3325/1/2 3338/27/2 3265/29/2
f 3325/1/2 3265/29/2 3266/30/2
f 3325/1/2 3266/30/2 3267/31/2
f 3325/1/2 3267/31/2 3268/32/2
f 3325/1/2 3268/32/2 3269/33/2
f 3325/1/2 3269/33/2 3270/34/2
f 3325/1/2 3270/34/2 3271/35/2
f 3325/1/2 3271/35/2 3272/36/2
f 3325/1/2 3272/36/2 3273/37/2
f 3325/1/2 3273/37/2 3274/38/2
f 3325/1/2 3274/38/2 3275/39/2
f 3325/1/2 3275/39/2 3276/28/2
f 3325/1/2 3276/28/2 3324/40/2
f 3324/40/2 3276/28/2 3323/41/2
f 3323/41/2 3276/28/2 3322/42/2
f 3322/42/2 3276/28/2 3321/43/2
f 3321/43/2 3276/28/2 3320/44/2
f 3320/44/2 3276/28/2 3319/45/2
f 3319/45/2 3276/28/2 3318/46/2
f 3318/46/2 3276/28/2 3317/47/2
f 3317/47/2 3276/28/2 3316/48/2
f 3316/48/2 3276/28/2 3315/49/2
f 3315/49/2 3276/28/2 3314/50/2
f 3314/50/2 3276/28/2 3313/51/2
f 3313/51/2 3276/28/2 3310/54/2
f 3310/54/2 3276/28/2 3309/66/2
f 3309/66/2 3276/28/2 3308/55/2
f 3308/55/2 3276/28/2 3307/67/2
f 3307/67/2 3276/28/2 3305/56/2
f 3305/56/2 3276/28/2 3304/69/2
f 3304/69/2 3276/28/2 3303/70/2
f 3303/70/2 3276/28/2 3302/57/2
f 3302/57/2 3276/28/2 3301/58/2
f 3301/58/2 3276/28/2 3300/59/2
f 3300/59/2 3276/28/2 3299/60/2
f 3299/60/2 3276/28/2 3298/61/2
f 3298/61/2 3276/28/2 3297/62/2
f 3297/62/2 3276/28/2 3296/63/2
f 3296/63/2 3276/28/2 3295/64/2
f 3295/64/2 3276/28/2 3294/65/2
f 3294/65/2 3276/28/2 3289/5/2
f 3312/52/1 3313/51/1 3310/54/1
f 3311/53/1 3312/52/1 3310/54/1
f 3306/68/1 3307/67/1 3305/56/1
f 3293/71/2 3294/65/2 3289/5/2
f 3292/72/2 3293/71/2 3289/5/2
f 3291/73/2 3292/72/2 3289/5/2
f 3290/74/2 3291/73/2 3289/5/2
f 3495/800/2 3496/802/2 3449/801/2
f 3494/803/2 3495/800/2 3449/801/2
f 3494/803/2 3449/801/2 3450/804/2
f 3493/805/2 3494/803/2 3450/804/2
f 3493/805/2 3450/804/2 3451/806/2
f 3492/807/2 3493/805/2 3451/806/2
f 3492/807/2 3451/806/2 3452/808/2
f 3491/809/2 3492/807/2 3452/808/2
f 3491/809/2 3452/808/2 3453/810/2
f 3490/811/2 3491/809/2 3453/810/2
f 3490/811/2 3453/810/2 3454/702/2
f 3489/812/2 3490/811/2 3454/702/2
f 3489/812/2 3454/702/2 3455/813/2
f 3488/814/2 3489/812/2 3425/815/2
f 3425/815/2 3489/812/2 3424/816/2
f 3424/816/2 3489/812/2 3455/813/2
f 3424/816/2 3455/813/2 3423/817/2
f 3423/817/2 3455/813/2 3456/818/2
f 3488/814/2 3425/815/2 3426/819/2
f 3422/820/2 3423/817/2 3456/818/2
f 3488/814/2 3426/819/2 3427/821/2
f 3421/822/2 3422/820/2 3456/818/2
f 3488/814/2 3427/821/2 3428/823/2
f 3420/824/2 3421/822/2 3456/818/2
f 3488/814/2 3428/823/2 3429/825/2
f 3419/826/2 3420/824/2 3456/818/2
f 3487/827/2 3488/814/2 3429/825/2
f 3419/826/2 3456/818/2 3457/828/2
f 3487/827/2 3429/825/2 3430/829/2
f 3418/830/2 3419/826/2 3457/828/2
f 3487/827/2 3430/829/2 3431/662/2
f 3417/831/2 3418/830/2 3457/828/2
f 3486/832/2 3487/827/2 3431/662/2
f 3417/831/2 3457/828/2 3458/833/2
f 3486/832/2 3431/662/2 3432/834/2
f 3416/835/2 3417/831/2 3458/833/2
f 3486/832/2 3432/834/2 3433/836/2
f 3415/837/2 3416/835/2 3458/833/2
f 3485/838/2 3486/832/2 3433/836/2
f 3415/837/2 3458/833/2 3459/839/2
f 3485/838/2 3433/836/2 3434/840/2
f 3414/841/2 3415/837/2 3459/839/2
f 3485/838/2 3434/840/2 3435/842/2
f 3413/843/2 3414/841/2 3459/839/2
f 3484/844/2 3485/838/2 3435/842/2
f 3413/843/2 3459/839/2 3460/845/2
f 3484/844/2 3435/842/2 3436/846/2
f 3412/847/2 3413/843/2 3460/845/2
f 3483/848/2 3484/844/2 3436/846/2
f 3483/848/2 3436/846/2 3437/849/2
f 3411/850/2 3412/847/2 3460/845/2
f 3411/850/2 3460/845/2 3461/851/2
f 3483/848/2 3437/849/2 3438/852/2
f 3410/853/2 3411/850/2 3461/851/2
f 3546/27/2 3497/855/2 3498/854/2
f 3482/856/2 3483/848/2 3438/852/2
f 3410/853/2 3461/851/2 3462/857/2
f 3482/856/2 3438/852/2 3439/858/2
f 3409/859/2 3410/853/2 3462/857/2
f 3482/856/2 3439/858/2 3440/860/2
f 3408/294/2 3409/859/2 3462/857/2
f 3408/294/2 3462/857/2 3463/861/2
f 3481/862/2 3482/856/2 3440/860/2
f 3481/862/2 3440/860/2 3441/863/2
f 3407/864/2 3408/294/2 3463/861/2
f 3546/27/2 3498/854/2 3499/865/2
f 3481/862/2 3441/863/2 3442/866/2
f 3406/867/2 3407/864/2 3463/861/2
f 3545/868/2 3546/27/2 3499/865/2
f 3406/867/2 3463/861/2 3464/869/2
f 3480/870/2 3481/862/2 3442/866/2
f 3480/870/2 3442/866/2 3443/871/2
f 3405/872/2 3406/867/2 3464/869/2
f 3480/870/2 3443/871/2 3444/873/2
f 3404/874/2 3405/872/2 3464/869/2
f 3545/868/2 3499/865/2 3500/681/2
f 3404/874/2 3464/869/2 3465/875/2
f 3479/876/2 3480/870/2 3444/873/2
f 3403/877/2 3404/874/2 3465/875/2
f 3479/876/2 3444/873/2 3445/878/2
f 3402/879/2 3403/877/2 3465/875/2
f 3479/876/2 3445/878/2 3446/880/2
f 3544/881/2 3545/868/2 3500/681/2
f 3401/882/2 3402/879/2 3465/875/2
f 3479/876/2 3446/880/2 3447/883/2
f 3448/884/2 3401/882/2 3465/875/2
f 3479/876/2 3447/883/2 3448/884/2
f 3479/876/2 3448/884/2 3465/875/2
f 3479/876/2 3465/875/2 3466/885/2
f 3478/886/2 3479/876/2 3466/885/2
f 3478/886/2 3466/885/2 3467/887/2
f 3477/238/2 3478/886/2 3467/887/2
f 3544/881/2 3500/681/2 3501/888/2
f 3543/889/2 3544/881/2 3501/888/2
f 3477/238/2 3467/887/2 3468/890/2
f 3476/891/2 3477/238/2 3468/890/2
f 3476/891/2 3468/890/2 3469/892/2
f 3475/893/2 3476/891/2 3469/892/2
f 3475/893/2 3469/892/2 3470/894/2
f 3474/895/2 3475/893/2 3470/894/2
f 3543/889/2 3501/888/2 3502/896/2
f 3474/895/2 3470/894/2 3471/897/2
f 3473/898/2 3474/895/2 3471/897/2
f 3542/899/2 3543/889/2 3502/896/2
f 3473/898/2 3471/897/2 3472/900/2
f 3542/899/2 3502/896/2 3503/901/2
f 3541/902/2 3542/899/2 3503/901/2
f 3541/902/2 3503/901/2 3504/903/2
f 3540/904/2 3541/902/2 3504/903/2
f 3540/904/2 3504/903/2 3505/905/2
f 3539/906/2 3540/904/2 3505/905/2
f 3538/907/2 3539/906/2 3505/905/2
f 3538/907/2 3505/905/2 3506/908/2
f 3537/909/2 3538/907/2 3506/908/2
f 3537/909/2 3506/908/2 3507/910/2
f 3536/911/2 3537/909/2 3507/910/2
f 3536/911/2 3507/910/2 3508/912/2
f 3536/911/2 3508/912/2 3509/913/2
f 3535/914/2 3536/911/2 3509/913/2
f 3535/914/2 3509/913/2 3510/915/2
f 3534/916/2 3535/914/2 3510/915/2
f 3534/916/2 3510/915/2 3511/917/2
f 3533/918/2 3534/916/2 3511/917/2
f 3533/918/2 3511/917/2 3512/919/2
f 3532/920/2 3533/918/2 3512/919/2
f 3532/920/2 3512/919/2 3513/921/2
f 3531/922/2 3532/920/2 3513/921/2
f 3530/923/2 3531/922/2 3513/921/2
f 3530/923/2 3513/921/2 3514/924/2
f 3529/925/2 3530/923/2 3514/924/2
f 3529/925/2 3514/924/2 3515/926/2
f 3528/927/2 3529/925/2 3515/926/2
f 3528/927/2 3515/926/2 3516/928/2
f 3527/929/2 3528/927/2 3516/928/2
f 3527/929/2 3516/928/2 3517/930/2
f 3526/931/2 3527/929/2 3517/930/2
f 3526/931/2 3517/930/2 3518/932/2
f 3525/933/2 3526/931/2 3518/932/2
f 3525/933/2 3518/932/2 3519/934/2
f 3524/935/2 3525/933/2 3519/934/2
f 3524/935/2 3519/934/2 3520/936/2
f 3523/644/2 3524/935/2 3520/936/2
f 3523/644/2 3520/936/2 3521/937/2
f 3523/644/2 3521/937/2 3522/938/2
f 3399/939/2 3400/940/2 3339/29/2
f 3399/939/2 3339/29/2 3340/941/2
f 3399/939/2 3340/941/2 3341/942/2
f 3398/943/2 3399/939/2 3341/942/2
f 3398/943/2 3341/942/2 3342/944/2
f 3398/943/2 3342/944/2 3343/945/2
f 3398/943/2 3343/945/2 3344/946/2
f 3398/943/2 3344/946/2 3345/947/2
f 3398/943/2 3345/947/2 3346/948/2
f 3397/949/2 3398/943/2 3346/948/2
f 3397/949/2 3346/948/2 3347/950/2
f 3397/949/2 3347/950/2 3348/951/2
f 3397/949/2 3348/951/2 3349/952/2
f 3397/949/2 3349/952/2 3350/953/2
f 3397/949/2 3350/953/2 3351/954/2
f 3397/949/2 3351/954/2 3352/955/2
f 3396/956/2 3397/949/2 3352/955/2
f 3396/956/2 3352/955/2 3353/957/2
f 3395/958/2 3396/956/2 3353/957/2
f 3395/958/2 3353/957/2 3354/959/2
f 3395/958/2 3354/959/2 3355/960/2
f 3394/961/2 3395/958/2 3355/960/2
f 3394/961/2 3355/960/2 3356/962/2
f 3393/963/2 3394/961/2 3356/962/2
f 3393/963/2 3356/962/2 3357/964/2
f 3392/965/2 3393/963/2 3357/964/2
f 3392/965/2 3357/964/2 3358/966/2
f 3391/967/2 3392/965/2 3358/966/2
f 3391/967/2 3358/966/2 3359/968/2
f 3390/969/2 3391/967/2 3359/968/2
f 3390/969/2 3359/968/2 3360/970/2
f 3389/971/2 3390/969/2 3360/970/2
f 3389/971/2 3360/970/2 3361/972/2
f 3388/973/2 3389/971/2 3361/972/2
f 3388/973/2 3361/972/2 3362/790/2
f 3387/974/2 3388/973/2 3362/790/2
f 3387/974/2 3362/790/2 3363/975/2
f 3386/976/2 3387/974/2 3363/975/2
f 3386/976/2 3363/975/2 3364/977/2
f 3385/770/2 3386/976/2 3364/977/2
f 3385/770/2 3364/977/2 3365/978/2
f 3384/979/2 3385/770/2 3365/978/2
f 3384/979/2 3365/978/2 3366/980/2
f 3383/981/2 3384/979/2 3366/980/2
f 3383/981/2 3366/980/2 3367/982/2
f 3382/983/2 3383/981/2 3367/982/2
f 3382/983/2 3367/982/2 3368/984/2
f 3381/985/2 3382/983/2 3368/984/2
f 3381/985/2 3368/984/2 3369/986/2
f 3380/987/2 3381/985/2 3369/986/2
f 3380/987/2 3369/986/2 3370/988/2
f 3379/989/2 3380/987/2 3370/988/2
f 3379/989/2 3370/988/2 3371/990/2
f 3378/991/2 3379/989/2 3371/990/2
f 3378/991/2 3371/990/2 3372/992/2
f 3377/993/2 3378/991/2 3372/992/2
f 3377/993/2 3372/992/2 3373/994/2
f 3376/995/2 3377/993/2 3373/994/2
f 3376/995/2 3373/994/2 3374/996/2
f 3375/997/2 3376/995/2 3374/996/2
f 3570/998/2 3571/1000/2 3572/999/2
f 3766/1001/2 3767/1002/2 3768/27/2
f 3766/1001/2 3768/27/2 3584/1003/2
f 3569/1004/2 3570/998/2 3572/999/2
f 3569/1004/2 3572/999/2 3573/1005/2
f 3765/1006/2 3766/1001/2 3584/1003/2
f 3765/1006/2 3584/1003/2 3585/1007/2
f 3568/1008/2 3569/1004/2 3573/1005/2
f 3568/1008/2 3573/1005/2 3574/1009/2
f 3764/1010/2 3765/1006/2 3585/1007/2
f 3764/1010/2 3585/1007/2 3586/1011/2
f 3567/1012/2 3568/1008/2 3574/1009/2
f 3567/1012/2 3574/1009/2 3575/1013/2
f 3763/1014/2 3764/1010/2 3586/1011/2
f 3763/1014/2 3586/1011/2 3587/1015/2
f 3567/1012/2 3575/1013/2 3576/1016/2
f 3566/1017/2 3567/1012/2 3576/1016/2
f 3763/1014/2 3587/1015/2 3588/1018/2
f 3762/1019/2 3763/1014/2 3588/1018/2
f 3566/1017/2 3576/1016/2 3577/1020/2
f 3762/1019/2 3588/1018/2 3589/1021/2
f 3565/1022/2 3566/1017/2 3577/1020/2
f 3761/1023/2 3762/1019/2 3589/1021/2
f 3565/1022/2 3577/1020/2 3578/1024/2
f 3761/1023/2 3589/1021/2 3590/1025/2
f 3564/1026/2 3565/1022/2 3578/1024/2
f 3760/1027/2 3761/1023/2 3590/1025/2
f 3760/1027/2 3590/1025/2 3591/1028/2
f 3564/1026/2 3578/1024/2 3579/1029/2
f 3759/1030/2 3760/1027/2 3591/1028/2
f 3563/1031/2 3564/1026/2 3579/1029/2
f 3759/1030/2 3591/1028/2 3592/1032/2
f 3563/1031/2 3579/1029/2 3580/1033/2
f 3758/1034/2 3759/1030/2 3592/1032/2
f 3562/1035/2 3563/1031/2 3580/1033/2
f 3758/1034/2 3592/1032/2 3593/1036/2
f 3562/1035/2 3580/1033/2 3581/1037/2
f 3757/1038/2 3758/1034/2 3593/1036/2
f 3757/1038/2 3593/1036/2 3594/1039/2
f 3561/1040/2 3562/1035/2 3581/1037/2
f 3561/1040/2 3581/1037/2 3582/1041/2
f 3756/1042/2 3757/1038/2 3594/1039/2
f 3756/1042/2 3594/1039/2 3595/1043/2
f 3561/1040/2 3582/1041/2 3583/1044/2
f 3560/1045/2 3561/1040/2 3583/1044/2
f 3755/1046/2 3756/1042/2 3595/1043/2
f 3755/1046/2 3595/1043/2 3731/1047/2
f 3731/1047/2 3595/1043/2 3596/1048/2
f 3731/1047/2 3596/1048/2 3597/1049/2
f 3731/1047/2 3597/1049/2 3598/1050/2
f 3731/1047/2 3598/1050/2 3599/1051/2
f 3731/1047/2 3599/1051/2 3600/1052/2
f 3755/1046/2 3731/1047/2 3732/1053/2
f 3730/1054/2 3731/1047/2 3600/1052/2
f 3560/1045/2 3583/1044/2 3547/29/2
f 3730/1054/2 3600/1052/2 3601/1055/2
f 3560/1045/2 3547/29/2 3548/1056/2
f 3730/1054/2 3601/1055/2 3602/1057/2
f 3755/1046/2 3732/1053/2 3733/1058/2
f 3730/1054/2 3602/1057/2 3603/1059/2
f 3560/1045/2 3548/1056/2 3549/1060/2
f 3730/1054/2 3603/1059/2 3604/1061/2
f 3755/1046/2 3733/1058/2 3734/1062/2
f 3559/1063/2 3560/1045/2 3549/1060/2
f 3559/1063/2 3549/1060/2 3550/1064/2
f 3754/1065/2 3755/1046/2 3734/1062/2
f 3730/1054/2 3604/1061/2 3605/1066/2
f 3753/1067/2 3754/1065/2 3734/1062/2
f 3559/1063/2 3550/1064/2 3551/1068/2
f 3753/1067/2 3734/1062/2 3735/1069/2
f 3730/1054/2 3605/1066/2 3606/1070/2
f 3752/1071/2 3753/1067/2 3735/1069/2
f 3730/1054/2 3606/1070/2 3607/1072/2
f 3559/1063/2 3551/1068/2 3552/1073/2
f 3752/1071/2 3735/1069/2 3736/1074/2
f 3751/1075/2 3752/1071/2 3736/1074/2
f 3730/1054/2 3607/1072/2 3608/1076/2
f 3559/1063/2 3552/1073/2 3553/1077/2
f 3730/1054/2 3608/1076/2 3729/1078/2
f 3729/1078/2 3608/1076/2 3693/1079/2
f 3693/1079/2 3608/1076/2 3692/1080/2
f 3692/1080/2 3608/1076/2 3609/1081/2
f 3751/1075/2 3736/1074/2 3737/1082/2
f 3750/1083/2 3751/1075/2 3737/1082/2
f 3559/1063/2 3553/1077/2 3554/1084/2
f 3749/1085/2 3750/1083/2 3737/1082/2
f 3749/1085/2 3737/1082/2 3738/1086/2
f 3558/1087/2 3559/1063/2 3557/1088/2
f 3557/1088/2 3559/1063/2 3556/1089/2
f 3556/1089/2 3559/1063/2 3555/1090/2
f 3555/1090/2 3559/1063/2 3554/1084/2
f 3748/1091/2 3749/1085/2 3738/1086/2
f 3748/1091/2 3738/1086/2 3739/1092/2
f 3747/1093/2 3748/1091/2 3739/1092/2
f 3747/1093/2 3739/1092/2 3740/1094/2
f 3746/1095/2 3747/1093/2 3740/1094/2
f 3746/1095/2 3740/1094/2 3741/1096/2
f 3745/1097/2 3746/1095/2 3741/1096/2
f 3745/1097/2 3741/1096/2 3742/1098/2
f 3744/1099/2 3745/1097/2 3742/1098/2
f 3744/1099/2 3742/1098/2 3743/1100/2
f 3728/1101/2 3729/1078/2 3693/1079/2
f 3728/1101/2 3693/1079/2 3694/1102/2
f 3691/1103/2 3692/1080/2 3609/1081/2
f 3691/1103/2 3609/1081/2 3610/1104/2
f 3727/1105/2 3728/1101/2 3694/1102/2
f 3727/1105/2 3694/1102/2 3695/1106/2
f 3690/1107/2 3691/1103/2 3610/1104/2
f 3726/1108/2 3727/1105/2 3695/1106/2
f 3726/1108/2 3695/1106/2 3696/1109/2
f 3690/1107/2 3610/1104/2 3611/1110/2
f 3689/1111/2 3690/1107/2 3611/1110/2
f 3725/1112/2 3726/1108/2 3696/1109/2
f 3725/1112/2 3696/1109/2 3697/1113/2
f 3689/1111/2 3611/1110/2 3612/1114/2
f 3688/1115/2 3689/1111/2 3612/1114/2
f 3724/1116/2 3725/1112/2 3697/1113/2
f 3724/1116/2 3697/1113/2 3698/1117/2
f 3723/1118/2 3724/1116/2 3698/1117/2
f 3687/1119/2 3688/1115/2 3612/1114/2
f 3687/1119/2 3612/1114/2 3613/1120/2
f 3723/1118/2 3698/1117/2 3699/1121/2
f 3722/1122/2 3723/1118/2 3699/1121/2
f 3686/1123/2 3687/1119/2 3613/1120/2
f 3686/1123/2 3613/1120/2 3614/1124/2
f 3685/1125/2 3686/1123/2 3614/1124/2
f 3721/1126/2 3722/1122/2 3699/1121/2
f 3721/1126/2 3699/1121/2 3700/1127/2
f 3685/1125/2 3614/1124/2 3615/1128/2
f 3684/1129/2 3685/1125/2 3615/1128/2
f 3720/1130/2 3721/1126/2 3700/1127/2
f 3720/1130/2 3700/1127/2 3701/1131/2
f 3683/1132/2 3684/1129/2 3615/1128/2
f 3683/1132/2 3615/1128/2 3616/1133/2
f 3719/1134/2 3720/1130/2 3701/1131/2
f 3682/1135/2 3683/1132/2 3616/1133/2
f 3719/1134/2 3701/1131/2 3702/1136/2
f 3682/1135/2 3616/1133/2 3617/1137/2
f 3681/1138/2 3682/1135/2 3617/1137/2
f 3718/1139/2 3719/1134/2 3702/1136/2
f 3680/1140/2 3681/1138/2 3617/1137/2
f 3679/1141/2 3680/1140/2 3617/1137/2
f 3678/1142/2 3679/1141/2 3617/1137/2
f 3678/1142/2 3617/1137/2 3618/1143/2
f 3677/1144/2 3678/1142/2 3618/1143/2
f 3655/1145/2 3656/1147/2 3657/1146/2
f 3676/1148/2 3677/1144/2 3618/1143/2
f 3655/1145/2 3657/1146/2 3658/1149/2
f 3675/1150/2 3676/1148/2 3618/1143/2
f 3655/1145/2 3658/1149/2 3659/1151/2
f 3674/1152/2 3675/1150/2 3618/1143/2
f 3655/1145/2 3659/1151/2 3660/1153/2
f 3673/1154/2 3674/1152/2 3618/1143/2
f 3655/1145/2 3660/1153/2 3661/1155/2
f 3672/1156/2 3673/1154/2 3618/1143/2
f 3655/1145/2 3661/1155/2 3662/1157/2
f 3671/1158/2 3672/1156/2 3618/1143/2
f 3655/1145/2 3662/1157/2 3663/1159/2
f 3654/1160/2 3655/1145/2 3663/1159/2
f 3670/1161/2 3671/1158/2 3618/1143/2
f 3654/1160/2 3663/1159/2 3664/1162/2
f 3654/1160/2 3664/1162/2 3665/1163/2
f 3669/1164/2 3670/1161/2 3618/1143/2
f 3717/1165/2 3718/1139/2 3702/1136/2
f 3654/1160/2 3665/1163/2 3666/1166/2
f 3668/1167/2 3669/1164/2 3618/1143/2
f 3654/1160/2 3666/1166/2 3667/1168/2
f 3654/1160/2 3667/1168/2 3668/1167/2
f 3654/1160/2 3668/1167/2 3618/1143/2
f 3717/1165/2 3702/1136/2 3703/1169/2
f 3653/1170/2 3654/1160/2 3618/1143/2
f 3653/1170/2 3618/1143/2 3619/1171/2
f 3652/1172/2 3653/1170/2 3619/1171/2
f 3651/1173/2 3652/1172/2 3619/1171/2
f 3716/1174/2 3717/1165/2 3703/1169/2
f 3650/1175/2 3651/1173/2 3619/1171/2
f 3650/1175/2 3619/1171/2 3620/1176/2
f 3715/1177/2 3716/1174/2 3703/1169/2
f 3714/1178/2 3715/1177/2 3703/1169/2
f 3649/1179/2 3650/1175/2 3620/1176/2
f 3714/1178/2 3703/1169/2 3704/1180/2
f 3713/1181/2 3714/1178/2 3704/1180/2
f 3649/1179/2 3620/1176/2 3621/1182/2
f 3648/1183/2 3649/1179/2 3621/1182/2
f 3712/1184/2 3713/1181/2 3704/1180/2
f 3648/1183/2 3621/1182/2 3622/1185/2
f 3647/1186/2 3648/1183/2 3622/1185/2
f 3711/1187/2 3712/1184/2 3704/1180/2
f 3647/1186/2 3622/1185/2 3623/1188/2
f 3646/1189/2 3647/1186/2 3623/1188/2
f 3646/1189/2 3623/1188/2 3624/1190/2
f 3710/1191/2 3711/1187/2 3704/1180/2
f 3646/1189/2 3624/1190/2 3625/1192/2
f 3645/1193/2 3646/1189/2 3625/1192/2
f 3709/1194/2 3710/1191/2 3704/1180/2
f 3645/1193/2 3625/1192/2 3626/1195/2
f 3709/1194/2 3704/1180/2 3708/1196/2
f 3708/1196/2 3704/1180/2 3707/1197/2
f 3707/1197/2 3704/1180/2 3706/1198/2
f 3706/1198/2 3704/1180/2 3705/1199/2
f 3645/1193/2 3626/1195/2 3627/1200/2
f 3644/1201/2 3645/1193/2 3627/1200/2
f 3644/1201/2 3627/1200/2 3628/1202/2
f 3644/1201/2 3628/1202/2 3629/1203/2
f 3644/1201/2 3629/1203/2 3630/1204/2
f 3643/1205/2 3644/1201/2 3630/1204/2
f 3643/1205/2 3630/1204/2 3631/1206/2
f 3642/1207/2 3643/1205/2 3631/1206/2
f 3642/1207/2 3631/1206/2 3632/1208/2
f 3641/1209/2 3642/1207/2 3632/1208/2
f 3641/1209/2 3632/1208/2 3633/1210/2
f 3640/1211/2 3641/1209/2 3633/1210/2
f 3640/1211/2 3633/1210/2 3634/1212/2
f 3639/1213/2 3640/1211/2 3634/1212/2
f 3639/1213/2 3634/1212/2 3635/1214/2
f 3638/1215/2 3639/1213/2 3635/1214/2
f 3638/1215/2 3635/1214/2 3636/1216/2
f 3637/1217/2 3638/1215/2 3636/1216/2
f 3822/1218/2 3823/1220/2 3824/1219/2
f 3822/1218/2 3824/1219/2 3773/1221/2
f 3822/1218/2 3773/1221/2 3774/1222/2
f 3822/1218/2 3774/1222/2 3775/1223/2
f 3821/1224/2 3822/1218/2 3775/1223/2
f 3821/1224/2 3775/1223/2 3776/1225/2
f 3821/1224/2 3776/1225/2 3777/1226/2
f 3821/1224/2 3777/1226/2 3778/1227/2
f 3821/1224/2 3778/1227/2 3779/1228/2
f 3820/1229/2 3821/1224/2 3779/1228/2
f 3820/1229/2 3779/1228/2 3780/1230/2
f 3820/1229/2 3780/1230/2 3781/1231/2
f 3820/1229/2 3781/1231/2 3782/1232/2
f 3820/1229/2 3782/1232/2 3783/1233/2
f 3820/1229/2 3783/1233/2 3784/1234/2
f 3819/1235/2 3820/1229/2 3784/1234/2
f 3819/1235/2 3784/1234/2 3785/1236/2
f 3819/1235/2 3785/1236/2 3786/1237/2
f 3818/1238/2 3819/1235/2 3786/1237/2
f 3817/1239/2 3818/1238/2 3787/1240/2
f 3787/1240/2 3818/1238/2 3786/1237/2
f 3817/1239/2 3787/1240/2 3788/1241/2
f 3817/1239/2 3788/1241/2 3789/1242/2
f 3816/1243/2 3817/1239/2 3789/1242/2
f 3816/1243/2 3789/1242/2 3790/1244/2
f 3815/1245/2 3816/1243/2 3790/1244/2
f 3815/1245/2 3790/1244/2 3791/1246/2
f 3770/1247/2 3771/1249/2 3772/1248/2
f 3770/1247/2 3772/1248/2 3769/29/2
f 3814/1250/2 3815/1245/2 3791/1246/2
f 3814/1250/2 3791/1246/2 3792/1251/2
f 3814/1250/2 3792/1251/2 3793/1252/2
f 3813/1253/2 3814/1250/2 3793/1252/2
f 3813/1253/2 3793/1252/2 3794/1254/2
f 3812/1255/2 3813/1253/2 3794/1254/2
f 3812/1255/2 3794/1254/2 3795/1256/2
f 3811/1257/2 3812/1255/2 3795/1256/2
f 3811/1257/2 3795/1256/2 3796/1258/2
f 3810/1259/2 3811/1257/2 3796/1258/2
f 3810/1259/2 3796/1258/2 3797/1260/2
f 3809/1261/2 3810/1259/2 3797/1260/2
f 3808/1262/2 3809/1261/2 3797/1260/2
f 3807/1263/2 3808/1262/2 3797/1260/2
f 3806/1264/2 3807/1263/2 3797/1260/2
f 3806/1264/2 3797/1260/2 3798/1265/2
f 3805/1266/2 3806/1264/2 3798/1265/2
f 3804/1267/2 3805/1266/2 3798/1265/2
f 3803/1268/2 3804/1267/2 3798/1265/2
f 3802/1269/2 3803/1268/2 3798/1265/2
f 3802/1269/2 3798/1265/2 3801/1270/2
f 3801/1270/2 3798/1265/2 3800/1271/2
f 3800/1271/2 3798/1265/2 3799/1272/2
f 3885/1273/2 3886/1275/2 3887/1274/2
f 3885/1273/2 3887/1274/2 3825/1276/2
f 3885/1273/2 3825/1276/2 3884/1277/2
f 3884/1277/2 3825/1276/2 3826/1278/2
f 3883/1279/2 3884/1277/2 3826/1278/2
f 3910/1280/2 3911/1282/2 3912/1281/2
f 3909/1283/2 3910/1280/2 3912/1281/2
f 3909/1283/2 3912/1281/2 3913/1284/2
f 3908/1285/2 3909/1283/2 3913/1284/2
f 3908/1285/2 3913/1284/2 3914/1286/2
f 3883/1279/2 3826/1278/2 3827/1287/2
f 3997/1288/2 3998/27/2 3888/1289/2
f 3907/1290/2 3908/1285/2 3914/1286/2
f 3882/1291/2 3883/1279/2 3827/1287/2
f 3997/1288/2 3888/1289/2 3889/1292/2
f 3907/1290/2 3914/1286/2 3915/1293/2
f 3906/1294/2 3907/1290/2 3915/1293/2
f 3997/1288/2 3889/1292/2 3890/1295/2
f 3997/1288/2 3890/1295/2 3891/1296/2
f 3905/1297/2 3906/1294/2 3915/1293/2
f 3905/1297/2 3915/1293/2 3916/1298/2
f 3997/1288/2 3891/1296/2 3892/1299/2
f 3904/1300/2 3905/1297/2 3916/1298/2
f 3904/1300/2 3916/1298/2 3917/1301/2
f 3997/1288/2 3892/1299/2 3893/1302/2
f 3996/1303/2 3997/1288/2 3893/1302/2
f 3903/1304/2 3904/1300/2 3917/1301/2
f 3996/1303/2 3893/1302/2 3894/1305/2
f 3882/1291/2 3827/1287/2 3828/1306/2
f 3995/1307/2 3996/1303/2 3894/1305/2
f 3903/1304/2 3917/1301/2 3918/1308/2
f 3995/1307/2 3894/1305/2 3895/1309/2
f 3994/1310/2 3995/1307/2 3895/1309/2
f 3902/1311/2 3903/1304/2 3918/1308/2
f 3881/1312/2 3882/1291/2 3828/1306/2
f 3902/1311/2 3918/1308/2 3919/1313/2
f 3994/1310/2 3895/1309/2 3896/1314/2
f 3993/1315/2 3994/1310/2 3896/1314/2
f 3901/1316/2 3902/1311/2 3919/1313/2
f 3992/1317/2 3993/1315/2 3896/1314/2
f 3992/1317/2 3896/1314/2 3897/1318/2
f 3901/1316/2 3919/1313/2 3920/1319/2
f 3900/1320/2 3901/1316/2 3920/1319/2
f 3991/1321/2 3992/1317/2 3897/1318/2
f 3991/1321/2 3897/1318/2 3898/1322/2
f 3900/1320/2 3920/1319/2 3921/1323/2
f 3899/1324/2 3900/1320/2 3921/1323/2
f 3990/1325/2 3991/1321/2 3898/1322/2
f 3990/1325/2 3898/1322/2 3899/1324/2
f 3881/1312/2 3828/1306/2 3829/1326/2
f 3989/1327/2 3990/1325/2 3899/1324/2
f 3989/1327/2 3899/1324/2 3921/1323/2
f 3989/1327/2 3921/1323/2 3922/1328/2
f 3988/1329/2 3989/1327/2 3922/1328/2
f 3880/1330/2 3881/1312/2 3829/1326/2
f 3988/1329/2 3922/1328/2 3923/1331/2
f 3987/1332/2 3988/1329/2 3923/1331/2
f 3987/1332/2 3923/1331/2 3924/1333/2
f 3986/1334/2 3987/1332/2 3924/1333/2
f 3880/1330/2 3829/1326/2 3830/1335/2
f 3986/1334/2 3924/1333/2 3925/1336/2
f 3985/1337/2 3986/1334/2 3925/1336/2
f 3984/1338/2 3985/1337/2 3925/1336/2
f 3984/1338/2 3925/1336/2 3926/1339/2
f 3879/1340/2 3880/1330/2 3830/1335/2
f 3984/1338/2 3926/1339/2 3927/1341/2
f 3847/1342/2 3848/1344/2 3849/1343/2
f 3983/1345/2 3984/1338/2 3927/1341/2
f 3847/1342/2 3849/1343/2 3850/1346/2
f 3847/1342/2 3850/1346/2 3851/1347/2
f 3983/1345/2 3927/1341/2 3928/1348/2
f 3847/1342/2 3851/1347/2 3852/1349/2
f 3879/1340/2 3830/1335/2 3831/1350/2
f 3847/1342/2 3852/1349/2 3853/1351/2
f 3982/1352/2 3983/1345/2 3949/1353/2
f 3949/1353/2 3983/1345/2 3928/1348/2
f 3846/1354/2 3847/1342/2 3853/1351/2
f 3846/1354/2 3853/1351/2 3854/1355/2
f 3949/1353/2 3928/1348/2 3929/1356/2
f 3982/1352/2 3949/1353/2 3950/1357/2
f 3948/1358/2 3949/1353/2 3929/1356/2
f 3846/1354/2 3854/1355/2 3855/1359/2
f 3846/1354/2 3855/1359/2 3856/1360/2
f 3846/1354/2 3856/1360/2 3857/1361/2
f 3846/1354/2 3857/1361/2 3858/1362/2
f 3948/1358/2 3929/1356/2 3930/1363/2
f 3981/1364/2 3982/1352/2 3950/1357/2
f 3947/1365/2 3948/1358/2 3930/1363/2
f 3846/1354/2 3858/1362/2 3859/1366/2
f 3845/1367/2 3846/1354/2 3859/1366/2
f 3845/1367/2 3859/1366/2 3860/1368/2
f 3878/1369/2 3879/1340/2 3831/1350/2
f 3981/1364/2 3950/1357/2 3951/1370/2
f 3845/1367/2 3860/1368/2 3861/1371/2
f 3947/1365/2 3930/1363/2 3931/1372/2
f 3878/1369/2 3831/1350/2 3832/1373/2
f 3946/1374/2 3947/1365/2 3931/1372/2
f 3980/1375/2 3981/1364/2 3951/1370/2
f 3844/1376/2 3845/1367/2 3861/1371/2
f 3946/1374/2 3931/1372/2 3932/1377/2
f 3980/1375/2 3951/1370/2 3952/1378/2
f 3945/1379/2 3946/1374/2 3932/1377/2
f 3979/1380/2 3980/1375/2 3952/1378/2
f 3844/1376/2 3861/1371/2 3862/1381/2
f 3843/1382/2 3844/1376/2 3862/1381/2
f 3945/1379/2 3932/1377/2 3933/1383/2
f 3944/1384/2 3945/1379/2 3933/1383/2
f 3878/1369/2 3832/1373/2 3833/1385/2
f 3979/1380/2 3952/1378/2 3953/1386/2
f 3978/1387/2 3979/1380/2 3953/1386/2
f 3944/1384/2 3933/1383/2 3934/1388/2
f 3877/1389/2 3878/1369/2 3833/1385/2
f 3842/1390/2 3843/1382/2 3862/1381/2
f 3943/1391/2 3944/1384/2 3934/1388/2
f 3943/1391/2 3934/1388/2 3935/1392/2
f 3977/1393/2 3978/1387/2 3953/1386/2
f 3977/1393/2 3953/1386/2 3954/1394/2
f 3842/1390/2 3862/1381/2 3863/1395/2
f 3841/1396/2 3842/1390/2 3863/1395/2
f 3942/1397/2 3943/1391/2 3935/1392/2
f 3877/1389/2 3833/1385/2 3834/1398/2
f 3942/1397/2 3935/1392/2 3936/1399/2
f 3840/1400/2 3841/1396/2 3863/1395/2
f 3976/1401/2 3977/1393/2 3954/1394/2
f 3941/1402/2 3942/1397/2 3936/1399/2
f 3976/1401/2 3954/1394/2 3955/1403/2
f 3941/1402/2 3936/1399/2 3940/1404/2
f 3940/1404/2 3936/1399/2 3939/1405/2
f 3939/1405/2 3936/1399/2 3938/1406/2
f 3938/1406/2 3936/1399/2 3937/1407/2
f 3839/1408/2 3840/1400/2 3863/1395/2
f 3839/1408/2 3863/1395/2 3864/1409/2
f 3876/1410/2 3877/1389/2 3834/1398/2
f 3876/1410/2 3834/1398/2 3835/1411/2
f 3975/1412/2 3976/1401/2 3955/1403/2
f 3838/1413/2 3839/1408/2 3864/1409/2
f 3975/1412/2 3955/1403/2 3956/1414/2
f 3837/1415/2 3838/1413/2 3864/1409/2
f 3876/1410/2 3835/1411/2 3836/1416/2
f 3836/1416/2 3837/1415/2 3864/1409/2
f 3974/1417/2 3975/1412/2 3956/1414/2
f 3876/1410/2 3836/1416/2 3864/1409/2
f 3876/1410/2 3864/1409/2 3865/1418/2
f 3974/1417/2 3956/1414/2 3957/1419/2
f 3973/1420/2 3974/1417/2 3957/1419/2
f 3875/1421/2 3876/1410/2 3865/1418/2
f 3875/1421/2 3865/1418/2 3866/1422/2
f 3972/1423/2 3973/1420/2 3957/1419/2
f 3972/1423/2 3957/1419/2 3958/1424/2
f 3971/1425/2 3972/1423/2 3958/1424/2
f 3970/1426/2 3971/1425/2 3958/1424/2
f 3875/1421/2 3866/1422/2 3867/1427/2
f 3969/1428/2 3970/1426/2 3958/1424/2
f 3874/1429/2 3875/1421/2 3867/1427/2
f 3969/1428/2 3958/1424/2 3959/1430/2
f 3968/1431/2 3969/1428/2 3959/1430/2
f 3967/1432/2 3968/1431/2 3959/1430/2
f 3874/1429/2 3867/1427/2 3868/1433/2
f 3966/1434/2 3967/1432/2 3959/1430/2
f 3966/1434/2 3959/1430/2 3960/1435/2
f 3874/1429/2 3868/1433/2 3869/1436/2
f 3965/1437/2 3966/1434/2 3960/1435/2
f 3873/1438/2 3874/1429/2 3869/1436/2
f 3964/1439/2 3965/1437/2 3960/1435/2
f 3873/1438/2 3869/1436/2 3870/1440/2
f 3963/1441/2 3964/1439/2 3960/1435/2
f 3963/1441/2 3960/1435/2 3962/1442/2
f 3962/1442/2 3960/1435/2 3961/1443/2
f 3873/1438/2 3870/1440/2 3871/1444/2
f 3872/1445/2 3873/1438/2 3871/1444/2
f 4021/1446/2 4022/1448/2 4023/1447/2
f 4020/1449/2 4021/1446/2 4023/1447/2
f 4019/1450/2 4020/1449/2 4023/1447/2
f 4018/1451/2 4019/1450/2 4023/1447/2
f 4017/790/2 4018/1451/2 4023/1447/2
f 4016/1452/2 4017/790/2 4023/1447/2
f 4015/1453/2 4016/1452/2 4023/1447/2
f 4014/1454/2 4015/1453/2 4023/1447/2
f 4013/1455/2 4014/1454/2 4023/1447/2
f 4012/1456/2 4013/1455/2 4023/1447/2
f 4011/1457/2 4012/1456/2 4023/1447/2
f 4010/1458/2 4011/1457/2 4023/1447/2
f 4009/1459/2 4010/1458/2 4023/1447/2
f 4008/1460/2 4009/1459/2 4023/1447/2
f 4007/1461/2 4008/1460/2 4023/1447/2
f 4006/1462/2 4007/1461/2 4023/1447/2
f 4005/1463/2 4006/1462/2 4023/1447/2
f 4004/1464/2 4005/1463/2 4023/1447/2
f 4003/1465/2 4004/1464/2 4023/1447/2
f 4002/1466/2 4003/1465/2 4023/1447/2
f 4001/1467/2 4002/1466/2 4023/1447/2
f 4000/1468/2 4001/1467/2 4023/1447/2
f 3999/29/2 4000/1468/2 4023/1447/2
f 4109/1469/2 3999/29/2 4023/1447/2
f 4108/1470/2 4109/1469/2 4023/1447/2
f 4107/238/2 4108/1470/2 4023/1447/2
f 4106/1471/2 4107/238/2 4023/1447/2
f 4105/1472/2 4106/1471/2 4023/1447/2
f 4104/1473/2 4105/1472/2 4023/1447/2
f 4103/1474/2 4104/1473/2 4023/1447/2
f 4102/1475/2 4103/1474/2 4023/1447/2
f 4101/1476/2 4102/1475/2 4023/1447/2
f 4100/1477/2 4101/1476/2 4023/1447/2
f 4099/1478/2 4100/1477/2 4023/1447/2
f 4098/1479/2 4099/1478/2 4023/1447/2
f 4097/1480/2 4098/1479/2 4023/1447/2
f 4096/1481/2 4097/1480/2 4095/1482/2
f 4095/1482/2 4097/1480/2 4094/1483/2
f 4094/1483/2 4097/1480/2 4093/1484/2
f 4093/1484/2 4097/1480/2 4092/1485/2
f 4092/1485/2 4097/1480/2 4091/1486/2
f 4091/1486/2 4097/1480/2 4090/1487/2
f 4090/1487/2 4097/1480/2 4089/702/2
f 4089/702/2 4097/1480/2 4088/1488/2
f 4088/1488/2 4097/1480/2 4084/1489/2
f 4084/1489/2 4097/1480/2 4028/1490/2
f 4028/1490/2 4097/1480/2 4027/1491/2
f 4027/1491/2 4097/1480/2 4026/1492/2
f 4026/1492/2 4097/1480/2 4025/1493/2
f 4025/1493/2 4097/1480/2 4024/1494/2
f 4024/1494/2 4097/1480/2 4023/1447/2
f 4084/1489/2 4028/1490/2 4029/1495/2
f 4084/1489/2 4029/1495/2 4030/1496/2
f 4084/1489/2 4030/1496/2 4031/1497/2
f 4084/1489/2 4031/1497/2 4032/1498/2
f 4084/1489/2 4032/1498/2 4033/1499/2
f 4084/1489/2 4033/1499/2 4034/1500/2
f 4088/1488/3 4084/1489/3 4087/1501/3
f 4087/1501/2 4084/1489/2 4085/1502/2
f 4083/1503/2 4084/1489/2 4034/1500/2
f 4083/1503/2 4034/1500/2 4035/770/2
f 4087/1501/3 4085/1502/3 4086/1504/3
f 4083/1503/2 4035/770/2 4036/1505/2
f 4082/1506/2 4083/1503/2 4036/1505/2
f 4082/1506/2 4036/1505/2 4037/1507/2
f 4081/1508/2 4082/1506/2 4037/1507/2
f 4081/1508/2 4037/1507/2 4038/1509/2
f 4080/528/2 4081/1508/2 4038/1509/2
f 4080/528/2 4038/1509/2 4039/1510/2
f 4148/1511/2 4149/1513/2 4150/1512/2
f 4079/1514/2 4080/528/2 4039/1510/2
f 4148/1511/2 4150/1512/2 4151/1515/2
f 4079/1514/2 4039/1510/2 4040/1516/2
f 4148/1511/2 4151/1515/2 4152/1517/2
f 4147/1518/2 4148/1511/2 4152/1517/2
f 4147/1518/2 4152/1517/2 4153/1519/2
f 4146/1520/2 4147/1518/2 4153/1519/2
f 4078/1521/2 4079/1514/2 4040/1516/2
f 4078/1521/2 4040/1516/2 4041/1522/2
f 4146/1520/2 4153/1519/2 4154/1523/2
f 4122/1524/2 4123/1526/2 4124/1525/2
f 4145/1527/2 4146/1520/2 4154/1523/2
f 4122/1524/2 4124/1525/2 4125/681/2
f 4145/1527/2 4154/1523/2 4155/1528/2
f 4144/1529/2 4145/1527/2 4155/1528/2
f 4122/1524/2 4125/681/2 4126/1530/2
f 4077/1531/2 4078/1521/2 4041/1522/2
f 4121/1532/2 4122/1524/2 4126/1530/2
f 4144/1529/2 4155/1528/2 4156/1533/2
f 4077/1531/2 4041/1522/2 4042/1534/2
f 4143/644/2 4144/1529/2 4156/1533/2
f 4121/1532/2 4126/1530/2 4127/1535/2
f 4120/1536/2 4121/1532/2 4127/1535/2
f 4143/644/2 4156/1533/2 4157/1537/2
f 4142/1538/2 4143/644/2 4157/1537/2
f 4120/1536/2 4127/1535/2 4128/1539/2
f 4119/1540/2 4120/1536/2 4128/1539/2
f 4142/1538/2 4157/1537/2 4158/1541/2
f 4141/1542/2 4142/1538/2 4158/1541/2
f 4076/1543/2 4077/1531/2 4042/1534/2
f 4119/1540/2 4128/1539/2 4129/1544/2
f 4076/1543/2 4042/1534/2 4043/1545/2
f 4118/1546/2 4119/1540/2 4129/1544/2
f 4140/1547/2 4141/1542/2 4158/1541/2
f 4140/1547/2 4158/1541/2 4159/1548/2
f 4118/1546/2 4129/1544/2 4130/1549/2
f 4117/1550/2 4118/1546/2 4130/1549/2
f 4139/1551/2 4140/1547/2 4159/1548/2
f 4139/1551/2 4159/1548/2 4160/1552/2
f 4116/1553/2 4117/1550/2 4130/1549/2
f 4116/1553/2 4130/1549/2 4131/1554/2
f 4075/1555/2 4076/1543/2 4043/1545/2
f 4138/1556/2 4139/1551/2 4160/1552/2
f 4138/1556/2 4160/1552/2 4161/27/2
f 4075/1555/2 4043/1545/2 4044/1557/2
f 4115/1558/2 4116/1553/2 4131/1554/2
f 4115/1558/2 4131/1554/2 4132/1559/2
f 4138/1556/2 4161/27/2 4137/1560/2
f 4137/1560/2 4161/27/2 4136/1561/2
f 4114/1562/2 4115/1558/2 4132/1559/2
f 4114/1562/2 4132/1559/2 4133/1563/2
f 4113/1564/2 4114/1562/2 4133/1563/2
f 4113/1564/2 4133/1563/2 4134/1565/2
f 4074/1566/2 4075/1555/2 4044/1557/2
f 4074/1566/2 4044/1557/2 4045/1567/2
f 4112/1568/2 4113/1564/2 4134/1565/2
f 4112/1568/2 4134/1565/2 4135/1569/2
f 4111/1570/2 4112/1568/2 4135/1569/2
f 4111/1570/2 4135/1569/2 4110/1571/2
f 4074/1566/2 4045/1567/2 4046/1572/2
f 4073/1573/2 4074/1566/2 4046/1572/2
f 4073/1573/2 4046/1572/2 4047/1574/2
f 4072/1575/2 4073/1573/2 4047/1574/2
f 4072/1575/2 4047/1574/2 4048/1576/2
f 4071/662/2 4072/1575/2 4048/1576/2
f 4071/662/2 4048/1576/2 4049/1577/2
f 4070/1578/2 4071/662/2 4049/1577/2
f 4070/1578/2 4049/1577/2 4050/1579/2
f 4069/1580/2 4070/1578/2 4050/1579/2
f 4069/1580/2 4050/1579/2 4051/1581/2
f 4069/1580/2 4051/1581/2 4052/1582/2
f 4068/1583/2 4069/1580/2 4052/1582/2
f 4068/1583/2 4052/1582/2 4053/294/2
f 4067/1584/2 4068/1583/2 4053/294/2
f 4067/1584/2 4053/294/2 4054/1585/2
f 4067/1584/2 4054/1585/2 4055/1586/2
f 4066/1587/2 4067/1584/2 4055/1586/2
f 4066/1587/2 4055/1586/2 4056/1588/2
f 4066/1587/2 4056/1588/2 4057/1589/2
f 4066/1587/2 4057/1589/2 4058/1590/2
f 4066/1587/2 4058/1590/2 4059/1591/2
f 4065/1592/2 4066/1587/2 4059/1591/2
f 4065/1592/2 4059/1591/2 4060/1593/2
f 4064/1594/2 4065/1592/2 4060/1593/2
f 4063/1595/2 4064/1594/2 4060/1593/2
f 4062/1596/2 4063/1595/2 4060/1593/2
f 4061/1597/2 4062/1596/2 4060/1593/2
f 4172/1598/2 4173/1599/2 4174/793/2
f 4171/1600/2 4172/1598/2 4174/793/2
f 4170/788/2 4171/1600/2 4174/793/2
f 4169/1601/2 4170/788/2 4174/793/2
f 4169/1601/2 4174/793/2 4175/1602/2
f 4168/1603/2 4169/1601/2 4175/1602/2
f 4168/1603/2 4175/1602/2 4176/1604/2
f 4167/1605/2 4168/1603/2 4176/1604/2
f 4167/1605/2 4176/1604/2 4177/1606/2
f 4167/1605/2 4177/1606/2 4178/774/2
f 4166/771/2 4167/1605/2 4178/774/2
f 4166/771/2 4178/774/2 4179/1607/2
f 4165/1608/2 4166/771/2 4179/1607/2
f 4165/1608/2 4179/1607/2 4180/1609/2
f 4164/1610/2 4165/1608/2 4180/1609/2
f 4164/1610/2 4180/1609/2 4181/480/2
f 4163/1611/2 4164/1610/2 4181/480/2
f 4163/1611/2 4181/480/2 4182/756/2
f 4162/29/2 4163/1611/2 4182/756/2
f 4162/29/2 4182/756/2 4183/1612/2
f 4238/27/2 4162/29/2 4183/1612/2
f 4238/27/2 4183/1612/2 4184/1613/2
f 4237/1614/2 4238/27/2 4184/1613/2
f 4237/1614/2 4184/1613/2 4185/1615/2
f 4236/1616/2 4237/1614/2 4185/1615/2
f 4235/1617/2 4236/1616/2 4185/1615/2
f 4235/1617/2 4185/1615/2 4186/740/2
f 4234/639/2 4235/1617/2 4186/740/2
f 4234/639/2 4186/740/2 4213/1618/2
f 4213/1618/2 4186/740/2 4187/1619/2
f 4233/1620/2 4234/639/2 4213/1618/2
f 4232/1621/2 4233/1620/2 4213/1618/2
f 4231/1622/2 4232/1621/2 4213/1618/2
f 4231/1622/2 4213/1618/2 4214/710/2
f 4212/1623/2 4213/1618/2 4187/1619/2
f 4230/642/2 4231/1622/2 4214/710/2
f 4230/642/2 4214/710/2 4215/1624/2
f 4229/1625/2 4230/642/2 4215/1624/2
f 4229/1625/2 4215/1624/2 4216/1626/2
f 4228/1627/2 4229/1625/2 4216/1626/2
f 4228/1627/2 4216/1626/2 4217/1628/2
f 4227/1629/2 4228/1627/2 4217/1628/2
f 4227/1629/2 4217/1628/2 4218/694/2
f 4226/659/2 4227/1629/2 4218/694/2
f 4225/1630/2 4226/659/2 4218/694/2
f 4225/1630/2 4218/694/2 4219/623/2
f 4225/1630/2 4219/623/2 4220/1631/2
f 4225/1630/2 4220/1631/2 4221/1632/2
f 4225/1630/2 4221/1632/2 4222/677/2
f 4225/1630/2 4222/677/2 4223/1633/2
f 4225/1630/2 4223/1633/2 4224/1634/2
f 4211/1635/2 4212/1623/2 4187/1619/2
f 4211/1635/2 4187/1619/2 4188/1636/2
f 4210/727/2 4211/1635/2 4188/1636/2
f 4210/727/2 4188/1636/2 4189/1637/2
f 4209/1638/2 4210/727/2 4189/1637/2
f 4209/1638/2 4189/1637/2 4190/732/2
f 4208/1639/2 4209/1638/2 4190/732/2
f 4208/1639/2 4190/732/2 4191/1640/2
f 4207/1641/2 4208/1639/2 4191/1640/2
f 4207/1641/2 4191/1640/2 4192/1642/2
f 4206/712/2 4207/1641/2 4192/1642/2
f 4206/712/2 4192/1642/2 4193/1643/2
f 4205/1644/2 4206/712/2 4193/1643/2
f 4205/1644/2 4193/1643/2 4194/749/2
f 4204/1645/2 4205/1644/2 4194/749/2
f 4204/1645/2 4194/749/2 4195/1646/2
f 4203/1647/2 4204/1645/2 4195/1646/2
f 4203/1647/2 4195/1646/2 4196/1648/2
f 4202/691/2 4203/1647/2 4196/1648/2
f 4202/691/2 4196/1648/2 4197/1649/2
f 4201/1650/2 4202/691/2 4197/1649/2
f 4201/1650/2 4197/1649/2 4198/672/2
f 4200/528/2 4201/1650/2 4198/672/2
f 4200/528/2 4198/672/2 4199/1651/2
f 4396/632/2 4397/634/2 4398/633/2
f 4396/632/2 4398/633/2 4399/635/2
f 4395/636/2 4396/632/2 4399/635/2
f 4395/636/2 4399/635/2 4400/637/2
f 4394/638/2 4395/636/2 4400/637/2
f 4394/638/2 4400/637/2 4401/639/2
f 4393/640/2 4394/638/2 4401/639/2
f 4393/640/2 4401/639/2 4402/641/2
f 4392/642/2 4393/640/2 4402/641/2
f 4392/642/2 4402/641/2 4403/643/2
f 4391/644/2 4392/642/2 4403/643/2
f 4391/644/2 4403/643/2 4404/645/2
f 4390/646/2 4391/644/2 4404/645/2
f 4390/646/2 4404/645/2 4405/647/2
f 4389/648/2 4390/646/2 4405/647/2
f 4389/648/2 4405/647/2 4406/649/2
f 4388/650/2 4389/648/2 4406/649/2
f 4388/650/2 4406/649/2 4407/651/2
f 4387/652/2 4388/650/2 4407/651/2
f 4387/652/2 4407/651/2 4408/653/2
f 4386/654/2 4387/652/2 4408/653/2
f 4386/654/2 4408/653/2 4409/655/2
f 4385/656/2 4386/654/2 4409/655/2
f 4385/656/2 4409/655/2 4410/27/2
f 4384/657/2 4385/656/2 4410/27/2
f 4384/657/2 4410/27/2 4313/658/2
f 4383/659/2 4384/657/2 4313/658/2
f 4383/659/2 4313/658/2 4314/660/2
f 4382/661/2 4383/659/2 4314/660/2
f 4382/661/2 4314/660/2 4315/662/2
f 4381/663/2 4382/661/2 4315/662/2
f 4381/663/2 4315/662/2 4316/664/2
f 4380/665/2 4381/663/2 4316/664/2
f 4380/665/2 4316/664/2 4317/666/2
f 4379/667/2 4380/665/2 4317/666/2
f 4379/667/2 4317/666/2 4318/668/2
f 4378/669/2 4379/667/2 4318/668/2
f 4378/669/2 4318/668/2 4319/670/2
f 4377/671/2 4378/669/2 4319/670/2
f 4377/671/2 4319/670/2 4320/672/2
f 4376/673/2 4377/671/2 4320/672/2
f 4376/673/2 4320/672/2 4321/674/2
f 4375/675/2 4376/673/2 4321/674/2
f 4375/675/2 4321/674/2 4322/676/2
f 4374/677/2 4375/675/2 4322/676/2
f 4374/677/2 4322/676/2 4323/678/2
f 4373/679/2 4374/677/2 4323/678/2
f 4373/679/2 4323/678/2 4324/680/2
f 4372/681/2 4373/679/2 4324/680/2
f 4372/681/2 4324/680/2 4325/682/2
f 4371/683/2 4372/681/2 4325/682/2
f 4371/683/2 4325/682/2 4326/684/2
f 4370/685/2 4371/683/2 4326/684/2
f 4370/685/2 4326/684/2 4327/686/2
f 4369/687/2 4370/685/2 4327/686/2
f 4369/687/2 4327/686/2 4328/688/2
f 4368/689/2 4369/687/2 4328/688/2
f 4367/690/2 4368/689/2 4328/688/2
f 4367/690/2 4328/688/2 4329/691/2
f 4366/692/2 4367/690/2 4329/691/2
f 4366/692/2 4329/691/2 4330/693/2
f 4365/694/2 4366/692/2 4330/693/2
f 4365/694/2 4330/693/2 4331/695/2
f 4364/696/2 4365/694/2 4331/695/2
f 4363/697/2 4364/696/2 4331/695/2
f 4363/697/2 4331/695/2 4332/698/2
f 4362/699/2 4363/697/2 4332/698/2
f 4362/699/2 4332/698/2 4333/700/2
f 4361/701/2 4362/699/2 4333/700/2
f 4361/701/2 4333/700/2 4334/702/2
f 4360/703/2 4361/701/2 4334/702/2
f 4360/703/2 4334/702/2 4335/704/2
f 4359/705/2 4360/703/2 4335/704/2
f 4358/706/2 4359/705/2 4335/704/2
f 4358/706/2 4335/704/2 4336/707/2
f 4357/708/2 4358/706/2 4336/707/2
f 4357/708/2 4336/707/2 4337/709/2
f 4356/710/2 4357/708/2 4337/709/2
f 4355/711/2 4356/710/2 4337/709/2
f 4355/711/2 4337/709/2 4338/712/2
f 4354/713/2 4355/711/2 4338/712/2
f 4354/713/2 4338/712/2 4339/714/2
f 4353/238/2 4354/713/2 4339/714/2
f 4352/715/2 4353/238/2 4339/714/2
f 4352/715/2 4339/714/2 4340/716/2
f 4351/717/2 4352/715/2 4340/716/2
f 4350/718/2 4351/717/2 4340/716/2
f 4350/718/2 4340/716/2 4341/719/2
f 4349/720/2 4350/718/2 4341/719/2
f 4348/721/2 4349/720/2 4341/719/2
f 4348/721/2 4341/719/2 4342/722/2
f 4348/721/2 4342/722/2 4343/723/2
f 4348/721/2 4343/723/2 4344/724/2
f 4348/721/2 4344/724/2 4345/725/2
f 4348/721/2 4345/725/2 4346/726/2
f 4348/721/2 4346/726/2 4347/727/2
f 4298/728/2 4299/730/2 4300/729/2
f 4298/728/2 4300/729/2 4301/731/2
f 4298/728/2 4301/731/2 4302/732/2
f 4297/733/2 4298/728/2 4302/732/2
f 4297/733/2 4302/732/2 4303/734/2
f 4296/294/2 4297/733/2 4303/734/2
f 4296/294/2 4303/734/2 4304/735/2
f 4295/736/2 4296/294/2 4304/735/2
f 4295/736/2 4304/735/2 4305/737/2
f 4294/738/2 4295/736/2 4305/737/2
f 4294/738/2 4305/737/2 4306/739/2
f 4293/740/2 4294/738/2 4306/739/2
f 4293/740/2 4306/739/2 4307/741/2
f 4292/742/2 4293/740/2 4307/741/2
f 4292/742/2 4307/741/2 4308/743/2
f 4291/744/2 4292/742/2 4308/743/2
f 4291/744/2 4308/743/2 4309/745/2
f 4290/746/2 4291/744/2 4309/745/2
f 4290/746/2 4309/745/2 4310/747/2
f 4289/748/2 4290/746/2 4310/747/2
f 4289/748/2 4310/747/2 4311/749/2
f 4288/750/2 4289/748/2 4311/749/2
f 4288/750/2 4311/749/2 4312/751/2
f 4287/752/2 4288/750/2 4312/751/2
f 4286/753/2 4287/752/2 4312/751/2
f 4286/753/2 4312/751/2 4239/29/2
f 4285/754/2 4286/753/2 4239/29/2
f 4285/754/2 4239/29/2 4240/755/2
f 4284/756/2 4285/754/2 4240/755/2
f 4284/756/2 4240/755/2 4241/757/2
f 4283/758/2 4284/756/2 4241/757/2
f 4283/758/2 4241/757/2 4242/759/2
f 4282/760/2 4283/758/2 4242/759/2
f 4282/760/2 4242/759/2 4243/761/2
f 4281/762/2 4282/760/2 4243/761/2
f 4281/762/2 4243/761/2 4244/763/2
f 4280/764/2 4281/762/2 4244/763/2
f 4280/764/2 4244/763/2 4245/765/2
f 4279/766/2 4280/764/2 4245/765/2
f 4279/766/2 4245/765/2 4246/767/2
f 4278/768/2 4279/766/2 4246/767/2
f 4278/768/2 4246/767/2 4247/769/2
f 4277/770/2 4278/768/2 4247/769/2
f 4277/770/2 4247/769/2 4248/771/2
f 4276/772/2 4277/770/2 4248/771/2
f 4276/772/2 4248/771/2 4249/773/2
f 4275/774/2 4276/772/2 4249/773/2
f 4275/774/2 4249/773/2 4250/775/2
f 4274/776/2 4275/774/2 4250/775/2
f 4274/776/2 4250/775/2 4251/777/2
f 4274/776/2 4251/777/2 4252/778/2
f 4273/779/2 4274/776/2 4252/778/2
f 4273/779/2 4252/778/2 4253/780/2
f 4272/781/2 4273/779/2 4253/780/2
f 4272/781/2 4253/780/2 4254/782/2
f 4271/783/2 4272/781/2 4254/782/2
f 4271/783/2 4254/782/2 4255/784/2
f 4270/785/2 4271/783/2 4255/784/2
f 4270/785/2 4255/784/2 4256/786/2
f 4269/787/2 4270/785/2 4256/786/2
f 4269/787/2 4256/786/2 4257/788/2
f 4268/789/2 4269/787/2 4257/788/2
f 4268/789/2 4257/788/2 4258/790/2
f 4267/791/2 4268/789/2 4258/790/2
f 4267/791/2 4258/790/2 4259/792/2
f 4266/793/2 4267/791/2 4259/792/2
f 4266/793/2 4259/792/2 4260/794/2
f 4265/795/2 4266/793/2 4260/794/2
f 4265/795/2 4260/794/2 4261/796/2
f 4264/797/2 4265/795/2 4261/796/2
f 4264/797/2 4261/796/2 4262/798/2
f 4263/799/2 4264/797/2 4262/798/2
f 4567/800/2 4568/802/2 4521/801/2
f 4566/803/2 4567/800/2 4521/801/2
f 4566/803/2 4521/801/2 4522/804/2
f 4565/805/2 4566/803/2 4522/804/2
f 4565/805/2 4522/804/2 4523/806/2
f 4564/807/2 4565/805/2 4523/806/2
f 4564/807/2 4523/806/2 4524/808/2
f 4563/809/2 4564/807/2 4524/808/2
f 4563/809/2 4524/808/2 4525/810/2
f 4562/811/2 4563/809/2 4525/810/2
f 4562/811/2 4525/810/2 4526/702/2
f 4561/812/2 4562/811/2 4526/702/2
f 4561/812/2 4526/702/2 4527/813/2
f 4560/814/2 4561/812/2 4497/815/2
f 4497/815/2 4561/812/2 4496/816/2
f 4496/816/2 4561/812/2 4527/813/2
f 4496/816/2 4527/813/2 4495/817/2
f 4495/817/2 4527/813/2 4528/818/2
f 4560/814/2 4497/815/2 4498/819/2
f 4494/820/2 4495/817/2 4528/818/2
f 4560/814/2 4498/819/2 4499/821/2
f 4493/822/2 4494/820/2 4528/818/2
f 4560/814/2 4499/821/2 4500/823/2
f 4492/824/2 4493/822/2 4528/818/2
f 4560/814/2 4500/823/2 4501/825/2
f 4491/826/2 4492/824/2 4528/818/2
f 4559/827/2 4560/814/2 4501/825/2
f 4491/826/2 4528/818/2 4529/828/2
f 4559/827/2 4501/825/2 4502/829/2
f 4490/830/2 4491/826/2 4529/828/2
f 4559/827/2 4502/829/2 4503/662/2
f 4489/831/2 4490/830/2 4529/828/2
f 4558/832/2 4559/827/2 4503/662/2
f 4489/831/2 4529/828/2 4530/833/2
f 4558/832/2 4503/662/2 4504/834/2
f 4488/835/2 4489/831/2 4530/833/2
f 4558/832/2 4504/834/2 4505/836/2
f 4487/837/2 4488/835/2 4530/833/2
f 4557/838/2 4558/832/2 4505/836/2
f 4487/837/2 4530/833/2 4531/839/2
f 4557/838/2 4505/836/2 4506/840/2
f 4486/841/2 4487/837/2 4531/839/2
f 4557/838/2 4506/840/2 4507/842/2
f 4485/843/2 4486/841/2 4531/839/2
f 4556/844/2 4557/838/2 4507/842/2
f 4485/843/2 4531/839/2 4532/845/2
f 4556/844/2 4507/842/2 4508/846/2
f 4484/847/2 4485/843/2 4532/845/2
f 4555/848/2 4556/844/2 4508/846/2
f 4555/848/2 4508/846/2 4509/849/2
f 4483/850/2 4484/847/2 4532/845/2
f 4483/850/2 4532/845/2 4533/851/2
f 4555/848/2 4509/849/2 4510/852/2
f 4482/853/2 4483/850/2 4533/851/2
f 4618/27/2 4569/855/2 4570/854/2
f 4554/856/2 4555/848/2 4510/852/2
f 4482/853/2 4533/851/2 4534/857/2
f 4554/856/2 4510/852/2 4511/858/2
f 4481/859/2 4482/853/2 4534/857/2
f 4554/856/2 4511/858/2 4512/860/2
f 4480/294/2 4481/859/2 4534/857/2
f 4480/294/2 4534/857/2 4535/861/2
f 4553/862/2 4554/856/2 4512/860/2
f 4553/862/2 4512/860/2 4513/863/2
f 4479/864/2 4480/294/2 4535/861/2
f 4618/27/2 4570/854/2 4571/865/2
f 4553/862/2 4513/863/2 4514/866/2
f 4478/867/2 4479/864/2 4535/861/2
f 4617/868/2 4618/27/2 4571/865/2
f 4478/867/2 4535/861/2 4536/869/2
f 4552/870/2 4553/862/2 4514/866/2
f 4552/870/2 4514/866/2 4515/871/2
f 4477/872/2 4478/867/2 4536/869/2
f 4552/870/2 4515/871/2 4516/873/2
f 4476/874/2 4477/872/2 4536/869/2
f 4617/868/2 4571/865/2 4572/681/2
f 4476/874/2 4536/869/2 4537/875/2
f 4551/876/2 4552/870/2 4516/873/2
f 4475/877/2 4476/874/2 4537/875/2
f 4551/876/2 4516/873/2 4517/878/2
f 4474/879/2 4475/877/2 4537/875/2
f 4551/876/2 4517/878/2 4518/880/2
f 4616/881/2 4617/868/2 4572/681/2
f 4473/882/2 4474/879/2 4537/875/2
f 4551/876/2 4518/880/2 4519/883/2
f 4520/884/2 4473/882/2 4537/875/2
f 4551/876/2 4519/883/2 4520/884/2
f 4551/876/2 4520/884/2 4537/875/2
f 4551/876/2 4537/875/2 4538/885/2
f 4550/886/2 4551/876/2 4538/885/2
f 4550/886/2 4538/885/2 4539/887/2
f 4549/238/2 4550/886/2 4539/887/2
f 4616/881/2 4572/681/2 4573/888/2
f 4615/889/2 4616/881/2 4573/888/2
f 4549/238/2 4539/887/2 4540/890/2
f 4548/891/2 4549/238/2 4540/890/2
f 4548/891/2 4540/890/2 4541/892/2
f 4547/893/2 4548/891/2 4541/892/2
f 4547/893/2 4541/892/2 4542/894/2
f 4546/895/2 4547/893/2 4542/894/2
f 4615/889/2 4573/888/2 4574/896/2
f 4546/895/2 4542/894/2 4543/897/2
f 4545/898/2 4546/895/2 4543/897/2
f 4614/899/2 4615/889/2 4574/896/2
f 4545/898/2 4543/897/2 4544/900/2
f 4614/899/2 4574/896/2 4575/901/2
f 4613/902/2 4614/899/2 4575/901/2
f 4613/902/2 4575/901/2 4576/903/2
f 4612/904/2 4613/902/2 4576/903/2
f 4612/904/2 4576/903/2 4577/905/2
f 4611/906/2 4612/904/2 4577/905/2
f 4610/907/2 4611/906/2 4577/905/2
f 4610/907/2 4577/905/2 4578/908/2
f 4609/909/2 4610/907/2 4578/908/2
f 4609/909/2 4578/908/2 4579/910/2
f 4608/911/2 4609/909/2 4579/910/2
f 4608/911/2 4579/910/2 4580/912/2
f 4608/911/2 4580/912/2 4581/913/2
f 4607/914/2 4608/911/2 4581/913/2
f 4607/914/2 4581/913/2 4582/915/2
f 4606/916/2 4607/914/2 4582/915/2
f 4606/916/2 4582/915/2 4583/917/2
f 4605/918/2 4606/916/2 4583/917/2
f 4605/918/2 4583/917/2 4584/919/2
f 4604/920/2 4605/918/2 4584/919/2
f 4604/920/2 4584/919/2 4585/921/2
f 4603/922/2 4604/920/2 4585/921/2
f 4602/923/2 4603/922/2 4585/921/2
f 4602/923/2 4585/921/2 4586/924/2
f 4601/925/2 4602/923/2 4586/924/2
f 4601/925/2 4586/924/2 4587/926/2
f 4600/927/2 4601/925/2 4587/926/2
f 4600/927/2 4587/926/2 4588/928/2
f 4599/929/2 4600/927/2 4588/928/2
f 4599/929/2 4588/928/2 4589/930/2
f 4598/931/2 4599/929/2 4589/930/2
f 4598/931/2 4589/930/2 4590/932/2
f 4597/933/2 4598/931/2 4590/932/2
f 4597/933/2 4590/932/2 4591/934/2
f 4596/935/2 4597/933/2 4591/934/2
f 4596/935/2 4591/934/2 4592/936/2
f 4595/644/2 4596/935/2 4592/936/2
f 4595/644/2 4592/936/2 4593/937/2
f 4595/644/2 4593/937/2 4594/938/2
f 4471/939/2 4472/940/2 4411/29/2
f 4471/939/2 4411/29/2 4412/941/2
f 4471/939/2 4412/941/2 4413/942/2
f 4470/943/2 4471/939/2 4413/942/2
f 4470/943/2 4413/942/2 4414/944/2
f 4470/943/2 4414/944/2 4415/945/2
f 4470/943/2 4415/945/2 4416/946/2
f 4470/943/2 4416/946/2 4417/947/2
f 4470/943/2 4417/947/2 4418/948/2
f 4469/949/2 4470/943/2 4418/948/2
f 4469/949/2 4418/948/2 4419/950/2
f 4469/949/2 4419/950/2 4420/951/2
f 4469/949/2 4420/951/2 4421/952/2
f 4469/949/2 4421/952/2 4422/953/2
f 4469/949/2 4422/953/2 4423/954/2
f 4469/949/2 4423/954/2 4424/955/2
f 4468/956/2 4469/949/2 4424/955/2
f 4468/956/2 4424/955/2 4425/957/2
f 4467/958/2 4468/956/2 4425/957/2
f 4467/958/2 4425/957/2 4426/959/2
f 4467/958/2 4426/959/2 4427/960/2
f 4466/961/2 4467/958/2 4427/960/2
f 4466/961/2 4427/960/2 4428/962/2
f 4465/963/2 4466/961/2 4428/962/2
f 4465/963/2 4428/962/2 4429/964/2
f 4464/965/2 4465/963/2 4429/964/2
f 4464/965/2 4429/964/2 4430/966/2
f 4463/967/2 4464/965/2 4430/966/2
f 4463/967/2 4430/966/2 4431/968/2
f 4462/969/2 4463/967/2 4431/968/2
f 4462/969/2 4431/968/2 4432/970/2
f 4461/971/2 4462/969/2 4432/970/2
f 4461/971/2 4432/970/2 4433/972/2
f 4460/973/2 4461/971/2 4433/972/2
f 4460/973/2 4433/972/2 4434/790/2
f 4459/974/2 4460/973/2 4434/790/2
f 4459/974/2 4434/790/2 4435/975/2
f 4458/976/2 4459/974/2 4435/975/2
f 4458/976/2 4435/975/2 4436/977/2
f 4457/770/2 4458/976/2 4436/977/2
f 4457/770/2 4436/977/2 4437/978/2
f 4456/979/2 4457/770/2 4437/978/2
f 4456/979/2 4437/978/2 4438/980/2
f 4455/981/2 4456/979/2 4438/980/2
f 4455/981/2 4438/980/2 4439/982/2
f 4454/983/2 4455/981/2 4439/982/2
f 4454/983/2 4439/982/2 4440/984/2
f 4453/985/2 4454/983/2 4440/984/2
f 4453/985/2 4440/984/2 4441/986/2
f 4452/987/2 4453/985/2 4441/986/2
f 4452/987/2 4441/986/2 4442/988/2
f 4451/989/2 4452/987/2 4442/988/2
f 4451/989/2 4442/988/2 4443/990/2
f 4450/991/2 4451/989/2 4443/990/2
f 4450/991/2 4443/990/2 4444/992/2
f 4449/993/2 4450/991/2 4444/992/2
f 4449/993/2 4444/992/2 4445/994/2
f 4448/995/2 4449/993/2 4445/994/2
f 4448/995/2 4445/994/2 4446/996/2
f 4447/997/2 4448/995/2 4446/996/2
s 1
f 4620/1652/4 4622/1653/5 4621/1654/5 4619/29/4
f 4622/1653/5 4624/1655/6 4623/1656/6 4621/1654/5
f 4624/1655/6 4626/1657/7 4625/414/7 4623/1656/6
f 4626/1657/7 4628/1658/8 4627/1659/8 4625/414/7
f 4628/1658/8 4630/1660/9 4629/1661/9 4627/1659/8
f 4630/1660/9 4632/1662/10 4631/425/10 4629/1661/9
f 4632/1662/10 4634/1663/11 4633/1664/11 4631/425/10
f 4634/1663/11 4636/1665/12 4635/1492/12 4633/1664/11
f 4636/1665/12 4638/1666/13 4637/378/13 4635/1492/12
f 4638/1666/13 4640/1667/14 4639/1668/14 4637/378/13
f 4640/1667/14 4642/1669/15 4641/1670/15 4639/1668/14
f 4642/1669/15 4644/1671/16 4643/480/16 4641/1670/15
f 4644/1671/16 4646/1672/17 4645/1673/17 4643/480/16
f 4646/1672/17 4648/1674/18 4647/1675/18 4645/1673/17
f 4648/1674/18 4650/1676/19 4649/466/19 4647/1675/18
f 4650/1676/19 4652/1677/20 4651/294/20 4649/466/19
f 4652/1677/20 4654/1678/21 4653/1679/21 4651/294/20
f 4654/1678/21 4656/1680/22 4655/465/22 4653/1679/21
f 4656/1680/22 4658/1681/23 4657/1682/23 4655/465/22
f 4658/1681/23 4660/1683/24 4659/1684/24 4657/1682/23
f 4660/1683/24 4662/1685/25 4661/510/25 4659/1684/24
f 4662/1685/25 4664/1686/26 4663/1687/26 4661/510/25
f 4664/1686/26 4666/1688/27 4665/1689/27 4663/1687/26
f 4666/1688/27 4668/1690/28 4667/528/28 4665/1689/27
f 4668/1690/28 4670/1691/29 4669/1692/29 4667/528/28
f 4670/1691/29 4672/1693/30 4671/1694/30 4669/1692/29
f 4672/1693/30 4674/1695/31 4673/552/31 4671/1694/30
f 4674/1695/31 4676/1696/32 4675/1697/32 4673/552/31
f 4676/1696/32 4678/1698/33 4677/1699/33 4675/1697/32
f 4678/1698/33 4680/1700/34 4679/586/34 4677/1699/33
f 4680/1700/34 4682/1701/35 4681/1702/35 4679/586/34
f 4682/1701/35 4684/1703/36 4683/238/36 4681/1702/35
f 4684/1703/36 4686/1704/37 4685/581/37 4683/238/36
f 4686/1704/37 4688/1705/38 4687/1706/38 4685/581/37
f 4688/1705/38 4690/1707/39 4689/1708/39 4687/1706/38
f 4690/1707/39 4692/1709/40 4691/623/40 4689/1708/39
f 4692/1709/40 4694/1710/41 4693/1711/41 4691/623/40
f 4694/1710/41 4696/1712/42 4695/1713/42 4693/1711/41
f 4696/1712/42 4698/1714/43 4697/608/43 4695/1713/42
f 4698/1714/43 4700/1715/44 4699/1565/44 4697/608/43
f 4700/1715/44 4702/1716/45 4701/1717/45 4699/1565/44
f 4702/1716/45 4704/1718/46 4703/548/46 4701/1717/45
f 4704/1718/46 4706/1719/47 4705/1720/47 4703/548/46
f 4706/1719/47 4708/1721/48 4707/1722/48 4705/1720/47
f 4708/1721/48 4710/1723/49 4709/422/49 4707/1722/48
f 4710/1723/49 4712/1724/50 4711/1725/50 4709/422/49
f 4712/1724/50 4714/1726/51 4713/1727/51 4711/1725/50
f 4714/1726/51 4620/1728/4 4619/27/4 4713/1727/51
f 4716/1652/52 4718/1653/53 4717/1654/53 4715/29/52
f 4718/1653/53 4720/1655/54 4719/1656/54 4717/1654/53
f 4720/1655/54 4722/1657/55 4721/414/55 4719/1656/54
f 4722/1657/55 4724/1658/46 4723/1659/46 4721/414/55
f 4724/1658/46 4726/1660/56 4725/1661/56 4723/1659/46
f 4726/1660/56 4728/1662/57 4727/425/57 4725/1661/56
f 4728/1662/57 4730/1663/58 4729/1664/58 4727/425/57
f 4730/1663/58 4732/1665/59 4731/1492/59 4729/1664/58
f 4732/1665/59 4734/1666/60 4733/378/60 4731/1492/59
f 4734/1666/60 4736/1667/61 4735/1668/61 4733/378/60
f 4736/1667/61 4738/1669/62 4737/1670/62 4735/1668/61
f 4738/1669/62 4740/1671/63 4739/480/63 4737/1670/62
f 4740/1671/63 4742/1672/64 4741/1673/64 4739/480/63
f 4742/1672/64 4744/1674/65 4743/1675/65 4741/1673/64
f 4744/1674/65 4746/1676/66 4745/466/66 4743/1675/65
f 4746/1676/66 4748/1677/67 4747/294/67 4745/466/66
f 4748/1677/67 4750/1678/68 4749/1679/68 4747/294/67
f 4750/1678/68 4752/1680/69 4751/465/69 4749/1679/68
f 4752/1680/69 4754/1681/70 4753/1682/70 4751/465/69
f 4754/1681/70 4756/1683/71 4755/1684/71 4753/1682/70
f 4756/1683/71 4758/1685/72 4757/510/72 4755/1684/71
f 4758/1685/72 4760/1686/73 4759/1687/73 4757/510/72
f 4760/1686/73 4762/1688/74 4761/1689/74 4759/1687/73
f 4762/1688/74 4764/1690/75 4763/528/75 4761/1689/74
f 4764/1690/75 4766/1691/76 4765/1692/76 4763/528/75
f 4766/1691/76 4768/1693/77 4767/1694/77 4765/1692/76
f 4768/1693/77 4770/1695/78 4769/552/78 4767/1694/77
f 4770/1695/78 4772/1696/79 4771/1697/79 4769/552/78
f 4772/1696/79 4774/1698/80 4773/1699/80 4771/1697/79
f 4774/1698/80 4776/1700/81 4775/586/81 4773/1699/80
f 4776/1700/81 4778/1701/82 4777/1702/82 4775/586/81
f 4778/1701/82 4780/1703/83 4779/238/83 4777/1702/82
f 4780/1703/83 4782/1704/17 4781/581/17 4779/238/83
f 4782/1704/17 4784/1705/84 4783/1706/84 4781/581/17
f 4784/1705/84 4786/1707/85 4785/1708/85 4783/1706/84
f 4786/1707/85 4788/1709/86 4787/623/86 4785/1708/85
f 4788/1709/86 4790/1710/87 4789/1711/87 4787/623/86
f 4790/1710/87 4792/1712/88 4791/1713/88 4789/1711/87
f 4792/1712/88 4794/1714/89 4793/608/89 4791/1713/88
f 4794/1714/89 4796/1715/90 4795/1565/90 4793/608/89
f 4796/1715/90 4798/1716/91 4797/1717/91 4795/1565/90
f 4798/1716/91 4800/1718/92 4799/548/92 4797/1717/91
f 4800/1718/92 4802/1719/93 4801/1720/93 4799/548/92
f 4802/1719/93 4804/1721/94 4803/1722/94 4801/1720/93
f 4804/1721/94 4806/1723/95 4805/422/95 4803/1722/94
f 4806/1723/95 4808/1724/96 4807/1725/96 4805/422/95
f 4808/1724/96 4810/1726/97 4809/1727/97 4807/1725/96
f 4810/1726/97 4716/1728/52 4715/27/52 4809/1727/97
f 4812/1652/98 4814/1729/99 4813/1730/99 4811/29/98
f 4814/1729/99 4816/1731/100 4815/1732/100 4813/1730/99
f 4816/1731/100 4818/1733/101 4817/1734/101 4815/1732/100
f 4818/1733/101 4820/1735/102 4819/1736/102 4817/1734/101
f 4820/1735/102 4822/1737/103 4821/1738/103 4819/1736/102
f 4822/1737/103 4824/1739/104 4823/1740/104 4821/1738/103
f 4824/1739/104 4826/1741/105 4825/1742/105 4823/1740/104
f 4826/1741/105 4828/1743/106 4827/1744/106 4825/1742/105
f 4828/1743/106 4830/1745/107 4829/1746/107 4827/1744/106
f 4830/1745/107 4832/1747/108 4831/1748/108 4829/1746/107
f 4832/1747/108 4834/1749/109 4833/1750/109 4831/1748/108
f 4834/1749/109 4836/1751/110 4835/1752/110 4833/1750/109
f 4836/1751/110 4838/1753/111 4837/1754/111 4835/1752/110
f 4838/1753/111 4840/1755/112 4839/1756/112 4837/1754/111
f 4840/1755/112 4842/1757/113 4841/1758/113 4839/1756/112
f 4842/1757/113 4844/1759/114 4843/1760/114 4841/1758/113
f 4844/1759/114 4846/1761/115 4845/1762/115 4843/1760/114
f 4846/1761/115 4848/1763/116 4847/1764/116 4845/1762/115
f 4848/1763/116 4850/1765/117 4849/1766/117 4847/1764/116
f 4850/1765/117 4852/1767/118 4851/1768/118 4849/1766/117
f 4852/1767/118 4854/1769/119 4853/1770/119 4851/1768/118
f 4854/1769/119 4856/1771/120 4855/1772/120 4853/1770/119
f 4856/1771/120 4858/1773/121 4857/1774/121 4855/1772/120
f 4858/1773/121 4860/1775/122 4859/1776/122 4857/1774/121
f 4860/1775/122 4862/1777/123 4861/1778/123 4859/1776/122
f 4862/1777/123 4864/1779/124 4863/1780/124 4861/1778/123
f 4864/1779/124 4866/1781/125 4865/1782/125 4863/1780/124
f 4866/1781/125 4868/1783/126 4867/1784/126 4865/1782/125
f 4868/1783/126 4870/1785/127 4869/1786/127 4867/1784/126
f 4870/1785/127 4872/1787/128 4871/1788/128 4869/1786/127
f 4872/1787/128 4874/1690/129 4873/528/129 4871/1788/128
f 4874/1690/129 4876/1789/130 4875/1790/130 4873/528/129
f 4876/1789/130 4878/1791/131 4877/1792/131 4875/1790/130
f 4878/1791/131 4880/1793/132 4879/1794/132 4877/1792/131
f 4880/1793/132 4882/1795/133 4881/1796/133 4879/1794/132
f 4882/1795/133 4884/1797/134 4883/1798/134 4881/1796/133
f 4884/1797/134 4886/1799/135 4885/1800/135 4883/1798/134
f 4886/1799/135 4888/1801/136 4887/1802/136 4885/1800/135
f 4888/1801/136 4890/1803/137 4889/1804/137 4887/1802/136
f 4890/1803/137 4892/1805/138 4891/1806/138 4889/1804/137
f 4892/1805/138 4894/1807/139 4893/1808/139 4891/1806/138
f 4894/1807/139 4896/1809/140 4895/1810/140 4893/1808/139
f 4896/1809/140 4898/1811/141 4897/1812/141 4895/1810/140
f 4898/1811/141 4900/1813/142 4899/1814/142 4897/1812/141
f 4900/1813/142 4902/1815/143 4901/1816/143 4899/1814/142
f 4902/1815/143 4904/1817/144 4903/1818/144 4901/1816/143
f 4904/1817/144 4906/1819/145 4905/1820/145 4903/1818/144
f 4906/1819/145 4908/1821/146 4907/1822/146 4905/1820/145
f 4908/1821/146 4910/1823/147 4909/1824/147 4907/1822/146
f 4910/1823/147 4912/1825/148 4911/1826/148 4909/1824/147
f 4912/1825/148 4914/1827/149 4913/1828/149 4911/1826/148
f 4914/1827/149 4916/1829/150 4915/1830/150 4913/1828/149
f 4916/1829/150 4918/1831/151 4917/1832/151 4915/1830/150
f 4918/1831/151 4920/1833/152 4919/1834/152 4917/1832/151
f 4920/1833/152 4922/1835/153 4921/1836/153 4919/1834/152
f 4922/1835/153 4924/1837/154 4923/1838/154 4921/1836/153
f 4924/1837/154 4926/1839/155 4925/1840/155 4923/1838/154
f 4926/1839/155 4928/1841/156 4927/1842/156 4925/1840/155
f 4928/1841/156 4930/1843/157 4929/1844/157 4927/1842/156
f 4930/1843/157 4932/1845/158 4931/1846/158 4929/1844/157
f 4932/1845/158 4934/1847/159 4933/1848/159 4931/1846/158
f 4934/1847/159 4812/1728/98 4811/27/98 4933/1848/159
f 4936/1652/160 4938/1849/161 4937/1850/161 4935/29/160
f 4938/1849/161 4940/1851/162 4939/1852/162 4937/1850/161
f 4940/1851/162 4942/1853/163 4941/1854/163 4939/1852/162
f 4942/1853/163 4944/1855/164 4943/1856/164 4941/1854/163
f 4944/1855/164 4946/1857/165 4945/1858/165 4943/1856/164
f 4946/1857/165 4948/1859/166 4947/1860/166 4945/1858/165
f 4948/1859/166 4950/1861/167 4949/1862/167 4947/1860/166
f 4950/1861/167 4952/1863/168 4951/1864/168 4949/1862/167
f 4952/1863/168 4954/1865/169 4953/1866/169 4951/1864/168
f 4954/1865/169 4956/1867/170 4955/1868/170 4953/1866/169
f 4956/1867/170 4958/1869/171 4957/1870/171 4955/1868/170
f 4958/1869/171 4960/1871/172 4959/1872/172 4957/1870/171
f 4960/1871/172 4962/1873/173 4961/1874/173 4959/1872/172
f 4962/1873/173 4964/1875/174 4963/1876/174 4961/1874/173
f 4964/1875/174 4966/1877/175 4965/1878/175 4963/1876/174
f 4966/1877/175 4968/1879/176 4967/1880/176 4965/1878/175
f 4968/1879/176 4970/1881/177 4969/1882/177 4967/1880/176
f 4970/1881/177 4972/1883/178 4971/1884/178 4969/1882/177
f 4972/1883/178 4974/1885/179 4973/1886/179 4971/1884/178
f 4974/1885/179 4976/1887/180 4975/1888/180 4973/1886/179
f 4976/1887/180 4978/1889/181 4977/1890/181 4975/1888/180
f 4978/1889/181 4980/1891/182 4979/1892/182 4977/1890/181
f 4980/1891/182 4982/1893/183 4981/1894/183 4979/1892/182
f 4982/1893/183 4984/1895/184 4983/1896/184 4981/1894/183
f 4984/1895/184 4986/1690/185 4985/528/185 4983/1896/184
f 4986/1690/185 4988/1897/186 4987/1898/186 4985/528/185
f 4988/1897/186 4990/1899/187 4989/1900/187 4987/1898/186
f 4990/1899/187 4992/1901/188 4991/1902/188 4989/1900/187
f 4992/1901/188 4994/1903/189 4993/1904/189 4991/1902/188
f 4994/1903/189 4996/1905/190 4995/1906/190 4993/1904/189
f 4996/1905/190 4998/1907/191 4997/1908/191 4995/1906/190
f 4998/1907/191 5000/1909/192 4999/1910/192 4997/1908/191
f 5000/1909/192 5002/1911/193 5001/1912/193 4999/1910/192
f 5002/1911/193 5004/1913/194 5003/1914/194 5001/1912/193
f 5004/1913/194 5006/1915/195 5005/1916/195 5003/1914/194
f 5006/1915/195 5008/1917/196 5007/1918/196 5005/1916/195
f 5008/1917/196 5010/1919/197 5009/1920/197 5007/1918/196
f 5010/1919/197 5012/1921/198 5011/1922/198 5009/1920/197
f 5012/1921/198 5014/1923/199 5013/1924/199 5011/1922/198
f 5014/1923/199 5016/1925/200 5015/1926/200 5013/1924/199
f 5016/1925/200 5018/1927/201 5017/1928/201 5015/1926/200
f 5018/1927/201 5020/1929/202 5019/1930/202 5017/1928/201
f 5020/1929/202 5022/1931/203 5021/1932/203 5019/1930/202
f 5022/1931/203 5024/1933/204 5023/1934/204 5021/1932/203
f 5024/1933/204 5026/1935/205 5025/1936/205 5023/1934/204
f 5026/1935/205 5028/1937/206 5027/1938/206 5025/1936/205
f 5028/1937/206 5030/1939/207 5029/1940/207 5027/1938/206
f 5030/1939/207 5032/1941/208 5031/1942/208 5029/1940/207
f 5032/1941/208 5034/1943/209 5033/1944/209 5031/1942/208
f 5034/1943/209 4936/1728/160 4935/27/160 5033/1944/209
f 5036/1652/62 5038/1945/62 5037/1946/62 5035/29/62
f 5038/1945/62 5040/1947/62 5039/1948/62 5037/1946/62
f 5040/1947/62 5042/1949/62 5041/1950/62 5039/1948/62
f 5042/1949/62 5044/1951/62 5043/1952/62 5041/1950/62
f 5044/1951/62 5046/1953/62 5045/1954/62 5043/1952/62
f 5046/1953/62 5048/1955/62 5047/1956/62 5045/1954/62
f 5048/1955/62 5050/1957/62 5049/1958/62 5047/1956/62
f 5050/1957/62 5052/1959/62 5051/1960/62 5049/1958/62
f 5052/1959/62 5054/1961/62 5053/1962/62 5051/1960/62
f 5054/1961/62 5056/1963/62 5055/1964/62 5053/1962/62
f 5056/1963/62 5058/1965/210 5057/1966/210 5055/1964/62
f 5058/1965/210 5060/1967/211 5059/1968/211 5057/1966/210
f 5060/1967/211 5062/1969/212 5061/1970/212 5059/1968/211
f 5062/1969/212 5064/1971/213 5063/1972/213 5061/1970/212
f 5064/1971/213 5066/1973/214 5065/1974/214 5063/1972/213
f 5066/1973/214 5068/1975/215 5067/1976/215 5065/1974/214
f 5068/1975/215 5070/1977/216 5069/1978/216 5067/1976/215
f 5070/1977/216 5072/1979/217 5071/1980/217 5069/1978/216
f 5072/1979/217 5074/1981/218 5073/1982/218 5071/1980/217
f 5074/1981/218 5076/1983/219 5075/1984/219 5073/1982/218
f 5076/1983/219 5078/1985/220 5077/1986/220 5075/1984/219
f 5078/1985/220 5080/1987/221 5079/1988/221 5077/1986/220
f 5080/1987/221 5082/1989/222 5081/1990/222 5079/1988/221
f 5082/1989/222 5084/1991/223 5083/1992/223 5081/1990/222
f 5084/1991/223 5086/1993/224 5085/1994/224 5083/1992/223
f 5086/1993/224 5088/1995/225 5087/1996/225 5085/1994/224
f 5088/1995/225 5090/1997/226 5089/1998/226 5087/1996/225
f 5090/1997/226 5092/1999/227 5091/2000/227 5089/1998/226
f 5092/1999/227 5094/2001/228 5093/2002/228 5091/2000/227
f 5094/2001/228 5096/2003/229 5095/2004/229 5093/2002/228
f 5096/2003/229 5098/2005/230 5097/2006/230 5095/2004/229
f 5098/2005/230 5100/2007/231 5099/2008/231 5097/2006/230
f 5100/2007/231 5102/2009/232 5101/2010/232 5099/2008/231
f 5102/2009/232 5104/2011/233 5103/2012/233 5101/2010/232
f 5104/2011/233 5106/2013/234 5105/2014/234 5103/2012/233
f 5106/2013/234 5108/2015/235 5107/2016/235 5105/2014/234
f 5108/2015/235 5110/2017/236 5109/2018/236 5107/2016/235
f 5110/2017/236 5112/2019/237 5111/2020/237 5109/2018/236
f 5112/2019/237 5114/2021/238 5113/2022/238 5111/2020/237
f 5114/2021/238 5116/2023/239 5115/2024/239 5113/2022/238
f 5116/2023/239 5118/2025/240 5117/2026/240 5115/2024/239
f 5118/2025/240 5120/2027/241 5119/2028/241 5117/2026/240
f 5120/2027/241 5122/2029/242 5121/2030/242 5119/2028/241
f 5122/2029/242 5124/2031/243 5123/2032/243 5121/2030/242
f 5124/2031/243 5126/2033/244 5125/2034/244 5123/2032/243
f 5126/2033/244 5128/2035/245 5127/2036/245 5125/2034/244
f 5128/2035/245 5130/2037/246 5129/2038/246 5127/2036/245
f 5130/2037/246 5132/2039/247 5131/2040/247 5129/2038/246
f 5132/2039/247 5134/1690/248 5133/528/248 5131/2040/247
f 5134/1690/248 5136/2041/249 5135/2042/249 5133/528/248
f 5136/2041/249 5138/2043/250 5137/2044/250 5135/2042/249
f 5138/2043/250 5140/2045/251 5139/2046/251 5137/2044/250
f 5140/2045/251 5142/2047/252 5141/2048/252 5139/2046/251
f 5142/2047/252 5144/2049/253 5143/2050/253 5141/2048/252
f 5144/2049/253 5146/2051/254 5145/2052/254 5143/2050/253
f 5146/2051/254 5148/2053/255 5147/2054/255 5145/2052/254
f 5148/2053/255 5150/2055/256 5149/2056/256 5147/2054/255
f 5150/2055/256 5152/2057/257 5151/2058/257 5149/2056/256
f 5152/2057/257 5154/2059/258 5153/2060/258 5151/2058/257
f 5154/2059/258 5156/2061/259 5155/2062/259 5153/2060/258
f 5156/2061/259 5158/2063/260 5157/2064/260 5155/2062/259
f 5158/2063/260 5160/2065/260 5159/2066/260 5157/2064/260
f 5160/2065/260 5162/2067/260 5161/2068/260 5159/2066/260
f 5162/2067/260 5164/2069/260 5163/2070/260 5161/2068/260
f 5164/2069/260 5166/2071/260 5165/2072/260 5163/2070/260
f 5166/2071/260 5168/2073/260 5167/2074/260 5165/2072/260
f 5168/2073/260 5170/2075/260 5169/2076/260 5167/2074/260
f 5170/2075/260 5172/2077/260 5171/2078/260 5169/2076/260
f 5172/2077/260 5174/2079/260 5173/2080/260 5171/2078/260
f 5174/2079/260 5176/2081/260 5175/2082/260 5173/2080/260
f 5176/2081/260 5178/2083/260 5177/2084/260 5175/2082/260
f 5178/2083/260 5180/2085/261 5179/2086/261 5177/2084/260
f 5180/2085/261 5182/2087/262 5181/2088/262 5179/2086/261
f 5182/2087/262 5184/2089/263 5183/2090/263 5181/2088/262
f 5184/2089/263 5186/2091/264 5185/2092/264 5183/2090/263
f 5186/2091/264 5188/2093/265 5187/2094/265 5185/2092/264
f 5188/2093/265 5190/2095/266 5189/2096/266 5187/2094/265
f 5190/2095/266 5192/2097/267 5191/2098/267 5189/2096/266
f 5192/2097/267 5194/2099/268 5193/2100/268 5191/2098/267
f 5194/2099/268 5196/2101/269 5195/2102/269 5193/2100/268
f 5196/2101/269 5198/2103/270 5197/2104/270 5195/2102/269
f 5198/2103/270 5200/2105/271 5199/2106/271 5197/2104/270
f 5200/2105/271 5202/2107/272 5201/2108/272 5199/2106/271
f 5202/2107/272 5204/2109/273 5203/2110/273 5201/2108/272
f 5204/2109/273 5206/2111/274 5205/2112/274 5203/2110/273
f 5206/2111/274 5208/2113/275 5207/2114/275 5205/2112/274
f 5208/2113/275 5210/2115/276 5209/2116/276 5207/2114/275
f 5210/2115/276 5212/2117/277 5211/2118/277 5209/2116/276
f 5212/2117/277 5214/2119/278 5213/2120/278 5211/2118/277
f 5214/2119/278 5216/2121/279 5215/2122/279 5213/2120/278
f 5216/2121/279 5218/2123/280 5217/2124/280 5215/2122/279
f 5218/2123/280 5220/2125/281 5219/2126/281 5217/2124/280
f 5220/2125/281 5222/2127/282 5221/2128/282 5219/2126/281
f 5222/2127/282 5224/2129/283 5223/2130/283 5221/2128/282
f 5224/2129/283 5226/2131/284 5225/2132/284 5223/2130/283
f 5226/2131/284 5228/2133/285 5227/2134/285 5225/2132/284
f 5228/2133/285 5230/2135/286 5229/2136/286 5227/2134/285
f 5230/2135/286 5036/1728/62 5035/27/62 5229/2136/286
f 5232/1652/62 5234/2137/62 5233/2138/62 5231/29/62
f 5234/2137/62 5236/2139/62 5235/2140/62 5233/2138/62
f 5236/2139/62 5238/2141/62 5237/2142/62 5235/2140/62
f 5238/2141/62 5240/2143/62 5239/2144/62 5237/2142/62
f 5240/2143/62 5242/2145/62 5241/2146/62 5239/2144/62
f 5242/2145/62 5244/2147/62 5243/2148/62 5241/2146/62
f 5244/2147/62 5246/2149/62 5245/2150/62 5243/2148/62
f 5246/2149/62 5248/2151/62 5247/2152/62 5245/2150/62
f 5248/2151/62 5250/2153/62 5249/2154/62 5247/2152/62
f 5250/2153/62 5252/2155/62 5251/2156/62 5249/2154/62
f 5252/2155/62 5254/2157/287 5253/2158/287 5251/2156/62
f 5254/2157/287 5256/2159/288 5255/2160/288 5253/2158/287
f 5256/2159/288 5258/2161/289 5257/2162/289 5255/2160/288
f 5258/2161/289 5260/2163/290 5259/2164/290 5257/2162/289
f 5260/2163/290 5262/2165/291 5261/2166/291 5259/2164/290
f 5262/2165/291 5264/2167/292 5263/2168/292 5261/2166/291
f 5264/2167/292 5266/2169/293 5265/2170/293 5263/2168/292
f 5266/2169/293 5268/2171/294 5267/2172/294 5265/2170/293
f 5268/2171/294 5270/2173/295 5269/2174/295 5267/2172/294
f 5270/2173/295 5272/2175/296 5271/2176/296 5269/2174/295
f 5272/2175/296 5274/2177/297 5273/2178/297 5271/2176/296
f 5274/2177/297 5276/2179/298 5275/2180/298 5273/2178/297
f 5276/2179/298 5278/2181/299 5277/2182/299 5275/2180/298
f 5278/2181/299 5280/2183/300 5279/2184/300 5277/2182/299
f 5280/2183/300 5282/2185/301 5281/2186/301 5279/2184/300
f 5282/2185/301 5284/2187/302 5283/2188/302 5281/2186/301
f 5284/2187/302 5286/2189/303 5285/2190/303 5283/2188/302
f 5286/2189/303 5288/2191/304 5287/2192/304 5285/2190/303
f 5288/2191/304 5290/2193/305 5289/2194/305 5287/2192/304
f 5290/2193/305 5292/2195/306 5291/2196/306 5289/2194/305
f 5292/2195/306 5294/2197/307 5293/2198/307 5291/2196/306
f 5294/2197/307 5296/2199/308 5295/2200/308 5293/2198/307
f 5296/2199/308 5298/2201/309 5297/2202/309 5295/2200/308
f 5298/2201/309 5300/2203/310 5299/2204/310 5297/2202/309
f 5300/2203/310 5302/2205/311 5301/2206/311 5299/2204/310
f 5302/2205/311 5304/2207/312 5303/2208/312 5301/2206/311
f 5304/2207/312 5306/1690/260 5305/528/260 5303/2208/312
f 5306/1690/260 5308/2209/260 5307/2210/260 5305/528/260
f 5308/2209/260 5310/2211/260 5309/2212/260 5307/2210/260
f 5310/2211/260 5312/2213/260 5311/2214/260 5309/2212/260
f 5312/2213/260 5314/2215/260 5313/2216/260 5311/2214/260
f 5314/2215/260 5316/2217/260 5315/2218/260 5313/2216/260
f 5316/2217/260 5318/2219/260 5317/2220/260 5315/2218/260
f 5318/2219/260 5320/2221/260 5319/2222/260 5317/2220/260
f 5320/2221/260 5322/2223/260 5321/2224/260 5319/2222/260
f 5322/2223/260 5324/2225/260 5323/2226/260 5321/2224/260
f 5324/2225/260 5326/2227/260 5325/2228/260 5323/2226/260
f 5326/2227/260 5328/2229/313 5327/2230/313 5325/2228/260
f 5328/2229/313 5330/2231/314 5329/2232/314 5327/2230/313
f 5330/2231/314 5332/2233/315 5331/2234/315 5329/2232/314
f 5332/2233/315 5334/2235/316 5333/2236/316 5331/2234/315
f 5334/2235/316 5336/2237/317 5335/2238/317 5333/2236/316
f 5336/2237/317 5338/2239/318 5337/2240/318 5335/2238/317
f 5338/2239/318 5340/2241/319 5339/2242/319 5337/2240/318
f 5340/2241/319 5342/2243/320 5341/2244/320 5339/2242/319
f 5342/2243/320 5344/2245/321 5343/2246/321 5341/2244/320
f 5344/2245/321 5346/2247/322 5345/2248/322 5343/2246/321
f 5346/2247/322 5348/2249/323 5347/2250/323 5345/2248/322
f 5348/2249/323 5350/2251/324 5349/2252/324 5347/2250/323
f 5350/2251/324 5352/2253/325 5351/2254/325 5349/2252/324
f 5352/2253/325 5354/2255/326 5353/2256/326 5351/2254/325
f 5354/2255/326 5356/2257/327 5355/2258/327 5353/2256/326
f 5356/2257/327 5358/2259/328 5357/2260/328 5355/2258/327
f 5358/2259/328 5360/2261/329 5359/2262/329 5357/2260/328
f 5360/2261/329 5362/2263/330 5361/2264/330 5359/2262/329
f 5362/2263/330 5364/2265/331 5363/2266/331 5361/2264/330
f 5364/2265/331 5366/2267/332 5365/2268/332 5363/2266/331
f 5366/2267/332 5368/2269/333 5367/2270/333 5365/2268/332
f 5368/2269/333 5370/2271/334 5369/2272/334 5367/2270/333
f 5370/2271/334 5372/2273/335 5371/2274/335 5369/2272/334
f 5372/2273/335 5374/2275/336 5373/2276/336 5371/2274/335
f 5374/2275/336 5376/2277/337 5375/2278/337 5373/2276/336
f 5376/2277/337 5378/2279/338 5377/2280/338 5375/2278/337
f 5378/2279/338 5232/1728/62 5231/27/62 5377/2280/338
f 5380/1652/339 5382/2281/340 5381/2282/340 5379/29/339
f 5382/2281/340 5384/2283/341 5383/2284/341 5381/2282/340
f 5384/2283/341 5386/2285/342 5385/2286/342 5383/2284/341
f 5386/2285/342 5388/2287/343 5387/2288/343 5385/2286/342
f 5388/2287/343 5390/2289/344 5389/2290/344 5387/2288/343
f 5390/2289/344 5392/2291/345 5391/2292/345 5389/2290/344
f 5392/2291/345 5394/2293/346 5393/2294/346 5391/2292/345
f 5394/2293/346 5396/2295/347 5395/2296/347 5393/2294/346
f 5396/2295/347 5398/2297/348 5397/2298/348 5395/2296/347
f 5398/2297/348 5400/2299/349 5399/2300/349 5397/2298/348
f 5400/2299/349 5402/1971/350 5401/1972/350 5399/2300/349
f 5402/1971/350 5404/2301/351 5403/2302/351 5401/1972/350
f 5404/2301/351 5406/2303/352 5405/2304/352 5403/2302/351
f 5406/2303/352 5408/2305/353 5407/2306/353 5405/2304/352
f 5408/2305/353 5410/2307/354 5409/2308/354 5407/2306/353
f 5410/2307/354 5412/2309/355 5411/2310/355 5409/2308/354
f 5412/2309/355 5414/2311/356 5413/2312/356 5411/2310/355
f 5414/2311/356 5416/2313/357 5415/2314/357 5413/2312/356
f 5416/2313/357 5418/2315/358 5417/2316/358 5415/2314/357
f 5418/2315/358 5420/2317/359 5419/2318/359 5417/2316/358
f 5420/2317/359 5422/2319/360 5421/2320/360 5419/2318/359
f 5422/2319/360 5424/1999/361 5423/2000/361 5421/2320/360
f 5424/1999/361 5426/2321/362 5425/2322/362 5423/2000/361
f 5426/2321/362 5428/2323/363 5427/2324/363 5425/2322/362
f 5428/2323/363 5430/2325/364 5429/2326/364 5427/2324/363
f 5430/2325/364 5432/2327/365 5431/2328/365 5429/2326/364
f 5432/2327/365 5434/2329/366 5433/2330/366 5431/2328/365
f 5434/2329/366 5436/2331/367 5435/2332/367 5433/2330/366
f 5436/2331/367 5438/2333/368 5437/2334/368 5435/2332/367
f 5438/2333/368 5440/2335/369 5439/2336/369 5437/2334/368
f 5440/2335/369 5442/2337/370 5441/2338/370 5439/2336/369
f 5442/2337/370 5444/2339/371 5443/2340/371 5441/2338/370
f 5444/2339/371 5446/2027/372 5445/2028/372 5443/2340/371
f 5446/2027/372 5448/2341/373 5447/2342/373 5445/2028/372
f 5448/2341/373 5450/2343/374 5449/2344/374 5447/2342/373
f 5450/2343/374 5452/2345/375 5451/2346/375 5449/2344/374
f 5452/2345/375 5454/2347/376 5453/2348/376 5451/2346/375
f 5454/2347/376 5456/2349/377 5455/2350/377 5453/2348/376
f 5456/2349/377 5458/2351/378 5457/2352/378 5455/2350/377
f 5458/2351/378 5460/2353/379 5459/2354/379 5457/2352/378
f 5460/2353/379 5462/2355/380 5461/2356/380 5459/2354/379
f 5462/2355/380 5464/2357/381 5463/2358/381 5461/2356/380
f 5464/2357/381 5466/2359/382 5465/2360/382 5463/2358/381
f 5466/2359/382 5468/2053/383 5467/2054/383 5465/2360/382
f 5468/2053/383 5470/2361/384 5469/2362/384 5467/2054/383
f 5470/2361/384 5472/2363/385 5471/2364/385 5469/2362/384
f 5472/2363/385 5474/2365/386 5473/2366/386 5471/2364/385
f 5474/2365/386 5476/2367/387 5475/2368/387 5473/2366/386
f 5476/2367/387 5478/2369/388 5477/2370/388 5475/2368/387
f 5478/2369/388 5480/2371/389 5479/2372/389 5477/2370/388
f 5480/2371/389 5482/2373/390 5481/2374/390 5479/2372/389
f 5482/2373/390 5484/2375/391 5483/2376/391 5481/2374/390
f 5484/2375/391 5486/2377/392 5485/2378/392 5483/2376/391
f 5486/2377/392 5488/2379/393 5487/2380/393 5485/2378/392
f 5488/2379/393 5490/2081/394 5489/2082/394 5487/2380/393
f 5490/2081/394 5492/2381/395 5491/2382/395 5489/2082/394
f 5492/2381/395 5494/2383/396 5493/2384/396 5491/2382/395
f 5494/2383/396 5496/2385/397 5495/2386/397 5493/2384/396
f 5496/2385/397 5498/2387/398 5497/2388/398 5495/2386/397
f 5498/2387/398 5500/2389/399 5499/2390/399 5497/2388/398
f 5500/2389/399 5502/2391/400 5501/2392/400 5499/2390/399
f 5502/2391/400 5504/2393/401 5503/2394/401 5501/2392/400
f 5504/2393/401 5506/2395/402 5505/2396/402 5503/2394/401
f 5506/2395/402 5508/2397/403 5507/2398/403 5505/2396/402
f 5508/2397/403 5510/2399/404 5509/2400/404 5507/2398/403
f 5510/2399/404 5512/2109/405 5511/2110/405 5509/2400/404
f 5512/2109/405 5514/2401/406 5513/2402/406 5511/2110/405
f 5514/2401/406 5516/2403/407 5515/2404/407 5513/2402/406
f 5516/2403/407 5518/2405/408 5517/2406/408 5515/2404/407
f 5518/2405/408 5520/2407/409 5519/2408/409 5517/2406/408
f 5520/2407/409 5522/2409/410 5521/2410/410 5519/2408/409
f 5522/2409/410 5524/2411/411 5523/2412/411 5521/2410/410
f 5524/2411/411 5526/2413/412 5525/2414/412 5523/2412/411
f 5526/2413/412 5528/2415/413 5527/2416/413 5525/2414/412
f 5528/2415/413 5530/2417/414 5529/2418/414 5527/2416/413
f 5530/2417/414 5532/2419/415 5531/2420/415 5529/2418/414
f 5532/2419/415 5380/1728/339 5379/27/339 5531/2420/415
f 5534/1652/416 5536/2421/417 5535/2422/417 5533/29/416
f 5536/2421/417 5538/2423/418 5537/2424/418 5535/2422/417
f 5538/2423/418 5540/2139/419 5539/2140/419 5537/2424/418
f 5540/2139/419 5542/2425/420 5541/2426/420 5539/2140/419
f 5542/2425/420 5544/2427/421 5543/2428/421 5541/2426/420
f 5544/2427/421 5546/2143/422 5545/2144/422 5543/2428/421
f 5546/2143/422 5548/2429/423 5547/2430/423 5545/2144/422
f 5548/2429/423 5550/2431/424 5549/2432/424 5547/2430/423
f 5550/2431/424 5552/2147/425 5551/2148/425 5549/2432/424
f 5552/2147/425 5554/2433/426 5553/2434/426 5551/2148/425
f 5554/2433/426 5556/2435/427 5555/2436/427 5553/2434/426
f 5556/2435/427 5558/2151/428 5557/2152/428 5555/2436/427
f 5558/2151/428 5560/2437/429 5559/2438/429 5557/2152/428
f 5560/2437/429 5562/2439/430 5561/2440/430 5559/2438/429
f 5562/2439/430 5564/2155/431 5563/2156/431 5561/2440/430
f 5564/2155/431 5566/2441/432 5565/2442/432 5563/2156/431
f 5566/2441/432 5568/2443/433 5567/2444/433 5565/2442/432
f 5568/2443/433 5570/2159/434 5569/2160/434 5567/2444/433
f 5570/2159/434 5572/2445/435 5571/2446/435 5569/2160/434
f 5572/2445/435 5574/2447/436 5573/2448/436 5571/2446/435
f 5574/2447/436 5576/2163/437 5575/2164/437 5573/2448/436
f 5576/2163/437 5578/2449/438 5577/2450/438 5575/2164/437
f 5578/2449/438 5580/2451/439 5579/2452/439 5577/2450/438
f 5580/2451/439 5582/2167/440 5581/2168/440 5579/2452/439
f 5582/2167/440 5584/2453/441 5583/2454/441 5581/2168/440
f 5584/2453/441 5586/2455/442 5585/2456/442 5583/2454/441
f 5586/2455/442 5588/2171/443 5587/2172/443 5585/2456/442
f 5588/2171/443 5590/2457/444 5589/2458/444 5587/2172/443
f 5590/2457/444 5592/2459/445 5591/2460/445 5589/2458/444
f 5592/2459/445 5594/2175/446 5593/2176/446 5591/2460/445
f 5594/2175/446 5596/2461/447 5595/2462/447 5593/2176/446
f 5596/2461/447 5598/2463/448 5597/2464/448 5595/2462/447
f 5598/2463/448 5600/2179/449 5599/2180/449 5597/2464/448
f 5600/2179/449 5602/2465/450 5601/2466/450 5599/2180/449
f 5602/2465/450 5604/2467/451 5603/2468/451 5601/2466/450
f 5604/2467/451 5606/2183/452 5605/2184/452 5603/2468/451
f 5606/2183/452 5608/1677/453 5607/294/453 5605/2184/452
f 5608/1677/453 5610/2469/454 5609/2470/454 5607/294/453
f 5610/2469/454 5612/2187/455 5611/2188/455 5609/2470/454
f 5612/2187/455 5614/2471/456 5613/2472/456 5611/2188/455
f 5614/2471/456 5616/2473/457 5615/2474/457 5613/2472/456
f 5616/2473/457 5618/2191/458 5617/2192/458 5615/2474/457
f 5618/2191/458 5620/2475/459 5619/2476/459 5617/2192/458
f 5620/2475/459 5622/2477/460 5621/2478/460 5619/2476/459
f 5622/2477/460 5624/2195/461 5623/2196/461 5621/2478/460
f 5624/2195/461 5626/2479/462 5625/2480/462 5623/2196/461
f 5626/2479/462 5628/2481/463 5627/2482/463 5625/2480/462
f 5628/2481/463 5630/2199/464 5629/2200/464 5627/2482/463
f 5630/2199/464 5632/2483/465 5631/2484/465 5629/2200/464
f 5632/2483/465 5634/2485/466 5633/2486/466 5631/2484/465
f 5634/2485/466 5636/2203/467 5635/2204/467 5633/2486/466
f 5636/2203/467 5638/2487/468 5637/2488/468 5635/2204/467
f 5638/2487/468 5640/2489/469 5639/2490/469 5637/2488/468
f 5640/2489/469 5642/2207/470 5641/2208/470 5639/2490/469
f 5642/2207/470 5644/2491/471 5643/2492/471 5641/2208/470
f 5644/2491/471 5646/2493/472 5645/2494/472 5643/2492/471
f 5646/2493/472 5648/2209/473 5647/2210/473 5645/2494/472
f 5648/2209/473 5650/2495/474 5649/2496/474 5647/2210/473
f 5650/2495/474 5652/2497/475 5651/2498/475 5649/2496/474
f 5652/2497/475 5654/2213/476 5653/2214/476 5651/2498/475
f 5654/2213/476 5656/2499/477 5655/2500/477 5653/2214/476
f 5656/2499/477 5658/2501/478 5657/2502/478 5655/2500/477
f 5658/2501/478 5660/2217/479 5659/2218/479 5657/2502/478
f 5660/2217/479 5662/2503/480 5661/2504/480 5659/2218/479
f 5662/2503/480 5664/2505/481 5663/2506/481 5661/2504/480
f 5664/2505/481 5666/2221/482 5665/2222/482 5663/2506/481
f 5666/2221/482 5668/2507/483 5667/2508/483 5665/2222/482
f 5668/2507/483 5670/2509/484 5669/2510/484 5667/2508/483
f 5670/2509/484 5672/2225/485 5671/2226/485 5669/2510/484
f 5672/2225/485 5674/2511/486 5673/2512/486 5671/2226/485
f 5674/2511/486 5676/2513/487 5675/2514/487 5673/2512/486
f 5676/2513/487 5678/2229/488 5677/2230/488 5675/2514/487
f 5678/2229/488 5680/2515/314 5679/2516/314 5677/2230/488
f 5680/2515/314 5682/1703/489 5681/238/489 5679/2516/314
f 5682/1703/489 5684/2233/490 5683/2234/490 5681/238/489
f 5684/2233/490 5686/2517/491 5685/2518/491 5683/2234/490
f 5686/2517/491 5688/2519/492 5687/2520/492 5685/2518/491
f 5688/2519/492 5690/2237/493 5689/2238/493 5687/2520/492
f 5690/2237/493 5692/2521/494 5691/2522/494 5689/2238/493
f 5692/2521/494 5694/2523/495 5693/2524/495 5691/2522/494
f 5694/2523/495 5696/2241/496 5695/2242/496 5693/2524/495
f 5696/2241/496 5698/2525/497 5697/2526/497 5695/2242/496
f 5698/2525/497 5700/2527/498 5699/2528/498 5697/2526/497
f 5700/2527/498 5702/2245/499 5701/2246/499 5699/2528/498
f 5702/2245/499 5704/2529/500 5703/2530/500 5701/2246/499
f 5704/2529/500 5706/2531/501 5705/2532/501 5703/2530/500
f 5706/2531/501 5708/2249/502 5707/2250/502 5705/2532/501
f 5708/2249/502 5710/2533/503 5709/2534/503 5707/2250/502
f 5710/2533/503 5712/2535/504 5711/2536/504 5709/2534/503
f 5712/2535/504 5714/2253/505 5713/2254/505 5711/2536/504
f 5714/2253/505 5716/2537/506 5715/2538/506 5713/2254/505
f 5716/2537/506 5718/2539/507 5717/2540/507 5715/2538/506
f 5718/2539/507 5720/2257/508 5719/2258/508 5717/2540/507
f 5720/2257/508 5722/2541/509 5721/2542/509 5719/2258/508
f 5722/2541/509 5724/2543/510 5723/2544/510 5721/2542/509
f 5724/2543/510 5726/2261/511 5725/2262/511 5723/2544/510
f 5726/2261/511 5728/2545/512 5727/2546/512 5725/2262/511
f 5728/2545/512 5730/2547/513 5729/2548/513 5727/2546/512
f 5730/2547/513 5732/2265/514 5731/2266/514 5729/2548/513
f 5732/2265/514 5734/2549/515 5733/2550/515 5731/2266/514
f 5734/2549/515 5736/2551/516 5735/2552/516 5733/2550/515
f 5736/2551/516 5738/2269/517 5737/2270/517 5735/2552/516
f 5738/2269/517 5740/2553/518 5739/2554/518 5737/2270/517
f 5740/2553/518 5742/2555/519 5741/2556/519 5739/2554/518
f 5742/2555/519 5744/2273/520 5743/2274/520 5741/2556/519
f 5744/2273/520 5746/2557/521 5745/2558/521 5743/2274/520
f 5746/2557/521 5748/2559/522 5747/2560/522 5745/2558/521
f 5748/2559/522 5750/2277/523 5749/2278/523 5747/2560/522
f 5750/2277/523 5752/2561/524 5751/2562/524 5749/2278/523
f 5752/2561/524 5754/2563/525 5753/2564/525 5751/2562/524
f 5754/2563/525 5534/1728/416 5533/27/416 5753/2564/525
f 5756/1652/526 5758/2565/527 5757/2566/527 5755/29/526
f 5758/2565/527 5760/2567/528 5759/1026/528 5757/2566/527
f 5760/2567/528 5762/2568/529 5761/2569/529 5759/1026/528
f 5762/2568/529 5764/2570/530 5763/1037/530 5761/2569/529
f 5764/2570/530 5766/2571/531 5765/2572/531 5763/1037/530
f 5766/2571/531 5768/2573/532 5767/1050/532 5765/2572/531
f 5768/2573/532 5770/2574/533 5769/2575/533 5767/1050/532
f 5770/2574/533 5772/2576/534 5771/1128/534 5769/2575/533
f 5772/2576/534 5774/2577/535 5773/2578/535 5771/1128/534
f 5774/2577/535 5776/2579/536 5775/1208/536 5773/2578/535
f 5776/2579/536 5778/2580/537 5777/2581/537 5775/1208/536
f 5778/2580/537 5780/2582/538 5779/1179/538 5777/2581/537
f 5780/2582/538 5782/1690/539 5781/528/539 5779/1179/538
f 5782/1690/539 5784/2583/540 5783/1166/540 5781/528/539
f 5784/2583/540 5786/2584/541 5785/2585/541 5783/1166/540
f 5786/2584/541 5788/2586/542 5787/1132/542 5785/2585/541
f 5788/2586/542 5790/2587/543 5789/2588/543 5787/1132/542
f 5790/2587/543 5792/2589/544 5791/1127/544 5789/2588/543
f 5792/2589/544 5794/2590/545 5793/2591/545 5791/1127/544
f 5794/2590/545 5796/2592/546 5795/1165/546 5793/2591/545
f 5796/2592/546 5798/2593/547 5797/2594/547 5795/1165/546
f 5798/2593/547 5800/2595/548 5799/1062/548 5797/2594/547
f 5800/2595/548 5802/2596/549 5801/2597/549 5799/1062/548
f 5802/2596/549 5804/2598/550 5803/1075/550 5801/2597/549
f 5804/2598/550 5806/2599/551 5805/2600/551 5803/1075/550
f 5806/2599/551 5756/1728/526 5755/27/526 5805/2600/551
f 5808/1652/552 5810/2565/553 5809/2566/553 5807/29/552
f 5810/2565/553 5812/2567/554 5811/1026/554 5809/2566/553
f 5812/2567/554 5814/2568/555 5813/2569/555 5811/1026/554
f 5814/2568/555 5816/2570/556 5815/1037/556 5813/2569/555
f 5816/2570/556 5818/2571/557 5817/2572/557 5815/1037/556
f 5818/2571/557 5820/2573/558 5819/1050/558 5817/2572/557
f 5820/2573/558 5822/2574/559 5821/2575/559 5819/1050/558
f 5822/2574/559 5824/2576/560 5823/1128/560 5821/2575/559
f 5824/2576/560 5826/2577/561 5825/2578/561 5823/1128/560
f 5826/2577/561 5828/2579/562 5827/1208/562 5825/2578/561
f 5828/2579/562 5830/2580/563 5829/2581/563 5827/1208/562
f 5830/2580/563 5832/2582/564 5831/1179/564 5829/2581/563
f 5832/2582/564 5834/1690/565 5833/528/565 5831/1179/564
f 5834/1690/565 5836/2583/566 5835/1166/566 5833/528/565
f 5836/2583/566 5838/2584/567 5837/2585/567 5835/1166/566
f 5838/2584/567 5840/2586/568 5839/1132/568 5837/2585/567
f 5840/2586/568 5842/2587/569 5841/2588/569 5839/1132/568
f 5842/2587/569 5844/2589/570 5843/1127/570 5841/2588/569
f 5844/2589/570 5846/2590/571 5845/2591/571 5843/1127/570
f 5846/2590/571 5848/2592/572 5847/1165/572 5845/2591/571
f 5848/2592/572 5850/2593/573 5849/2594/573 5847/1165/572
f 5850/2593/573 5852/2595/574 5851/1062/574 5849/2594/573
f 5852/2595/574 5854/2596/575 5853/2597/575 5851/1062/574
f 5854/2596/575 5856/2598/576 5855/1075/576 5853/2597/575
f 5856/2598/576 5858/2599/577 5857/2600/577 5855/1075/576
f 5858/2599/577 5808/1728/552 5807/27/552 5857/2600/577
f 5860/1652/578 5862/1671/80 5861/480/80 5859/29/578
f 5862/1671/80 5864/1690/9 5863/528/9 5861/480/80
f 5864/1690/9 5866/1709/579 5865/623/579 5863/528/9
f 5866/1709/579 5860/1728/578 5859/27/578 5865/623/579
f 5868/1652/580 5870/2601/581 5869/2602/581 5867/29/580
f 5870/2601/581 5872/2565/582 5871/2566/582 5869/2602/581
f 5872/2565/582 5874/2603/583 5873/2604/583 5871/2566/582
f 5874/2603/583 5876/2567/584 5875/1026/584 5873/2604/583
f 5876/2567/584 5878/2605/585 5877/2606/585 5875/1026/584
f 5878/2605/585 5880/2568/586 5879/2569/586 5877/2606/585
f 5880/2568/586 5882/2607/587 5881/2608/587 5879/2569/586
f 5882/2607/587 5884/2570/588 5883/1037/588 5881/2608/587
f 5884/2570/588 5886/2609/589 5885/2610/589 5883/1037/588
f 5886/2609/589 5888/2571/590 5887/2572/590 5885/2610/589
f 5888/2571/590 5890/2611/591 5889/2612/591 5887/2572/590
f 5890/2611/591 5892/2573/579 5891/1050/579 5889/2612/591
f 5892/2573/579 5894/1671/578 5893/480/578 5891/1050/579
f 5894/1671/578 5896/2574/592 5895/2575/592 5893/480/578
f 5896/2574/592 5898/2613/593 5897/2614/593 5895/2575/592
f 5898/2613/593 5900/2576/594 5899/1128/594 5897/2614/593
f 5900/2576/594 5902/2615/595 5901/2616/595 5899/1128/594
f 5902/2615/595 5904/2577/596 5903/2578/596 5901/2616/595
f 5904/2577/596 5906/2617/597 5905/2618/597 5903/2578/596
f 5906/2617/597 5908/2579/598 5907/1208/598 5905/2618/597
f 5908/2579/598 5910/2619/599 5909/2620/599 5907/1208/598
f 5910/2619/599 5912/2580/600 5911/2581/600 5909/2620/599
f 5912/2580/600 5914/2621/601 5913/2622/601 5911/2581/600
f 5914/2621/601 5916/2582/602 5915/1179/602 5913/2622/601
f 5916/2582/602 5918/2623/603 5917/2624/603 5915/1179/602
f 5918/2623/603 5920/1690/604 5919/528/604 5917/2624/603
f 5920/1690/604 5922/2625/605 5921/2626/605 5919/528/604
f 5922/2625/605 5924/2583/606 5923/1166/606 5921/2626/605
f 5924/2583/606 5926/2627/607 5925/2628/607 5923/1166/606
f 5926/2627/607 5928/2584/608 5927/2585/608 5925/2628/607
f 5928/2584/608 5930/2629/609 5929/2630/609 5927/2585/608
f 5930/2629/609 5932/2586/610 5931/1132/610 5929/2630/609
f 5932/2586/610 5934/2631/611 5933/2632/611 5931/1132/610
f 5934/2631/611 5936/2587/612 5935/2588/612 5933/2632/611
f 5936/2587/612 5938/2633/613 5937/2634/613 5935/2588/612
f 5938/2633/613 5940/2589/614 5939/1127/614 5937/2634/613
f 5940/2589/614 5942/2635/615 5941/2636/615 5939/1127/614
f 5942/2635/615 5944/2590/616 5943/2591/616 5941/2636/615
f 5944/2590/616 5946/1709/617 5945/623/617 5943/2591/616
f 5946/1709/617 5948/2592/618 5947/1165/618 5945/623/617
f 5948/2592/618 5950/2637/619 5949/2638/619 5947/1165/618
f 5950/2637/619 5952/2593/620 5951/2594/620 5949/2638/619
f 5952/2593/620 5954/2639/621 5953/2640/621 5951/2594/620
f 5954/2639/621 5956/2595/622 5955/1062/622 5953/2640/621
f 5956/2595/622 5958/2641/623 5957/2642/623 5955/1062/622
f 5958/2641/623 5960/2596/624 5959/2597/624 5957/2642/623
f 5960/2596/624 5962/2643/625 5961/2644/625 5959/2597/624
f 5962/2643/625 5964/2598/626 5963/1075/626 5961/2644/625
f 5964/2598/626 5966/2645/627 5965/2646/627 5963/1075/626
f 5966/2645/627 5968/2599/628 5967/2600/628 5965/2646/627
f 5968/2599/628 5970/2647/629 5969/2648/629 5967/2600/628
f 5970/2647/629 5868/1728/580 5867/27/580 5969/2648/629
f 5972/1652/630 5974/2649/631 5973/2650/631 5971/29/630
f 5974/2649/631 5976/2651/632 5975/2652/632 5973/2650/631
f 5976/2651/632 5978/2653/633 5977/2654/633 5975/2652/632
f 5978/2653/633 5980/2655/634 5979/2656/634 5977/2654/633
f 5980/2655/634 5982/2657/635 5981/2658/635 5979/2656/634
f 5982/2657/635 5984/2659/636 5983/2660/636 5981/2658/635
f 5984/2659/636 5986/2661/637 5985/790/637 5983/2660/636
f 5986/2661/637 5988/2662/638 5987/2663/638 5985/790/637
f 5988/2662/638 5990/1971/639 5989/1972/639 5987/2663/638
f 5990/1971/639 5992/2664/640 5991/2665/640 5989/1972/639
f 5992/2664/640 5994/2666/641 5993/2667/641 5991/2665/640
f 5994/2666/641 5996/2668/642 5995/2669/642 5993/2667/641
f 5996/2668/642 5998/2670/643 5997/2671/643 5995/2669/642
f 5998/2670/643 6000/2672/644 5999/770/644 5997/2671/643
f 6000/2672/644 6002/2673/645 6001/2674/645 5999/770/644
f 6002/2673/645 6004/2675/646 6003/2676/646 6001/2674/645
f 6004/2675/646 6006/2677/647 6005/2678/647 6003/2676/646
f 6006/2677/647 6008/1999/648 6007/2000/648 6005/2678/647
f 6008/1999/648 6010/2679/649 6009/2680/649 6007/2000/648
f 6010/2679/649 6012/2681/382 6011/2682/382 6009/2680/649
f 6012/2681/382 6014/1677/650 6013/294/650 6011/2682/382
f 6014/1677/650 6016/2683/651 6015/2684/651 6013/294/650
f 6016/2683/651 6018/2685/652 6017/2686/652 6015/2684/651
f 6018/2685/652 6020/2687/653 6019/2688/653 6017/2686/652
f 6020/2687/653 6022/2689/654 6021/2690/654 6019/2688/653
f 6022/2689/654 6024/2691/655 6023/2692/655 6021/2690/654
f 6024/2691/655 6026/2027/656 6025/2028/656 6023/2692/655
f 6026/2027/656 6028/2693/657 6027/662/657 6025/2028/656
f 6028/2693/657 6030/2694/658 6029/2695/658 6027/662/657
f 6030/2694/658 6032/2696/659 6031/2697/659 6029/2695/658
f 6032/2696/659 6034/2698/660 6033/2699/660 6031/2697/659
f 6034/2698/660 6036/2700/661 6035/2701/661 6033/2699/660
f 6036/2700/661 6038/2702/662 6037/2703/662 6035/2701/661
f 6038/2702/662 6040/2704/663 6039/2705/663 6037/2703/662
f 6040/2704/663 6042/2706/664 6041/702/664 6039/2705/663
f 6042/2706/664 6044/2053/665 6043/2054/665 6041/702/664
f 6044/2053/665 6046/2707/666 6045/2708/666 6043/2054/665
f 6046/2707/666 6048/2709/667 6047/2710/667 6045/2708/666
f 6048/2709/667 6050/2711/668 6049/2712/668 6047/2710/667
f 6050/2711/668 6052/2713/669 6051/2714/669 6049/2712/668
f 6052/2713/669 6054/2715/670 6053/2716/670 6051/2714/669
f 6054/2715/670 6056/1703/671 6055/238/671 6053/2716/670
f 6056/1703/671 6058/2717/672 6057/2718/672 6055/238/671
f 6058/2717/672 6060/2719/673 6059/2720/673 6057/2718/672
f 6060/2719/673 6062/2081/674 6061/2082/674 6059/2720/673
f 6062/2081/674 6064/2721/675 6063/2722/675 6061/2082/674
f 6064/2721/675 6066/2723/676 6065/2724/676 6063/2722/675
f 6066/2723/676 6068/2725/677 6067/2726/677 6065/2724/676
f 6068/2725/677 6070/2727/678 6069/681/678 6067/2726/677
f 6070/2727/678 6072/2728/679 6071/2729/679 6069/681/678
f 6072/2728/679 6074/2730/680 6073/2731/680 6071/2729/679
f 6074/2730/680 6076/2732/681 6075/2733/681 6073/2731/680
f 6076/2732/681 6078/2734/682 6077/2735/682 6075/2733/681
f 6078/2734/682 6080/2109/683 6079/2110/683 6077/2735/682
f 6080/2109/683 6082/2736/84 6081/2737/84 6079/2110/683
f 6082/2736/84 6084/2738/684 6083/644/684 6081/2737/84
f 6084/2738/684 6086/2739/685 6085/2740/685 6083/644/684
f 6086/2739/685 6088/2741/686 6087/2742/686 6085/2740/685
f 6088/2741/686 6090/2743/687 6089/2744/687 6087/2742/686
f 6090/2743/687 6092/2745/80 6091/2746/80 6089/2744/687
f 6092/2745/80 6094/2747/9 6093/2748/9 6091/2746/80
f 6094/2747/9 6096/2749/688 6095/2750/688 6093/2748/9
f 6096/2749/688 5972/1728/630 5971/27/630 6095/2750/688
f 6098/1652/689 6100/2421/690 6099/2422/690 6097/29/689
f 6100/2421/690 6102/2423/691 6101/2424/691 6099/2422/690
f 6102/2423/691 6104/2139/692 6103/2140/692 6101/2424/691
f 6104/2139/692 6106/2425/693 6105/2426/693 6103/2140/692
f 6106/2425/693 6108/2427/694 6107/2428/694 6105/2426/693
f 6108/2427/694 6110/2143/695 6109/2144/695 6107/2428/694
f 6110/2143/695 6112/2429/696 6111/2430/696 6109/2144/695
f 6112/2429/696 6114/2431/697 6113/2432/697 6111/2430/696
f 6114/2431/697 6116/2147/698 6115/2148/698 6113/2432/697
f 6116/2147/698 6118/2433/699 6117/2434/699 6115/2148/698
f 6118/2433/699 6120/2435/700 6119/2436/700 6117/2434/699
f 6120/2435/700 6122/2151/701 6121/2152/701 6119/2436/700
f 6122/2151/701 6124/2437/702 6123/2438/702 6121/2152/701
f 6124/2437/702 6126/2439/703 6125/2440/703 6123/2438/702
f 6126/2439/703 6128/2155/704 6127/2156/704 6125/2440/703
f 6128/2155/704 6130/2441/705 6129/2442/705 6127/2156/704
f 6130/2441/705 6132/2443/706 6131/2444/706 6129/2442/705
f 6132/2443/706 6134/2159/707 6133/2160/707 6131/2444/706
f 6134/2159/707 6136/2445/708 6135/2446/708 6133/2160/707
f 6136/2445/708 6138/2447/709 6137/2448/709 6135/2446/708
f 6138/2447/709 6140/2163/710 6139/2164/710 6137/2448/709
f 6140/2163/710 6142/2449/711 6141/2450/711 6139/2164/710
f 6142/2449/711 6144/2451/712 6143/2452/712 6141/2450/711
f 6144/2451/712 6146/2167/713 6145/2168/713 6143/2452/712
f 6146/2167/713 6148/2453/714 6147/2454/714 6145/2168/713
f 6148/2453/714 6150/2455/715 6149/2456/715 6147/2454/714
f 6150/2455/715 6152/2171/716 6151/2172/716 6149/2456/715
f 6152/2171/716 6154/2457/717 6153/2458/717 6151/2172/716
f 6154/2457/717 6156/2459/718 6155/2460/718 6153/2458/717
f 6156/2459/718 6158/2175/719 6157/2176/719 6155/2460/718
f 6158/2175/719 6160/2461/720 6159/2462/720 6157/2176/719
f 6160/2461/720 6162/2463/721 6161/2464/721 6159/2462/720
f 6162/2463/721 6164/2179/722 6163/2180/722 6161/2464/721
f 6164/2179/722 6166/2465/723 6165/2466/723 6163/2180/722
f 6166/2465/723 6168/2467/724 6167/2468/724 6165/2466/723
f 6168/2467/724 6170/2183/725 6169/2184/725 6167/2468/724
f 6170/2183/725 6172/1677/726 6171/294/726 6169/2184/725
f 6172/1677/726 6174/2469/727 6173/2470/727 6171/294/726
f 6174/2469/727 6176/2187/728 6175/2188/728 6173/2470/727
f 6176/2187/728 6178/2471/729 6177/2472/729 6175/2188/728
f 6178/2471/729 6180/2473/730 6179/2474/730 6177/2472/729
f 6180/2473/730 6182/2191/731 6181/2192/731 6179/2474/730
f 6182/2191/731 6184/2475/732 6183/2476/732 6181/2192/731
f 6184/2475/732 6186/2477/733 6185/2478/733 6183/2476/732
f 6186/2477/733 6188/2195/734 6187/2196/734 6185/2478/733
f 6188/2195/734 6190/2479/735 6189/2480/735 6187/2196/734
f 6190/2479/735 6192/2481/736 6191/2482/736 6189/2480/735
f 6192/2481/736 6194/2199/737 6193/2200/737 6191/2482/736
f 6194/2199/737 6196/2483/738 6195/2484/738 6193/2200/737
f 6196/2483/738 6198/2485/739 6197/2486/739 6195/2484/738
f 6198/2485/739 6200/2203/740 6199/2204/740 6197/2486/739
f 6200/2203/740 6202/2487/741 6201/2488/741 6199/2204/740
f 6202/2487/741 6204/2489/742 6203/2490/742 6201/2488/741
f 6204/2489/742 6206/2207/743 6205/2208/743 6203/2490/742
f 6206/2207/743 6208/2491/744 6207/2492/744 6205/2208/743
f 6208/2491/744 6210/2493/745 6209/2494/745 6207/2492/744
f 6210/2493/745 6212/2209/746 6211/2210/746 6209/2494/745
f 6212/2209/746 6214/2495/747 6213/2496/747 6211/2210/746
f 6214/2495/747 6216/2497/748 6215/2498/748 6213/2496/747
f 6216/2497/748 6218/2213/749 6217/2214/749 6215/2498/748
f 6218/2213/749 6220/2499/750 6219/2500/750 6217/2214/749
f 6220/2499/750 6222/2501/751 6221/2502/751 6219/2500/750
f 6222/2501/751 6224/2217/752 6223/2218/752 6221/2502/751
f 6224/2217/752 6226/2503/753 6225/2504/753 6223/2218/752
f 6226/2503/753 6228/2505/754 6227/2506/754 6225/2504/753
f 6228/2505/754 6230/2221/755 6229/2222/755 6227/2506/754
f 6230/2221/755 6232/2507/756 6231/2508/756 6229/2222/755
f 6232/2507/756 6234/2509/757 6233/2510/757 6231/2508/756
f 6234/2509/757 6236/2225/758 6235/2226/758 6233/2510/757
f 6236/2225/758 6238/2511/759 6237/2512/759 6235/2226/758
f 6238/2511/759 6240/2513/760 6239/2514/760 6237/2512/759
f 6240/2513/760 6242/2229/761 6241/2230/761 6239/2514/760
f 6242/2229/761 6244/2515/762 6243/2516/762 6241/2230/761
f 6244/2515/762 6246/1703/763 6245/238/763 6243/2516/762
f 6246/1703/763 6248/2233/764 6247/2234/764 6245/238/763
f 6248/2233/764 6250/2517/765 6249/2518/765 6247/2234/764
f 6250/2517/765 6252/2519/766 6251/2520/766 6249/2518/765
f 6252/2519/766 6254/2237/767 6253/2238/767 6251/2520/766
f 6254/2237/767 6256/2521/768 6255/2522/768 6253/2238/767
f 6256/2521/768 6258/2523/769 6257/2524/769 6255/2522/768
f 6258/2523/769 6260/2241/770 6259/2242/770 6257/2524/769
f 6260/2241/770 6262/2525/771 6261/2526/771 6259/2242/770
f 6262/2525/771 6264/2527/772 6263/2528/772 6261/2526/771
f 6264/2527/772 6266/2245/773 6265/2246/773 6263/2528/772
f 6266/2245/773 6268/2529/774 6267/2530/774 6265/2246/773
f 6268/2529/774 6270/2531/775 6269/2532/775 6267/2530/774
f 6270/2531/775 6272/2249/776 6271/2250/776 6269/2532/775
f 6272/2249/776 6274/2533/777 6273/2534/777 6271/2250/776
f 6274/2533/777 6276/2535/778 6275/2536/778 6273/2534/777
f 6276/2535/778 6278/2253/779 6277/2254/779 6275/2536/778
f 6278/2253/779 6280/2537/780 6279/2538/780 6277/2254/779
f 6280/2537/780 6282/2539/781 6281/2540/781 6279/2538/780
f 6282/2539/781 6284/2257/782 6283/2258/782 6281/2540/781
f 6284/2257/782 6286/2541/783 6285/2542/783 6283/2258/782
f 6286/2541/783 6288/2543/784 6287/2544/784 6285/2542/783
f 6288/2543/784 6290/2261/785 6289/2262/785 6287/2544/784
f 6290/2261/785 6292/2545/786 6291/2546/786 6289/2262/785
f 6292/2545/786 6294/2547/787 6293/2548/787 6291/2546/786
f 6294/2547/787 6296/2265/788 6295/2266/788 6293/2548/787
f 6296/2265/788 6298/2549/789 6297/2550/789 6295/2266/788
f 6298/2549/789 6300/2551/790 6299/2552/790 6297/2550/789
f 6300/2551/790 6302/2269/791 6301/2270/791 6299/2552/790
f 6302/2269/791 6304/2553/792 6303/2554/792 6301/2270/791
f 6304/2553/792 6306/2555/793 6305/2556/793 6303/2554/792
f 6306/2555/793 6308/2273/794 6307/2274/794 6305/2556/793
f 6308/2273/794 6310/2557/795 6309/2558/795 6307/2274/794
f 6310/2557/795 6312/2559/796 6311/2560/796 6309/2558/795
f 6312/2559/796 6314/2277/797 6313/2278/797 6311/2560/796
f 6314/2277/797 6316/2561/798 6315/2562/798 6313/2278/797
f 6316/2561/798 6318/2563/799 6317/2564/799 6315/2562/798
f 6318/2563/799 6098/1728/689 6097/27/689 6317/2564/799
f 6320/1652/800 6322/2139/801 6321/2140/801 6319/29/800
f 6322/2139/801 6324/2143/802 6323/2144/802 6321/2140/801
f 6324/2143/802 6326/2147/803 6325/2148/803 6323/2144/802
f 6326/2147/803 6328/2151/804 6327/2152/804 6325/2148/803
f 6328/2151/804 6330/2155/805 6329/2156/805 6327/2152/804
f 6330/2155/805 6332/2159/806 6331/2160/806 6329/2156/805
f 6332/2159/806 6334/2163/807 6333/2164/807 6331/2160/806
f 6334/2163/807 6336/2167/808 6335/2168/808 6333/2164/807
f 6336/2167/808 6338/2171/809 6337/2172/809 6335/2168/808
f 6338/2171/809 6340/2175/810 6339/2176/810 6337/2172/809
f 6340/2175/810 6342/2179/811 6341/2180/811 6339/2176/810
f 6342/2179/811 6344/2183/812 6343/2184/812 6341/2180/811
f 6344/2183/812 6346/2187/813 6345/2188/813 6343/2184/812
f 6346/2187/813 6348/2191/814 6347/2192/814 6345/2188/813
f 6348/2191/814 6350/2195/815 6349/2196/815 6347/2192/814
f 6350/2195/815 6352/2199/816 6351/2200/816 6349/2196/815
f 6352/2199/816 6354/2203/817 6353/2204/817 6351/2200/816
f 6354/2203/817 6356/2207/818 6355/2208/818 6353/2204/817
f 6356/2207/818 6358/2209/819 6357/2210/819 6355/2208/818
f 6358/2209/819 6360/2213/820 6359/2214/820 6357/2210/819
f 6360/2213/820 6362/2217/821 6361/2218/821 6359/2214/820
f 6362/2217/821 6364/2221/822 6363/2222/822 6361/2218/821
f 6364/2221/822 6366/2225/823 6365/2226/823 6363/2222/822
f 6366/2225/823 6368/2229/824 6367/2230/824 6365/2226/823
f 6368/2229/824 6370/2233/825 6369/2234/825 6367/2230/824
f 6370/2233/825 6372/2237/826 6371/2238/826 6369/2234/825
f 6372/2237/826 6374/2241/827 6373/2242/827 6371/2238/826
f 6374/2241/827 6376/2245/828 6375/2246/828 6373/2242/827
f 6376/2245/828 6378/2249/829 6377/2250/829 6375/2246/828
f 6378/2249/829 6380/2253/830 6379/2254/830 6377/2250/829
f 6380/2253/830 6382/2257/831 6381/2258/831 6379/2254/830
f 6382/2257/831 6384/2261/832 6383/2262/832 6381/2258/831
f 6384/2261/832 6386/2265/833 6385/2266/833 6383/2262/832
f 6386/2265/833 6388/2269/834 6387/2270/834 6385/2266/833
f 6388/2269/834 6390/2273/835 6389/2274/835 6387/2270/834
f 6390/2273/835 6392/2277/836 6391/2278/836 6389/2274/835
f 6392/2277/836 6320/1728/800 6319/27/800 6391/2278/836
f 6394/1652/837 6396/2751/838 6395/2752/838 6393/29/837
f 6396/2751/838 6398/2753/839 6397/2754/839 6395/2752/838
f 6398/2753/839 6400/2755/840 6399/2756/840 6397/2754/839
f 6400/2755/840 6402/2757/841 6401/2758/841 6399/2756/840
f 6402/2757/841 6404/2139/132 6403/2140/132 6401/2758/841
f 6404/2139/132 6406/2759/842 6405/2760/842 6403/2140/132
f 6406/2759/842 6408/2761/843 6407/2762/843 6405/2760/842
f 6408/2761/843 6410/2763/844 6409/2764/844 6407/2762/843
f 6410/2763/844 6412/2765/845 6411/2766/845 6409/2764/844
f 6412/2765/845 6414/2143/846 6413/2144/846 6411/2766/845
f 6414/2143/846 6416/2767/847 6415/2768/847 6413/2144/846
f 6416/2767/847 6418/2769/848 6417/2770/848 6415/2768/847
f 6418/2769/848 6420/2771/849 6419/2772/849 6417/2770/848
f 6420/2771/849 6422/2773/850 6421/2774/850 6419/2772/849
f 6422/2773/850 6424/2147/851 6423/2148/851 6421/2774/850
f 6424/2147/851 6426/2775/852 6425/2776/852 6423/2148/851
f 6426/2775/852 6428/2777/853 6427/2778/853 6425/2776/852
f 6428/2777/853 6430/2779/854 6429/2780/854 6427/2778/853
f 6430/2779/854 6432/2781/855 6431/2782/855 6429/2780/854
f 6432/2781/855 6434/2151/856 6433/2152/856 6431/2782/855
f 6434/2151/856 6436/2783/857 6435/2784/857 6433/2152/856
f 6436/2783/857 6438/2785/858 6437/2786/858 6435/2784/857
f 6438/2785/858 6440/2787/859 6439/2788/859 6437/2786/858
f 6440/2787/859 6442/2789/860 6441/2790/860 6439/2788/859
f 6442/2789/860 6444/2155/861 6443/2156/861 6441/2790/860
f 6444/2155/861 6446/2791/862 6445/2792/862 6443/2156/861
f 6446/2791/862 6448/2793/863 6447/2794/863 6445/2792/862
f 6448/2793/863 6450/2795/864 6449/2796/864 6447/2794/863
f 6450/2795/864 6452/2797/865 6451/2798/865 6449/2796/864
f 6452/2797/865 6454/2159/866 6453/2160/866 6451/2798/865
f 6454/2159/866 6456/2799/867 6455/2800/867 6453/2160/866
f 6456/2799/867 6458/2801/868 6457/2802/868 6455/2800/867
f 6458/2801/868 6460/2803/869 6459/2804/869 6457/2802/868
f 6460/2803/869 6462/2805/870 6461/2806/870 6459/2804/869
f 6462/2805/870 6464/2163/871 6463/2164/871 6461/2806/870
f 6464/2163/871 6466/2807/872 6465/2808/872 6463/2164/871
f 6466/2807/872 6468/1867/873 6467/1868/873 6465/2808/872
f 6468/1867/873 6470/2809/874 6469/2810/874 6467/1868/873
f 6470/2809/874 6472/2811/875 6471/2812/875 6469/2810/874
f 6472/2811/875 6474/2167/876 6473/2168/876 6471/2812/875
f 6474/2167/876 6476/2813/877 6475/2814/877 6473/2168/876
f 6476/2813/877 6478/2815/878 6477/2816/878 6475/2814/877
f 6478/2815/878 6480/2817/879 6479/2818/879 6477/2816/878
f 6480/2817/879 6482/2819/880 6481/2820/880 6479/2818/879
f 6482/2819/880 6484/2171/881 6483/2172/881 6481/2820/880
f 6484/2171/881 6486/2821/882 6485/2822/882 6483/2172/881
f 6486/2821/882 6488/2823/883 6487/2824/883 6485/2822/882
f 6488/2823/883 6490/2825/884 6489/2826/884 6487/2824/883
f 6490/2825/884 6492/2827/885 6491/2828/885 6489/2826/884
f 6492/2827/885 6494/2175/886 6493/2176/886 6491/2828/885
f 6494/2175/886 6496/2829/887 6495/2830/887 6493/2176/886
f 6496/2829/887 6498/2831/888 6497/2832/888 6495/2830/887
f 6498/2831/888 6500/2833/889 6499/2834/889 6497/2832/888
f 6500/2833/889 6502/2835/890 6501/2836/890 6499/2834/889
f 6502/2835/890 6504/2179/891 6503/2180/891 6501/2836/890
f 6504/2179/891 6506/2837/892 6505/2838/892 6503/2180/891
f 6506/2837/892 6508/2839/893 6507/2840/893 6505/2838/892
f 6508/2839/893 6510/2841/894 6509/2842/894 6507/2840/893
f 6510/2841/894 6512/2843/895 6511/2844/895 6509/2842/894
f 6512/2843/895 6514/2183/896 6513/2184/896 6511/2844/895
f 6514/2183/896 6516/2845/897 6515/2846/897 6513/2184/896
f 6516/2845/897 6518/2847/898 6517/2848/898 6515/2846/897
f 6518/2847/898 6520/2849/899 6519/2850/899 6517/2848/898
f 6520/2849/899 6522/2851/900 6521/2852/900 6519/2850/899
f 6522/2851/900 6524/2187/901 6523/2188/901 6521/2852/900
f 6524/2187/901 6526/2853/902 6525/2854/902 6523/2188/901
f 6526/2853/902 6528/2855/903 6527/2856/903 6525/2854/902
f 6528/2855/903 6530/2857/904 6529/2858/904 6527/2856/903
f 6530/2857/904 6532/2859/905 6531/2860/905 6529/2858/904
f 6532/2859/905 6534/2191/906 6533/2192/906 6531/2860/905
f 6534/2191/906 6536/2861/907 6535/2862/907 6533/2192/906
f 6536/2861/907 6538/2863/908 6537/2864/908 6535/2862/907
f 6538/2863/908 6540/2865/909 6539/2866/909 6537/2864/908
f 6540/2865/909 6542/1887/910 6541/1888/910 6539/2866/909
f 6542/1887/910 6544/2195/911 6543/2196/911 6541/1888/910
f 6544/2195/911 6546/2867/912 6545/2868/912 6543/2196/911
f 6546/2867/912 6548/2869/913 6547/2870/913 6545/2868/912
f 6548/2869/913 6550/2871/914 6549/2872/914 6547/2870/913
f 6550/2871/914 6552/2873/915 6551/2874/915 6549/2872/914
f 6552/2873/915 6554/2199/916 6553/2200/916 6551/2874/915
f 6554/2199/916 6556/2875/917 6555/2876/917 6553/2200/916
f 6556/2875/917 6558/2877/918 6557/2878/918 6555/2876/917
f 6558/2877/918 6560/2879/919 6559/2880/919 6557/2878/918
f 6560/2879/919 6562/2881/920 6561/2882/920 6559/2880/919
f 6562/2881/920 6564/2203/921 6563/2204/921 6561/2882/920
f 6564/2203/921 6566/2883/922 6565/2884/922 6563/2204/921
f 6566/2883/922 6568/2885/923 6567/2886/923 6565/2884/922
f 6568/2885/923 6570/2887/924 6569/2888/924 6567/2886/923
f 6570/2887/924 6572/2889/925 6571/2890/925 6569/2888/924
f 6572/2889/925 6574/2207/926 6573/2208/926 6571/2890/925
f 6574/2207/926 6576/2891/927 6575/2892/927 6573/2208/926
f 6576/2891/927 6578/2893/928 6577/2894/928 6575/2892/927
f 6578/2893/928 6580/2895/929 6579/2896/929 6577/2894/928
f 6580/2895/929 6582/2897/930 6581/2898/930 6579/2896/929
f 6582/2897/930 6584/2209/931 6583/2210/931 6581/2898/930
f 6584/2209/931 6586/2899/932 6585/2900/932 6583/2210/931
f 6586/2899/932 6588/2901/933 6587/2902/933 6585/2900/932
f 6588/2901/933 6590/2903/934 6589/2904/934 6587/2902/933
f 6590/2903/934 6592/2905/935 6591/2906/935 6589/2904/934
f 6592/2905/935 6594/2213/936 6593/2214/936 6591/2906/935
f 6594/2213/936 6596/2907/937 6595/2908/937 6593/2214/936
f 6596/2907/937 6598/2909/938 6597/2910/938 6595/2908/937
f 6598/2909/938 6600/2911/939 6599/2912/939 6597/2910/938
f 6600/2911/939 6602/2913/940 6601/2914/940 6599/2912/939
f 6602/2913/940 6604/2217/941 6603/2218/941 6601/2914/940
f 6604/2217/941 6606/2915/942 6605/2916/942 6603/2218/941
f 6606/2915/942 6608/2917/943 6607/2918/943 6605/2916/942
f 6608/2917/943 6610/2919/944 6609/2920/944 6607/2918/943
f 6610/2919/944 6612/2921/945 6611/2922/945 6609/2920/944
f 6612/2921/945 6614/2221/946 6613/2222/946 6611/2922/945
f 6614/2221/946 6616/1905/947 6615/1906/947 6613/2222/946
f 6616/1905/947 6618/2923/948 6617/2924/948 6615/1906/947
f 6618/2923/948 6620/2925/949 6619/2926/949 6617/2924/948
f 6620/2925/949 6622/2927/950 6621/2928/950 6619/2926/949
f 6622/2927/950 6624/2225/951 6623/2226/951 6621/2928/950
f 6624/2225/951 6626/2929/952 6625/2930/952 6623/2226/951
f 6626/2929/952 6628/2931/953 6627/2932/953 6625/2930/952
f 6628/2931/953 6630/2933/954 6629/2934/954 6627/2932/953
f 6630/2933/954 6632/2935/955 6631/2936/955 6629/2934/954
f 6632/2935/955 6634/2229/956 6633/2230/956 6631/2936/955
f 6634/2229/956 6636/2937/957 6635/2938/957 6633/2230/956
f 6636/2937/957 6638/2939/958 6637/2940/958 6635/2938/957
f 6638/2939/958 6640/2941/959 6639/2942/959 6637/2940/958
f 6640/2941/959 6642/2943/960 6641/2944/960 6639/2942/959
f 6642/2943/960 6644/2233/961 6643/2234/961 6641/2944/960
f 6644/2233/961 6646/2945/962 6645/2946/962 6643/2234/961
f 6646/2945/962 6648/2947/963 6647/2948/963 6645/2946/962
f 6648/2947/963 6650/2949/964 6649/2950/964 6647/2948/963
f 6650/2949/964 6652/2951/965 6651/2952/965 6649/2950/964
f 6652/2951/965 6654/2237/966 6653/2238/966 6651/2952/965
f 6654/2237/966 6656/2953/967 6655/2954/967 6653/2238/966
f 6656/2953/967 6658/2955/968 6657/2956/968 6655/2954/967
f 6658/2955/968 6660/2957/969 6659/2958/969 6657/2956/968
f 6660/2957/969 6662/2959/970 6661/2960/970 6659/2958/969
f 6662/2959/970 6664/2241/971 6663/2242/971 6661/2960/970
f 6664/2241/971 6666/2961/972 6665/2962/972 6663/2242/971
f 6666/2961/972 6668/2963/973 6667/2964/973 6665/2962/972
f 6668/2963/973 6670/2965/974 6669/2966/974 6667/2964/973
f 6670/2965/974 6672/2967/975 6671/2968/975 6669/2966/974
f 6672/2967/975 6674/2245/976 6673/2246/976 6671/2968/975
f 6674/2245/976 6676/2969/977 6675/2970/977 6673/2246/976
f 6676/2969/977 6678/2971/978 6677/2972/978 6675/2970/977
f 6678/2971/978 6680/2973/979 6679/2974/979 6677/2972/978
f 6680/2973/979 6682/2975/980 6681/2976/980 6679/2974/979
f 6682/2975/980 6684/2249/981 6683/2250/981 6681/2976/980
f 6684/2249/981 6686/2977/80 6685/2978/80 6683/2250/981
f 6686/2977/80 6688/2979/982 6687/2980/982 6685/2978/80
f 6688/2979/982 6690/1925/983 6689/1926/983 6687/2980/982
f 6690/1925/983 6692/2981/578 6691/2982/578 6689/1926/983
f 6692/2981/578 6694/2253/984 6693/2254/984 6691/2982/578
f 6694/2253/984 6696/2983/985 6695/2984/985 6693/2254/984
f 6696/2983/985 6698/2985/986 6697/2986/986 6695/2984/985
f 6698/2985/986 6700/2987/987 6699/2988/987 6697/2986/986
f 6700/2987/987 6702/2989/355 6701/2990/355 6699/2988/987
f 6702/2989/355 6704/2257/988 6703/2258/988 6701/2990/355
f 6704/2257/988 6706/2991/989 6705/2992/989 6703/2258/988
f 6706/2991/989 6708/2993/990 6707/2994/990 6705/2992/989
f 6708/2993/990 6710/2995/991 6709/2996/991 6707/2994/990
f 6710/2995/991 6712/2997/992 6711/2998/992 6709/2996/991
f 6712/2997/992 6714/2261/993 6713/2262/993 6711/2998/992
f 6714/2261/993 6716/2999/994 6715/3000/994 6713/2262/993
f 6716/2999/994 6718/3001/995 6717/3002/995 6715/3000/994
f 6718/3001/995 6720/3003/996 6719/3004/996 6717/3002/995
f 6720/3003/996 6722/3005/997 6721/3006/997 6719/3004/996
f 6722/3005/997 6724/2265/998 6723/2266/998 6721/3006/997
f 6724/2265/998 6726/3007/999 6725/3008/999 6723/2266/998
f 6726/3007/999 6728/3009/1000 6727/3010/1000 6725/3008/999
f 6728/3009/1000 6730/3011/1001 6729/3012/1001 6727/3010/1000
f 6730/3011/1001 6732/3013/1002 6731/3014/1002 6729/3012/1001
f 6732/3013/1002 6734/2269/1003 6733/2270/1003 6731/3014/1002
f 6734/2269/1003 6736/3015/1004 6735/3016/1004 6733/2270/1003
f 6736/3015/1004 6738/3017/1005 6737/3018/1005 6735/3016/1004
f 6738/3017/1005 6740/3019/1006 6739/3020/1006 6737/3018/1005
f 6740/3019/1006 6742/3021/1007 6741/3022/1007 6739/3020/1006
f 6742/3021/1007 6744/2273/1008 6743/2274/1008 6741/3022/1007
f 6744/2273/1008 6746/3023/1009 6745/3024/1009 6743/2274/1008
f 6746/3023/1009 6748/3025/1010 6747/3026/1010 6745/3024/1009
f 6748/3025/1010 6750/3027/1011 6749/3028/1011 6747/3026/1010
f 6750/3027/1011 6752/3029/1012 6751/3030/1012 6749/3028/1011
f 6752/3029/1012 6754/2277/1013 6753/2278/1013 6751/3030/1012
f 6754/2277/1013 6756/3031/1014 6755/3032/1014 6753/2278/1013
f 6756/3031/1014 6758/3033/1015 6757/3034/1015 6755/3032/1014
f 6758/3033/1015 6760/3035/1016 6759/3036/1016 6757/3034/1015
f 6760/3035/1016 6762/3037/1017 6761/3038/1017 6759/3036/1016
f 6762/3037/1017 6394/1728/837 6393/27/837 6761/3038/1017
f 6764/1652/4 6766/1653/5 6765/1654/5 6763/29/4
f 6766/1653/5 6768/1655/6 6767/1656/6 6765/1654/5
f 6768/1655/6 6770/1657/7 6769/414/7 6767/1656/6
f 6770/1657/7 6772/1658/1018 6771/1659/1018 6769/414/7
f 6772/1658/1018 6774/1660/9 6773/1661/9 6771/1659/1018
f 6774/1660/9 6776/1662/10 6775/425/10 6773/1661/9
f 6776/1662/10 6778/1663/11 6777/1664/11 6775/425/10
f 6778/1663/11 6780/1665/12 6779/1492/12 6777/1664/11
f 6780/1665/12 6782/1666/13 6781/378/13 6779/1492/12
f 6782/1666/13 6784/1667/14 6783/1668/14 6781/378/13
f 6784/1667/14 6786/1669/15 6785/1670/15 6783/1668/14
f 6786/1669/15 6788/1671/16 6787/480/16 6785/1670/15
f 6788/1671/16 6790/1672/17 6789/1673/17 6787/480/16
f 6790/1672/17 6792/1674/18 6791/1675/18 6789/1673/17
f 6792/1674/18 6794/1676/19 6793/466/19 6791/1675/18
f 6794/1676/19 6796/1677/20 6795/294/20 6793/466/19
f 6796/1677/20 6798/1678/21 6797/1679/21 6795/294/20
f 6798/1678/21 6800/1680/1019 6799/465/1019 6797/1679/21
f 6800/1680/1019 6802/1681/23 6801/1682/23 6799/465/1019
f 6802/1681/23 6804/1683/24 6803/1684/24 6801/1682/23
f 6804/1683/24 6806/1685/25 6805/510/25 6803/1684/24
f 6806/1685/25 6808/1686/26 6807/1687/26 6805/510/25
f 6808/1686/26 6810/1688/27 6809/1689/27 6807/1687/26
f 6810/1688/27 6812/1690/28 6811/528/28 6809/1689/27
f 6812/1690/28 6814/1691/29 6813/1692/29 6811/528/28
f 6814/1691/29 6816/1693/30 6815/1694/30 6813/1692/29
f 6816/1693/30 6818/1695/31 6817/552/31 6815/1694/30
f 6818/1695/31 6820/1696/32 6819/1697/32 6817/552/31
f 6820/1696/32 6822/1698/1020 6821/1699/1020 6819/1697/32
f 6822/1698/1020 6824/1700/1021 6823/586/1021 6821/1699/1020
f 6824/1700/1021 6826/1701/35 6825/1702/35 6823/586/1021
f 6826/1701/35 6828/1703/36 6827/238/36 6825/1702/35
f 6828/1703/36 6830/1704/37 6829/581/37 6827/238/36
f 6830/1704/37 6832/1705/38 6831/1706/38 6829/581/37
f 6832/1705/38 6834/1707/1022 6833/1708/1022 6831/1706/38
f 6834/1707/1022 6836/1709/40 6835/623/40 6833/1708/1022
f 6836/1709/40 6838/1710/41 6837/1711/41 6835/623/40
f 6838/1710/41 6840/1712/42 6839/1713/42 6837/1711/41
f 6840/1712/42 6842/1714/1023 6841/608/1023 6839/1713/42
f 6842/1714/1023 6844/1715/44 6843/1565/44 6841/608/1023
f 6844/1715/44 6846/1716/45 6845/1717/45 6843/1565/44
f 6846/1716/45 6848/1718/46 6847/548/46 6845/1717/45
f 6848/1718/46 6850/1719/47 6849/1720/47 6847/548/46
f 6850/1719/47 6852/1721/48 6851/1722/48 6849/1720/47
f 6852/1721/48 6854/1723/1024 6853/422/1024 6851/1722/48
f 6854/1723/1024 6856/1724/50 6855/1725/50 6853/422/1024
f 6856/1724/50 6858/1726/51 6857/1727/51 6855/1725/50
f 6858/1726/51 6764/1728/4 6763/27/4 6857/1727/51
f 6860/1652/52 6862/1653/53 6861/1654/53 6859/29/52
f 6862/1653/53 6864/1655/54 6863/1656/54 6861/1654/53
f 6864/1655/54 6866/1657/55 6865/414/55 6863/1656/54
f 6866/1657/55 6868/1658/46 6867/1659/46 6865/414/55
f 6868/1658/46 6870/1660/56 6869/1661/56 6867/1659/46
f 6870/1660/56 6872/1662/57 6871/425/57 6869/1661/56
f 6872/1662/57 6874/1663/58 6873/1664/58 6871/425/57
f 6874/1663/58 6876/1665/59 6875/1492/59 6873/1664/58
f 6876/1665/59 6878/1666/60 6877/378/60 6875/1492/59
f 6878/1666/60 6880/1667/61 6879/1668/61 6877/378/60
f 6880/1667/61 6882/1669/62 6881/1670/62 6879/1668/61
f 6882/1669/62 6884/1671/63 6883/480/63 6881/1670/62
f 6884/1671/63 6886/1672/64 6885/1673/64 6883/480/63
f 6886/1672/64 6888/1674/65 6887/1675/65 6885/1673/64
f 6888/1674/65 6890/1676/66 6889/466/66 6887/1675/65
f 6890/1676/66 6892/1677/67 6891/294/67 6889/466/66
f 6892/1677/67 6894/1678/68 6893/1679/68 6891/294/67
f 6894/1678/68 6896/1680/69 6895/465/69 6893/1679/68
f 6896/1680/69 6898/1681/70 6897/1682/70 6895/465/69
f 6898/1681/70 6900/1683/71 6899/1684/71 6897/1682/70
f 6900/1683/71 6902/1685/72 6901/510/72 6899/1684/71
f 6902/1685/72 6904/1686/73 6903/1687/73 6901/510/72
f 6904/1686/73 6906/1688/1025 6905/1689/1025 6903/1687/73
f 6906/1688/1025 6908/1690/75 6907/528/75 6905/1689/1025
f 6908/1690/75 6910/1691/76 6909/1692/76 6907/528/75
f 6910/1691/76 6912/1693/77 6911/1694/77 6909/1692/76
f 6912/1693/77 6914/1695/78 6913/552/78 6911/1694/77
f 6914/1695/78 6916/1696/79 6915/1697/79 6913/552/78
f 6916/1696/79 6918/1698/80 6917/1699/80 6915/1697/79
f 6918/1698/80 6920/1700/81 6919/586/81 6917/1699/80
f 6920/1700/81 6922/1701/82 6921/1702/82 6919/586/81
f 6922/1701/82 6924/1703/83 6923/238/83 6921/1702/82
f 6924/1703/83 6926/1704/17 6925/581/17 6923/238/83
f 6926/1704/17 6928/1705/84 6927/1706/84 6925/581/17
f 6928/1705/84 6930/1707/85 6929/1708/85 6927/1706/84
f 6930/1707/85 6932/1709/86 6931/623/86 6929/1708/85
f 6932/1709/86 6934/1710/87 6933/1711/87 6931/623/86
f 6934/1710/87 6936/1712/1026 6935/1713/1026 6933/1711/87
f 6936/1712/1026 6938/1714/89 6937/608/89 6935/1713/1026
f 6938/1714/89 6940/1715/1027 6939/1565/1027 6937/608/89
f 6940/1715/1027 6942/1716/91 6941/1717/91 6939/1565/1027
f 6942/1716/91 6944/1718/92 6943/548/92 6941/1717/91
f 6944/1718/92 6946/1719/93 6945/1720/93 6943/548/92
f 6946/1719/93 6948/1721/94 6947/1722/94 6945/1720/93
f 6948/1721/94 6950/1723/95 6949/422/95 6947/1722/94
f 6950/1723/95 6952/1724/96 6951/1725/96 6949/422/95
f 6952/1724/96 6954/1726/97 6953/1727/97 6951/1725/96
f 6954/1726/97 6860/1728/52 6859/27/52 6953/1727/97
f 6956/1652/98 6958/1729/99 6957/1730/99 6955/29/98
f 6958/1729/99 6960/1731/1028 6959/1732/1028 6957/1730/99
f 6960/1731/1028 6962/1733/101 6961/1734/101 6959/1732/1028
f 6962/1733/101 6964/1735/102 6963/1736/102 6961/1734/101
f 6964/1735/102 6966/1737/103 6965/1738/103 6963/1736/102
f 6966/1737/103 6968/1739/104 6967/1740/104 6965/1738/103
f 6968/1739/104 6970/1741/105 6969/1742/105 6967/1740/104
f 6970/1741/105 6972/1743/106 6971/1744/106 6969/1742/105
f 6972/1743/106 6974/1745/107 6973/1746/107 6971/1744/106
f 6974/1745/107 6976/1747/108 6975/1748/108 6973/1746/107
f 6976/1747/108 6978/1749/109 6977/1750/109 6975/1748/108
f 6978/1749/109 6980/1751/110 6979/1752/110 6977/1750/109
f 6980/1751/110 6982/1753/111 6981/1754/111 6979/1752/110
f 6982/1753/111 6984/1755/112 6983/1756/112 6981/1754/111
f 6984/1755/112 6986/1757/113 6985/1758/113 6983/1756/112
f 6986/1757/113 6988/1759/114 6987/1760/114 6985/1758/113
f 6988/1759/114 6990/1761/115 6989/1762/115 6987/1760/114
f 6990/1761/115 6992/1763/116 6991/1764/116 6989/1762/115
f 6992/1763/116 6994/1765/117 6993/1766/117 6991/1764/116
f 6994/1765/117 6996/1767/118 6995/1768/118 6993/1766/117
f 6996/1767/118 6998/1769/119 6997/1770/119 6995/1768/118
f 6998/1769/119 7000/1771/120 6999/1772/120 6997/1770/119
f 7000/1771/120 7002/1773/121 7001/1774/121 6999/1772/120
f 7002/1773/121 7004/1775/122 7003/1776/122 7001/1774/121
f 7004/1775/122 7006/1777/123 7005/1778/123 7003/1776/122
f 7006/1777/123 7008/1779/1029 7007/1780/1029 7005/1778/123
f 7008/1779/1029 7010/1781/125 7009/1782/125 7007/1780/1029
f 7010/1781/125 7012/1783/126 7011/1784/126 7009/1782/125
f 7012/1783/126 7014/1785/127 7013/1786/127 7011/1784/126
f 7014/1785/127 7016/1787/128 7015/1788/128 7013/1786/127
f 7016/1787/128 7018/1690/129 7017/528/129 7015/1788/128
f 7018/1690/129 7020/1789/130 7019/1790/130 7017/528/129
f 7020/1789/130 7022/1791/131 7021/1792/131 7019/1790/130
f 7022/1791/131 7024/1793/132 7023/1794/132 7021/1792/131
f 7024/1793/132 7026/1795/1030 7025/1796/1030 7023/1794/132
f 7026/1795/1030 7028/1797/134 7027/1798/134 7025/1796/1030
f 7028/1797/134 7030/1799/135 7029/1800/135 7027/1798/134
f 7030/1799/135 7032/1801/136 7031/1802/136 7029/1800/135
f 7032/1801/136 7034/1803/137 7033/1804/137 7031/1802/136
f 7034/1803/137 7036/1805/138 7035/1806/138 7033/1804/137
f 7036/1805/138 7038/1807/139 7037/1808/139 7035/1806/138
f 7038/1807/139 7040/1809/140 7039/1810/140 7037/1808/139
f 7040/1809/140 7042/1811/141 7041/1812/141 7039/1810/140
f 7042/1811/141 7044/1813/1031 7043/1814/1031 7041/1812/141
f 7044/1813/1031 7046/1815/143 7045/1816/143 7043/1814/1031
f 7046/1815/143 7048/1817/144 7047/1818/144 7045/1816/143
f 7048/1817/144 7050/1819/145 7049/1820/145 7047/1818/144
f 7050/1819/145 7052/1821/146 7051/1822/146 7049/1820/145
f 7052/1821/146 7054/1823/147 7053/1824/147 7051/1822/146
f 7054/1823/147 7056/1825/148 7055/1826/148 7053/1824/147
f 7056/1825/148 7058/1827/149 7057/1828/149 7055/1826/148
f 7058/1827/149 7060/1829/150 7059/1830/150 7057/1828/149
f 7060/1829/150 7062/1831/151 7061/1832/151 7059/1830/150
f 7062/1831/151 7064/1833/152 7063/1834/152 7061/1832/151
f 7064/1833/152 7066/1835/153 7065/1836/153 7063/1834/152
f 7066/1835/153 7068/1837/154 7067/1838/154 7065/1836/153
f 7068/1837/154 7070/1839/155 7069/1840/155 7067/1838/154
f 7070/1839/155 7072/1841/156 7071/1842/156 7069/1840/155
f 7072/1841/156 7074/1843/157 7073/1844/157 7071/1842/156
f 7074/1843/157 7076/1845/158 7075/1846/158 7073/1844/157
f 7076/1845/158 7078/1847/159 7077/1848/159 7075/1846/158
f 7078/1847/159 6956/1728/98 6955/27/98 7077/1848/159
f 7080/1652/160 7082/1849/161 7081/1850/161 7079/29/160
f 7082/1849/161 7084/1851/162 7083/1852/162 7081/1850/161
f 7084/1851/162 7086/1853/1032 7085/1854/1032 7083/1852/162
f 7086/1853/1032 7088/1855/164 7087/1856/164 7085/1854/1032
f 7088/1855/164 7090/1857/165 7089/1858/165 7087/1856/164
f 7090/1857/165 7092/1859/166 7091/1860/166 7089/1858/165
f 7092/1859/166 7094/1861/167 7093/1862/167 7091/1860/166
f 7094/1861/167 7096/1863/168 7095/1864/168 7093/1862/167
f 7096/1863/168 7098/1865/169 7097/1866/169 7095/1864/168
f 7098/1865/169 7100/1867/170 7099/1868/170 7097/1866/169
f 7100/1867/170 7102/1869/171 7101/1870/171 7099/1868/170
f 7102/1869/171 7104/1871/172 7103/1872/172 7101/1870/171
f 7104/1871/172 7106/1873/173 7105/1874/173 7103/1872/172
f 7106/1873/173 7108/1875/174 7107/1876/174 7105/1874/173
f 7108/1875/174 7110/1877/175 7109/1878/175 7107/1876/174
f 7110/1877/175 7112/1879/176 7111/1880/176 7109/1878/175
f 7112/1879/176 7114/1881/177 7113/1882/177 7111/1880/176
f 7114/1881/177 7116/1883/178 7115/1884/178 7113/1882/177
f 7116/1883/178 7118/1885/179 7117/1886/179 7115/1884/178
f 7118/1885/179 7120/1887/180 7119/1888/180 7117/1886/179
f 7120/1887/180 7122/1889/181 7121/1890/181 7119/1888/180
f 7122/1889/181 7124/1891/182 7123/1892/182 7121/1890/181
f 7124/1891/182 7126/1893/183 7125/1894/183 7123/1892/182
f 7126/1893/183 7128/1895/184 7127/1896/184 7125/1894/183
f 7128/1895/184 7130/1690/185 7129/528/185 7127/1896/184
f 7130/1690/185 7132/1897/186 7131/1898/186 7129/528/185
f 7132/1897/186 7134/1899/187 7133/1900/187 7131/1898/186
f 7134/1899/187 7136/1901/188 7135/1902/188 7133/1900/187
f 7136/1901/188 7138/1903/189 7137/1904/189 7135/1902/188
f 7138/1903/189 7140/1905/190 7139/1906/190 7137/1904/189
f 7140/1905/190 7142/1907/191 7141/1908/191 7139/1906/190
f 7142/1907/191 7144/1909/1033 7143/1910/1033 7141/1908/191
f 7144/1909/1033 7146/1911/193 7145/1912/193 7143/1910/1033
f 7146/1911/193 7148/1913/194 7147/1914/194 7145/1912/193
f 7148/1913/194 7150/1915/195 7149/1916/195 7147/1914/194
f 7150/1915/195 7152/1917/1034 7151/1918/1034 7149/1916/195
f 7152/1917/1034 7154/1919/197 7153/1920/197 7151/1918/1034
f 7154/1919/197 7156/1921/198 7155/1922/198 7153/1920/197
f 7156/1921/198 7158/1923/199 7157/1924/199 7155/1922/198
f 7158/1923/199 7160/1925/200 7159/1926/200 7157/1924/199
f 7160/1925/200 7162/1927/201 7161/1928/201 7159/1926/200
f 7162/1927/201 7164/1929/202 7163/1930/202 7161/1928/201
f 7164/1929/202 7166/1931/203 7165/1932/203 7163/1930/202
f 7166/1931/203 7168/1933/204 7167/1934/204 7165/1932/203
f 7168/1933/204 7170/1935/205 7169/1936/205 7167/1934/204
f 7170/1935/205 7172/1937/206 7171/1938/206 7169/1936/205
f 7172/1937/206 7174/1939/207 7173/1940/207 7171/1938/206
f 7174/1939/207 7176/1941/208 7175/1942/208 7173/1940/207
f 7176/1941/208 7178/1943/209 7177/1944/209 7175/1942/208
f 7178/1943/209 7080/1728/160 7079/27/160 7177/1944/209
f 7180/1652/1035 7182/2137/1035 7181/2138/1035 7179/29/1035
f 7182/2137/1035 7184/2139/1035 7183/2140/1035 7181/2138/1035
f 7184/2139/1035 7186/2141/1035 7185/2142/1035 7183/2140/1035
f 7186/2141/1035 7188/2143/1035 7187/2144/1035 7185/2142/1035
f 7188/2143/1035 7190/2145/1035 7189/2146/1035 7187/2144/1035
f 7190/2145/1035 7192/2147/1035 7191/2148/1035 7189/2146/1035
f 7192/2147/1035 7194/2149/1035 7193/2150/1035 7191/2148/1035
f 7194/2149/1035 7196/2151/1035 7195/2152/1035 7193/2150/1035
f 7196/2151/1035 7198/2153/1035 7197/2154/1035 7195/2152/1035
f 7198/2153/1035 7200/2155/1035 7199/2156/1035 7197/2154/1035
f 7200/2155/1035 7202/2157/1036 7201/2158/1036 7199/2156/1035
f 7202/2157/1036 7204/2159/1037 7203/2160/1037 7201/2158/1036
f 7204/2159/1037 7206/2161/1038 7205/2162/1038 7203/2160/1037
f 7206/2161/1038 7208/2163/1039 7207/2164/1039 7205/2162/1038
f 7208/2163/1039 7210/2165/1040 7209/2166/1040 7207/2164/1039
f 7210/2165/1040 7212/2167/1041 7211/2168/1041 7209/2166/1040
f 7212/2167/1041 7214/2169/1042 7213/2170/1042 7211/2168/1041
f 7214/2169/1042 7216/2171/1043 7215/2172/1043 7213/2170/1042
f 7216/2171/1043 7218/2173/1044 7217/2174/1044 7215/2172/1043
f 7218/2173/1044 7220/2175/1045 7219/2176/1045 7217/2174/1044
f 7220/2175/1045 7222/2177/1046 7221/2178/1046 7219/2176/1045
f 7222/2177/1046 7224/2179/1047 7223/2180/1047 7221/2178/1046
f 7224/2179/1047 7226/2181/1048 7225/2182/1048 7223/2180/1047
f 7226/2181/1048 7228/2183/1049 7227/2184/1049 7225/2182/1048
f 7228/2183/1049 7230/2185/1050 7229/2186/1050 7227/2184/1049
f 7230/2185/1050 7232/2187/1051 7231/2188/1051 7229/2186/1050
f 7232/2187/1051 7234/2189/1052 7233/2190/1052 7231/2188/1051
f 7234/2189/1052 7236/2191/1053 7235/2192/1053 7233/2190/1052
f 7236/2191/1053 7238/2193/1054 7237/2194/1054 7235/2192/1053
f 7238/2193/1054 7240/2195/1055 7239/2196/1055 7237/2194/1054
f 7240/2195/1055 7242/2197/1056 7241/2198/1056 7239/2196/1055
f 7242/2197/1056 7244/2199/1057 7243/2200/1057 7241/2198/1056
f 7244/2199/1057 7246/2201/1058 7245/2202/1058 7243/2200/1057
f 7246/2201/1058 7248/2203/1059 7247/2204/1059 7245/2202/1058
f 7248/2203/1059 7250/2205/1060 7249/2206/1060 7247/2204/1059
f 7250/2205/1060 7252/2207/1061 7251/2208/1061 7249/2206/1060
f 7252/2207/1061 7254/1690/1062 7253/528/1062 7251/2208/1061
f 7254/1690/1062 7256/2209/1062 7255/2210/1062 7253/528/1062
f 7256/2209/1062 7258/2211/1062 7257/2212/1062 7255/2210/1062
f 7258/2211/1062 7260/2213/1062 7259/2214/1062 7257/2212/1062
f 7260/2213/1062 7262/2215/1062 7261/2216/1062 7259/2214/1062
f 7262/2215/1062 7264/2217/1062 7263/2218/1062 7261/2216/1062
f 7264/2217/1062 7266/2219/1062 7265/2220/1062 7263/2218/1062
f 7266/2219/1062 7268/2221/1062 7267/2222/1062 7265/2220/1062
f 7268/2221/1062 7270/2223/1062 7269/2224/1062 7267/2222/1062
f 7270/2223/1062 7272/2225/1062 7271/2226/1062 7269/2224/1062
f 7272/2225/1062 7274/2227/1062 7273/2228/1062 7271/2226/1062
f 7274/2227/1062 7276/2229/1063 7275/2230/1063 7273/2228/1062
f 7276/2229/1063 7278/2231/1064 7277/2232/1064 7275/2230/1063
f 7278/2231/1064 7280/2233/1065 7279/2234/1065 7277/2232/1064
f 7280/2233/1065 7282/2235/1066 7281/2236/1066 7279/2234/1065
f 7282/2235/1066 7284/2237/1067 7283/2238/1067 7281/2236/1066
f 7284/2237/1067 7286/2239/1068 7285/2240/1068 7283/2238/1067
f 7286/2239/1068 7288/2241/1069 7287/2242/1069 7285/2240/1068
f 7288/2241/1069 7290/2243/1070 7289/2244/1070 7287/2242/1069
f 7290/2243/1070 7292/2245/1071 7291/2246/1071 7289/2244/1070
f 7292/2245/1071 7294/2247/1072 7293/2248/1072 7291/2246/1071
f 7294/2247/1072 7296/2249/1073 7295/2250/1073 7293/2248/1072
f 7296/2249/1073 7298/2251/1074 7297/2252/1074 7295/2250/1073
f 7298/2251/1074 7300/2253/1075 7299/2254/1075 7297/2252/1074
f 7300/2253/1075 7302/2255/1076 7301/2256/1076 7299/2254/1075
f 7302/2255/1076 7304/2257/1077 7303/2258/1077 7301/2256/1076
f 7304/2257/1077 7306/2259/1078 7305/2260/1078 7303/2258/1077
f 7306/2259/1078 7308/2261/1079 7307/2262/1079 7305/2260/1078
f 7308/2261/1079 7310/2263/1080 7309/2264/1080 7307/2262/1079
f 7310/2263/1080 7312/2265/1081 7311/2266/1081 7309/2264/1080
f 7312/2265/1081 7314/2267/1082 7313/2268/1082 7311/2266/1081
f 7314/2267/1082 7316/2269/1083 7315/2270/1083 7313/2268/1082
f 7316/2269/1083 7318/2271/1084 7317/2272/1084 7315/2270/1083
f 7318/2271/1084 7320/2273/1085 7319/2274/1085 7317/2272/1084
f 7320/2273/1085 7322/2275/1086 7321/2276/1086 7319/2274/1085
f 7322/2275/1086 7324/2277/1087 7323/2278/1087 7321/2276/1086
f 7324/2277/1087 7326/2279/1088 7325/2280/1088 7323/2278/1087
f 7326/2279/1088 7180/1728/1035 7179/27/1035 7325/2280/1088
f 7328/1652/62 7330/1945/62 7329/1946/62 7327/29/62
f 7330/1945/62 7332/1947/62 7331/1948/62 7329/1946/62
f 7332/1947/62 7334/1949/62 7333/1950/62 7331/1948/62
f 7334/1949/62 7336/1951/62 7335/1952/62 7333/1950/62
f 7336/1951/62 7338/1953/62 7337/1954/62 7335/1952/62
f 7338/1953/62 7340/1955/62 7339/1956/62 7337/1954/62
f 7340/1955/62 7342/1957/62 7341/1958/62 7339/1956/62
f 7342/1957/62 7344/1959/62 7343/1960/62 7341/1958/62
f 7344/1959/62 7346/1961/62 7345/1962/62 7343/1960/62
f 7346/1961/62 7348/1963/62 7347/1964/62 7345/1962/62
f 7348/1963/62 7350/1965/210 7349/1966/210 7347/1964/62
f 7350/1965/210 7352/1967/211 7351/1968/211 7349/1966/210
f 7352/1967/211 7354/1969/212 7353/1970/212 7351/1968/211
f 7354/1969/212 7356/1971/213 7355/1972/213 7353/1970/212
f 7356/1971/213 7358/1973/214 7357/1974/214 7355/1972/213
f 7358/1973/214 7360/1975/215 7359/1976/215 7357/1974/214
f 7360/1975/215 7362/1977/216 7361/1978/216 7359/1976/215
f 7362/1977/216 7364/1979/217 7363/1980/217 7361/1978/216
f 7364/1979/217 7366/1981/1089 7365/1982/1089 7363/1980/217
f 7366/1981/1089 7368/1983/219 7367/1984/219 7365/1982/1089
f 7368/1983/219 7370/1985/220 7369/1986/220 7367/1984/219
f 7370/1985/220 7372/1987/221 7371/1988/221 7369/1986/220
f 7372/1987/221 7374/1989/222 7373/1990/222 7371/1988/221
f 7374/1989/222 7376/1991/223 7375/1992/223 7373/1990/222
f 7376/1991/223 7378/1993/224 7377/1994/224 7375/1992/223
f 7378/1993/224 7380/1995/225 7379/1996/225 7377/1994/224
f 7380/1995/225 7382/1997/226 7381/1998/226 7379/1996/225
f 7382/1997/226 7384/1999/227 7383/2000/227 7381/1998/226
f 7384/1999/227 7386/2001/228 7385/2002/228 7383/2000/227
f 7386/2001/228 7388/2003/229 7387/2004/229 7385/2002/228
f 7388/2003/229 7390/2005/230 7389/2006/230 7387/2004/229
f 7390/2005/230 7392/2007/231 7391/2008/231 7389/2006/230
f 7392/2007/231 7394/2009/232 7393/2010/232 7391/2008/231
f 7394/2009/232 7396/2011/233 7395/2012/233 7393/2010/232
f 7396/2011/233 7398/2013/1090 7397/2014/1090 7395/2012/233
f 7398/2013/1090 7400/2015/235 7399/2016/235 7397/2014/1090
f 7400/2015/235 7402/2017/236 7401/2018/236 7399/2016/235
f 7402/2017/236 7404/2019/237 7403/2020/237 7401/2018/236
f 7404/2019/237 7406/2021/238 7405/2022/238 7403/2020/237
f 7406/2021/238 7408/2023/239 7407/2024/239 7405/2022/238
f 7408/2023/239 7410/2025/240 7409/2026/240 7407/2024/239
f 7410/2025/240 7412/2027/241 7411/2028/241 7409/2026/240
f 7412/2027/241 7414/2029/242 7413/2030/242 7411/2028/241
f 7414/2029/242 7416/2031/243 7415/2032/243 7413/2030/242
f 7416/2031/243 7418/2033/244 7417/2034/244 7415/2032/243
f 7418/2033/244 7420/2035/245 7419/2036/245 7417/2034/244
f 7420/2035/245 7422/2037/246 7421/2038/246 7419/2036/245
f 7422/2037/246 7424/2039/1091 7423/2040/1091 7421/2038/246
f 7424/2039/1091 7426/1690/248 7425/528/248 7423/2040/1091
f 7426/1690/248 7428/2041/249 7427/2042/249 7425/528/248
f 7428/2041/249 7430/2043/250 7429/2044/250 7427/2042/249
f 7430/2043/250 7432/2045/251 7431/2046/251 7429/2044/250
f 7432/2045/251 7434/2047/252 7433/2048/252 7431/2046/251
f 7434/2047/252 7436/2049/253 7435/2050/253 7433/2048/252
f 7436/2049/253 7438/2051/254 7437/2052/254 7435/2050/253
f 7438/2051/254 7440/2053/255 7439/2054/255 7437/2052/254
f 7440/2053/255 7442/2055/256 7441/2056/256 7439/2054/255
f 7442/2055/256 7444/2057/257 7443/2058/257 7441/2056/256
f 7444/2057/257 7446/2059/258 7445/2060/258 7443/2058/257
f 7446/2059/258 7448/2061/259 7447/2062/259 7445/2060/258
f 7448/2061/259 7450/2063/260 7449/2064/260 7447/2062/259
f 7450/2063/260 7452/2065/260 7451/2066/260 7449/2064/260
f 7452/2065/260 7454/2067/260 7453/2068/260 7451/2066/260
f 7454/2067/260 7456/2069/260 7455/2070/260 7453/2068/260
f 7456/2069/260 7458/2071/260 7457/2072/260 7455/2070/260
f 7458/2071/260 7460/2073/260 7459/2074/260 7457/2072/260
f 7460/2073/260 7462/2075/260 7461/2076/260 7459/2074/260
f 7462/2075/260 7464/2077/260 7463/2078/260 7461/2076/260
f 7464/2077/260 7466/2079/260 7465/2080/260 7463/2078/260
f 7466/2079/260 7468/2081/260 7467/2082/260 7465/2080/260
f 7468/2081/260 7470/2083/260 7469/2084/260 7467/2082/260
f 7470/2083/260 7472/2085/261 7471/2086/261 7469/2084/260
f 7472/2085/261 7474/2087/262 7473/2088/262 7471/2086/261
f 7474/2087/262 7476/2089/1092 7475/2090/1092 7473/2088/262
f 7476/2089/1092 7478/2091/264 7477/2092/264 7475/2090/1092
f 7478/2091/264 7480/2093/265 7479/2094/265 7477/2092/264
f 7480/2093/265 7482/2095/266 7481/2096/266 7479/2094/265
f 7482/2095/266 7484/2097/1093 7483/2098/1093 7481/2096/266
f 7484/2097/1093 7486/2099/268 7485/2100/268 7483/2098/1093
f 7486/2099/268 7488/2101/269 7487/2102/269 7485/2100/268
f 7488/2101/269 7490/2103/1094 7489/2104/1094 7487/2102/269
f 7490/2103/1094 7492/2105/271 7491/2106/271 7489/2104/1094
f 7492/2105/271 7494/2107/1095 7493/2108/1095 7491/2106/271
f 7494/2107/1095 7496/2109/273 7495/2110/273 7493/2108/1095
f 7496/2109/273 7498/2111/274 7497/2112/274 7495/2110/273
f 7498/2111/274 7500/2113/275 7499/2114/275 7497/2112/274
f 7500/2113/275 7502/2115/276 7501/2116/276 7499/2114/275
f 7502/2115/276 7504/2117/277 7503/2118/277 7501/2116/276
f 7504/2117/277 7506/2119/278 7505/2120/278 7503/2118/277
f 7506/2119/278 7508/2121/279 7507/2122/279 7505/2120/278
f 7508/2121/279 7510/2123/280 7509/2124/280 7507/2122/279
f 7510/2123/280 7512/2125/281 7511/2126/281 7509/2124/280
f 7512/2125/281 7514/2127/282 7513/2128/282 7511/2126/281
f 7514/2127/282 7516/2129/283 7515/2130/283 7513/2128/282
f 7516/2129/283 7518/2131/284 7517/2132/284 7515/2130/283
f 7518/2131/284 7520/2133/285 7519/2134/285 7517/2132/284
f 7520/2133/285 7522/2135/286 7521/2136/286 7519/2134/285
f 7522/2135/286 7328/1728/62 7327/27/62 7521/2136/286
f 7524/1652/62 7526/2137/62 7525/2138/62 7523/29/62
f 7526/2137/62 7528/2139/62 7527/2140/62 7525/2138/62
f 7528/2139/62 7530/2141/62 7529/2142/62 7527/2140/62
f 7530/2141/62 7532/2143/62 7531/2144/62 7529/2142/62
f 7532/2143/62 7534/2145/62 7533/2146/62 7531/2144/62
f 7534/2145/62 7536/2147/62 7535/2148/62 7533/2146/62
f 7536/2147/62 7538/2149/62 7537/2150/62 7535/2148/62
f 7538/2149/62 7540/2151/62 7539/2152/62 7537/2150/62
f 7540/2151/62 7542/2153/62 7541/2154/62 7539/2152/62
f 7542/2153/62 7544/2155/62 7543/2156/62 7541/2154/62
f 7544/2155/62 7546/2157/287 7545/2158/287 7543/2156/62
f 7546/2157/287 7548/2159/288 7547/2160/288 7545/2158/287
f 7548/2159/288 7550/2161/289 7549/2162/289 7547/2160/288
f 7550/2161/289 7552/2163/290 7551/2164/290 7549/2162/289
f 7552/2163/290 7554/2165/291 7553/2166/291 7551/2164/290
f 7554/2165/291 7556/2167/292 7555/2168/292 7553/2166/291
f 7556/2167/292 7558/2169/293 7557/2170/293 7555/2168/292
f 7558/2169/293 7560/2171/294 7559/2172/294 7557/2170/293
f 7560/2171/294 7562/2173/295 7561/2174/295 7559/2172/294
f 7562/2173/295 7564/2175/296 7563/2176/296 7561/2174/295
f 7564/2175/296 7566/2177/297 7565/2178/297 7563/2176/296
f 7566/2177/297 7568/2179/298 7567/2180/298 7565/2178/297
f 7568/2179/298 7570/2181/299 7569/2182/299 7567/2180/298
f 7570/2181/299 7572/2183/1096 7571/2184/1096 7569/2182/299
f 7572/2183/1096 7574/2185/1097 7573/2186/1097 7571/2184/1096
f 7574/2185/1097 7576/2187/302 7575/2188/302 7573/2186/1097
f 7576/2187/302 7578/2189/303 7577/2190/303 7575/2188/302
f 7578/2189/303 7580/2191/304 7579/2192/304 7577/2190/303
f 7580/2191/304 7582/2193/305 7581/2194/305 7579/2192/304
f 7582/2193/305 7584/2195/1098 7583/2196/1098 7581/2194/305
f 7584/2195/1098 7586/2197/307 7585/2198/307 7583/2196/1098
f 7586/2197/307 7588/2199/308 7587/2200/308 7585/2198/307
f 7588/2199/308 7590/2201/309 7589/2202/309 7587/2200/308
f 7590/2201/309 7592/2203/310 7591/2204/310 7589/2202/309
f 7592/2203/310 7594/2205/311 7593/2206/311 7591/2204/310
f 7594/2205/311 7596/2207/312 7595/2208/312 7593/2206/311
f 7596/2207/312 7598/1690/260 7597/528/260 7595/2208/312
f 7598/1690/260 7600/2209/260 7599/2210/260 7597/528/260
f 7600/2209/260 7602/2211/260 7601/2212/260 7599/2210/260
f 7602/2211/260 7604/2213/260 7603/2214/260 7601/2212/260
f 7604/2213/260 7606/2215/260 7605/2216/260 7603/2214/260
f 7606/2215/260 7608/2217/260 7607/2218/260 7605/2216/260
f 7608/2217/260 7610/2219/260 7609/2220/260 7607/2218/260
f 7610/2219/260 7612/2221/260 7611/2222/260 7609/2220/260
f 7612/2221/260 7614/2223/260 7613/2224/260 7611/2222/260
f 7614/2223/260 7616/2225/260 7615/2226/260 7613/2224/260
f 7616/2225/260 7618/2227/260 7617/2228/260 7615/2226/260
f 7618/2227/260 7620/2229/313 7619/2230/313 7617/2228/260
f 7620/2229/313 7622/2231/314 7621/2232/314 7619/2230/313
f 7622/2231/314 7624/2233/315 7623/2234/315 7621/2232/314
f 7624/2233/315 7626/2235/1099 7625/2236/1099 7623/2234/315
f 7626/2235/1099 7628/2237/317 7627/2238/317 7625/2236/1099
f 7628/2237/317 7630/2239/318 7629/2240/318 7627/2238/317
f 7630/2239/318 7632/2241/319 7631/2242/319 7629/2240/318
f 7632/2241/319 7634/2243/320 7633/2244/320 7631/2242/319
f 7634/2243/320 7636/2245/321 7635/2246/321 7633/2244/320
f 7636/2245/321 7638/2247/1100 7637/2248/1100 7635/2246/321
f 7638/2247/1100 7640/2249/323 7639/2250/323 7637/2248/1100
f 7640/2249/323 7642/2251/324 7641/2252/324 7639/2250/323
f 7642/2251/324 7644/2253/325 7643/2254/325 7641/2252/324
f 7644/2253/325 7646/2255/326 7645/2256/326 7643/2254/325
f 7646/2255/326 7648/2257/327 7647/2258/327 7645/2256/326
f 7648/2257/327 7650/2259/328 7649/2260/328 7647/2258/327
f 7650/2259/328 7652/2261/329 7651/2262/329 7649/2260/328
f 7652/2261/329 7654/2263/330 7653/2264/330 7651/2262/329
f 7654/2263/330 7656/2265/331 7655/2266/331 7653/2264/330
f 7656/2265/331 7658/2267/332 7657/2268/332 7655/2266/331
f 7658/2267/332 7660/2269/333 7659/2270/333 7657/2268/332
f 7660/2269/333 7662/2271/334 7661/2272/334 7659/2270/333
f 7662/2271/334 7664/2273/335 7663/2274/335 7661/2272/334
f 7664/2273/335 7666/2275/1101 7665/2276/1101 7663/2274/335
f 7666/2275/1101 7668/2277/337 7667/2278/337 7665/2276/1101
f 7668/2277/337 7670/2279/338 7669/2280/338 7667/2278/337
f 7670/2279/338 7524/1728/62 7523/27/62 7669/2280/338
f 7672/1652/1035 7674/2137/1035 7673/2138/1035 7671/29/1035
f 7674/2137/1035 7676/2139/1035 7675/2140/1035 7673/2138/1035
f 7676/2139/1035 7678/2141/1035 7677/2142/1035 7675/2140/1035
f 7678/2141/1035 7680/2143/1035 7679/2144/1035 7677/2142/1035
f 7680/2143/1035 7682/2145/1035 7681/2146/1035 7679/2144/1035
f 7682/2145/1035 7684/2147/1035 7683/2148/1035 7681/2146/1035
f 7684/2147/1035 7686/2149/1035 7685/2150/1035 7683/2148/1035
f 7686/2149/1035 7688/2151/1035 7687/2152/1035 7685/2150/1035
f 7688/2151/1035 7690/2153/1035 7689/2154/1035 7687/2152/1035
f 7690/2153/1035 7692/2155/1035 7691/2156/1035 7689/2154/1035
f 7692/2155/1035 7694/2157/1036 7693/2158/1036 7691/2156/1035
f 7694/2157/1036 7696/2159/1037 7695/2160/1037 7693/2158/1036
f 7696/2159/1037 7698/2161/1038 7697/2162/1038 7695/2160/1037
f 7698/2161/1038 7700/2163/1039 7699/2164/1039 7697/2162/1038
f 7700/2163/1039 7702/2165/1040 7701/2166/1040 7699/2164/1039
f 7702/2165/1040 7704/2167/1041 7703/2168/1041 7701/2166/1040
f 7704/2167/1041 7706/2169/1042 7705/2170/1042 7703/2168/1041
f 7706/2169/1042 7708/2171/1043 7707/2172/1043 7705/2170/1042
f 7708/2171/1043 7710/2173/1044 7709/2174/1044 7707/2172/1043
f 7710/2173/1044 7712/2175/1045 7711/2176/1045 7709/2174/1044
f 7712/2175/1045 7714/2177/1046 7713/2178/1046 7711/2176/1045
f 7714/2177/1046 7716/2179/1047 7715/2180/1047 7713/2178/1046
f 7716/2179/1047 7718/2181/1048 7717/2182/1048 7715/2180/1047
f 7718/2181/1048 7720/2183/1049 7719/2184/1049 7717/2182/1048
f 7720/2183/1049 7722/2185/1050 7721/2186/1050 7719/2184/1049
f 7722/2185/1050 7724/2187/1051 7723/2188/1051 7721/2186/1050
f 7724/2187/1051 7726/2189/1052 7725/2190/1052 7723/2188/1051
f 7726/2189/1052 7728/2191/1053 7727/2192/1053 7725/2190/1052
f 7728/2191/1053 7730/2193/1054 7729/2194/1054 7727/2192/1053
f 7730/2193/1054 7732/2195/1055 7731/2196/1055 7729/2194/1054
f 7732/2195/1055 7734/2197/1056 7733/2198/1056 7731/2196/1055
f 7734/2197/1056 7736/2199/1057 7735/2200/1057 7733/2198/1056
f 7736/2199/1057 7738/2201/1058 7737/2202/1058 7735/2200/1057
f 7738/2201/1058 7740/2203/1059 7739/2204/1059 7737/2202/1058
f 7740/2203/1059 7742/2205/1060 7741/2206/1060 7739/2204/1059
f 7742/2205/1060 7744/2207/1061 7743/2208/1061 7741/2206/1060
f 7744/2207/1061 7746/1690/1062 7745/528/1062 7743/2208/1061
f 7746/1690/1062 7748/2209/1062 7747/2210/1062 7745/528/1062
f 7748/2209/1062 7750/2211/1062 7749/2212/1062 7747/2210/1062
f 7750/2211/1062 7752/2213/1062 7751/2214/1062 7749/2212/1062
f 7752/2213/1062 7754/2215/1062 7753/2216/1062 7751/2214/1062
f 7754/2215/1062 7756/2217/1062 7755/2218/1062 7753/2216/1062
f 7756/2217/1062 7758/2219/1062 7757/2220/1062 7755/2218/1062
f 7758/2219/1062 7760/2221/1062 7759/2222/1062 7757/2220/1062
f 7760/2221/1062 7762/2223/1062 7761/2224/1062 7759/2222/1062
f 7762/2223/1062 7764/2225/1062 7763/2226/1062 7761/2224/1062
f 7764/2225/1062 7766/2227/1062 7765/2228/1062 7763/2226/1062
f 7766/2227/1062 7768/2229/1063 7767/2230/1063 7765/2228/1062
f 7768/2229/1063 7770/2231/1064 7769/2232/1064 7767/2230/1063
f 7770/2231/1064 7772/2233/1065 7771/2234/1065 7769/2232/1064
f 7772/2233/1065 7774/2235/1066 7773/2236/1066 7771/2234/1065
f 7774/2235/1066 7776/2237/1067 7775/2238/1067 7773/2236/1066
f 7776/2237/1067 7778/2239/1068 7777/2240/1068 7775/2238/1067
f 7778/2239/1068 7780/2241/1069 7779/2242/1069 7777/2240/1068
f 7780/2241/1069 7782/2243/1070 7781/2244/1070 7779/2242/1069
f 7782/2243/1070 7784/2245/1071 7783/2246/1071 7781/2244/1070
f 7784/2245/1071 7786/2247/1072 7785/2248/1072 7783/2246/1071
f 7786/2247/1072 7788/2249/1073 7787/2250/1073 7785/2248/1072
f 7788/2249/1073 7790/2251/1074 7789/2252/1074 7787/2250/1073
f 7790/2251/1074 7792/2253/1075 7791/2254/1075 7789/2252/1074
f 7792/2253/1075 7794/2255/1076 7793/2256/1076 7791/2254/1075
f 7794/2255/1076 7796/2257/1077 7795/2258/1077 7793/2256/1076
f 7796/2257/1077 7798/2259/1078 7797/2260/1078 7795/2258/1077
f 7798/2259/1078 7800/2261/1079 7799/2262/1079 7797/2260/1078
f 7800/2261/1079 7802/2263/1080 7801/2264/1080 7799/2262/1079
f 7802/2263/1080 7804/2265/1081 7803/2266/1081 7801/2264/1080
f 7804/2265/1081 7806/2267/1082 7805/2268/1082 7803/2266/1081
f 7806/2267/1082 7808/2269/1083 7807/2270/1083 7805/2268/1082
f 7808/2269/1083 7810/2271/1084 7809/2272/1084 7807/2270/1083
f 7810/2271/1084 7812/2273/1085 7811/2274/1085 7809/2272/1084
f 7812/2273/1085 7814/2275/1086 7813/2276/1086 7811/2274/1085
f 7814/2275/1086 7816/2277/1087 7815/2278/1087 7813/2276/1086
f 7816/2277/1087 7818/2279/1088 7817/2280/1088 7815/2278/1087
f 7818/2279/1088 7672/1728/1035 7671/27/1035 7817/2280/1088
f 7820/1652/1102 7822/1653/1103 7821/1654/1103 7819/29/1102
f 7822/1653/1103 7824/1655/1104 7823/1656/1104 7821/1654/1103
f 7824/1655/1104 7826/1657/1105 7825/414/1105 7823/1656/1104
f 7826/1657/1105 7828/1658/1106 7827/1659/1106 7825/414/1105
f 7828/1658/1106 7830/1660/1107 7829/1661/1107 7827/1659/1106
f 7830/1660/1107 7832/1662/1108 7831/425/1108 7829/1661/1107
f 7832/1662/1108 7834/1663/1109 7833/1664/1109 7831/425/1108
f 7834/1663/1109 7836/1665/1015 7835/1492/1015 7833/1664/1109
f 7836/1665/1015 7838/1666/1110 7837/378/1110 7835/1492/1015
f 7838/1666/1110 7840/1667/1111 7839/1668/1111 7837/378/1110
f 7840/1667/1111 7842/1669/1112 7841/1670/1112 7839/1668/1111
f 7842/1669/1112 7844/1671/16 7843/480/16 7841/1670/1112
f 7844/1671/16 7846/1672/17 7845/1673/17 7843/480/16
f 7846/1672/17 7848/1674/18 7847/1675/18 7845/1673/17
f 7848/1674/18 7850/1676/19 7849/466/19 7847/1675/18
f 7850/1676/19 7852/1677/20 7851/294/20 7849/466/19
f 7852/1677/20 7854/1678/21 7853/1679/21 7851/294/20
f 7854/1678/21 7856/1680/1019 7855/465/1019 7853/1679/21
f 7856/1680/1019 7858/1681/23 7857/1682/23 7855/465/1019
f 7858/1681/23 7860/1683/24 7859/1684/24 7857/1682/23
f 7860/1683/24 7862/1685/25 7861/510/25 7859/1684/24
f 7862/1685/25 7864/1686/26 7863/1687/26 7861/510/25
f 7864/1686/26 7866/1688/27 7865/1689/27 7863/1687/26
f 7866/1688/27 7868/1690/28 7867/528/28 7865/1689/27
f 7868/1690/28 7870/1691/29 7869/1692/29 7867/528/28
f 7870/1691/29 7872/1693/30 7871/1694/30 7869/1692/29
f 7872/1693/30 7874/1695/1113 7873/552/1113 7871/1694/30
f 7874/1695/1113 7876/1696/32 7875/1697/32 7873/552/1113
f 7876/1696/32 7878/1698/1020 7877/1699/1020 7875/1697/32
f 7878/1698/1020 7880/1700/34 7879/586/34 7877/1699/1020
f 7880/1700/34 7882/1701/35 7881/1702/35 7879/586/34
f 7882/1701/35 7884/1703/36 7883/238/36 7881/1702/35
f 7884/1703/36 7886/1704/37 7885/581/37 7883/238/36
f 7886/1704/37 7888/1705/38 7887/1706/38 7885/581/37
f 7888/1705/38 7890/1707/1114 7889/1708/1114 7887/1706/38
f 7890/1707/1114 7892/1709/1115 7891/623/1115 7889/1708/1114
f 7892/1709/1115 7894/1710/1116 7893/1711/1116 7891/623/1115
f 7894/1710/1116 7896/1712/1117 7895/1713/1117 7893/1711/1116
f 7896/1712/1117 7898/1714/1118 7897/608/1118 7895/1713/1117
f 7898/1714/1118 7900/1715/1119 7899/1565/1119 7897/608/1118
f 7900/1715/1119 7902/1716/1120 7901/1717/1120 7899/1565/1119
f 7902/1716/1120 7904/1718/1121 7903/548/1121 7901/1717/1120
f 7904/1718/1121 7906/1719/1122 7905/1720/1122 7903/548/1121
f 7906/1719/1122 7908/1721/1123 7907/1722/1123 7905/1720/1122
f 7908/1721/1123 7910/1723/1124 7909/422/1124 7907/1722/1123
f 7910/1723/1124 7912/1724/1125 7911/1725/1125 7909/422/1124
f 7912/1724/1125 7914/1726/51 7913/1727/51 7911/1725/1125
f 7914/1726/51 7820/1728/1102 7819/27/1102 7913/1727/51
f 7916/1652/1126 7918/1653/1127 7917/1654/1127 7915/29/1126
f 7918/1653/1127 7920/1655/1128 7919/1656/1128 7917/1654/1127
f 7920/1655/1128 7922/1657/55 7921/414/55 7919/1656/1128
f 7922/1657/55 7924/1658/1129 7923/1659/1129 7921/414/55
f 7924/1658/1129 7926/1660/1130 7925/1661/1130 7923/1659/1129
f 7926/1660/1130 7928/1662/1131 7927/425/1131 7925/1661/1130
f 7928/1662/1131 7930/1663/43 7929/1664/43 7927/425/1131
f 7930/1663/43 7932/1665/1132 7931/1492/1132 7929/1664/43
f 7932/1665/1132 7934/1666/1133 7933/378/1133 7931/1492/1132
f 7934/1666/1133 7936/1667/1134 7935/1668/1134 7933/378/1133
f 7936/1667/1134 7938/1669/1135 7937/1670/1135 7935/1668/1134
f 7938/1669/1135 7940/1671/1136 7939/480/1136 7937/1670/1135
f 7940/1671/1136 7942/1672/1137 7941/1673/1137 7939/480/1136
f 7942/1672/1137 7944/1674/1138 7943/1675/1138 7941/1673/1137
f 7944/1674/1138 7946/1676/1139 7945/466/1139 7943/1675/1138
f 7946/1676/1139 7948/1677/1140 7947/294/1140 7945/466/1139
f 7948/1677/1140 7950/1678/1141 7949/1679/1141 7947/294/1140
f 7950/1678/1141 7952/1680/1142 7951/465/1142 7949/1679/1141
f 7952/1680/1142 7954/1681/1143 7953/1682/1143 7951/465/1142
f 7954/1681/1143 7956/1683/1144 7955/1684/1144 7953/1682/1143
f 7956/1683/1144 7958/1685/1145 7957/510/1145 7955/1684/1144
f 7958/1685/1145 7960/1686/1146 7959/1687/1146 7957/510/1145
f 7960/1686/1146 7962/1688/1062 7961/1689/1062 7959/1687/1146
f 7962/1688/1062 7964/1690/1147 7963/528/1147 7961/1689/1062
f 7964/1690/1147 7966/1691/1148 7965/1692/1148 7963/528/1147
f 7966/1691/1148 7968/1693/1149 7967/1694/1149 7965/1692/1148
f 7968/1693/1149 7970/1695/1150 7969/552/1150 7967/1694/1149
f 7970/1695/1150 7972/1696/1151 7971/1697/1151 7969/552/1150
f 7972/1696/1151 7974/1698/1152 7973/1699/1152 7971/1697/1151
f 7974/1698/1152 7976/1700/1153 7975/586/1153 7973/1699/1152
f 7976/1700/1153 7978/1701/1154 7977/1702/1154 7975/586/1153
f 7978/1701/1154 7980/1703/1155 7979/238/1155 7977/1702/1154
f 7980/1703/1155 7982/1704/1156 7981/581/1156 7979/238/1155
f 7982/1704/1156 7984/1705/1157 7983/1706/1157 7981/581/1156
f 7984/1705/1157 7986/1707/1158 7985/1708/1158 7983/1706/1157
f 7986/1707/1158 7988/1709/86 7987/623/86 7985/1708/1158
f 7988/1709/86 7990/1710/1159 7989/1711/1159 7987/623/86
f 7990/1710/1159 7992/1712/1160 7991/1713/1160 7989/1711/1159
f 7992/1712/1160 7994/1714/89 7993/608/89 7991/1713/1160
f 7994/1714/89 7996/1715/1027 7995/1565/1027 7993/608/89
f 7996/1715/1027 7998/1716/91 7997/1717/91 7995/1565/1027
f 7998/1716/91 8000/1718/92 7999/548/92 7997/1717/91
f 8000/1718/92 8002/1719/93 8001/1720/93 7999/548/92
f 8002/1719/93 8004/1721/94 8003/1722/94 8001/1720/93
f 8004/1721/94 8006/1723/95 8005/422/95 8003/1722/94
f 8006/1723/95 8008/1724/96 8007/1725/96 8005/422/95
f 8008/1724/96 8010/1726/1035 8009/1727/1035 8007/1725/96
f 8010/1726/1035 7916/1728/1126 7915/27/1126 8009/1727/1035
f 8012/1652/1161 8014/3039/1162 8013/3040/1162 8011/29/1161
f 8014/3039/1162 8016/3041/1163 8015/3042/1163 8013/3040/1162
f 8016/3041/1163 8018/3043/1164 8017/3044/1164 8015/3042/1163
f 8018/3043/1164 8020/3045/1165 8019/3046/1165 8017/3044/1164
f 8020/3045/1165 8022/3047/1166 8021/3048/1166 8019/3046/1165
f 8022/3047/1166 8024/3049/1167 8023/3050/1167 8021/3048/1166
f 8024/3049/1167 8026/3051/1168 8025/951/1168 8023/3050/1167
f 8026/3051/1168 8028/3052/1169 8027/3053/1169 8025/951/1168
f 8028/3052/1169 8030/3054/1170 8029/3055/1170 8027/3053/1169
f 8030/3054/1170 8032/3056/1171 8031/3057/1171 8029/3055/1170
f 8032/3056/1171 8034/3058/1172 8033/3059/1172 8031/3057/1171
f 8034/3058/1172 8036/3060/1173 8035/3061/1173 8033/3059/1172
f 8036/3060/1173 8038/3062/1174 8037/3063/1174 8035/3061/1173
f 8038/3062/1174 8040/3064/1175 8039/964/1175 8037/3063/1174
f 8040/3064/1175 8042/3065/1176 8041/3066/1176 8039/964/1175
f 8042/3065/1176 8044/3067/1177 8043/3068/1177 8041/3066/1176
f 8044/3067/1177 8046/3069/1178 8045/3070/1178 8043/3068/1177
f 8046/3069/1178 8048/3071/1179 8047/3072/1179 8045/3070/1178
f 8048/3071/1179 8050/3073/1180 8049/3074/1180 8047/3072/1179
f 8050/3073/1180 8052/3075/1181 8051/3076/1181 8049/3074/1180
f 8052/3075/1181 8054/3077/1182 8053/980/1182 8051/3076/1181
f 8054/3077/1182 8056/3078/1183 8055/3079/1183 8053/980/1182
f 8056/3078/1183 8058/1971/1184 8057/1972/1184 8055/3079/1183
f 8058/1971/1184 8060/3080/1185 8059/3081/1185 8057/1972/1184
f 8060/3080/1185 8062/3082/1186 8061/3083/1186 8059/3081/1185
f 8062/3082/1186 8064/3084/1187 8063/3085/1187 8061/3083/1186
f 8064/3084/1187 8066/3086/1188 8065/3087/1188 8063/3085/1187
f 8066/3086/1188 8068/3088/1189 8067/997/1189 8065/3087/1188
f 8068/3088/1189 8070/3089/1190 8069/3090/1190 8067/997/1189
f 8070/3089/1190 8072/3091/1191 8071/3092/1191 8069/3090/1190
f 8072/3091/1191 8074/3093/1192 8073/3094/1192 8071/3092/1191
f 8074/3093/1192 8076/3095/1193 8075/3096/1193 8073/3094/1192
f 8076/3095/1193 8078/3097/1194 8077/3098/1194 8075/3096/1193
f 8078/3097/1194 8080/3099/1195 8079/3100/1195 8077/3098/1194
f 8080/3099/1195 8082/3101/1196 8081/979/1196 8079/3100/1195
f 8082/3101/1196 8084/3102/1197 8083/3103/1197 8081/979/1196
f 8084/3102/1197 8086/3104/1198 8085/3105/1198 8083/3103/1197
f 8086/3104/1198 8088/3106/1197 8087/3107/1197 8085/3105/1198
f 8088/3106/1197 8090/3108/1199 8089/3109/1199 8087/3107/1197
f 8090/3108/1199 8092/3110/1200 8091/3111/1200 8089/3109/1199
f 8092/3110/1200 8094/3112/1201 8093/3113/1201 8091/3111/1200
f 8094/3112/1201 8096/3114/1202 8095/963/1202 8093/3113/1201
f 8096/3114/1202 8098/3115/1203 8097/3116/1203 8095/963/1202
f 8098/3115/1203 8100/3117/1204 8099/3118/1204 8097/3116/1203
f 8100/3117/1204 8102/3119/1205 8101/3120/1205 8099/3118/1204
f 8102/3119/1205 8104/1999/1206 8103/2000/1206 8101/3120/1205
f 8104/1999/1206 8106/3121/1207 8105/3122/1207 8103/2000/1206
f 8106/3121/1207 8108/3123/1208 8107/3124/1208 8105/3122/1207
f 8108/3123/1208 8110/3125/1209 8109/879/1209 8107/3124/1208
f 8110/3125/1209 8112/3126/1210 8111/3127/1210 8109/879/1209
f 8112/3126/1210 8114/3128/1211 8113/3129/1211 8111/3127/1210
f 8114/3128/1211 8116/3130/1212 8115/3131/1212 8113/3129/1211
f 8116/3130/1212 8118/3132/1213 8117/3133/1213 8115/3131/1212
f 8118/3132/1213 8120/3134/1214 8119/3135/1214 8117/3133/1213
f 8120/3134/1214 8122/3136/1215 8121/3137/1215 8119/3135/1214
f 8122/3136/1215 8124/3138/1216 8123/850/1216 8121/3137/1215
f 8124/3138/1216 8126/3139/1217 8125/3140/1217 8123/850/1216
f 8126/3139/1217 8128/3141/1218 8127/3142/1218 8125/3140/1217
f 8128/3141/1218 8130/3143/1219 8129/3144/1219 8127/3142/1218
f 8130/3143/1219 8132/3145/1220 8131/3146/1220 8129/3144/1219
f 8132/3145/1220 8134/3147/1221 8133/3148/1221 8131/3146/1220
f 8134/3147/1221 8136/3149/1222 8135/3150/1222 8133/3148/1221
f 8136/3149/1222 8138/3151/1223 8137/824/1223 8135/3150/1222
f 8138/3151/1223 8140/3152/1224 8139/3153/1224 8137/824/1223
f 8140/3152/1224 8142/3154/1225 8141/3155/1225 8139/3153/1224
f 8142/3154/1225 8144/3156/1226 8143/3157/1226 8141/3155/1225
f 8144/3156/1226 8146/3158/1227 8145/3159/1227 8143/3157/1226
f 8146/3158/1227 8148/3160/1228 8147/3161/1228 8145/3159/1227
f 8148/3160/1228 8150/2027/1229 8149/2028/1229 8147/3161/1228
f 8150/2027/1229 8152/3162/1230 8151/825/1230 8149/2028/1229
f 8152/3162/1230 8154/3163/1231 8153/3164/1231 8151/825/1230
f 8154/3163/1231 8156/3165/1232 8155/3166/1232 8153/3164/1231
f 8156/3165/1232 8158/3167/1233 8157/3168/1233 8155/3166/1232
f 8158/3167/1233 8160/3169/1234 8159/3170/1234 8157/3168/1233
f 8160/3169/1234 8162/3171/1235 8161/3172/1235 8159/3170/1234
f 8162/3171/1235 8164/3173/1236 8163/3174/1236 8161/3172/1235
f 8164/3173/1236 8166/3175/1237 8165/852/1237 8163/3174/1236
f 8166/3175/1237 8168/3176/1238 8167/3177/1238 8165/852/1237
f 8168/3176/1238 8170/3178/1239 8169/3179/1239 8167/3177/1238
f 8170/3178/1239 8172/3180/1240 8171/3181/1240 8169/3179/1239
f 8172/3180/1240 8174/3182/1241 8173/3183/1241 8171/3181/1240
f 8174/3182/1241 8176/3184/1242 8175/3185/1242 8173/3183/1241
f 8176/3184/1242 8178/3186/1243 8177/3187/1243 8175/3185/1242
f 8178/3186/1243 8180/3188/1244 8179/883/1244 8177/3187/1243
f 8180/3188/1244 8182/3189/1245 8181/3190/1245 8179/883/1244
f 8182/3189/1245 8184/3191/1246 8183/3192/1246 8181/3190/1245
f 8184/3191/1246 8186/3193/1247 8185/3194/1247 8183/3192/1246
f 8186/3193/1247 8188/3195/1248 8187/3196/1248 8185/3194/1247
f 8188/3195/1248 8190/3197/504 8189/3198/504 8187/3196/1248
f 8190/3197/504 8192/3199/1249 8191/3200/1249 8189/3198/504
f 8192/3199/1249 8194/3201/1250 8193/818/1250 8191/3200/1249
f 8194/3201/1250 8196/2053/1251 8195/2054/1251 8193/818/1250
f 8196/2053/1251 8198/3202/1252 8197/3203/1252 8195/2054/1251
f 8198/3202/1252 8200/3204/1253 8199/3205/1253 8197/3203/1252
f 8200/3204/1253 8202/3206/1254 8201/3207/1254 8199/3205/1253
f 8202/3206/1254 8204/3208/1255 8203/3209/1255 8201/3207/1254
f 8204/3208/1255 8206/3210/1256 8205/3211/1256 8203/3209/1255
f 8206/3210/1256 8208/3212/1257 8207/875/1257 8205/3211/1256
f 8208/3212/1257 8210/3213/1258 8209/3214/1258 8207/875/1257
f 8210/3213/1258 8212/3215/1259 8211/3216/1259 8209/3214/1258
f 8212/3215/1259 8214/3217/1260 8213/3218/1260 8211/3216/1259
f 8214/3217/1260 8216/3219/1261 8215/3220/1261 8213/3218/1260
f 8216/3219/1261 8218/3221/1262 8217/3222/1262 8215/3220/1261
f 8218/3221/1262 8220/3223/1263 8219/3224/1263 8217/3222/1262
f 8220/3223/1263 8222/3225/1264 8221/895/1264 8219/3224/1263
f 8222/3225/1264 8224/3226/1265 8223/3227/1265 8221/895/1264
f 8224/3226/1265 8226/3228/1266 8225/3229/1266 8223/3227/1265
f 8226/3228/1266 8228/3230/1267 8227/3231/1267 8225/3229/1266
f 8228/3230/1267 8230/3232/1268 8229/3233/1268 8227/3231/1267
f 8230/3232/1268 8232/3234/1269 8231/3235/1269 8229/3233/1268
f 8232/3234/1269 8234/3236/1270 8233/3237/1270 8231/3235/1269
f 8234/3236/1270 8236/3238/1271 8235/848/1271 8233/3237/1270
f 8236/3238/1271 8238/3239/1272 8237/3240/1272 8235/848/1271
f 8238/3239/1272 8240/3241/1273 8239/3242/1273 8237/3240/1272
f 8240/3241/1273 8242/2081/1274 8241/2082/1274 8239/3242/1273
f 8242/2081/1274 8244/3243/1275 8243/3244/1275 8241/2082/1274
f 8244/3243/1275 8246/3245/1276 8245/3246/1276 8243/3244/1275
f 8246/3245/1276 8248/3247/1277 8247/3248/1277 8245/3246/1276
f 8248/3247/1277 8250/3249/1278 8249/807/1278 8247/3248/1277
f 8250/3249/1278 8252/3250/1279 8251/3251/1279 8249/807/1278
f 8252/3250/1279 8254/3252/1280 8253/3253/1280 8251/3251/1279
f 8254/3252/1280 8256/3254/1281 8255/3255/1281 8253/3253/1280
f 8256/3254/1281 8258/3256/1282 8257/3257/1282 8255/3255/1281
f 8258/3256/1282 8260/3258/260 8259/3259/260 8257/3257/1282
f 8260/3258/260 8262/3260/260 8261/3261/260 8259/3259/260
f 8262/3260/260 8264/3262/260 8263/888/260 8261/3261/260
f 8264/3262/260 8266/3263/260 8265/3264/260 8263/888/260
f 8266/3263/260 8268/3265/260 8267/3266/260 8265/3264/260
f 8268/3265/260 8270/3267/260 8269/3268/260 8267/3266/260
f 8270/3267/260 8272/3269/260 8271/3270/260 8269/3268/260
f 8272/3269/260 8274/3271/260 8273/3272/260 8271/3270/260
f 8274/3271/260 8276/3273/260 8275/3274/260 8273/3272/260
f 8276/3273/260 8278/3275/260 8277/915/260 8275/3274/260
f 8278/3275/260 8280/3276/260 8279/3277/260 8277/915/260
f 8280/3276/260 8282/3278/1283 8281/3279/1283 8279/3277/260
f 8282/3278/1283 8284/3280/1284 8283/3281/1284 8281/3279/1283
f 8284/3280/1284 8286/3282/1285 8285/3283/1285 8283/3281/1284
f 8286/3282/1285 8288/2109/1286 8287/2110/1286 8285/3283/1285
f 8288/2109/1286 8290/3284/1287 8289/3285/1287 8287/2110/1286
f 8290/3284/1287 8292/3286/1288 8291/934/1288 8289/3285/1287
f 8292/3286/1288 8294/3287/1289 8293/3288/1289 8291/934/1288
f 8294/3287/1289 8296/3289/1290 8295/3290/1290 8293/3288/1289
f 8296/3289/1290 8298/3291/1291 8297/3292/1291 8295/3290/1290
f 8298/3291/1291 8300/3293/1292 8299/3294/1292 8297/3292/1291
f 8300/3293/1292 8302/3295/1293 8301/3296/1293 8299/3294/1292
f 8302/3295/1293 8304/3297/1294 8303/3298/1294 8301/3296/1293
f 8304/3297/1294 8306/3299/1295 8305/927/1295 8303/3298/1294
f 8306/3299/1295 8308/3300/1296 8307/3301/1296 8305/927/1295
f 8308/3300/1296 8310/3302/1297 8309/3303/1297 8307/3301/1296
f 8310/3302/1297 8312/3304/1298 8311/3305/1298 8309/3303/1297
f 8312/3304/1298 8314/3306/1299 8313/3307/1299 8311/3305/1298
f 8314/3306/1299 8316/3308/1300 8315/3309/1300 8313/3307/1299
f 8316/3308/1300 8318/3310/1301 8317/3311/1301 8315/3309/1300
f 8318/3310/1301 8320/3312/1302 8319/909/1302 8317/3311/1301
f 8320/3312/1302 8322/3313/1303 8321/3314/1303 8319/909/1302
f 8322/3313/1303 8324/3315/1304 8323/3316/1304 8321/3314/1303
f 8324/3315/1304 8326/3317/1305 8325/3318/1305 8323/3316/1304
f 8326/3317/1305 8328/3319/1306 8327/3320/1306 8325/3318/1305
f 8328/3319/1306 8330/3321/1307 8329/3322/1307 8327/3320/1306
f 8330/3321/1307 8332/3323/1308 8331/3324/1308 8329/3322/1307
f 8332/3323/1308 8012/1728/1161 8011/27/1161 8331/3324/1308
f 8334/1652/1035 8336/2137/1035 8335/2138/1035 8333/29/1035
f 8336/2137/1035 8338/2139/1035 8337/2140/1035 8335/2138/1035
f 8338/2139/1035 8340/2141/1035 8339/2142/1035 8337/2140/1035
f 8340/2141/1035 8342/2143/1035 8341/2144/1035 8339/2142/1035
f 8342/2143/1035 8344/2145/1035 8343/2146/1035 8341/2144/1035
f 8344/2145/1035 8346/2147/1035 8345/2148/1035 8343/2146/1035
f 8346/2147/1035 8348/2149/1035 8347/2150/1035 8345/2148/1035
f 8348/2149/1035 8350/2151/1035 8349/2152/1035 8347/2150/1035
f 8350/2151/1035 8352/2153/1035 8351/2154/1035 8349/2152/1035
f 8352/2153/1035 8354/2155/1035 8353/2156/1035 8351/2154/1035
f 8354/2155/1035 8356/2157/1036 8355/2158/1036 8353/2156/1035
f 8356/2157/1036 8358/2159/1037 8357/2160/1037 8355/2158/1036
f 8358/2159/1037 8360/2161/1038 8359/2162/1038 8357/2160/1037
f 8360/2161/1038 8362/2163/1039 8361/2164/1039 8359/2162/1038
f 8362/2163/1039 8364/2165/1040 8363/2166/1040 8361/2164/1039
f 8364/2165/1040 8366/2167/1041 8365/2168/1041 8363/2166/1040
f 8366/2167/1041 8368/2169/1042 8367/2170/1042 8365/2168/1041
f 8368/2169/1042 8370/2171/1043 8369/2172/1043 8367/2170/1042
f 8370/2171/1043 8372/2173/1044 8371/2174/1044 8369/2172/1043
f 8372/2173/1044 8374/2175/1045 8373/2176/1045 8371/2174/1044
f 8374/2175/1045 8376/2177/1046 8375/2178/1046 8373/2176/1045
f 8376/2177/1046 8378/2179/1047 8377/2180/1047 8375/2178/1046
f 8378/2179/1047 8380/2181/1048 8379/2182/1048 8377/2180/1047
f 8380/2181/1048 8382/2183/1049 8381/2184/1049 8379/2182/1048
f 8382/2183/1049 8384/2185/1050 8383/2186/1050 8381/2184/1049
f 8384/2185/1050 8386/2187/1051 8385/2188/1051 8383/2186/1050
f 8386/2187/1051 8388/2189/1052 8387/2190/1052 8385/2188/1051
f 8388/2189/1052 8390/2191/1053 8389/2192/1053 8387/2190/1052
f 8390/2191/1053 8392/2193/1054 8391/2194/1054 8389/2192/1053
f 8392/2193/1054 8394/2195/1055 8393/2196/1055 8391/2194/1054
f 8394/2195/1055 8396/2197/1056 8395/2198/1056 8393/2196/1055
f 8396/2197/1056 8398/2199/1057 8397/2200/1057 8395/2198/1056
f 8398/2199/1057 8400/2201/1058 8399/2202/1058 8397/2200/1057
f 8400/2201/1058 8402/2203/1059 8401/2204/1059 8399/2202/1058
f 8402/2203/1059 8404/2205/1060 8403/2206/1060 8401/2204/1059
f 8404/2205/1060 8406/2207/1061 8405/2208/1061 8403/2206/1060
f 8406/2207/1061 8408/1690/1062 8407/528/1062 8405/2208/1061
f 8408/1690/1062 8410/2209/1062 8409/2210/1062 8407/528/1062
f 8410/2209/1062 8412/2211/1062 8411/2212/1062 8409/2210/1062
f 8412/2211/1062 8414/2213/1062 8413/2214/1062 8411/2212/1062
f 8414/2213/1062 8416/2215/1062 8415/2216/1062 8413/2214/1062
f 8416/2215/1062 8418/2217/1062 8417/2218/1062 8415/2216/1062
f 8418/2217/1062 8420/2219/1062 8419/2220/1062 8417/2218/1062
f 8420/2219/1062 8422/2221/1062 8421/2222/1062 8419/2220/1062
f 8422/2221/1062 8424/2223/1062 8423/2224/1062 8421/2222/1062
f 8424/2223/1062 8426/2225/1062 8425/2226/1062 8423/2224/1062
f 8426/2225/1062 8428/2227/1062 8427/2228/1062 8425/2226/1062
f 8428/2227/1062 8430/2229/1063 8429/2230/1063 8427/2228/1062
f 8430/2229/1063 8432/2231/1064 8431/2232/1064 8429/2230/1063
f 8432/2231/1064 8434/2233/1065 8433/2234/1065 8431/2232/1064
f 8434/2233/1065 8436/2235/1066 8435/2236/1066 8433/2234/1065
f 8436/2235/1066 8438/2237/1067 8437/2238/1067 8435/2236/1066
f 8438/2237/1067 8440/2239/1068 8439/2240/1068 8437/2238/1067
f 8440/2239/1068 8442/2241/1069 8441/2242/1069 8439/2240/1068
f 8442/2241/1069 8444/2243/1070 8443/2244/1070 8441/2242/1069
f 8444/2243/1070 8446/2245/1071 8445/2246/1071 8443/2244/1070
f 8446/2245/1071 8448/2247/1072 8447/2248/1072 8445/2246/1071
f 8448/2247/1072 8450/2249/1073 8449/2250/1073 8447/2248/1072
f 8450/2249/1073 8452/2251/1074 8451/2252/1074 8449/2250/1073
f 8452/2251/1074 8454/2253/1075 8453/2254/1075 8451/2252/1074
f 8454/2253/1075 8456/2255/1076 8455/2256/1076 8453/2254/1075
f 8456/2255/1076 8458/2257/1077 8457/2258/1077 8455/2256/1076
f 8458/2257/1077 8460/2259/1078 8459/2260/1078 8457/2258/1077
f 8460/2259/1078 8462/2261/1079 8461/2262/1079 8459/2260/1078
f 8462/2261/1079 8464/2263/1080 8463/2264/1080 8461/2262/1079
f 8464/2263/1080 8466/2265/1081 8465/2266/1081 8463/2264/1080
f 8466/2265/1081 8468/2267/1082 8467/2268/1082 8465/2266/1081
f 8468/2267/1082 8470/2269/1083 8469/2270/1083 8467/2268/1082
f 8470/2269/1083 8472/2271/1084 8471/2272/1084 8469/2270/1083
f 8472/2271/1084 8474/2273/1085 8473/2274/1085 8471/2272/1084
f 8474/2273/1085 8476/2275/1086 8475/2276/1086 8473/2274/1085
f 8476/2275/1086 8478/2277/1087 8477/2278/1087 8475/2276/1086
f 8478/2277/1087 8480/2279/1088 8479/2280/1088 8477/2278/1087
f 8480/2279/1088 8334/1728/1035 8333/27/1035 8479/2280/1088
f 8482/1652/1309 8484/1653/1310 8483/1654/1310 8481/29/1309
f 8484/1653/1310 8486/1655/1311 8485/1656/1311 8483/1654/1310
f 8486/1655/1311 8488/1657/1312 8487/414/1312 8485/1656/1311
f 8488/1657/1312 8490/1658/1313 8489/1659/1313 8487/414/1312
f 8490/1658/1313 8492/1660/1314 8491/1661/1314 8489/1659/1313
f 8492/1660/1314 8494/1662/1315 8493/425/1315 8491/1661/1314
f 8494/1662/1315 8496/1663/1316 8495/1664/1316 8493/425/1315
f 8496/1663/1316 8498/1665/1317 8497/1492/1317 8495/1664/1316
f 8498/1665/1317 8500/1666/1318 8499/378/1318 8497/1492/1317
f 8500/1666/1318 8502/1667/1319 8501/1668/1319 8499/378/1318
f 8502/1667/1319 8504/1669/1320 8503/1670/1320 8501/1668/1319
f 8504/1669/1320 8506/1671/1321 8505/480/1321 8503/1670/1320
f 8506/1671/1321 8508/1672/1322 8507/1673/1322 8505/480/1321
f 8508/1672/1322 8510/1674/1323 8509/1675/1323 8507/1673/1322
f 8510/1674/1323 8512/1676/1324 8511/466/1324 8509/1675/1323
f 8512/1676/1324 8514/1677/1325 8513/294/1325 8511/466/1324
f 8514/1677/1325 8516/1678/1326 8515/1679/1326 8513/294/1325
f 8516/1678/1326 8518/1680/1327 8517/465/1327 8515/1679/1326
f 8518/1680/1327 8520/1681/1274 8519/1682/1274 8517/465/1327
f 8520/1681/1274 8522/1683/1328 8521/1684/1328 8519/1682/1274
f 8522/1683/1328 8524/1685/1329 8523/510/1329 8521/1684/1328
f 8524/1685/1329 8526/1686/1330 8525/1687/1330 8523/510/1329
f 8526/1686/1330 8528/1688/1331 8527/1689/1331 8525/1687/1330
f 8528/1688/1331 8530/1690/1332 8529/528/1332 8527/1689/1331
f 8530/1690/1332 8532/1691/1333 8531/1692/1333 8529/528/1332
f 8532/1691/1333 8534/1693/1334 8533/1694/1334 8531/1692/1333
f 8534/1693/1334 8536/1695/1335 8535/552/1335 8533/1694/1334
f 8536/1695/1335 8538/1696/1336 8537/1697/1336 8535/552/1335
f 8538/1696/1336 8540/1698/1337 8539/1699/1337 8537/1697/1336
f 8540/1698/1337 8542/1700/1338 8541/586/1338 8539/1699/1337
f 8542/1700/1338 8544/1701/1339 8543/1702/1339 8541/586/1338
f 8544/1701/1339 8546/1703/1340 8545/238/1340 8543/1702/1339
f 8546/1703/1340 8548/1704/1341 8547/581/1341 8545/238/1340
f 8548/1704/1341 8550/1705/1342 8549/1706/1342 8547/581/1341
f 8550/1705/1342 8552/1707/1343 8551/1708/1343 8549/1706/1342
f 8552/1707/1343 8554/1709/1344 8553/623/1344 8551/1708/1343
f 8554/1709/1344 8556/1710/1345 8555/1711/1345 8553/623/1344
f 8556/1710/1345 8558/1712/1346 8557/1713/1346 8555/1711/1345
f 8558/1712/1346 8560/1714/1347 8559/608/1347 8557/1713/1346
f 8560/1714/1347 8562/1715/1348 8561/1565/1348 8559/608/1347
f 8562/1715/1348 8564/1716/1349 8563/1717/1349 8561/1565/1348
f 8564/1716/1349 8566/1718/1350 8565/548/1350 8563/1717/1349
f 8566/1718/1350 8568/1719/1351 8567/1720/1351 8565/548/1350
f 8568/1719/1351 8570/1721/1352 8569/1722/1352 8567/1720/1351
f 8570/1721/1352 8572/1723/1353 8571/422/1353 8569/1722/1352
f 8572/1723/1353 8574/1724/1354 8573/1725/1354 8571/422/1353
f 8574/1724/1354 8576/1726/1355 8575/1727/1355 8573/1725/1354
f 8576/1726/1355 8482/1728/1309 8481/27/1309 8575/1727/1355
f 8578/1652/1356 8580/1653/1357 8579/1654/1357 8577/29/1356
f 8580/1653/1357 8582/1655/1358 8581/1656/1358 8579/1654/1357
f 8582/1655/1358 8584/1657/47 8583/414/47 8581/1656/1358
f 8584/1657/47 8586/1658/1359 8585/1659/1359 8583/414/47
f 8586/1658/1359 8588/1660/56 8587/1661/56 8585/1659/1359
f 8588/1660/56 8590/1662/1360 8589/425/1360 8587/1661/56
f 8590/1662/1360 8592/1663/1361 8591/1664/1361 8589/425/1360
f 8592/1663/1361 8594/1665/1362 8593/1492/1362 8591/1664/1361
f 8594/1665/1362 8596/1666/1363 8595/378/1363 8593/1492/1362
f 8596/1666/1363 8598/1667/1364 8597/1668/1364 8595/378/1363
f 8598/1667/1364 8600/1669/1365 8599/1670/1365 8597/1668/1364
f 8600/1669/1365 8602/1671/1366 8601/480/1366 8599/1670/1365
f 8602/1671/1366 8604/1672/1367 8603/1673/1367 8601/480/1366
f 8604/1672/1367 8606/1674/1368 8605/1675/1368 8603/1673/1367
f 8606/1674/1368 8608/1676/1369 8607/466/1369 8605/1675/1368
f 8608/1676/1369 8610/1677/1370 8609/294/1370 8607/466/1369
f 8610/1677/1370 8612/1678/1371 8611/1679/1371 8609/294/1370
f 8612/1678/1371 8614/1680/1372 8613/465/1372 8611/1679/1371
f 8614/1680/1372 8616/1681/1373 8615/1682/1373 8613/465/1372
f 8616/1681/1373 8618/1683/1374 8617/1684/1374 8615/1682/1373
f 8618/1683/1374 8620/1685/1375 8619/510/1375 8617/1684/1374
f 8620/1685/1375 8622/1686/1376 8621/1687/1376 8619/510/1375
f 8622/1686/1376 8624/1688/1377 8623/1689/1377 8621/1687/1376
f 8624/1688/1377 8626/1690/1378 8625/528/1378 8623/1689/1377
f 8626/1690/1378 8628/1691/1379 8627/1692/1379 8625/528/1378
f 8628/1691/1379 8630/1693/1380 8629/1694/1380 8627/1692/1379
f 8630/1693/1380 8632/1695/1381 8631/552/1381 8629/1694/1380
f 8632/1695/1381 8634/1696/1382 8633/1697/1382 8631/552/1381
f 8634/1696/1382 8636/1698/1383 8635/1699/1383 8633/1697/1382
f 8636/1698/1383 8638/1700/1384 8637/586/1384 8635/1699/1383
f 8638/1700/1384 8640/1701/1385 8639/1702/1385 8637/586/1384
f 8640/1701/1385 8642/1703/1386 8641/238/1386 8639/1702/1385
f 8642/1703/1386 8644/1704/1387 8643/581/1387 8641/238/1386
f 8644/1704/1387 8646/1705/1388 8645/1706/1388 8643/581/1387
f 8646/1705/1388 8648/1707/1389 8647/1708/1389 8645/1706/1388
f 8648/1707/1389 8650/1709/1390 8649/623/1390 8647/1708/1389
f 8650/1709/1390 8652/1710/1391 8651/1711/1391 8649/623/1390
f 8652/1710/1391 8654/1712/1392 8653/1713/1392 8651/1711/1391
f 8654/1712/1392 8656/1714/1393 8655/608/1393 8653/1713/1392
f 8656/1714/1393 8658/1715/1394 8657/1565/1394 8655/608/1393
f 8658/1715/1394 8660/1716/1395 8659/1717/1395 8657/1565/1394
f 8660/1716/1395 8662/1718/1396 8661/548/1396 8659/1717/1395
f 8662/1718/1396 8664/1719/1397 8663/1720/1397 8661/548/1396
f 8664/1719/1397 8666/1721/1398 8665/1722/1398 8663/1720/1397
f 8666/1721/1398 8668/1723/1399 8667/422/1399 8665/1722/1398
f 8668/1723/1399 8670/1724/1400 8669/1725/1400 8667/422/1399
f 8670/1724/1400 8672/1726/1401 8671/1727/1401 8669/1725/1400
f 8672/1726/1401 8578/1728/1356 8577/27/1356 8671/1727/1401
f 8674/1652/1402 8676/2565/1403 8675/2566/1403 8673/29/1402
f 8676/2565/1403 8678/2567/1404 8677/1026/1404 8675/2566/1403
f 8678/2567/1404 8680/2568/1405 8679/2569/1405 8677/1026/1404
f 8680/2568/1405 8682/2570/1406 8681/1037/1406 8679/2569/1405
f 8682/2570/1406 8684/2571/1027 8683/2572/1027 8681/1037/1406
f 8684/2571/1027 8686/2573/1407 8685/1050/1407 8683/2572/1027
f 8686/2573/1407 8688/2574/1408 8687/2575/1408 8685/1050/1407
f 8688/2574/1408 8690/2576/1409 8689/1128/1409 8687/2575/1408
f 8690/2576/1409 8692/2577/1410 8691/2578/1410 8689/1128/1409
f 8692/2577/1410 8694/2579/89 8693/1208/89 8691/2578/1410
f 8694/2579/89 8696/2580/1411 8695/2581/1411 8693/1208/89
f 8696/2580/1411 8698/2582/1412 8697/1179/1412 8695/2581/1411
f 8698/2582/1412 8700/1690/1413 8699/528/1413 8697/1179/1412
f 8700/1690/1413 8702/2583/1414 8701/1166/1414 8699/528/1413
f 8702/2583/1414 8704/2584/1415 8703/2585/1415 8701/1166/1414
f 8704/2584/1415 8706/2586/1416 8705/1132/1416 8703/2585/1415
f 8706/2586/1416 8708/2587/1417 8707/2588/1417 8705/1132/1416
f 8708/2587/1417 8710/2589/1418 8709/1127/1418 8707/2588/1417
f 8710/2589/1418 8712/2590/1419 8711/2591/1419 8709/1127/1418
f 8712/2590/1419 8714/2592/1420 8713/1165/1420 8711/2591/1419
f 8714/2592/1420 8716/2593/599 8715/2594/599 8713/1165/1420
f 8716/2593/599 8718/2595/1421 8717/1062/1421 8715/2594/599
f 8718/2595/1421 8720/2596/1422 8719/2597/1422 8717/1062/1421
f 8720/2596/1422 8722/2598/1423 8721/1075/1423 8719/2597/1422
f 8722/2598/1423 8724/2599/1424 8723/2600/1424 8721/1075/1423
f 8724/2599/1424 8674/1728/1402 8673/27/1402 8723/2600/1424
f 8726/1652/1425 8728/2565/529 8727/2566/529 8725/29/1425
f 8728/2565/529 8730/2567/1426 8729/1026/1426 8727/2566/529
f 8730/2567/1426 8732/2568/1427 8731/2569/1427 8729/1026/1426
f 8732/2568/1427 8734/2570/1428 8733/1037/1428 8731/2569/1427
f 8734/2570/1428 8736/2571/1429 8735/2572/1429 8733/1037/1428
f 8736/2571/1429 8738/2573/1430 8737/1050/1430 8735/2572/1429
f 8738/2573/1430 8740/2574/1431 8739/2575/1431 8737/1050/1430
f 8740/2574/1431 8742/2576/1432 8741/1128/1432 8739/2575/1431
f 8742/2576/1432 8744/2577/1433 8743/2578/1433 8741/1128/1432
f 8744/2577/1433 8746/2579/1434 8745/1208/1434 8743/2578/1433
f 8746/2579/1434 8748/2580/1435 8747/2581/1435 8745/1208/1434
f 8748/2580/1435 8750/2582/1436 8749/1179/1436 8747/2581/1435
f 8750/2582/1436 8752/1690/1437 8751/528/1437 8749/1179/1436
f 8752/1690/1437 8754/2583/1438 8753/1166/1438 8751/528/1437
f 8754/2583/1438 8756/2584/1439 8755/2585/1439 8753/1166/1438
f 8756/2584/1439 8758/2586/1440 8757/1132/1440 8755/2585/1439
f 8758/2586/1440 8760/2587/1441 8759/2588/1441 8757/1132/1440
f 8760/2587/1441 8762/2589/1442 8761/1127/1442 8759/2588/1441
f 8762/2589/1442 8764/2590/1443 8763/2591/1443 8761/1127/1442
f 8764/2590/1443 8766/2592/1444 8765/1165/1444 8763/2591/1443
f 8766/2592/1444 8768/2593/1445 8767/2594/1445 8765/1165/1444
f 8768/2593/1445 8770/2595/1446 8769/1062/1446 8767/2594/1445
f 8770/2595/1446 8772/2596/1447 8771/2597/1447 8769/1062/1446
f 8772/2596/1447 8774/2598/1448 8773/1075/1448 8771/2597/1447
f 8774/2598/1448 8776/2599/1449 8775/2600/1449 8773/1075/1448
f 8776/2599/1449 8726/1728/1425 8725/27/1425 8775/2600/1449
f 8778/1652/9 8780/3325/1450 8779/3326/1450 8777/29/9
f 8780/3325/1450 8782/3327/263 8781/3328/263 8779/3326/1450
f 8782/3327/263 8784/2601/1451 8783/2602/1451 8781/3328/263
f 8784/2601/1451 8786/3329/1452 8785/3330/1452 8783/2602/1451
f 8786/3329/1452 8788/3331/1453 8787/3332/1453 8785/3330/1452
f 8788/3331/1453 8790/2565/1454 8789/2566/1454 8787/3332/1453
f 8790/2565/1454 8792/3333/1455 8791/3334/1455 8789/2566/1454
f 8792/3333/1455 8794/3335/1456 8793/3336/1456 8791/3334/1455
f 8794/3335/1456 8796/2603/1457 8795/2604/1457 8793/3336/1456
f 8796/2603/1457 8798/3337/1458 8797/3338/1458 8795/2604/1457
f 8798/3337/1458 8800/3339/1459 8799/3340/1459 8797/3338/1458
f 8800/3339/1459 8802/2567/1460 8801/1026/1460 8799/3340/1459
f 8802/2567/1460 8804/1658/1461 8803/1659/1461 8801/1026/1460
f 8804/1658/1461 8806/3341/1462 8805/3342/1462 8803/1659/1461
f 8806/3341/1462 8808/2605/1463 8807/2606/1463 8805/3342/1462
f 8808/2605/1463 8810/3343/1464 8809/3344/1464 8807/2606/1463
f 8810/3343/1464 8812/3345/1465 8811/3346/1465 8809/3344/1464
f 8812/3345/1465 8814/2568/1466 8813/2569/1466 8811/3346/1465
f 8814/2568/1466 8816/3347/1467 8815/3348/1467 8813/2569/1466
f 8816/3347/1467 8818/3349/1300 8817/3350/1300 8815/3348/1467
f 8818/3349/1300 8820/2607/1468 8819/2608/1468 8817/3350/1300
f 8820/2607/1468 8822/3351/1469 8821/3352/1469 8819/2608/1468
f 8822/3351/1469 8824/3353/1470 8823/3354/1470 8821/3352/1469
f 8824/3353/1470 8826/2570/1471 8825/1037/1471 8823/3354/1470
f 8826/2570/1471 8828/3355/1472 8827/3356/1472 8825/1037/1471
f 8828/3355/1472 8830/1665/1473 8829/1492/1473 8827/3356/1472
f 8830/1665/1473 8832/2609/579 8831/2610/579 8829/1492/1473
f 8832/2609/579 8834/3357/1474 8833/3358/1474 8831/2610/579
f 8834/3357/1474 8836/3359/1475 8835/3360/1475 8833/3358/1474
f 8836/3359/1475 8838/2571/1476 8837/2572/1476 8835/3360/1475
f 8838/2571/1476 8840/3361/1477 8839/3362/1477 8837/2572/1476
f 8840/3361/1477 8842/3363/1478 8841/3364/1478 8839/3362/1477
f 8842/3363/1478 8844/2611/1479 8843/2612/1479 8841/3364/1478
f 8844/2611/1479 8846/3365/1480 8845/3366/1480 8843/2612/1479
f 8846/3365/1480 8848/3367/1481 8847/3368/1481 8845/3366/1480
f 8848/3367/1481 8850/2573/1482 8849/1050/1482 8847/3368/1481
f 8850/2573/1482 8852/3369/1483 8851/3370/1483 8849/1050/1482
f 8852/3369/1483 8854/3371/1484 8853/3372/1484 8851/3370/1483
f 8854/3371/1484 8856/1671/1485 8855/480/1485 8853/3372/1484
f 8856/1671/1485 8858/3373/1486 8857/3374/1486 8855/480/1485
f 8858/3373/1486 8860/3375/1487 8859/3376/1487 8857/3374/1486
f 8860/3375/1487 8862/2574/1488 8861/2575/1488 8859/3376/1487
f 8862/2574/1488 8864/3377/1489 8863/3378/1489 8861/2575/1488
f 8864/3377/1489 8866/3379/1490 8865/3380/1490 8863/3378/1489
f 8866/3379/1490 8868/2613/1491 8867/2614/1491 8865/3380/1490
f 8868/2613/1491 8870/3381/1492 8869/3382/1492 8867/2614/1491
f 8870/3381/1492 8872/3383/1493 8871/3384/1493 8869/3382/1492
f 8872/3383/1493 8874/2576/1494 8873/1128/1494 8871/3384/1493
f 8874/2576/1494 8876/3385/1495 8875/3386/1495 8873/1128/1494
f 8876/3385/1495 8878/3387/1496 8877/3388/1496 8875/3386/1495
f 8878/3387/1496 8880/2615/1497 8879/2616/1497 8877/3388/1496
f 8880/2615/1497 8882/1677/27 8881/294/27 8879/2616/1497
f 8882/1677/27 8884/3389/1498 8883/3390/1498 8881/294/27
f 8884/3389/1498 8886/2577/578 8885/2578/578 8883/3390/1498
f 8886/2577/578 8888/3391/62 8887/3392/62 8885/2578/578
f 8888/3391/62 8890/3393/62 8889/3394/62 8887/3392/62
f 8890/3393/62 8892/2617/62 8891/2618/62 8889/3394/62
f 8892/2617/62 8894/3395/62 8893/3396/62 8891/2618/62
f 8894/3395/62 8896/3397/62 8895/3398/62 8893/3396/62
f 8896/3397/62 8898/2579/62 8897/1208/62 8895/3398/62
f 8898/2579/62 8900/3399/62 8899/3400/62 8897/1208/62
f 8900/3399/62 8902/3401/62 8901/3402/62 8899/3400/62
f 8902/3401/62 8904/2619/62 8903/2620/62 8901/3402/62
f 8904/2619/62 8906/3403/62 8905/3404/62 8903/2620/62
f 8906/3403/62 8908/1683/62 8907/1684/62 8905/3404/62
f 8908/1683/62 8910/2580/62 8909/2581/62 8907/1684/62
f 8910/2580/62 8912/3405/855 8911/3406/855 8909/2581/62
f 8912/3405/855 8914/3407/1499 8913/3408/1499 8911/3406/855
f 8914/3407/1499 8916/2621/1500 8915/2622/1500 8913/3408/1499
f 8916/2621/1500 8918/3409/1501 8917/3410/1501 8915/2622/1500
f 8918/3409/1501 8920/3411/1502 8919/3412/1502 8917/3410/1501
f 8920/3411/1502 8922/2582/1503 8921/1179/1503 8919/3412/1502
f 8922/2582/1503 8924/3413/1504 8923/3414/1504 8921/1179/1503
f 8924/3413/1504 8926/3415/1505 8925/3416/1505 8923/3414/1504
f 8926/3415/1505 8928/2623/1506 8927/2624/1506 8925/3416/1505
f 8928/2623/1506 8930/3417/1507 8929/3418/1507 8927/2624/1506
f 8930/3417/1507 8932/3419/1508 8931/3420/1508 8929/3418/1507
f 8932/3419/1508 8934/1690/1509 8933/528/1509 8931/3420/1508
f 8934/1690/1509 8936/3421/1510 8935/3422/1510 8933/528/1509
f 8936/3421/1510 8938/3423/1511 8937/3424/1511 8935/3422/1510
f 8938/3423/1511 8940/2625/1512 8939/2626/1512 8937/3424/1511
f 8940/2625/1512 8942/3425/1513 8941/3426/1513 8939/2626/1512
f 8942/3425/1513 8944/3427/1514 8943/3428/1514 8941/3426/1513
f 8944/3427/1514 8946/2583/1515 8945/1166/1515 8943/3428/1514
f 8946/2583/1515 8948/3429/1516 8947/3430/1516 8945/1166/1515
f 8948/3429/1516 8950/3431/1517 8949/3432/1517 8947/3430/1516
f 8950/3431/1517 8952/2627/1518 8951/2628/1518 8949/3432/1517
f 8952/2627/1518 8954/3433/1519 8953/3434/1519 8951/2628/1518
f 8954/3433/1519 8956/3435/1520 8955/3436/1520 8953/3434/1519
f 8956/3435/1520 8958/2584/1521 8957/2585/1521 8955/3436/1520
f 8958/2584/1521 8960/1696/1522 8959/1697/1522 8957/2585/1521
f 8960/1696/1522 8962/3437/1523 8961/3438/1523 8959/1697/1522
f 8962/3437/1523 8964/2629/1524 8963/2630/1524 8961/3438/1523
f 8964/2629/1524 8966/3439/1525 8965/3440/1525 8963/2630/1524
f 8966/3439/1525 8968/3441/1526 8967/3442/1526 8965/3440/1525
f 8968/3441/1526 8970/2586/1527 8969/1132/1527 8967/3442/1526
f 8970/2586/1527 8972/3443/1528 8971/3444/1528 8969/1132/1527
f 8972/3443/1528 8974/3445/1529 8973/3446/1529 8971/3444/1528
f 8974/3445/1529 8976/2631/1530 8975/2632/1530 8973/3446/1529
f 8976/2631/1530 8978/3447/1531 8977/3448/1531 8975/2632/1530
f 8978/3447/1531 8980/3449/1532 8979/3450/1532 8977/3448/1531
f 8980/3449/1532 8982/2587/1533 8981/2588/1533 8979/3450/1532
f 8982/2587/1533 8984/3451/1534 8983/3452/1534 8981/2588/1533
f 8984/3451/1534 8986/1703/1535 8985/238/1535 8983/3452/1534
f 8986/1703/1535 8988/2633/1536 8987/2634/1536 8985/238/1535
f 8988/2633/1536 8990/3453/1537 8989/3454/1537 8987/2634/1536
f 8990/3453/1537 8992/3455/1538 8991/3456/1538 8989/3454/1537
f 8992/3455/1538 8994/2589/1539 8993/1127/1539 8991/3456/1538
f 8994/2589/1539 8996/3457/1540 8995/3458/1540 8993/1127/1539
f 8996/3457/1540 8998/3459/1541 8997/3460/1541 8995/3458/1540
f 8998/3459/1541 9000/2635/1542 8999/2636/1542 8997/3460/1541
f 9000/2635/1542 9002/3461/1543 9001/3462/1543 8999/2636/1542
f 9002/3461/1543 9004/3463/1544 9003/3464/1544 9001/3462/1543
f 9004/3463/1544 9006/2590/1545 9005/2591/1545 9003/3464/1544
f 9006/2590/1545 9008/3465/1546 9007/3466/1546 9005/2591/1545
f 9008/3465/1546 9010/3467/1547 9009/3468/1547 9007/3466/1546
f 9010/3467/1547 9012/1709/260 9011/623/260 9009/3468/1547
f 9012/1709/260 9014/3469/260 9013/3470/260 9011/623/260
f 9014/3469/260 9016/3471/260 9015/3472/260 9013/3470/260
f 9016/3471/260 9018/2592/260 9017/1165/260 9015/3472/260
f 9018/2592/260 9020/3473/260 9019/3474/260 9017/1165/260
f 9020/3473/260 9022/3475/260 9021/3476/260 9019/3474/260
f 9022/3475/260 9024/2637/260 9023/2638/260 9021/3476/260
f 9024/2637/260 9026/3477/260 9025/3478/260 9023/2638/260
f 9026/3477/260 9028/3479/260 9027/3480/260 9025/3478/260
f 9028/3479/260 9030/2593/260 9029/2594/260 9027/3480/260
f 9030/2593/260 9032/3481/260 9031/3482/260 9029/2594/260
f 9032/3481/260 9034/3483/260 9033/3484/260 9031/3482/260
f 9034/3483/260 9036/2639/80 9035/2640/80 9033/3484/260
f 9036/2639/80 9038/1715/1548 9037/1565/1548 9035/2640/80
f 9038/1715/1548 9040/3485/1549 9039/3486/1549 9037/1565/1548
f 9040/3485/1549 9042/2595/1550 9041/1062/1550 9039/3486/1549
f 9042/2595/1550 9044/3487/1551 9043/3488/1551 9041/1062/1550
f 9044/3487/1551 9046/3489/1552 9045/3490/1552 9043/3488/1551
f 9046/3489/1552 9048/2641/1553 9047/2642/1553 9045/3490/1552
f 9048/2641/1553 9050/3491/1554 9049/3492/1554 9047/2642/1553
f 9050/3491/1554 9052/3493/1555 9051/3494/1555 9049/3492/1554
f 9052/3493/1555 9054/2596/1556 9053/2597/1556 9051/3494/1555
f 9054/2596/1556 9056/3495/1557 9055/3496/1557 9053/2597/1556
f 9056/3495/1557 9058/3497/1558 9057/3498/1558 9055/3496/1557
f 9058/3497/1558 9060/2643/1559 9059/2644/1559 9057/3498/1558
f 9060/2643/1559 9062/3499/1560 9061/3500/1560 9059/2644/1559
f 9062/3499/1560 9064/1721/1561 9063/1722/1561 9061/3500/1560
f 9064/1721/1561 9066/2598/1562 9065/1075/1562 9063/1722/1561
f 9066/2598/1562 9068/3501/1563 9067/3502/1563 9065/1075/1562
f 9068/3501/1563 9070/3503/1564 9069/3504/1564 9067/3502/1563
f 9070/3503/1564 9072/2645/1565 9071/2646/1565 9069/3504/1564
f 9072/2645/1565 9074/3505/1566 9073/3506/1566 9071/2646/1565
f 9074/3505/1566 9076/3507/1567 9075/3508/1567 9073/3506/1566
f 9076/3507/1567 9078/2599/1568 9077/2600/1568 9075/3508/1567
f 9078/2599/1568 9080/3509/1569 9079/3510/1569 9077/2600/1568
f 9080/3509/1569 9082/3511/1570 9081/3512/1570 9079/3510/1569
f 9082/3511/1570 9084/2647/915 9083/2648/915 9081/3512/1570
f 9084/2647/915 9086/3513/1571 9085/3514/1571 9083/2648/915
f 9086/3513/1571 9088/3515/1572 9087/3516/1572 9085/3514/1571
f 9088/3515/1572 8778/1728/9 8777/27/9 9087/3516/1572
f 9090/1652/1035 9092/2137/1035 9091/2138/1035 9089/29/1035
f 9092/2137/1035 9094/2139/1035 9093/2140/1035 9091/2138/1035
f 9094/2139/1035 9096/2141/1035 9095/2142/1035 9093/2140/1035
f 9096/2141/1035 9098/2143/1035 9097/2144/1035 9095/2142/1035
f 9098/2143/1035 9100/2145/1035 9099/2146/1035 9097/2144/1035
f 9100/2145/1035 9102/2147/1035 9101/2148/1035 9099/2146/1035
f 9102/2147/1035 9104/2149/1035 9103/2150/1035 9101/2148/1035
f 9104/2149/1035 9106/2151/1035 9105/2152/1035 9103/2150/1035
f 9106/2151/1035 9108/2153/1035 9107/2154/1035 9105/2152/1035
f 9108/2153/1035 9110/2155/1035 9109/2156/1035 9107/2154/1035
f 9110/2155/1035 9112/2157/1036 9111/2158/1036 9109/2156/1035
f 9112/2157/1036 9114/2159/1037 9113/2160/1037 9111/2158/1036
f 9114/2159/1037 9116/2161/1038 9115/2162/1038 9113/2160/1037
f 9116/2161/1038 9118/2163/1039 9117/2164/1039 9115/2162/1038
f 9118/2163/1039 9120/2165/1040 9119/2166/1040 9117/2164/1039
f 9120/2165/1040 9122/2167/1041 9121/2168/1041 9119/2166/1040
f 9122/2167/1041 9124/2169/1042 9123/2170/1042 9121/2168/1041
f 9124/2169/1042 9126/2171/1043 9125/2172/1043 9123/2170/1042
f 9126/2171/1043 9128/2173/1044 9127/2174/1044 9125/2172/1043
f 9128/2173/1044 9130/2175/1045 9129/2176/1045 9127/2174/1044
f 9130/2175/1045 9132/2177/1046 9131/2178/1046 9129/2176/1045
f 9132/2177/1046 9134/2179/1047 9133/2180/1047 9131/2178/1046
f 9134/2179/1047 9136/2181/1048 9135/2182/1048 9133/2180/1047
f 9136/2181/1048 9138/2183/1049 9137/2184/1049 9135/2182/1048
f 9138/2183/1049 9140/2185/1050 9139/2186/1050 9137/2184/1049
f 9140/2185/1050 9142/2187/1051 9141/2188/1051 9139/2186/1050
f 9142/2187/1051 9144/2189/1052 9143/2190/1052 9141/2188/1051
f 9144/2189/1052 9146/2191/1053 9145/2192/1053 9143/2190/1052
f 9146/2191/1053 9148/2193/1054 9147/2194/1054 9145/2192/1053
f 9148/2193/1054 9150/2195/1055 9149/2196/1055 9147/2194/1054
f 9150/2195/1055 9152/2197/1056 9151/2198/1056 9149/2196/1055
f 9152/2197/1056 9154/2199/1057 9153/2200/1057 9151/2198/1056
f 9154/2199/1057 9156/2201/1058 9155/2202/1058 9153/2200/1057
f 9156/2201/1058 9158/2203/1059 9157/2204/1059 9155/2202/1058
f 9158/2203/1059 9160/2205/1060 9159/2206/1060 9157/2204/1059
f 9160/2205/1060 9162/2207/1061 9161/2208/1061 9159/2206/1060
f 9162/2207/1061 9164/1690/1062 9163/528/1062 9161/2208/1061
f 9164/1690/1062 9166/2209/1062 9165/2210/1062 9163/528/1062
f 9166/2209/1062 9168/2211/1062 9167/2212/1062 9165/2210/1062
f 9168/2211/1062 9170/2213/1062 9169/2214/1062 9167/2212/1062
f 9170/2213/1062 9172/2215/1062 9171/2216/1062 9169/2214/1062
f 9172/2215/1062 9174/2217/1062 9173/2218/1062 9171/2216/1062
f 9174/2217/1062 9176/2219/1062 9175/2220/1062 9173/2218/1062
f 9176/2219/1062 9178/2221/1062 9177/2222/1062 9175/2220/1062
f 9178/2221/1062 9180/2223/1062 9179/2224/1062 9177/2222/1062
f 9180/2223/1062 9182/2225/1062 9181/2226/1062 9179/2224/1062
f 9182/2225/1062 9184/2227/1062 9183/2228/1062 9181/2226/1062
f 9184/2227/1062 9186/2229/1063 9185/2230/1063 9183/2228/1062
f 9186/2229/1063 9188/2231/1064 9187/2232/1064 9185/2230/1063
f 9188/2231/1064 9190/2233/1065 9189/2234/1065 9187/2232/1064
f 9190/2233/1065 9192/2235/1066 9191/2236/1066 9189/2234/1065
f 9192/2235/1066 9194/2237/1067 9193/2238/1067 9191/2236/1066
f 9194/2237/1067 9196/2239/1068 9195/2240/1068 9193/2238/1067
f 9196/2239/1068 9198/2241/1069 9197/2242/1069 9195/2240/1068
f 9198/2241/1069 9200/2243/1070 9199/2244/1070 9197/2242/1069
f 9200/2243/1070 9202/2245/1071 9201/2246/1071 9199/2244/1070
f 9202/2245/1071 9204/2247/1072 9203/2248/1072 9201/2246/1071
f 9204/2247/1072 9206/2249/1073 9205/2250/1073 9203/2248/1072
f 9206/2249/1073 9208/2251/1074 9207/2252/1074 9205/2250/1073
f 9208/2251/1074 9210/2253/1075 9209/2254/1075 9207/2252/1074
f 9210/2253/1075 9212/2255/1076 9211/2256/1076 9209/2254/1075
f 9212/2255/1076 9214/2257/1077 9213/2258/1077 9211/2256/1076
f 9214/2257/1077 9216/2259/1078 9215/2260/1078 9213/2258/1077
f 9216/2259/1078 9218/2261/1079 9217/2262/1079 9215/2260/1078
f 9218/2261/1079 9220/2263/1080 9219/2264/1080 9217/2262/1079
f 9220/2263/1080 9222/2265/1081 9221/2266/1081 9219/2264/1080
f 9222/2265/1081 9224/2267/1082 9223/2268/1082 9221/2266/1081
f 9224/2267/1082 9226/2269/1083 9225/2270/1083 9223/2268/1082
f 9226/2269/1083 9228/2271/1084 9227/2272/1084 9225/2270/1083
f 9228/2271/1084 9230/2273/1085 9229/2274/1085 9227/2272/1084
f 9230/2273/1085 9232/2275/1086 9231/2276/1086 9229/2274/1085
f 9232/2275/1086 9234/2277/1087 9233/2278/1087 9231/2276/1086
f 9234/2277/1087 9236/2279/1088 9235/2280/1088 9233/2278/1087
f 9236/2279/1088 9090/1728/1035 9089/27/1035 9235/2280/1088
