# Blender 4.4.1
# www.blender.org
mtllib gameOverFont.mtl
o テキスト
v -4.779337 -0.472439 -0.009723
v -4.781991 -0.459561 -0.010530
v -4.786152 -0.447532 -0.011257
v -4.791723 -0.436447 -0.011898
v -4.798596 -0.426400 -0.012448
v -4.806653 -0.417481 -0.012905
v -4.815777 -0.409773 -0.013263
v -4.825842 -0.403355 -0.013520
v -4.836726 -0.398298 -0.013674
v -4.848303 -0.394668 -0.013722
v -4.860448 -0.392526 -0.013662
v -4.873046 -0.391930 -0.013493
v -4.885337 -0.392908 -0.013224
v -4.897181 -0.395423 -0.012861
v -4.908442 -0.399411 -0.012411
v -4.918993 -0.404804 -0.011879
v -4.928710 -0.411528 -0.011273
v -4.937471 -0.419507 -0.010600
v -4.945153 -0.428660 -0.009867
v -4.951637 -0.438902 -0.009082
v -4.956808 -0.450141 -0.008253
v -4.960556 -0.462283 -0.007387
v -4.962781 -0.475229 -0.006494
v -4.963388 -0.488888 -0.005581
v -4.962334 -0.502500 -0.004698
v -4.959684 -0.515316 -0.003894
v -4.955533 -0.527251 -0.003173
v -4.949982 -0.538215 -0.002540
v -4.943147 -0.548119 -0.001999
v -4.935149 -0.556881 -0.001552
v -4.926117 -0.564427 -0.001202
v -4.916179 -0.570689 -0.000953
v -4.905463 -0.575608 -0.000806
v -4.894100 -0.579128 -0.000761
v -4.882215 -0.581199 -0.000822
v -4.869941 -0.581772 -0.000987
v -4.857410 -0.580824 -0.001258
v -4.845374 -0.578399 -0.001618
v -4.833939 -0.574544 -0.002063
v -4.823229 -0.569309 -0.002587
v -4.813368 -0.562751 -0.003184
v -4.804481 -0.554933 -0.003849
v -4.796694 -0.545926 -0.004574
v -4.790130 -0.535811 -0.005352
v -4.784906 -0.524674 -0.006175
v -4.781128 -0.512611 -0.007036
v -4.778892 -0.499715 -0.007926
v -4.778282 -0.486075 -0.008838
v -5.042900 0.179671 -0.048482
v -5.040228 0.198209 -0.049753
v -5.035558 0.215546 -0.050977
v -5.028892 0.231565 -0.052147
v -5.020216 0.246172 -0.053258
v -5.009494 0.259286 -0.054303
v -4.996655 0.270828 -0.055279
v -4.981598 0.280703 -0.056182
v -4.964212 0.288777 -0.057005
v -4.944393 0.294891 -0.057738
v -4.922059 0.298858 -0.058371
v -4.897114 0.300492 -0.058893
v -4.879543 0.300050 -0.059156
v -4.862157 0.298184 -0.059321
v -4.844984 0.294899 -0.059388
v -4.827998 0.290195 -0.059359
v -4.811174 0.284067 -0.059233
v -4.794497 0.276509 -0.059010
v -4.777948 0.267514 -0.058689
v -4.761518 0.257074 -0.058271
v -4.745200 0.245184 -0.057756
v -4.728986 0.231840 -0.057142
v -4.712872 0.217040 -0.056431
v -4.689779 0.193604 -0.055264
v -4.607136 0.272418 -0.061848
v -4.634681 0.299366 -0.063173
v -4.655438 0.318071 -0.064066
v -4.676774 0.335519 -0.064866
v -4.698802 0.351593 -0.065564
v -4.721631 0.366172 -0.066150
v -4.745361 0.379133 -0.066613
v -4.770092 0.390349 -0.066945
v -4.795918 0.399697 -0.067134
v -4.822925 0.407054 -0.067173
v -4.851192 0.412304 -0.067051
v -4.880806 0.415337 -0.066760
v -4.911905 0.416050 -0.066291
v -4.951272 0.413538 -0.065472
v -4.988148 0.407299 -0.064447
v -5.022328 0.397444 -0.063228
v -5.053638 0.384080 -0.061825
v -5.081888 0.367321 -0.060248
v -5.106879 0.347299 -0.058508
v -5.128403 0.324162 -0.056621
v -5.146257 0.298086 -0.054600
v -5.160258 0.269264 -0.052461
v -5.170246 0.237895 -0.050221
v -5.176084 0.204172 -0.047893
v -5.177664 0.167986 -0.045473
v -5.171357 0.120252 -0.042421
v -5.155390 0.078038 -0.039893
v -5.132079 0.040792 -0.037817
v -5.103703 0.007427 -0.036081
v -5.072393 -0.023260 -0.034570
v -5.040185 -0.052452 -0.033174
v -5.009072 -0.081256 -0.031785
v -4.981023 -0.110695 -0.030303
v -4.957932 -0.141717 -0.028634
v -4.941512 -0.175301 -0.026686
v -4.933320 -0.212702 -0.024348
v -4.935592 -0.267238 -0.020703
v -4.810806 -0.265342 -0.022899
v -4.807131 -0.204384 -0.026992
v -4.815122 -0.157394 -0.029967
v -4.832193 -0.115687 -0.032443
v -4.856081 -0.078580 -0.034501
v -4.884564 -0.045173 -0.036238
v -4.915546 -0.014491 -0.037753
v -4.947005 0.014410 -0.039143
v -4.976936 0.042401 -0.040497
v -5.003348 0.070261 -0.041902
v -5.024320 0.098659 -0.043432
v -5.038161 0.128255 -0.045160
v -5.043554 0.160573 -0.047208
v -3.451925 -0.175212 -0.051409
v -3.455536 -0.209127 -0.049106
v -3.461575 -0.239417 -0.047002
v -3.469705 -0.266148 -0.045099
v -3.479586 -0.289387 -0.043398
v -3.490877 -0.309211 -0.041900
v -3.503235 -0.325702 -0.040604
v -3.516318 -0.338952 -0.039510
v -3.529785 -0.349065 -0.038618
v -3.543300 -0.356159 -0.037924
v -3.556542 -0.360372 -0.037426
v -3.569155 -0.361855 -0.037119
v -3.582149 -0.360508 -0.036992
v -3.595712 -0.355895 -0.037072
v -3.610036 -0.347626 -0.037381
v -3.625063 -0.335355 -0.037944
v -3.640665 -0.318827 -0.038778
v -3.656713 -0.297854 -0.039899
v -3.673102 -0.272279 -0.041319
v -3.689747 -0.241961 -0.043048
v -3.706583 -0.206759 -0.045097
v -3.723552 -0.166529 -0.047476
v -3.740609 -0.121129 -0.050196
v -3.757719 -0.070383 -0.053269
v -3.765960 -0.043880 -0.054885
v -3.773943 -0.016760 -0.056546
v -3.781635 0.010874 -0.058247
v -3.789017 0.038954 -0.059981
v -3.796071 0.067414 -0.061747
v -3.802776 0.096185 -0.063539
v -3.809113 0.125202 -0.065353
v -3.815064 0.154396 -0.067185
v -3.820610 0.183701 -0.069031
v -3.825731 0.213050 -0.070888
v -3.830409 0.242374 -0.072750
v -3.832675 0.258086 -0.073751
v -3.787263 0.250193 -0.073983
v -3.732899 0.233437 -0.073777
v -3.682693 0.210792 -0.073112
v -3.636834 0.182978 -0.072033
v -3.595521 0.150716 -0.070585
v -3.558961 0.114734 -0.068811
v -3.527367 0.075767 -0.066758
v -3.500949 0.034557 -0.064471
v -3.479918 -0.008143 -0.061995
v -3.464475 -0.051577 -0.059379
v -3.454810 -0.094982 -0.056668
v -3.451081 -0.137775 -0.053899
v -3.856364 -0.162813 -0.045518
v -3.834329 -0.220597 -0.042062
v -3.811407 -0.273017 -0.038975
v -3.787600 -0.320068 -0.036258
v -3.762897 -0.361741 -0.033911
v -3.737280 -0.398026 -0.031936
v -3.710716 -0.428901 -0.030335
v -3.683167 -0.454321 -0.029111
v -3.654596 -0.474208 -0.028269
v -3.625004 -0.488434 -0.027819
v -3.594470 -0.496852 -0.027769
v -3.563152 -0.499347 -0.028124
v -3.532938 -0.496027 -0.028845
v -3.503365 -0.487154 -0.029922
v -3.474891 -0.472989 -0.031332
v -3.447922 -0.453789 -0.033049
v -3.422837 -0.429792 -0.035053
v -3.400007 -0.401219 -0.037322
v -3.379797 -0.368276 -0.039836
v -3.362577 -0.331160 -0.042577
v -3.348720 -0.290061 -0.045525
v -3.338603 -0.245167 -0.048662
v -3.332605 -0.196664 -0.051970
v -3.331101 -0.144595 -0.055439
v -3.337379 -0.074921 -0.059944
v -3.353493 -0.007480 -0.064137
v -3.378760 0.056836 -0.067972
v -3.412510 0.117300 -0.071411
v -3.454079 0.173195 -0.074419
v -3.502807 0.223805 -0.076958
v -3.558042 0.268419 -0.078992
v -3.619133 0.306321 -0.080485
v -3.685430 0.336790 -0.081401
v -3.756280 0.359105 -0.081701
v -3.831022 0.372542 -0.081349
v -3.908961 0.376374 -0.080310
v -3.982673 0.370884 -0.078723
v -4.051439 0.357093 -0.076670
v -4.114980 0.335554 -0.074191
v -4.172983 0.306831 -0.071329
v -4.225132 0.271499 -0.068126
v -4.271121 0.230142 -0.064628
v -4.310642 0.183355 -0.060877
v -4.343406 0.131732 -0.056919
v -4.369124 0.075872 -0.052797
v -4.387520 0.016371 -0.048556
v -4.398321 -0.046177 -0.044240
v -4.401258 -0.111154 -0.039893
v -4.396457 -0.177429 -0.035589
v -4.384387 -0.239729 -0.031669
v -4.365196 -0.297882 -0.028141
v -4.339054 -0.351667 -0.025017
v -4.306148 -0.400858 -0.022309
v -4.266685 -0.445235 -0.020029
v -4.220890 -0.484593 -0.018185
v -4.168988 -0.518751 -0.016787
v -4.111200 -0.547542 -0.015842
v -4.047737 -0.570814 -0.015356
v -3.978795 -0.588422 -0.015335
v -3.898378 -0.601200 -0.015824
v -3.827808 -0.486290 -0.024596
v -3.854163 -0.484087 -0.024304
v -3.864201 -0.483143 -0.024200
v -3.874128 -0.482110 -0.024104
v -3.883912 -0.480995 -0.024015
v -3.893520 -0.479807 -0.023934
v -3.902922 -0.478555 -0.023861
v -3.912085 -0.477247 -0.023796
v -3.920976 -0.475891 -0.023738
v -3.929563 -0.474497 -0.023687
v -3.937814 -0.473073 -0.023645
v -3.945695 -0.471627 -0.023609
v -3.952956 -0.470212 -0.023583
v -3.993257 -0.459982 -0.023591
v -4.032819 -0.446288 -0.023840
v -4.071217 -0.429049 -0.024343
v -4.107899 -0.408220 -0.025112
v -4.142325 -0.383758 -0.026159
v -4.173965 -0.355616 -0.027495
v -4.202298 -0.323743 -0.029133
v -4.226813 -0.288071 -0.031086
v -4.247002 -0.248514 -0.033367
v -4.262349 -0.204969 -0.035993
v -4.272318 -0.157319 -0.038979
v -4.276361 -0.105415 -0.042345
v -4.274611 -0.059051 -0.045441
v -4.267894 -0.014356 -0.048509
v -4.256322 0.028270 -0.051520
v -4.240010 0.068473 -0.054450
v -4.219062 0.105905 -0.057274
v -4.193578 0.140223 -0.059967
v -4.163648 0.171085 -0.062505
v -4.129349 0.198151 -0.064864
v -4.090748 0.221069 -0.067020
v -4.047905 0.239480 -0.068949
v -4.000880 0.253010 -0.070624
v -3.959080 0.259764 -0.071765
v -3.955837 0.239464 -0.070476
v -3.950667 0.208881 -0.068539
v -3.945145 0.178023 -0.066589
v -3.939256 0.146964 -0.064633
v -3.932991 0.115781 -0.062674
v -3.926335 0.084547 -0.060719
v -3.919276 0.053339 -0.058771
v -3.911801 0.022230 -0.056838
v -3.903899 -0.008705 -0.054923
v -3.895556 -0.039390 -0.053032
v -3.886759 -0.069751 -0.051169
v -3.877489 -0.099733 -0.049340
v -2.439417 -0.323263 -0.058418
v -2.426995 -0.325095 -0.058503
v -2.415299 -0.328156 -0.058494
v -2.404437 -0.332339 -0.058398
v -2.394512 -0.337537 -0.058219
v -2.385630 -0.343635 -0.057963
v -2.377885 -0.350520 -0.057636
v -2.371367 -0.358075 -0.057244
v -2.366152 -0.366192 -0.056794
v -2.362303 -0.374776 -0.056290
v -2.359880 -0.383758 -0.055736
v -2.358956 -0.393032 -0.055138
v -2.360003 -0.405999 -0.054263
v -2.363459 -0.417980 -0.053413
v -2.369254 -0.429154 -0.052578
v -2.377379 -0.439568 -0.051754
v -2.387826 -0.449179 -0.050945
v -2.400545 -0.457886 -0.050158
v -2.415438 -0.465572 -0.049403
v -2.432379 -0.472125 -0.048688
v -2.451223 -0.477443 -0.048024
v -2.471818 -0.481440 -0.047418
v -2.494011 -0.484037 -0.046877
v -2.517779 -0.485171 -0.046408
v -2.526753 -0.485255 -0.046254
v -2.535754 -0.485234 -0.046106
v -2.544648 -0.485107 -0.045966
v -2.553434 -0.484873 -0.045836
v -2.562112 -0.484533 -0.045715
v -2.570682 -0.484087 -0.045602
v -2.579145 -0.483534 -0.045498
v -2.587500 -0.482875 -0.045403
v -2.595747 -0.482111 -0.045317
v -2.603886 -0.481241 -0.045239
v -2.611917 -0.480265 -0.045171
v -2.610042 -0.480521 -0.045185
v -2.608146 -0.466192 -0.046164
v -2.602919 -0.443794 -0.047732
v -2.595690 -0.422874 -0.049236
v -2.586545 -0.403575 -0.050664
v -2.575567 -0.386033 -0.052007
v -2.562835 -0.370374 -0.053254
v -2.548419 -0.356719 -0.054396
v -2.532372 -0.345181 -0.055425
v -2.514732 -0.335880 -0.056333
v -2.495523 -0.328943 -0.057111
v -2.474758 -0.324518 -0.057748
v -2.452415 -0.322766 -0.058235
v -2.310435 0.420013 -0.109721
v -2.339955 0.420145 -0.109240
v -2.376132 0.420504 -0.108664
v -2.417298 0.421066 -0.108018
v -2.461797 0.421809 -0.107329
v -2.507974 0.422708 -0.106622
v -2.554178 0.423740 -0.105923
v -2.598755 0.424880 -0.105259
v -2.640051 0.426105 -0.104655
v -2.676402 0.427391 -0.104137
v -2.706127 0.428710 -0.103731
v -2.727703 0.430046 -0.103461
v -2.736854 0.430568 -0.103344
v -2.745113 0.431145 -0.103245
v -2.752611 0.431774 -0.103162
v -2.759403 0.432450 -0.103094
v -2.765540 0.433166 -0.103040
v -2.771075 0.433917 -0.102997
v -2.776064 0.434697 -0.102966
v -2.780563 0.435499 -0.102945
v -2.784628 0.436320 -0.102931
v -2.788322 0.437154 -0.102925
v -2.791706 0.437999 -0.102925
v -2.801408 0.440640 -0.102939
v -2.869533 0.352059 -0.095949
v -2.854995 0.342006 -0.095526
v -2.848988 0.337908 -0.095354
v -2.842931 0.333806 -0.095183
v -2.836840 0.329693 -0.095012
v -2.830733 0.325557 -0.094840
v -2.824626 0.321391 -0.094666
v -2.818537 0.317185 -0.094489
v -2.812484 0.312930 -0.094308
v -2.806483 0.308618 -0.094122
v -2.800552 0.304241 -0.093931
v -2.794708 0.299790 -0.093734
v -2.788797 0.295121 -0.093523
v -2.770345 0.281256 -0.092912
v -2.748020 0.263972 -0.092139
v -2.722304 0.243706 -0.091225
v -2.693864 0.221032 -0.090197
v -2.663355 0.196516 -0.089082
v -2.631431 0.170725 -0.087906
v -2.598742 0.144221 -0.086695
v -2.565939 0.117569 -0.085477
v -2.533671 0.091330 -0.084277
v -2.502587 0.066067 -0.083121
v -2.473335 0.042341 -0.082037
v -2.486999 0.053379 -0.082541
v -2.452353 0.042654 -0.082406
v -2.467613 0.046781 -0.082426
v -2.482914 0.050361 -0.082409
v -2.498232 0.053419 -0.082357
v -2.513545 0.055987 -0.082273
v -2.528831 0.058091 -0.082158
v -2.544068 0.059760 -0.082016
v -2.559234 0.061022 -0.081848
v -2.574308 0.061906 -0.081656
v -2.589268 0.062440 -0.081443
v -2.604093 0.062651 -0.081211
v -2.618967 0.062566 -0.080959
v -2.671546 0.059112 -0.079858
v -2.721450 0.050541 -0.078463
v -2.768152 0.037146 -0.076802
v -2.811324 0.019204 -0.074899
v -2.850633 -0.003005 -0.072777
v -2.885738 -0.029201 -0.070462
v -2.916294 -0.059099 -0.067978
v -2.941944 -0.092403 -0.065349
v -2.962330 -0.128803 -0.062603
v -2.977097 -0.167969 -0.059767
v -2.985900 -0.209557 -0.056870
v -2.988415 -0.253194 -0.053942
v -2.983994 -0.304438 -0.050626
v -2.972594 -0.352361 -0.047646
v -2.954430 -0.396716 -0.045013
v -2.929753 -0.437213 -0.042744
v -2.898848 -0.473579 -0.040851
v -2.862016 -0.505567 -0.039347
v -2.819562 -0.532965 -0.038239
v -2.771775 -0.555583 -0.037536
v -2.718928 -0.573247 -0.037245
v -2.661273 -0.585785 -0.037372
v -2.599052 -0.593022 -0.037926
v -2.532516 -0.594779 -0.038914
v -2.489684 -0.592555 -0.039771
v -2.449825 -0.587325 -0.040779
v -2.413036 -0.579225 -0.041925
v -2.379443 -0.568385 -0.043199
v -2.349183 -0.554931 -0.044592
v -2.322402 -0.538979 -0.046091
v -2.299265 -0.520649 -0.047687
v -2.279965 -0.500068 -0.049369
v -2.264714 -0.477393 -0.051122
v -2.253736 -0.452827 -0.052929
v -2.247229 -0.426622 -0.054770
v -2.245348 -0.399095 -0.056622
v -2.247446 -0.375827 -0.058126
v -2.252860 -0.353369 -0.059522
v -2.261445 -0.331939 -0.060797
v -2.273044 -0.311798 -0.061937
v -2.287498 -0.293198 -0.062927
v -2.304647 -0.276384 -0.063755
v -2.324333 -0.261595 -0.064406
v -2.346399 -0.249068 -0.064869
v -2.370686 -0.239036 -0.065129
v -2.397039 -0.231726 -0.065176
v -2.425302 -0.227366 -0.064995
v -2.455325 -0.226177 -0.064575
v -2.494876 -0.228972 -0.063734
v -2.531339 -0.235926 -0.062669
v -2.564697 -0.246752 -0.061400
v -2.594919 -0.261150 -0.059946
v -2.621975 -0.278802 -0.058329
v -2.645839 -0.299373 -0.056573
v -2.666504 -0.322519 -0.054699
v -2.683976 -0.347897 -0.052730
v -2.698276 -0.375166 -0.050689
v -2.709435 -0.403997 -0.048597
v -2.717486 -0.434069 -0.046474
v -2.720386 -0.452136 -0.045231
v -2.733156 -0.446869 -0.045368
v -2.755346 -0.435559 -0.045747
v -2.775581 -0.422911 -0.046248
v -2.793834 -0.408948 -0.046869
v -2.810086 -0.393686 -0.047609
v -2.824321 -0.377135 -0.048467
v -2.836524 -0.359291 -0.049445
v -2.846677 -0.340141 -0.050543
v -2.854749 -0.319664 -0.051764
v -2.860701 -0.297838 -0.053109
v -2.864482 -0.274644 -0.054580
v -2.866021 -0.250245 -0.056168
v -2.864152 -0.221037 -0.058131
v -2.857774 -0.193388 -0.060066
v -2.847106 -0.167281 -0.061970
v -2.832355 -0.142886 -0.063828
v -2.813718 -0.120402 -0.065625
v -2.791398 -0.100048 -0.067341
v -2.765609 -0.082064 -0.068959
v -2.736577 -0.066691 -0.070457
v -2.704538 -0.054177 -0.071817
v -2.669734 -0.044764 -0.073017
v -2.632413 -0.038695 -0.074038
v -2.592772 -0.036203 -0.074860
v -2.542132 -0.037284 -0.075629
v -2.495089 -0.042072 -0.076093
v -2.451165 -0.050485 -0.076265
v -2.409799 -0.062456 -0.076160
v -2.370427 -0.077931 -0.075790
v -2.332490 -0.096873 -0.075166
v -2.295448 -0.119255 -0.074301
v -2.258778 -0.145044 -0.073203
v -2.221968 -0.174198 -0.071886
v -2.184519 -0.206668 -0.070360
v -2.145931 -0.242391 -0.068637
v -2.098351 -0.288414 -0.066382
v -2.012291 -0.196658 -0.073880
v -2.048809 -0.167671 -0.075191
v -2.078748 -0.143811 -0.076272
v -2.110088 -0.118754 -0.077410
v -2.142309 -0.092923 -0.078583
v -2.174892 -0.066743 -0.079774
v -2.207319 -0.040635 -0.080963
v -2.239072 -0.015022 -0.082131
v -2.269632 0.009673 -0.083257
v -2.298481 0.033028 -0.084323
v -2.325101 0.054620 -0.085309
v -2.348972 0.074026 -0.086197
v -2.369626 0.090863 -0.086968
v -2.389572 0.106758 -0.087688
v -2.412552 0.125177 -0.088525
v -2.437979 0.145647 -0.089457
v -2.465205 0.167648 -0.090461
v -2.493586 0.190661 -0.091512
v -2.522478 0.214167 -0.092587
v -2.551234 0.237647 -0.093663
v -2.579211 0.260583 -0.094716
v -2.605762 0.282455 -0.095722
v -2.630240 0.302743 -0.096658
v -2.651998 0.320925 -0.097500
v -2.648817 0.318234 -0.097374
v -2.656449 0.318419 -0.097260
v -2.629259 0.317703 -0.097664
v -2.596834 0.316808 -0.098143
v -2.560483 0.315774 -0.098677
v -2.521517 0.314638 -0.099249
v -2.481243 0.313437 -0.099838
v -2.440968 0.312209 -0.100425
v -2.402002 0.310993 -0.100991
v -2.365652 0.309826 -0.101517
v -2.333228 0.308745 -0.101984
v -2.306042 0.307790 -0.102371
v -2.285361 0.306996 -0.102662
v -2.278306 0.306758 -0.102763
v -2.271269 0.306469 -0.102861
v -2.264205 0.306129 -0.102956
v -2.257128 0.305736 -0.103047
v -2.250051 0.305291 -0.103135
v -2.242988 0.304792 -0.103219
v -2.235954 0.304241 -0.103300
v -2.228960 0.303637 -0.103376
v -2.222023 0.302980 -0.103448
v -2.215154 0.302270 -0.103515
v -2.208369 0.301507 -0.103577
v -2.190651 0.299344 -0.103728
v -2.188094 0.428111 -0.112287
v -2.207074 0.425521 -0.111801
v -2.214599 0.424619 -0.111616
v -2.222295 0.423808 -0.111435
v -2.230099 0.423086 -0.111258
v -2.237952 0.422450 -0.111085
v -2.245794 0.421897 -0.110919
v -2.253564 0.421423 -0.110758
v -2.261202 0.421025 -0.110605
v -2.268651 0.420701 -0.110460
v -2.275849 0.420446 -0.110324
v -2.282738 0.420257 -0.110197
v -2.289231 0.420132 -0.110081
v -0.794534 0.363583 -0.131143
v -0.824649 0.366238 -0.130819
v -0.860234 0.369307 -0.130432
v -0.900718 0.372726 -0.129986
v -0.945525 0.376435 -0.129488
v -0.994084 0.380371 -0.128943
v -1.045819 0.384471 -0.128355
v -1.100158 0.388674 -0.127732
v -1.156525 0.392917 -0.127077
v -1.214348 0.397138 -0.126397
v -1.273052 0.401275 -0.125696
v -1.332018 0.405262 -0.124981
v -1.366527 0.407800 -0.124577
v -1.400233 0.410102 -0.124170
v -1.433025 0.412177 -0.123763
v -1.464852 0.414041 -0.123358
v -1.495660 0.415707 -0.122957
v -1.525395 0.417190 -0.122561
v -1.554006 0.418502 -0.122174
v -1.581437 0.419660 -0.121795
v -1.607637 0.420676 -0.121427
v -1.632551 0.421565 -0.121073
v -1.656127 0.422342 -0.120733
v -1.688763 0.423338 -0.120257
v -1.686759 0.300770 -0.112183
v -1.657795 0.301155 -0.112689
v -1.637495 0.301317 -0.113037
v -1.616166 0.301327 -0.113392
v -1.594109 0.301123 -0.113744
v -1.571628 0.300644 -0.114085
v -1.549030 0.299828 -0.114406
v -1.526620 0.298616 -0.114698
v -1.504711 0.296948 -0.114951
v -1.483615 0.294767 -0.115157
v -1.463655 0.292019 -0.115307
v -1.445160 0.288656 -0.115391
v -1.428723 0.284706 -0.115403
v -1.385677 0.268416 -0.115039
v -1.345519 0.247181 -0.114301
v -1.308369 0.221576 -0.113224
v -1.274385 0.192193 -0.111844
v -1.243733 0.159632 -0.110199
v -1.216580 0.124506 -0.108326
v -1.193092 0.087433 -0.106264
v -1.173435 0.049041 -0.104051
v -1.157766 0.009962 -0.101726
v -1.146237 -0.029164 -0.099329
v -1.138990 -0.067691 -0.096901
v -1.136159 -0.104892 -0.094488
v -1.139798 -0.162476 -0.090618
v -1.152038 -0.213229 -0.087058
v -1.171967 -0.257720 -0.083785
v -1.198759 -0.296440 -0.080779
v -1.231645 -0.329808 -0.078026
v -1.269850 -0.358162 -0.075517
v -1.312559 -0.381787 -0.073245
v -1.358909 -0.400952 -0.071209
v -1.408005 -0.415933 -0.069403
v -1.458937 -0.427019 -0.067825
v -1.510790 -0.434512 -0.066469
v -1.576024 -0.439812 -0.065036
v -1.529982 -0.564781 -0.057534
v -1.462274 -0.558407 -0.059079
v -1.401571 -0.547604 -0.060801
v -1.341641 -0.531550 -0.062857
v -1.283525 -0.510097 -0.065240
v -1.228267 -0.483089 -0.067944
v -1.176930 -0.450359 -0.070960
v -1.130594 -0.411739 -0.074284
v -1.090371 -0.367069 -0.077906
v -1.057402 -0.316223 -0.081816
v -1.032838 -0.259127 -0.086000
v -1.017802 -0.195762 -0.090441
v -1.013368 -0.126267 -0.095111
v -1.016706 -0.076164 -0.098370
v -1.024728 -0.028051 -0.101419
v -1.036993 0.018018 -0.104263
v -1.053048 0.061851 -0.106896
v -1.072445 0.103265 -0.109313
v -1.094736 0.142077 -0.111511
v -1.119477 0.178110 -0.113483
v -1.146230 0.211187 -0.115227
v -1.174560 0.241132 -0.116738
v -1.204039 0.267768 -0.118011
v -1.234243 0.290916 -0.119040
v -1.229606 0.287957 -0.118922
v -1.232627 0.288240 -0.118890
v -1.187993 0.284193 -0.119363
v -1.138100 0.279705 -0.119894
v -1.084255 0.274813 -0.120464
v -1.027769 0.269555 -0.121054
v -0.969952 0.263968 -0.121644
v -0.912121 0.258090 -0.122214
v -0.855590 0.251961 -0.122747
v -0.801680 0.245619 -0.123222
v -0.751718 0.239105 -0.123620
v -0.707043 0.232463 -0.123922
v -0.658059 0.223809 -0.124163
v -0.646480 0.356644 -0.133141
v -0.669221 0.356952 -0.132784
v -0.680818 0.357168 -0.132606
v -0.692032 0.357434 -0.132438
v -0.702833 0.357746 -0.132279
v -0.713188 0.358100 -0.132131
v -0.723066 0.358492 -0.131993
v -0.732435 0.358917 -0.131865
v -0.741262 0.359372 -0.131749
v -0.749514 0.359853 -0.131644
v -0.757158 0.360355 -0.131550
v -0.764159 0.360874 -0.131468
v -0.770508 0.361407 -0.131398
v -0.017026 0.139068 -0.129195
v -0.004612 0.165036 -0.131118
v 0.004036 0.182661 -0.132428
v 0.013060 0.200583 -0.133763
v 0.022412 0.218681 -0.135115
v 0.032044 0.236832 -0.136476
v 0.041908 0.254915 -0.137835
v 0.051956 0.272807 -0.139185
v 0.062139 0.290386 -0.140517
v 0.072409 0.307529 -0.141822
v 0.082715 0.324113 -0.143089
v 0.093008 0.340013 -0.144312
v 0.110237 0.365435 -0.146279
v 0.017731 0.402644 -0.147206
v 0.004854 0.383186 -0.145705
v -0.004496 0.368685 -0.144591
v -0.014584 0.352696 -0.143366
v -0.025222 0.335507 -0.142052
v -0.036216 0.317409 -0.140673
v -0.047374 0.298694 -0.139250
v -0.058503 0.279655 -0.137806
v -0.069409 0.260583 -0.136363
v -0.079900 0.241770 -0.134945
v -0.089783 0.223502 -0.133572
v -0.098869 0.206066 -0.132268
v -0.111554 0.180493 -0.130366
v -0.188502 0.204025 -0.130646
v -0.175909 0.229707 -0.132554
v -0.167130 0.246976 -0.133841
v -0.157893 0.264540 -0.135156
v -0.148260 0.282272 -0.136489
v -0.138292 0.300045 -0.137830
v -0.128050 0.317730 -0.139170
v -0.117597 0.335202 -0.140499
v -0.106994 0.352331 -0.141808
v -0.096305 0.368991 -0.143087
v -0.085591 0.385053 -0.144327
v -0.074918 0.400387 -0.145519
v -0.056998 0.424938 -0.147440
v -0.147901 0.465369 -0.148606
v -0.161682 0.446420 -0.147124
v -0.171642 0.432106 -0.146012
v -0.182273 0.416295 -0.144790
v -0.193389 0.399284 -0.143480
v -0.204803 0.381373 -0.142106
v -0.216324 0.362865 -0.140691
v -0.227758 0.344066 -0.139257
v -0.238914 0.325279 -0.137830
v -0.249601 0.306808 -0.136431
v -0.259626 0.288955 -0.135083
v -0.268799 0.272018 -0.133811
v -0.281659 0.247151 -0.131953
v 0.379985 0.332236 -0.148560
v 0.382252 0.287637 -0.145647
v 0.384703 0.238280 -0.142423
v 0.387270 0.185107 -0.138949
v 0.389884 0.129064 -0.135285
v 0.392476 0.071095 -0.131494
v 0.394977 0.012143 -0.127636
v 0.397319 -0.046846 -0.123773
v 0.399433 -0.104926 -0.119966
v 0.401250 -0.161153 -0.116278
v 0.402701 -0.214578 -0.112768
v 0.403712 -0.264005 -0.109515
v 0.402483 -0.296384 -0.107353
v 0.397882 -0.324786 -0.105398
v 0.390158 -0.349622 -0.103627
v 0.379547 -0.371121 -0.102029
v 0.366237 -0.389543 -0.100590
v 0.350349 -0.405142 -0.099294
v 0.331963 -0.418119 -0.098131
v 0.311166 -0.428613 -0.097092
v 0.288076 -0.436722 -0.096172
v 0.262855 -0.442527 -0.095370
v 0.235689 -0.446118 -0.094682
v 0.206858 -0.447588 -0.094106
v 0.151251 -0.445810 -0.093301
v 0.099654 -0.439044 -0.092892
v 0.051784 -0.427748 -0.092845
v 0.007410 -0.412371 -0.093126
v -0.033698 -0.393350 -0.093702
v -0.071758 -0.371117 -0.094541
v -0.106981 -0.346098 -0.095611
v -0.139566 -0.318724 -0.096881
v -0.169705 -0.289428 -0.098319
v -0.197585 -0.258650 -0.099892
v -0.223395 -0.226831 -0.101568
v -0.255100 -0.183879 -0.103883
v -0.339796 -0.288030 -0.095589
v -0.310493 -0.325173 -0.093618
v -0.282595 -0.357152 -0.091966
v -0.251160 -0.389362 -0.090357
v -0.216057 -0.421097 -0.088840
v -0.177158 -0.451647 -0.087465
v -0.134334 -0.480299 -0.086281
v -0.087464 -0.506338 -0.085336
v -0.036432 -0.529044 -0.084681
v 0.018872 -0.547699 -0.084365
v 0.078548 -0.561589 -0.084436
v 0.142693 -0.570004 -0.084944
v 0.211342 -0.572241 -0.085935
v 0.256998 -0.569888 -0.086848
v 0.300059 -0.564116 -0.087945
v 0.340357 -0.554692 -0.089237
v 0.377632 -0.541378 -0.090736
v 0.411594 -0.523930 -0.092454
v 0.441914 -0.502122 -0.094399
v 0.468230 -0.475775 -0.096579
v 0.490180 -0.444769 -0.098994
v 0.507447 -0.409035 -0.101644
v 0.519777 -0.368503 -0.104529
v 0.526966 -0.323072 -0.107654
v 0.528816 -0.272810 -0.111009
v 0.527716 -0.222597 -0.114312
v 0.526058 -0.168149 -0.117886
v 0.523955 -0.110359 -0.121673
v 0.521523 -0.050354 -0.125602
v 0.518877 0.010735 -0.129599
v 0.516134 0.071775 -0.133591
v 0.513412 0.131635 -0.137505
v 0.510825 0.189178 -0.141268
v 0.508490 0.243270 -0.144807
v 0.506525 0.292769 -0.148049
v 0.505045 0.336530 -0.150919
v 0.504165 0.373410 -0.153344
v 0.504054 0.385054 -0.154112
v 0.504102 0.396621 -0.154878
v 0.504309 0.408082 -0.155639
v 0.504677 0.419408 -0.156395
v 0.505205 0.430572 -0.157142
v 0.505893 0.441546 -0.157879
v 0.506741 0.452301 -0.158605
v 0.507750 0.462811 -0.159316
v 0.508919 0.473045 -0.160013
v 0.510247 0.482977 -0.160692
v 0.511733 0.492576 -0.161351
v 0.515541 0.513972 -0.162830
v 0.362625 0.510137 -0.160039
v 0.366171 0.488351 -0.158656
v 0.367769 0.477804 -0.157985
v 0.369263 0.467182 -0.157308
v 0.370653 0.456503 -0.156624
v 0.371938 0.445785 -0.155937
v 0.373118 0.435045 -0.155246
v 0.374193 0.424303 -0.154553
v 0.375161 0.413576 -0.153860
v 0.376023 0.402883 -0.153167
v 0.376779 0.392242 -0.152475
v 0.377427 0.381670 -0.151787
v 0.377971 0.371137 -0.151099
v 1.019498 -0.584221 -0.098553
v 1.126509 -0.582594 -0.100436
v 1.125736 -0.535343 -0.103549
v 1.588171 -0.528315 -0.111687
v 1.589006 -0.579398 -0.108322
v 1.692178 -0.577830 -0.110138
v 1.685105 -0.145385 -0.138624
v 1.012487 -0.155607 -0.126787
v 1.121119 -0.253113 -0.122140
v 1.583554 -0.246085 -0.130279
v 1.586549 -0.429183 -0.118217
v 1.124114 -0.436211 -0.110079
v 1.020889 0.113249 -0.144710
v 1.664075 0.123024 -0.156029
v 1.662454 0.222156 -0.162559
v 1.019268 0.212381 -0.151240
v 1.023834 -0.066816 -0.132848
v 1.667020 -0.057042 -0.144168
v 1.665420 0.040813 -0.150614
v 1.022234 0.031039 -0.139294
v 0.918110 0.293075 -0.154899
v 1.753244 0.305767 -0.169596
v 1.751581 0.407453 -0.176295
v 0.916447 0.394761 -0.161597
v 1.342080 0.594197 -0.181852
v 1.332937 0.579935 -0.180756
v 1.323909 0.565278 -0.179637
v 1.315066 0.550364 -0.178504
v 1.306479 0.535332 -0.177367
v 1.298218 0.520322 -0.176237
v 1.290355 0.505472 -0.175125
v 1.282960 0.490922 -0.174039
v 1.276104 0.476807 -0.172992
v 1.269859 0.463262 -0.171993
v 1.264292 0.450418 -0.171051
v 1.255916 0.429521 -0.169529
v 1.360773 0.384588 -0.168297
v 1.369161 0.406209 -0.169867
v 1.374522 0.419071 -0.170806
v 1.380565 0.432778 -0.171813
v 1.387205 0.447155 -0.172874
v 1.394357 0.462035 -0.173977
v 1.401937 0.477250 -0.175109
v 1.409862 0.492636 -0.176259
v 1.418048 0.508026 -0.177412
v 1.426411 0.523258 -0.178559
v 1.434867 0.538166 -0.179685
v 1.443331 0.552585 -0.180779
v 1.458086 0.576801 -0.182626
v 1.355573 0.614355 -0.183409
v 1.720664 0.552081 -0.185348
v 1.728892 0.530390 -0.184050
v 1.737422 0.508742 -0.182759
v 1.746246 0.487153 -0.181478
v 1.755354 0.465641 -0.180206
v 1.764737 0.444224 -0.178945
v 1.774386 0.422918 -0.177696
v 1.784292 0.401741 -0.176460
v 1.794445 0.380710 -0.175237
v 1.804838 0.359843 -0.174029
v 1.815460 0.339157 -0.172837
v 1.825156 0.320838 -0.171786
v 1.839881 -0.579417 -0.112484
v 1.948172 -0.577772 -0.114390
v 1.936489 0.136488 -0.161440
v 1.927549 0.149839 -0.162175
v 1.937602 0.135155 -0.161370
v 1.947752 0.120664 -0.160580
v 1.957997 0.106384 -0.159806
v 1.968332 0.092333 -0.159048
v 1.978751 0.078527 -0.158308
v 1.989252 0.064983 -0.157586
v 1.999830 0.051721 -0.156884
v 2.010480 0.038756 -0.156204
v 2.021199 0.026107 -0.155545
v 2.031982 0.013790 -0.154909
v 2.053076 -0.009486 -0.153719
v 2.061780 0.010048 -0.155156
v 2.064870 0.016429 -0.155629
v 2.068562 0.023640 -0.156167
v 2.072740 0.031466 -0.156754
v 2.077293 0.039707 -0.157375
v 2.082112 0.048170 -0.158015
v 2.087090 0.056664 -0.158659
v 2.092119 0.064998 -0.159294
v 2.097088 0.072980 -0.159904
v 2.101888 0.080416 -0.160476
v 2.106399 0.087105 -0.160993
v 2.115267 0.099516 -0.161961
v 2.080912 0.137502 -0.163904
v 2.052508 0.171917 -0.165709
v 2.024626 0.208675 -0.167677
v 1.997387 0.247547 -0.169797
v 1.970911 0.288306 -0.172053
v 1.945320 0.330724 -0.174434
v 1.920730 0.374573 -0.176927
v 1.897260 0.419625 -0.179517
v 1.875026 0.465653 -0.182193
v 1.854145 0.512430 -0.184940
v 1.834733 0.559727 -0.187746
v 1.813523 0.616347 -0.191140
v 1.709202 0.583524 -0.187237
v 3.162896 0.398192 -0.199101
v 3.170273 0.362866 -0.196887
v 3.177962 0.324281 -0.194462
v 3.185760 0.283122 -0.191869
v 3.193465 0.240072 -0.189149
v 3.200872 0.195814 -0.186345
v 3.207780 0.151035 -0.183498
v 3.213987 0.106421 -0.180650
v 3.219291 0.062660 -0.177843
v 3.223490 0.020445 -0.175121
v 3.226383 -0.019524 -0.172525
v 3.227779 -0.056634 -0.170093
v 3.227949 -0.071919 -0.169085
v 3.227957 -0.086973 -0.168090
v 3.227802 -0.101778 -0.167108
v 3.227486 -0.116398 -0.166136
v 3.227008 -0.130896 -0.165169
v 3.226371 -0.145336 -0.164203
v 3.225575 -0.159782 -0.163234
v 3.224621 -0.174296 -0.162258
v 3.223510 -0.188943 -0.161271
v 3.222242 -0.203785 -0.160268
v 3.220818 -0.218885 -0.159246
v 3.223375 -0.193907 -0.160941
v 3.232606 -0.217007 -0.159566
v 3.226416 -0.201677 -0.160477
v 3.219971 -0.185859 -0.161416
v 3.213334 -0.169700 -0.162375
v 3.206570 -0.153350 -0.163344
v 3.199744 -0.136958 -0.164315
v 3.192920 -0.120674 -0.165279
v 3.186163 -0.104646 -0.166227
v 3.179536 -0.089023 -0.167151
v 3.173105 -0.073956 -0.168041
v 3.166933 -0.059592 -0.168888
v 3.155935 -0.034181 -0.170386
v 3.086874 -0.088416 -0.165653
v 3.098426 -0.118646 -0.163845
v 3.107741 -0.143434 -0.162360
v 3.117276 -0.169245 -0.160811
v 3.126861 -0.195664 -0.159223
v 3.136322 -0.222274 -0.157620
v 3.145489 -0.248656 -0.156027
v 3.154187 -0.274392 -0.154469
v 3.162245 -0.299061 -0.152971
v 3.169488 -0.322239 -0.151558
v 3.175742 -0.343493 -0.150256
v 3.180830 -0.362374 -0.149091
v 3.184610 -0.378566 -0.148083
v 3.185617 -0.383296 -0.147787
v 3.186619 -0.388231 -0.147477
v 3.187586 -0.393262 -0.147161
v 3.188499 -0.398332 -0.146840
v 3.189340 -0.403385 -0.146520
v 3.190089 -0.408362 -0.146203
v 3.190730 -0.413205 -0.145894
v 3.191243 -0.417850 -0.145595
v 3.191612 -0.422231 -0.145311
v 3.191822 -0.426274 -0.145047
v 3.191863 -0.429896 -0.144808
v 3.191725 -0.433197 -0.144588
v 3.191473 -0.436650 -0.144355
v 3.191212 -0.440397 -0.144103
v 3.190954 -0.444233 -0.143845
v 3.190697 -0.448127 -0.143583
v 3.190441 -0.452051 -0.143319
v 3.190185 -0.455973 -0.143056
v 3.189929 -0.459861 -0.142794
v 3.189673 -0.463685 -0.142537
v 3.189416 -0.467413 -0.142286
v 3.189158 -0.471011 -0.142044
v 3.188898 -0.474448 -0.141812
v 3.187810 -0.487942 -0.140902
v 3.298566 -0.493928 -0.142344
v 3.306501 -0.461862 -0.144596
v 3.312220 -0.435442 -0.146439
v 3.317607 -0.406921 -0.148415
v 3.322606 -0.376400 -0.150516
v 3.327157 -0.343982 -0.152736
v 3.331202 -0.309769 -0.155066
v 3.334681 -0.273868 -0.157499
v 3.337534 -0.236382 -0.160025
v 3.339701 -0.197417 -0.162639
v 3.341121 -0.157079 -0.165330
v 3.341734 -0.115474 -0.168092
v 3.341480 -0.072674 -0.170919
v 3.339853 -0.024904 -0.174052
v 3.336686 0.023612 -0.177209
v 3.332231 0.072345 -0.180358
v 3.326739 0.120810 -0.183473
v 3.320461 0.168519 -0.186524
v 3.313644 0.214982 -0.189484
v 3.306537 0.259709 -0.192325
v 3.299391 0.302207 -0.195017
v 3.292454 0.341980 -0.197533
v 3.285975 0.378530 -0.199843
v 3.280205 0.411352 -0.201918
v 3.275368 0.440089 -0.203739
v 3.273990 0.447517 -0.204207
v 3.272696 0.454938 -0.204676
v 3.271471 0.462454 -0.205153
v 3.270324 0.470034 -0.205636
v 3.269265 0.477645 -0.206121
v 3.268302 0.485255 -0.206609
v 3.267447 0.492831 -0.207096
v 3.266706 0.500341 -0.207580
v 3.266090 0.507751 -0.208060
v 3.265608 0.515029 -0.208533
v 3.265268 0.522139 -0.208998
v 3.264781 0.539953 -0.210168
v 3.128208 0.525606 -0.206953
v 3.133598 0.508245 -0.205894
v 3.135567 0.501829 -0.205502
v 3.137680 0.494872 -0.205077
v 3.139891 0.487506 -0.204627
v 3.142161 0.479860 -0.204159
v 3.144445 0.472061 -0.203681
v 3.146702 0.464242 -0.203201
v 3.148888 0.456531 -0.202727
v 3.150961 0.449060 -0.202268
v 3.152878 0.441962 -0.201830
v 3.154595 0.435373 -0.201423
v 3.156053 0.429488 -0.201057
v 2.364437 0.295535 -0.179061
v 2.410093 0.291833 -0.179574
v 2.450666 0.289559 -0.180097
v 2.494306 0.287978 -0.180717
v 2.540270 0.287074 -0.181420
v 2.587807 0.286836 -0.182193
v 2.636167 0.287250 -0.183022
v 2.684596 0.288307 -0.183896
v 2.732341 0.289993 -0.184800
v 2.778649 0.292299 -0.185721
v 2.822771 0.295214 -0.186646
v 2.863961 0.298729 -0.187562
v 2.910370 0.303811 -0.188668
v 2.908363 0.426519 -0.196751
v 2.860092 0.419061 -0.195457
v 2.819216 0.414426 -0.194472
v 2.775021 0.410798 -0.193499
v 2.728403 0.408148 -0.192550
v 2.680247 0.406445 -0.191638
v 2.631431 0.405656 -0.190776
v 2.582834 0.405744 -0.189975
v 2.535333 0.406676 -0.189249
v 2.489806 0.408413 -0.188608
v 2.447134 0.410920 -0.188066
v 2.408208 0.414157 -0.187634
v 2.362411 0.419396 -0.187221
v 2.867619 -0.236237 -0.152237
v 2.865141 -0.249085 -0.151346
v 2.860580 -0.261389 -0.150457
v 2.853639 -0.273122 -0.149566
v 2.843930 -0.284262 -0.148668
v 2.831002 -0.294720 -0.147761
v 2.814401 -0.304320 -0.146851
v 2.793726 -0.312827 -0.145945
v 2.768627 -0.319989 -0.145055
v 2.738789 -0.325563 -0.144191
v 2.703914 -0.329323 -0.143364
v 2.663618 -0.331062 -0.142580
v 2.635413 -0.331278 -0.142098
v 2.607724 -0.331053 -0.141653
v 2.580579 -0.330380 -0.141247
v 2.553901 -0.329251 -0.140879
v 2.527612 -0.327658 -0.140548
v 2.501635 -0.325594 -0.140254
v 2.475894 -0.323052 -0.139995
v 2.450310 -0.320023 -0.139771
v 2.424805 -0.316501 -0.139580
v 2.399302 -0.312475 -0.139424
v 2.373725 -0.307939 -0.139299
v 2.336078 -0.300543 -0.139164
v 2.335119 -0.428419 -0.130689
v 2.364419 -0.433260 -0.130855
v 2.386469 -0.436514 -0.131006
v 2.409613 -0.439535 -0.131190
v 2.433843 -0.442296 -0.131410
v 2.459150 -0.444773 -0.131666
v 2.485525 -0.446937 -0.131960
v 2.512959 -0.448764 -0.132295
v 2.541443 -0.450226 -0.132671
v 2.570968 -0.451297 -0.133090
v 2.601524 -0.451952 -0.133554
v 2.633104 -0.452162 -0.134064
v 2.665805 -0.451902 -0.134623
v 2.717567 -0.449624 -0.135633
v 2.764606 -0.444465 -0.136755
v 2.806923 -0.436478 -0.137985
v 2.844613 -0.425704 -0.139323
v 2.877757 -0.412165 -0.140769
v 2.906407 -0.395876 -0.142322
v 2.930572 -0.376862 -0.143980
v 2.950216 -0.355192 -0.145740
v 2.965287 -0.331008 -0.147590
v 2.975778 -0.304521 -0.149516
v 2.981762 -0.275961 -0.151504
v 2.983363 -0.245762 -0.153528
v 2.983009 -0.234313 -0.154279
v 2.982337 -0.223042 -0.155014
v 2.981346 -0.211623 -0.155753
v 2.980041 -0.200002 -0.156500
v 2.978426 -0.188124 -0.157258
v 2.976506 -0.175933 -0.158033
v 2.974287 -0.163370 -0.158827
v 2.971774 -0.150379 -0.159645
v 2.968970 -0.136900 -0.160490
v 2.965880 -0.122875 -0.161366
v 2.962508 -0.108244 -0.162278
v 2.956810 -0.084373 -0.163762
v 2.844336 -0.097016 -0.161060
v 2.850763 -0.119786 -0.159660
v 2.853709 -0.130750 -0.158984
v 2.856380 -0.141290 -0.158331
v 2.858775 -0.151442 -0.157699
v 2.860898 -0.161241 -0.157086
v 2.862748 -0.170721 -0.156490
v 2.864329 -0.179918 -0.155908
v 2.865643 -0.188869 -0.155338
v 2.866692 -0.197611 -0.154777
v 2.867477 -0.206183 -0.154223
v 2.868002 -0.214621 -0.153673
v 2.868259 -0.222727 -0.153142
v 3.934955 0.420277 -0.213373
v 3.903296 0.405152 -0.211847
v 3.877499 0.392142 -0.210559
v 3.850482 0.377919 -0.209170
v 3.822710 0.362759 -0.207706
v 3.794657 0.346941 -0.206194
v 3.766794 0.330745 -0.204661
v 3.739597 0.314448 -0.203131
v 3.713538 0.298329 -0.201633
v 3.689088 0.282663 -0.200191
v 3.666713 0.267722 -0.198831
v 3.646869 0.253768 -0.197579
v 3.622482 0.235378 -0.195958
v 3.693287 0.135214 -0.190508
v 3.719858 0.157396 -0.192416
v 3.740422 0.173216 -0.193803
v 3.763067 0.189544 -0.195259
v 3.787356 0.206142 -0.196760
v 3.812860 0.222780 -0.198284
v 3.839152 0.239230 -0.199808
v 3.865804 0.255268 -0.201311
v 3.892394 0.270671 -0.202771
v 3.918495 0.285216 -0.204166
v 3.943680 0.298678 -0.205475
v 3.967519 0.310835 -0.206675
v 4.000248 0.326599 -0.208260
v 4.194008 -0.208555 -0.176078
v 4.214580 -0.210740 -0.176275
v 4.233660 -0.214476 -0.176344
v 4.251126 -0.219647 -0.176292
v 4.266853 -0.226130 -0.176124
v 4.280727 -0.233794 -0.175848
v 4.292648 -0.242503 -0.175469
v 4.302536 -0.252124 -0.174997
v 4.310341 -0.262537 -0.174438
v 4.316036 -0.273660 -0.173797
v 4.319590 -0.285466 -0.173075
v 4.320953 -0.298081 -0.172263
v 4.320259 -0.311146 -0.171387
v 4.317745 -0.323397 -0.170535
v 4.313442 -0.334716 -0.169715
v 4.307331 -0.345134 -0.168925
v 4.299343 -0.354673 -0.168161
v 4.289377 -0.363313 -0.167424
v 4.277330 -0.370989 -0.166717
v 4.263124 -0.377595 -0.166044
v 4.246708 -0.383014 -0.165413
v 4.228058 -0.387125 -0.164832
v 4.207161 -0.389815 -0.164307
v 4.184080 -0.390977 -0.163847
v 4.159875 -0.390241 -0.163494
v 4.138633 -0.387387 -0.163331
v 4.120186 -0.382616 -0.163340
v 4.104371 -0.376130 -0.163507
v 4.090988 -0.368106 -0.163815
v 4.079811 -0.358681 -0.164253
v 4.070626 -0.347934 -0.164812
v 4.063261 -0.335911 -0.165485
v 4.057600 -0.322662 -0.166267
v 4.053561 -0.308266 -0.167152
v 4.051080 -0.292839 -0.168132
v 4.050082 -0.276430 -0.169200
v 4.050376 -0.226548 -0.172505
v 4.053559 -0.225551 -0.172623
v 4.063718 -0.222672 -0.172982
v 4.074027 -0.220049 -0.173327
v 4.084477 -0.217682 -0.173657
v 4.095059 -0.215572 -0.173972
v 4.105764 -0.213719 -0.174272
v 4.116583 -0.212123 -0.174557
v 4.127507 -0.210786 -0.174827
v 4.138528 -0.209707 -0.175081
v 4.149636 -0.208887 -0.175320
v 4.160821 -0.208326 -0.175543
v 4.171937 -0.208028 -0.175747
v 3.938740 -0.152463 -0.175552
v 3.917737 -0.160868 -0.174648
v 3.891351 -0.172636 -0.173432
v 3.865872 -0.185149 -0.172181
v 3.841306 -0.198303 -0.170904
v 3.817659 -0.211993 -0.169606
v 3.794938 -0.226117 -0.168294
v 3.773149 -0.240570 -0.166977
v 3.752298 -0.255249 -0.165660
v 3.732392 -0.270052 -0.164351
v 3.713437 -0.284874 -0.163056
v 3.695438 -0.299614 -0.161782
v 3.671803 -0.319807 -0.160054
v 3.739480 -0.422924 -0.154357
v 3.761962 -0.402604 -0.156074
v 3.776314 -0.389863 -0.157155
v 3.791229 -0.376935 -0.158257
v 3.806706 -0.363908 -0.159376
v 3.822748 -0.350868 -0.160504
v 3.839355 -0.337903 -0.161637
v 3.856529 -0.325100 -0.162769
v 3.874268 -0.312547 -0.163894
v 3.892574 -0.300330 -0.165006
v 3.911446 -0.288537 -0.166099
v 3.930885 -0.277254 -0.167168
v 3.936207 -0.274411 -0.167444
v 3.935928 -0.311641 -0.164977
v 3.937784 -0.337701 -0.163284
v 3.942601 -0.362932 -0.161695
v 3.950504 -0.386947 -0.160238
v 3.961614 -0.409472 -0.158932
v 3.976035 -0.430214 -0.157800
v 3.993831 -0.448871 -0.156861
v 4.015036 -0.465156 -0.156136
v 4.039661 -0.478813 -0.155641
v 4.067726 -0.489624 -0.155391
v 4.099267 -0.497396 -0.155401
v 4.134346 -0.501946 -0.155682
v 4.173010 -0.503092 -0.156248
v 4.208367 -0.501323 -0.156951
v 4.242315 -0.497083 -0.157795
v 4.274613 -0.490311 -0.158779
v 4.304960 -0.480942 -0.159902
v 4.333048 -0.468901 -0.161165
v 4.358550 -0.454103 -0.162567
v 4.381110 -0.436463 -0.164108
v 4.400337 -0.415918 -0.165786
v 4.415811 -0.392449 -0.167595
v 4.427119 -0.366107 -0.169525
v 4.433896 -0.336987 -0.171564
v 4.435849 -0.305157 -0.173701
v 4.432955 -0.275137 -0.175639
v 4.425449 -0.247096 -0.177369
v 4.413620 -0.221240 -0.178883
v 4.397796 -0.197752 -0.180174
v 4.378327 -0.176778 -0.181238
v 4.355554 -0.158426 -0.182075
v 4.329803 -0.142777 -0.182682
v 4.301379 -0.129905 -0.183062
v 4.270572 -0.119880 -0.183214
v 4.237659 -0.112776 -0.183138
v 4.202911 -0.108675 -0.182832
v 4.166771 -0.107669 -0.182299
v 4.155595 -0.107921 -0.182097
v 4.144652 -0.108336 -0.181888
v 4.133767 -0.108921 -0.181669
v 4.122947 -0.109681 -0.181439
v 4.112194 -0.110620 -0.181198
v 4.101513 -0.111744 -0.180947
v 4.090909 -0.113057 -0.180684
v 4.080387 -0.114564 -0.180410
v 4.069950 -0.116270 -0.180124
v 4.059603 -0.118179 -0.179826
v 4.049350 -0.120297 -0.179515
v 4.051975 -0.119694 -0.179599
v 4.052421 -0.106043 -0.180509
v 4.053314 -0.078718 -0.182331
v 4.054215 -0.050884 -0.184187
v 4.055113 -0.022742 -0.186064
v 4.055990 0.005510 -0.187947
v 4.056834 0.033671 -0.189824
v 4.057629 0.061542 -0.191680
v 4.058361 0.088923 -0.193504
v 4.059016 0.115616 -0.195280
v 4.059579 0.141422 -0.196996
v 4.060035 0.166143 -0.198639
v 4.060517 0.199841 -0.200876
v 3.939931 0.198008 -0.198754
v 3.941374 0.174790 -0.197242
v 3.942058 0.162494 -0.196440
v 3.942638 0.150599 -0.195663
v 3.943119 0.139037 -0.194906
v 3.943508 0.127741 -0.194165
v 3.943809 0.116642 -0.193436
v 3.944029 0.105673 -0.192714
v 3.944173 0.094766 -0.191995
v 3.944246 0.083854 -0.191275
v 3.944254 0.072869 -0.190548
v 3.944202 0.061744 -0.189812
v 3.944097 0.050476 -0.189065
v 4.283994 0.402481 -0.217988
v 4.267296 0.405086 -0.217883
v 4.250535 0.407910 -0.217792
v 4.233735 0.410957 -0.217715
v 4.216916 0.414233 -0.217652
v 4.200102 0.417740 -0.217605
v 4.183315 0.421485 -0.217574
v 4.166578 0.425471 -0.217560
v 4.149913 0.429703 -0.217564
v 4.133343 0.434185 -0.217585
v 4.116890 0.438921 -0.217625
v 4.087708 0.447857 -0.217732
v 4.086497 0.330887 -0.209975
v 4.111436 0.324437 -0.209962
v 4.129357 0.320056 -0.209970
v 4.147743 0.315810 -0.209994
v 4.166562 0.311705 -0.210035
v 4.185785 0.307751 -0.210092
v 4.205380 0.303955 -0.210166
v 4.225317 0.300326 -0.210257
v 4.245565 0.296871 -0.210365
v 4.266094 0.293600 -0.210489
v 4.286873 0.290520 -0.210630
v 4.307870 0.287639 -0.210788
v 4.323050 0.285725 -0.210913
v 4.338410 0.245650 -0.208517
v 4.357898 0.198628 -0.205730
v 4.379095 0.150811 -0.202919
v 4.401778 0.102619 -0.200108
v 4.425723 0.054472 -0.197321
v 4.450708 0.006793 -0.194582
v 4.476511 -0.039997 -0.191915
v 4.502911 -0.085477 -0.189345
v 4.529686 -0.129224 -0.186896
v 4.556619 -0.170818 -0.184591
v 4.583492 -0.209841 -0.182456
v 4.615133 -0.252705 -0.180146
v 4.731282 -0.190195 -0.186208
v 4.696400 -0.148809 -0.188367
v 4.669559 -0.114072 -0.190219
v 4.642892 -0.076881 -0.192236
v 4.616601 -0.037712 -0.194391
v 4.590884 0.002961 -0.196654
v 4.565938 0.044664 -0.198999
v 4.541958 0.086924 -0.201396
v 4.519137 0.129268 -0.203818
v 4.497670 0.171224 -0.206237
v 4.477747 0.212318 -0.208625
v 4.459564 0.252076 -0.210953
v 4.449534 0.275492 -0.212335
v 4.443224 0.275798 -0.212251
v 4.452881 0.275383 -0.212384
v 4.462527 0.275021 -0.212520
v 4.472159 0.274713 -0.212659
v 4.481772 0.274457 -0.212802
v 4.491363 0.274255 -0.212947
v 4.500926 0.274106 -0.213096
v 4.510458 0.274010 -0.213248
v 4.519954 0.273967 -0.213403
v 4.529408 0.273977 -0.213560
v 4.538818 0.274039 -0.213721
v 4.548176 0.274155 -0.213884
v 4.560186 0.274364 -0.214097
v 4.572418 0.274630 -0.214317
v 4.584834 0.274952 -0.214545
v 4.597395 0.275330 -0.214778
v 4.610062 0.275763 -0.215017
v 4.622795 0.276250 -0.215260
v 4.635554 0.276791 -0.215508
v 4.648301 0.277385 -0.215759
v 4.660995 0.278032 -0.216012
v 4.673594 0.278731 -0.216267
v 4.686064 0.279482 -0.216524
v 4.707212 0.280860 -0.216966
v 4.713101 0.397700 -0.224792
v 4.689196 0.394305 -0.224171
v 4.677084 0.392775 -0.223869
v 4.664701 0.391388 -0.223572
v 4.652080 0.390142 -0.223280
v 4.639252 0.389032 -0.222993
v 4.626249 0.388055 -0.222713
v 4.613105 0.387208 -0.222439
v 4.599851 0.386486 -0.222171
v 4.586518 0.385886 -0.221910
v 4.573139 0.385404 -0.221656
v 4.559745 0.385037 -0.221410
v 4.546373 0.384780 -0.221171
v 4.534889 0.384658 -0.220972
v 4.523299 0.384635 -0.220778
v 4.511604 0.384708 -0.220589
v 4.499811 0.384872 -0.220404
v 4.487922 0.385122 -0.220224
v 4.475942 0.385456 -0.220047
v 4.463877 0.385867 -0.219874
v 4.451732 0.386353 -0.219704
v 4.439510 0.386909 -0.219538
v 4.427216 0.387529 -0.219375
v 4.414855 0.388211 -0.219215
v 4.409527 0.388528 -0.219148
v 4.406408 0.399615 -0.219830
v 4.401472 0.417803 -0.220951
v 4.396686 0.436211 -0.222089
v 4.392099 0.454766 -0.223240
v 4.387762 0.473398 -0.224400
v 4.383723 0.492033 -0.225566
v 4.380034 0.510600 -0.226733
v 4.376742 0.529026 -0.227897
v 4.373899 0.547237 -0.229055
v 4.371550 0.565159 -0.230201
v 4.369745 0.582717 -0.231332
v 4.367787 0.610336 -0.233127
v 4.233456 0.596086 -0.229955
v 4.239642 0.572771 -0.228516
v 4.243117 0.559500 -0.227695
v 4.246854 0.545136 -0.226807
v 4.250836 0.529808 -0.225860
v 4.255047 0.513640 -0.224860
v 4.259473 0.496757 -0.223817
v 4.264096 0.479284 -0.222738
v 4.268903 0.461346 -0.221631
v 4.273876 0.443065 -0.220504
v 4.279004 0.424566 -0.219366
v 4.284267 0.405971 -0.218223
v 4.285336 0.402288 -0.217997
v -4.775364 -0.456601 0.229721
v -4.778018 -0.443724 0.228914
v -4.782179 -0.431694 0.228187
v -4.787750 -0.420609 0.227546
v -4.794623 -0.410562 0.226996
v -4.802680 -0.401643 0.226539
v -4.811804 -0.393935 0.226181
v -4.821869 -0.387517 0.225923
v -4.832753 -0.382460 0.225770
v -4.844330 -0.378830 0.225722
v -4.856475 -0.376688 0.225781
v -4.869073 -0.376092 0.225951
v -4.881364 -0.377070 0.226220
v -4.893208 -0.379585 0.226583
v -4.904469 -0.383573 0.227033
v -4.915020 -0.388966 0.227565
v -4.924737 -0.395690 0.228171
v -4.933498 -0.403669 0.228844
v -4.941180 -0.412822 0.229577
v -4.947664 -0.423064 0.230362
v -4.952835 -0.434304 0.231191
v -4.956583 -0.446445 0.232057
v -4.958808 -0.459392 0.232950
v -4.959415 -0.473050 0.233863
v -4.958361 -0.486662 0.234746
v -4.955711 -0.499478 0.235550
v -4.951560 -0.511413 0.236271
v -4.946009 -0.522377 0.236904
v -4.939174 -0.532281 0.237445
v -4.931176 -0.541043 0.237892
v -4.922144 -0.548589 0.238241
v -4.912206 -0.554852 0.238491
v -4.901490 -0.559770 0.238638
v -4.890127 -0.563290 0.238682
v -4.878242 -0.565361 0.238622
v -4.865968 -0.565934 0.238456
v -4.853437 -0.564987 0.238186
v -4.841401 -0.562561 0.237826
v -4.829966 -0.558706 0.237381
v -4.819256 -0.553471 0.236857
v -4.809395 -0.546913 0.236260
v -4.800508 -0.539095 0.235595
v -4.792721 -0.530088 0.234870
v -4.786157 -0.519973 0.234092
v -4.780933 -0.508836 0.233269
v -4.777155 -0.496773 0.232408
v -4.774919 -0.483877 0.231518
v -4.774309 -0.470237 0.230606
v -5.038927 0.195509 0.190961
v -5.036255 0.214046 0.189691
v -5.031585 0.231384 0.188467
v -5.024919 0.247403 0.187296
v -5.016243 0.262010 0.186186
v -5.005521 0.275123 0.185141
v -4.992682 0.286666 0.184164
v -4.977625 0.296540 0.183261
v -4.960239 0.304615 0.182439
v -4.940420 0.310728 0.181706
v -4.918086 0.314696 0.181073
v -4.893141 0.316330 0.180551
v -4.875570 0.315888 0.180288
v -4.858184 0.314022 0.180123
v -4.841011 0.310737 0.180055
v -4.824025 0.306033 0.180085
v -4.807201 0.299905 0.180211
v -4.790524 0.292347 0.180434
v -4.773975 0.283352 0.180755
v -4.757545 0.272912 0.181172
v -4.741227 0.261022 0.181688
v -4.725013 0.247678 0.182302
v -4.708899 0.232878 0.183013
v -4.685806 0.209442 0.184180
v -4.603163 0.288256 0.177596
v -4.630708 0.315204 0.176270
v -4.651465 0.333909 0.175378
v -4.672801 0.351357 0.174578
v -4.694829 0.367431 0.173880
v -4.717658 0.382010 0.173294
v -4.741388 0.394970 0.172831
v -4.766119 0.406187 0.172499
v -4.791945 0.415535 0.172310
v -4.818952 0.422892 0.172271
v -4.847219 0.428142 0.172393
v -4.876833 0.431175 0.172684
v -4.907932 0.431887 0.173153
v -4.947299 0.429376 0.173972
v -4.984175 0.423137 0.174997
v -5.018355 0.413282 0.176216
v -5.049665 0.399917 0.177619
v -5.077915 0.383159 0.179196
v -5.102906 0.363136 0.180935
v -5.124430 0.340000 0.182823
v -5.142284 0.313924 0.184844
v -5.156285 0.285102 0.186983
v -5.166273 0.253733 0.189223
v -5.172111 0.220010 0.191551
v -5.173691 0.183824 0.193970
v -5.167384 0.136090 0.197023
v -5.151417 0.093876 0.199550
v -5.128106 0.056629 0.201627
v -5.099730 0.023265 0.203363
v -5.068420 -0.007422 0.204874
v -5.036212 -0.036614 0.206270
v -5.005099 -0.065418 0.207659
v -4.977050 -0.094857 0.209141
v -4.953959 -0.125879 0.210809
v -4.937539 -0.159463 0.212758
v -4.929347 -0.196864 0.215096
v -4.931619 -0.251401 0.218741
v -4.806833 -0.249504 0.216545
v -4.803158 -0.188547 0.212452
v -4.811149 -0.141556 0.209477
v -4.828220 -0.099849 0.207001
v -4.852108 -0.062742 0.204943
v -4.880591 -0.029336 0.203206
v -4.911573 0.001347 0.201691
v -4.943032 0.030248 0.200301
v -4.972963 0.058239 0.198946
v -4.999375 0.086099 0.197542
v -5.020347 0.114497 0.196012
v -5.034188 0.144093 0.194284
v -5.039581 0.176411 0.192235
v -3.447952 -0.159374 0.188035
v -3.451562 -0.193289 0.190338
v -3.457602 -0.223579 0.192442
v -3.465731 -0.250310 0.194345
v -3.475613 -0.273549 0.196046
v -3.486903 -0.293373 0.197544
v -3.499261 -0.309865 0.198840
v -3.512345 -0.323114 0.199934
v -3.525812 -0.333227 0.200826
v -3.539326 -0.340321 0.201520
v -3.552568 -0.344535 0.202018
v -3.565181 -0.346017 0.202325
v -3.578175 -0.344670 0.202452
v -3.591739 -0.340057 0.202372
v -3.606063 -0.331788 0.202063
v -3.621090 -0.319517 0.201500
v -3.636692 -0.302989 0.200666
v -3.652740 -0.282016 0.199545
v -3.669128 -0.256442 0.198125
v -3.685774 -0.226124 0.196396
v -3.702609 -0.190921 0.194347
v -3.719579 -0.150691 0.191968
v -3.736635 -0.105291 0.189248
v -3.753745 -0.054545 0.186175
v -3.761987 -0.028043 0.184559
v -3.769969 -0.000922 0.182897
v -3.777662 0.026712 0.181197
v -3.785044 0.054792 0.179462
v -3.792097 0.083252 0.177697
v -3.798802 0.112023 0.175905
v -3.805140 0.141040 0.174091
v -3.811090 0.170234 0.172259
v -3.816636 0.199539 0.170412
v -3.821758 0.228887 0.168556
v -3.826436 0.258212 0.166694
v -3.828701 0.273924 0.165693
v -3.783289 0.266031 0.165461
v -3.728925 0.249275 0.165667
v -3.678720 0.226630 0.166332
v -3.632860 0.198816 0.167411
v -3.591548 0.166554 0.168859
v -3.554988 0.130572 0.170633
v -3.523393 0.091605 0.172686
v -3.496976 0.050395 0.174973
v -3.475945 0.007695 0.177449
v -3.460501 -0.035739 0.180065
v -3.450836 -0.079145 0.182776
v -3.447107 -0.121938 0.185544
v -3.852391 -0.146975 0.193926
v -3.830355 -0.204759 0.197382
v -3.807434 -0.257179 0.200469
v -3.783626 -0.304230 0.203186
v -3.758923 -0.345904 0.205533
v -3.733306 -0.382188 0.207508
v -3.706743 -0.413063 0.209109
v -3.679193 -0.438483 0.210333
v -3.650622 -0.458370 0.211175
v -3.621030 -0.472596 0.211625
v -3.590496 -0.481014 0.211675
v -3.559179 -0.483509 0.211320
v -3.528965 -0.480189 0.210599
v -3.499392 -0.471316 0.209521
v -3.470918 -0.457151 0.208112
v -3.443948 -0.437951 0.206395
v -3.418864 -0.413954 0.204391
v -3.396033 -0.385381 0.202122
v -3.375823 -0.352438 0.199608
v -3.358603 -0.315322 0.196867
v -3.344747 -0.274223 0.193919
v -3.334630 -0.229329 0.190781
v -3.328631 -0.180826 0.187474
v -3.327128 -0.128757 0.184005
v -3.333405 -0.059083 0.179500
v -3.349519 0.008357 0.175307
v -3.374786 0.072674 0.171472
v -3.408536 0.133138 0.168033
v -3.450105 0.189032 0.165025
v -3.498834 0.239643 0.162486
v -3.554069 0.284257 0.160452
v -3.615160 0.322159 0.158959
v -3.681457 0.352628 0.158043
v -3.752306 0.374943 0.157743
v -3.827049 0.388379 0.158095
v -3.904987 0.392212 0.159134
v -3.978700 0.386722 0.160721
v -4.047466 0.372931 0.162774
v -4.111007 0.351392 0.165253
v -4.169010 0.322669 0.168115
v -4.221159 0.287336 0.171318
v -4.267148 0.245980 0.174816
v -4.306669 0.199193 0.178567
v -4.339433 0.147570 0.182525
v -4.365151 0.091710 0.186647
v -4.383547 0.032209 0.190888
v -4.394348 -0.030339 0.195204
v -4.397285 -0.095316 0.199551
v -4.392484 -0.161591 0.203855
v -4.380414 -0.223891 0.207775
v -4.361223 -0.282044 0.211303
v -4.335081 -0.335829 0.214427
v -4.302175 -0.385020 0.217135
v -4.262712 -0.429397 0.219415
v -4.216917 -0.468755 0.221258
v -4.165015 -0.502913 0.222657
v -4.107227 -0.531704 0.223602
v -4.043764 -0.554977 0.224088
v -3.974821 -0.572584 0.224109
v -3.894404 -0.585362 0.223620
v -3.823835 -0.470452 0.214848
v -3.850190 -0.468249 0.215140
v -3.860227 -0.467305 0.215244
v -3.870154 -0.466272 0.215340
v -3.879938 -0.465157 0.215429
v -3.889547 -0.463969 0.215510
v -3.898948 -0.462717 0.215583
v -3.908111 -0.461409 0.215648
v -3.917002 -0.460054 0.215706
v -3.925589 -0.458659 0.215756
v -3.933840 -0.457235 0.215799
v -3.941721 -0.455789 0.215834
v -3.948983 -0.454374 0.215861
v -3.989283 -0.444144 0.215853
v -4.028846 -0.430450 0.215604
v -4.067244 -0.413211 0.215101
v -4.103926 -0.392382 0.214332
v -4.138352 -0.367920 0.213285
v -4.169991 -0.339779 0.211949
v -4.198325 -0.307905 0.210311
v -4.222840 -0.272233 0.208358
v -4.243029 -0.232677 0.206077
v -4.258376 -0.189131 0.203451
v -4.268345 -0.141481 0.200465
v -4.272388 -0.089577 0.197098
v -4.270638 -0.043213 0.194003
v -4.263921 0.001482 0.190935
v -4.252349 0.044108 0.187923
v -4.236037 0.084311 0.184994
v -4.215089 0.121743 0.182170
v -4.189605 0.156061 0.179477
v -4.159675 0.186923 0.176939
v -4.125376 0.213989 0.174580
v -4.086775 0.236907 0.172423
v -4.043932 0.255318 0.170495
v -3.996907 0.268848 0.168819
v -3.955106 0.275602 0.167679
v -3.951864 0.255301 0.168968
v -3.946694 0.224719 0.170905
v -3.941171 0.193861 0.172855
v -3.935283 0.162802 0.174811
v -3.929017 0.131619 0.176770
v -3.922361 0.100385 0.178725
v -3.915302 0.069176 0.180672
v -3.907828 0.038067 0.182606
v -3.899926 0.007133 0.184521
v -3.891582 -0.023552 0.186412
v -3.882785 -0.053914 0.188275
v -3.873516 -0.083896 0.190104
v -2.435444 -0.307425 0.181026
v -2.423021 -0.309257 0.180941
v -2.411326 -0.312318 0.180950
v -2.400463 -0.316502 0.181046
v -2.390539 -0.321699 0.181225
v -2.381656 -0.327798 0.181481
v -2.373912 -0.334682 0.181808
v -2.367394 -0.342237 0.182200
v -2.362179 -0.350354 0.182650
v -2.358330 -0.358938 0.183154
v -2.355906 -0.367920 0.183708
v -2.354982 -0.377194 0.184306
v -2.356029 -0.390161 0.185181
v -2.359486 -0.402143 0.186031
v -2.365280 -0.413317 0.186866
v -2.373405 -0.423730 0.187690
v -2.383852 -0.433341 0.188499
v -2.396571 -0.442048 0.189286
v -2.411465 -0.449734 0.190041
v -2.428406 -0.456287 0.190756
v -2.447249 -0.461605 0.191420
v -2.467845 -0.465602 0.192026
v -2.490037 -0.468199 0.192566
v -2.513805 -0.469333 0.193036
v -2.522780 -0.469417 0.193190
v -2.531781 -0.469397 0.193338
v -2.540674 -0.469269 0.193477
v -2.549460 -0.469035 0.193608
v -2.558139 -0.468695 0.193729
v -2.566709 -0.468249 0.193842
v -2.575171 -0.467696 0.193946
v -2.583526 -0.467038 0.194041
v -2.591773 -0.466273 0.194127
v -2.599912 -0.465403 0.194205
v -2.607943 -0.464427 0.194273
v -2.606069 -0.464683 0.194259
v -2.604172 -0.450355 0.193280
v -2.598946 -0.427957 0.191712
v -2.591717 -0.407036 0.190208
v -2.582571 -0.387737 0.188780
v -2.571593 -0.370195 0.187437
v -2.558861 -0.354536 0.186190
v -2.544445 -0.340881 0.185048
v -2.528399 -0.329343 0.184018
v -2.510759 -0.320042 0.183110
v -2.491549 -0.313105 0.182333
v -2.470784 -0.308681 0.181696
v -2.448441 -0.306928 0.181209
v -2.306461 0.435851 0.129722
v -2.335981 0.435982 0.130204
v -2.372159 0.436341 0.130780
v -2.413325 0.436904 0.131426
v -2.457824 0.437647 0.132115
v -2.504001 0.438546 0.132822
v -2.550205 0.439578 0.133520
v -2.594782 0.440718 0.134185
v -2.636077 0.441943 0.134789
v -2.672429 0.443228 0.135307
v -2.702153 0.444548 0.135713
v -2.723730 0.445884 0.135983
v -2.732881 0.446406 0.136100
v -2.741139 0.446983 0.136199
v -2.748638 0.447612 0.136282
v -2.755429 0.448288 0.136350
v -2.761566 0.449004 0.136404
v -2.767102 0.449755 0.136446
v -2.772091 0.450535 0.136478
v -2.776589 0.451337 0.136499
v -2.780655 0.452158 0.136512
v -2.784348 0.452992 0.136519
v -2.787733 0.453837 0.136519
v -2.797435 0.456478 0.136505
v -2.865560 0.367897 0.143495
v -2.851021 0.357844 0.143918
v -2.845015 0.353746 0.144090
v -2.838958 0.349644 0.144261
v -2.832867 0.345531 0.144432
v -2.826760 0.341395 0.144604
v -2.820653 0.337229 0.144778
v -2.814564 0.333023 0.144955
v -2.808510 0.328768 0.145136
v -2.802509 0.324456 0.145322
v -2.796579 0.320079 0.145513
v -2.790735 0.315628 0.145710
v -2.784823 0.310959 0.145921
v -2.766372 0.297094 0.146532
v -2.744046 0.279810 0.147305
v -2.718331 0.259544 0.148219
v -2.689890 0.236869 0.149246
v -2.659382 0.212354 0.150362
v -2.627458 0.186563 0.151538
v -2.594769 0.160059 0.152749
v -2.561965 0.133407 0.153967
v -2.529697 0.107168 0.155167
v -2.498614 0.081905 0.156322
v -2.469362 0.058179 0.157406
v -2.483025 0.069217 0.156903
v -2.448380 0.058491 0.157037
v -2.463640 0.062619 0.157018
v -2.478940 0.066198 0.157035
v -2.494258 0.069257 0.157087
v -2.509571 0.071825 0.157171
v -2.524857 0.073929 0.157285
v -2.540095 0.075598 0.157428
v -2.555261 0.076860 0.157596
v -2.570335 0.077744 0.157788
v -2.585295 0.078278 0.158001
v -2.600119 0.078489 0.158233
v -2.614994 0.078404 0.158485
v -2.667572 0.074950 0.159586
v -2.717476 0.066379 0.160981
v -2.764178 0.052984 0.162642
v -2.807350 0.035042 0.164545
v -2.846659 0.012833 0.166666
v -2.881765 -0.013363 0.168982
v -2.912320 -0.043261 0.171466
v -2.937970 -0.076565 0.174095
v -2.958357 -0.112965 0.176841
v -2.973123 -0.152132 0.179676
v -2.981926 -0.193720 0.182573
v -2.984441 -0.237356 0.185501
v -2.980020 -0.288600 0.188818
v -2.968620 -0.336523 0.191798
v -2.950457 -0.380878 0.194431
v -2.925780 -0.421375 0.196700
v -2.894874 -0.457741 0.198592
v -2.858043 -0.489730 0.200097
v -2.815588 -0.517127 0.201205
v -2.767802 -0.539745 0.201908
v -2.714954 -0.557409 0.202199
v -2.657299 -0.569947 0.202072
v -2.595078 -0.577184 0.201518
v -2.528543 -0.578941 0.200530
v -2.485710 -0.576717 0.199672
v -2.445852 -0.571487 0.198665
v -2.409062 -0.563387 0.197519
v -2.375470 -0.552547 0.196244
v -2.345210 -0.539093 0.194852
v -2.318428 -0.523142 0.193353
v -2.295292 -0.504811 0.191756
v -2.275991 -0.484230 0.190075
v -2.260741 -0.461555 0.188322
v -2.249763 -0.436990 0.186515
v -2.243255 -0.410784 0.184674
v -2.241374 -0.383257 0.182822
v -2.243472 -0.359989 0.181317
v -2.248887 -0.337531 0.179922
v -2.257472 -0.316101 0.178647
v -2.269071 -0.295960 0.177507
v -2.283525 -0.277360 0.176517
v -2.300674 -0.260546 0.175689
v -2.320360 -0.245757 0.175038
v -2.342425 -0.233231 0.174575
v -2.366713 -0.223198 0.174314
v -2.393065 -0.215888 0.174268
v -2.421328 -0.211528 0.174449
v -2.451352 -0.210339 0.174868
v -2.490903 -0.213134 0.175710
v -2.527365 -0.220088 0.176775
v -2.560723 -0.230914 0.178044
v -2.590946 -0.245312 0.179498
v -2.618001 -0.262964 0.181115
v -2.641866 -0.283535 0.182871
v -2.662530 -0.306681 0.184745
v -2.680002 -0.332059 0.186714
v -2.694303 -0.359328 0.188755
v -2.705462 -0.388159 0.190847
v -2.713512 -0.418232 0.192970
v -2.716412 -0.436298 0.194213
v -2.729182 -0.431031 0.194076
v -2.751373 -0.419722 0.193696
v -2.771608 -0.407073 0.193196
v -2.789861 -0.393110 0.192575
v -2.806113 -0.377848 0.191835
v -2.820348 -0.361297 0.190976
v -2.832551 -0.343453 0.189999
v -2.842703 -0.324303 0.188901
v -2.850776 -0.303826 0.187680
v -2.856728 -0.282000 0.186335
v -2.860509 -0.258806 0.184864
v -2.862048 -0.234407 0.183275
v -2.860178 -0.205199 0.181312
v -2.853800 -0.177550 0.179378
v -2.843133 -0.151443 0.177474
v -2.828382 -0.127049 0.175616
v -2.809745 -0.104564 0.173819
v -2.787425 -0.084211 0.172102
v -2.761636 -0.066226 0.170485
v -2.732604 -0.050853 0.168986
v -2.700564 -0.038339 0.167627
v -2.665760 -0.028926 0.166427
v -2.628440 -0.022857 0.165406
v -2.588799 -0.020366 0.164584
v -2.538158 -0.021446 0.163815
v -2.491116 -0.026234 0.163351
v -2.447191 -0.034648 0.163178
v -2.405826 -0.046618 0.163284
v -2.366453 -0.062093 0.163654
v -2.328517 -0.081036 0.164277
v -2.291475 -0.103417 0.165143
v -2.254804 -0.129206 0.166240
v -2.217995 -0.158361 0.167558
v -2.180546 -0.190830 0.169084
v -2.141958 -0.226553 0.170807
v -2.094377 -0.272576 0.173062
v -2.008318 -0.180820 0.165564
v -2.044835 -0.151834 0.164253
v -2.074775 -0.127973 0.163172
v -2.106115 -0.102916 0.162034
v -2.138335 -0.077086 0.160860
v -2.170918 -0.050905 0.159669
v -2.203346 -0.024797 0.158481
v -2.235099 0.000816 0.157313
v -2.265659 0.025511 0.156187
v -2.294508 0.048866 0.155121
v -2.321128 0.070458 0.154134
v -2.344999 0.089864 0.153247
v -2.365653 0.106701 0.152476
v -2.385598 0.122596 0.151756
v -2.408578 0.141015 0.150919
v -2.434005 0.161485 0.149987
v -2.461231 0.183486 0.148983
v -2.489613 0.206499 0.147932
v -2.518505 0.230005 0.146856
v -2.547261 0.253485 0.145781
v -2.575237 0.276421 0.144728
v -2.601788 0.298293 0.143722
v -2.626267 0.318581 0.142786
v -2.648024 0.336762 0.141944
v -2.644844 0.334072 0.142069
v -2.652476 0.334257 0.142184
v -2.625286 0.333541 0.141780
v -2.592860 0.332646 0.141301
v -2.556510 0.331612 0.140766
v -2.517544 0.330475 0.140195
v -2.477269 0.329274 0.139606
v -2.436995 0.328047 0.139019
v -2.398028 0.326831 0.138453
v -2.361678 0.325663 0.137927
v -2.329254 0.324583 0.137460
v -2.302069 0.323628 0.137072
v -2.281387 0.322834 0.136782
v -2.274332 0.322595 0.136680
v -2.267295 0.322307 0.136583
v -2.260231 0.321967 0.136488
v -2.253154 0.321574 0.136397
v -2.246078 0.321128 0.136309
v -2.239015 0.320630 0.136224
v -2.231980 0.320079 0.136144
v -2.224987 0.319475 0.136068
v -2.218049 0.318818 0.135996
v -2.211181 0.318108 0.135929
v -2.204396 0.317345 0.135867
v -2.186677 0.315181 0.135716
v -2.184121 0.443949 0.127157
v -2.203101 0.441359 0.127643
v -2.210625 0.440457 0.127827
v -2.218321 0.439646 0.128009
v -2.226125 0.438924 0.128186
v -2.233979 0.438288 0.128358
v -2.241820 0.437734 0.128525
v -2.249590 0.437261 0.128685
v -2.257229 0.436863 0.128838
v -2.264678 0.436539 0.128984
v -2.271876 0.436284 0.129120
v -2.278765 0.436095 0.129247
v -2.285257 0.435969 0.129363
v -0.790560 0.379421 0.108300
v -0.820676 0.382076 0.108625
v -0.856261 0.385145 0.109012
v -0.896744 0.388564 0.109458
v -0.941552 0.392273 0.109956
v -0.990111 0.396209 0.110501
v -1.041846 0.400309 0.111089
v -1.096184 0.404512 0.111712
v -1.152552 0.408755 0.112367
v -1.210375 0.412976 0.113047
v -1.269079 0.417113 0.113748
v -1.328045 0.421100 0.114463
v -1.362554 0.423638 0.114867
v -1.396259 0.425940 0.115274
v -1.429052 0.428015 0.115681
v -1.460879 0.429879 0.116086
v -1.491687 0.431545 0.116487
v -1.521422 0.433027 0.116882
v -1.550032 0.434340 0.117270
v -1.577464 0.435498 0.117649
v -1.603664 0.436514 0.118016
v -1.628578 0.437403 0.118371
v -1.652154 0.438179 0.118711
v -1.684790 0.439176 0.119187
v -1.682786 0.316608 0.127261
v -1.653822 0.316993 0.126754
v -1.633522 0.317155 0.126407
v -1.612193 0.317165 0.126052
v -1.590136 0.316961 0.125700
v -1.567655 0.316481 0.125358
v -1.545056 0.315666 0.125037
v -1.522647 0.314454 0.124746
v -1.500737 0.312786 0.124492
v -1.479642 0.310605 0.124287
v -1.459682 0.307857 0.124137
v -1.441187 0.304494 0.124053
v -1.424750 0.300544 0.124041
v -1.381704 0.284253 0.124405
v -1.341545 0.263019 0.125143
v -1.304396 0.237414 0.126220
v -1.270412 0.208031 0.127599
v -1.239759 0.175470 0.129245
v -1.212606 0.140344 0.131117
v -1.189119 0.103271 0.133180
v -1.169462 0.064879 0.135393
v -1.153792 0.025800 0.137718
v -1.142263 -0.013326 0.140115
v -1.135017 -0.051853 0.142543
v -1.132186 -0.089055 0.144956
v -1.135825 -0.146638 0.148826
v -1.148064 -0.197391 0.152386
v -1.167994 -0.241883 0.155659
v -1.194786 -0.280602 0.158665
v -1.227671 -0.313970 0.161418
v -1.265877 -0.342324 0.163927
v -1.308586 -0.365949 0.166198
v -1.354935 -0.385114 0.168235
v -1.404032 -0.400095 0.170041
v -1.454964 -0.411181 0.171619
v -1.506816 -0.418674 0.172975
v -1.572051 -0.423974 0.174408
v -1.526009 -0.548944 0.181910
v -1.458301 -0.542569 0.180365
v -1.397597 -0.531766 0.178643
v -1.337668 -0.515712 0.176587
v -1.279552 -0.494259 0.174204
v -1.224294 -0.467251 0.171500
v -1.172956 -0.434521 0.168483
v -1.126620 -0.395901 0.165160
v -1.086398 -0.351231 0.161538
v -1.053429 -0.300385 0.157628
v -1.028865 -0.243289 0.153444
v -1.013829 -0.179924 0.149003
v -1.009395 -0.110430 0.144333
v -1.012733 -0.060326 0.141074
v -1.020755 -0.012213 0.138025
v -1.033019 0.033855 0.135181
v -1.049075 0.077689 0.132548
v -1.068472 0.119102 0.130131
v -1.090762 0.157915 0.127933
v -1.115504 0.193948 0.125960
v -1.142257 0.227025 0.124217
v -1.170587 0.256970 0.122706
v -1.200065 0.283606 0.121433
v -1.230270 0.306754 0.120403
v -1.225633 0.303795 0.120522
v -1.228654 0.304078 0.120554
v -1.184020 0.300031 0.120081
v -1.134127 0.295543 0.119550
v -1.080282 0.290651 0.118980
v -1.023795 0.285393 0.118390
v -0.965979 0.279805 0.117800
v -0.908148 0.273928 0.117229
v -0.851617 0.267799 0.116697
v -0.797707 0.261457 0.116222
v -0.747745 0.254943 0.115824
v -0.703070 0.248301 0.115522
v -0.654085 0.239647 0.115281
v -0.642507 0.372482 0.106303
v -0.665248 0.372790 0.106660
v -0.676844 0.373006 0.106838
v -0.688059 0.373272 0.107006
v -0.698859 0.373584 0.107165
v -0.709215 0.373938 0.107313
v -0.719093 0.374329 0.107451
v -0.728462 0.374755 0.107579
v -0.737289 0.375210 0.107695
v -0.745541 0.375691 0.107800
v -0.753185 0.376193 0.107894
v -0.760186 0.376712 0.107976
v -0.766535 0.377245 0.108046
v -0.013052 0.154905 0.110249
v -0.000638 0.180874 0.108325
v 0.008010 0.198499 0.107016
v 0.017034 0.216421 0.105681
v 0.026385 0.234519 0.104329
v 0.036017 0.252670 0.102968
v 0.045881 0.270753 0.101609
v 0.055929 0.288645 0.100258
v 0.066112 0.306224 0.098927
v 0.076382 0.323367 0.097622
v 0.086689 0.339951 0.096354
v 0.096981 0.355851 0.095132
v 0.114210 0.381273 0.093164
v 0.021705 0.418482 0.092238
v 0.008827 0.399024 0.093739
v -0.000522 0.384523 0.094853
v -0.010611 0.368534 0.096078
v -0.021249 0.351345 0.097392
v -0.032243 0.333247 0.098771
v -0.043401 0.314532 0.100194
v -0.054530 0.295493 0.101638
v -0.065436 0.276421 0.103081
v -0.075927 0.257607 0.104499
v -0.085810 0.239340 0.105872
v -0.094895 0.221904 0.107176
v -0.107581 0.196330 0.109078
v -0.184529 0.219863 0.108798
v -0.171936 0.245545 0.106890
v -0.163157 0.262813 0.105602
v -0.153920 0.280378 0.104287
v -0.144287 0.298110 0.102955
v -0.134319 0.315882 0.101614
v -0.124077 0.333568 0.100274
v -0.113624 0.351039 0.098945
v -0.103021 0.368169 0.097636
v -0.092331 0.384829 0.096357
v -0.081618 0.400890 0.095116
v -0.070945 0.416225 0.093925
v -0.053025 0.440776 0.092004
v -0.143928 0.481207 0.090838
v -0.157709 0.462258 0.092320
v -0.167669 0.447944 0.093432
v -0.178299 0.432133 0.094654
v -0.189416 0.415122 0.095964
v -0.200830 0.397210 0.097338
v -0.212350 0.378703 0.098753
v -0.223785 0.359904 0.100187
v -0.234941 0.341117 0.101614
v -0.245628 0.322646 0.103013
v -0.255653 0.304793 0.104361
v -0.264826 0.287856 0.105633
v -0.277686 0.262989 0.107491
v 0.383958 0.348074 0.090884
v 0.386225 0.303475 0.093797
v 0.388676 0.254117 0.097021
v 0.391243 0.200945 0.100495
v 0.393857 0.144902 0.104159
v 0.396449 0.086933 0.107950
v 0.398951 0.027981 0.111808
v 0.401293 -0.031008 0.115671
v 0.403406 -0.089088 0.119477
v 0.405223 -0.145315 0.123166
v 0.406674 -0.198740 0.126676
v 0.407685 -0.248167 0.129928
v 0.406456 -0.280547 0.132091
v 0.401855 -0.308948 0.134046
v 0.394131 -0.333784 0.135817
v 0.383521 -0.355283 0.137415
v 0.370210 -0.373705 0.138854
v 0.354322 -0.389304 0.140149
v 0.335937 -0.402281 0.141313
v 0.315139 -0.412775 0.142352
v 0.292050 -0.420884 0.143272
v 0.266828 -0.426690 0.144074
v 0.239663 -0.430280 0.144762
v 0.210831 -0.431750 0.145338
v 0.155224 -0.429972 0.146143
v 0.103627 -0.423207 0.146552
v 0.055758 -0.411911 0.146599
v 0.011383 -0.396533 0.146318
v -0.029724 -0.377512 0.145742
v -0.067785 -0.355279 0.144903
v -0.103008 -0.330260 0.143833
v -0.135592 -0.302886 0.142563
v -0.165731 -0.273590 0.141125
v -0.193612 -0.242812 0.139552
v -0.219421 -0.210994 0.137876
v -0.251127 -0.168041 0.135561
v -0.335823 -0.272193 0.143855
v -0.306520 -0.309336 0.145826
v -0.278622 -0.341314 0.147478
v -0.247187 -0.373524 0.149087
v -0.212084 -0.405259 0.150604
v -0.173184 -0.435809 0.151979
v -0.130361 -0.464461 0.153163
v -0.083491 -0.490500 0.154108
v -0.032459 -0.513206 0.154763
v 0.022845 -0.531861 0.155079
v 0.082522 -0.545751 0.155008
v 0.146667 -0.554166 0.154500
v 0.215315 -0.556403 0.153509
v 0.260971 -0.554051 0.152596
v 0.304033 -0.548278 0.151499
v 0.344330 -0.538855 0.150207
v 0.381605 -0.525540 0.148708
v 0.415567 -0.508092 0.146990
v 0.445888 -0.486285 0.145045
v 0.472204 -0.459937 0.142865
v 0.494153 -0.428931 0.140450
v 0.511420 -0.393197 0.137800
v 0.523750 -0.352665 0.134915
v 0.530939 -0.307234 0.131790
v 0.532789 -0.256972 0.128435
v 0.531689 -0.206759 0.125132
v 0.530032 -0.152311 0.121558
v 0.527928 -0.094521 0.117770
v 0.525496 -0.034516 0.113842
v 0.522850 0.026572 0.109845
v 0.520108 0.087613 0.105853
v 0.517385 0.147473 0.101939
v 0.514798 0.205016 0.098176
v 0.512464 0.259107 0.094637
v 0.510498 0.308606 0.091395
v 0.509018 0.352368 0.088525
v 0.508138 0.389248 0.086100
v 0.508027 0.400892 0.085332
v 0.508075 0.412459 0.084566
v 0.508283 0.423920 0.083804
v 0.508650 0.435246 0.083049
v 0.509178 0.446410 0.082302
v 0.509866 0.457384 0.081565
v 0.510715 0.468139 0.080839
v 0.511723 0.478648 0.080127
v 0.512892 0.488883 0.079431
v 0.514220 0.498815 0.078752
v 0.515706 0.508414 0.078092
v 0.519514 0.529810 0.076614
v 0.366598 0.525975 0.079405
v 0.370144 0.504189 0.080787
v 0.371743 0.493642 0.081458
v 0.373237 0.483020 0.082136
v 0.374627 0.472341 0.082820
v 0.375912 0.461623 0.083507
v 0.377091 0.450883 0.084198
v 0.378166 0.440141 0.084891
v 0.379134 0.429414 0.085584
v 0.379996 0.418721 0.086277
v 0.380752 0.408080 0.086968
v 0.381400 0.397508 0.087657
v 0.381944 0.386975 0.088345
v 1.023471 -0.568383 0.140891
v 1.130482 -0.566757 0.139008
v 1.129709 -0.519505 0.135895
v 1.592144 -0.512477 0.127757
v 1.592979 -0.563560 0.131122
v 1.696151 -0.561992 0.129306
v 1.689078 -0.129547 0.100819
v 1.016460 -0.139769 0.112657
v 1.125093 -0.237275 0.117304
v 1.587528 -0.230247 0.109165
v 1.590522 -0.413346 0.121226
v 1.128088 -0.420373 0.129365
v 1.024862 0.129087 0.094734
v 1.668048 0.138862 0.083415
v 1.666427 0.237994 0.076885
v 1.023241 0.228219 0.088204
v 1.027808 -0.050978 0.106595
v 1.670994 -0.041204 0.095276
v 1.669393 0.056651 0.088830
v 1.026207 0.046876 0.100149
v 0.922083 0.308913 0.084545
v 1.757217 0.321605 0.069848
v 1.755554 0.423291 0.063149
v 0.920420 0.410599 0.077847
v 1.346053 0.610034 0.057592
v 1.336910 0.595773 0.058687
v 1.327882 0.581116 0.059807
v 1.319039 0.566202 0.060940
v 1.310452 0.551170 0.062077
v 1.302191 0.536160 0.063207
v 1.294328 0.521310 0.064319
v 1.286933 0.506759 0.065404
v 1.280078 0.492644 0.066452
v 1.273832 0.479100 0.067451
v 1.268266 0.466256 0.068393
v 1.259889 0.445359 0.069914
v 1.364746 0.400426 0.071147
v 1.373134 0.422047 0.069577
v 1.378495 0.434909 0.068638
v 1.384538 0.448616 0.067631
v 1.391178 0.462993 0.066570
v 1.398330 0.477873 0.065467
v 1.405910 0.493088 0.064334
v 1.413835 0.508473 0.063185
v 1.422021 0.523864 0.062031
v 1.430384 0.539096 0.060885
v 1.438840 0.554004 0.059759
v 1.447304 0.568423 0.058665
v 1.462060 0.592638 0.056818
v 1.359546 0.630193 0.056035
v 1.724637 0.567919 0.054096
v 1.732865 0.546228 0.055394
v 1.741396 0.524580 0.056684
v 1.750219 0.502991 0.057966
v 1.759327 0.481479 0.059238
v 1.768710 0.460062 0.060499
v 1.778359 0.438756 0.061748
v 1.788265 0.417579 0.062984
v 1.798419 0.396548 0.064207
v 1.808811 0.375681 0.065415
v 1.819433 0.354995 0.066607
v 1.829129 0.336676 0.067657
v 1.843854 -0.563579 0.126960
v 1.952145 -0.561934 0.125054
v 1.940462 0.152326 0.078004
v 1.931522 0.165677 0.077269
v 1.941575 0.150993 0.078073
v 1.951726 0.136502 0.078863
v 1.961971 0.122222 0.079638
v 1.972305 0.108171 0.080396
v 1.982725 0.094364 0.081136
v 1.993225 0.080821 0.081858
v 2.003803 0.067559 0.082560
v 2.014453 0.054594 0.083240
v 2.025172 0.041945 0.083899
v 2.035956 0.029628 0.084535
v 2.057049 0.006351 0.085725
v 2.065753 0.025886 0.084288
v 2.068843 0.032266 0.083815
v 2.072536 0.039477 0.083276
v 2.076713 0.047304 0.082689
v 2.081266 0.055545 0.082069
v 2.086086 0.064008 0.081429
v 2.091063 0.072502 0.080785
v 2.096092 0.080835 0.080150
v 2.101062 0.088817 0.079540
v 2.105861 0.096253 0.078968
v 2.110373 0.102942 0.078451
v 2.119240 0.115354 0.077483
v 2.084885 0.153340 0.075540
v 2.056482 0.187755 0.073735
v 2.028599 0.224513 0.071766
v 2.001360 0.263385 0.069647
v 1.974885 0.304144 0.067391
v 1.949293 0.346561 0.065010
v 1.924703 0.390410 0.062517
v 1.901233 0.435463 0.059927
v 1.878999 0.481491 0.057251
v 1.858118 0.528268 0.054504
v 1.838706 0.575565 0.051697
v 1.817496 0.632185 0.048304
v 1.713175 0.599362 0.052206
v 3.166869 0.414030 0.040343
v 3.174247 0.378704 0.042557
v 3.181936 0.340119 0.044982
v 3.189734 0.298960 0.047575
v 3.197438 0.255909 0.050294
v 3.204845 0.211652 0.053099
v 3.211754 0.166873 0.055946
v 3.217961 0.122259 0.058794
v 3.223264 0.078497 0.061601
v 3.227463 0.036282 0.064323
v 3.230357 -0.003686 0.066919
v 3.231752 -0.040797 0.069350
v 3.231923 -0.056081 0.070359
v 3.231931 -0.071135 0.071354
v 3.231776 -0.085940 0.072336
v 3.231459 -0.100560 0.073308
v 3.230982 -0.115058 0.074275
v 3.230345 -0.129498 0.075241
v 3.229548 -0.143944 0.076210
v 3.228595 -0.158459 0.077185
v 3.227483 -0.173105 0.078173
v 3.226215 -0.187947 0.079175
v 3.224792 -0.203047 0.080198
v 3.227349 -0.178069 0.078503
v 3.236580 -0.201169 0.079878
v 3.230390 -0.185839 0.078967
v 3.223944 -0.170021 0.078027
v 3.217307 -0.153862 0.077069
v 3.210544 -0.137512 0.076100
v 3.203718 -0.121120 0.075129
v 3.196894 -0.104836 0.074165
v 3.190136 -0.088808 0.073217
v 3.183510 -0.073185 0.072293
v 3.177078 -0.058118 0.071403
v 3.170907 -0.043754 0.070556
v 3.159908 -0.018343 0.069057
v 3.090847 -0.072578 0.073791
v 3.102400 -0.102808 0.075599
v 3.111714 -0.127596 0.077084
v 3.121250 -0.153407 0.078633
v 3.130835 -0.179826 0.080221
v 3.140296 -0.206436 0.081824
v 3.149462 -0.232818 0.083417
v 3.158161 -0.258554 0.084975
v 3.166218 -0.283223 0.086473
v 3.173461 -0.306401 0.087886
v 3.179715 -0.327655 0.089188
v 3.184803 -0.346536 0.090352
v 3.188584 -0.362728 0.091361
v 3.189590 -0.367458 0.091657
v 3.190592 -0.372393 0.091967
v 3.191559 -0.377424 0.092283
v 3.192472 -0.382494 0.092604
v 3.193313 -0.387547 0.092924
v 3.194063 -0.392525 0.093241
v 3.194703 -0.397367 0.093550
v 3.195216 -0.402012 0.093849
v 3.195585 -0.406393 0.094133
v 3.195796 -0.410436 0.094397
v 3.195837 -0.414058 0.094635
v 3.195699 -0.417359 0.094856
v 3.195447 -0.420812 0.095089
v 3.195186 -0.424559 0.095341
v 3.194927 -0.428395 0.095599
v 3.194670 -0.432290 0.095861
v 3.194414 -0.436213 0.096125
v 3.194158 -0.440135 0.096388
v 3.193903 -0.444024 0.096650
v 3.193647 -0.447847 0.096907
v 3.193390 -0.451575 0.097158
v 3.193132 -0.455173 0.097400
v 3.192872 -0.458610 0.097632
v 3.191784 -0.472104 0.098542
v 3.302540 -0.478090 0.097100
v 3.310475 -0.446024 0.094848
v 3.316193 -0.419604 0.093005
v 3.321581 -0.391083 0.091029
v 3.326579 -0.360562 0.088928
v 3.331131 -0.328144 0.086708
v 3.335176 -0.293931 0.084378
v 3.338655 -0.258030 0.081945
v 3.341507 -0.220544 0.079418
v 3.343674 -0.181579 0.076805
v 3.345095 -0.141241 0.074113
v 3.345708 -0.099636 0.071351
v 3.345453 -0.056836 0.068525
v 3.343827 -0.009066 0.065392
v 3.340659 0.039450 0.062235
v 3.336205 0.088183 0.059086
v 3.330713 0.136648 0.055971
v 3.324434 0.184356 0.052920
v 3.317617 0.230820 0.049960
v 3.310511 0.275547 0.047119
v 3.303365 0.318045 0.044427
v 3.296427 0.357818 0.041911
v 3.289949 0.394368 0.039601
v 3.284179 0.427189 0.037526
v 3.279342 0.455927 0.035705
v 3.277964 0.463355 0.035237
v 3.276670 0.470776 0.034767
v 3.275444 0.478292 0.034291
v 3.274297 0.485872 0.033808
v 3.273238 0.493483 0.033322
v 3.272276 0.501093 0.032835
v 3.271420 0.508669 0.032348
v 3.270679 0.516179 0.031864
v 3.270064 0.523589 0.031384
v 3.269581 0.530867 0.030910
v 3.269242 0.537977 0.030446
v 3.268754 0.555791 0.029275
v 3.132182 0.541444 0.032491
v 3.137571 0.524083 0.033550
v 3.139541 0.517666 0.033941
v 3.141653 0.510710 0.034366
v 3.143865 0.503344 0.034817
v 3.146134 0.495697 0.035285
v 3.148419 0.487899 0.035763
v 3.150675 0.480080 0.036243
v 3.152861 0.472369 0.036717
v 3.154934 0.464898 0.037176
v 3.156851 0.457799 0.037614
v 3.158568 0.451210 0.038021
v 3.160027 0.445326 0.038386
v 2.368411 0.311373 0.060382
v 2.414067 0.307671 0.059870
v 2.454640 0.305397 0.059347
v 2.498280 0.303816 0.058727
v 2.544243 0.302912 0.058024
v 2.591781 0.302674 0.057251
v 2.640141 0.303088 0.056421
v 2.688570 0.304145 0.055548
v 2.736315 0.305831 0.054644
v 2.782623 0.308137 0.053723
v 2.826744 0.311052 0.052798
v 2.867934 0.314567 0.051882
v 2.914344 0.319649 0.050776
v 2.912337 0.442357 0.042693
v 2.864066 0.434899 0.043987
v 2.823189 0.430264 0.044972
v 2.778995 0.426636 0.045945
v 2.732377 0.423986 0.046894
v 2.684220 0.422283 0.047806
v 2.635405 0.421494 0.048668
v 2.586808 0.421582 0.049469
v 2.539307 0.422513 0.050195
v 2.493779 0.424251 0.050836
v 2.451108 0.426758 0.051378
v 2.412182 0.429995 0.051810
v 2.366385 0.435234 0.052223
v 2.871592 -0.220399 0.087206
v 2.869115 -0.233247 0.088097
v 2.864553 -0.245552 0.088987
v 2.857612 -0.257284 0.089878
v 2.847904 -0.268424 0.090776
v 2.834975 -0.278882 0.091682
v 2.818375 -0.288483 0.092593
v 2.797700 -0.296989 0.093499
v 2.772600 -0.304151 0.094389
v 2.742762 -0.309725 0.095253
v 2.707888 -0.313485 0.096080
v 2.667591 -0.315224 0.096864
v 2.639386 -0.315440 0.097346
v 2.611698 -0.315215 0.097791
v 2.584553 -0.314542 0.098197
v 2.557874 -0.313413 0.098565
v 2.531585 -0.311820 0.098895
v 2.505609 -0.309757 0.099190
v 2.479867 -0.307214 0.099449
v 2.454283 -0.304186 0.099673
v 2.428778 -0.300663 0.099863
v 2.403276 -0.296637 0.100020
v 2.377698 -0.292101 0.100145
v 2.340051 -0.284705 0.100280
v 2.339093 -0.412582 0.108754
v 2.368392 -0.417422 0.108588
v 2.390442 -0.420676 0.108438
v 2.413587 -0.423697 0.108253
v 2.437817 -0.426458 0.108034
v 2.463124 -0.428935 0.107778
v 2.489499 -0.431099 0.107483
v 2.516932 -0.432926 0.107149
v 2.545417 -0.434388 0.106773
v 2.574941 -0.435460 0.106354
v 2.605498 -0.436114 0.105890
v 2.637077 -0.436325 0.105380
v 2.669778 -0.436065 0.104820
v 2.721540 -0.433786 0.103811
v 2.768579 -0.428627 0.102689
v 2.810897 -0.420641 0.101458
v 2.848586 -0.409866 0.100120
v 2.881730 -0.396327 0.098675
v 2.910380 -0.380038 0.097122
v 2.934546 -0.361025 0.095463
v 2.954189 -0.339354 0.093704
v 2.969260 -0.315170 0.091854
v 2.979752 -0.288683 0.089928
v 2.985735 -0.260123 0.087940
v 2.987336 -0.229924 0.085916
v 2.986982 -0.218475 0.085164
v 2.986311 -0.207204 0.084430
v 2.985320 -0.195785 0.083691
v 2.984014 -0.184164 0.082944
v 2.982399 -0.172286 0.082185
v 2.980479 -0.160095 0.081411
v 2.978261 -0.147533 0.080617
v 2.975747 -0.134541 0.079799
v 2.972944 -0.121063 0.078954
v 2.969853 -0.107037 0.078078
v 2.966481 -0.092406 0.077166
v 2.960784 -0.068536 0.075682
v 2.848309 -0.081178 0.078384
v 2.854736 -0.103948 0.079784
v 2.857682 -0.114912 0.080460
v 2.860353 -0.125452 0.081113
v 2.862749 -0.135604 0.081745
v 2.864871 -0.145403 0.082357
v 2.866722 -0.154883 0.082954
v 2.868303 -0.164080 0.083536
v 2.869617 -0.173031 0.084106
v 2.870665 -0.181773 0.084667
v 2.871450 -0.190345 0.085221
v 2.871975 -0.198784 0.085770
v 2.872232 -0.206889 0.086302
v 3.938929 0.436115 0.026071
v 3.907269 0.420990 0.027597
v 3.881473 0.407980 0.028885
v 3.854455 0.393756 0.030274
v 3.826684 0.378597 0.031738
v 3.798630 0.362779 0.033250
v 3.770768 0.346582 0.034783
v 3.743571 0.330286 0.036312
v 3.717511 0.314166 0.037811
v 3.693061 0.298500 0.039253
v 3.670686 0.283559 0.040613
v 3.650843 0.269606 0.041865
v 3.626455 0.251215 0.043486
v 3.697261 0.151051 0.048936
v 3.723831 0.173234 0.047028
v 3.744395 0.189054 0.045640
v 3.767040 0.205382 0.044185
v 3.791330 0.221980 0.042684
v 3.816834 0.238617 0.041160
v 3.843125 0.255068 0.039636
v 3.869778 0.271106 0.038133
v 3.896367 0.286509 0.036673
v 3.922468 0.301054 0.035277
v 3.947653 0.314516 0.033969
v 3.971493 0.326673 0.032769
v 4.004221 0.342437 0.031184
v 4.197981 -0.192717 0.063366
v 4.218553 -0.194902 0.063169
v 4.237633 -0.198639 0.063099
v 4.255099 -0.203809 0.063152
v 4.270826 -0.210292 0.063319
v 4.284700 -0.217956 0.063596
v 4.296621 -0.226666 0.063974
v 4.306509 -0.236286 0.064447
v 4.314314 -0.246699 0.065006
v 4.320009 -0.257822 0.065647
v 4.323563 -0.269628 0.066369
v 4.324926 -0.282243 0.067181
v 4.324232 -0.295308 0.068057
v 4.321718 -0.307559 0.068909
v 4.317415 -0.318878 0.069729
v 4.311304 -0.329296 0.070519
v 4.303316 -0.338835 0.071283
v 4.293350 -0.347476 0.072020
v 4.281303 -0.355151 0.072727
v 4.267097 -0.361757 0.073400
v 4.250681 -0.367176 0.074031
v 4.232031 -0.371287 0.074612
v 4.211134 -0.373977 0.075137
v 4.188053 -0.375139 0.075597
v 4.163848 -0.374403 0.075950
v 4.142606 -0.371549 0.076113
v 4.124159 -0.366778 0.076104
v 4.108344 -0.360292 0.075937
v 4.094961 -0.352269 0.075629
v 4.083784 -0.342843 0.075191
v 4.074599 -0.332096 0.074632
v 4.067234 -0.320073 0.073959
v 4.061573 -0.306824 0.073177
v 4.057534 -0.292428 0.072292
v 4.055053 -0.277001 0.071312
v 4.054055 -0.260592 0.070244
v 4.054349 -0.210710 0.066939
v 4.057532 -0.209713 0.066820
v 4.067691 -0.206834 0.066462
v 4.078000 -0.204211 0.066117
v 4.088450 -0.201845 0.065787
v 4.099032 -0.199734 0.065472
v 4.109737 -0.197881 0.065172
v 4.120556 -0.196285 0.064887
v 4.131480 -0.194948 0.064617
v 4.142501 -0.193869 0.064363
v 4.153609 -0.193049 0.064124
v 4.164794 -0.192488 0.063901
v 4.175910 -0.192190 0.063697
v 3.942714 -0.136625 0.063891
v 3.921710 -0.145030 0.064796
v 3.895325 -0.156798 0.066012
v 3.869845 -0.169311 0.067263
v 3.845279 -0.182465 0.068540
v 3.821632 -0.196155 0.069838
v 3.798911 -0.210279 0.071149
v 3.777122 -0.224732 0.072467
v 3.756271 -0.239411 0.073784
v 3.736365 -0.254214 0.075093
v 3.717410 -0.269037 0.076388
v 3.699412 -0.283776 0.077662
v 3.675777 -0.303969 0.079390
v 3.743454 -0.407086 0.085087
v 3.765935 -0.386766 0.083370
v 3.780288 -0.374025 0.082289
v 3.795202 -0.361097 0.081187
v 3.810679 -0.348070 0.080068
v 3.826722 -0.335030 0.078939
v 3.843329 -0.322065 0.077806
v 3.860502 -0.309262 0.076675
v 3.878242 -0.296709 0.075550
v 3.896547 -0.284492 0.074438
v 3.915419 -0.272699 0.073345
v 3.934858 -0.261416 0.072276
v 3.940181 -0.258573 0.072000
v 3.939902 -0.295803 0.074467
v 3.941757 -0.321863 0.076160
v 3.946575 -0.347094 0.077749
v 3.954477 -0.371109 0.079206
v 3.965588 -0.393634 0.080512
v 3.980008 -0.414376 0.081644
v 3.997804 -0.433034 0.082583
v 4.019009 -0.449318 0.083308
v 4.043634 -0.462976 0.083803
v 4.071699 -0.473787 0.084052
v 4.103240 -0.481558 0.084043
v 4.138319 -0.486108 0.083762
v 4.176983 -0.487254 0.083196
v 4.212340 -0.485485 0.082492
v 4.246288 -0.481245 0.081649
v 4.278586 -0.474473 0.080665
v 4.308933 -0.465104 0.079542
v 4.337021 -0.453063 0.078279
v 4.362523 -0.438265 0.076877
v 4.385083 -0.420625 0.075336
v 4.404310 -0.400080 0.073658
v 4.419784 -0.376612 0.071849
v 4.431092 -0.350269 0.069919
v 4.437869 -0.321149 0.067880
v 4.439822 -0.289319 0.065742
v 4.436928 -0.259299 0.063805
v 4.429422 -0.231258 0.062075
v 4.417593 -0.205402 0.060561
v 4.401769 -0.181914 0.059270
v 4.382300 -0.160940 0.058205
v 4.359527 -0.142588 0.057369
v 4.333776 -0.126939 0.056762
v 4.305352 -0.114067 0.056382
v 4.274545 -0.104042 0.056230
v 4.241632 -0.096938 0.056306
v 4.206884 -0.092837 0.056612
v 4.170744 -0.091831 0.057145
v 4.159568 -0.092084 0.057347
v 4.148625 -0.092498 0.057556
v 4.137740 -0.093083 0.057775
v 4.126920 -0.093843 0.058005
v 4.116167 -0.094782 0.058246
v 4.105486 -0.095906 0.058497
v 4.094882 -0.097219 0.058760
v 4.084360 -0.098726 0.059034
v 4.073923 -0.100432 0.059320
v 4.063576 -0.102341 0.059618
v 4.053323 -0.104459 0.059928
v 4.055948 -0.103856 0.059845
v 4.056394 -0.090206 0.058935
v 4.057287 -0.062880 0.057112
v 4.058188 -0.035046 0.055256
v 4.059086 -0.006904 0.053380
v 4.059963 0.021348 0.051497
v 4.060807 0.049509 0.049620
v 4.061602 0.077380 0.047763
v 4.062334 0.104761 0.045940
v 4.062989 0.131454 0.044164
v 4.063552 0.157260 0.042447
v 4.064008 0.181981 0.040805
v 4.064490 0.215679 0.038568
v 3.943905 0.213846 0.040690
v 3.945348 0.190628 0.042202
v 3.946031 0.178332 0.043004
v 3.946611 0.166437 0.043781
v 3.947093 0.154875 0.044538
v 3.947481 0.143579 0.045278
v 3.947783 0.132480 0.046008
v 3.948003 0.121511 0.046729
v 3.948146 0.110604 0.047448
v 3.948220 0.099692 0.048169
v 3.948227 0.088707 0.048895
v 3.948176 0.077582 0.049632
v 3.948070 0.066314 0.050379
v 4.287967 0.418319 0.021456
v 4.271269 0.420924 0.021561
v 4.254508 0.423748 0.021652
v 4.237708 0.426795 0.021729
v 4.220889 0.430070 0.021792
v 4.204075 0.433578 0.021839
v 4.187288 0.437323 0.021870
v 4.170551 0.441309 0.021884
v 4.153886 0.445540 0.021880
v 4.137316 0.450023 0.021859
v 4.120863 0.454759 0.021819
v 4.091681 0.463695 0.021712
v 4.090470 0.346725 0.029469
v 4.115409 0.340275 0.029482
v 4.133330 0.335894 0.029474
v 4.151716 0.331647 0.029450
v 4.170535 0.327543 0.029409
v 4.189758 0.323589 0.029352
v 4.209353 0.319793 0.029277
v 4.229290 0.316164 0.029187
v 4.249538 0.312709 0.029079
v 4.270067 0.309438 0.028955
v 4.290846 0.306358 0.028814
v 4.311843 0.303477 0.028656
v 4.327024 0.301563 0.028531
v 4.342383 0.261488 0.030927
v 4.361871 0.214466 0.033713
v 4.383068 0.166649 0.036524
v 4.405751 0.118457 0.039336
v 4.429696 0.070310 0.042123
v 4.454681 0.022631 0.044862
v 4.480484 -0.024160 0.047529
v 4.506884 -0.069639 0.050099
v 4.533659 -0.113386 0.052548
v 4.560592 -0.154980 0.054853
v 4.587465 -0.194003 0.056988
v 4.619106 -0.236867 0.059298
v 4.735255 -0.174357 0.053236
v 4.700373 -0.132971 0.051077
v 4.673532 -0.098234 0.049225
v 4.646865 -0.061043 0.047208
v 4.620574 -0.021874 0.045053
v 4.594857 0.018799 0.042790
v 4.569911 0.060502 0.040445
v 4.545931 0.102762 0.038048
v 4.523110 0.145106 0.035626
v 4.501643 0.187062 0.033207
v 4.481720 0.228156 0.030819
v 4.463537 0.267914 0.028491
v 4.453507 0.291330 0.027109
v 4.447197 0.291636 0.027193
v 4.456854 0.291221 0.027060
v 4.466500 0.290859 0.026924
v 4.476132 0.290550 0.026785
v 4.485745 0.290295 0.026642
v 4.495336 0.290093 0.026496
v 4.504899 0.289944 0.026348
v 4.514431 0.289848 0.026196
v 4.523927 0.289805 0.026041
v 4.533381 0.289814 0.025883
v 4.542791 0.289877 0.025723
v 4.552149 0.289992 0.025560
v 4.564159 0.290202 0.025347
v 4.576391 0.290468 0.025127
v 4.588807 0.290790 0.024899
v 4.601368 0.291168 0.024666
v 4.614035 0.291600 0.024427
v 4.626768 0.292088 0.024183
v 4.639527 0.292629 0.023936
v 4.652274 0.293223 0.023685
v 4.664968 0.293870 0.023432
v 4.677567 0.294569 0.023176
v 4.690037 0.295319 0.022920
v 4.711185 0.296698 0.022478
v 4.717074 0.413538 0.014652
v 4.693169 0.410143 0.015273
v 4.681057 0.408613 0.015575
v 4.668674 0.407226 0.015872
v 4.656053 0.405980 0.016164
v 4.643225 0.404870 0.016451
v 4.630222 0.403893 0.016731
v 4.617078 0.403046 0.017005
v 4.603824 0.402324 0.017273
v 4.590491 0.401724 0.017534
v 4.577112 0.401242 0.017788
v 4.563718 0.400875 0.018034
v 4.550346 0.400618 0.018273
v 4.538862 0.400496 0.018472
v 4.527272 0.400473 0.018665
v 4.515577 0.400546 0.018855
v 4.503784 0.400709 0.019040
v 4.491895 0.400960 0.019220
v 4.479915 0.401293 0.019397
v 4.467850 0.401705 0.019570
v 4.455705 0.402191 0.019739
v 4.443483 0.402746 0.019905
v 4.431189 0.403367 0.020068
v 4.418828 0.404049 0.020228
v 4.413500 0.404366 0.020296
v 4.410381 0.415453 0.019614
v 4.405445 0.433641 0.018493
v 4.400659 0.452049 0.017355
v 4.396072 0.470604 0.016204
v 4.391735 0.489235 0.015043
v 4.387696 0.507871 0.013878
v 4.384007 0.526438 0.012711
v 4.380715 0.544864 0.011547
v 4.377872 0.563075 0.010389
v 4.375523 0.580997 0.009243
v 4.373718 0.598555 0.008111
v 4.371760 0.626173 0.006317
v 4.237429 0.611924 0.009489
v 4.243615 0.588609 0.010928
v 4.247090 0.575338 0.011748
v 4.250827 0.560974 0.012636
v 4.254809 0.545646 0.013584
v 4.259020 0.529478 0.014584
v 4.263446 0.512595 0.015627
v 4.268069 0.495122 0.016706
v 4.272876 0.477184 0.017813
v 4.277849 0.458903 0.018939
v 4.282977 0.440404 0.020078
v 4.288240 0.421809 0.021221
v 4.289309 0.418126 0.021446
v 3.938929 0.436115 0.026071
v 3.934955 0.420277 -0.213373
v 3.907269 0.420990 0.027597
v 3.903296 0.405152 -0.211847
v 3.881473 0.407980 0.028885
v 3.877499 0.392142 -0.210559
v 3.854455 0.393756 0.030274
v 3.850482 0.377919 -0.209170
v 3.826684 0.378597 0.031738
v 3.822710 0.362759 -0.207706
v 3.798630 0.362779 0.033250
v 3.794657 0.346941 -0.206194
v 3.770768 0.346582 0.034783
v 3.766794 0.330745 -0.204661
v 3.743571 0.330286 0.036312
v 3.739597 0.314448 -0.203131
v 3.717511 0.314166 0.037811
v 3.713538 0.298329 -0.201633
v 3.693061 0.298500 0.039253
v 3.689088 0.282663 -0.200191
v 3.670686 0.283559 0.040613
v 3.666713 0.267722 -0.198831
v 3.650843 0.269606 0.041865
v 3.646869 0.253768 -0.197579
v 3.626455 0.251215 0.043486
v 3.622482 0.235378 -0.195958
v 3.697261 0.151051 0.048936
v 3.693287 0.135214 -0.190508
v 3.723831 0.173234 0.047028
v 3.719858 0.157396 -0.192416
v 3.744395 0.189054 0.045640
v 3.740422 0.173216 -0.193803
v 3.767040 0.205382 0.044185
v 3.763067 0.189544 -0.195259
v 3.791330 0.221980 0.042684
v 3.787356 0.206142 -0.196760
v 3.816834 0.238617 0.041160
v 3.812860 0.222780 -0.198284
v 3.843125 0.255068 0.039636
v 3.839152 0.239230 -0.199808
v 3.869778 0.271106 0.038133
v 3.865804 0.255268 -0.201311
v 3.896367 0.286509 0.036673
v 3.892394 0.270671 -0.202771
v 3.922468 0.301054 0.035277
v 3.918495 0.285216 -0.204166
v 3.947653 0.314516 0.033969
v 3.943680 0.298678 -0.205475
v 3.971493 0.326673 0.032769
v 3.967519 0.310835 -0.206675
v 4.004221 0.342437 0.031184
v 4.000248 0.326599 -0.208260
v 4.197981 -0.192717 0.063366
v 4.194008 -0.208555 -0.176078
v 4.218553 -0.194902 0.063169
v 4.214580 -0.210740 -0.176275
v 4.237633 -0.198639 0.063099
v 4.233660 -0.214476 -0.176344
v 4.255099 -0.203809 0.063152
v 4.251126 -0.219647 -0.176292
v 4.270826 -0.210292 0.063319
v 4.266853 -0.226130 -0.176124
v 4.284700 -0.217956 0.063596
v 4.280727 -0.233794 -0.175848
v 4.296621 -0.226666 0.063974
v 4.292648 -0.242503 -0.175469
v 4.306509 -0.236286 0.064447
v 4.302536 -0.252124 -0.174997
v 4.314314 -0.246699 0.065006
v 4.310341 -0.262537 -0.174438
v 4.320009 -0.257822 0.065647
v 4.316036 -0.273660 -0.173797
v 4.323563 -0.269628 0.066369
v 4.319590 -0.285466 -0.173075
v 4.324926 -0.282243 0.067181
v 4.320953 -0.298081 -0.172263
v 4.324232 -0.295308 0.068057
v 4.320259 -0.311146 -0.171387
v 4.321718 -0.307559 0.068909
v 4.317745 -0.323397 -0.170535
v 4.317415 -0.318878 0.069729
v 4.313442 -0.334716 -0.169715
v 4.311304 -0.329296 0.070519
v 4.307331 -0.345134 -0.168925
v 4.303316 -0.338835 0.071283
v 4.299343 -0.354673 -0.168161
v 4.293350 -0.347476 0.072020
v 4.289377 -0.363313 -0.167424
v 4.281303 -0.355151 0.072727
v 4.277330 -0.370989 -0.166717
v 4.267097 -0.361757 0.073400
v 4.263124 -0.377595 -0.166044
v 4.250681 -0.367176 0.074031
v 4.246708 -0.383014 -0.165413
v 4.232031 -0.371287 0.074612
v 4.228058 -0.387125 -0.164832
v 4.211134 -0.373977 0.075137
v 4.207161 -0.389815 -0.164307
v 4.188053 -0.375139 0.075597
v 4.184080 -0.390977 -0.163847
v 4.163848 -0.374403 0.075950
v 4.159875 -0.390241 -0.163494
v 4.142606 -0.371549 0.076113
v 4.138633 -0.387387 -0.163331
v 4.124159 -0.366778 0.076104
v 4.120186 -0.382616 -0.163340
v 4.108344 -0.360292 0.075937
v 4.104371 -0.376130 -0.163507
v 4.094961 -0.352269 0.075629
v 4.090988 -0.368106 -0.163815
v 4.083784 -0.342843 0.075191
v 4.079811 -0.358681 -0.164253
v 4.074599 -0.332096 0.074632
v 4.070626 -0.347934 -0.164812
v 4.067234 -0.320073 0.073959
v 4.063261 -0.335911 -0.165485
v 4.061573 -0.306824 0.073177
v 4.057600 -0.322662 -0.166267
v 4.057534 -0.292428 0.072292
v 4.053561 -0.308266 -0.167152
v 4.055053 -0.277001 0.071312
v 4.051080 -0.292839 -0.168132
v 4.054055 -0.260592 0.070244
v 4.050082 -0.276430 -0.169200
v 4.054349 -0.210710 0.066939
v 4.050376 -0.226548 -0.172505
v 4.057532 -0.209713 0.066820
v 4.053559 -0.225551 -0.172623
v 4.067691 -0.206834 0.066462
v 4.063718 -0.222672 -0.172982
v 4.078000 -0.204211 0.066117
v 4.074027 -0.220049 -0.173327
v 4.088450 -0.201845 0.065787
v 4.084477 -0.217682 -0.173657
v 4.099032 -0.199734 0.065472
v 4.095059 -0.215572 -0.173972
v 4.109737 -0.197881 0.065172
v 4.105764 -0.213719 -0.174272
v 4.120556 -0.196285 0.064887
v 4.116583 -0.212123 -0.174557
v 4.131480 -0.194948 0.064617
v 4.127507 -0.210786 -0.174827
v 4.142501 -0.193869 0.064363
v 4.138528 -0.209707 -0.175081
v 4.153609 -0.193049 0.064124
v 4.149636 -0.208887 -0.175320
v 4.164794 -0.192488 0.063901
v 4.160821 -0.208326 -0.175543
v 4.175910 -0.192190 0.063697
v 4.171937 -0.208028 -0.175747
v 3.942714 -0.136625 0.063891
v 3.938740 -0.152463 -0.175552
v 3.921710 -0.145030 0.064796
v 3.917737 -0.160868 -0.174648
v 3.895325 -0.156798 0.066012
v 3.891351 -0.172636 -0.173432
v 3.869845 -0.169311 0.067263
v 3.865872 -0.185149 -0.172181
v 3.845279 -0.182465 0.068540
v 3.841306 -0.198303 -0.170904
v 3.821632 -0.196155 0.069838
v 3.817659 -0.211993 -0.169606
v 3.798911 -0.210279 0.071149
v 3.794938 -0.226117 -0.168294
v 3.777122 -0.224732 0.072467
v 3.773149 -0.240570 -0.166977
v 3.756271 -0.239411 0.073784
v 3.752298 -0.255249 -0.165660
v 3.736365 -0.254214 0.075093
v 3.732392 -0.270052 -0.164351
v 3.717410 -0.269037 0.076388
v 3.713437 -0.284874 -0.163056
v 3.699412 -0.283776 0.077662
v 3.695438 -0.299614 -0.161782
v 3.675777 -0.303969 0.079390
v 3.671803 -0.319807 -0.160054
v 3.743454 -0.407086 0.085087
v 3.739480 -0.422924 -0.154357
v 3.765935 -0.386766 0.083370
v 3.761962 -0.402604 -0.156074
v 3.780288 -0.374025 0.082289
v 3.776314 -0.389863 -0.157155
v 3.795202 -0.361097 0.081187
v 3.791229 -0.376935 -0.158257
v 3.810679 -0.348070 0.080068
v 3.806706 -0.363908 -0.159376
v 3.826722 -0.335030 0.078939
v 3.822748 -0.350868 -0.160504
v 3.843329 -0.322065 0.077806
v 3.839355 -0.337903 -0.161637
v 3.860502 -0.309262 0.076675
v 3.856529 -0.325100 -0.162769
v 3.878242 -0.296709 0.075550
v 3.874268 -0.312547 -0.163894
v 3.896547 -0.284492 0.074438
v 3.892574 -0.300330 -0.165006
v 3.915419 -0.272699 0.073345
v 3.911446 -0.288537 -0.166099
v 3.934858 -0.261416 0.072276
v 3.930885 -0.277254 -0.167168
v 3.940181 -0.258573 0.072000
v 3.936207 -0.274411 -0.167444
v 3.939902 -0.295803 0.074467
v 3.935928 -0.311641 -0.164977
v 3.941757 -0.321863 0.076160
v 3.937784 -0.337701 -0.163284
v 3.946575 -0.347094 0.077749
v 3.942601 -0.362932 -0.161695
v 3.954477 -0.371109 0.079206
v 3.950504 -0.386947 -0.160238
v 3.965588 -0.393634 0.080512
v 3.961614 -0.409472 -0.158932
v 3.980008 -0.414376 0.081644
v 3.976035 -0.430214 -0.157800
v 3.997804 -0.433034 0.082583
v 3.993831 -0.448871 -0.156861
v 4.019009 -0.449318 0.083308
v 4.015036 -0.465156 -0.156136
v 4.043634 -0.462976 0.083803
v 4.039661 -0.478813 -0.155641
v 4.071699 -0.473787 0.084052
v 4.067726 -0.489624 -0.155391
v 4.103240 -0.481558 0.084043
v 4.099267 -0.497396 -0.155401
v 4.138319 -0.486108 0.083762
v 4.134346 -0.501946 -0.155682
v 4.176983 -0.487254 0.083196
v 4.173010 -0.503092 -0.156248
v 4.212340 -0.485485 0.082492
v 4.208367 -0.501323 -0.156951
v 4.246288 -0.481245 0.081649
v 4.242315 -0.497083 -0.157795
v 4.278586 -0.474473 0.080665
v 4.274613 -0.490311 -0.158779
v 4.308933 -0.465104 0.079542
v 4.304960 -0.480942 -0.159902
v 4.337021 -0.453063 0.078279
v 4.333048 -0.468901 -0.161165
v 4.362523 -0.438265 0.076877
v 4.358550 -0.454103 -0.162567
v 4.385083 -0.420625 0.075336
v 4.381110 -0.436463 -0.164108
v 4.404310 -0.400080 0.073658
v 4.400337 -0.415918 -0.165786
v 4.419784 -0.376612 0.071849
v 4.415811 -0.392449 -0.167595
v 4.431092 -0.350269 0.069919
v 4.427119 -0.366107 -0.169525
v 4.437869 -0.321149 0.067880
v 4.433896 -0.336987 -0.171564
v 4.439822 -0.289319 0.065742
v 4.435849 -0.305157 -0.173701
v 4.436928 -0.259299 0.063805
v 4.432955 -0.275137 -0.175639
v 4.429422 -0.231258 0.062075
v 4.425449 -0.247096 -0.177369
v 4.417593 -0.205402 0.060561
v 4.413620 -0.221240 -0.178883
v 4.401769 -0.181914 0.059270
v 4.397796 -0.197752 -0.180174
v 4.382300 -0.160940 0.058205
v 4.378327 -0.176778 -0.181238
v 4.359527 -0.142588 0.057369
v 4.355554 -0.158426 -0.182075
v 4.333776 -0.126939 0.056762
v 4.329803 -0.142777 -0.182682
v 4.305352 -0.114067 0.056382
v 4.301379 -0.129905 -0.183062
v 4.274545 -0.104042 0.056230
v 4.270572 -0.119880 -0.183214
v 4.241632 -0.096938 0.056306
v 4.237659 -0.112776 -0.183138
v 4.206884 -0.092837 0.056612
v 4.202911 -0.108675 -0.182832
v 4.170744 -0.091831 0.057145
v 4.166771 -0.107669 -0.182299
v 4.159568 -0.092084 0.057347
v 4.155595 -0.107921 -0.182097
v 4.148625 -0.092498 0.057556
v 4.144652 -0.108336 -0.181888
v 4.137740 -0.093083 0.057775
v 4.133767 -0.108921 -0.181669
v 4.126920 -0.093843 0.058005
v 4.122947 -0.109681 -0.181439
v 4.116167 -0.094782 0.058246
v 4.112194 -0.110620 -0.181198
v 4.105486 -0.095906 0.058497
v 4.101513 -0.111744 -0.180947
v 4.094882 -0.097219 0.058760
v 4.090909 -0.113057 -0.180684
v 4.084360 -0.098726 0.059034
v 4.080387 -0.114564 -0.180410
v 4.073923 -0.100432 0.059320
v 4.069950 -0.116270 -0.180124
v 4.063576 -0.102341 0.059618
v 4.059603 -0.118179 -0.179826
v 4.053323 -0.104459 0.059928
v 4.049350 -0.120297 -0.179515
v 4.055948 -0.103856 0.059845
v 4.051975 -0.119694 -0.179599
v 4.056394 -0.090206 0.058935
v 4.052421 -0.106043 -0.180509
v 4.057287 -0.062880 0.057112
v 4.053314 -0.078718 -0.182331
v 4.058188 -0.035046 0.055256
v 4.054215 -0.050884 -0.184187
v 4.059086 -0.006904 0.053380
v 4.055113 -0.022742 -0.186064
v 4.059963 0.021348 0.051497
v 4.055990 0.005510 -0.187947
v 4.060807 0.049509 0.049620
v 4.056834 0.033671 -0.189824
v 4.061602 0.077380 0.047763
v 4.057629 0.061542 -0.191680
v 4.062334 0.104761 0.045940
v 4.058361 0.088923 -0.193504
v 4.062989 0.131454 0.044164
v 4.059016 0.115616 -0.195280
v 4.063552 0.157260 0.042447
v 4.059579 0.141422 -0.196996
v 4.064008 0.181981 0.040805
v 4.060035 0.166143 -0.198639
v 4.064490 0.215679 0.038568
v 4.060517 0.199841 -0.200876
v 3.943905 0.213846 0.040690
v 3.939931 0.198008 -0.198754
v 3.945348 0.190628 0.042202
v 3.941374 0.174790 -0.197242
v 3.946031 0.178332 0.043004
v 3.942058 0.162494 -0.196440
v 3.946611 0.166437 0.043781
v 3.942638 0.150599 -0.195663
v 3.947093 0.154875 0.044538
v 3.943119 0.139037 -0.194906
v 3.947481 0.143579 0.045278
v 3.943508 0.127741 -0.194165
v 3.947783 0.132480 0.046008
v 3.943809 0.116642 -0.193436
v 3.948003 0.121511 0.046729
v 3.944029 0.105673 -0.192714
v 3.948146 0.110604 0.047448
v 3.944173 0.094766 -0.191995
v 3.948220 0.099692 0.048169
v 3.944246 0.083854 -0.191275
v 3.948227 0.088707 0.048895
v 3.944254 0.072869 -0.190548
v 3.948176 0.077582 0.049632
v 3.944202 0.061744 -0.189812
v 3.948070 0.066314 0.050379
v 3.944097 0.050476 -0.189065
v 4.287967 0.418319 0.021456
v 4.283994 0.402481 -0.217988
v 4.271269 0.420924 0.021561
v 4.267296 0.405086 -0.217883
v 4.254508 0.423748 0.021652
v 4.250535 0.407910 -0.217792
v 4.237708 0.426795 0.021729
v 4.233735 0.410957 -0.217715
v 4.220889 0.430070 0.021792
v 4.216916 0.414233 -0.217652
v 4.204075 0.433578 0.021839
v 4.200102 0.417740 -0.217605
v 4.187288 0.437323 0.021870
v 4.183315 0.421485 -0.217574
v 4.170551 0.441309 0.021884
v 4.166578 0.425471 -0.217560
v 4.153886 0.445540 0.021880
v 4.149913 0.429703 -0.217564
v 4.137316 0.450023 0.021859
v 4.133343 0.434185 -0.217585
v 4.120863 0.454759 0.021819
v 4.116890 0.438921 -0.217625
v 4.091681 0.463695 0.021712
v 4.087708 0.447857 -0.217732
v 4.090470 0.346725 0.029469
v 4.086497 0.330887 -0.209975
v 4.115409 0.340275 0.029482
v 4.111436 0.324437 -0.209962
v 4.133330 0.335894 0.029474
v 4.129357 0.320056 -0.209970
v 4.151716 0.331647 0.029450
v 4.147743 0.315810 -0.209994
v 4.170535 0.327543 0.029409
v 4.166562 0.311705 -0.210035
v 4.189758 0.323589 0.029352
v 4.185785 0.307751 -0.210092
v 4.209353 0.319793 0.029277
v 4.205380 0.303955 -0.210166
v 4.229290 0.316164 0.029187
v 4.225317 0.300326 -0.210257
v 4.249538 0.312709 0.029079
v 4.245565 0.296871 -0.210365
v 4.270067 0.309438 0.028955
v 4.266094 0.293600 -0.210489
v 4.290846 0.306358 0.028814
v 4.286873 0.290520 -0.210630
v 4.311843 0.303477 0.028656
v 4.307870 0.287639 -0.210788
v 4.327024 0.301563 0.028531
v 4.323050 0.285725 -0.210913
v 4.342383 0.261488 0.030927
v 4.338410 0.245650 -0.208517
v 4.361871 0.214466 0.033713
v 4.357898 0.198628 -0.205730
v 4.383068 0.166649 0.036524
v 4.379095 0.150811 -0.202919
v 4.405751 0.118457 0.039336
v 4.401778 0.102619 -0.200108
v 4.429696 0.070310 0.042123
v 4.425723 0.054472 -0.197321
v 4.454681 0.022631 0.044862
v 4.450708 0.006793 -0.194582
v 4.480484 -0.024160 0.047529
v 4.476511 -0.039997 -0.191915
v 4.506884 -0.069639 0.050099
v 4.502911 -0.085477 -0.189345
v 4.533659 -0.113386 0.052548
v 4.529686 -0.129224 -0.186896
v 4.560592 -0.154980 0.054853
v 4.556619 -0.170818 -0.184591
v 4.587465 -0.194003 0.056988
v 4.583492 -0.209841 -0.182456
v 4.619106 -0.236867 0.059298
v 4.615133 -0.252705 -0.180146
v 4.735255 -0.174357 0.053236
v 4.731282 -0.190195 -0.186208
v 4.700373 -0.132971 0.051077
v 4.696400 -0.148809 -0.188367
v 4.673532 -0.098234 0.049225
v 4.669559 -0.114072 -0.190219
v 4.646865 -0.061043 0.047208
v 4.642892 -0.076881 -0.192236
v 4.620574 -0.021874 0.045053
v 4.616601 -0.037712 -0.194391
v 4.594857 0.018799 0.042790
v 4.590884 0.002961 -0.196654
v 4.569911 0.060502 0.040445
v 4.565938 0.044664 -0.198999
v 4.545931 0.102762 0.038048
v 4.541958 0.086924 -0.201396
v 4.523110 0.145106 0.035626
v 4.519137 0.129268 -0.203818
v 4.501643 0.187062 0.033207
v 4.497670 0.171224 -0.206237
v 4.481720 0.228156 0.030819
v 4.477747 0.212318 -0.208625
v 4.463537 0.267914 0.028491
v 4.459564 0.252076 -0.210953
v 4.453507 0.291330 0.027109
v 4.449534 0.275492 -0.212335
v 4.447197 0.291636 0.027193
v 4.443224 0.275798 -0.212251
v 4.456854 0.291221 0.027060
v 4.452881 0.275383 -0.212384
v 4.466500 0.290859 0.026924
v 4.462527 0.275021 -0.212520
v 4.476132 0.290550 0.026785
v 4.472159 0.274713 -0.212659
v 4.485745 0.290295 0.026642
v 4.481772 0.274457 -0.212802
v 4.495336 0.290093 0.026496
v 4.491363 0.274255 -0.212947
v 4.504899 0.289944 0.026348
v 4.500926 0.274106 -0.213096
v 4.514431 0.289848 0.026196
v 4.510458 0.274010 -0.213248
v 4.523927 0.289805 0.026041
v 4.519954 0.273967 -0.213403
v 4.533381 0.289814 0.025883
v 4.529408 0.273977 -0.213560
v 4.542791 0.289877 0.025723
v 4.538818 0.274039 -0.213721
v 4.552149 0.289992 0.025560
v 4.548176 0.274155 -0.213884
v 4.564159 0.290202 0.025347
v 4.560186 0.274364 -0.214097
v 4.576391 0.290468 0.025127
v 4.572418 0.274630 -0.214317
v 4.588807 0.290790 0.024899
v 4.584834 0.274952 -0.214545
v 4.601368 0.291168 0.024666
v 4.597395 0.275330 -0.214778
v 4.614035 0.291600 0.024427
v 4.610062 0.275763 -0.215017
v 4.626768 0.292088 0.024183
v 4.622795 0.276250 -0.215260
v 4.639527 0.292629 0.023936
v 4.635554 0.276791 -0.215508
v 4.652274 0.293223 0.023685
v 4.648301 0.277385 -0.215759
v 4.664968 0.293870 0.023432
v 4.660995 0.278032 -0.216012
v 4.677567 0.294569 0.023176
v 4.673594 0.278731 -0.216267
v 4.690037 0.295319 0.022920
v 4.686064 0.279482 -0.216524
v 4.711185 0.296698 0.022478
v 4.707212 0.280860 -0.216966
v 4.717074 0.413538 0.014652
v 4.713101 0.397700 -0.224792
v 4.693169 0.410143 0.015273
v 4.689196 0.394305 -0.224171
v 4.681057 0.408613 0.015575
v 4.677084 0.392775 -0.223869
v 4.668674 0.407226 0.015872
v 4.664701 0.391388 -0.223572
v 4.656053 0.405980 0.016164
v 4.652080 0.390142 -0.223280
v 4.643225 0.404870 0.016451
v 4.639252 0.389032 -0.222993
v 4.630222 0.403893 0.016731
v 4.626249 0.388055 -0.222713
v 4.617078 0.403046 0.017005
v 4.613105 0.387208 -0.222439
v 4.603824 0.402324 0.017273
v 4.599851 0.386486 -0.222171
v 4.590491 0.401724 0.017534
v 4.586518 0.385886 -0.221910
v 4.577112 0.401242 0.017788
v 4.573139 0.385404 -0.221656
v 4.563718 0.400875 0.018034
v 4.559745 0.385037 -0.221410
v 4.550346 0.400618 0.018273
v 4.546373 0.384780 -0.221171
v 4.538862 0.400496 0.018472
v 4.534889 0.384658 -0.220972
v 4.527272 0.400473 0.018665
v 4.523299 0.384635 -0.220778
v 4.515577 0.400546 0.018855
v 4.511604 0.384708 -0.220589
v 4.503784 0.400709 0.019040
v 4.499811 0.384872 -0.220404
v 4.491895 0.400960 0.019220
v 4.487922 0.385122 -0.220224
v 4.479915 0.401293 0.019397
v 4.475942 0.385456 -0.220047
v 4.467850 0.401705 0.019570
v 4.463877 0.385867 -0.219874
v 4.455705 0.402191 0.019739
v 4.451732 0.386353 -0.219704
v 4.443483 0.402746 0.019905
v 4.439510 0.386909 -0.219538
v 4.431189 0.403367 0.020068
v 4.427216 0.387529 -0.219375
v 4.418828 0.404049 0.020228
v 4.414855 0.388211 -0.219215
v 4.413500 0.404366 0.020296
v 4.409527 0.388528 -0.219148
v 4.410381 0.415453 0.019614
v 4.406408 0.399615 -0.219830
v 4.405445 0.433641 0.018493
v 4.401472 0.417803 -0.220951
v 4.400659 0.452049 0.017355
v 4.396686 0.436211 -0.222089
v 4.396072 0.470604 0.016204
v 4.392099 0.454766 -0.223240
v 4.391735 0.489235 0.015043
v 4.387762 0.473398 -0.224400
v 4.387696 0.507871 0.013878
v 4.383723 0.492033 -0.225566
v 4.384007 0.526438 0.012711
v 4.380034 0.510600 -0.226733
v 4.380715 0.544864 0.011547
v 4.376742 0.529026 -0.227897
v 4.377872 0.563075 0.010389
v 4.373899 0.547237 -0.229055
v 4.375523 0.580997 0.009243
v 4.371550 0.565159 -0.230201
v 4.373718 0.598555 0.008111
v 4.369745 0.582717 -0.231332
v 4.371760 0.626173 0.006317
v 4.367787 0.610336 -0.233127
v 4.237429 0.611924 0.009489
v 4.233456 0.596086 -0.229955
v 4.243615 0.588609 0.010928
v 4.239642 0.572771 -0.228516
v 4.247090 0.575338 0.011748
v 4.243117 0.559500 -0.227695
v 4.250827 0.560974 0.012636
v 4.246854 0.545136 -0.226807
v 4.254809 0.545646 0.013584
v 4.250836 0.529808 -0.225860
v 4.259020 0.529478 0.014584
v 4.255047 0.513640 -0.224860
v 4.263446 0.512595 0.015627
v 4.259473 0.496757 -0.223817
v 4.268069 0.495122 0.016706
v 4.264096 0.479284 -0.222738
v 4.272876 0.477184 0.017813
v 4.268903 0.461346 -0.221631
v 4.277849 0.458903 0.018939
v 4.273876 0.443065 -0.220504
v 4.282977 0.440404 0.020078
v 4.279004 0.424566 -0.219366
v 4.288240 0.421809 0.021221
v 4.284267 0.405971 -0.218223
v 4.289309 0.418126 0.021446
v 4.285336 0.402288 -0.217997
v 2.368411 0.311373 0.060382
v 2.364437 0.295535 -0.179061
v 2.414067 0.307671 0.059870
v 2.410093 0.291833 -0.179574
v 2.454640 0.305397 0.059347
v 2.450666 0.289559 -0.180097
v 2.498280 0.303816 0.058727
v 2.494306 0.287978 -0.180717
v 2.544243 0.302912 0.058024
v 2.540270 0.287074 -0.181420
v 2.591781 0.302674 0.057251
v 2.587807 0.286836 -0.182193
v 2.640141 0.303088 0.056421
v 2.636167 0.287250 -0.183022
v 2.688570 0.304145 0.055548
v 2.684596 0.288307 -0.183896
v 2.736315 0.305831 0.054644
v 2.732341 0.289993 -0.184800
v 2.782623 0.308137 0.053723
v 2.778649 0.292299 -0.185721
v 2.826744 0.311052 0.052798
v 2.822771 0.295214 -0.186646
v 2.867934 0.314567 0.051882
v 2.863961 0.298729 -0.187562
v 2.914344 0.319649 0.050776
v 2.910370 0.303811 -0.188668
v 2.912337 0.442357 0.042693
v 2.908363 0.426519 -0.196751
v 2.864066 0.434899 0.043987
v 2.860092 0.419061 -0.195457
v 2.823189 0.430264 0.044972
v 2.819216 0.414426 -0.194472
v 2.778995 0.426636 0.045945
v 2.775021 0.410798 -0.193499
v 2.732377 0.423986 0.046894
v 2.728403 0.408148 -0.192550
v 2.684220 0.422283 0.047806
v 2.680247 0.406445 -0.191638
v 2.635405 0.421494 0.048668
v 2.631431 0.405656 -0.190776
v 2.586808 0.421582 0.049469
v 2.582834 0.405744 -0.189975
v 2.539307 0.422513 0.050195
v 2.535333 0.406676 -0.189249
v 2.493779 0.424251 0.050836
v 2.489806 0.408413 -0.188608
v 2.451108 0.426758 0.051378
v 2.447134 0.410920 -0.188066
v 2.412182 0.429995 0.051810
v 2.408208 0.414157 -0.187634
v 2.366385 0.435234 0.052223
v 2.362411 0.419396 -0.187221
v 2.871592 -0.220399 0.087206
v 2.867619 -0.236237 -0.152237
v 2.869115 -0.233247 0.088097
v 2.865141 -0.249085 -0.151346
v 2.864553 -0.245552 0.088987
v 2.860580 -0.261389 -0.150457
v 2.857612 -0.257284 0.089878
v 2.853639 -0.273122 -0.149566
v 2.847904 -0.268424 0.090776
v 2.843930 -0.284262 -0.148668
v 2.834975 -0.278882 0.091682
v 2.831002 -0.294720 -0.147761
v 2.818375 -0.288483 0.092593
v 2.814401 -0.304320 -0.146851
v 2.797700 -0.296989 0.093499
v 2.793726 -0.312827 -0.145945
v 2.772600 -0.304151 0.094389
v 2.768627 -0.319989 -0.145055
v 2.742762 -0.309725 0.095253
v 2.738789 -0.325563 -0.144191
v 2.707888 -0.313485 0.096080
v 2.703914 -0.329323 -0.143364
v 2.667591 -0.315224 0.096864
v 2.663618 -0.331062 -0.142580
v 2.639386 -0.315440 0.097346
v 2.635413 -0.331278 -0.142098
v 2.611698 -0.315215 0.097791
v 2.607724 -0.331053 -0.141653
v 2.584553 -0.314542 0.098197
v 2.580579 -0.330380 -0.141247
v 2.557874 -0.313413 0.098565
v 2.553901 -0.329251 -0.140879
v 2.531585 -0.311820 0.098895
v 2.527612 -0.327658 -0.140548
v 2.505609 -0.309757 0.099190
v 2.501635 -0.325594 -0.140254
v 2.479867 -0.307214 0.099449
v 2.475894 -0.323052 -0.139995
v 2.454283 -0.304186 0.099673
v 2.450310 -0.320023 -0.139771
v 2.428778 -0.300663 0.099863
v 2.424805 -0.316501 -0.139580
v 2.403276 -0.296637 0.100020
v 2.399302 -0.312475 -0.139424
v 2.377698 -0.292101 0.100145
v 2.373725 -0.307939 -0.139299
v 2.340051 -0.284705 0.100280
v 2.336078 -0.300543 -0.139164
v 2.339093 -0.412582 0.108754
v 2.335119 -0.428419 -0.130689
v 2.368392 -0.417422 0.108588
v 2.364419 -0.433260 -0.130855
v 2.390442 -0.420676 0.108438
v 2.386469 -0.436514 -0.131006
v 2.413587 -0.423697 0.108253
v 2.409613 -0.439535 -0.131190
v 2.437817 -0.426458 0.108034
v 2.433843 -0.442296 -0.131410
v 2.463124 -0.428935 0.107778
v 2.459150 -0.444773 -0.131666
v 2.489499 -0.431099 0.107483
v 2.485525 -0.446937 -0.131960
v 2.516932 -0.432926 0.107149
v 2.512959 -0.448764 -0.132295
v 2.545417 -0.434388 0.106773
v 2.541443 -0.450226 -0.132671
v 2.574941 -0.435460 0.106354
v 2.570968 -0.451297 -0.133090
v 2.605498 -0.436114 0.105890
v 2.601524 -0.451952 -0.133554
v 2.637077 -0.436325 0.105380
v 2.633104 -0.452162 -0.134064
v 2.669778 -0.436065 0.104820
v 2.665805 -0.451902 -0.134623
v 2.721540 -0.433786 0.103811
v 2.717567 -0.449624 -0.135633
v 2.768579 -0.428627 0.102689
v 2.764606 -0.444465 -0.136755
v 2.810897 -0.420641 0.101458
v 2.806923 -0.436478 -0.137985
v 2.848586 -0.409866 0.100120
v 2.844613 -0.425704 -0.139323
v 2.881730 -0.396327 0.098675
v 2.877757 -0.412165 -0.140769
v 2.910380 -0.380038 0.097122
v 2.906407 -0.395876 -0.142322
v 2.934546 -0.361025 0.095463
v 2.930572 -0.376862 -0.143980
v 2.954189 -0.339354 0.093704
v 2.950216 -0.355192 -0.145740
v 2.969260 -0.315170 0.091854
v 2.965287 -0.331008 -0.147590
v 2.979752 -0.288683 0.089928
v 2.975778 -0.304521 -0.149516
v 2.985735 -0.260123 0.087940
v 2.981762 -0.275961 -0.151504
v 2.987336 -0.229924 0.085916
v 2.983363 -0.245762 -0.153528
v 2.986982 -0.218475 0.085164
v 2.983009 -0.234313 -0.154279
v 2.986311 -0.207204 0.084430
v 2.982337 -0.223042 -0.155014
v 2.985320 -0.195785 0.083691
v 2.981346 -0.211623 -0.155753
v 2.984014 -0.184164 0.082944
v 2.980041 -0.200002 -0.156500
v 2.982399 -0.172286 0.082185
v 2.978426 -0.188124 -0.157258
v 2.980479 -0.160095 0.081411
v 2.976506 -0.175933 -0.158033
v 2.978261 -0.147533 0.080617
v 2.974287 -0.163370 -0.158827
v 2.975747 -0.134541 0.079799
v 2.971774 -0.150379 -0.159645
v 2.972944 -0.121063 0.078954
v 2.968970 -0.136900 -0.160490
v 2.969853 -0.107037 0.078078
v 2.965880 -0.122875 -0.161366
v 2.966481 -0.092406 0.077166
v 2.962508 -0.108244 -0.162278
v 2.960784 -0.068536 0.075682
v 2.956810 -0.084373 -0.163762
v 2.848309 -0.081178 0.078384
v 2.844336 -0.097016 -0.161060
v 2.854736 -0.103948 0.079784
v 2.850763 -0.119786 -0.159660
v 2.857682 -0.114912 0.080460
v 2.853709 -0.130750 -0.158984
v 2.860353 -0.125452 0.081113
v 2.856380 -0.141290 -0.158331
v 2.862749 -0.135604 0.081745
v 2.858775 -0.151442 -0.157699
v 2.864871 -0.145403 0.082357
v 2.860898 -0.161241 -0.157086
v 2.866722 -0.154883 0.082954
v 2.862748 -0.170721 -0.156490
v 2.868303 -0.164080 0.083536
v 2.864329 -0.179918 -0.155908
v 2.869617 -0.173031 0.084106
v 2.865643 -0.188869 -0.155338
v 2.870665 -0.181773 0.084667
v 2.866692 -0.197611 -0.154777
v 2.871450 -0.190345 0.085221
v 2.867477 -0.206183 -0.154223
v 2.871975 -0.198784 0.085770
v 2.868002 -0.214621 -0.153673
v 2.872232 -0.206889 0.086302
v 2.868259 -0.222727 -0.153142
v 3.166869 0.414030 0.040343
v 3.162896 0.398192 -0.199101
v 3.174247 0.378704 0.042557
v 3.170273 0.362866 -0.196887
v 3.181936 0.340119 0.044982
v 3.177962 0.324281 -0.194462
v 3.189734 0.298960 0.047575
v 3.185760 0.283122 -0.191869
v 3.197438 0.255909 0.050294
v 3.193465 0.240072 -0.189149
v 3.204845 0.211652 0.053099
v 3.200872 0.195814 -0.186345
v 3.211754 0.166873 0.055946
v 3.207780 0.151035 -0.183498
v 3.217961 0.122259 0.058794
v 3.213987 0.106421 -0.180650
v 3.223264 0.078497 0.061601
v 3.219291 0.062660 -0.177843
v 3.227463 0.036282 0.064323
v 3.223490 0.020445 -0.175121
v 3.230357 -0.003686 0.066919
v 3.226383 -0.019524 -0.172525
v 3.231752 -0.040797 0.069350
v 3.227779 -0.056634 -0.170093
v 3.231923 -0.056081 0.070359
v 3.227949 -0.071919 -0.169085
v 3.231931 -0.071135 0.071354
v 3.227957 -0.086973 -0.168090
v 3.231776 -0.085940 0.072336
v 3.227802 -0.101778 -0.167108
v 3.231459 -0.100560 0.073308
v 3.227486 -0.116398 -0.166136
v 3.230982 -0.115058 0.074275
v 3.227008 -0.130896 -0.165169
v 3.230345 -0.129498 0.075241
v 3.226371 -0.145336 -0.164203
v 3.229548 -0.143944 0.076210
v 3.225575 -0.159782 -0.163234
v 3.228595 -0.158459 0.077185
v 3.224621 -0.174296 -0.162258
v 3.227483 -0.173105 0.078173
v 3.223510 -0.188943 -0.161271
v 3.226215 -0.187947 0.079175
v 3.222242 -0.203785 -0.160268
v 3.224792 -0.203047 0.080198
v 3.220818 -0.218885 -0.159246
v 3.227349 -0.178069 0.078503
v 3.223375 -0.193907 -0.160941
v 3.236580 -0.201169 0.079878
v 3.232606 -0.217007 -0.159566
v 3.230390 -0.185839 0.078967
v 3.226416 -0.201677 -0.160477
v 3.223944 -0.170021 0.078027
v 3.219971 -0.185859 -0.161416
v 3.217307 -0.153862 0.077069
v 3.213334 -0.169700 -0.162375
v 3.210544 -0.137512 0.076100
v 3.206570 -0.153350 -0.163344
v 3.203718 -0.121120 0.075129
v 3.199744 -0.136958 -0.164315
v 3.196894 -0.104836 0.074165
v 3.192920 -0.120674 -0.165279
v 3.190136 -0.088808 0.073217
v 3.186163 -0.104646 -0.166227
v 3.183510 -0.073185 0.072293
v 3.179536 -0.089023 -0.167151
v 3.177078 -0.058118 0.071403
v 3.173105 -0.073956 -0.168041
v 3.170907 -0.043754 0.070556
v 3.166933 -0.059592 -0.168888
v 3.159908 -0.018343 0.069057
v 3.155935 -0.034181 -0.170386
v 3.090847 -0.072578 0.073791
v 3.086874 -0.088416 -0.165653
v 3.102400 -0.102808 0.075599
v 3.098426 -0.118646 -0.163845
v 3.111714 -0.127596 0.077084
v 3.107741 -0.143434 -0.162360
v 3.121250 -0.153407 0.078633
v 3.117276 -0.169245 -0.160811
v 3.130835 -0.179826 0.080221
v 3.126861 -0.195664 -0.159223
v 3.140296 -0.206436 0.081824
v 3.136322 -0.222274 -0.157620
v 3.149462 -0.232818 0.083417
v 3.145489 -0.248656 -0.156027
v 3.158161 -0.258554 0.084975
v 3.154187 -0.274392 -0.154469
v 3.166218 -0.283223 0.086473
v 3.162245 -0.299061 -0.152971
v 3.173461 -0.306401 0.087886
v 3.169488 -0.322239 -0.151558
v 3.179715 -0.327655 0.089188
v 3.175742 -0.343493 -0.150256
v 3.184803 -0.346536 0.090352
v 3.180830 -0.362374 -0.149091
v 3.188584 -0.362728 0.091361
v 3.184610 -0.378566 -0.148083
v 3.189590 -0.367458 0.091657
v 3.185617 -0.383296 -0.147787
v 3.190592 -0.372393 0.091967
v 3.186619 -0.388231 -0.147477
v 3.191559 -0.377424 0.092283
v 3.187586 -0.393262 -0.147161
v 3.192472 -0.382494 0.092604
v 3.188499 -0.398332 -0.146840
v 3.193313 -0.387547 0.092924
v 3.189340 -0.403385 -0.146520
v 3.194063 -0.392525 0.093241
v 3.190089 -0.408362 -0.146203
v 3.194703 -0.397367 0.093550
v 3.190730 -0.413205 -0.145894
v 3.195216 -0.402012 0.093849
v 3.191243 -0.417850 -0.145595
v 3.195585 -0.406393 0.094133
v 3.191612 -0.422231 -0.145311
v 3.195796 -0.410436 0.094397
v 3.191822 -0.426274 -0.145047
v 3.195837 -0.414058 0.094635
v 3.191863 -0.429896 -0.144808
v 3.195699 -0.417359 0.094856
v 3.191725 -0.433197 -0.144588
v 3.195447 -0.420812 0.095089
v 3.191473 -0.436650 -0.144355
v 3.195186 -0.424559 0.095341
v 3.191212 -0.440397 -0.144103
v 3.194927 -0.428395 0.095599
v 3.190954 -0.444233 -0.143845
v 3.194670 -0.432290 0.095861
v 3.190697 -0.448127 -0.143583
v 3.194414 -0.436213 0.096125
v 3.190441 -0.452051 -0.143319
v 3.194158 -0.440135 0.096388
v 3.190185 -0.455973 -0.143056
v 3.193903 -0.444024 0.096650
v 3.189929 -0.459861 -0.142794
v 3.193647 -0.447847 0.096907
v 3.189673 -0.463685 -0.142537
v 3.193390 -0.451575 0.097158
v 3.189416 -0.467413 -0.142286
v 3.193132 -0.455173 0.097400
v 3.189158 -0.471011 -0.142044
v 3.192872 -0.458610 0.097632
v 3.188898 -0.474448 -0.141812
v 3.191784 -0.472104 0.098542
v 3.187810 -0.487942 -0.140902
v 3.302540 -0.478090 0.097100
v 3.298566 -0.493928 -0.142344
v 3.310475 -0.446024 0.094848
v 3.306501 -0.461862 -0.144596
v 3.316193 -0.419604 0.093005
v 3.312220 -0.435442 -0.146439
v 3.321581 -0.391083 0.091029
v 3.317607 -0.406921 -0.148415
v 3.326579 -0.360562 0.088928
v 3.322606 -0.376400 -0.150516
v 3.331131 -0.328144 0.086708
v 3.327157 -0.343982 -0.152736
v 3.335176 -0.293931 0.084378
v 3.331202 -0.309769 -0.155066
v 3.338655 -0.258030 0.081945
v 3.334681 -0.273868 -0.157499
v 3.341507 -0.220544 0.079418
v 3.337534 -0.236382 -0.160025
v 3.343674 -0.181579 0.076805
v 3.339701 -0.197417 -0.162639
v 3.345095 -0.141241 0.074113
v 3.341121 -0.157079 -0.165330
v 3.345708 -0.099636 0.071351
v 3.341734 -0.115474 -0.168092
v 3.345453 -0.056836 0.068525
v 3.341480 -0.072674 -0.170919
v 3.343827 -0.009066 0.065392
v 3.339853 -0.024904 -0.174052
v 3.340659 0.039450 0.062235
v 3.336686 0.023612 -0.177209
v 3.336205 0.088183 0.059086
v 3.332231 0.072345 -0.180358
v 3.330713 0.136648 0.055971
v 3.326739 0.120810 -0.183473
v 3.324434 0.184356 0.052920
v 3.320461 0.168519 -0.186524
v 3.317617 0.230820 0.049960
v 3.313644 0.214982 -0.189484
v 3.310511 0.275547 0.047119
v 3.306537 0.259709 -0.192325
v 3.303365 0.318045 0.044427
v 3.299391 0.302207 -0.195017
v 3.296427 0.357818 0.041911
v 3.292454 0.341980 -0.197533
v 3.289949 0.394368 0.039601
v 3.285975 0.378530 -0.199843
v 3.284179 0.427189 0.037526
v 3.280205 0.411352 -0.201918
v 3.279342 0.455927 0.035705
v 3.275368 0.440089 -0.203739
v 3.277964 0.463355 0.035237
v 3.273990 0.447517 -0.204207
v 3.276670 0.470776 0.034767
v 3.272696 0.454938 -0.204676
v 3.275444 0.478292 0.034291
v 3.271471 0.462454 -0.205153
v 3.274297 0.485872 0.033808
v 3.270324 0.470034 -0.205636
v 3.273238 0.493483 0.033322
v 3.269265 0.477645 -0.206121
v 3.272276 0.501093 0.032835
v 3.268302 0.485255 -0.206609
v 3.271420 0.508669 0.032348
v 3.267447 0.492831 -0.207096
v 3.270679 0.516179 0.031864
v 3.266706 0.500341 -0.207580
v 3.270064 0.523589 0.031384
v 3.266090 0.507751 -0.208060
v 3.269581 0.530867 0.030910
v 3.265608 0.515029 -0.208533
v 3.269242 0.537977 0.030446
v 3.265268 0.522139 -0.208998
v 3.268754 0.555791 0.029275
v 3.264781 0.539953 -0.210168
v 3.132182 0.541444 0.032491
v 3.128208 0.525606 -0.206953
v 3.137571 0.524083 0.033550
v 3.133598 0.508245 -0.205894
v 3.139541 0.517666 0.033941
v 3.135567 0.501829 -0.205502
v 3.141653 0.510710 0.034366
v 3.137680 0.494872 -0.205077
v 3.143865 0.503344 0.034817
v 3.139891 0.487506 -0.204627
v 3.146134 0.495697 0.035285
v 3.142161 0.479860 -0.204159
v 3.148419 0.487899 0.035763
v 3.144445 0.472061 -0.203681
v 3.150675 0.480080 0.036243
v 3.146702 0.464242 -0.203201
v 3.152861 0.472369 0.036717
v 3.148888 0.456531 -0.202727
v 3.154934 0.464898 0.037176
v 3.150961 0.449060 -0.202268
v 3.156851 0.457799 0.037614
v 3.152878 0.441962 -0.201830
v 3.158568 0.451210 0.038021
v 3.154595 0.435373 -0.201423
v 3.160027 0.445326 0.038386
v 3.156053 0.429488 -0.201057
v 1.024862 0.129087 0.094734
v 1.020889 0.113249 -0.144710
v 1.668048 0.138862 0.083415
v 1.664075 0.123024 -0.156029
v 1.666427 0.237994 0.076885
v 1.662454 0.222156 -0.162559
v 1.023241 0.228219 0.088204
v 1.019268 0.212381 -0.151240
v 1.027808 -0.050978 0.106595
v 1.023834 -0.066816 -0.132848
v 1.670994 -0.041204 0.095276
v 1.667020 -0.057042 -0.144168
v 1.669393 0.056651 0.088830
v 1.665420 0.040813 -0.150614
v 1.026207 0.046876 0.100149
v 1.022234 0.031039 -0.139294
v 0.922083 0.308913 0.084545
v 0.918110 0.293075 -0.154899
v 1.757217 0.321605 0.069848
v 1.753244 0.305767 -0.169596
v 1.755554 0.423291 0.063149
v 1.751581 0.407453 -0.176295
v 0.920420 0.410599 0.077847
v 0.916447 0.394761 -0.161597
v 1.346053 0.610034 0.057592
v 1.342080 0.594197 -0.181852
v 1.336910 0.595773 0.058687
v 1.332937 0.579935 -0.180756
v 1.327882 0.581116 0.059807
v 1.323909 0.565278 -0.179637
v 1.319039 0.566202 0.060940
v 1.315066 0.550364 -0.178504
v 1.310452 0.551170 0.062077
v 1.306479 0.535332 -0.177367
v 1.302191 0.536160 0.063207
v 1.298218 0.520322 -0.176237
v 1.294328 0.521310 0.064319
v 1.290355 0.505472 -0.175125
v 1.286933 0.506759 0.065404
v 1.282960 0.490922 -0.174039
v 1.280078 0.492644 0.066452
v 1.276104 0.476807 -0.172992
v 1.273832 0.479100 0.067451
v 1.269859 0.463262 -0.171993
v 1.268266 0.466256 0.068393
v 1.264292 0.450418 -0.171051
v 1.259889 0.445359 0.069914
v 1.255916 0.429521 -0.169529
v 1.364746 0.400426 0.071147
v 1.360773 0.384588 -0.168297
v 1.373134 0.422047 0.069577
v 1.369161 0.406209 -0.169867
v 1.378495 0.434909 0.068638
v 1.374522 0.419071 -0.170806
v 1.384538 0.448616 0.067631
v 1.380565 0.432778 -0.171813
v 1.391178 0.462993 0.066570
v 1.387205 0.447155 -0.172874
v 1.398330 0.477873 0.065467
v 1.394357 0.462035 -0.173977
v 1.405910 0.493088 0.064334
v 1.401937 0.477250 -0.175109
v 1.413835 0.508473 0.063185
v 1.409862 0.492636 -0.176259
v 1.422021 0.523864 0.062031
v 1.418048 0.508026 -0.177412
v 1.430384 0.539096 0.060885
v 1.426411 0.523258 -0.178559
v 1.438840 0.554004 0.059759
v 1.434867 0.538166 -0.179685
v 1.447304 0.568423 0.058665
v 1.443331 0.552585 -0.180779
v 1.462060 0.592638 0.056818
v 1.458086 0.576801 -0.182626
v 1.359546 0.630193 0.056035
v 1.355573 0.614355 -0.183409
v 1.023471 -0.568383 0.140891
v 1.019498 -0.584221 -0.098553
v 1.130482 -0.566757 0.139008
v 1.126509 -0.582594 -0.100436
v 1.129709 -0.519505 0.135895
v 1.125736 -0.535343 -0.103549
v 1.592144 -0.512477 0.127757
v 1.588171 -0.528315 -0.111687
v 1.592979 -0.563560 0.131122
v 1.589006 -0.579398 -0.108322
v 1.696151 -0.561992 0.129306
v 1.692178 -0.577830 -0.110138
v 1.689078 -0.129547 0.100819
v 1.685105 -0.145385 -0.138624
v 1.016460 -0.139769 0.112657
v 1.012487 -0.155607 -0.126787
v 1.125093 -0.237275 0.117304
v 1.121119 -0.253113 -0.122140
v 1.587528 -0.230247 0.109165
v 1.583554 -0.246085 -0.130279
v 1.590522 -0.413346 0.121226
v 1.586549 -0.429183 -0.118217
v 1.128088 -0.420373 0.129365
v 1.124114 -0.436211 -0.110079
v 1.724637 0.567919 0.054096
v 1.720664 0.552081 -0.185348
v 1.732865 0.546228 0.055394
v 1.728892 0.530390 -0.184050
v 1.741396 0.524580 0.056684
v 1.737422 0.508742 -0.182759
v 1.750219 0.502991 0.057966
v 1.746246 0.487153 -0.181478
v 1.759327 0.481479 0.059238
v 1.755354 0.465641 -0.180206
v 1.768710 0.460062 0.060499
v 1.764737 0.444224 -0.178945
v 1.778359 0.438756 0.061748
v 1.774386 0.422918 -0.177696
v 1.788265 0.417579 0.062984
v 1.784292 0.401741 -0.176460
v 1.798419 0.396548 0.064207
v 1.794445 0.380710 -0.175237
v 1.808811 0.375681 0.065415
v 1.804838 0.359843 -0.174029
v 1.819433 0.354995 0.066607
v 1.815460 0.339157 -0.172837
v 1.829129 0.336676 0.067657
v 1.825156 0.320838 -0.171786
v 1.843854 -0.563579 0.126960
v 1.839881 -0.579417 -0.112484
v 1.952145 -0.561934 0.125054
v 1.948172 -0.577772 -0.114390
v 1.940462 0.152326 0.078004
v 1.936489 0.136488 -0.161440
v 1.931522 0.165677 0.077269
v 1.927549 0.149839 -0.162175
v 1.941575 0.150993 0.078073
v 1.937602 0.135155 -0.161370
v 1.951726 0.136502 0.078863
v 1.947752 0.120664 -0.160580
v 1.961971 0.122222 0.079638
v 1.957997 0.106384 -0.159806
v 1.972305 0.108171 0.080396
v 1.968332 0.092333 -0.159048
v 1.982725 0.094364 0.081136
v 1.978751 0.078527 -0.158308
v 1.993225 0.080821 0.081858
v 1.989252 0.064983 -0.157586
v 2.003803 0.067559 0.082560
v 1.999830 0.051721 -0.156884
v 2.014453 0.054594 0.083240
v 2.010480 0.038756 -0.156204
v 2.025172 0.041945 0.083899
v 2.021199 0.026107 -0.155545
v 2.035956 0.029628 0.084535
v 2.031982 0.013790 -0.154909
v 2.057049 0.006351 0.085725
v 2.053076 -0.009486 -0.153719
v 2.065753 0.025886 0.084288
v 2.061780 0.010048 -0.155156
v 2.068843 0.032266 0.083815
v 2.064870 0.016429 -0.155629
v 2.072536 0.039477 0.083276
v 2.068562 0.023640 -0.156167
v 2.076713 0.047304 0.082689
v 2.072740 0.031466 -0.156754
v 2.081266 0.055545 0.082069
v 2.077293 0.039707 -0.157375
v 2.086086 0.064008 0.081429
v 2.082112 0.048170 -0.158015
v 2.091063 0.072502 0.080785
v 2.087090 0.056664 -0.158659
v 2.096092 0.080835 0.080150
v 2.092119 0.064998 -0.159294
v 2.101062 0.088817 0.079540
v 2.097088 0.072980 -0.159904
v 2.105861 0.096253 0.078968
v 2.101888 0.080416 -0.160476
v 2.110373 0.102942 0.078451
v 2.106399 0.087105 -0.160993
v 2.119240 0.115354 0.077483
v 2.115267 0.099516 -0.161961
v 2.084885 0.153340 0.075540
v 2.080912 0.137502 -0.163904
v 2.056482 0.187755 0.073735
v 2.052508 0.171917 -0.165709
v 2.028599 0.224513 0.071766
v 2.024626 0.208675 -0.167677
v 2.001360 0.263385 0.069647
v 1.997387 0.247547 -0.169797
v 1.974885 0.304144 0.067391
v 1.970911 0.288306 -0.172053
v 1.949293 0.346561 0.065010
v 1.945320 0.330724 -0.174434
v 1.924703 0.390410 0.062517
v 1.920730 0.374573 -0.176927
v 1.901233 0.435463 0.059927
v 1.897260 0.419625 -0.179517
v 1.878999 0.481491 0.057251
v 1.875026 0.465653 -0.182193
v 1.858118 0.528268 0.054504
v 1.854145 0.512430 -0.184940
v 1.838706 0.575565 0.051697
v 1.834733 0.559727 -0.187746
v 1.817496 0.632185 0.048304
v 1.813523 0.616347 -0.191140
v 1.713175 0.599362 0.052206
v 1.709202 0.583524 -0.187237
v -0.013052 0.154905 0.110249
v -0.017026 0.139068 -0.129195
v -0.000638 0.180874 0.108325
v -0.004612 0.165036 -0.131118
v 0.008010 0.198499 0.107016
v 0.004036 0.182661 -0.132428
v 0.017034 0.216421 0.105681
v 0.013060 0.200583 -0.133763
v 0.026385 0.234519 0.104329
v 0.022412 0.218681 -0.135115
v 0.036017 0.252670 0.102968
v 0.032044 0.236832 -0.136476
v 0.045881 0.270753 0.101609
v 0.041908 0.254915 -0.137835
v 0.055929 0.288645 0.100258
v 0.051956 0.272807 -0.139185
v 0.066112 0.306224 0.098927
v 0.062139 0.290386 -0.140517
v 0.076382 0.323367 0.097622
v 0.072409 0.307529 -0.141822
v 0.086689 0.339951 0.096354
v 0.082715 0.324113 -0.143089
v 0.096981 0.355851 0.095132
v 0.093008 0.340013 -0.144312
v 0.114210 0.381273 0.093164
v 0.110237 0.365435 -0.146279
v 0.021705 0.418482 0.092238
v 0.017731 0.402644 -0.147206
v 0.008827 0.399024 0.093739
v 0.004854 0.383186 -0.145705
v -0.000522 0.384523 0.094853
v -0.004496 0.368685 -0.144591
v -0.010611 0.368534 0.096078
v -0.014584 0.352696 -0.143366
v -0.021249 0.351345 0.097392
v -0.025222 0.335507 -0.142052
v -0.032243 0.333247 0.098771
v -0.036216 0.317409 -0.140673
v -0.043401 0.314532 0.100194
v -0.047374 0.298694 -0.139250
v -0.054530 0.295493 0.101638
v -0.058503 0.279655 -0.137806
v -0.065436 0.276421 0.103081
v -0.069409 0.260583 -0.136363
v -0.075927 0.257607 0.104499
v -0.079900 0.241770 -0.134945
v -0.085810 0.239340 0.105872
v -0.089783 0.223502 -0.133572
v -0.094895 0.221904 0.107176
v -0.098869 0.206066 -0.132268
v -0.107581 0.196330 0.109078
v -0.111554 0.180493 -0.130366
v -0.184529 0.219863 0.108798
v -0.188502 0.204025 -0.130646
v -0.171936 0.245545 0.106890
v -0.175909 0.229707 -0.132554
v -0.163157 0.262813 0.105602
v -0.167130 0.246976 -0.133841
v -0.153920 0.280378 0.104287
v -0.157893 0.264540 -0.135156
v -0.144287 0.298110 0.102955
v -0.148260 0.282272 -0.136489
v -0.134319 0.315882 0.101614
v -0.138292 0.300045 -0.137830
v -0.124077 0.333568 0.100274
v -0.128050 0.317730 -0.139170
v -0.113624 0.351039 0.098945
v -0.117597 0.335202 -0.140499
v -0.103021 0.368169 0.097636
v -0.106994 0.352331 -0.141808
v -0.092331 0.384829 0.096357
v -0.096305 0.368991 -0.143087
v -0.081618 0.400890 0.095116
v -0.085591 0.385053 -0.144327
v -0.070945 0.416225 0.093925
v -0.074918 0.400387 -0.145519
v -0.053025 0.440776 0.092004
v -0.056998 0.424938 -0.147440
v -0.143928 0.481207 0.090838
v -0.147901 0.465369 -0.148606
v -0.157709 0.462258 0.092320
v -0.161682 0.446420 -0.147124
v -0.167669 0.447944 0.093432
v -0.171642 0.432106 -0.146012
v -0.178299 0.432133 0.094654
v -0.182273 0.416295 -0.144790
v -0.189416 0.415122 0.095964
v -0.193389 0.399284 -0.143480
v -0.200830 0.397210 0.097338
v -0.204803 0.381373 -0.142106
v -0.212350 0.378703 0.098753
v -0.216324 0.362865 -0.140691
v -0.223785 0.359904 0.100187
v -0.227758 0.344066 -0.139257
v -0.234941 0.341117 0.101614
v -0.238914 0.325279 -0.137830
v -0.245628 0.322646 0.103013
v -0.249601 0.306808 -0.136431
v -0.255653 0.304793 0.104361
v -0.259626 0.288955 -0.135083
v -0.264826 0.287856 0.105633
v -0.268799 0.272018 -0.133811
v -0.277686 0.262989 0.107491
v -0.281659 0.247151 -0.131953
v 0.383958 0.348074 0.090884
v 0.379985 0.332236 -0.148560
v 0.386225 0.303475 0.093797
v 0.382252 0.287637 -0.145647
v 0.388676 0.254117 0.097021
v 0.384703 0.238280 -0.142423
v 0.391243 0.200945 0.100495
v 0.387270 0.185107 -0.138949
v 0.393857 0.144902 0.104159
v 0.389884 0.129064 -0.135285
v 0.396449 0.086933 0.107950
v 0.392476 0.071095 -0.131494
v 0.398951 0.027981 0.111808
v 0.394977 0.012143 -0.127636
v 0.401293 -0.031008 0.115671
v 0.397319 -0.046846 -0.123773
v 0.403406 -0.089088 0.119477
v 0.399433 -0.104926 -0.119966
v 0.405223 -0.145315 0.123166
v 0.401250 -0.161153 -0.116278
v 0.406674 -0.198740 0.126676
v 0.402701 -0.214578 -0.112768
v 0.407685 -0.248167 0.129928
v 0.403712 -0.264005 -0.109515
v 0.406456 -0.280547 0.132091
v 0.402483 -0.296384 -0.107353
v 0.401855 -0.308948 0.134046
v 0.397882 -0.324786 -0.105398
v 0.394131 -0.333784 0.135817
v 0.390158 -0.349622 -0.103627
v 0.383521 -0.355283 0.137415
v 0.379547 -0.371121 -0.102029
v 0.370210 -0.373705 0.138854
v 0.366237 -0.389543 -0.100590
v 0.354322 -0.389304 0.140149
v 0.350349 -0.405142 -0.099294
v 0.335937 -0.402281 0.141313
v 0.331963 -0.418119 -0.098131
v 0.315139 -0.412775 0.142352
v 0.311166 -0.428613 -0.097092
v 0.292050 -0.420884 0.143272
v 0.288076 -0.436722 -0.096172
v 0.266828 -0.426690 0.144074
v 0.262855 -0.442527 -0.095370
v 0.239663 -0.430280 0.144762
v 0.235689 -0.446118 -0.094682
v 0.210831 -0.431750 0.145338
v 0.206858 -0.447588 -0.094106
v 0.155224 -0.429972 0.146143
v 0.151251 -0.445810 -0.093301
v 0.103627 -0.423207 0.146552
v 0.099654 -0.439044 -0.092892
v 0.055758 -0.411911 0.146599
v 0.051784 -0.427748 -0.092845
v 0.011383 -0.396533 0.146318
v 0.007410 -0.412371 -0.093126
v -0.029724 -0.377512 0.145742
v -0.033698 -0.393350 -0.093702
v -0.067785 -0.355279 0.144903
v -0.071758 -0.371117 -0.094541
v -0.103008 -0.330260 0.143833
v -0.106981 -0.346098 -0.095611
v -0.135592 -0.302886 0.142563
v -0.139566 -0.318724 -0.096881
v -0.165731 -0.273590 0.141125
v -0.169705 -0.289428 -0.098319
v -0.193612 -0.242812 0.139552
v -0.197585 -0.258650 -0.099892
v -0.219421 -0.210994 0.137876
v -0.223395 -0.226831 -0.101568
v -0.251127 -0.168041 0.135561
v -0.255100 -0.183879 -0.103883
v -0.335823 -0.272193 0.143855
v -0.339796 -0.288030 -0.095589
v -0.306520 -0.309336 0.145826
v -0.310493 -0.325173 -0.093618
v -0.278622 -0.341314 0.147478
v -0.282595 -0.357152 -0.091966
v -0.247187 -0.373524 0.149087
v -0.251160 -0.389362 -0.090357
v -0.212084 -0.405259 0.150604
v -0.216057 -0.421097 -0.088840
v -0.173184 -0.435809 0.151979
v -0.177158 -0.451647 -0.087465
v -0.130361 -0.464461 0.153163
v -0.134334 -0.480299 -0.086281
v -0.083491 -0.490500 0.154108
v -0.087464 -0.506338 -0.085336
v -0.032459 -0.513206 0.154763
v -0.036432 -0.529044 -0.084681
v 0.022845 -0.531861 0.155079
v 0.018872 -0.547699 -0.084365
v 0.082522 -0.545751 0.155008
v 0.078548 -0.561589 -0.084436
v 0.146667 -0.554166 0.154500
v 0.142693 -0.570004 -0.084944
v 0.215315 -0.556403 0.153509
v 0.211342 -0.572241 -0.085935
v 0.260971 -0.554051 0.152596
v 0.256998 -0.569888 -0.086848
v 0.304033 -0.548278 0.151499
v 0.300059 -0.564116 -0.087945
v 0.344330 -0.538855 0.150207
v 0.340357 -0.554692 -0.089237
v 0.381605 -0.525540 0.148708
v 0.377632 -0.541378 -0.090736
v 0.415567 -0.508092 0.146990
v 0.411594 -0.523930 -0.092454
v 0.445888 -0.486285 0.145045
v 0.441914 -0.502122 -0.094399
v 0.472204 -0.459937 0.142865
v 0.468230 -0.475775 -0.096579
v 0.494153 -0.428931 0.140450
v 0.490180 -0.444769 -0.098994
v 0.511420 -0.393197 0.137800
v 0.507447 -0.409035 -0.101644
v 0.523750 -0.352665 0.134915
v 0.519777 -0.368503 -0.104529
v 0.530939 -0.307234 0.131790
v 0.526966 -0.323072 -0.107654
v 0.532789 -0.256972 0.128435
v 0.528816 -0.272810 -0.111009
v 0.531689 -0.206759 0.125132
v 0.527716 -0.222597 -0.114312
v 0.530032 -0.152311 0.121558
v 0.526058 -0.168149 -0.117886
v 0.527928 -0.094521 0.117770
v 0.523955 -0.110359 -0.121673
v 0.525496 -0.034516 0.113842
v 0.521523 -0.050354 -0.125602
v 0.522850 0.026572 0.109845
v 0.518877 0.010735 -0.129599
v 0.520108 0.087613 0.105853
v 0.516134 0.071775 -0.133591
v 0.517385 0.147473 0.101939
v 0.513412 0.131635 -0.137505
v 0.514798 0.205016 0.098176
v 0.510825 0.189178 -0.141268
v 0.512464 0.259107 0.094637
v 0.508490 0.243270 -0.144807
v 0.510498 0.308606 0.091395
v 0.506525 0.292769 -0.148049
v 0.509018 0.352368 0.088525
v 0.505045 0.336530 -0.150919
v 0.508138 0.389248 0.086100
v 0.504165 0.373410 -0.153344
v 0.508027 0.400892 0.085332
v 0.504054 0.385054 -0.154112
v 0.508075 0.412459 0.084566
v 0.504102 0.396621 -0.154878
v 0.508283 0.423920 0.083804
v 0.504309 0.408082 -0.155639
v 0.508650 0.435246 0.083049
v 0.504677 0.419408 -0.156395
v 0.509178 0.446410 0.082302
v 0.505205 0.430572 -0.157142
v 0.509866 0.457384 0.081565
v 0.505893 0.441546 -0.157879
v 0.510715 0.468139 0.080839
v 0.506741 0.452301 -0.158605
v 0.511723 0.478648 0.080127
v 0.507750 0.462811 -0.159316
v 0.512892 0.488883 0.079431
v 0.508919 0.473045 -0.160013
v 0.514220 0.498815 0.078752
v 0.510247 0.482977 -0.160692
v 0.515706 0.508414 0.078092
v 0.511733 0.492576 -0.161351
v 0.519514 0.529810 0.076614
v 0.515541 0.513972 -0.162830
v 0.366598 0.525975 0.079405
v 0.362625 0.510137 -0.160039
v 0.370144 0.504189 0.080787
v 0.366171 0.488351 -0.158656
v 0.371743 0.493642 0.081458
v 0.367769 0.477804 -0.157985
v 0.373237 0.483020 0.082136
v 0.369263 0.467182 -0.157308
v 0.374627 0.472341 0.082820
v 0.370653 0.456503 -0.156624
v 0.375912 0.461623 0.083507
v 0.371938 0.445785 -0.155937
v 0.377091 0.450883 0.084198
v 0.373118 0.435045 -0.155246
v 0.378166 0.440141 0.084891
v 0.374193 0.424303 -0.154553
v 0.379134 0.429414 0.085584
v 0.375161 0.413576 -0.153860
v 0.379996 0.418721 0.086277
v 0.376023 0.402883 -0.153167
v 0.380752 0.408080 0.086968
v 0.376779 0.392242 -0.152475
v 0.381400 0.397508 0.087657
v 0.377427 0.381670 -0.151787
v 0.381944 0.386975 0.088345
v 0.377971 0.371137 -0.151099
v -0.790560 0.379421 0.108300
v -0.794534 0.363583 -0.131143
v -0.820676 0.382076 0.108625
v -0.824649 0.366238 -0.130819
v -0.856261 0.385145 0.109012
v -0.860234 0.369307 -0.130432
v -0.896744 0.388564 0.109458
v -0.900718 0.372726 -0.129986
v -0.941552 0.392273 0.109956
v -0.945525 0.376435 -0.129488
v -0.990111 0.396209 0.110501
v -0.994084 0.380371 -0.128943
v -1.041846 0.400309 0.111089
v -1.045819 0.384471 -0.128355
v -1.096184 0.404512 0.111712
v -1.100158 0.388674 -0.127732
v -1.152552 0.408755 0.112367
v -1.156525 0.392917 -0.127077
v -1.210375 0.412976 0.113047
v -1.214348 0.397138 -0.126397
v -1.269079 0.417113 0.113748
v -1.273052 0.401275 -0.125696
v -1.328045 0.421100 0.114463
v -1.332018 0.405262 -0.124981
v -1.362554 0.423638 0.114867
v -1.366527 0.407800 -0.124577
v -1.396259 0.425940 0.115274
v -1.400233 0.410102 -0.124170
v -1.429052 0.428015 0.115681
v -1.433025 0.412177 -0.123763
v -1.460879 0.429879 0.116086
v -1.464852 0.414041 -0.123358
v -1.491687 0.431545 0.116487
v -1.495660 0.415707 -0.122957
v -1.521422 0.433027 0.116882
v -1.525395 0.417190 -0.122561
v -1.550032 0.434340 0.117270
v -1.554006 0.418502 -0.122174
v -1.577464 0.435498 0.117649
v -1.581437 0.419660 -0.121795
v -1.603664 0.436514 0.118016
v -1.607637 0.420676 -0.121427
v -1.628578 0.437403 0.118371
v -1.632551 0.421565 -0.121073
v -1.652154 0.438179 0.118711
v -1.656127 0.422342 -0.120733
v -1.684790 0.439176 0.119187
v -1.688763 0.423338 -0.120257
v -1.682786 0.316608 0.127261
v -1.686759 0.300770 -0.112183
v -1.653822 0.316993 0.126754
v -1.657795 0.301155 -0.112689
v -1.633522 0.317155 0.126407
v -1.637495 0.301317 -0.113037
v -1.612193 0.317165 0.126052
v -1.616166 0.301327 -0.113392
v -1.590136 0.316961 0.125700
v -1.594109 0.301123 -0.113744
v -1.567655 0.316481 0.125358
v -1.571628 0.300644 -0.114085
v -1.545056 0.315666 0.125037
v -1.549030 0.299828 -0.114406
v -1.522647 0.314454 0.124746
v -1.526620 0.298616 -0.114698
v -1.500737 0.312786 0.124492
v -1.504711 0.296948 -0.114951
v -1.479642 0.310605 0.124287
v -1.483615 0.294767 -0.115157
v -1.459682 0.307857 0.124137
v -1.463655 0.292019 -0.115307
v -1.441187 0.304494 0.124053
v -1.445160 0.288656 -0.115391
v -1.424750 0.300544 0.124041
v -1.428723 0.284706 -0.115403
v -1.381704 0.284253 0.124405
v -1.385677 0.268416 -0.115039
v -1.341545 0.263019 0.125143
v -1.345519 0.247181 -0.114301
v -1.304396 0.237414 0.126220
v -1.308369 0.221576 -0.113224
v -1.270412 0.208031 0.127599
v -1.274385 0.192193 -0.111844
v -1.239759 0.175470 0.129245
v -1.243733 0.159632 -0.110199
v -1.212606 0.140344 0.131117
v -1.216580 0.124506 -0.108326
v -1.189119 0.103271 0.133180
v -1.193092 0.087433 -0.106264
v -1.169462 0.064879 0.135393
v -1.173435 0.049041 -0.104051
v -1.153792 0.025800 0.137718
v -1.157766 0.009962 -0.101726
v -1.142263 -0.013326 0.140115
v -1.146237 -0.029164 -0.099329
v -1.135017 -0.051853 0.142543
v -1.138990 -0.067691 -0.096901
v -1.132186 -0.089055 0.144956
v -1.136159 -0.104892 -0.094488
v -1.135825 -0.146638 0.148826
v -1.139798 -0.162476 -0.090618
v -1.148064 -0.197391 0.152386
v -1.152038 -0.213229 -0.087058
v -1.167994 -0.241883 0.155659
v -1.171967 -0.257720 -0.083785
v -1.194786 -0.280602 0.158665
v -1.198759 -0.296440 -0.080779
v -1.227671 -0.313970 0.161418
v -1.231645 -0.329808 -0.078026
v -1.265877 -0.342324 0.163927
v -1.269850 -0.358162 -0.075517
v -1.308586 -0.365949 0.166198
v -1.312559 -0.381787 -0.073245
v -1.354935 -0.385114 0.168235
v -1.358909 -0.400952 -0.071209
v -1.404032 -0.400095 0.170041
v -1.408005 -0.415933 -0.069403
v -1.454964 -0.411181 0.171619
v -1.458937 -0.427019 -0.067825
v -1.506816 -0.418674 0.172975
v -1.510790 -0.434512 -0.066469
v -1.572051 -0.423974 0.174408
v -1.576024 -0.439812 -0.065036
v -1.526009 -0.548944 0.181910
v -1.529982 -0.564781 -0.057534
v -1.458301 -0.542569 0.180365
v -1.462274 -0.558407 -0.059079
v -1.397597 -0.531766 0.178643
v -1.401571 -0.547604 -0.060801
v -1.337668 -0.515712 0.176587
v -1.341641 -0.531550 -0.062857
v -1.279552 -0.494259 0.174204
v -1.283525 -0.510097 -0.065240
v -1.224294 -0.467251 0.171500
v -1.228267 -0.483089 -0.067944
v -1.172956 -0.434521 0.168483
v -1.176930 -0.450359 -0.070960
v -1.126620 -0.395901 0.165160
v -1.130594 -0.411739 -0.074284
v -1.086398 -0.351231 0.161538
v -1.090371 -0.367069 -0.077906
v -1.053429 -0.300385 0.157628
v -1.057402 -0.316223 -0.081816
v -1.028865 -0.243289 0.153444
v -1.032838 -0.259127 -0.086000
v -1.013829 -0.179924 0.149003
v -1.017802 -0.195762 -0.090441
v -1.009395 -0.110430 0.144333
v -1.013368 -0.126267 -0.095111
v -1.012733 -0.060326 0.141074
v -1.016706 -0.076164 -0.098370
v -1.020755 -0.012213 0.138025
v -1.024728 -0.028051 -0.101419
v -1.033019 0.033855 0.135181
v -1.036993 0.018018 -0.104263
v -1.049075 0.077689 0.132548
v -1.053048 0.061851 -0.106896
v -1.068472 0.119102 0.130131
v -1.072445 0.103265 -0.109313
v -1.090762 0.157915 0.127933
v -1.094736 0.142077 -0.111511
v -1.115504 0.193948 0.125960
v -1.119477 0.178110 -0.113483
v -1.142257 0.227025 0.124217
v -1.146230 0.211187 -0.115227
v -1.170587 0.256970 0.122706
v -1.174560 0.241132 -0.116738
v -1.200065 0.283606 0.121433
v -1.204039 0.267768 -0.118011
v -1.230270 0.306754 0.120403
v -1.234243 0.290916 -0.119040
v -1.225633 0.303795 0.120522
v -1.229606 0.287957 -0.118922
v -1.228654 0.304078 0.120554
v -1.232627 0.288240 -0.118890
v -1.184020 0.300031 0.120081
v -1.187993 0.284193 -0.119363
v -1.134127 0.295543 0.119550
v -1.138100 0.279705 -0.119894
v -1.080282 0.290651 0.118980
v -1.084255 0.274813 -0.120464
v -1.023795 0.285393 0.118390
v -1.027769 0.269555 -0.121054
v -0.965979 0.279805 0.117800
v -0.969952 0.263968 -0.121644
v -0.908148 0.273928 0.117229
v -0.912121 0.258090 -0.122214
v -0.851617 0.267799 0.116697
v -0.855590 0.251961 -0.122747
v -0.797707 0.261457 0.116222
v -0.801680 0.245619 -0.123222
v -0.747745 0.254943 0.115824
v -0.751718 0.239105 -0.123620
v -0.703070 0.248301 0.115522
v -0.707043 0.232463 -0.123922
v -0.654085 0.239647 0.115281
v -0.658059 0.223809 -0.124163
v -0.642507 0.372482 0.106303
v -0.646480 0.356644 -0.133141
v -0.665248 0.372790 0.106660
v -0.669221 0.356952 -0.132784
v -0.676844 0.373006 0.106838
v -0.680818 0.357168 -0.132606
v -0.688059 0.373272 0.107006
v -0.692032 0.357434 -0.132438
v -0.698859 0.373584 0.107165
v -0.702833 0.357746 -0.132279
v -0.709215 0.373938 0.107313
v -0.713188 0.358100 -0.132131
v -0.719093 0.374329 0.107451
v -0.723066 0.358492 -0.131993
v -0.728462 0.374755 0.107579
v -0.732435 0.358917 -0.131865
v -0.737289 0.375210 0.107695
v -0.741262 0.359372 -0.131749
v -0.745541 0.375691 0.107800
v -0.749514 0.359853 -0.131644
v -0.753185 0.376193 0.107894
v -0.757158 0.360355 -0.131550
v -0.760186 0.376712 0.107976
v -0.764159 0.360874 -0.131468
v -0.766535 0.377245 0.108046
v -0.770508 0.361407 -0.131398
v -2.435444 -0.307425 0.181026
v -2.439417 -0.323263 -0.058418
v -2.423021 -0.309257 0.180941
v -2.426995 -0.325095 -0.058503
v -2.411326 -0.312318 0.180950
v -2.415299 -0.328156 -0.058494
v -2.400463 -0.316502 0.181046
v -2.404437 -0.332339 -0.058398
v -2.390539 -0.321699 0.181225
v -2.394512 -0.337537 -0.058219
v -2.381656 -0.327798 0.181481
v -2.385630 -0.343635 -0.057963
v -2.373912 -0.334682 0.181808
v -2.377885 -0.350520 -0.057636
v -2.367394 -0.342237 0.182200
v -2.371367 -0.358075 -0.057244
v -2.362179 -0.350354 0.182650
v -2.366152 -0.366192 -0.056794
v -2.358330 -0.358938 0.183154
v -2.362303 -0.374776 -0.056290
v -2.355906 -0.367920 0.183708
v -2.359880 -0.383758 -0.055736
v -2.354982 -0.377194 0.184306
v -2.358956 -0.393032 -0.055138
v -2.356029 -0.390161 0.185181
v -2.360003 -0.405999 -0.054263
v -2.359486 -0.402143 0.186031
v -2.363459 -0.417980 -0.053413
v -2.365280 -0.413317 0.186866
v -2.369254 -0.429154 -0.052578
v -2.373405 -0.423730 0.187690
v -2.377379 -0.439568 -0.051754
v -2.383852 -0.433341 0.188499
v -2.387826 -0.449179 -0.050945
v -2.396571 -0.442048 0.189286
v -2.400545 -0.457886 -0.050158
v -2.411465 -0.449734 0.190041
v -2.415438 -0.465572 -0.049403
v -2.428406 -0.456287 0.190756
v -2.432379 -0.472125 -0.048688
v -2.447249 -0.461605 0.191420
v -2.451223 -0.477443 -0.048024
v -2.467845 -0.465602 0.192026
v -2.471818 -0.481440 -0.047418
v -2.490037 -0.468199 0.192566
v -2.494011 -0.484037 -0.046877
v -2.513805 -0.469333 0.193036
v -2.517779 -0.485171 -0.046408
v -2.522780 -0.469417 0.193190
v -2.526753 -0.485255 -0.046254
v -2.531781 -0.469397 0.193338
v -2.535754 -0.485234 -0.046106
v -2.540674 -0.469269 0.193477
v -2.544648 -0.485107 -0.045966
v -2.549460 -0.469035 0.193608
v -2.553434 -0.484873 -0.045836
v -2.558139 -0.468695 0.193729
v -2.562112 -0.484533 -0.045715
v -2.566709 -0.468249 0.193842
v -2.570682 -0.484087 -0.045602
v -2.575171 -0.467696 0.193946
v -2.579145 -0.483534 -0.045498
v -2.583526 -0.467038 0.194041
v -2.587500 -0.482875 -0.045403
v -2.591773 -0.466273 0.194127
v -2.595747 -0.482111 -0.045317
v -2.599912 -0.465403 0.194205
v -2.603886 -0.481241 -0.045239
v -2.607943 -0.464427 0.194273
v -2.611917 -0.480265 -0.045171
v -2.606069 -0.464683 0.194259
v -2.610042 -0.480521 -0.045185
v -2.604172 -0.450355 0.193280
v -2.608146 -0.466192 -0.046164
v -2.598946 -0.427957 0.191712
v -2.602919 -0.443794 -0.047732
v -2.591717 -0.407036 0.190208
v -2.595690 -0.422874 -0.049236
v -2.582571 -0.387737 0.188780
v -2.586545 -0.403575 -0.050664
v -2.571593 -0.370195 0.187437
v -2.575567 -0.386033 -0.052007
v -2.558861 -0.354536 0.186190
v -2.562835 -0.370374 -0.053254
v -2.544445 -0.340881 0.185048
v -2.548419 -0.356719 -0.054396
v -2.528399 -0.329343 0.184018
v -2.532372 -0.345181 -0.055425
v -2.510759 -0.320042 0.183110
v -2.514732 -0.335880 -0.056333
v -2.491549 -0.313105 0.182333
v -2.495523 -0.328943 -0.057111
v -2.470784 -0.308681 0.181696
v -2.474758 -0.324518 -0.057748
v -2.448441 -0.306928 0.181209
v -2.452415 -0.322766 -0.058235
v -2.306461 0.435851 0.129722
v -2.310435 0.420013 -0.109721
v -2.335981 0.435982 0.130204
v -2.339955 0.420145 -0.109240
v -2.372159 0.436341 0.130780
v -2.376132 0.420504 -0.108664
v -2.413325 0.436904 0.131426
v -2.417298 0.421066 -0.108018
v -2.457824 0.437647 0.132115
v -2.461797 0.421809 -0.107329
v -2.504001 0.438546 0.132822
v -2.507974 0.422708 -0.106622
v -2.550205 0.439578 0.133520
v -2.554178 0.423740 -0.105923
v -2.594782 0.440718 0.134185
v -2.598755 0.424880 -0.105259
v -2.636077 0.441943 0.134789
v -2.640051 0.426105 -0.104655
v -2.672429 0.443228 0.135307
v -2.676402 0.427391 -0.104137
v -2.702153 0.444548 0.135713
v -2.706127 0.428710 -0.103731
v -2.723730 0.445884 0.135983
v -2.727703 0.430046 -0.103461
v -2.732881 0.446406 0.136100
v -2.736854 0.430568 -0.103344
v -2.741139 0.446983 0.136199
v -2.745113 0.431145 -0.103245
v -2.748638 0.447612 0.136282
v -2.752611 0.431774 -0.103162
v -2.755429 0.448288 0.136350
v -2.759403 0.432450 -0.103094
v -2.761566 0.449004 0.136404
v -2.765540 0.433166 -0.103040
v -2.767102 0.449755 0.136446
v -2.771075 0.433917 -0.102997
v -2.772091 0.450535 0.136478
v -2.776064 0.434697 -0.102966
v -2.776589 0.451337 0.136499
v -2.780563 0.435499 -0.102945
v -2.780655 0.452158 0.136512
v -2.784628 0.436320 -0.102931
v -2.784348 0.452992 0.136519
v -2.788322 0.437154 -0.102925
v -2.787733 0.453837 0.136519
v -2.791706 0.437999 -0.102925
v -2.797435 0.456478 0.136505
v -2.801408 0.440640 -0.102939
v -2.865560 0.367897 0.143495
v -2.869533 0.352059 -0.095949
v -2.851021 0.357844 0.143918
v -2.854995 0.342006 -0.095526
v -2.845015 0.353746 0.144090
v -2.848988 0.337908 -0.095354
v -2.838958 0.349644 0.144261
v -2.842931 0.333806 -0.095183
v -2.832867 0.345531 0.144432
v -2.836840 0.329693 -0.095012
v -2.826760 0.341395 0.144604
v -2.830733 0.325557 -0.094840
v -2.820653 0.337229 0.144778
v -2.824626 0.321391 -0.094666
v -2.814564 0.333023 0.144955
v -2.818537 0.317185 -0.094489
v -2.808510 0.328768 0.145136
v -2.812484 0.312930 -0.094308
v -2.802509 0.324456 0.145322
v -2.806483 0.308618 -0.094122
v -2.796579 0.320079 0.145513
v -2.800552 0.304241 -0.093931
v -2.790735 0.315628 0.145710
v -2.794708 0.299790 -0.093734
v -2.784823 0.310959 0.145921
v -2.788797 0.295121 -0.093523
v -2.766372 0.297094 0.146532
v -2.770345 0.281256 -0.092912
v -2.744046 0.279810 0.147305
v -2.748020 0.263972 -0.092139
v -2.718331 0.259544 0.148219
v -2.722304 0.243706 -0.091225
v -2.689890 0.236869 0.149246
v -2.693864 0.221032 -0.090197
v -2.659382 0.212354 0.150362
v -2.663355 0.196516 -0.089082
v -2.627458 0.186563 0.151538
v -2.631431 0.170725 -0.087906
v -2.594769 0.160059 0.152749
v -2.598742 0.144221 -0.086695
v -2.561965 0.133407 0.153967
v -2.565939 0.117569 -0.085477
v -2.529697 0.107168 0.155167
v -2.533671 0.091330 -0.084277
v -2.498614 0.081905 0.156322
v -2.502587 0.066067 -0.083121
v -2.469362 0.058179 0.157406
v -2.473335 0.042341 -0.082037
v -2.483025 0.069217 0.156903
v -2.486999 0.053379 -0.082541
v -2.448380 0.058491 0.157037
v -2.452353 0.042654 -0.082406
v -2.463640 0.062619 0.157018
v -2.467613 0.046781 -0.082426
v -2.478940 0.066198 0.157035
v -2.482914 0.050361 -0.082409
v -2.494258 0.069257 0.157087
v -2.498232 0.053419 -0.082357
v -2.509571 0.071825 0.157171
v -2.513545 0.055987 -0.082273
v -2.524857 0.073929 0.157285
v -2.528831 0.058091 -0.082158
v -2.540095 0.075598 0.157428
v -2.544068 0.059760 -0.082016
v -2.555261 0.076860 0.157596
v -2.559234 0.061022 -0.081848
v -2.570335 0.077744 0.157788
v -2.574308 0.061906 -0.081656
v -2.585295 0.078278 0.158001
v -2.589268 0.062440 -0.081443
v -2.600119 0.078489 0.158233
v -2.604093 0.062651 -0.081211
v -2.614994 0.078404 0.158485
v -2.618967 0.062566 -0.080959
v -2.667572 0.074950 0.159586
v -2.671546 0.059112 -0.079858
v -2.717476 0.066379 0.160981
v -2.721450 0.050541 -0.078463
v -2.764178 0.052984 0.162642
v -2.768152 0.037146 -0.076802
v -2.807350 0.035042 0.164545
v -2.811324 0.019204 -0.074899
v -2.846659 0.012833 0.166666
v -2.850633 -0.003005 -0.072777
v -2.881765 -0.013363 0.168982
v -2.885738 -0.029201 -0.070462
v -2.912320 -0.043261 0.171466
v -2.916294 -0.059099 -0.067978
v -2.937970 -0.076565 0.174095
v -2.941944 -0.092403 -0.065349
v -2.958357 -0.112965 0.176841
v -2.962330 -0.128803 -0.062603
v -2.973123 -0.152132 0.179676
v -2.977097 -0.167969 -0.059767
v -2.981926 -0.193720 0.182573
v -2.985900 -0.209557 -0.056870
v -2.984441 -0.237356 0.185501
v -2.988415 -0.253194 -0.053942
v -2.980020 -0.288600 0.188818
v -2.983994 -0.304438 -0.050626
v -2.968620 -0.336523 0.191798
v -2.972594 -0.352361 -0.047646
v -2.950457 -0.380878 0.194431
v -2.954430 -0.396716 -0.045013
v -2.925780 -0.421375 0.196700
v -2.929753 -0.437213 -0.042744
v -2.894874 -0.457741 0.198592
v -2.898848 -0.473579 -0.040851
v -2.858043 -0.489730 0.200097
v -2.862016 -0.505567 -0.039347
v -2.815588 -0.517127 0.201205
v -2.819562 -0.532965 -0.038239
v -2.767802 -0.539745 0.201908
v -2.771775 -0.555583 -0.037536
v -2.714954 -0.557409 0.202199
v -2.718928 -0.573247 -0.037245
v -2.657299 -0.569947 0.202072
v -2.661273 -0.585785 -0.037372
v -2.595078 -0.577184 0.201518
v -2.599052 -0.593022 -0.037926
v -2.528543 -0.578941 0.200530
v -2.532516 -0.594779 -0.038914
v -2.485710 -0.576717 0.199672
v -2.489684 -0.592555 -0.039771
v -2.445852 -0.571487 0.198665
v -2.449825 -0.587325 -0.040779
v -2.409062 -0.563387 0.197519
v -2.413036 -0.579225 -0.041925
v -2.375470 -0.552547 0.196244
v -2.379443 -0.568385 -0.043199
v -2.345210 -0.539093 0.194852
v -2.349183 -0.554931 -0.044592
v -2.318428 -0.523142 0.193353
v -2.322402 -0.538979 -0.046091
v -2.295292 -0.504811 0.191756
v -2.299265 -0.520649 -0.047687
v -2.275991 -0.484230 0.190075
v -2.279965 -0.500068 -0.049369
v -2.260741 -0.461555 0.188322
v -2.264714 -0.477393 -0.051122
v -2.249763 -0.436990 0.186515
v -2.253736 -0.452827 -0.052929
v -2.243255 -0.410784 0.184674
v -2.247229 -0.426622 -0.054770
v -2.241374 -0.383257 0.182822
v -2.245348 -0.399095 -0.056622
v -2.243472 -0.359989 0.181317
v -2.247446 -0.375827 -0.058126
v -2.248887 -0.337531 0.179922
v -2.252860 -0.353369 -0.059522
v -2.257472 -0.316101 0.178647
v -2.261445 -0.331939 -0.060797
v -2.269071 -0.295960 0.177507
v -2.273044 -0.311798 -0.061937
v -2.283525 -0.277360 0.176517
v -2.287498 -0.293198 -0.062927
v -2.300674 -0.260546 0.175689
v -2.304647 -0.276384 -0.063755
v -2.320360 -0.245757 0.175038
v -2.324333 -0.261595 -0.064406
v -2.342425 -0.233231 0.174575
v -2.346399 -0.249068 -0.064869
v -2.366713 -0.223198 0.174314
v -2.370686 -0.239036 -0.065129
v -2.393065 -0.215888 0.174268
v -2.397039 -0.231726 -0.065176
v -2.421328 -0.211528 0.174449
v -2.425302 -0.227366 -0.064995
v -2.451352 -0.210339 0.174868
v -2.455325 -0.226177 -0.064575
v -2.490903 -0.213134 0.175710
v -2.494876 -0.228972 -0.063734
v -2.527365 -0.220088 0.176775
v -2.531339 -0.235926 -0.062669
v -2.560723 -0.230914 0.178044
v -2.564697 -0.246752 -0.061400
v -2.590946 -0.245312 0.179498
v -2.594919 -0.261150 -0.059946
v -2.618001 -0.262964 0.181115
v -2.621975 -0.278802 -0.058329
v -2.641866 -0.283535 0.182871
v -2.645839 -0.299373 -0.056573
v -2.662530 -0.306681 0.184745
v -2.666504 -0.322519 -0.054699
v -2.680002 -0.332059 0.186714
v -2.683976 -0.347897 -0.052730
v -2.694303 -0.359328 0.188755
v -2.698276 -0.375166 -0.050689
v -2.705462 -0.388159 0.190847
v -2.709435 -0.403997 -0.048597
v -2.713512 -0.418232 0.192970
v -2.717486 -0.434069 -0.046474
v -2.716412 -0.436298 0.194213
v -2.720386 -0.452136 -0.045231
v -2.729182 -0.431031 0.194076
v -2.733156 -0.446869 -0.045368
v -2.751373 -0.419722 0.193696
v -2.755346 -0.435559 -0.045747
v -2.771608 -0.407073 0.193196
v -2.775581 -0.422911 -0.046248
v -2.789861 -0.393110 0.192575
v -2.793834 -0.408948 -0.046869
v -2.806113 -0.377848 0.191835
v -2.810086 -0.393686 -0.047609
v -2.820348 -0.361297 0.190976
v -2.824321 -0.377135 -0.048467
v -2.832551 -0.343453 0.189999
v -2.836524 -0.359291 -0.049445
v -2.842703 -0.324303 0.188901
v -2.846677 -0.340141 -0.050543
v -2.850776 -0.303826 0.187680
v -2.854749 -0.319664 -0.051764
v -2.856728 -0.282000 0.186335
v -2.860701 -0.297838 -0.053109
v -2.860509 -0.258806 0.184864
v -2.864482 -0.274644 -0.054580
v -2.862048 -0.234407 0.183275
v -2.866021 -0.250245 -0.056168
v -2.860178 -0.205199 0.181312
v -2.864152 -0.221037 -0.058131
v -2.853800 -0.177550 0.179378
v -2.857774 -0.193388 -0.060066
v -2.843133 -0.151443 0.177474
v -2.847106 -0.167281 -0.061970
v -2.828382 -0.127049 0.175616
v -2.832355 -0.142886 -0.063828
v -2.809745 -0.104564 0.173819
v -2.813718 -0.120402 -0.065625
v -2.787425 -0.084211 0.172102
v -2.791398 -0.100048 -0.067341
v -2.761636 -0.066226 0.170485
v -2.765609 -0.082064 -0.068959
v -2.732604 -0.050853 0.168986
v -2.736577 -0.066691 -0.070457
v -2.700564 -0.038339 0.167627
v -2.704538 -0.054177 -0.071817
v -2.665760 -0.028926 0.166427
v -2.669734 -0.044764 -0.073017
v -2.628440 -0.022857 0.165406
v -2.632413 -0.038695 -0.074038
v -2.588799 -0.020366 0.164584
v -2.592772 -0.036203 -0.074860
v -2.538158 -0.021446 0.163815
v -2.542132 -0.037284 -0.075629
v -2.491116 -0.026234 0.163351
v -2.495089 -0.042072 -0.076093
v -2.447191 -0.034648 0.163178
v -2.451165 -0.050485 -0.076265
v -2.405826 -0.046618 0.163284
v -2.409799 -0.062456 -0.076160
v -2.366453 -0.062093 0.163654
v -2.370427 -0.077931 -0.075790
v -2.328517 -0.081036 0.164277
v -2.332490 -0.096873 -0.075166
v -2.291475 -0.103417 0.165143
v -2.295448 -0.119255 -0.074301
v -2.254804 -0.129206 0.166240
v -2.258778 -0.145044 -0.073203
v -2.217995 -0.158361 0.167558
v -2.221968 -0.174198 -0.071886
v -2.180546 -0.190830 0.169084
v -2.184519 -0.206668 -0.070360
v -2.141958 -0.226553 0.170807
v -2.145931 -0.242391 -0.068637
v -2.094377 -0.272576 0.173062
v -2.098351 -0.288414 -0.066382
v -2.008318 -0.180820 0.165564
v -2.012291 -0.196658 -0.073880
v -2.044835 -0.151834 0.164253
v -2.048809 -0.167671 -0.075191
v -2.074775 -0.127973 0.163172
v -2.078748 -0.143811 -0.076272
v -2.106115 -0.102916 0.162034
v -2.110088 -0.118754 -0.077410
v -2.138335 -0.077086 0.160860
v -2.142309 -0.092923 -0.078583
v -2.170918 -0.050905 0.159669
v -2.174892 -0.066743 -0.079774
v -2.203346 -0.024797 0.158481
v -2.207319 -0.040635 -0.080963
v -2.235099 0.000816 0.157313
v -2.239072 -0.015022 -0.082131
v -2.265659 0.025511 0.156187
v -2.269632 0.009673 -0.083257
v -2.294508 0.048866 0.155121
v -2.298481 0.033028 -0.084323
v -2.321128 0.070458 0.154134
v -2.325101 0.054620 -0.085309
v -2.344999 0.089864 0.153247
v -2.348972 0.074026 -0.086197
v -2.365653 0.106701 0.152476
v -2.369626 0.090863 -0.086968
v -2.385598 0.122596 0.151756
v -2.389572 0.106758 -0.087688
v -2.408578 0.141015 0.150919
v -2.412552 0.125177 -0.088525
v -2.434005 0.161485 0.149987
v -2.437979 0.145647 -0.089457
v -2.461231 0.183486 0.148983
v -2.465205 0.167648 -0.090461
v -2.489613 0.206499 0.147932
v -2.493586 0.190661 -0.091512
v -2.518505 0.230005 0.146856
v -2.522478 0.214167 -0.092587
v -2.547261 0.253485 0.145781
v -2.551234 0.237647 -0.093663
v -2.575237 0.276421 0.144728
v -2.579211 0.260583 -0.094716
v -2.601788 0.298293 0.143722
v -2.605762 0.282455 -0.095722
v -2.626267 0.318581 0.142786
v -2.630240 0.302743 -0.096658
v -2.648024 0.336762 0.141944
v -2.651998 0.320925 -0.097500
v -2.644844 0.334072 0.142069
v -2.648817 0.318234 -0.097374
v -2.652476 0.334257 0.142184
v -2.656449 0.318419 -0.097260
v -2.625286 0.333541 0.141780
v -2.629259 0.317703 -0.097664
v -2.592860 0.332646 0.141301
v -2.596834 0.316808 -0.098143
v -2.556510 0.331612 0.140766
v -2.560483 0.315774 -0.098677
v -2.517544 0.330475 0.140195
v -2.521517 0.314638 -0.099249
v -2.477269 0.329274 0.139606
v -2.481243 0.313437 -0.099838
v -2.436995 0.328047 0.139019
v -2.440968 0.312209 -0.100425
v -2.398028 0.326831 0.138453
v -2.402002 0.310993 -0.100991
v -2.361678 0.325663 0.137927
v -2.365652 0.309826 -0.101517
v -2.329254 0.324583 0.137460
v -2.333228 0.308745 -0.101984
v -2.302069 0.323628 0.137072
v -2.306042 0.307790 -0.102371
v -2.281387 0.322834 0.136782
v -2.285361 0.306996 -0.102662
v -2.274332 0.322595 0.136680
v -2.278306 0.306758 -0.102763
v -2.267295 0.322307 0.136583
v -2.271269 0.306469 -0.102861
v -2.260231 0.321967 0.136488
v -2.264205 0.306129 -0.102956
v -2.253154 0.321574 0.136397
v -2.257128 0.305736 -0.103047
v -2.246078 0.321128 0.136309
v -2.250051 0.305291 -0.103135
v -2.239015 0.320630 0.136224
v -2.242988 0.304792 -0.103219
v -2.231980 0.320079 0.136144
v -2.235954 0.304241 -0.103300
v -2.224987 0.319475 0.136068
v -2.228960 0.303637 -0.103376
v -2.218049 0.318818 0.135996
v -2.222023 0.302980 -0.103448
v -2.211181 0.318108 0.135929
v -2.215154 0.302270 -0.103515
v -2.204396 0.317345 0.135867
v -2.208369 0.301507 -0.103577
v -2.186677 0.315181 0.135716
v -2.190651 0.299344 -0.103728
v -2.184121 0.443949 0.127157
v -2.188094 0.428111 -0.112287
v -2.203101 0.441359 0.127643
v -2.207074 0.425521 -0.111801
v -2.210625 0.440457 0.127827
v -2.214599 0.424619 -0.111616
v -2.218321 0.439646 0.128009
v -2.222295 0.423808 -0.111435
v -2.226125 0.438924 0.128186
v -2.230099 0.423086 -0.111258
v -2.233979 0.438288 0.128358
v -2.237952 0.422450 -0.111085
v -2.241820 0.437734 0.128525
v -2.245794 0.421897 -0.110919
v -2.249590 0.437261 0.128685
v -2.253564 0.421423 -0.110758
v -2.257229 0.436863 0.128838
v -2.261202 0.421025 -0.110605
v -2.264678 0.436539 0.128984
v -2.268651 0.420701 -0.110460
v -2.271876 0.436284 0.129120
v -2.275849 0.420446 -0.110324
v -2.278765 0.436095 0.129247
v -2.282738 0.420257 -0.110197
v -2.285257 0.435969 0.129363
v -2.289231 0.420132 -0.110081
v -3.447952 -0.159374 0.188035
v -3.451925 -0.175212 -0.051409
v -3.451562 -0.193289 0.190338
v -3.455536 -0.209127 -0.049106
v -3.457602 -0.223579 0.192442
v -3.461575 -0.239417 -0.047002
v -3.465731 -0.250310 0.194345
v -3.469705 -0.266148 -0.045099
v -3.475613 -0.273549 0.196046
v -3.479586 -0.289387 -0.043398
v -3.486903 -0.293373 0.197544
v -3.490877 -0.309211 -0.041900
v -3.499261 -0.309865 0.198840
v -3.503235 -0.325702 -0.040604
v -3.512345 -0.323114 0.199934
v -3.516318 -0.338952 -0.039510
v -3.525812 -0.333227 0.200826
v -3.529785 -0.349065 -0.038618
v -3.539326 -0.340321 0.201520
v -3.543300 -0.356159 -0.037924
v -3.552568 -0.344535 0.202018
v -3.556542 -0.360372 -0.037426
v -3.565181 -0.346017 0.202325
v -3.569155 -0.361855 -0.037119
v -3.578175 -0.344670 0.202452
v -3.582149 -0.360508 -0.036992
v -3.591739 -0.340057 0.202372
v -3.595712 -0.355895 -0.037072
v -3.606063 -0.331788 0.202063
v -3.610036 -0.347626 -0.037381
v -3.621090 -0.319517 0.201500
v -3.625063 -0.335355 -0.037944
v -3.636692 -0.302989 0.200666
v -3.640665 -0.318827 -0.038778
v -3.652740 -0.282016 0.199545
v -3.656713 -0.297854 -0.039899
v -3.669128 -0.256442 0.198125
v -3.673102 -0.272279 -0.041319
v -3.685774 -0.226124 0.196396
v -3.689747 -0.241961 -0.043048
v -3.702609 -0.190921 0.194347
v -3.706583 -0.206759 -0.045097
v -3.719579 -0.150691 0.191968
v -3.723552 -0.166529 -0.047476
v -3.736635 -0.105291 0.189248
v -3.740609 -0.121129 -0.050196
v -3.753745 -0.054545 0.186175
v -3.757719 -0.070383 -0.053269
v -3.761987 -0.028043 0.184559
v -3.765960 -0.043880 -0.054885
v -3.769969 -0.000922 0.182897
v -3.773943 -0.016760 -0.056546
v -3.777662 0.026712 0.181197
v -3.781635 0.010874 -0.058247
v -3.785044 0.054792 0.179462
v -3.789017 0.038954 -0.059981
v -3.792097 0.083252 0.177697
v -3.796071 0.067414 -0.061747
v -3.798802 0.112023 0.175905
v -3.802776 0.096185 -0.063539
v -3.805140 0.141040 0.174091
v -3.809113 0.125202 -0.065353
v -3.811090 0.170234 0.172259
v -3.815064 0.154396 -0.067185
v -3.816636 0.199539 0.170412
v -3.820610 0.183701 -0.069031
v -3.821758 0.228887 0.168556
v -3.825731 0.213050 -0.070888
v -3.826436 0.258212 0.166694
v -3.830409 0.242374 -0.072750
v -3.828701 0.273924 0.165693
v -3.832675 0.258086 -0.073751
v -3.783289 0.266031 0.165461
v -3.787263 0.250193 -0.073983
v -3.728925 0.249275 0.165667
v -3.732899 0.233437 -0.073777
v -3.678720 0.226630 0.166332
v -3.682693 0.210792 -0.073112
v -3.632860 0.198816 0.167411
v -3.636834 0.182978 -0.072033
v -3.591548 0.166554 0.168859
v -3.595521 0.150716 -0.070585
v -3.554988 0.130572 0.170633
v -3.558961 0.114734 -0.068811
v -3.523393 0.091605 0.172686
v -3.527367 0.075767 -0.066758
v -3.496976 0.050395 0.174973
v -3.500949 0.034557 -0.064471
v -3.475945 0.007695 0.177449
v -3.479918 -0.008143 -0.061995
v -3.460501 -0.035739 0.180065
v -3.464475 -0.051577 -0.059379
v -3.450836 -0.079145 0.182776
v -3.454810 -0.094982 -0.056668
v -3.447107 -0.121938 0.185544
v -3.451081 -0.137775 -0.053899
v -3.852391 -0.146975 0.193926
v -3.856364 -0.162813 -0.045518
v -3.830355 -0.204759 0.197382
v -3.834329 -0.220597 -0.042062
v -3.807434 -0.257179 0.200469
v -3.811407 -0.273017 -0.038975
v -3.783626 -0.304230 0.203186
v -3.787600 -0.320068 -0.036258
v -3.758923 -0.345904 0.205533
v -3.762897 -0.361741 -0.033911
v -3.733306 -0.382188 0.207508
v -3.737280 -0.398026 -0.031936
v -3.706743 -0.413063 0.209109
v -3.710716 -0.428901 -0.030335
v -3.679193 -0.438483 0.210333
v -3.683167 -0.454321 -0.029111
v -3.650622 -0.458370 0.211175
v -3.654596 -0.474208 -0.028269
v -3.621030 -0.472596 0.211625
v -3.625004 -0.488434 -0.027819
v -3.590496 -0.481014 0.211675
v -3.594470 -0.496852 -0.027769
v -3.559179 -0.483509 0.211320
v -3.563152 -0.499347 -0.028124
v -3.528965 -0.480189 0.210599
v -3.532938 -0.496027 -0.028845
v -3.499392 -0.471316 0.209521
v -3.503365 -0.487154 -0.029922
v -3.470918 -0.457151 0.208112
v -3.474891 -0.472989 -0.031332
v -3.443948 -0.437951 0.206395
v -3.447922 -0.453789 -0.033049
v -3.418864 -0.413954 0.204391
v -3.422837 -0.429792 -0.035053
v -3.396033 -0.385381 0.202122
v -3.400007 -0.401219 -0.037322
v -3.375823 -0.352438 0.199608
v -3.379797 -0.368276 -0.039836
v -3.358603 -0.315322 0.196867
v -3.362577 -0.331160 -0.042577
v -3.344747 -0.274223 0.193919
v -3.348720 -0.290061 -0.045525
v -3.334630 -0.229329 0.190781
v -3.338603 -0.245167 -0.048662
v -3.328631 -0.180826 0.187474
v -3.332605 -0.196664 -0.051970
v -3.327128 -0.128757 0.184005
v -3.331101 -0.144595 -0.055439
v -3.333405 -0.059083 0.179500
v -3.337379 -0.074921 -0.059944
v -3.349519 0.008357 0.175307
v -3.353493 -0.007480 -0.064137
v -3.374786 0.072674 0.171472
v -3.378760 0.056836 -0.067972
v -3.408536 0.133138 0.168033
v -3.412510 0.117300 -0.071411
v -3.450105 0.189032 0.165025
v -3.454079 0.173195 -0.074419
v -3.498834 0.239643 0.162486
v -3.502807 0.223805 -0.076958
v -3.554069 0.284257 0.160452
v -3.558042 0.268419 -0.078992
v -3.615160 0.322159 0.158959
v -3.619133 0.306321 -0.080485
v -3.681457 0.352628 0.158043
v -3.685430 0.336790 -0.081401
v -3.752306 0.374943 0.157743
v -3.756280 0.359105 -0.081701
v -3.827049 0.388379 0.158095
v -3.831022 0.372542 -0.081349
v -3.904987 0.392212 0.159134
v -3.908961 0.376374 -0.080310
v -3.978700 0.386722 0.160721
v -3.982673 0.370884 -0.078723
v -4.047466 0.372931 0.162774
v -4.051439 0.357093 -0.076670
v -4.111007 0.351392 0.165253
v -4.114980 0.335554 -0.074191
v -4.169010 0.322669 0.168115
v -4.172983 0.306831 -0.071329
v -4.221159 0.287336 0.171318
v -4.225132 0.271499 -0.068126
v -4.267148 0.245980 0.174816
v -4.271121 0.230142 -0.064628
v -4.306669 0.199193 0.178567
v -4.310642 0.183355 -0.060877
v -4.339433 0.147570 0.182525
v -4.343406 0.131732 -0.056919
v -4.365151 0.091710 0.186647
v -4.369124 0.075872 -0.052797
v -4.383547 0.032209 0.190888
v -4.387520 0.016371 -0.048556
v -4.394348 -0.030339 0.195204
v -4.398321 -0.046177 -0.044240
v -4.397285 -0.095316 0.199551
v -4.401258 -0.111154 -0.039893
v -4.392484 -0.161591 0.203855
v -4.396457 -0.177429 -0.035589
v -4.380414 -0.223891 0.207775
v -4.384387 -0.239729 -0.031669
v -4.361223 -0.282044 0.211303
v -4.365196 -0.297882 -0.028141
v -4.335081 -0.335829 0.214427
v -4.339054 -0.351667 -0.025017
v -4.302175 -0.385020 0.217135
v -4.306148 -0.400858 -0.022309
v -4.262712 -0.429397 0.219415
v -4.266685 -0.445235 -0.020029
v -4.216917 -0.468755 0.221258
v -4.220890 -0.484593 -0.018185
v -4.165015 -0.502913 0.222657
v -4.168988 -0.518751 -0.016787
v -4.107227 -0.531704 0.223602
v -4.111200 -0.547542 -0.015842
v -4.043764 -0.554977 0.224088
v -4.047737 -0.570814 -0.015356
v -3.974821 -0.572584 0.224109
v -3.978795 -0.588422 -0.015335
v -3.894404 -0.585362 0.223620
v -3.898378 -0.601200 -0.015824
v -3.823835 -0.470452 0.214848
v -3.827808 -0.486290 -0.024596
v -3.850190 -0.468249 0.215140
v -3.854163 -0.484087 -0.024304
v -3.860227 -0.467305 0.215244
v -3.864201 -0.483143 -0.024200
v -3.870154 -0.466272 0.215340
v -3.874128 -0.482110 -0.024104
v -3.879938 -0.465157 0.215429
v -3.883912 -0.480995 -0.024015
v -3.889547 -0.463969 0.215510
v -3.893520 -0.479807 -0.023934
v -3.898948 -0.462717 0.215583
v -3.902922 -0.478555 -0.023861
v -3.908111 -0.461409 0.215648
v -3.912085 -0.477247 -0.023796
v -3.917002 -0.460054 0.215706
v -3.920976 -0.475891 -0.023738
v -3.925589 -0.458659 0.215756
v -3.929563 -0.474497 -0.023687
v -3.933840 -0.457235 0.215799
v -3.937814 -0.473073 -0.023645
v -3.941721 -0.455789 0.215834
v -3.945695 -0.471627 -0.023609
v -3.948983 -0.454374 0.215861
v -3.952956 -0.470212 -0.023583
v -3.989283 -0.444144 0.215853
v -3.993257 -0.459982 -0.023591
v -4.028846 -0.430450 0.215604
v -4.032819 -0.446288 -0.023840
v -4.067244 -0.413211 0.215101
v -4.071217 -0.429049 -0.024343
v -4.103926 -0.392382 0.214332
v -4.107899 -0.408220 -0.025112
v -4.138352 -0.367920 0.213285
v -4.142325 -0.383758 -0.026159
v -4.169991 -0.339779 0.211949
v -4.173965 -0.355616 -0.027495
v -4.198325 -0.307905 0.210311
v -4.202298 -0.323743 -0.029133
v -4.222840 -0.272233 0.208358
v -4.226813 -0.288071 -0.031086
v -4.243029 -0.232677 0.206077
v -4.247002 -0.248514 -0.033367
v -4.258376 -0.189131 0.203451
v -4.262349 -0.204969 -0.035993
v -4.268345 -0.141481 0.200465
v -4.272318 -0.157319 -0.038979
v -4.272388 -0.089577 0.197098
v -4.276361 -0.105415 -0.042345
v -4.270638 -0.043213 0.194003
v -4.274611 -0.059051 -0.045441
v -4.263921 0.001482 0.190935
v -4.267894 -0.014356 -0.048509
v -4.252349 0.044108 0.187923
v -4.256322 0.028270 -0.051520
v -4.236037 0.084311 0.184994
v -4.240010 0.068473 -0.054450
v -4.215089 0.121743 0.182170
v -4.219062 0.105905 -0.057274
v -4.189605 0.156061 0.179477
v -4.193578 0.140223 -0.059967
v -4.159675 0.186923 0.176939
v -4.163648 0.171085 -0.062505
v -4.125376 0.213989 0.174580
v -4.129349 0.198151 -0.064864
v -4.086775 0.236907 0.172423
v -4.090748 0.221069 -0.067020
v -4.043932 0.255318 0.170495
v -4.047905 0.239480 -0.068949
v -3.996907 0.268848 0.168819
v -4.000880 0.253010 -0.070624
v -3.955106 0.275602 0.167679
v -3.959080 0.259764 -0.071765
v -3.951864 0.255301 0.168968
v -3.955837 0.239464 -0.070476
v -3.946694 0.224719 0.170905
v -3.950667 0.208881 -0.068539
v -3.941171 0.193861 0.172855
v -3.945145 0.178023 -0.066589
v -3.935283 0.162802 0.174811
v -3.939256 0.146964 -0.064633
v -3.929017 0.131619 0.176770
v -3.932991 0.115781 -0.062674
v -3.922361 0.100385 0.178725
v -3.926335 0.084547 -0.060719
v -3.915302 0.069176 0.180672
v -3.919276 0.053339 -0.058771
v -3.907828 0.038067 0.182606
v -3.911801 0.022230 -0.056838
v -3.899926 0.007133 0.184521
v -3.903899 -0.008705 -0.054923
v -3.891582 -0.023552 0.186412
v -3.895556 -0.039390 -0.053032
v -3.882785 -0.053914 0.188275
v -3.886759 -0.069751 -0.051169
v -3.873516 -0.083896 0.190104
v -3.877489 -0.099733 -0.049340
v -5.038927 0.195509 0.190961
v -5.042900 0.179671 -0.048482
v -5.036255 0.214046 0.189691
v -5.040228 0.198209 -0.049753
v -5.031585 0.231384 0.188467
v -5.035558 0.215546 -0.050977
v -5.024919 0.247403 0.187296
v -5.028892 0.231565 -0.052147
v -5.016243 0.262010 0.186186
v -5.020216 0.246172 -0.053258
v -5.005521 0.275123 0.185141
v -5.009494 0.259286 -0.054303
v -4.992682 0.286666 0.184164
v -4.996655 0.270828 -0.055279
v -4.977625 0.296540 0.183261
v -4.981598 0.280703 -0.056182
v -4.960239 0.304615 0.182439
v -4.964212 0.288777 -0.057005
v -4.940420 0.310728 0.181706
v -4.944393 0.294891 -0.057738
v -4.918086 0.314696 0.181073
v -4.922059 0.298858 -0.058371
v -4.893141 0.316330 0.180551
v -4.897114 0.300492 -0.058893
v -4.875570 0.315888 0.180288
v -4.879543 0.300050 -0.059156
v -4.858184 0.314022 0.180123
v -4.862157 0.298184 -0.059321
v -4.841011 0.310737 0.180055
v -4.844984 0.294899 -0.059388
v -4.824025 0.306033 0.180085
v -4.827998 0.290195 -0.059359
v -4.807201 0.299905 0.180211
v -4.811174 0.284067 -0.059233
v -4.790524 0.292347 0.180434
v -4.794497 0.276509 -0.059010
v -4.773975 0.283352 0.180755
v -4.777948 0.267514 -0.058689
v -4.757545 0.272912 0.181172
v -4.761518 0.257074 -0.058271
v -4.741227 0.261022 0.181688
v -4.745200 0.245184 -0.057756
v -4.725013 0.247678 0.182302
v -4.728986 0.231840 -0.057142
v -4.708899 0.232878 0.183013
v -4.712872 0.217040 -0.056431
v -4.685806 0.209442 0.184180
v -4.689779 0.193604 -0.055264
v -4.603163 0.288256 0.177596
v -4.607136 0.272418 -0.061848
v -4.630708 0.315204 0.176270
v -4.634681 0.299366 -0.063173
v -4.651465 0.333909 0.175378
v -4.655438 0.318071 -0.064066
v -4.672801 0.351357 0.174578
v -4.676774 0.335519 -0.064866
v -4.694829 0.367431 0.173880
v -4.698802 0.351593 -0.065564
v -4.717658 0.382010 0.173294
v -4.721631 0.366172 -0.066150
v -4.741388 0.394970 0.172831
v -4.745361 0.379133 -0.066613
v -4.766119 0.406187 0.172499
v -4.770092 0.390349 -0.066945
v -4.791945 0.415535 0.172310
v -4.795918 0.399697 -0.067134
v -4.818952 0.422892 0.172271
v -4.822925 0.407054 -0.067173
v -4.847219 0.428142 0.172393
v -4.851192 0.412304 -0.067051
v -4.876833 0.431175 0.172684
v -4.880806 0.415337 -0.066760
v -4.907932 0.431887 0.173153
v -4.911905 0.416050 -0.066291
v -4.947299 0.429376 0.173972
v -4.951272 0.413538 -0.065472
v -4.984175 0.423137 0.174997
v -4.988148 0.407299 -0.064447
v -5.018355 0.413282 0.176216
v -5.022328 0.397444 -0.063228
v -5.049665 0.399917 0.177619
v -5.053638 0.384080 -0.061825
v -5.077915 0.383159 0.179196
v -5.081888 0.367321 -0.060248
v -5.102906 0.363136 0.180935
v -5.106879 0.347299 -0.058508
v -5.124430 0.340000 0.182823
v -5.128403 0.324162 -0.056621
v -5.142284 0.313924 0.184844
v -5.146257 0.298086 -0.054600
v -5.156285 0.285102 0.186983
v -5.160258 0.269264 -0.052461
v -5.166273 0.253733 0.189223
v -5.170246 0.237895 -0.050221
v -5.172111 0.220010 0.191551
v -5.176084 0.204172 -0.047893
v -5.173691 0.183824 0.193970
v -5.177664 0.167986 -0.045473
v -5.167384 0.136090 0.197023
v -5.171357 0.120252 -0.042421
v -5.151417 0.093876 0.199550
v -5.155390 0.078038 -0.039893
v -5.128106 0.056629 0.201627
v -5.132079 0.040792 -0.037817
v -5.099730 0.023265 0.203363
v -5.103703 0.007427 -0.036081
v -5.068420 -0.007422 0.204874
v -5.072393 -0.023260 -0.034570
v -5.036212 -0.036614 0.206270
v -5.040185 -0.052452 -0.033174
v -5.005099 -0.065418 0.207659
v -5.009072 -0.081256 -0.031785
v -4.977050 -0.094857 0.209141
v -4.981023 -0.110695 -0.030303
v -4.953959 -0.125879 0.210809
v -4.957932 -0.141717 -0.028634
v -4.937539 -0.159463 0.212758
v -4.941512 -0.175301 -0.026686
v -4.929347 -0.196864 0.215096
v -4.933320 -0.212702 -0.024348
v -4.931619 -0.251401 0.218741
v -4.935592 -0.267238 -0.020703
v -4.806833 -0.249504 0.216545
v -4.810806 -0.265342 -0.022899
v -4.803158 -0.188547 0.212452
v -4.807131 -0.204384 -0.026992
v -4.811149 -0.141556 0.209477
v -4.815122 -0.157394 -0.029967
v -4.828220 -0.099849 0.207001
v -4.832193 -0.115687 -0.032443
v -4.852108 -0.062742 0.204943
v -4.856081 -0.078580 -0.034501
v -4.880591 -0.029336 0.203206
v -4.884564 -0.045173 -0.036238
v -4.911573 0.001347 0.201691
v -4.915546 -0.014491 -0.037753
v -4.943032 0.030248 0.200301
v -4.947005 0.014410 -0.039143
v -4.972963 0.058239 0.198946
v -4.976936 0.042401 -0.040497
v -4.999375 0.086099 0.197542
v -5.003348 0.070261 -0.041902
v -5.020347 0.114497 0.196012
v -5.024320 0.098659 -0.043432
v -5.034188 0.144093 0.194284
v -5.038161 0.128255 -0.045160
v -5.039581 0.176411 0.192235
v -5.043554 0.160573 -0.047208
v -4.775364 -0.456601 0.229721
v -4.779337 -0.472439 -0.009723
v -4.778018 -0.443724 0.228914
v -4.781991 -0.459561 -0.010530
v -4.782179 -0.431694 0.228187
v -4.786152 -0.447532 -0.011257
v -4.787750 -0.420609 0.227546
v -4.791723 -0.436447 -0.011898
v -4.794623 -0.410562 0.226996
v -4.798596 -0.426400 -0.012448
v -4.802680 -0.401643 0.226539
v -4.806653 -0.417481 -0.012905
v -4.811804 -0.393935 0.226181
v -4.815777 -0.409773 -0.013263
v -4.821869 -0.387517 0.225923
v -4.825842 -0.403355 -0.013520
v -4.832753 -0.382460 0.225770
v -4.836726 -0.398298 -0.013674
v -4.844330 -0.378830 0.225722
v -4.848303 -0.394668 -0.013722
v -4.856475 -0.376688 0.225781
v -4.860448 -0.392526 -0.013662
v -4.869073 -0.376092 0.225951
v -4.873046 -0.391930 -0.013493
v -4.881364 -0.377070 0.226220
v -4.885337 -0.392908 -0.013224
v -4.893208 -0.379585 0.226583
v -4.897181 -0.395423 -0.012861
v -4.904469 -0.383573 0.227033
v -4.908442 -0.399411 -0.012411
v -4.915020 -0.388966 0.227565
v -4.918993 -0.404804 -0.011879
v -4.924737 -0.395690 0.228171
v -4.928710 -0.411528 -0.011273
v -4.933498 -0.403669 0.228844
v -4.937471 -0.419507 -0.010600
v -4.941180 -0.412822 0.229577
v -4.945153 -0.428660 -0.009867
v -4.947664 -0.423064 0.230362
v -4.951637 -0.438902 -0.009082
v -4.952835 -0.434304 0.231191
v -4.956808 -0.450141 -0.008253
v -4.956583 -0.446445 0.232057
v -4.960556 -0.462283 -0.007387
v -4.958808 -0.459392 0.232950
v -4.962781 -0.475229 -0.006494
v -4.959415 -0.473050 0.233863
v -4.963388 -0.488888 -0.005581
v -4.958361 -0.486662 0.234746
v -4.962334 -0.502500 -0.004698
v -4.955711 -0.499478 0.235550
v -4.959684 -0.515316 -0.003894
v -4.951560 -0.511413 0.236271
v -4.955533 -0.527251 -0.003173
v -4.946009 -0.522377 0.236904
v -4.949982 -0.538215 -0.002540
v -4.939174 -0.532281 0.237445
v -4.943147 -0.548119 -0.001999
v -4.931176 -0.541043 0.237892
v -4.935149 -0.556881 -0.001552
v -4.922144 -0.548589 0.238241
v -4.926117 -0.564427 -0.001202
v -4.912206 -0.554852 0.238491
v -4.916179 -0.570689 -0.000953
v -4.901490 -0.559770 0.238638
v -4.905463 -0.575608 -0.000806
v -4.890127 -0.563290 0.238682
v -4.894100 -0.579128 -0.000761
v -4.878242 -0.565361 0.238622
v -4.882215 -0.581199 -0.000822
v -4.865968 -0.565934 0.238456
v -4.869941 -0.581772 -0.000987
v -4.853437 -0.564987 0.238186
v -4.857410 -0.580824 -0.001258
v -4.841401 -0.562561 0.237826
v -4.845374 -0.578399 -0.001618
v -4.829966 -0.558706 0.237381
v -4.833939 -0.574544 -0.002063
v -4.819256 -0.553471 0.236857
v -4.823229 -0.569309 -0.002587
v -4.809395 -0.546913 0.236260
v -4.813368 -0.562751 -0.003184
v -4.800508 -0.539095 0.235595
v -4.804481 -0.554933 -0.003849
v -4.792721 -0.530088 0.234870
v -4.796694 -0.545926 -0.004574
v -4.786157 -0.519973 0.234092
v -4.790130 -0.535811 -0.005352
v -4.780933 -0.508836 0.233269
v -4.784906 -0.524674 -0.006175
v -4.777155 -0.496773 0.232408
v -4.781128 -0.512611 -0.007036
v -4.774919 -0.483877 0.231518
v -4.778892 -0.499715 -0.007926
v -4.774309 -0.470237 0.230606
v -4.778282 -0.486075 -0.008838
vn -0.0166 -0.0660 -0.9977
vn -0.0165 -0.0660 -0.9977
vn -0.0168 -0.0660 -0.9977
vn 0.0166 0.0660 0.9977
vn 0.0163 0.0660 0.9977
vn 0.0165 0.0660 0.9977
vn 0.2548 0.9646 -0.0680
vn -0.4422 0.8954 -0.0519
vn -0.4595 0.8867 -0.0510
vn -0.4739 0.8791 -0.0503
vn -0.4866 0.8722 -0.0496
vn -0.4983 0.8656 -0.0490
vn -0.5097 0.8590 -0.0484
vn -0.5214 0.8520 -0.0477
vn -0.5342 0.8441 -0.0470
vn -0.5488 0.8347 -0.0461
vn -0.5666 0.8227 -0.0450
vn -0.5900 0.8062 -0.0435
vn -0.9880 0.1543 0.0062
vn -0.1290 -0.9893 0.0676
vn 0.6266 -0.7782 0.0411
vn 0.5986 -0.7999 0.0430
vn 0.5759 -0.8163 0.0444
vn 0.5567 -0.8295 0.0456
vn 0.5398 -0.8405 0.0466
vn 0.5244 -0.8501 0.0475
vn 0.5098 -0.8589 0.0484
vn 0.4954 -0.8672 0.0491
vn 0.4805 -0.8755 0.0499
vn 0.4643 -0.8842 0.0508
vn 0.4456 -0.8937 0.0517
vn 0.9673 -0.2538 0.0007
vn -0.0638 -0.9957 0.0669
vn -0.1483 -0.9866 0.0677
vn -0.2377 -0.9690 0.0680
vn -0.3326 -0.9406 0.0677
vn -0.4329 -0.8990 0.0666
vn -0.5379 -0.8406 0.0645
vn -0.6454 -0.7614 0.0611
vn -0.7513 -0.6576 0.0560
vn -0.8484 -0.5271 0.0489
vn -0.9277 -0.3712 0.0399
vn -0.9800 -0.1968 0.0293
vn -0.9995 -0.0261 0.0183
vn -0.9918 0.1279 0.0080
vn -0.9603 0.2789 -0.0025
vn -0.9021 0.4313 -0.0136
vn -0.8181 0.5746 -0.0244
vn -0.7141 0.6992 -0.0344
vn -0.5991 0.7996 -0.0429
vn -0.4820 0.8748 -0.0499
vn -0.3697 0.9275 -0.0552
vn -0.2661 0.9621 -0.0592
vn -0.1730 0.9830 -0.0621
vn -0.0903 0.9938 -0.0642
vn -0.0110 0.9978 -0.0658
vn 0.0810 0.9945 -0.0671
vn 0.1914 0.9792 -0.0679
vn 0.3153 0.9466 -0.0678
vn 0.4480 0.8916 -0.0664
vn 0.5814 0.8112 -0.0633
vn 0.7050 0.7068 -0.0584
vn 0.8092 0.5852 -0.0521
vn 0.8887 0.4564 -0.0449
vn 0.9432 0.3300 -0.0375
vn 0.9766 0.2129 -0.0303
vn 0.9938 0.1084 -0.0237
vn 0.9995 0.0262 -0.0183
vn 0.8045 -0.5934 0.0259
vn 0.2873 -0.9561 0.0585
vn 0.2611 -0.9635 0.0594
vn 0.2352 -0.9701 0.0603
vn 0.2097 -0.9759 0.0611
vn 0.1845 -0.9809 0.0618
vn 0.1596 -0.9852 0.0625
vn 0.1350 -0.9888 0.0632
vn 0.1108 -0.9918 0.0638
vn 0.0868 -0.9941 0.0643
vn 0.0631 -0.9959 0.0648
vn 0.0396 -0.9971 0.0653
vn 0.0025 -0.9978 0.0660
vn -0.8210 0.5704 -0.0241
vn -0.3910 0.9188 -0.0543
vn -0.4256 0.9034 -0.0527
vn -0.4579 0.8875 -0.0511
vn -0.4880 0.8714 -0.0495
vn -0.5159 0.8553 -0.0480
vn -0.5418 0.8392 -0.0465
vn -0.5656 0.8235 -0.0451
vn -0.5875 0.8080 -0.0437
vn -0.6077 0.7931 -0.0424
vn -0.6260 0.7787 -0.0411
vn -0.6428 0.7650 -0.0399
vn -0.9899 0.1413 0.0071
vn -0.1267 -0.9896 0.0676
vn 0.6683 -0.7429 0.0380
vn 0.6606 -0.7498 0.0386
vn 0.6506 -0.7584 0.0394
vn 0.6386 -0.7685 0.0402
vn 0.6243 -0.7801 0.0412
vn 0.6078 -0.7929 0.0424
vn 0.5890 -0.8070 0.0436
vn 0.5677 -0.8220 0.0449
vn 0.5439 -0.8378 0.0464
vn 0.5174 -0.8544 0.0479
vn 0.4881 -0.8714 0.0495
vn -0.5166 -0.8537 0.0650
vn -0.9994 -0.0306 0.0186
vn -0.9915 -0.1279 0.0249
vn -0.9681 -0.2486 0.0325
vn -0.9257 -0.3761 0.0402
vn -0.8615 -0.5054 0.0477
vn -0.7749 -0.6297 0.0545
vn -0.6685 -0.7412 0.0601
vn -0.5486 -0.8336 0.0642
vn -0.4231 -0.9036 0.0668
vn -0.2995 -0.9517 0.0679
vn -0.1835 -0.9807 0.0679
vn -0.0783 -0.9947 0.0671
vn 0.0113 -0.9978 0.0658
vn 0.0883 -0.9940 0.0643
vn 0.1661 -0.9841 0.0623
vn 0.2518 -0.9659 0.0597
vn 0.3465 -0.9364 0.0562
vn 0.4502 -0.8914 0.0515
vn 0.5616 -0.8262 0.0453
vn 0.6762 -0.7358 0.0374
vn 0.7861 -0.6175 0.0278
vn 0.8807 -0.4733 0.0167
vn 0.9502 -0.3115 0.0048
vn 0.9894 -0.1449 -0.0068
vn 0.9997 0.0163 -0.0177
vn 0.9840 0.1761 -0.0280
vn 0.9410 0.3362 -0.0379
vn 0.8724 0.4865 -0.0467
vn 0.7837 0.6187 -0.0539
vn 0.6822 0.7288 -0.0595
vn 0.5748 0.8159 -0.0635
vn 0.4667 0.8819 -0.0661
vn 0.3613 0.9300 -0.0675
vn 0.2600 0.9632 -0.0680
vn 0.1635 0.9842 -0.0678
vn 0.0716 0.9952 -0.0670
vn 0.0015 0.9978 -0.0660
vn -0.0314 0.9974 -0.0654
vn -0.0469 0.9968 -0.0652
vn -0.0631 0.9959 -0.0648
vn -0.0798 0.9947 -0.0645
vn -0.0971 0.9932 -0.0641
vn -0.1151 0.9913 -0.0637
vn -0.1336 0.9890 -0.0632
vn -0.1529 0.9863 -0.0627
vn -0.1727 0.9830 -0.0622
vn -0.1933 0.9792 -0.0616
vn 0.7724 -0.6345 0.0292
vn 0.9993 -0.0336 -0.0144
vn 0.9993 -0.0335 -0.0144
vn 0.9993 -0.0331 -0.0144
vn 0.9994 -0.0324 -0.0144
vn 0.9994 -0.0315 -0.0145
vn 0.9994 -0.0302 -0.0146
vn 0.9995 -0.0286 -0.0147
vn 0.9995 -0.0266 -0.0148
vn 0.9996 -0.0242 -0.0150
vn 0.9997 -0.0211 -0.0152
vn 0.9997 -0.0174 -0.0154
vn 0.7063 0.7055 -0.0584
vn -0.7341 0.6782 -0.0327
vn -0.9981 -0.0574 0.0204
vn -0.9985 -0.0508 0.0199
vn -0.9988 -0.0439 0.0195
vn -0.9991 -0.0367 0.0190
vn -0.9994 -0.0295 0.0185
vn -0.9996 -0.0224 0.0181
vn -0.9997 -0.0155 0.0176
vn -0.9998 -0.0088 0.0172
vn -0.9999 -0.0026 0.0168
vn -0.9999 0.0031 0.0164
vn -0.9998 0.0081 0.0161
vn -0.9997 0.0189 0.0153
vn 0.1475 0.9867 -0.0677
vn 0.1594 0.9849 -0.0678
vn 0.1716 0.9828 -0.0679
vn 0.1841 0.9806 -0.0679
vn 0.1970 0.9780 -0.0680
vn 0.2103 0.9753 -0.0680
vn 0.2241 0.9722 -0.0680
vn 0.2383 0.9688 -0.0680
vn 0.2531 0.9651 -0.0680
vn 0.2684 0.9609 -0.0680
vn 0.2843 0.9563 -0.0680
vn -0.5906 0.8058 -0.0435
vn -0.7936 -0.6061 0.0533
vn -0.2434 -0.9675 0.0680
vn -0.2307 -0.9707 0.0680
vn -0.2185 -0.9735 0.0680
vn -0.2066 -0.9761 0.0680
vn -0.1952 -0.9784 0.0680
vn -0.1839 -0.9806 0.0679
vn -0.1729 -0.9826 0.0679
vn -0.1620 -0.9845 0.0678
vn -0.1512 -0.9862 0.0677
vn -0.1405 -0.9878 0.0677
vn -0.1297 -0.9892 0.0676
vn -0.6170 -0.7845 0.0621
vn -0.9289 -0.3681 0.0398
vn -0.9192 -0.3917 0.0412
vn -0.9097 -0.4132 0.0424
vn -0.9003 -0.4331 0.0436
vn -0.8908 -0.4523 0.0447
vn -0.8809 -0.4710 0.0458
vn -0.8705 -0.4899 0.0469
vn -0.8591 -0.5095 0.0480
vn -0.8464 -0.5302 0.0491
vn -0.8318 -0.5528 0.0504
vn -0.8144 -0.5780 0.0517
vn -0.2182 -0.9735 0.0680
vn 0.9823 -0.1874 -0.0039
vn 0.7784 0.6254 -0.0543
vn 0.8024 0.5945 -0.0526
vn 0.8218 0.5674 -0.0512
vn 0.8381 0.5433 -0.0498
vn 0.8520 0.5213 -0.0486
vn 0.8642 0.5009 -0.0475
vn 0.8752 0.4815 -0.0464
vn 0.8855 0.4625 -0.0453
vn 0.8952 0.4434 -0.0442
vn 0.9048 0.4237 -0.0430
vn 0.9145 0.4024 -0.0418
vn 0.5704 0.8189 -0.0636
vn 0.9989 -0.0457 -0.0136
vn -0.0392 -0.9970 0.0666
vn -0.0337 -0.9972 0.0665
vn -0.0283 -0.9974 0.0664
vn -0.0228 -0.9975 0.0664
vn -0.0173 -0.9977 0.0663
vn -0.0118 -0.9977 0.0662
vn -0.0062 -0.9978 0.0661
vn -0.0007 -0.9978 0.0660
vn 0.0050 -0.9978 0.0659
vn 0.0106 -0.9978 0.0658
vn 0.0160 -0.9977 0.0657
vn 0.0207 -0.9976 0.0656
vn 0.0250 -0.9975 0.0656
vn 0.0291 -0.9974 0.0655
vn 0.0333 -0.9973 0.0654
vn 0.0374 -0.9972 0.0653
vn 0.0415 -0.9970 0.0653
vn 0.0456 -0.9968 0.0652
vn 0.0499 -0.9966 0.0651
vn 0.0543 -0.9964 0.0650
vn 0.0589 -0.9961 0.0649
vn 0.0638 -0.9959 0.0648
vn 0.7127 -0.7007 0.0345
vn 0.6737 0.7366 -0.0599
vn -0.1343 0.9889 -0.0632
vn -0.1196 0.9908 -0.0636
vn -0.1061 0.9923 -0.0639
vn -0.0935 0.9935 -0.0642
vn -0.0818 0.9946 -0.0644
vn -0.0708 0.9954 -0.0647
vn -0.0606 0.9961 -0.0649
vn -0.0508 0.9966 -0.0651
vn -0.0416 0.9970 -0.0653
vn -0.0329 0.9973 -0.0654
vn -0.0244 0.9975 -0.0656
vn -0.0161 0.9977 -0.0657
vn -0.0074 0.9978 -0.0659
vn 0.0010 0.9978 -0.0660
vn 0.0090 0.9978 -0.0661
vn 0.0164 0.9977 -0.0663
vn 0.0234 0.9975 -0.0664
vn 0.0299 0.9973 -0.0665
vn 0.0360 0.9971 -0.0666
vn 0.0417 0.9969 -0.0666
vn 0.0469 0.9967 -0.0667
vn 0.0518 0.9964 -0.0668
vn 0.0562 0.9962 -0.0668
vn 0.6269 0.7766 -0.0618
vn 0.9639 0.2643 -0.0335
vn 0.9664 0.2547 -0.0329
vn 0.9693 0.2438 -0.0322
vn 0.9724 0.2314 -0.0314
vn 0.9756 0.2173 -0.0306
vn 0.9790 0.2015 -0.0296
vn 0.9826 0.1836 -0.0284
vn 0.9862 0.1634 -0.0272
vn 0.9897 0.1405 -0.0257
vn 0.9931 0.1145 -0.0241
vn 0.9961 0.0851 -0.0222
vn 0.6415 0.7647 -0.0612
vn -0.8238 0.5663 -0.0238
vn -0.9669 -0.2529 0.0328
vn -0.9676 -0.2505 0.0326
vn -0.9678 -0.2496 0.0326
vn -0.9678 -0.2497 0.0326
vn -0.9675 -0.2508 0.0326
vn -0.9670 -0.2526 0.0328
vn -0.9663 -0.2553 0.0329
vn -0.9654 -0.2586 0.0331
vn -0.9643 -0.2627 0.0334
vn -0.9629 -0.2676 0.0337
vn -0.9613 -0.2734 0.0340
vn -0.7546 0.6554 -0.0308
vn -0.7292 -0.6820 0.0572
vn -0.0674 -0.9955 0.0670
vn -0.0451 -0.9968 0.0667
vn -0.0269 -0.9974 0.0664
vn -0.0113 -0.9977 0.0662
vn 0.0029 -0.9978 0.0660
vn 0.0163 -0.9977 0.0657
vn 0.0297 -0.9974 0.0655
vn 0.0437 -0.9969 0.0652
vn 0.0590 -0.9961 0.0649
vn 0.0767 -0.9950 0.0645
vn 0.0982 -0.9931 0.0641
vn 0.7504 -0.6603 0.0312
vn 0.6441 0.7625 -0.0611
vn -0.1340 0.9890 -0.0632
vn -0.0985 0.9931 -0.0641
vn -0.0705 0.9954 -0.0647
vn -0.0472 0.9968 -0.0651
vn -0.0269 0.9975 -0.0655
vn -0.0083 0.9978 -0.0659
vn 0.0096 0.9978 -0.0662
vn 0.0278 0.9974 -0.0664
vn 0.0474 0.9966 -0.0667
vn 0.0698 0.9953 -0.0670
vn 0.0974 0.9930 -0.0673
vn -0.6720 0.7396 -0.0378
vn -0.9928 0.1192 0.0086
vn -0.9631 0.2693 -0.0018
vn -0.9031 0.4293 -0.0134
vn -0.8113 0.5841 -0.0252
vn -0.6950 0.7181 -0.0360
vn -0.5678 0.8219 -0.0449
vn -0.4430 0.8950 -0.0518
vn -0.3294 0.9425 -0.0569
vn -0.2307 0.9712 -0.0604
vn -0.1469 0.9872 -0.0629
vn -0.0764 0.9950 -0.0645
vn -0.0265 0.9975 -0.0655
vn -0.0009 0.9978 -0.0660
vn 0.0154 0.9977 -0.0662
vn 0.0325 0.9973 -0.0665
vn 0.0504 0.9965 -0.0667
vn 0.0689 0.9954 -0.0670
vn 0.0878 0.9939 -0.0672
vn 0.1071 0.9920 -0.0674
vn 0.1264 0.9897 -0.0676
vn 0.1456 0.9870 -0.0677
vn 0.1645 0.9840 -0.0678
vn 0.1830 0.9808 -0.0679
vn -0.6326 0.7734 -0.0407
vn -0.7646 -0.6421 0.0552
vn -0.1537 -0.9858 0.0678
vn -0.1369 -0.9883 0.0676
vn -0.1205 -0.9904 0.0675
vn -0.1044 -0.9922 0.0674
vn -0.0887 -0.9938 0.0672
vn -0.0732 -0.9951 0.0670
vn -0.0579 -0.9961 0.0668
vn -0.0428 -0.9969 0.0666
vn -0.0278 -0.9974 0.0664
vn -0.0130 -0.9977 0.0662
vn 0.0017 -0.9978 0.0660
vn 0.0271 -0.9975 0.0655
vn 0.0778 -0.9949 0.0645
vn 0.1487 -0.9869 0.0628
vn 0.2318 -0.9709 0.0604
vn 0.3285 -0.9428 0.0569
vn 0.4386 -0.8972 0.0521
vn 0.5592 -0.8278 0.0455
vn 0.6831 -0.7294 0.0369
vn 0.7987 -0.6011 0.0265
vn 0.8932 -0.4495 0.0149
vn 0.9578 -0.2875 0.0031
vn 0.9915 -0.1299 -0.0079
vn 0.9998 -0.0121 -0.0158
vn 0.9988 0.0439 -0.0195
vn 0.9972 0.0716 -0.0213
vn 0.9950 0.0976 -0.0230
vn 0.9923 0.1216 -0.0245
vn 0.9893 0.1435 -0.0259
vn 0.9863 0.1630 -0.0271
vn 0.9832 0.1802 -0.0282
vn 0.9804 0.1950 -0.0292
vn 0.9778 0.2075 -0.0300
vn 0.9755 0.2180 -0.0306
vn 0.9735 0.2264 -0.0311
vn 0.5743 0.8162 -0.0635
vn -0.8300 0.5573 -0.0231
vn -0.9641 -0.2635 0.0334
vn -0.9676 -0.2506 0.0326
vn -0.9713 -0.2357 0.0317
vn -0.9753 -0.2188 0.0307
vn -0.9794 -0.1998 0.0295
vn -0.9835 -0.1787 0.0281
vn -0.9875 -0.1556 0.0267
vn -0.9911 -0.1305 0.0251
vn -0.9943 -0.1037 0.0234
vn -0.9969 -0.0753 0.0215
vn -0.9988 -0.0456 0.0196
vn -0.9998 0.0089 0.0160
vn -0.9779 -0.2071 0.0299
vn -0.9797 -0.1981 0.0294
vn -0.9816 -0.1890 0.0288
vn -0.9834 -0.1794 0.0282
vn -0.9853 -0.1689 0.0275
vn -0.9872 -0.1571 0.0268
vn -0.9893 -0.1435 0.0259
vn -0.9915 -0.1275 0.0249
vn -0.9939 -0.1081 0.0236
vn -0.9962 -0.0842 0.0221
vn -0.9984 -0.0536 0.0201
vn -0.9996 -0.0232 0.0181
vn -0.9998 -0.0047 0.0169
vn -0.9999 0.0061 0.0162
vn -0.9997 0.0171 0.0155
vn -0.9995 0.0283 0.0147
vn -0.9991 0.0394 0.0140
vn -0.9986 0.0504 0.0132
vn -0.9981 0.0611 0.0125
vn -0.9974 0.0714 0.0118
vn -0.9966 0.0811 0.0112
vn -0.9959 0.0902 0.0106
vn -0.0976 -0.9929 0.0673
vn 0.1384 -0.9884 0.0631
vn -0.3722 0.9265 -0.0551
vn 0.9267 0.3735 -0.0401
vn 0.9256 0.3763 -0.0402
vn 0.9246 0.3787 -0.0404
vn 0.9237 0.3810 -0.0405
vn 0.9228 0.3831 -0.0407
vn 0.9220 0.3851 -0.0408
vn 0.9211 0.3871 -0.0409
vn 0.9203 0.3891 -0.0410
vn 0.9193 0.3913 -0.0411
vn 0.9183 0.3936 -0.0413
vn 0.2452 0.9671 -0.0680
vn -0.9638 0.2667 -0.0016
vn -0.9352 -0.3521 0.0388
vn -0.9371 -0.3469 0.0385
vn -0.9391 -0.3415 0.0382
vn -0.9412 -0.3358 0.0378
vn -0.9435 -0.3294 0.0374
vn -0.9460 -0.3220 0.0370
vn -0.9490 -0.3131 0.0365
vn -0.9526 -0.3022 0.0358
vn -0.9569 -0.2882 0.0349
vn -0.9625 -0.2692 0.0338
vn -0.9698 -0.2418 0.0321
vn -0.9760 -0.2158 0.0305
vn -0.9790 -0.2017 0.0296
vn -0.9810 -0.1920 0.0290
vn -0.9830 -0.1812 0.0283
vn -0.9852 -0.1689 0.0275
vn -0.9876 -0.1548 0.0266
vn -0.9900 -0.1384 0.0256
vn -0.9926 -0.1188 0.0243
vn -0.9952 -0.0954 0.0228
vn -0.9976 -0.0666 0.0210
vn -0.9994 -0.0304 0.0186
vn -0.9997 0.0162 0.0155
vn -0.9982 0.0580 0.0127
vn -0.9973 0.0719 0.0118
vn -0.9975 0.0692 0.0120
vn -0.9977 0.0674 0.0121
vn -0.9977 0.0663 0.0122
vn -0.9978 0.0659 0.0122
vn -0.9977 0.0662 0.0122
vn -0.9977 0.0670 0.0121
vn -0.9976 0.0686 0.0120
vn -0.9974 0.0710 0.0119
vn -0.9972 0.0742 0.0116
vn -0.9968 0.0786 0.0113
vn -0.7525 -0.6562 0.0559
vn 0.5954 -0.8023 0.0432
vn 0.9741 -0.2260 -0.0012
vn 0.9800 -0.1988 -0.0031
vn 0.9847 -0.1739 -0.0048
vn 0.9885 -0.1508 -0.0064
vn 0.9916 -0.1288 -0.0079
vn 0.9942 -0.1076 -0.0094
vn 0.9962 -0.0869 -0.0108
vn 0.9977 -0.0665 -0.0122
vn 0.9988 -0.0463 -0.0135
vn 0.9996 -0.0260 -0.0149
vn 0.9999 -0.0055 -0.0162
vn 0.9997 0.0188 -0.0178
vn 0.9986 0.0483 -0.0198
vn 0.9968 0.0767 -0.0216
vn 0.9947 0.1003 -0.0231
vn 0.9925 0.1200 -0.0244
vn 0.9904 0.1362 -0.0254
vn 0.9884 0.1494 -0.0263
vn 0.9868 0.1596 -0.0269
vn 0.9856 0.1671 -0.0274
vn 0.9848 0.1714 -0.0277
vn 0.9847 0.1721 -0.0277
vn 0.9854 0.1678 -0.0275
vn 0.9846 0.1724 -0.0277
vn 0.9841 0.1753 -0.0279
vn 0.9860 0.1646 -0.0272
vn 0.9878 0.1536 -0.0265
vn 0.9895 0.1421 -0.0258
vn 0.9912 0.1300 -0.0250
vn 0.9928 0.1173 -0.0242
vn 0.9943 0.1037 -0.0234
vn 0.9958 0.0890 -0.0224
vn 0.9971 0.0731 -0.0214
vn 0.9982 0.0556 -0.0202
vn 0.9992 0.0363 -0.0190
vn 0.6584 0.7503 -0.0606
vn -0.8352 0.5495 -0.0225
vn -0.9555 -0.2928 0.0352
vn -0.9564 -0.2899 0.0350
vn -0.9573 -0.2869 0.0349
vn -0.9582 -0.2839 0.0347
vn -0.9592 -0.2807 0.0345
vn -0.9602 -0.2771 0.0343
vn -0.9614 -0.2729 0.0340
vn -0.9628 -0.2680 0.0337
vn -0.9645 -0.2620 0.0333
vn -0.9665 -0.2544 0.0329
vn -0.9692 -0.2443 0.0322
vn -0.9738 -0.2252 0.0311
vn -0.6954 -0.7162 0.0589
vn 0.7185 -0.6947 0.0340
vn 0.6954 0.7162 -0.0589
vn -0.7185 0.6947 -0.0340
vn -0.8371 0.5467 -0.0223
vn -0.8472 0.5308 -0.0211
vn -0.8563 0.5160 -0.0199
vn -0.8647 0.5019 -0.0188
vn -0.8727 0.4880 -0.0178
vn -0.8803 0.4740 -0.0167
vn -0.8880 0.4596 -0.0157
vn -0.8959 0.4441 -0.0145
vn -0.9042 0.4270 -0.0132
vn -0.9131 0.4075 -0.0118
vn -0.9232 0.3842 -0.0101
vn -0.9237 -0.3810 0.0405
vn 0.3879 -0.9201 0.0544
vn 0.9279 -0.3726 0.0093
vn 0.9193 -0.3934 0.0108
vn 0.9117 -0.4106 0.0120
vn 0.9049 -0.4254 0.0131
vn 0.8985 -0.4387 0.0141
vn 0.8924 -0.4510 0.0150
vn 0.8863 -0.4628 0.0159
vn 0.8802 -0.4744 0.0168
vn 0.8736 -0.4862 0.0177
vn 0.8666 -0.4987 0.0186
vn 0.8587 -0.5121 0.0196
vn 0.9436 0.3289 -0.0374
vn -0.3104 0.9489 -0.0576
vn -0.9373 -0.3463 0.0385
vn -0.9328 -0.3583 0.0392
vn -0.9281 -0.3701 0.0399
vn -0.9234 -0.3817 0.0406
vn -0.9185 -0.3932 0.0412
vn -0.9136 -0.4045 0.0419
vn -0.9085 -0.4157 0.0426
vn -0.9033 -0.4268 0.0432
vn -0.8980 -0.4378 0.0439
vn -0.8925 -0.4488 0.0445
vn -0.8869 -0.4598 0.0451
vn -0.9685 -0.2470 0.0324
vn 0.9544 0.2966 -0.0355
vn 0.5601 -0.8272 0.0454
vn -0.8223 -0.5667 0.0511
vn -0.8160 -0.5757 0.0516
vn -0.8093 -0.5851 0.0521
vn -0.8021 -0.5948 0.0527
vn -0.7945 -0.6049 0.0532
vn -0.7863 -0.6155 0.0538
vn -0.7775 -0.6265 0.0543
vn -0.7681 -0.6380 0.0549
vn -0.7579 -0.6500 0.0556
vn -0.7470 -0.6625 0.0562
vn 0.1580 -0.9854 0.0626
vn 0.9071 -0.4207 0.0128
vn 0.8955 -0.4449 0.0146
vn 0.8866 -0.4624 0.0159
vn 0.8792 -0.4762 0.0169
vn 0.8726 -0.4881 0.0178
vn 0.8663 -0.4991 0.0186
vn 0.8600 -0.5100 0.0195
vn 0.8531 -0.5214 0.0203
vn 0.8451 -0.5342 0.0213
vn 0.8353 -0.5494 0.0225
vn 0.8221 -0.5689 0.0240
vn 0.9982 0.0566 -0.0203
vn 0.7569 0.6512 -0.0556
vn 0.7844 0.6179 -0.0539
vn 0.8082 0.5866 -0.0522
vn 0.8291 0.5568 -0.0506
vn 0.8477 0.5281 -0.0490
vn 0.8645 0.5003 -0.0474
vn 0.8798 0.4731 -0.0459
vn 0.8939 0.4461 -0.0443
vn 0.9070 0.4189 -0.0428
vn 0.9310 0.3630 -0.0395
vn 0.4378 0.8966 -0.0666
vn -0.8970 0.4419 -0.0143
vn 0.3490 -0.9355 0.0561
vn 0.9003 -0.4350 0.0138
vn 0.8958 -0.4442 0.0145
vn 0.8912 -0.4534 0.0152
vn 0.8863 -0.4629 0.0159
vn 0.8810 -0.4728 0.0167
vn 0.8753 -0.4832 0.0174
vn 0.8691 -0.4943 0.0183
vn 0.8621 -0.5064 0.0192
vn 0.8541 -0.5197 0.0202
vn 0.8450 -0.5344 0.0213
vn 0.8343 -0.5509 0.0226
vn 0.9560 0.2911 -0.0351
vn -0.2980 0.9528 -0.0581
vn -0.8378 0.5456 -0.0222
vn -0.8436 0.5365 -0.0215
vn -0.8486 0.5287 -0.0209
vn -0.8530 0.5215 -0.0203
vn -0.8573 0.5144 -0.0198
vn -0.8616 0.5072 -0.0193
vn -0.8662 0.4994 -0.0187
vn -0.8712 0.4906 -0.0180
vn -0.8769 0.4804 -0.0172
vn -0.8836 0.4680 -0.0163
vn -0.8917 0.4523 -0.0151
vn -0.9395 -0.3404 0.0381
vn 0.3346 -0.9407 0.0567
vn 0.8950 -0.4458 0.0146
vn 0.8886 -0.4584 0.0156
vn 0.8823 -0.4704 0.0165
vn 0.8759 -0.4822 0.0174
vn 0.8692 -0.4940 0.0183
vn 0.8623 -0.5061 0.0192
vn 0.8547 -0.5187 0.0201
vn 0.8465 -0.5319 0.0211
vn 0.8374 -0.5462 0.0222
vn 0.8270 -0.5617 0.0234
vn 0.8150 -0.5790 0.0248
vn 0.9658 0.2570 -0.0330
vn -0.2595 0.9639 -0.0595
vn -0.8155 0.5782 -0.0247
vn -0.8260 0.5632 -0.0235
vn -0.8341 0.5512 -0.0226
vn -0.8408 0.5409 -0.0218
vn -0.8467 0.5317 -0.0211
vn -0.8522 0.5228 -0.0204
vn -0.8576 0.5139 -0.0198
vn -0.8632 0.5045 -0.0190
vn -0.8692 0.4941 -0.0183
vn -0.8761 0.4819 -0.0173
vn -0.8842 0.4668 -0.0162
vn -0.9457 -0.3229 0.0370
vn -0.9986 -0.0499 0.0199
vn -0.9986 -0.0489 0.0198
vn -0.9987 -0.0476 0.0197
vn -0.9987 -0.0461 0.0196
vn -0.9988 -0.0443 0.0195
vn -0.9989 -0.0423 0.0194
vn -0.9990 -0.0398 0.0192
vn -0.9991 -0.0368 0.0190
vn -0.9993 -0.0331 0.0188
vn -0.9994 -0.0285 0.0185
vn -0.9996 -0.0226 0.0181
vn -0.9998 0.0098 0.0159
vn -0.9950 0.0998 0.0099
vn -0.9734 0.2291 0.0010
vn -0.9289 0.3703 -0.0091
vn -0.8571 0.5147 -0.0198
vn -0.7591 0.6502 -0.0304
vn -0.6419 0.7658 -0.0400
vn -0.5164 0.8550 -0.0480
vn -0.3932 0.9179 -0.0542
vn -0.2797 0.9583 -0.0587
vn -0.1792 0.9819 -0.0620
vn -0.0923 0.9937 -0.0642
vn -0.0106 0.9978 -0.0658
vn 0.0802 0.9945 -0.0671
vn 0.1794 0.9814 -0.0679
vn 0.2784 0.9580 -0.0680
vn 0.3739 0.9250 -0.0674
vn 0.4626 0.8841 -0.0662
vn 0.5423 0.8377 -0.0644
vn 0.6118 0.7885 -0.0623
vn 0.6708 0.7392 -0.0600
vn 0.7197 0.6919 -0.0577
vn 0.7594 0.6482 -0.0555
vn 0.7910 0.6094 -0.0534
vn 0.0230 0.9975 -0.0664
vn -0.9998 0.0080 0.0161
vn -0.7698 -0.6359 0.0548
vn -0.7351 -0.6755 0.0569
vn -0.6937 -0.7178 0.0590
vn -0.6447 -0.7620 0.0611
vn -0.5874 -0.8068 0.0631
vn -0.5213 -0.8509 0.0649
vn -0.4464 -0.8924 0.0664
vn -0.3632 -0.9293 0.0675
vn -0.2730 -0.9596 0.0680
vn -0.1779 -0.9817 0.0679
vn -0.0805 -0.9945 0.0671
vn 0.0935 -0.9936 0.0642
vn 0.1819 -0.9814 0.0619
vn 0.2840 -0.9570 0.0586
vn 0.3990 -0.9154 0.0539
vn 0.5233 -0.8508 0.0476
vn 0.6490 -0.7598 0.0395
vn 0.7654 -0.6429 0.0298
vn 0.8617 -0.5070 0.0192
vn 0.9315 -0.3636 0.0086
vn 0.9745 -0.2243 -0.0013
vn 0.9952 -0.0974 -0.0101
vn 0.9998 -0.0085 -0.0160
vn 0.9995 0.0250 -0.0182
vn 0.9993 0.0322 -0.0187
vn 0.9991 0.0372 -0.0190
vn 0.9990 0.0406 -0.0193
vn 0.9989 0.0428 -0.0194
vn 0.9989 0.0427 -0.0194
vn 0.9990 0.0401 -0.0192
vn 0.9992 0.0355 -0.0189
vn 0.9994 0.0276 -0.0184
vn 0.9997 0.0155 -0.0176
vn 0.9999 0.0016 -0.0167
vn 0.9998 -0.0122 -0.0158
vn 0.9995 -0.0263 -0.0148
vn 0.9991 -0.0408 -0.0139
vn 0.9984 -0.0558 -0.0129
vn 0.9974 -0.0714 -0.0118
vn 0.9961 -0.0878 -0.0107
vn 0.9944 -0.1051 -0.0095
vn 0.9923 -0.1235 -0.0083
vn 0.9897 -0.1433 -0.0069
vn 0.9864 -0.1645 -0.0055
vn 0.7578 0.6501 -0.0556
vn -0.7700 0.6373 -0.0294
vn -0.9878 -0.1535 0.0265
vn -0.9894 -0.1429 0.0259
vn -0.9909 -0.1326 0.0252
vn -0.9922 -0.1225 0.0246
vn -0.9934 -0.1126 0.0239
vn -0.9944 -0.1029 0.0233
vn -0.9954 -0.0932 0.0227
vn -0.9962 -0.0837 0.0221
vn -0.9970 -0.0742 0.0215
vn -0.9977 -0.0647 0.0208
vn -0.9983 -0.0551 0.0202
vn -0.9985 -0.0503 0.0199
vn 0.0881 0.9938 -0.0672
vn 0.0860 0.9940 -0.0672
vn 0.0841 0.9942 -0.0672
vn 0.0824 0.9943 -0.0671
vn 0.0807 0.9945 -0.0671
vn 0.0790 0.9946 -0.0671
vn 0.0771 0.9948 -0.0671
vn 0.0751 0.9949 -0.0671
vn 0.0730 0.9951 -0.0670
vn 0.0706 0.9953 -0.0670
vn 0.0679 0.9954 -0.0670
vn 0.0695 0.9953 -0.0670
vn 0.0647 0.9957 -0.0669
vn 0.0598 0.9960 -0.0669
vn 0.0552 0.9962 -0.0668
vn 0.0509 0.9965 -0.0668
vn 0.0468 0.9967 -0.0667
vn 0.0430 0.9968 -0.0666
vn 0.0394 0.9970 -0.0666
vn 0.0362 0.9971 -0.0666
vn 0.0333 0.9972 -0.0665
vn 0.0307 0.9973 -0.0665
vn -0.7023 0.7110 -0.0354
vn -0.6961 -0.7156 0.0589
vn 0.0117 -0.9978 0.0658
vn 0.0053 -0.9978 0.0659
vn -0.0033 -0.9978 0.0661
vn -0.0142 -0.9977 0.0662
vn -0.0276 -0.9974 0.0664
vn -0.0440 -0.9968 0.0667
vn -0.0640 -0.9957 0.0669
vn -0.0885 -0.9938 0.0672
vn -0.1188 -0.9906 0.0675
vn -0.1569 -0.9853 0.0678
vn -0.2057 -0.9762 0.0680
vn -0.2940 -0.9534 0.0679
vn -0.4113 -0.9090 0.0670
vn -0.5184 -0.8527 0.0650
vn -0.6118 -0.7885 0.0623
vn -0.6922 -0.7193 0.0591
vn -0.7608 -0.6466 0.0554
vn -0.8191 -0.5714 0.0514
vn -0.8685 -0.4934 0.0470
vn -0.9102 -0.4120 0.0424
vn -0.9448 -0.3255 0.0372
vn -0.9722 -0.2321 0.0315
vn -0.9913 -0.1290 0.0250
vn -0.9998 -0.0053 0.0169
vn -0.9887 0.1497 0.0065
vn -0.9465 0.3226 -0.0056
vn -0.8716 0.4899 -0.0179
vn -0.7710 0.6362 -0.0293
vn -0.6572 0.7527 -0.0389
vn -0.5426 0.8387 -0.0465
vn -0.4352 0.8988 -0.0522
vn -0.3388 0.9391 -0.0565
vn -0.2539 0.9654 -0.0596
vn -0.1793 0.9818 -0.0620
vn -0.1133 0.9915 -0.0637
vn -0.8429 0.5377 -0.0216
vn -0.5325 -0.8440 0.0647
vn 0.1359 -0.9887 0.0631
vn 0.2186 -0.9739 0.0608
vn 0.3043 -0.9508 0.0578
vn 0.3947 -0.9172 0.0541
vn 0.4905 -0.8700 0.0494
vn 0.5914 -0.8052 0.0434
vn 0.6945 -0.7186 0.0360
vn 0.7943 -0.6069 0.0270
vn 0.8824 -0.4703 0.0165
vn 0.9494 -0.3139 0.0050
vn 0.9889 -0.1482 -0.0066
vn 0.9999 0.0003 -0.0166
vn 0.9932 0.1141 -0.0240
vn 0.9774 0.2092 -0.0301
vn 0.9537 0.2988 -0.0356
vn 0.9233 0.3820 -0.0406
vn 0.8873 0.4590 -0.0451
vn 0.8467 0.5299 -0.0491
vn 0.8018 0.5953 -0.0527
vn 0.7528 0.6559 -0.0559
vn 0.6992 0.7125 -0.0587
vn 0.6401 0.7659 -0.0613
vn 0.8188 -0.5735 0.0243
vn -0.9458 0.3248 -0.0058
vn 0.9957 -0.0918 -0.0105
vn -0.0890 -0.9938 0.0672
vn -0.0891 -0.9938 0.0672
vn -0.0907 -0.9936 0.0672
vn -0.0935 -0.9933 0.0673
vn -0.0978 -0.9929 0.0673
vn -0.1036 -0.9923 0.0674
vn -0.1115 -0.9915 0.0674
vn -0.1222 -0.9902 0.0675
vn -0.1374 -0.9882 0.0676
vn -0.1598 -0.9848 0.0678
vn 0.6090 -0.7920 0.0423
vn 0.7412 0.6689 -0.0565
vn 0.0150 0.9977 -0.0662
vn 0.0201 0.9976 -0.0663
vn 0.0252 0.9975 -0.0664
vn 0.0305 0.9973 -0.0665
vn 0.0359 0.9971 -0.0666
vn 0.0415 0.9969 -0.0666
vn 0.0538 0.9963 -0.0668
vn 0.0609 0.9959 -0.0669
vn 0.0688 0.9954 -0.0670
vn 0.0779 0.9947 -0.0671
vn -0.0913 -0.9936 0.0672
vn -0.1992 -0.9776 0.0680
vn -0.3063 -0.9495 0.0679
vn -0.4122 -0.9086 0.0669
vn -0.5159 -0.8542 0.0651
vn -0.6166 -0.7848 0.0621
vn -0.7126 -0.6992 0.0581
vn -0.8015 -0.5957 0.0527
vn -0.8795 -0.4737 0.0459
vn -0.9420 -0.3336 0.0377
vn -0.9835 -0.1786 0.0281
vn -0.9998 -0.0082 0.0171
vn -0.9837 0.1800 0.0044
vn -0.9290 0.3700 -0.0091
vn -0.8422 0.5388 -0.0217
vn -0.7361 0.6761 -0.0325
vn -0.6238 0.7805 -0.0413
vn -0.5141 0.8564 -0.0481
vn -0.4117 0.9097 -0.0533
vn -0.3180 0.9464 -0.0573
vn -0.2327 0.9707 -0.0603
vn -0.1548 0.9860 -0.0626
vn -0.0832 0.9944 -0.0644
vn -0.0297 0.9974 -0.0655
vn -0.0047 0.9978 -0.0659
vn 0.0072 0.9978 -0.0661
vn 0.0194 0.9976 -0.0663
vn 0.0319 0.9973 -0.0665
vn 0.0446 0.9968 -0.0667
vn 0.0576 0.9961 -0.0668
vn 0.0709 0.9952 -0.0670
vn 0.0845 0.9942 -0.0672
vn 0.0984 0.9929 -0.0673
vn 0.1126 0.9913 -0.0674
vn 0.6070 -0.7936 0.0424
vn 0.9837 -0.1797 -0.0044
vn 0.9608 -0.2771 0.0024
vn 0.9260 -0.3774 0.0096
vn 0.8776 -0.4791 0.0171
vn 0.8140 -0.5803 0.0249
vn 0.7343 -0.6781 0.0327
vn 0.6384 -0.7687 0.0403
vn 0.5277 -0.8481 0.0473
vn 0.4055 -0.9125 0.0536
vn 0.2761 -0.9593 0.0589
vn 0.1449 -0.9874 0.0629
vn 0.0211 -0.9976 0.0656
vn -0.0017 0.9978 -0.0660
vn 0.0061 0.9978 -0.0661
vn 0.0107 0.9978 -0.0662
vn 0.0141 0.9977 -0.0662
vn 0.0170 0.9977 -0.0663
vn 0.0198 0.9976 -0.0663
vn 0.0229 0.9975 -0.0664
vn 0.0266 0.9974 -0.0664
vn 0.0315 0.9973 -0.0665
vn 0.0388 0.9970 -0.0666
vn 0.0521 0.9964 -0.0668
vn 0.0584 0.9961 -0.0669
vn 0.0624 0.9958 -0.0669
vn 0.0757 0.9949 -0.0671
vn 0.0904 0.9936 -0.0672
vn 0.1066 0.9920 -0.0674
vn 0.1244 0.9899 -0.0675
vn 0.1436 0.9873 -0.0677
vn 0.1643 0.9841 -0.0678
vn 0.1860 0.9802 -0.0679
vn 0.2084 0.9757 -0.0680
vn 0.2307 0.9706 -0.0680
vn 0.2520 0.9653 -0.0680
vn -0.3199 0.9457 -0.0572
vn -0.9878 -0.1537 0.0266
vn -0.5663 -0.8217 0.0637
vn -0.5623 -0.8245 0.0639
vn -0.5603 -0.8258 0.0639
vn -0.5622 -0.8245 0.0639
vn -0.5661 -0.8219 0.0638
vn -0.5718 -0.8179 0.0636
vn -0.5794 -0.8126 0.0634
vn -0.5888 -0.8058 0.0631
vn -0.6001 -0.7975 0.0627
vn -0.6131 -0.7876 0.0623
vn -0.6105 -0.7896 0.0624
vn -0.6066 -0.7925 0.0625
vn -0.6157 -0.7855 0.0622
vn -0.6214 -0.7811 0.0620
vn -0.6251 -0.7781 0.0618
vn -0.6276 -0.7761 0.0617
vn -0.6293 -0.7747 0.0617
vn -0.6304 -0.7738 0.0616
vn -0.6309 -0.7734 0.0616
vn -0.6310 -0.7733 0.0616
vn -0.6305 -0.7737 0.0616
vn -0.7770 0.6289 -0.0287
vn -0.9604 0.2785 -0.0025
vn 0.2439 0.9674 -0.0680
vn 0.2112 0.9751 -0.0680
vn 0.1799 0.9813 -0.0679
vn 0.1501 0.9863 -0.0677
vn 0.1218 0.9903 -0.0675
vn 0.0950 0.9932 -0.0673
vn 0.0461 0.9967 -0.0667
vn 0.0239 0.9975 -0.0664
vn 0.0032 0.9978 -0.0661
vn -0.0368 0.9972 -0.0653
vn -0.1189 0.9909 -0.0636
vn -0.2242 0.9726 -0.0606
vn -0.3317 0.9417 -0.0568
vn -0.4401 0.8965 -0.0520
vn -0.5474 0.8356 -0.0462
vn -0.6513 0.7578 -0.0393
vn -0.7485 0.6624 -0.0314
vn -0.9069 0.4211 -0.0128
vn -0.9598 0.2806 -0.0026
vn -0.9911 0.1332 0.0076
vn -0.9998 -0.0131 0.0175
vn -0.9872 -0.1574 0.0268
vn -0.9520 -0.3040 0.0359
vn -0.8926 -0.4486 0.0445
vn -0.8107 -0.5831 0.0520
vn -0.7111 -0.7007 0.0581
vn -0.6006 -0.7971 0.0627
vn -0.4860 -0.8715 0.0657
vn -0.3728 -0.9255 0.0674
vn -0.2646 -0.9619 0.0680
vn -0.1635 -0.9842 0.0678
vn -0.0701 -0.9953 0.0670
vn 0.0139 -0.9977 0.0658
vn 0.0923 -0.9937 0.0642
vn 0.1741 -0.9828 0.0621
vn 0.2628 -0.9630 0.0593
vn 0.3587 -0.9318 0.0557
vn 0.4612 -0.8858 0.0509
vn 0.5689 -0.8212 0.0449
vn 0.6781 -0.7340 0.0373
vn 0.7829 -0.6215 0.0281
vn 0.8750 -0.4838 0.0175
vn 0.9456 -0.3254 0.0058
vn 0.9878 -0.1556 -0.0061
vn 0.9998 0.0097 -0.0172
vn 0.9866 0.1608 -0.0270
vn 0.9527 0.3018 -0.0358
vn 0.8998 0.4341 -0.0436
vn 0.8303 0.5550 -0.0505
vn 0.7468 0.6627 -0.0562
vn 0.6520 0.7558 -0.0608
vn 0.5483 0.8338 -0.0642
vn 0.4385 0.8963 -0.0666
vn 0.3248 0.9434 -0.0678
vn 0.2096 0.9754 -0.0680
vn 0.0953 0.9932 -0.0673
vn -0.0166 0.9977 -0.0657
vn -0.1304 0.9894 -0.0633
vn -0.2499 0.9664 -0.0598
vn -0.3717 0.9267 -0.0551
vn -0.4907 0.8699 -0.0494
vn -0.6022 0.7972 -0.0427
vn -0.7019 0.7113 -0.0354
vn -0.7871 0.6162 -0.0277
vn -0.8567 0.5155 -0.0199
vn -0.9108 0.4126 -0.0122
vn -0.9508 0.3099 -0.0047
vn -0.9779 0.2090 0.0024
vn -0.4886 0.8711 -0.0495
vn 0.4178 0.9061 -0.0669
vn 0.4925 0.8678 -0.0656
vn 0.5696 0.8195 -0.0637
vn 0.6471 0.7600 -0.0610
vn 0.7226 0.6888 -0.0576
vn 0.7932 0.6066 -0.0533
vn 0.8560 0.5147 -0.0482
vn 0.9085 0.4158 -0.0426
vn 0.9490 0.3132 -0.0365
vn 0.9772 0.2104 -0.0301
vn 0.9936 0.1105 -0.0238
vn 0.9999 -0.0016 -0.0165
vn 0.9894 -0.1453 -0.0068
vn 0.9532 -0.3022 0.0042
vn 0.8938 -0.4483 0.0148
vn 0.8157 -0.5779 0.0247
vn 0.7246 -0.6884 0.0335
vn 0.6254 -0.7792 0.0412
vn 0.5223 -0.8514 0.0476
vn 0.4180 -0.9069 0.0530
vn 0.3144 -0.9476 0.0575
vn 0.2125 -0.9753 0.0610
vn 0.1130 -0.9915 0.0637
vn 0.0218 -0.9976 0.0656
vn -0.0604 -0.9959 0.0669
vn -0.1440 -0.9873 0.0677
vn -0.2327 -0.9702 0.0680
vn -0.3218 -0.9444 0.0678
vn -0.4065 -0.9112 0.0670
vn -0.4823 -0.8735 0.0658
vn -0.5466 -0.8349 0.0643
vn -0.5984 -0.7987 0.0628
vn -0.6383 -0.7673 0.0613
vn -0.6675 -0.7422 0.0602
vn -0.6876 -0.7237 0.0593
vn 0.0249 -0.9975 0.0656
vn 0.9971 0.0725 -0.0213
vn 0.6226 0.7800 -0.0619
vn 0.6240 0.7789 -0.0619
vn 0.6252 0.7780 -0.0618
vn 0.6261 0.7773 -0.0618
vn 0.6277 0.7760 -0.0617
vn 0.6284 0.7755 -0.0617
vn 0.6290 0.7749 -0.0617
vn 0.6298 0.7743 -0.0617
vn 0.6306 0.7737 -0.0616
vn 0.6315 0.7729 -0.0616
vn 0.6245 0.7786 -0.0619
vn 0.6264 0.7770 -0.0618
vn 0.6280 0.7758 -0.0617
vn 0.6293 0.7747 -0.0617
vn 0.6306 0.7736 -0.0616
vn 0.6320 0.7725 -0.0616
vn 0.6334 0.7714 -0.0615
vn 0.6351 0.7700 -0.0615
vn 0.6372 0.7683 -0.0614
vn 0.6399 0.7660 -0.0613
vn -0.7651 0.6432 -0.0299
vn -0.9348 0.3552 -0.0080
vn -0.9996 0.0253 0.0149
vn -0.0259 -0.9975 0.0664
vn -0.0270 -0.9974 0.0664
vn -0.0284 -0.9974 0.0664
vn -0.0291 -0.9974 0.0665
vn -0.0298 -0.9973 0.0665
vn -0.0306 -0.9973 0.0665
vn -0.0317 -0.9973 0.0665
vn -0.0332 -0.9972 0.0665
vn -0.0357 -0.9971 0.0665
vn -0.0350 -0.9972 0.0665
vn -0.0363 -0.9971 0.0666
vn -0.0435 -0.9968 0.0667
vn -0.0508 -0.9965 0.0668
vn -0.0581 -0.9961 0.0668
vn -0.0656 -0.9956 0.0669
vn -0.0733 -0.9951 0.0670
vn -0.0811 -0.9944 0.0671
vn -0.0893 -0.9937 0.0672
vn -0.0977 -0.9929 0.0673
vn -0.1064 -0.9920 0.0674
vn -0.1156 -0.9910 0.0675
vn 0.6557 -0.7541 0.0390
vn 0.6644 0.7449 -0.0603
vn -0.1284 0.9897 -0.0633
vn -0.1132 0.9915 -0.0637
vn -0.0997 0.9930 -0.0640
vn -0.0877 0.9941 -0.0643
vn -0.0768 0.9950 -0.0645
vn -0.0669 0.9957 -0.0647
vn -0.0576 0.9962 -0.0649
vn -0.0489 0.9967 -0.0651
vn -0.0406 0.9970 -0.0653
vn -0.0325 0.9973 -0.0654
vn -0.0245 0.9975 -0.0656
vn -0.0136 0.9977 -0.0658
vn -0.9978 0.0651 0.0123
vn -0.9885 0.1513 0.0064
vn -0.9699 0.2435 -0.0000
vn -0.9400 0.3412 -0.0070
vn -0.8964 0.4429 -0.0144
vn -0.8368 0.5470 -0.0223
vn -0.7585 0.6510 -0.0305
vn -0.6589 0.7512 -0.0388
vn -0.5357 0.8431 -0.0469
vn -0.3869 0.9205 -0.0545
vn -0.2123 0.9753 -0.0610
vn -0.0079 0.9978 -0.0659
vn 0.2133 0.9746 -0.0680
vn 0.4128 0.9084 -0.0669
vn 0.5682 0.8204 -0.0637
vn 0.6815 0.7294 -0.0596
vn 0.7620 0.6453 -0.0553
vn 0.8190 0.5715 -0.0514
vn 0.8600 0.5081 -0.0479
vn 0.8899 0.4540 -0.0448
vn 0.9121 0.4077 -0.0421
vn 0.9290 0.3679 -0.0398
vn 0.9420 0.3334 -0.0377
vn 0.9513 0.3061 -0.0360
vn 0.9571 0.2875 -0.0349
vn 0.9614 0.2732 -0.0340
vn 0.9653 0.2592 -0.0332
vn 0.9689 0.2454 -0.0323
vn 0.9723 0.2318 -0.0315
vn 0.9754 0.2182 -0.0306
vn 0.9784 0.2047 -0.0298
vn 0.9812 0.1910 -0.0289
vn 0.9838 0.1771 -0.0280
vn 0.9886 0.1485 -0.0262
vn 0.6969 -0.7163 0.0358
vn -0.2328 -0.9701 0.0680
vn -0.3532 -0.9331 0.0676
vn -0.4657 -0.8825 0.0661
vn -0.5681 -0.8205 0.0637
vn -0.6597 -0.7490 0.0605
vn -0.7405 -0.6697 0.0566
vn -0.8108 -0.5830 0.0520
vn -0.8710 -0.4890 0.0468
vn -0.9213 -0.3867 0.0409
vn -0.9609 -0.2746 0.0341
vn -0.9882 -0.1507 0.0264
vn -0.9993 -0.0310 0.0186
vn -0.9415 -0.3348 0.0378
vn -0.9257 -0.3762 0.0402
vn -0.9047 -0.4238 0.0430
vn -0.8769 -0.4784 0.0462
vn -0.8395 -0.5412 0.0497
vn -0.7886 -0.6125 0.0536
vn -0.7195 -0.6921 0.0577
vn -0.6263 -0.7771 0.0618
vn -0.5039 -0.8613 0.0653
vn -0.3506 -0.9341 0.0676
vn -0.1726 -0.9826 0.0679
vn 0.0161 -0.9977 0.0657
vn 0.2005 -0.9778 0.0613
vn 0.3692 -0.9277 0.0552
vn 0.5156 -0.8555 0.0480
vn 0.6385 -0.7686 0.0402
vn 0.7388 -0.6731 0.0323
vn 0.8190 -0.5732 0.0243
vn 0.8816 -0.4717 0.0166
vn 0.9289 -0.3701 0.0091
vn 0.9629 -0.2699 0.0019
vn 0.9851 -0.1718 -0.0050
vn 0.9970 -0.0766 -0.0115
vn 0.9994 0.0293 -0.0185
vn 0.9868 0.1598 -0.0269
vn 0.9540 0.2976 -0.0355
vn 0.9041 0.4250 -0.0431
vn 0.8398 0.5406 -0.0497
vn 0.7632 0.6438 -0.0552
vn 0.6759 0.7346 -0.0598
vn 0.5790 0.8129 -0.0634
vn 0.4732 0.8785 -0.0660
vn 0.3594 0.9307 -0.0675
vn 0.2386 0.9687 -0.0680
vn 0.1124 0.9914 -0.0674
vn -0.0137 0.9977 -0.0658
vn -0.1370 0.9886 -0.0631
vn -0.2608 0.9636 -0.0594
vn -0.3847 0.9214 -0.0546
vn -0.5049 0.8618 -0.0486
vn -0.6175 0.7855 -0.0417
vn -0.7190 0.6942 -0.0340
vn -0.8067 0.5904 -0.0257
vn -0.8787 0.4771 -0.0170
vn -0.9341 0.3570 -0.0081
vn -0.9724 0.2333 0.0007
vn -0.9941 0.1085 0.0093
vn -0.9998 -0.0124 0.0174
vn -0.9912 -0.1299 0.0250
vn -0.9676 -0.2503 0.0326
vn -0.9267 -0.3738 0.0401
vn -0.8675 -0.4952 0.0471
vn -0.7913 -0.6091 0.0534
vn -0.7013 -0.7104 0.0586
vn -0.6021 -0.7959 0.0626
vn -0.4987 -0.8643 0.0654
vn -0.3955 -0.9160 0.0672
vn -0.2958 -0.9528 0.0679
vn -0.2017 -0.9771 0.0680
vn 0.4188 -0.9065 0.0530
vn 0.8917 0.4504 -0.0446
vn 0.0875 0.9939 -0.0672
vn 0.0977 0.9929 -0.0673
vn 0.1075 0.9919 -0.0674
vn 0.1171 0.9908 -0.0675
vn 0.1265 0.9897 -0.0676
vn 0.1359 0.9884 -0.0676
vn 0.1452 0.9871 -0.0677
vn 0.1547 0.9856 -0.0678
vn 0.1644 0.9841 -0.0678
vn 0.1745 0.9823 -0.0679
vn 0.1852 0.9804 -0.0679
vn 0.2181 0.9735 -0.0680
vn 0.2864 0.9557 -0.0680
vn 0.3684 0.9272 -0.0674
vn 0.4521 0.8895 -0.0663
vn 0.5372 0.8410 -0.0645
vn 0.6230 0.7798 -0.0619
vn 0.7074 0.7044 -0.0583
vn 0.7875 0.6139 -0.0537
vn 0.8594 0.5090 -0.0479
vn 0.9190 0.3920 -0.0412
vn 0.9631 0.2671 -0.0336
vn 0.9898 0.1399 -0.0257
vn 0.9955 -0.0940 -0.0103
vn 0.9786 -0.2058 -0.0026
vn 0.9477 -0.3192 0.0054
vn 0.9017 -0.4322 0.0136
vn 0.8400 -0.5421 0.0219
vn 0.7628 -0.6459 0.0301
vn 0.6712 -0.7403 0.0378
vn 0.5675 -0.8221 0.0450
vn 0.4551 -0.8890 0.0512
vn 0.3378 -0.9395 0.0565
vn 0.2198 -0.9737 0.0608
vn -0.5855 -0.8082 0.0632
vn -0.9867 -0.1605 0.0270
vn -0.9851 -0.1697 0.0276
vn -0.9814 -0.1898 0.0288
vn -0.9792 -0.2008 0.0295
vn -0.9767 -0.2126 0.0303
vn -0.9706 -0.2386 0.0319
vn -0.9628 -0.2683 0.0337
vn -0.9580 -0.2847 0.0347
vn -0.9519 -0.3043 0.0359
vn 0.9960 -0.0893 -0.0106
vn 0.9794 -0.2019 -0.0029
vn 0.9466 -0.3225 0.0056
vn 0.8941 -0.4476 0.0148
vn 0.8199 -0.5720 0.0242
vn 0.7244 -0.6885 0.0335
vn 0.6115 -0.7902 0.0421
vn 0.4875 -0.8717 0.0496
vn 0.3603 -0.9312 0.0556
vn 0.2367 -0.9697 0.0602
vn 0.1216 -0.9905 0.0635
vn 0.0212 -0.9976 0.0656
vn -0.0650 -0.9956 0.0669
vn -0.1466 -0.9869 0.0677
vn -0.2270 -0.9715 0.0680
vn -0.3044 -0.9501 0.0679
vn -0.3775 -0.9235 0.0674
vn -0.4454 -0.8929 0.0664
vn -0.5072 -0.8593 0.0653
vn -0.5630 -0.8240 0.0638
vn -0.6126 -0.7879 0.0623
vn -0.6564 -0.7520 0.0606
vn -0.6948 -0.7168 0.0589
vn -0.0150 -0.9977 0.0662
vn 0.9998 -0.0069 -0.0161
vn 0.6847 0.7264 -0.0594
vn 0.6516 0.7561 -0.0608
vn 0.6116 0.7887 -0.0623
vn 0.5642 0.8232 -0.0638
vn 0.5091 0.8582 -0.0652
vn 0.4464 0.8924 -0.0664
vn 0.3767 0.9239 -0.0674
vn 0.3014 0.9511 -0.0679
vn 0.2223 0.9726 -0.0680
vn 0.1416 0.9876 -0.0677
vn 0.0615 0.9959 -0.0669
vn -0.0215 0.9976 -0.0656
vn -0.1167 0.9911 -0.0636
vn -0.2237 0.9728 -0.0606
vn -0.3369 0.9398 -0.0566
vn -0.4538 0.8896 -0.0513
vn -0.5704 0.8201 -0.0448
vn -0.6816 0.7308 -0.0370
vn -0.7816 0.6232 -0.0282
vn -0.8651 0.5012 -0.0188
vn -0.9288 0.3705 -0.0091
vn -0.9714 0.2376 0.0004
vn -0.9941 0.1079 0.0094
vn -0.9989 -0.0426 0.0194
vn -0.9697 -0.2420 0.0321
vn -0.8960 -0.4418 0.0441
vn -0.8071 -0.5881 0.0523
vn -0.7319 -0.6791 0.0571
vn -0.6861 -0.7251 0.0593
vn -0.6757 -0.7348 0.0598
vn -0.7023 -0.7095 0.0586
vn -0.7647 -0.6420 0.0552
vn -0.8541 -0.5178 0.0484
vn -0.9444 -0.3267 0.0373
vn -0.9961 -0.0855 0.0222
vn -0.7159 -0.6958 0.0579
vn 0.6914 -0.7216 0.0363
vn 0.9984 0.0528 -0.0201
vn 0.9615 0.2728 -0.0340
vn 0.8870 0.4595 -0.0451
vn 0.8029 0.5937 -0.0526
vn 0.7332 0.6776 -0.0570
vn 0.6904 0.7210 -0.0591
vn 0.6800 0.7308 -0.0596
vn 0.7049 0.7069 -0.0585
vn 0.7668 0.6396 -0.0550
vn 0.8596 0.5088 -0.0479
vn 0.9549 0.2947 -0.0353
vn 0.9977 0.0642 -0.0208
vn 0.9901 0.1381 -0.0256
vn 0.9642 0.2629 -0.0334
vn 0.9214 0.3865 -0.0409
vn 0.8616 0.5054 -0.0477
vn 0.7857 0.6162 -0.0538
vn 0.6955 0.7161 -0.0589
vn 0.5929 0.8028 -0.0629
vn 0.4805 0.8745 -0.0658
vn 0.3608 0.9302 -0.0675
vn 0.2363 0.9693 -0.0680
vn 0.1098 0.9917 -0.0674
vn -0.0172 0.9977 -0.0657
vn -0.1452 0.9874 -0.0629
vn -0.2728 0.9603 -0.0590
vn -0.3968 0.9163 -0.0540
vn -0.5146 0.8561 -0.0481
vn -0.7223 0.6908 -0.0337
vn -0.8080 0.5887 -0.0255
vn -0.8790 0.4764 -0.0169
vn -0.9342 0.3567 -0.0081
vn -0.9725 0.2327 0.0007
vn -0.9941 0.1077 0.0094
vn -0.9997 -0.0153 0.0176
vn -0.9900 -0.1385 0.0256
vn -0.9639 -0.2641 0.0335
vn -0.9205 -0.3886 0.0410
vn -0.8598 -0.5084 0.0479
vn -0.7829 -0.6198 0.0540
vn -0.6917 -0.7198 0.0591
vn -0.5886 -0.8060 0.0631
vn -0.4761 -0.8769 0.0659
vn -0.3570 -0.9317 0.0675
vn -0.2337 -0.9699 0.0680
vn -0.1085 -0.9918 0.0674
vn 0.0155 -0.9977 0.0657
vn 0.1380 -0.9884 0.0631
vn 0.2605 -0.9637 0.0594
vn 0.3816 -0.9227 0.0547
vn 0.4989 -0.8653 0.0490
vn 0.6097 -0.7915 0.0422
vn 0.7111 -0.7022 0.0346
vn 0.8003 -0.5991 0.0263
vn 0.8746 -0.4846 0.0175
vn 0.9321 -0.3621 0.0085
vn 0.9719 -0.2354 -0.0006
vn 0.9940 -0.1086 -0.0093
vn 0.9997 0.0151 -0.0176
vt 0.685950 0.000000
vt 0.702479 0.000000
vt 0.694215 0.000000
vt 0.677686 0.000000
vt 0.710744 0.000000
vt 0.669421 0.000000
vt 0.719008 0.000000
vt 0.661157 0.000000
vt 0.727273 0.000000
vt 0.652893 0.000000
vt 0.644628 0.000000
vt 0.735537 0.000000
vt 0.636364 0.000000
vt 0.743802 0.000000
vt 0.628099 0.000000
vt 0.752066 0.000000
vt 0.619835 0.000000
vt 0.611570 0.000000
vt 0.760331 0.000000
vt 0.603306 0.000000
vt 0.487603 0.000000
vt 0.479339 0.000000
vt 0.768595 0.000000
vt 0.495868 0.000000
vt 0.504132 0.000000
vt 0.471074 0.000000
vt 0.512397 0.000000
vt 0.462810 0.000000
vt 0.595041 0.000000
vt 0.520661 0.000000
vt 0.454545 0.000000
vt 0.528926 0.000000
vt 0.537190 0.000000
vt 0.446281 0.000000
vt 0.545455 0.000000
vt 0.776860 0.000000
vt 0.438017 0.000000
vt 0.586777 0.000000
vt 0.578512 0.000000
vt 0.570248 0.000000
vt 0.561983 0.000000
vt 0.553719 0.000000
vt 0.429752 0.000000
vt 0.421488 0.000000
vt 0.785124 0.000000
vt 0.413223 0.000000
vt 0.404959 0.000000
vt 0.793388 0.000000
vt 0.396694 0.000000
vt 1.000000 0.000000
vt 0.801653 0.000000
vt 0.991736 0.000000
vt 0.983471 0.000000
vt 0.809917 0.000000
vt 0.975207 0.000000
vt 0.818182 0.000000
vt 0.966942 0.000000
vt 0.826446 0.000000
vt 0.958678 0.000000
vt 0.950413 0.000000
vt 0.834711 0.000000
vt 0.942149 0.000000
vt 0.842975 0.000000
vt 0.933884 0.000000
vt 0.851240 0.000000
vt 0.925620 0.000000
vt 0.859504 0.000000
vt 0.867769 0.000000
vt 0.917355 0.000000
vt 0.876033 0.000000
vt 0.909091 0.000000
vt 0.884298 0.000000
vt 0.900826 0.000000
vt 0.892562 0.000000
vt 0.082645 0.000000
vt 0.099174 0.000000
vt 0.090909 0.000000
vt 0.074380 0.000000
vt 0.107438 0.000000
vt 0.066116 0.000000
vt 0.115702 0.000000
vt 0.057851 0.000000
vt 0.123967 0.000000
vt 0.049587 0.000000
vt 0.132231 0.000000
vt 0.041322 0.000000
vt 0.140496 0.000000
vt 0.033058 0.000000
vt 0.148760 0.000000
vt 0.024793 0.000000
vt 0.157025 0.000000
vt 0.016529 0.000000
vt 0.165289 0.000000
vt 0.008264 0.000000
vt 0.173554 0.000000
vt 0.000000 0.000000
vt 0.181818 0.000000
vt 0.388430 0.000000
vt 0.190083 0.000000
vt 0.198347 0.000000
vt 0.380165 0.000000
vt 0.206612 0.000000
vt 0.371901 0.000000
vt 0.214876 0.000000
vt 0.363636 0.000000
vt 0.223140 0.000000
vt 0.355372 0.000000
vt 0.231405 0.000000
vt 0.347107 0.000000
vt 0.239669 0.000000
vt 0.338843 0.000000
vt 0.247934 0.000000
vt 0.330579 0.000000
vt 0.256198 0.000000
vt 0.322314 0.000000
vt 0.264463 0.000000
vt 0.314050 0.000000
vt 0.272727 0.000000
vt 0.305785 0.000000
vt 0.280992 0.000000
vt 0.297521 0.000000
vt 0.289256 0.000000
vt 0.525641 0.000000
vt 0.538462 0.000000
vt 0.532051 0.000000
vt 0.544872 0.000000
vt 0.519231 0.000000
vt 0.551282 0.000000
vt 0.512821 0.000000
vt 0.557692 0.000000
vt 0.506410 0.000000
vt 0.564103 0.000000
vt 0.500000 0.000000
vt 0.923077 0.000000
vt 0.570513 0.000000
vt 0.493590 0.000000
vt 0.224359 0.000000
vt 0.929487 0.000000
vt 0.916667 0.000000
vt 0.230769 0.000000
vt 0.217949 0.000000
vt 0.910256 0.000000
vt 0.237179 0.000000
vt 0.903846 0.000000
vt 0.211538 0.000000
vt 0.935897 0.000000
vt 0.576923 0.000000
vt 0.243590 0.000000
vt 0.897436 0.000000
vt 0.487179 0.000000
vt 0.205128 0.000000
vt 0.942308 0.000000
vt 0.250000 0.000000
vt 0.891026 0.000000
vt 0.583333 0.000000
vt 0.198718 0.000000
vt 0.256410 0.000000
vt 0.948718 0.000000
vt 0.884615 0.000000
vt 0.480769 0.000000
vt 0.192308 0.000000
vt 0.955128 0.000000
vt 0.262821 0.000000
vt 0.878205 0.000000
vt 0.589744 0.000000
vt 0.185897 0.000000
vt 0.961538 0.000000
vt 0.871795 0.000000
vt 0.474359 0.000000
vt 0.269231 0.000000
vt 0.179487 0.000000
vt 0.967949 0.000000
vt 0.596154 0.000000
vt 0.865385 0.000000
vt 0.275641 0.000000
vt 0.173077 0.000000
vt 0.974359 0.000000
vt 0.467949 0.000000
vt 0.166667 0.000000
vt 0.858974 0.000000
vt 0.282051 0.000000
vt 0.602564 0.000000
vt 0.980769 0.000000
vt 0.160256 0.000000
vt 0.987179 0.000000
vt 0.852564 0.000000
vt 0.288462 0.000000
vt 0.461538 0.000000
vt 0.153846 0.000000
vt 0.608974 0.000000
vt 0.993590 0.000000
vt 0.147436 0.000000
vt 0.846154 0.000000
vt 0.294872 0.000000
vt 0.141026 0.000000
vt 0.455128 0.000000
vt 0.839744 0.000000
vt 0.307692 0.000000
vt 0.301282 0.000000
vt 0.615385 0.000000
vt 0.134615 0.000000
vt 0.833333 0.000000
vt 0.448718 0.000000
vt 0.314103 0.000000
vt 0.128205 0.000000
vt 0.621795 0.000000
vt 0.006410 0.000000
vt 0.826923 0.000000
vt 0.442308 0.000000
vt 0.121795 0.000000
vt 0.012821 0.000000
vt 0.320513 0.000000
vt 0.628205 0.000000
vt 0.820513 0.000000
vt 0.115385 0.000000
vt 0.019231 0.000000
vt 0.435897 0.000000
vt 0.025641 0.000000
vt 0.326923 0.000000
vt 0.108974 0.000000
vt 0.814103 0.000000
vt 0.634615 0.000000
vt 0.032051 0.000000
vt 0.429487 0.000000
vt 0.102564 0.000000
vt 0.038462 0.000000
vt 0.807692 0.000000
vt 0.333333 0.000000
vt 0.096154 0.000000
vt 0.044872 0.000000
vt 0.423077 0.000000
vt 0.089744 0.000000
vt 0.051282 0.000000
vt 0.641026 0.000000
vt 0.801282 0.000000
vt 0.083333 0.000000
vt 0.057692 0.000000
vt 0.076923 0.000000
vt 0.064103 0.000000
vt 0.339744 0.000000
vt 0.070513 0.000000
vt 0.416667 0.000000
vt 0.794872 0.000000
vt 0.647436 0.000000
vt 0.346154 0.000000
vt 0.788462 0.000000
vt 0.410256 0.000000
vt 0.782051 0.000000
vt 0.352564 0.000000
vt 0.403846 0.000000
vt 0.653846 0.000000
vt 0.775641 0.000000
vt 0.358974 0.000000
vt 0.769231 0.000000
vt 0.397436 0.000000
vt 0.762821 0.000000
vt 0.756410 0.000000
vt 0.750000 0.000000
vt 0.743590 0.000000
vt 0.737179 0.000000
vt 0.730769 0.000000
vt 0.365385 0.000000
vt 0.724359 0.000000
vt 0.391026 0.000000
vt 0.660256 0.000000
vt 0.717949 0.000000
vt 0.711538 0.000000
vt 0.705128 0.000000
vt 0.698718 0.000000
vt 0.692308 0.000000
vt 0.685897 0.000000
vt 0.371795 0.000000
vt 0.384615 0.000000
vt 0.378205 0.000000
vt 0.666667 0.000000
vt 0.673077 0.000000
vt 0.679487 0.000000
vt 0.263158 0.000000
vt 0.270677 0.000000
vt 0.266917 0.000000
vt 0.259398 0.000000
vt 0.255639 0.000000
vt 0.251880 0.000000
vt 0.248120 0.000000
vt 0.244361 0.000000
vt 0.240602 0.000000
vt 0.236842 0.000000
vt 0.233083 0.000000
vt 0.229323 0.000000
vt 0.225564 0.000000
vt 0.221805 0.000000
vt 0.218045 0.000000
vt 0.214286 0.000000
vt 0.210526 0.000000
vt 0.206767 0.000000
vt 0.203008 0.000000
vt 0.199248 0.000000
vt 0.951128 0.000000
vt 0.958647 0.000000
vt 0.954887 0.000000
vt 0.195489 0.000000
vt 0.191729 0.000000
vt 0.962406 0.000000
vt 0.966165 0.000000
vt 0.187970 0.000000
vt 0.969925 0.000000
vt 0.973684 0.000000
vt 0.184211 0.000000
vt 0.977444 0.000000
vt 0.981203 0.000000
vt 0.180451 0.000000
vt 0.984962 0.000000
vt 0.988722 0.000000
vt 0.992481 0.000000
vt 0.996241 0.000000
vt 0.947368 0.000000
vt 0.943609 0.000000
vt 0.939850 0.000000
vt 0.936090 0.000000
vt 0.932331 0.000000
vt 0.928571 0.000000
vt 0.924812 0.000000
vt 0.921053 0.000000
vt 0.274436 0.000000
vt 0.917293 0.000000
vt 0.278196 0.000000
vt 0.913534 0.000000
vt 0.281955 0.000000
vt 0.285714 0.000000
vt 0.909774 0.000000
vt 0.857143 0.000000
vt 0.289474 0.000000
vt 0.293233 0.000000
vt 0.296992 0.000000
vt 0.902256 0.000000
vt 0.898496 0.000000
vt 0.894737 0.000000
vt 0.890977 0.000000
vt 0.887218 0.000000
vt 0.883459 0.000000
vt 0.879699 0.000000
vt 0.875940 0.000000
vt 0.872180 0.000000
vt 0.868421 0.000000
vt 0.853383 0.000000
vt 0.860902 0.000000
vt 0.864662 0.000000
vt 0.300752 0.000000
vt 0.304511 0.000000
vt 0.308271 0.000000
vt 0.312030 0.000000
vt 0.906015 0.000000
vt 0.849624 0.000000
vt 0.315789 0.000000
vt 0.319549 0.000000
vt 0.323308 0.000000
vt 0.845865 0.000000
vt 0.327068 0.000000
vt 0.842105 0.000000
vt 0.330827 0.000000
vt 0.838346 0.000000
vt 0.334586 0.000000
vt 0.834586 0.000000
vt 0.338346 0.000000
vt 0.830827 0.000000
vt 0.342105 0.000000
vt 0.827068 0.000000
vt 0.345865 0.000000
vt 0.823308 0.000000
vt 0.819549 0.000000
vt 0.349624 0.000000
vt 0.815789 0.000000
vt 0.353383 0.000000
vt 0.812030 0.000000
vt 0.808271 0.000000
vt 0.372180 0.000000
vt 0.357143 0.000000
vt 0.402256 0.000000
vt 0.409774 0.000000
vt 0.406015 0.000000
vt 0.398496 0.000000
vt 0.394737 0.000000
vt 0.390977 0.000000
vt 0.387218 0.000000
vt 0.413534 0.000000
vt 0.383459 0.000000
vt 0.379699 0.000000
vt 0.375940 0.000000
vt 0.417293 0.000000
vt 0.364662 0.000000
vt 0.368421 0.000000
vt 0.360902 0.000000
vt 0.804511 0.000000
vt 0.421053 0.000000
vt 0.800752 0.000000
vt 0.424812 0.000000
vt 0.796992 0.000000
vt 0.428571 0.000000
vt 0.793233 0.000000
vt 0.721804 0.000000
vt 0.718045 0.000000
vt 0.432331 0.000000
vt 0.725564 0.000000
vt 0.729323 0.000000
vt 0.714286 0.000000
vt 0.733083 0.000000
vt 0.710526 0.000000
vt 0.789474 0.000000
vt 0.706767 0.000000
vt 0.736842 0.000000
vt 0.436090 0.000000
vt 0.703008 0.000000
vt 0.740601 0.000000
vt 0.785714 0.000000
vt 0.699248 0.000000
vt 0.744361 0.000000
vt 0.439850 0.000000
vt 0.695489 0.000000
vt 0.781955 0.000000
vt 0.748120 0.000000
vt 0.691729 0.000000
vt 0.443609 0.000000
vt 0.751880 0.000000
vt 0.778196 0.000000
vt 0.687970 0.000000
vt 0.755639 0.000000
vt 0.774436 0.000000
vt 0.447368 0.000000
vt 0.684211 0.000000
vt 0.770677 0.000000
vt 0.759399 0.000000
vt 0.680451 0.000000
vt 0.451128 0.000000
vt 0.766917 0.000000
vt 0.763158 0.000000
vt 0.676692 0.000000
vt 0.582707 0.000000
vt 0.590226 0.000000
vt 0.586466 0.000000
vt 0.578947 0.000000
vt 0.593985 0.000000
vt 0.575188 0.000000
vt 0.597744 0.000000
vt 0.571429 0.000000
vt 0.672932 0.000000
vt 0.601504 0.000000
vt 0.454887 0.000000
vt 0.567669 0.000000
vt 0.605263 0.000000
vt 0.563910 0.000000
vt 0.669173 0.000000
vt 0.609023 0.000000
vt 0.560150 0.000000
vt 0.665414 0.000000
vt 0.556391 0.000000
vt 0.458647 0.000000
vt 0.612782 0.000000
vt 0.661654 0.000000
vt 0.552632 0.000000
vt 0.176692 0.000000
vt 0.172932 0.000000
vt 0.616541 0.000000
vt 0.003759 0.000000
vt 0.169173 0.000000
vt 0.007519 0.000000
vt 0.165414 0.000000
vt 0.011278 0.000000
vt 0.015038 0.000000
vt 0.657895 0.000000
vt 0.548872 0.000000
vt 0.161654 0.000000
vt 0.018797 0.000000
vt 0.157895 0.000000
vt 0.620301 0.000000
vt 0.462406 0.000000
vt 0.022556 0.000000
vt 0.026316 0.000000
vt 0.654135 0.000000
vt 0.154135 0.000000
vt 0.545113 0.000000
vt 0.030075 0.000000
vt 0.033835 0.000000
vt 0.150376 0.000000
vt 0.624060 0.000000
vt 0.650376 0.000000
vt 0.037594 0.000000
vt 0.541353 0.000000
vt 0.146617 0.000000
vt 0.041353 0.000000
vt 0.646617 0.000000
vt 0.466165 0.000000
vt 0.045113 0.000000
vt 0.627820 0.000000
vt 0.142857 0.000000
vt 0.537594 0.000000
vt 0.642857 0.000000
vt 0.048872 0.000000
vt 0.639098 0.000000
vt 0.052632 0.000000
vt 0.139098 0.000000
vt 0.533835 0.000000
vt 0.469925 0.000000
vt 0.631579 0.000000
vt 0.056391 0.000000
vt 0.635338 0.000000
vt 0.060150 0.000000
vt 0.135338 0.000000
vt 0.063910 0.000000
vt 0.530075 0.000000
vt 0.067669 0.000000
vt 0.131579 0.000000
vt 0.127820 0.000000
vt 0.071429 0.000000
vt 0.473684 0.000000
vt 0.075188 0.000000
vt 0.078947 0.000000
vt 0.124060 0.000000
vt 0.120301 0.000000
vt 0.116541 0.000000
vt 0.526316 0.000000
vt 0.112782 0.000000
vt 0.082707 0.000000
vt 0.109023 0.000000
vt 0.105263 0.000000
vt 0.101504 0.000000
vt 0.097744 0.000000
vt 0.086466 0.000000
vt 0.093985 0.000000
vt 0.090226 0.000000
vt 0.477444 0.000000
vt 0.522556 0.000000
vt 0.518797 0.000000
vt 0.481203 0.000000
vt 0.515038 0.000000
vt 0.484962 0.000000
vt 0.511278 0.000000
vt 0.488722 0.000000
vt 0.507519 0.000000
vt 0.503759 0.000000
vt 0.492481 0.000000
vt 0.496241 0.000000
vt 0.200000 0.000000
vt 0.218182 0.000000
vt 0.209091 0.000000
vt 0.190909 0.000000
vt 0.172727 0.000000
vt 0.163636 0.000000
vt 0.154545 0.000000
vt 0.145455 0.000000
vt 0.136364 0.000000
vt 0.127273 0.000000
vt 0.118182 0.000000
vt 0.109091 0.000000
vt 0.100000 0.000000
vt 0.081818 0.000000
vt 0.072727 0.000000
vt 0.063636 0.000000
vt 0.054545 0.000000
vt 0.045455 0.000000
vt 0.036364 0.000000
vt 0.027273 0.000000
vt 0.018182 0.000000
vt 0.009091 0.000000
vt 0.990909 0.000000
vt 0.981818 0.000000
vt 0.972727 0.000000
vt 0.963636 0.000000
vt 0.954545 0.000000
vt 0.945455 0.000000
vt 0.936364 0.000000
vt 0.927273 0.000000
vt 0.918182 0.000000
vt 0.900000 0.000000
vt 0.890909 0.000000
vt 0.881818 0.000000
vt 0.872727 0.000000
vt 0.863636 0.000000
vt 0.854545 0.000000
vt 0.845455 0.000000
vt 0.836364 0.000000
vt 0.763636 0.000000
vt 0.263636 0.000000
vt 0.254545 0.000000
vt 0.245455 0.000000
vt 0.236364 0.000000
vt 0.227273 0.000000
vt 0.281818 0.000000
vt 0.290909 0.000000
vt 0.300000 0.000000
vt 0.309091 0.000000
vt 0.318182 0.000000
vt 0.327273 0.000000
vt 0.827273 0.000000
vt 0.809091 0.000000
vt 0.800000 0.000000
vt 0.772727 0.000000
vt 0.754545 0.000000
vt 0.781818 0.000000
vt 0.790909 0.000000
vt 0.336364 0.000000
vt 0.345455 0.000000
vt 0.745455 0.000000
vt 0.354545 0.000000
vt 0.736364 0.000000
vt 0.372727 0.000000
vt 0.718182 0.000000
vt 0.381818 0.000000
vt 0.709091 0.000000
vt 0.390909 0.000000
vt 0.700000 0.000000
vt 0.400000 0.000000
vt 0.690909 0.000000
vt 0.409091 0.000000
vt 0.681818 0.000000
vt 0.418182 0.000000
vt 0.427273 0.000000
vt 0.672727 0.000000
vt 0.436364 0.000000
vt 0.663636 0.000000
vt 0.445455 0.000000
vt 0.654545 0.000000
vt 0.645455 0.000000
vt 0.463636 0.000000
vt 0.472727 0.000000
vt 0.481818 0.000000
vt 0.627273 0.000000
vt 0.490909 0.000000
vt 0.618182 0.000000
vt 0.509091 0.000000
vt 0.518182 0.000000
vt 0.527273 0.000000
vt 0.609091 0.000000
vt 0.536364 0.000000
vt 0.554545 0.000000
vt 0.600000 0.000000
vt 0.590909 0.000000
vt 0.581818 0.000000
vt 0.572727 0.000000
vt 0.563636 0.000000
vt 0.906040 0.000000
vt 0.919463 0.000000
vt 0.912752 0.000000
vt 0.926175 0.000000
vt 0.899329 0.000000
vt 0.932886 0.000000
vt 0.892617 0.000000
vt 0.939597 0.000000
vt 0.255034 0.000000
vt 0.268456 0.000000
vt 0.261745 0.000000
vt 0.885906 0.000000
vt 0.946309 0.000000
vt 0.879195 0.000000
vt 0.953020 0.000000
vt 0.275168 0.000000
vt 0.872483 0.000000
vt 0.959732 0.000000
vt 0.281879 0.000000
vt 0.865772 0.000000
vt 0.966443 0.000000
vt 0.248322 0.000000
vt 0.859060 0.000000
vt 0.288591 0.000000
vt 0.973154 0.000000
vt 0.852349 0.000000
vt 0.979866 0.000000
vt 0.080537 0.000000
vt 0.093960 0.000000
vt 0.087248 0.000000
vt 0.295302 0.000000
vt 0.241611 0.000000
vt 0.845638 0.000000
vt 0.986577 0.000000
vt 0.838926 0.000000
vt 0.993289 0.000000
vt 0.234899 0.000000
vt 0.302013 0.000000
vt 0.100671 0.000000
vt 0.832215 0.000000
vt 0.228188 0.000000
vt 0.107383 0.000000
vt 0.308725 0.000000
vt 0.825503 0.000000
vt 0.348993 0.000000
vt 0.073826 0.000000
vt 0.221477 0.000000
vt 0.114094 0.000000
vt 0.315436 0.000000
vt 0.067114 0.000000
vt 0.214765 0.000000
vt 0.120805 0.000000
vt 0.322148 0.000000
vt 0.818792 0.000000
vt 0.355705 0.000000
vt 0.060403 0.000000
vt 0.208054 0.000000
vt 0.127517 0.000000
vt 0.328859 0.000000
vt 0.053691 0.000000
vt 0.201342 0.000000
vt 0.134228 0.000000
vt 0.335570 0.000000
vt 0.046980 0.000000
vt 0.812081 0.000000
vt 0.194631 0.000000
vt 0.362416 0.000000
vt 0.140940 0.000000
vt 0.342282 0.000000
vt 0.040268 0.000000
vt 0.187919 0.000000
vt 0.147651 0.000000
vt 0.033557 0.000000
vt 0.181208 0.000000
vt 0.174497 0.000000
vt 0.154362 0.000000
vt 0.026846 0.000000
vt 0.805369 0.000000
vt 0.369128 0.000000
vt 0.161074 0.000000
vt 0.020134 0.000000
vt 0.167785 0.000000
vt 0.013423 0.000000
vt 0.006711 0.000000
vt 0.798658 0.000000
vt 0.375839 0.000000
vt 0.791946 0.000000
vt 0.382550 0.000000
vt 0.389262 0.000000
vt 0.785235 0.000000
vt 0.395973 0.000000
vt 0.778524 0.000000
vt 0.402685 0.000000
vt 0.771812 0.000000
vt 0.409396 0.000000
vt 0.765101 0.000000
vt 0.416107 0.000000
vt 0.758389 0.000000
vt 0.577181 0.000000
vt 0.590604 0.000000
vt 0.583893 0.000000
vt 0.422819 0.000000
vt 0.570470 0.000000
vt 0.751678 0.000000
vt 0.563758 0.000000
vt 0.429530 0.000000
vt 0.744966 0.000000
vt 0.597315 0.000000
vt 0.557047 0.000000
vt 0.436242 0.000000
vt 0.550336 0.000000
vt 0.604027 0.000000
vt 0.442953 0.000000
vt 0.738255 0.000000
vt 0.543624 0.000000
vt 0.610738 0.000000
vt 0.449664 0.000000
vt 0.536913 0.000000
vt 0.731544 0.000000
vt 0.456376 0.000000
vt 0.617450 0.000000
vt 0.530201 0.000000
vt 0.463087 0.000000
vt 0.469799 0.000000
vt 0.523490 0.000000
vt 0.724832 0.000000
vt 0.624161 0.000000
vt 0.476510 0.000000
vt 0.516779 0.000000
vt 0.483221 0.000000
vt 0.510067 0.000000
vt 0.489933 0.000000
vt 0.496644 0.000000
vt 0.503356 0.000000
vt 0.630872 0.000000
vt 0.718121 0.000000
vt 0.637584 0.000000
vt 0.711409 0.000000
vt 0.644295 0.000000
vt 0.704698 0.000000
vt 0.651007 0.000000
vt 0.697987 0.000000
vt 0.691275 0.000000
vt 0.657718 0.000000
vt 0.684564 0.000000
vt 0.664430 0.000000
vt 0.677852 0.000000
vt 0.671141 0.000000
vt 0.128713 0.000000
vt 0.148515 0.000000
vt 0.138614 0.000000
vt 0.118812 0.000000
vt 0.168317 0.000000
vt 0.188119 0.000000
vt 0.178218 0.000000
vt 0.158416 0.000000
vt 0.475248 0.000000
vt 0.237624 0.000000
vt 0.485149 0.000000
vt 0.980198 0.000000
vt 0.990099 0.000000
vt 0.247525 0.000000
vt 0.257426 0.000000
vt 0.495050 0.000000
vt 0.465347 0.000000
vt 0.267327 0.000000
vt 0.970297 0.000000
vt 0.455446 0.000000
vt 0.277228 0.000000
vt 0.504951 0.000000
vt 0.445545 0.000000
vt 0.287129 0.000000
vt 0.514852 0.000000
vt 0.435644 0.000000
vt 0.297030 0.000000
vt 0.425743 0.000000
vt 0.306931 0.000000
vt 0.960396 0.000000
vt 0.524752 0.000000
vt 0.316832 0.000000
vt 0.415842 0.000000
vt 0.534653 0.000000
vt 0.326733 0.000000
vt 0.405941 0.000000
vt 0.336634 0.000000
vt 0.396040 0.000000
vt 0.544554 0.000000
vt 0.950495 0.000000
vt 0.346535 0.000000
vt 0.386139 0.000000
vt 0.554455 0.000000
vt 0.376238 0.000000
vt 0.366337 0.000000
vt 0.356436 0.000000
vt 0.564356 0.000000
vt 0.940594 0.000000
vt 0.207921 0.000000
vt 0.227723 0.000000
vt 0.217822 0.000000
vt 0.198020 0.000000
vt 0.574257 0.000000
vt 0.584158 0.000000
vt 0.930693 0.000000
vt 0.594059 0.000000
vt 0.603960 0.000000
vt 0.920792 0.000000
vt 0.643564 0.000000
vt 0.613861 0.000000
vt 0.910891 0.000000
vt 0.900990 0.000000
vt 0.891089 0.000000
vt 0.881188 0.000000
vt 0.653465 0.000000
vt 0.633663 0.000000
vt 0.623762 0.000000
vt 0.871287 0.000000
vt 0.663366 0.000000
vt 0.673267 0.000000
vt 0.683168 0.000000
vt 0.861386 0.000000
vt 0.693069 0.000000
vt 0.851485 0.000000
vt 0.841584 0.000000
vt 0.702970 0.000000
vt 0.831683 0.000000
vt 0.712871 0.000000
vt 0.821782 0.000000
vt 0.811881 0.000000
vt 0.722772 0.000000
vt 0.801980 0.000000
vt 0.732673 0.000000
vt 0.792079 0.000000
vt 0.782178 0.000000
vt 0.742574 0.000000
vt 0.772277 0.000000
vt 0.762376 0.000000
vt 0.752475 0.000000
vt 0.049505 0.000000
vt 0.089109 0.000000
vt 0.059406 0.000000
vt 0.069307 0.000000
vt 0.079208 0.000000
vt 0.099010 0.000000
vt 0.108911 0.000000
vt 0.029703 0.000000
vt 0.019802 0.000000
vt 0.039604 0.000000
vt 0.009901 0.000000
vt 0.662162 0.000000
vt 0.554054 0.000000
vt 0.608108 0.000000
vt 0.617117 0.000000
vt 0.612613 0.000000
vt 0.657658 0.000000
vt 0.621622 0.000000
vt 0.653153 0.000000
vt 0.626126 0.000000
vt 0.648649 0.000000
vt 0.630631 0.000000
vt 0.644144 0.000000
vt 0.635135 0.000000
vt 0.639640 0.000000
vt 0.558559 0.000000
vt 0.603604 0.000000
vt 0.563063 0.000000
vt 0.599099 0.000000
vt 0.567568 0.000000
vt 0.594595 0.000000
vt 0.572072 0.000000
vt 0.590090 0.000000
vt 0.576577 0.000000
vt 0.585586 0.000000
vt 0.581081 0.000000
vt 0.936937 0.000000
vt 0.945946 0.000000
vt 0.941441 0.000000
vt 0.950450 0.000000
vt 0.932432 0.000000
vt 0.954955 0.000000
vt 0.927928 0.000000
vt 0.959459 0.000000
vt 0.923423 0.000000
vt 0.963964 0.000000
vt 0.968468 0.000000
vt 0.918919 0.000000
vt 0.972973 0.000000
vt 0.914414 0.000000
vt 0.977477 0.000000
vt 0.909910 0.000000
vt 0.981982 0.000000
vt 0.986486 0.000000
vt 0.905405 0.000000
vt 0.990991 0.000000
vt 0.900901 0.000000
vt 0.995495 0.000000
vt 0.896396 0.000000
vt 0.671171 0.000000
vt 0.891892 0.000000
vt 0.887387 0.000000
vt 0.675676 0.000000
vt 0.882883 0.000000
vt 0.680180 0.000000
vt 0.684685 0.000000
vt 0.689189 0.000000
vt 0.878378 0.000000
vt 0.693694 0.000000
vt 0.770270 0.000000
vt 0.779279 0.000000
vt 0.774775 0.000000
vt 0.698198 0.000000
vt 0.765766 0.000000
vt 0.702703 0.000000
vt 0.761261 0.000000
vt 0.873874 0.000000
vt 0.756757 0.000000
vt 0.707207 0.000000
vt 0.752252 0.000000
vt 0.747748 0.000000
vt 0.711712 0.000000
vt 0.743243 0.000000
vt 0.738739 0.000000
vt 0.716216 0.000000
vt 0.734234 0.000000
vt 0.729730 0.000000
vt 0.720721 0.000000
vt 0.725225 0.000000
vt 0.869369 0.000000
vt 0.864865 0.000000
vt 0.860360 0.000000
vt 0.855856 0.000000
vt 0.851351 0.000000
vt 0.783784 0.000000
vt 0.846847 0.000000
vt 0.788288 0.000000
vt 0.792793 0.000000
vt 0.797297 0.000000
vt 0.842342 0.000000
vt 0.801802 0.000000
vt 0.806306 0.000000
vt 0.810811 0.000000
vt 0.837838 0.000000
vt 0.815315 0.000000
vt 0.819820 0.000000
vt 0.824324 0.000000
vt 0.828829 0.000000
vt 0.486486 0.000000
vt 0.495495 0.000000
vt 0.490991 0.000000
vt 0.481982 0.000000
vt 0.477477 0.000000
vt 0.504505 0.000000
vt 0.472973 0.000000
vt 0.509009 0.000000
vt 0.468468 0.000000
vt 0.513514 0.000000
vt 0.463964 0.000000
vt 0.518018 0.000000
vt 0.459459 0.000000
vt 0.522523 0.000000
vt 0.454955 0.000000
vt 0.527027 0.000000
vt 0.450450 0.000000
vt 0.531532 0.000000
vt 0.445946 0.000000
vt 0.536036 0.000000
vt 0.441441 0.000000
vt 0.540541 0.000000
vt 0.436937 0.000000
vt 0.545045 0.000000
vt 0.432432 0.000000
vt 0.549550 0.000000
vt 0.427928 0.000000
vt 0.004505 0.000000
vt 0.423423 0.000000
vt 0.009009 0.000000
vt 0.418919 0.000000
vt 0.013514 0.000000
vt 0.414414 0.000000
vt 0.018018 0.000000
vt 0.409910 0.000000
vt 0.022523 0.000000
vt 0.405405 0.000000
vt 0.027027 0.000000
vt 0.400901 0.000000
vt 0.031532 0.000000
vt 0.396396 0.000000
vt 0.036036 0.000000
vt 0.391892 0.000000
vt 0.040541 0.000000
vt 0.387387 0.000000
vt 0.045045 0.000000
vt 0.049550 0.000000
vt 0.382883 0.000000
vt 0.153153 0.000000
vt 0.162162 0.000000
vt 0.157658 0.000000
vt 0.054054 0.000000
vt 0.148649 0.000000
vt 0.058559 0.000000
vt 0.144144 0.000000
vt 0.378378 0.000000
vt 0.063063 0.000000
vt 0.139640 0.000000
vt 0.067568 0.000000
vt 0.135135 0.000000
vt 0.072072 0.000000
vt 0.171171 0.000000
vt 0.373874 0.000000
vt 0.130631 0.000000
vt 0.076577 0.000000
vt 0.126126 0.000000
vt 0.175676 0.000000
vt 0.081081 0.000000
vt 0.121622 0.000000
vt 0.369369 0.000000
vt 0.085586 0.000000
vt 0.180180 0.000000
vt 0.117117 0.000000
vt 0.090090 0.000000
vt 0.112613 0.000000
vt 0.103604 0.000000
vt 0.094595 0.000000
vt 0.108108 0.000000
vt 0.099099 0.000000
vt 0.184685 0.000000
vt 0.364865 0.000000
vt 0.189189 0.000000
vt 0.360360 0.000000
vt 0.193694 0.000000
vt 0.198198 0.000000
vt 0.355856 0.000000
vt 0.202703 0.000000
vt 0.351351 0.000000
vt 0.207207 0.000000
vt 0.211712 0.000000
vt 0.346847 0.000000
vt 0.216216 0.000000
vt 0.342342 0.000000
vt 0.220721 0.000000
vt 0.225225 0.000000
vt 0.229730 0.000000
vt 0.234234 0.000000
vt 0.238739 0.000000
vt 0.243243 0.000000
vt 0.247748 0.000000
vt 0.337838 0.000000
vt 0.252252 0.000000
vt 0.256757 0.000000
vt 0.261261 0.000000
vt 0.265766 0.000000
vt 0.270270 0.000000
vt 0.274775 0.000000
vt 0.279279 0.000000
vt 0.283784 0.000000
vt 0.288288 0.000000
vt 0.292793 0.000000
vt 0.297297 0.000000
vt 0.301802 0.000000
vt 0.306306 0.000000
vt 0.328829 0.000000
vt 0.310811 0.000000
vt 0.315315 0.000000
vt 0.319820 0.000000
vt 0.324324 0.000000
vt 0.956376 0.000000
vt 0.963087 0.000000
vt 0.949664 0.000000
vt 0.969799 0.000000
vt 0.942953 0.000000
vt 0.976510 0.000000
vt 0.936242 0.000000
vt 0.983221 0.000000
vt 0.929530 0.000000
vt 0.989933 0.000000
vt 0.620805 0.000000
vt 0.627517 0.000000
vt 0.614094 0.000000
vt 0.922819 0.000000
vt 0.607383 0.000000
vt 0.083893 0.000000
vt 0.003356 0.000000
vt 0.996644 0.000000
vt 0.600671 0.000000
vt 0.593960 0.000000
vt 0.587248 0.000000
vt 0.010067 0.000000
vt 0.916107 0.000000
vt 0.835570 0.000000
vt 0.842282 0.000000
vt 0.909396 0.000000
vt 0.848993 0.000000
vt 0.902685 0.000000
vt 0.855705 0.000000
vt 0.895973 0.000000
vt 0.862416 0.000000
vt 0.889262 0.000000
vt 0.869128 0.000000
vt 0.882550 0.000000
vt 0.875839 0.000000
vt 0.016779 0.000000
vt 0.023490 0.000000
vt 0.634228 0.000000
vt 0.640940 0.000000
vt 0.077181 0.000000
vt 0.647651 0.000000
vt 0.030201 0.000000
vt 0.654362 0.000000
vt 0.661074 0.000000
vt 0.070470 0.000000
vt 0.667785 0.000000
vt 0.755034 0.000000
vt 0.036913 0.000000
vt 0.828859 0.000000
vt 0.748322 0.000000
vt 0.761745 0.000000
vt 0.822148 0.000000
vt 0.768456 0.000000
vt 0.815436 0.000000
vt 0.775168 0.000000
vt 0.808725 0.000000
vt 0.781879 0.000000
vt 0.802013 0.000000
vt 0.788591 0.000000
vt 0.795302 0.000000
vt 0.063758 0.000000
vt 0.057047 0.000000
vt 0.050336 0.000000
vt 0.043624 0.000000
vt 0.674497 0.000000
vt 0.741611 0.000000
vt 0.540268 0.000000
vt 0.546980 0.000000
vt 0.533557 0.000000
vt 0.553691 0.000000
vt 0.681208 0.000000
vt 0.560403 0.000000
vt 0.734899 0.000000
vt 0.567114 0.000000
vt 0.526846 0.000000
vt 0.573825 0.000000
vt 0.580537 0.000000
vt 0.520134 0.000000
vt 0.251678 0.000000
vt 0.687919 0.000000
vt 0.728188 0.000000
vt 0.513423 0.000000
vt 0.721476 0.000000
vt 0.694631 0.000000
vt 0.506711 0.000000
vt 0.459732 0.000000
vt 0.466443 0.000000
vt 0.473154 0.000000
vt 0.453020 0.000000
vt 0.479866 0.000000
vt 0.486577 0.000000
vt 0.493289 0.000000
vt 0.446309 0.000000
vt 0.714765 0.000000
vt 0.701342 0.000000
vt 0.439597 0.000000
vt 0.258389 0.000000
vt 0.432886 0.000000
vt 0.265101 0.000000
vt 0.708054 0.000000
vt 0.244966 0.000000
vt 0.271812 0.000000
vt 0.238255 0.000000
vt 0.090604 0.000000
vt 0.231544 0.000000
vt 0.224832 0.000000
vt 0.097315 0.000000
vt 0.218121 0.000000
vt 0.211409 0.000000
vt 0.204698 0.000000
vt 0.426174 0.000000
vt 0.104027 0.000000
vt 0.278524 0.000000
vt 0.110738 0.000000
vt 0.285235 0.000000
vt 0.117450 0.000000
vt 0.338926 0.000000
vt 0.332215 0.000000
vt 0.419463 0.000000
vt 0.325503 0.000000
vt 0.124161 0.000000
vt 0.197987 0.000000
vt 0.291946 0.000000
vt 0.318792 0.000000
vt 0.312081 0.000000
vt 0.305369 0.000000
vt 0.298658 0.000000
vt 0.130872 0.000000
vt 0.191275 0.000000
vt 0.345638 0.000000
vt 0.137584 0.000000
vt 0.412752 0.000000
vt 0.184564 0.000000
vt 0.144295 0.000000
vt 0.177852 0.000000
vt 0.151007 0.000000
vt 0.171141 0.000000
vt 0.352349 0.000000
vt 0.157718 0.000000
vt 0.164430 0.000000
vt 0.406040 0.000000
vt 0.359060 0.000000
vt 0.399329 0.000000
vt 0.365772 0.000000
vt 0.392617 0.000000
vt 0.372483 0.000000
vt 0.385906 0.000000
vt 0.379195 0.000000
vt 0.000000 1.000000
vt 0.038462 1.000000
vt 0.076923 1.000000
vt 0.115385 1.000000
vt 0.153846 1.000000
vt 0.192308 1.000000
vt 0.230769 1.000000
vt 0.269231 1.000000
vt 0.307692 1.000000
vt 0.346154 1.000000
vt 0.384615 1.000000
vt 0.423077 1.000000
vt 0.461538 1.000000
vt 0.500000 1.000000
vt 0.538462 1.000000
vt 0.576923 1.000000
vt 0.615385 1.000000
vt 0.653846 1.000000
vt 0.692308 1.000000
vt 0.730769 1.000000
vt 0.769231 1.000000
vt 0.807692 1.000000
vt 0.846154 1.000000
vt 0.884615 1.000000
vt 0.923077 1.000000
vt 0.961538 1.000000
vt 1.000000 1.000000
vt 0.020408 1.000000
vt 0.020408 0.000000
vt 0.040816 1.000000
vt 0.040816 0.000000
vt 0.061224 1.000000
vt 0.061224 0.000000
vt 0.081633 1.000000
vt 0.081633 0.000000
vt 0.102041 1.000000
vt 0.102041 0.000000
vt 0.122449 1.000000
vt 0.122449 0.000000
vt 0.142857 1.000000
vt 0.163265 1.000000
vt 0.163265 0.000000
vt 0.183673 1.000000
vt 0.183673 0.000000
vt 0.204082 1.000000
vt 0.204082 0.000000
vt 0.224490 1.000000
vt 0.224490 0.000000
vt 0.244898 1.000000
vt 0.244898 0.000000
vt 0.265306 1.000000
vt 0.265306 0.000000
vt 0.285714 1.000000
vt 0.306122 1.000000
vt 0.306122 0.000000
vt 0.326531 1.000000
vt 0.326531 0.000000
vt 0.346939 1.000000
vt 0.346939 0.000000
vt 0.367347 1.000000
vt 0.367347 0.000000
vt 0.387755 1.000000
vt 0.387755 0.000000
vt 0.408163 1.000000
vt 0.408163 0.000000
vt 0.428571 1.000000
vt 0.448980 1.000000
vt 0.448980 0.000000
vt 0.469388 1.000000
vt 0.469388 0.000000
vt 0.489796 1.000000
vt 0.489796 0.000000
vt 0.510204 1.000000
vt 0.510204 0.000000
vt 0.530612 1.000000
vt 0.530612 0.000000
vt 0.551020 1.000000
vt 0.551020 0.000000
vt 0.571429 1.000000
vt 0.591837 1.000000
vt 0.591837 0.000000
vt 0.612245 1.000000
vt 0.612245 0.000000
vt 0.632653 1.000000
vt 0.632653 0.000000
vt 0.653061 1.000000
vt 0.653061 0.000000
vt 0.673469 1.000000
vt 0.673469 0.000000
vt 0.693878 1.000000
vt 0.693878 0.000000
vt 0.714286 1.000000
vt 0.734694 1.000000
vt 0.734694 0.000000
vt 0.755102 1.000000
vt 0.755102 0.000000
vt 0.775510 1.000000
vt 0.775510 0.000000
vt 0.795918 1.000000
vt 0.795918 0.000000
vt 0.816327 1.000000
vt 0.816327 0.000000
vt 0.836735 1.000000
vt 0.836735 0.000000
vt 0.857143 1.000000
vt 0.877551 1.000000
vt 0.877551 0.000000
vt 0.897959 1.000000
vt 0.897959 0.000000
vt 0.918367 1.000000
vt 0.918367 0.000000
vt 0.938776 1.000000
vt 0.938776 0.000000
vt 0.959184 1.000000
vt 0.959184 0.000000
vt 0.979592 1.000000
vt 0.979592 0.000000
vt 0.010000 1.000000
vt 0.010000 0.000000
vt 0.020000 1.000000
vt 0.020000 0.000000
vt 0.030000 1.000000
vt 0.030000 0.000000
vt 0.040000 1.000000
vt 0.040000 0.000000
vt 0.050000 1.000000
vt 0.050000 0.000000
vt 0.060000 1.000000
vt 0.060000 0.000000
vt 0.070000 1.000000
vt 0.070000 0.000000
vt 0.080000 1.000000
vt 0.080000 0.000000
vt 0.090000 1.000000
vt 0.090000 0.000000
vt 0.100000 1.000000
vt 0.110000 1.000000
vt 0.110000 0.000000
vt 0.120000 1.000000
vt 0.120000 0.000000
vt 0.130000 1.000000
vt 0.130000 0.000000
vt 0.140000 1.000000
vt 0.140000 0.000000
vt 0.150000 1.000000
vt 0.150000 0.000000
vt 0.160000 1.000000
vt 0.160000 0.000000
vt 0.170000 1.000000
vt 0.170000 0.000000
vt 0.180000 1.000000
vt 0.180000 0.000000
vt 0.190000 1.000000
vt 0.190000 0.000000
vt 0.200000 1.000000
vt 0.210000 1.000000
vt 0.210000 0.000000
vt 0.220000 1.000000
vt 0.220000 0.000000
vt 0.230000 1.000000
vt 0.230000 0.000000
vt 0.240000 1.000000
vt 0.240000 0.000000
vt 0.250000 1.000000
vt 0.260000 1.000000
vt 0.260000 0.000000
vt 0.270000 1.000000
vt 0.270000 0.000000
vt 0.280000 1.000000
vt 0.280000 0.000000
vt 0.290000 1.000000
vt 0.290000 0.000000
vt 0.300000 1.000000
vt 0.310000 1.000000
vt 0.310000 0.000000
vt 0.320000 1.000000
vt 0.320000 0.000000
vt 0.330000 1.000000
vt 0.330000 0.000000
vt 0.340000 1.000000
vt 0.340000 0.000000
vt 0.350000 1.000000
vt 0.350000 0.000000
vt 0.360000 1.000000
vt 0.360000 0.000000
vt 0.370000 1.000000
vt 0.370000 0.000000
vt 0.380000 1.000000
vt 0.380000 0.000000
vt 0.390000 1.000000
vt 0.390000 0.000000
vt 0.400000 1.000000
vt 0.410000 1.000000
vt 0.410000 0.000000
vt 0.420000 1.000000
vt 0.420000 0.000000
vt 0.430000 1.000000
vt 0.430000 0.000000
vt 0.440000 1.000000
vt 0.440000 0.000000
vt 0.450000 1.000000
vt 0.450000 0.000000
vt 0.460000 1.000000
vt 0.460000 0.000000
vt 0.470000 1.000000
vt 0.470000 0.000000
vt 0.480000 1.000000
vt 0.480000 0.000000
vt 0.490000 1.000000
vt 0.490000 0.000000
vt 0.510000 1.000000
vt 0.510000 0.000000
vt 0.520000 1.000000
vt 0.520000 0.000000
vt 0.530000 1.000000
vt 0.530000 0.000000
vt 0.540000 1.000000
vt 0.540000 0.000000
vt 0.550000 1.000000
vt 0.550000 0.000000
vt 0.560000 1.000000
vt 0.560000 0.000000
vt 0.570000 1.000000
vt 0.570000 0.000000
vt 0.580000 1.000000
vt 0.580000 0.000000
vt 0.590000 1.000000
vt 0.590000 0.000000
vt 0.600000 1.000000
vt 0.610000 1.000000
vt 0.610000 0.000000
vt 0.620000 1.000000
vt 0.620000 0.000000
vt 0.630000 1.000000
vt 0.630000 0.000000
vt 0.640000 1.000000
vt 0.640000 0.000000
vt 0.650000 1.000000
vt 0.650000 0.000000
vt 0.660000 1.000000
vt 0.660000 0.000000
vt 0.670000 1.000000
vt 0.670000 0.000000
vt 0.680000 1.000000
vt 0.680000 0.000000
vt 0.690000 1.000000
vt 0.690000 0.000000
vt 0.700000 1.000000
vt 0.710000 1.000000
vt 0.710000 0.000000
vt 0.720000 1.000000
vt 0.720000 0.000000
vt 0.730000 1.000000
vt 0.730000 0.000000
vt 0.740000 1.000000
vt 0.740000 0.000000
vt 0.750000 1.000000
vt 0.760000 1.000000
vt 0.760000 0.000000
vt 0.770000 1.000000
vt 0.770000 0.000000
vt 0.780000 1.000000
vt 0.780000 0.000000
vt 0.790000 1.000000
vt 0.790000 0.000000
vt 0.800000 1.000000
vt 0.810000 1.000000
vt 0.810000 0.000000
vt 0.820000 1.000000
vt 0.820000 0.000000
vt 0.830000 1.000000
vt 0.830000 0.000000
vt 0.840000 1.000000
vt 0.840000 0.000000
vt 0.850000 1.000000
vt 0.850000 0.000000
vt 0.860000 1.000000
vt 0.860000 0.000000
vt 0.870000 1.000000
vt 0.870000 0.000000
vt 0.880000 1.000000
vt 0.880000 0.000000
vt 0.890000 1.000000
vt 0.890000 0.000000
vt 0.900000 1.000000
vt 0.910000 1.000000
vt 0.910000 0.000000
vt 0.920000 1.000000
vt 0.920000 0.000000
vt 0.930000 1.000000
vt 0.930000 0.000000
vt 0.940000 1.000000
vt 0.940000 0.000000
vt 0.950000 1.000000
vt 0.950000 0.000000
vt 0.960000 1.000000
vt 0.960000 0.000000
vt 0.970000 1.000000
vt 0.970000 0.000000
vt 0.980000 1.000000
vt 0.980000 0.000000
vt 0.990000 1.000000
vt 0.990000 0.000000
vt 0.008065 1.000000
vt 0.008065 0.000000
vt 0.016129 1.000000
vt 0.016129 0.000000
vt 0.024194 1.000000
vt 0.024194 0.000000
vt 0.032258 1.000000
vt 0.032258 0.000000
vt 0.040323 1.000000
vt 0.040323 0.000000
vt 0.048387 1.000000
vt 0.048387 0.000000
vt 0.056452 1.000000
vt 0.056452 0.000000
vt 0.064516 1.000000
vt 0.064516 0.000000
vt 0.072581 1.000000
vt 0.072581 0.000000
vt 0.080645 1.000000
vt 0.080645 0.000000
vt 0.088710 1.000000
vt 0.088710 0.000000
vt 0.096774 1.000000
vt 0.096774 0.000000
vt 0.104839 1.000000
vt 0.104839 0.000000
vt 0.112903 1.000000
vt 0.112903 0.000000
vt 0.120968 1.000000
vt 0.120968 0.000000
vt 0.129032 1.000000
vt 0.129032 0.000000
vt 0.137097 1.000000
vt 0.137097 0.000000
vt 0.145161 1.000000
vt 0.145161 0.000000
vt 0.153226 1.000000
vt 0.153226 0.000000
vt 0.161290 1.000000
vt 0.161290 0.000000
vt 0.169355 1.000000
vt 0.169355 0.000000
vt 0.177419 1.000000
vt 0.177419 0.000000
vt 0.185484 1.000000
vt 0.185484 0.000000
vt 0.193548 1.000000
vt 0.193548 0.000000
vt 0.201613 1.000000
vt 0.201613 0.000000
vt 0.209677 1.000000
vt 0.209677 0.000000
vt 0.217742 1.000000
vt 0.217742 0.000000
vt 0.225806 1.000000
vt 0.225806 0.000000
vt 0.233871 1.000000
vt 0.233871 0.000000
vt 0.241935 1.000000
vt 0.241935 0.000000
vt 0.258065 1.000000
vt 0.258065 0.000000
vt 0.266129 1.000000
vt 0.266129 0.000000
vt 0.274194 1.000000
vt 0.274194 0.000000
vt 0.282258 1.000000
vt 0.282258 0.000000
vt 0.290323 1.000000
vt 0.290323 0.000000
vt 0.298387 1.000000
vt 0.298387 0.000000
vt 0.306452 1.000000
vt 0.306452 0.000000
vt 0.314516 1.000000
vt 0.314516 0.000000
vt 0.322581 1.000000
vt 0.322581 0.000000
vt 0.330645 1.000000
vt 0.330645 0.000000
vt 0.338710 1.000000
vt 0.338710 0.000000
vt 0.346774 1.000000
vt 0.346774 0.000000
vt 0.354839 1.000000
vt 0.354839 0.000000
vt 0.362903 1.000000
vt 0.362903 0.000000
vt 0.370968 1.000000
vt 0.370968 0.000000
vt 0.379032 1.000000
vt 0.379032 0.000000
vt 0.387097 1.000000
vt 0.387097 0.000000
vt 0.395161 1.000000
vt 0.395161 0.000000
vt 0.403226 1.000000
vt 0.403226 0.000000
vt 0.411290 1.000000
vt 0.411290 0.000000
vt 0.419355 1.000000
vt 0.419355 0.000000
vt 0.427419 1.000000
vt 0.427419 0.000000
vt 0.435484 1.000000
vt 0.435484 0.000000
vt 0.443548 1.000000
vt 0.443548 0.000000
vt 0.451613 1.000000
vt 0.451613 0.000000
vt 0.459677 1.000000
vt 0.459677 0.000000
vt 0.467742 1.000000
vt 0.467742 0.000000
vt 0.475806 1.000000
vt 0.475806 0.000000
vt 0.483871 1.000000
vt 0.483871 0.000000
vt 0.491935 1.000000
vt 0.491935 0.000000
vt 0.508065 1.000000
vt 0.508065 0.000000
vt 0.516129 1.000000
vt 0.516129 0.000000
vt 0.524194 1.000000
vt 0.524194 0.000000
vt 0.532258 1.000000
vt 0.532258 0.000000
vt 0.540323 1.000000
vt 0.540323 0.000000
vt 0.548387 1.000000
vt 0.548387 0.000000
vt 0.556452 1.000000
vt 0.556452 0.000000
vt 0.564516 1.000000
vt 0.564516 0.000000
vt 0.572581 1.000000
vt 0.572581 0.000000
vt 0.580645 1.000000
vt 0.580645 0.000000
vt 0.588710 1.000000
vt 0.588710 0.000000
vt 0.596774 1.000000
vt 0.596774 0.000000
vt 0.604839 1.000000
vt 0.604839 0.000000
vt 0.612903 1.000000
vt 0.612903 0.000000
vt 0.620968 1.000000
vt 0.620968 0.000000
vt 0.629032 1.000000
vt 0.629032 0.000000
vt 0.637097 1.000000
vt 0.637097 0.000000
vt 0.645161 1.000000
vt 0.645161 0.000000
vt 0.653226 1.000000
vt 0.653226 0.000000
vt 0.661290 1.000000
vt 0.661290 0.000000
vt 0.669355 1.000000
vt 0.669355 0.000000
vt 0.677419 1.000000
vt 0.677419 0.000000
vt 0.685484 1.000000
vt 0.685484 0.000000
vt 0.693548 1.000000
vt 0.693548 0.000000
vt 0.701613 1.000000
vt 0.701613 0.000000
vt 0.709677 1.000000
vt 0.709677 0.000000
vt 0.717742 1.000000
vt 0.717742 0.000000
vt 0.725806 1.000000
vt 0.725806 0.000000
vt 0.733871 1.000000
vt 0.733871 0.000000
vt 0.741935 1.000000
vt 0.741935 0.000000
vt 0.758065 1.000000
vt 0.758065 0.000000
vt 0.766129 1.000000
vt 0.766129 0.000000
vt 0.774194 1.000000
vt 0.774194 0.000000
vt 0.782258 1.000000
vt 0.782258 0.000000
vt 0.790323 1.000000
vt 0.790323 0.000000
vt 0.798387 1.000000
vt 0.798387 0.000000
vt 0.806452 1.000000
vt 0.806452 0.000000
vt 0.814516 1.000000
vt 0.814516 0.000000
vt 0.822581 1.000000
vt 0.822581 0.000000
vt 0.830645 1.000000
vt 0.830645 0.000000
vt 0.838710 1.000000
vt 0.838710 0.000000
vt 0.846774 1.000000
vt 0.846774 0.000000
vt 0.854839 1.000000
vt 0.854839 0.000000
vt 0.862903 1.000000
vt 0.862903 0.000000
vt 0.870968 1.000000
vt 0.870968 0.000000
vt 0.879032 1.000000
vt 0.879032 0.000000
vt 0.887097 1.000000
vt 0.887097 0.000000
vt 0.895161 1.000000
vt 0.895161 0.000000
vt 0.903226 1.000000
vt 0.903226 0.000000
vt 0.911290 1.000000
vt 0.911290 0.000000
vt 0.919355 1.000000
vt 0.919355 0.000000
vt 0.927419 1.000000
vt 0.927419 0.000000
vt 0.935484 1.000000
vt 0.935484 0.000000
vt 0.943548 1.000000
vt 0.943548 0.000000
vt 0.951613 1.000000
vt 0.951613 0.000000
vt 0.959677 1.000000
vt 0.959677 0.000000
vt 0.967742 1.000000
vt 0.967742 0.000000
vt 0.975806 1.000000
vt 0.975806 0.000000
vt 0.983871 1.000000
vt 0.983871 0.000000
vt 0.991935 1.000000
vt 0.991935 0.000000
vt 0.013514 1.000000
vt 0.027027 1.000000
vt 0.040541 1.000000
vt 0.054054 1.000000
vt 0.067568 1.000000
vt 0.081081 1.000000
vt 0.094595 1.000000
vt 0.108108 1.000000
vt 0.121622 1.000000
vt 0.135135 1.000000
vt 0.148649 1.000000
vt 0.162162 1.000000
vt 0.175676 1.000000
vt 0.189189 1.000000
vt 0.202703 1.000000
vt 0.216216 1.000000
vt 0.229730 1.000000
vt 0.243243 1.000000
vt 0.256757 1.000000
vt 0.270270 1.000000
vt 0.283784 1.000000
vt 0.297297 1.000000
vt 0.310811 1.000000
vt 0.324324 1.000000
vt 0.337838 1.000000
vt 0.351351 1.000000
vt 0.364865 1.000000
vt 0.378378 1.000000
vt 0.391892 1.000000
vt 0.405405 1.000000
vt 0.418919 1.000000
vt 0.432432 1.000000
vt 0.445946 1.000000
vt 0.459459 1.000000
vt 0.472973 1.000000
vt 0.486486 1.000000
vt 0.513514 1.000000
vt 0.527027 1.000000
vt 0.540541 1.000000
vt 0.554054 1.000000
vt 0.567568 1.000000
vt 0.581081 1.000000
vt 0.594595 1.000000
vt 0.608108 1.000000
vt 0.621622 1.000000
vt 0.635135 1.000000
vt 0.648649 1.000000
vt 0.662162 1.000000
vt 0.675676 1.000000
vt 0.689189 1.000000
vt 0.702703 1.000000
vt 0.716216 1.000000
vt 0.729730 1.000000
vt 0.743243 1.000000
vt 0.756757 1.000000
vt 0.770270 1.000000
vt 0.783784 1.000000
vt 0.797297 1.000000
vt 0.810811 1.000000
vt 0.824324 1.000000
vt 0.837838 1.000000
vt 0.851351 1.000000
vt 0.864865 1.000000
vt 0.878378 1.000000
vt 0.891892 1.000000
vt 0.905405 1.000000
vt 0.918919 1.000000
vt 0.932432 1.000000
vt 0.945946 1.000000
vt 0.959459 1.000000
vt 0.972973 1.000000
vt 0.986486 1.000000
vt 0.008130 1.000000
vt 0.008130 0.000000
vt 0.016260 1.000000
vt 0.016260 0.000000
vt 0.024390 1.000000
vt 0.024390 0.000000
vt 0.032520 1.000000
vt 0.032520 0.000000
vt 0.040650 1.000000
vt 0.040650 0.000000
vt 0.048780 1.000000
vt 0.048780 0.000000
vt 0.056911 1.000000
vt 0.056911 0.000000
vt 0.065041 1.000000
vt 0.065041 0.000000
vt 0.073171 1.000000
vt 0.073171 0.000000
vt 0.081301 1.000000
vt 0.081301 0.000000
vt 0.089431 1.000000
vt 0.089431 0.000000
vt 0.097561 1.000000
vt 0.097561 0.000000
vt 0.105691 1.000000
vt 0.105691 0.000000
vt 0.113821 1.000000
vt 0.113821 0.000000
vt 0.121951 1.000000
vt 0.121951 0.000000
vt 0.130081 1.000000
vt 0.130081 0.000000
vt 0.138211 1.000000
vt 0.138211 0.000000
vt 0.146341 1.000000
vt 0.146341 0.000000
vt 0.154472 1.000000
vt 0.154472 0.000000
vt 0.162602 1.000000
vt 0.162602 0.000000
vt 0.170732 1.000000
vt 0.170732 0.000000
vt 0.178862 1.000000
vt 0.178862 0.000000
vt 0.186992 1.000000
vt 0.186992 0.000000
vt 0.195122 1.000000
vt 0.195122 0.000000
vt 0.203252 1.000000
vt 0.203252 0.000000
vt 0.211382 1.000000
vt 0.211382 0.000000
vt 0.219512 1.000000
vt 0.219512 0.000000
vt 0.227642 1.000000
vt 0.227642 0.000000
vt 0.235772 1.000000
vt 0.235772 0.000000
vt 0.243902 1.000000
vt 0.243902 0.000000
vt 0.252033 1.000000
vt 0.252033 0.000000
vt 0.260163 1.000000
vt 0.260163 0.000000
vt 0.268293 1.000000
vt 0.268293 0.000000
vt 0.276423 1.000000
vt 0.276423 0.000000
vt 0.284553 1.000000
vt 0.284553 0.000000
vt 0.292683 1.000000
vt 0.292683 0.000000
vt 0.300813 1.000000
vt 0.300813 0.000000
vt 0.308943 1.000000
vt 0.308943 0.000000
vt 0.317073 1.000000
vt 0.317073 0.000000
vt 0.325203 1.000000
vt 0.325203 0.000000
vt 0.333333 1.000000
vt 0.341463 1.000000
vt 0.341463 0.000000
vt 0.349593 1.000000
vt 0.349593 0.000000
vt 0.357724 1.000000
vt 0.357724 0.000000
vt 0.365854 1.000000
vt 0.365854 0.000000
vt 0.373984 1.000000
vt 0.373984 0.000000
vt 0.382114 1.000000
vt 0.382114 0.000000
vt 0.390244 1.000000
vt 0.390244 0.000000
vt 0.398374 1.000000
vt 0.398374 0.000000
vt 0.406504 1.000000
vt 0.406504 0.000000
vt 0.414634 1.000000
vt 0.414634 0.000000
vt 0.422764 1.000000
vt 0.422764 0.000000
vt 0.430894 1.000000
vt 0.430894 0.000000
vt 0.439024 1.000000
vt 0.439024 0.000000
vt 0.447154 1.000000
vt 0.447154 0.000000
vt 0.455285 1.000000
vt 0.455285 0.000000
vt 0.463415 1.000000
vt 0.463415 0.000000
vt 0.471545 1.000000
vt 0.471545 0.000000
vt 0.479675 1.000000
vt 0.479675 0.000000
vt 0.487805 1.000000
vt 0.487805 0.000000
vt 0.495935 1.000000
vt 0.495935 0.000000
vt 0.504065 1.000000
vt 0.504065 0.000000
vt 0.512195 1.000000
vt 0.512195 0.000000
vt 0.520325 1.000000
vt 0.520325 0.000000
vt 0.528455 1.000000
vt 0.528455 0.000000
vt 0.536585 1.000000
vt 0.536585 0.000000
vt 0.544715 1.000000
vt 0.544715 0.000000
vt 0.552846 1.000000
vt 0.552846 0.000000
vt 0.560976 1.000000
vt 0.560976 0.000000
vt 0.569106 1.000000
vt 0.569106 0.000000
vt 0.577236 1.000000
vt 0.577236 0.000000
vt 0.585366 1.000000
vt 0.585366 0.000000
vt 0.593496 1.000000
vt 0.593496 0.000000
vt 0.601626 1.000000
vt 0.601626 0.000000
vt 0.609756 1.000000
vt 0.609756 0.000000
vt 0.617886 1.000000
vt 0.617886 0.000000
vt 0.626016 1.000000
vt 0.626016 0.000000
vt 0.634146 1.000000
vt 0.634146 0.000000
vt 0.642276 1.000000
vt 0.642276 0.000000
vt 0.650406 1.000000
vt 0.650406 0.000000
vt 0.658537 1.000000
vt 0.658537 0.000000
vt 0.666667 1.000000
vt 0.674797 1.000000
vt 0.674797 0.000000
vt 0.682927 1.000000
vt 0.682927 0.000000
vt 0.691057 1.000000
vt 0.691057 0.000000
vt 0.699187 1.000000
vt 0.699187 0.000000
vt 0.707317 1.000000
vt 0.707317 0.000000
vt 0.715447 1.000000
vt 0.715447 0.000000
vt 0.723577 1.000000
vt 0.723577 0.000000
vt 0.731707 1.000000
vt 0.731707 0.000000
vt 0.739837 1.000000
vt 0.739837 0.000000
vt 0.747967 1.000000
vt 0.747967 0.000000
vt 0.756098 1.000000
vt 0.756098 0.000000
vt 0.764228 1.000000
vt 0.764228 0.000000
vt 0.772358 1.000000
vt 0.772358 0.000000
vt 0.780488 1.000000
vt 0.780488 0.000000
vt 0.788618 1.000000
vt 0.788618 0.000000
vt 0.796748 1.000000
vt 0.796748 0.000000
vt 0.804878 1.000000
vt 0.804878 0.000000
vt 0.813008 1.000000
vt 0.813008 0.000000
vt 0.821138 1.000000
vt 0.821138 0.000000
vt 0.829268 1.000000
vt 0.829268 0.000000
vt 0.837398 1.000000
vt 0.837398 0.000000
vt 0.845528 1.000000
vt 0.845528 0.000000
vt 0.853659 1.000000
vt 0.853659 0.000000
vt 0.861789 1.000000
vt 0.861789 0.000000
vt 0.869919 1.000000
vt 0.869919 0.000000
vt 0.878049 1.000000
vt 0.878049 0.000000
vt 0.886179 1.000000
vt 0.886179 0.000000
vt 0.894309 1.000000
vt 0.894309 0.000000
vt 0.902439 1.000000
vt 0.902439 0.000000
vt 0.910569 1.000000
vt 0.910569 0.000000
vt 0.918699 1.000000
vt 0.918699 0.000000
vt 0.926829 1.000000
vt 0.926829 0.000000
vt 0.934959 1.000000
vt 0.934959 0.000000
vt 0.943089 1.000000
vt 0.943089 0.000000
vt 0.951219 1.000000
vt 0.951219 0.000000
vt 0.959350 1.000000
vt 0.959350 0.000000
vt 0.967480 1.000000
vt 0.967480 0.000000
vt 0.975610 1.000000
vt 0.975610 0.000000
vt 0.983740 1.000000
vt 0.983740 0.000000
vt 0.991870 1.000000
vt 0.991870 0.000000
vt 0.125000 1.000000
vt 0.125000 0.000000
vt 0.375000 1.000000
vt 0.375000 0.000000
vt 0.625000 1.000000
vt 0.625000 0.000000
vt 0.875000 1.000000
vt 0.875000 0.000000
vt 0.019231 1.000000
vt 0.057692 1.000000
vt 0.096154 1.000000
vt 0.134615 1.000000
vt 0.173077 1.000000
vt 0.211538 1.000000
vt 0.288462 1.000000
vt 0.326923 1.000000
vt 0.365385 1.000000
vt 0.403846 1.000000
vt 0.442308 1.000000
vt 0.480769 1.000000
vt 0.519231 1.000000
vt 0.557692 1.000000
vt 0.596154 1.000000
vt 0.634615 1.000000
vt 0.673077 1.000000
vt 0.711538 1.000000
vt 0.788462 1.000000
vt 0.826923 1.000000
vt 0.865385 1.000000
vt 0.903846 1.000000
vt 0.942308 1.000000
vt 0.980769 1.000000
vt 0.010204 1.000000
vt 0.010204 0.000000
vt 0.030612 1.000000
vt 0.030612 0.000000
vt 0.051020 1.000000
vt 0.051020 0.000000
vt 0.071429 1.000000
vt 0.091837 1.000000
vt 0.091837 0.000000
vt 0.112245 1.000000
vt 0.112245 0.000000
vt 0.132653 1.000000
vt 0.132653 0.000000
vt 0.153061 1.000000
vt 0.153061 0.000000
vt 0.173469 1.000000
vt 0.173469 0.000000
vt 0.193878 1.000000
vt 0.193878 0.000000
vt 0.214286 1.000000
vt 0.234694 1.000000
vt 0.234694 0.000000
vt 0.255102 1.000000
vt 0.255102 0.000000
vt 0.275510 1.000000
vt 0.275510 0.000000
vt 0.295918 1.000000
vt 0.295918 0.000000
vt 0.316327 1.000000
vt 0.316327 0.000000
vt 0.336735 1.000000
vt 0.336735 0.000000
vt 0.357143 1.000000
vt 0.377551 1.000000
vt 0.377551 0.000000
vt 0.397959 1.000000
vt 0.397959 0.000000
vt 0.418367 1.000000
vt 0.418367 0.000000
vt 0.438776 1.000000
vt 0.438776 0.000000
vt 0.459184 1.000000
vt 0.459184 0.000000
vt 0.479592 1.000000
vt 0.479592 0.000000
vt 0.520408 1.000000
vt 0.520408 0.000000
vt 0.540816 1.000000
vt 0.540816 0.000000
vt 0.561224 1.000000
vt 0.561224 0.000000
vt 0.581633 1.000000
vt 0.581633 0.000000
vt 0.602041 1.000000
vt 0.602041 0.000000
vt 0.622449 1.000000
vt 0.622449 0.000000
vt 0.642857 1.000000
vt 0.663265 1.000000
vt 0.663265 0.000000
vt 0.683673 1.000000
vt 0.683673 0.000000
vt 0.704082 1.000000
vt 0.704082 0.000000
vt 0.724490 1.000000
vt 0.724490 0.000000
vt 0.744898 1.000000
vt 0.744898 0.000000
vt 0.765306 1.000000
vt 0.765306 0.000000
vt 0.785714 1.000000
vt 0.806122 1.000000
vt 0.806122 0.000000
vt 0.826531 1.000000
vt 0.826531 0.000000
vt 0.846939 1.000000
vt 0.846939 0.000000
vt 0.867347 1.000000
vt 0.867347 0.000000
vt 0.887755 1.000000
vt 0.887755 0.000000
vt 0.908163 1.000000
vt 0.908163 0.000000
vt 0.928571 1.000000
vt 0.948980 1.000000
vt 0.948980 0.000000
vt 0.969388 1.000000
vt 0.969388 0.000000
vt 0.989796 1.000000
vt 0.989796 0.000000
vt 0.009009 1.000000
vt 0.018018 1.000000
vt 0.036036 1.000000
vt 0.045045 1.000000
vt 0.063063 1.000000
vt 0.072072 1.000000
vt 0.090090 1.000000
vt 0.099099 1.000000
vt 0.117117 1.000000
vt 0.126126 1.000000
vt 0.144144 1.000000
vt 0.153153 1.000000
vt 0.171171 1.000000
vt 0.180180 1.000000
vt 0.198198 1.000000
vt 0.207207 1.000000
vt 0.225225 1.000000
vt 0.234234 1.000000
vt 0.252252 1.000000
vt 0.261261 1.000000
vt 0.279279 1.000000
vt 0.288288 1.000000
vt 0.306306 1.000000
vt 0.315315 1.000000
vt 0.342342 1.000000
vt 0.360360 1.000000
vt 0.369369 1.000000
vt 0.387387 1.000000
vt 0.396396 1.000000
vt 0.414414 1.000000
vt 0.423423 1.000000
vt 0.441441 1.000000
vt 0.450450 1.000000
vt 0.468468 1.000000
vt 0.477477 1.000000
vt 0.495495 1.000000
vt 0.504505 1.000000
vt 0.522523 1.000000
vt 0.531532 1.000000
vt 0.549550 1.000000
vt 0.558559 1.000000
vt 0.576577 1.000000
vt 0.585586 1.000000
vt 0.603604 1.000000
vt 0.612613 1.000000
vt 0.630631 1.000000
vt 0.639640 1.000000
vt 0.657658 1.000000
vt 0.684685 1.000000
vt 0.693694 1.000000
vt 0.711712 1.000000
vt 0.720721 1.000000
vt 0.738739 1.000000
vt 0.747748 1.000000
vt 0.765766 1.000000
vt 0.774775 1.000000
vt 0.792793 1.000000
vt 0.801802 1.000000
vt 0.819820 1.000000
vt 0.828829 1.000000
vt 0.846847 1.000000
vt 0.855856 1.000000
vt 0.873874 1.000000
vt 0.882883 1.000000
vt 0.900901 1.000000
vt 0.909910 1.000000
vt 0.927928 1.000000
vt 0.936937 1.000000
vt 0.954955 1.000000
vt 0.963964 1.000000
vt 0.981982 1.000000
vt 0.990991 1.000000
vt 0.020833 1.000000
vt 0.020833 0.000000
vt 0.041667 1.000000
vt 0.041667 0.000000
vt 0.062500 1.000000
vt 0.062500 0.000000
vt 0.083333 1.000000
vt 0.104167 1.000000
vt 0.104167 0.000000
vt 0.145833 1.000000
vt 0.145833 0.000000
vt 0.166667 1.000000
vt 0.187500 1.000000
vt 0.187500 0.000000
vt 0.208333 1.000000
vt 0.208333 0.000000
vt 0.229167 1.000000
vt 0.229167 0.000000
vt 0.270833 1.000000
vt 0.270833 0.000000
vt 0.291667 1.000000
vt 0.291667 0.000000
vt 0.312500 1.000000
vt 0.312500 0.000000
vt 0.354167 1.000000
vt 0.354167 0.000000
vt 0.395833 1.000000
vt 0.395833 0.000000
vt 0.416667 1.000000
vt 0.437500 1.000000
vt 0.437500 0.000000
vt 0.458333 1.000000
vt 0.458333 0.000000
vt 0.479167 1.000000
vt 0.479167 0.000000
vt 0.520833 1.000000
vt 0.520833 0.000000
vt 0.541667 1.000000
vt 0.541667 0.000000
vt 0.562500 1.000000
vt 0.562500 0.000000
vt 0.583333 1.000000
vt 0.604167 1.000000
vt 0.604167 0.000000
vt 0.645833 1.000000
vt 0.645833 0.000000
vt 0.687500 1.000000
vt 0.687500 0.000000
vt 0.708333 1.000000
vt 0.708333 0.000000
vt 0.729167 1.000000
vt 0.729167 0.000000
vt 0.770833 1.000000
vt 0.770833 0.000000
vt 0.791667 1.000000
vt 0.791667 0.000000
vt 0.812500 1.000000
vt 0.812500 0.000000
vt 0.833333 1.000000
vt 0.854167 1.000000
vt 0.854167 0.000000
vt 0.895833 1.000000
vt 0.895833 0.000000
vt 0.916667 1.000000
vt 0.937500 1.000000
vt 0.937500 0.000000
vt 0.958333 1.000000
vt 0.958333 0.000000
vt 0.979167 1.000000
vt 0.979167 0.000000
vt 0.004566 1.000000
vt 0.004566 0.000000
vt 0.009132 1.000000
vt 0.009132 0.000000
vt 0.013699 1.000000
vt 0.013699 0.000000
vt 0.018265 1.000000
vt 0.018265 0.000000
vt 0.022831 1.000000
vt 0.022831 0.000000
vt 0.027397 1.000000
vt 0.027397 0.000000
vt 0.031963 1.000000
vt 0.031963 0.000000
vt 0.036530 1.000000
vt 0.036530 0.000000
vt 0.041096 1.000000
vt 0.041096 0.000000
vt 0.045662 1.000000
vt 0.045662 0.000000
vt 0.050228 1.000000
vt 0.050228 0.000000
vt 0.054795 1.000000
vt 0.054795 0.000000
vt 0.059361 1.000000
vt 0.059361 0.000000
vt 0.063927 1.000000
vt 0.063927 0.000000
vt 0.068493 1.000000
vt 0.068493 0.000000
vt 0.073059 1.000000
vt 0.073059 0.000000
vt 0.077626 1.000000
vt 0.077626 0.000000
vt 0.082192 1.000000
vt 0.082192 0.000000
vt 0.086758 1.000000
vt 0.086758 0.000000
vt 0.091324 1.000000
vt 0.091324 0.000000
vt 0.095890 1.000000
vt 0.095890 0.000000
vt 0.100457 1.000000
vt 0.100457 0.000000
vt 0.105023 1.000000
vt 0.105023 0.000000
vt 0.109589 1.000000
vt 0.109589 0.000000
vt 0.114155 1.000000
vt 0.114155 0.000000
vt 0.118721 1.000000
vt 0.118721 0.000000
vt 0.123288 1.000000
vt 0.123288 0.000000
vt 0.127854 1.000000
vt 0.127854 0.000000
vt 0.132420 1.000000
vt 0.132420 0.000000
vt 0.136986 1.000000
vt 0.136986 0.000000
vt 0.141553 1.000000
vt 0.141553 0.000000
vt 0.146119 1.000000
vt 0.146119 0.000000
vt 0.150685 1.000000
vt 0.150685 0.000000
vt 0.155251 1.000000
vt 0.155251 0.000000
vt 0.159817 1.000000
vt 0.159817 0.000000
vt 0.164384 1.000000
vt 0.164384 0.000000
vt 0.168950 1.000000
vt 0.168950 0.000000
vt 0.173516 1.000000
vt 0.173516 0.000000
vt 0.178082 1.000000
vt 0.178082 0.000000
vt 0.182648 1.000000
vt 0.182648 0.000000
vt 0.187215 1.000000
vt 0.187215 0.000000
vt 0.191781 1.000000
vt 0.191781 0.000000
vt 0.196347 1.000000
vt 0.196347 0.000000
vt 0.200913 1.000000
vt 0.200913 0.000000
vt 0.205479 1.000000
vt 0.205479 0.000000
vt 0.210046 1.000000
vt 0.210046 0.000000
vt 0.214612 1.000000
vt 0.214612 0.000000
vt 0.219178 1.000000
vt 0.219178 0.000000
vt 0.223744 1.000000
vt 0.223744 0.000000
vt 0.228310 1.000000
vt 0.228310 0.000000
vt 0.232877 1.000000
vt 0.232877 0.000000
vt 0.237443 1.000000
vt 0.237443 0.000000
vt 0.242009 1.000000
vt 0.242009 0.000000
vt 0.246575 1.000000
vt 0.246575 0.000000
vt 0.251142 1.000000
vt 0.251142 0.000000
vt 0.255708 1.000000
vt 0.255708 0.000000
vt 0.260274 1.000000
vt 0.260274 0.000000
vt 0.264840 1.000000
vt 0.264840 0.000000
vt 0.269406 1.000000
vt 0.269406 0.000000
vt 0.273973 1.000000
vt 0.273973 0.000000
vt 0.278539 1.000000
vt 0.278539 0.000000
vt 0.283105 1.000000
vt 0.283105 0.000000
vt 0.287671 1.000000
vt 0.287671 0.000000
vt 0.292237 1.000000
vt 0.292237 0.000000
vt 0.296804 1.000000
vt 0.296804 0.000000
vt 0.301370 1.000000
vt 0.301370 0.000000
vt 0.305936 1.000000
vt 0.305936 0.000000
vt 0.310502 1.000000
vt 0.310502 0.000000
vt 0.315068 1.000000
vt 0.315068 0.000000
vt 0.319635 1.000000
vt 0.319635 0.000000
vt 0.324201 1.000000
vt 0.324201 0.000000
vt 0.328767 1.000000
vt 0.328767 0.000000
vt 0.337900 1.000000
vt 0.337900 0.000000
vt 0.342466 1.000000
vt 0.342466 0.000000
vt 0.347032 1.000000
vt 0.347032 0.000000
vt 0.351598 1.000000
vt 0.351598 0.000000
vt 0.356164 1.000000
vt 0.356164 0.000000
vt 0.360731 1.000000
vt 0.360731 0.000000
vt 0.365297 1.000000
vt 0.365297 0.000000
vt 0.369863 1.000000
vt 0.369863 0.000000
vt 0.374429 1.000000
vt 0.374429 0.000000
vt 0.378995 1.000000
vt 0.378995 0.000000
vt 0.383562 1.000000
vt 0.383562 0.000000
vt 0.388128 1.000000
vt 0.388128 0.000000
vt 0.392694 1.000000
vt 0.392694 0.000000
vt 0.397260 1.000000
vt 0.397260 0.000000
vt 0.401826 1.000000
vt 0.401826 0.000000
vt 0.406393 1.000000
vt 0.406393 0.000000
vt 0.410959 1.000000
vt 0.410959 0.000000
vt 0.415525 1.000000
vt 0.415525 0.000000
vt 0.420091 1.000000
vt 0.420091 0.000000
vt 0.424658 1.000000
vt 0.424658 0.000000
vt 0.429224 1.000000
vt 0.429224 0.000000
vt 0.433790 1.000000
vt 0.433790 0.000000
vt 0.438356 1.000000
vt 0.438356 0.000000
vt 0.442922 1.000000
vt 0.442922 0.000000
vt 0.447489 1.000000
vt 0.447489 0.000000
vt 0.452055 1.000000
vt 0.452055 0.000000
vt 0.456621 1.000000
vt 0.456621 0.000000
vt 0.461187 1.000000
vt 0.461187 0.000000
vt 0.465753 1.000000
vt 0.465753 0.000000
vt 0.470320 1.000000
vt 0.470320 0.000000
vt 0.474886 1.000000
vt 0.474886 0.000000
vt 0.479452 1.000000
vt 0.479452 0.000000
vt 0.484018 1.000000
vt 0.484018 0.000000
vt 0.488584 1.000000
vt 0.488584 0.000000
vt 0.493151 1.000000
vt 0.493151 0.000000
vt 0.497717 1.000000
vt 0.497717 0.000000
vt 0.502283 1.000000
vt 0.502283 0.000000
vt 0.506849 1.000000
vt 0.506849 0.000000
vt 0.511416 1.000000
vt 0.511416 0.000000
vt 0.515982 1.000000
vt 0.515982 0.000000
vt 0.520548 1.000000
vt 0.520548 0.000000
vt 0.525114 1.000000
vt 0.525114 0.000000
vt 0.529680 1.000000
vt 0.529680 0.000000
vt 0.534247 1.000000
vt 0.534247 0.000000
vt 0.538813 1.000000
vt 0.538813 0.000000
vt 0.543379 1.000000
vt 0.543379 0.000000
vt 0.547945 1.000000
vt 0.547945 0.000000
vt 0.552511 1.000000
vt 0.552511 0.000000
vt 0.557078 1.000000
vt 0.557078 0.000000
vt 0.561644 1.000000
vt 0.561644 0.000000
vt 0.566210 1.000000
vt 0.566210 0.000000
vt 0.570776 1.000000
vt 0.570776 0.000000
vt 0.575342 1.000000
vt 0.575342 0.000000
vt 0.579909 1.000000
vt 0.579909 0.000000
vt 0.584475 1.000000
vt 0.584475 0.000000
vt 0.589041 1.000000
vt 0.589041 0.000000
vt 0.593607 1.000000
vt 0.593607 0.000000
vt 0.598173 1.000000
vt 0.598173 0.000000
vt 0.602740 1.000000
vt 0.602740 0.000000
vt 0.607306 1.000000
vt 0.607306 0.000000
vt 0.611872 1.000000
vt 0.611872 0.000000
vt 0.616438 1.000000
vt 0.616438 0.000000
vt 0.621005 1.000000
vt 0.621005 0.000000
vt 0.625571 1.000000
vt 0.625571 0.000000
vt 0.630137 1.000000
vt 0.630137 0.000000
vt 0.634703 1.000000
vt 0.634703 0.000000
vt 0.639269 1.000000
vt 0.639269 0.000000
vt 0.643836 1.000000
vt 0.643836 0.000000
vt 0.648402 1.000000
vt 0.648402 0.000000
vt 0.652968 1.000000
vt 0.652968 0.000000
vt 0.657534 1.000000
vt 0.657534 0.000000
vt 0.662100 1.000000
vt 0.662100 0.000000
vt 0.671233 1.000000
vt 0.671233 0.000000
vt 0.675799 1.000000
vt 0.675799 0.000000
vt 0.680365 1.000000
vt 0.680365 0.000000
vt 0.684932 1.000000
vt 0.684932 0.000000
vt 0.689498 1.000000
vt 0.689498 0.000000
vt 0.694064 1.000000
vt 0.694064 0.000000
vt 0.698630 1.000000
vt 0.698630 0.000000
vt 0.703196 1.000000
vt 0.703196 0.000000
vt 0.707763 1.000000
vt 0.707763 0.000000
vt 0.712329 1.000000
vt 0.712329 0.000000
vt 0.716895 1.000000
vt 0.716895 0.000000
vt 0.721461 1.000000
vt 0.721461 0.000000
vt 0.726027 1.000000
vt 0.726027 0.000000
vt 0.730594 1.000000
vt 0.730594 0.000000
vt 0.735160 1.000000
vt 0.735160 0.000000
vt 0.739726 1.000000
vt 0.739726 0.000000
vt 0.744292 1.000000
vt 0.744292 0.000000
vt 0.748858 1.000000
vt 0.748858 0.000000
vt 0.753425 1.000000
vt 0.753425 0.000000
vt 0.757991 1.000000
vt 0.757991 0.000000
vt 0.762557 1.000000
vt 0.762557 0.000000
vt 0.767123 1.000000
vt 0.767123 0.000000
vt 0.771689 1.000000
vt 0.771689 0.000000
vt 0.776256 1.000000
vt 0.776256 0.000000
vt 0.780822 1.000000
vt 0.780822 0.000000
vt 0.785388 1.000000
vt 0.785388 0.000000
vt 0.789954 1.000000
vt 0.789954 0.000000
vt 0.794521 1.000000
vt 0.794521 0.000000
vt 0.799087 1.000000
vt 0.799087 0.000000
vt 0.803653 1.000000
vt 0.803653 0.000000
vt 0.808219 1.000000
vt 0.808219 0.000000
vt 0.812785 1.000000
vt 0.812785 0.000000
vt 0.817352 1.000000
vt 0.817352 0.000000
vt 0.821918 1.000000
vt 0.821918 0.000000
vt 0.826484 1.000000
vt 0.826484 0.000000
vt 0.831050 1.000000
vt 0.831050 0.000000
vt 0.835616 1.000000
vt 0.835616 0.000000
vt 0.840183 1.000000
vt 0.840183 0.000000
vt 0.844749 1.000000
vt 0.844749 0.000000
vt 0.849315 1.000000
vt 0.849315 0.000000
vt 0.853881 1.000000
vt 0.853881 0.000000
vt 0.858447 1.000000
vt 0.858447 0.000000
vt 0.863014 1.000000
vt 0.863014 0.000000
vt 0.867580 1.000000
vt 0.867580 0.000000
vt 0.872146 1.000000
vt 0.872146 0.000000
vt 0.876712 1.000000
vt 0.876712 0.000000
vt 0.881279 1.000000
vt 0.881279 0.000000
vt 0.885845 1.000000
vt 0.885845 0.000000
vt 0.890411 1.000000
vt 0.890411 0.000000
vt 0.894977 1.000000
vt 0.894977 0.000000
vt 0.899543 1.000000
vt 0.899543 0.000000
vt 0.904110 1.000000
vt 0.904110 0.000000
vt 0.908676 1.000000
vt 0.908676 0.000000
vt 0.913242 1.000000
vt 0.913242 0.000000
vt 0.917808 1.000000
vt 0.917808 0.000000
vt 0.922374 1.000000
vt 0.922374 0.000000
vt 0.926941 1.000000
vt 0.926941 0.000000
vt 0.931507 1.000000
vt 0.931507 0.000000
vt 0.936073 1.000000
vt 0.936073 0.000000
vt 0.940639 1.000000
vt 0.940639 0.000000
vt 0.945205 1.000000
vt 0.945205 0.000000
vt 0.949772 1.000000
vt 0.949772 0.000000
vt 0.954338 1.000000
vt 0.954338 0.000000
vt 0.958904 1.000000
vt 0.958904 0.000000
vt 0.963470 1.000000
vt 0.963470 0.000000
vt 0.968037 1.000000
vt 0.968037 0.000000
vt 0.972603 1.000000
vt 0.972603 0.000000
vt 0.977169 1.000000
vt 0.977169 0.000000
vt 0.981735 1.000000
vt 0.981735 0.000000
vt 0.986301 1.000000
vt 0.986301 0.000000
vt 0.990868 1.000000
vt 0.990868 0.000000
vt 0.995434 1.000000
vt 0.995434 0.000000
vt 0.009174 1.000000
vt 0.009174 0.000000
vt 0.018349 1.000000
vt 0.018349 0.000000
vt 0.027523 1.000000
vt 0.027523 0.000000
vt 0.036697 1.000000
vt 0.036697 0.000000
vt 0.045872 1.000000
vt 0.045872 0.000000
vt 0.055046 1.000000
vt 0.055046 0.000000
vt 0.064220 1.000000
vt 0.064220 0.000000
vt 0.073394 1.000000
vt 0.073394 0.000000
vt 0.082569 1.000000
vt 0.082569 0.000000
vt 0.091743 1.000000
vt 0.091743 0.000000
vt 0.100917 1.000000
vt 0.100917 0.000000
vt 0.110092 1.000000
vt 0.110092 0.000000
vt 0.119266 1.000000
vt 0.119266 0.000000
vt 0.128440 1.000000
vt 0.128440 0.000000
vt 0.137615 1.000000
vt 0.137615 0.000000
vt 0.146789 1.000000
vt 0.146789 0.000000
vt 0.155963 1.000000
vt 0.155963 0.000000
vt 0.165138 1.000000
vt 0.165138 0.000000
vt 0.174312 1.000000
vt 0.174312 0.000000
vt 0.183486 1.000000
vt 0.183486 0.000000
vt 0.192661 1.000000
vt 0.192661 0.000000
vt 0.201835 1.000000
vt 0.201835 0.000000
vt 0.211009 1.000000
vt 0.211009 0.000000
vt 0.220183 1.000000
vt 0.220183 0.000000
vt 0.229358 1.000000
vt 0.229358 0.000000
vt 0.238532 1.000000
vt 0.238532 0.000000
vt 0.247706 1.000000
vt 0.247706 0.000000
vt 0.256881 1.000000
vt 0.256881 0.000000
vt 0.266055 1.000000
vt 0.266055 0.000000
vt 0.275229 1.000000
vt 0.275229 0.000000
vt 0.284404 1.000000
vt 0.284404 0.000000
vt 0.293578 1.000000
vt 0.293578 0.000000
vt 0.302752 1.000000
vt 0.302752 0.000000
vt 0.311927 1.000000
vt 0.311927 0.000000
vt 0.321101 1.000000
vt 0.321101 0.000000
vt 0.330275 1.000000
vt 0.330275 0.000000
vt 0.339450 1.000000
vt 0.339450 0.000000
vt 0.348624 1.000000
vt 0.348624 0.000000
vt 0.357798 1.000000
vt 0.357798 0.000000
vt 0.366972 1.000000
vt 0.366972 0.000000
vt 0.376147 1.000000
vt 0.376147 0.000000
vt 0.385321 1.000000
vt 0.385321 0.000000
vt 0.394495 1.000000
vt 0.394495 0.000000
vt 0.403670 1.000000
vt 0.403670 0.000000
vt 0.412844 1.000000
vt 0.412844 0.000000
vt 0.422018 1.000000
vt 0.422018 0.000000
vt 0.431193 1.000000
vt 0.431193 0.000000
vt 0.440367 1.000000
vt 0.440367 0.000000
vt 0.449541 1.000000
vt 0.449541 0.000000
vt 0.458716 1.000000
vt 0.458716 0.000000
vt 0.467890 1.000000
vt 0.467890 0.000000
vt 0.477064 1.000000
vt 0.477064 0.000000
vt 0.486239 1.000000
vt 0.486239 0.000000
vt 0.495413 1.000000
vt 0.495413 0.000000
vt 0.504587 1.000000
vt 0.504587 0.000000
vt 0.513761 1.000000
vt 0.513761 0.000000
vt 0.522936 1.000000
vt 0.522936 0.000000
vt 0.532110 1.000000
vt 0.532110 0.000000
vt 0.541284 1.000000
vt 0.541284 0.000000
vt 0.550459 1.000000
vt 0.550459 0.000000
vt 0.559633 1.000000
vt 0.559633 0.000000
vt 0.568807 1.000000
vt 0.568807 0.000000
vt 0.577982 1.000000
vt 0.577982 0.000000
vt 0.587156 1.000000
vt 0.587156 0.000000
vt 0.596330 1.000000
vt 0.596330 0.000000
vt 0.605505 1.000000
vt 0.605505 0.000000
vt 0.614679 1.000000
vt 0.614679 0.000000
vt 0.623853 1.000000
vt 0.623853 0.000000
vt 0.633027 1.000000
vt 0.633027 0.000000
vt 0.642202 1.000000
vt 0.642202 0.000000
vt 0.651376 1.000000
vt 0.651376 0.000000
vt 0.660550 1.000000
vt 0.660550 0.000000
vt 0.669725 1.000000
vt 0.669725 0.000000
vt 0.678899 1.000000
vt 0.678899 0.000000
vt 0.688073 1.000000
vt 0.688073 0.000000
vt 0.697248 1.000000
vt 0.697248 0.000000
vt 0.706422 1.000000
vt 0.706422 0.000000
vt 0.715596 1.000000
vt 0.715596 0.000000
vt 0.724771 1.000000
vt 0.724771 0.000000
vt 0.733945 1.000000
vt 0.733945 0.000000
vt 0.743119 1.000000
vt 0.743119 0.000000
vt 0.752294 1.000000
vt 0.752294 0.000000
vt 0.761468 1.000000
vt 0.761468 0.000000
vt 0.770642 1.000000
vt 0.770642 0.000000
vt 0.779817 1.000000
vt 0.779817 0.000000
vt 0.788991 1.000000
vt 0.788991 0.000000
vt 0.798165 1.000000
vt 0.798165 0.000000
vt 0.807339 1.000000
vt 0.807339 0.000000
vt 0.816514 1.000000
vt 0.816514 0.000000
vt 0.825688 1.000000
vt 0.825688 0.000000
vt 0.834862 1.000000
vt 0.834862 0.000000
vt 0.844037 1.000000
vt 0.844037 0.000000
vt 0.853211 1.000000
vt 0.853211 0.000000
vt 0.862385 1.000000
vt 0.862385 0.000000
vt 0.871560 1.000000
vt 0.871560 0.000000
vt 0.880734 1.000000
vt 0.880734 0.000000
vt 0.889908 1.000000
vt 0.889908 0.000000
vt 0.899083 1.000000
vt 0.899083 0.000000
vt 0.908257 1.000000
vt 0.908257 0.000000
vt 0.917431 1.000000
vt 0.917431 0.000000
vt 0.926606 1.000000
vt 0.926606 0.000000
vt 0.935780 1.000000
vt 0.935780 0.000000
vt 0.944954 1.000000
vt 0.944954 0.000000
vt 0.954128 1.000000
vt 0.954128 0.000000
vt 0.963303 1.000000
vt 0.963303 0.000000
vt 0.972477 1.000000
vt 0.972477 0.000000
vt 0.981651 1.000000
vt 0.981651 0.000000
vt 0.990826 1.000000
vt 0.990826 0.000000
s 0
usemtl マテリアル
f 84/1/1 86/2/1 85/3/1
f 83/4/1 86/2/1 84/1/1
f 83/4/1 87/5/1 86/2/1
f 82/6/1 87/5/1 83/4/1
f 82/6/1 88/7/1 87/5/1
f 81/8/1 88/7/1 82/6/1
f 81/8/1 89/9/1 88/7/1
f 80/10/1 89/9/1 81/8/1
f 79/11/1 89/9/1 80/10/1
f 79/11/1 90/12/1 89/9/1
f 78/13/1 90/12/1 79/11/1
f 78/13/1 91/14/1 90/12/1
f 77/15/1 91/14/1 78/13/1
f 77/15/1 92/16/1 91/14/1
f 76/17/1 92/16/1 77/15/1
f 75/18/1 92/16/1 76/17/1
f 75/18/1 93/19/1 92/16/1
f 74/20/1 60/21/1 75/18/1
f 60/21/1 93/19/1 75/18/1
f 60/21/1 59/22/1 93/19/1
f 59/22/1 94/23/1 93/19/1
f 74/20/1 61/24/1 60/21/1
f 74/20/1 62/25/1 61/24/1
f 58/26/1 94/23/1 59/22/1
f 74/20/1 63/27/1 62/25/1
f 57/28/1 94/23/1 58/26/1
f 73/29/1 63/27/1 74/20/1
f 73/29/1 64/30/1 63/27/1
f 56/31/1 94/23/1 57/28/1
f 73/29/1 65/32/1 64/30/1
f 73/29/1 66/33/1 65/32/1
f 55/34/1 94/23/1 56/31/1
f 73/29/1 67/35/1 66/33/1
f 55/34/1 95/36/1 94/23/1
f 54/37/1 95/36/1 55/34/1
f 72/38/1 71/39/1 73/29/1
f 71/39/1 70/40/1 73/29/1
f 70/40/1 69/41/1 73/29/1
f 69/41/1 68/42/1 73/29/1
f 68/42/1 67/35/1 73/29/1
f 53/43/1 95/36/1 54/37/1
f 52/44/1 95/36/1 53/43/1
f 52/44/1 96/45/1 95/36/1
f 51/46/1 96/45/1 52/44/1
f 50/47/1 96/45/1 51/46/1
f 50/47/1 97/48/1 96/45/1
f 49/49/1 97/48/1 50/47/1
f 122/50/1 97/48/1 49/49/1
f 122/50/1 98/51/1 97/48/1
f 121/52/1 98/51/1 122/50/1
f 120/53/1 98/51/1 121/52/1
f 120/53/1 99/54/1 98/51/1
f 119/55/1 99/54/1 120/53/1
f 119/55/1 100/56/1 99/54/1
f 118/57/1 100/56/1 119/55/1
f 118/57/1 101/58/1 100/56/1
f 117/59/1 101/58/1 118/57/1
f 116/60/1 101/58/1 117/59/1
f 116/60/1 102/61/1 101/58/1
f 115/62/1 102/61/1 116/60/1
f 115/62/1 103/63/1 102/61/1
f 114/64/1 103/63/1 115/62/1
f 114/64/1 104/65/1 103/63/1
f 113/66/1 104/65/1 114/64/1
f 113/66/1 105/67/1 104/65/1
f 113/66/1 106/68/1 105/67/1
f 112/69/1 106/68/1 113/66/1
f 112/69/1 107/70/1 106/68/1
f 111/71/1 107/70/1 112/69/1
f 111/71/1 108/72/1 107/70/1
f 110/73/1 108/72/1 111/71/1
f 110/73/1 109/74/1 108/72/1
f 11/75/1 13/76/1 12/77/1
f 10/78/1 13/76/1 11/75/1
f 10/78/1 14/79/1 13/76/1
f 9/80/1 14/79/1 10/78/1
f 9/80/1 15/81/1 14/79/1
f 8/82/1 15/81/1 9/80/1
f 8/82/1 16/83/1 15/81/1
f 7/84/1 16/83/1 8/82/1
f 7/84/1 17/85/1 16/83/1
f 6/86/1 17/85/1 7/84/1
f 6/86/1 18/87/1 17/85/1
f 5/88/1 18/87/1 6/86/1
f 5/88/1 19/89/1 18/87/1
f 4/90/1 19/89/1 5/88/1
f 4/90/1 20/91/1 19/89/1
f 3/92/1 20/91/1 4/90/1
f 3/92/1 21/93/1 20/91/1
f 2/94/1 21/93/1 3/92/1
f 2/94/1 22/95/1 21/93/1
f 1/96/1 22/95/1 2/94/1
f 1/96/1 23/97/1 22/95/1
f 48/98/1 23/97/1 1/96/1
f 48/98/1 24/99/1 23/97/1
f 48/98/1 25/100/1 24/99/1
f 47/101/1 25/100/1 48/98/1
f 47/101/1 26/102/1 25/100/1
f 46/103/1 26/102/1 47/101/1
f 46/103/1 27/104/1 26/102/1
f 45/105/1 27/104/1 46/103/1
f 45/105/1 28/106/1 27/104/1
f 44/107/1 28/106/1 45/105/1
f 44/107/1 29/108/1 28/106/1
f 43/109/1 29/108/1 44/107/1
f 43/109/1 30/110/1 29/108/1
f 42/111/1 30/110/1 43/109/1
f 42/111/1 31/112/1 30/110/1
f 41/113/1 31/112/1 42/111/1
f 41/113/1 32/114/1 31/112/1
f 40/115/1 32/114/1 41/113/1
f 40/115/1 33/116/1 32/114/1
f 39/117/1 33/116/1 40/115/1
f 39/117/1 34/118/1 33/116/1
f 38/119/1 34/118/1 39/117/1
f 38/119/1 35/120/1 34/118/1
f 37/121/1 35/120/1 38/119/1
f 37/121/1 36/122/1 35/120/1
f 205/123/1 207/124/1 206/125/1
f 205/123/1 208/126/1 207/124/1
f 204/127/1 208/126/1 205/123/1
f 204/127/1 209/128/1 208/126/1
f 203/129/1 209/128/1 204/127/1
f 203/129/1 210/130/1 209/128/1
f 202/131/1 210/130/1 203/129/1
f 202/131/1 211/132/1 210/130/1
f 201/133/1 211/132/1 202/131/1
f 201/133/1 267/134/1 211/132/1
f 267/134/1 212/135/1 211/132/1
f 200/136/1 158/137/1 201/133/1
f 158/137/1 267/134/1 201/133/1
f 158/137/1 268/138/1 267/134/1
f 266/139/1 212/135/1 267/134/1
f 200/136/1 159/140/1 158/137/1
f 157/141/1 268/138/1 158/137/1
f 265/142/1 212/135/1 266/139/1
f 200/136/1 160/143/1 159/140/1
f 264/144/1 212/135/1 265/142/1
f 156/145/1 268/138/1 157/141/1
f 156/145/1 269/146/1 268/138/1
f 264/144/1 213/147/1 212/135/1
f 200/136/1 161/148/1 160/143/1
f 263/149/1 213/147/1 264/144/1
f 199/150/1 161/148/1 200/136/1
f 155/151/1 269/146/1 156/145/1
f 155/151/1 270/152/1 269/146/1
f 199/150/1 162/153/1 161/148/1
f 262/154/1 213/147/1 263/149/1
f 262/154/1 214/155/1 213/147/1
f 154/156/1 270/152/1 155/151/1
f 199/150/1 163/157/1 162/153/1
f 154/156/1 271/158/1 270/152/1
f 261/159/1 214/155/1 262/154/1
f 198/160/1 163/157/1 199/150/1
f 153/161/1 271/158/1 154/156/1
f 153/161/1 272/162/1 271/158/1
f 198/160/1 164/163/1 163/157/1
f 260/164/1 214/155/1 261/159/1
f 260/164/1 215/165/1 214/155/1
f 152/166/1 272/162/1 153/161/1
f 152/166/1 273/167/1 272/162/1
f 259/168/1 215/165/1 260/164/1
f 197/169/1 164/163/1 198/160/1
f 197/169/1 165/170/1 164/163/1
f 151/171/1 273/167/1 152/166/1
f 151/171/1 274/172/1 273/167/1
f 259/168/1 216/173/1 215/165/1
f 258/174/1 216/173/1 259/168/1
f 197/169/1 166/175/1 165/170/1
f 150/176/1 274/172/1 151/171/1
f 150/176/1 275/177/1 274/172/1
f 196/178/1 166/175/1 197/169/1
f 149/179/1 275/177/1 150/176/1
f 257/180/1 216/173/1 258/174/1
f 196/178/1 167/181/1 166/175/1
f 257/180/1 217/182/1 216/173/1
f 149/179/1 276/183/1 275/177/1
f 148/184/1 276/183/1 149/179/1
f 148/184/1 277/185/1 276/183/1
f 256/186/1 217/182/1 257/180/1
f 196/178/1 168/187/1 167/181/1
f 195/188/1 168/187/1 196/178/1
f 147/189/1 277/185/1 148/184/1
f 256/186/1 218/190/1 217/182/1
f 147/189/1 278/191/1 277/185/1
f 146/192/1 278/191/1 147/189/1
f 255/193/1 218/190/1 256/186/1
f 195/188/1 169/194/1 168/187/1
f 146/192/1 279/50/1 278/191/1
f 145/195/1 279/50/1 146/192/1
f 194/196/1 169/194/1 195/188/1
f 254/197/1 218/190/1 255/193/1
f 145/195/1 171/198/1 279/50/1
f 194/196/1 170/199/1 169/194/1
f 254/197/1 219/200/1 218/190/1
f 144/201/1 171/198/1 145/195/1
f 194/196/1 123/96/1 170/199/1
f 253/202/1 219/200/1 254/197/1
f 193/203/1 123/96/1 194/196/1
f 144/201/1 172/204/1 171/198/1
f 143/205/1 172/204/1 144/201/1
f 253/202/1 220/206/1 219/200/1
f 193/203/1 124/207/1 123/96/1
f 252/208/1 220/206/1 253/202/1
f 192/209/1 124/207/1 193/203/1
f 142/210/1 172/204/1 143/205/1
f 192/209/1 125/211/1 124/207/1
f 142/210/1 173/212/1 172/204/1
f 252/208/1 221/213/1 220/206/1
f 251/214/1 221/213/1 252/208/1
f 141/215/1 173/212/1 142/210/1
f 192/209/1 126/216/1 125/211/1
f 191/217/1 126/216/1 192/209/1
f 191/217/1 127/218/1 126/216/1
f 141/215/1 174/219/1 173/212/1
f 140/220/1 174/219/1 141/215/1
f 250/221/1 221/213/1 251/214/1
f 250/221/1 222/222/1 221/213/1
f 191/217/1 128/223/1 127/218/1
f 190/224/1 128/223/1 191/217/1
f 139/225/1 174/219/1 140/220/1
f 190/224/1 129/226/1 128/223/1
f 249/227/1 222/222/1 250/221/1
f 139/225/1 175/228/1 174/219/1
f 138/229/1 175/228/1 139/225/1
f 190/224/1 130/230/1 129/226/1
f 189/231/1 130/230/1 190/224/1
f 137/232/1 175/228/1 138/229/1
f 189/231/1 131/233/1 130/230/1
f 249/227/1 223/234/1 222/222/1
f 248/235/1 223/234/1 249/227/1
f 136/236/1 175/228/1 137/232/1
f 189/231/1 132/237/1 131/233/1
f 135/238/1 175/228/1 136/236/1
f 189/231/1 133/239/1 132/237/1
f 135/238/1 176/240/1 175/228/1
f 134/241/1 176/240/1 135/238/1
f 189/231/1 134/241/1 133/239/1
f 189/231/1 176/240/1 134/241/1
f 188/242/1 176/240/1 189/231/1
f 247/243/1 223/234/1 248/235/1
f 247/243/1 224/244/1 223/234/1
f 188/242/1 177/245/1 176/240/1
f 246/246/1 224/244/1 247/243/1
f 187/247/1 177/245/1 188/242/1
f 245/248/1 224/244/1 246/246/1
f 187/247/1 178/249/1 177/245/1
f 186/250/1 178/249/1 187/247/1
f 245/248/1 225/251/1 224/244/1
f 244/252/1 225/251/1 245/248/1
f 186/250/1 179/253/1 178/249/1
f 243/254/1 225/251/1 244/252/1
f 185/255/1 179/253/1 186/250/1
f 242/256/1 225/251/1 243/254/1
f 241/257/1 225/251/1 242/256/1
f 240/258/1 225/251/1 241/257/1
f 239/259/1 225/251/1 240/258/1
f 238/260/1 225/251/1 239/259/1
f 237/261/1 225/251/1 238/260/1
f 185/255/1 180/262/1 179/253/1
f 236/263/1 225/251/1 237/261/1
f 184/264/1 180/262/1 185/255/1
f 236/263/1 226/265/1 225/251/1
f 235/266/1 226/265/1 236/263/1
f 234/267/1 226/265/1 235/266/1
f 233/268/1 226/265/1 234/267/1
f 232/269/1 226/265/1 233/268/1
f 231/270/1 226/265/1 232/269/1
f 230/271/1 226/265/1 231/270/1
f 184/264/1 181/272/1 180/262/1
f 183/273/1 181/272/1 184/264/1
f 183/273/1 182/274/1 181/272/1
f 230/271/1 227/275/1 226/265/1
f 230/271/1 228/276/1 227/275/1
f 230/271/1 229/277/1 228/276/1
f 350/278/1 352/279/1 351/280/1
f 349/281/1 352/279/1 350/278/1
f 348/282/1 352/279/1 349/281/1
f 347/283/1 352/279/1 348/282/1
f 346/284/1 352/279/1 347/283/1
f 345/285/1 352/279/1 346/284/1
f 344/286/1 352/279/1 345/285/1
f 343/287/1 352/279/1 344/286/1
f 342/288/1 352/279/1 343/287/1
f 341/289/1 352/279/1 342/288/1
f 340/290/1 352/279/1 341/289/1
f 339/291/1 352/279/1 340/290/1
f 338/292/1 352/279/1 339/291/1
f 337/293/1 352/279/1 338/292/1
f 336/294/1 352/279/1 337/293/1
f 335/295/1 352/279/1 336/294/1
f 334/296/1 352/279/1 335/295/1
f 333/297/1 352/279/1 334/296/1
f 533/298/1 535/299/1 534/300/1
f 332/301/1 352/279/1 333/297/1
f 331/302/1 352/279/1 332/301/1
f 533/298/1 536/303/1 535/299/1
f 533/298/1 537/304/1 536/303/1
f 330/305/1 352/279/1 331/302/1
f 533/298/1 538/306/1 537/304/1
f 533/298/1 539/307/1 538/306/1
f 329/308/1 352/279/1 330/305/1
f 533/298/1 540/309/1 539/307/1
f 533/298/1 541/310/1 540/309/1
f 328/311/1 352/279/1 329/308/1
f 533/298/1 542/312/1 541/310/1
f 533/298/1 543/313/1 542/312/1
f 533/298/1 544/314/1 543/313/1
f 546/50/1 352/279/1 328/311/1
f 533/298/1 545/315/1 544/314/1
f 533/298/1 546/50/1 545/315/1
f 533/298/1 532/316/1 546/50/1
f 532/316/1 531/317/1 546/50/1
f 531/317/1 530/318/1 546/50/1
f 530/318/1 529/319/1 546/50/1
f 529/319/1 528/320/1 546/50/1
f 528/320/1 527/321/1 546/50/1
f 527/321/1 352/279/1 546/50/1
f 527/321/1 526/322/1 352/279/1
f 526/322/1 525/323/1 352/279/1
f 525/323/1 353/324/1 352/279/1
f 525/323/2 524/325/2 353/324/2
f 524/325/1 354/326/1 353/324/1
f 524/325/1 523/327/1 354/326/1
f 523/327/1 355/328/1 354/326/1
f 523/327/1 356/329/1 355/328/1
f 523/327/1 522/330/1 356/329/1
f 522/330/1 508/331/1 356/329/1
f 508/331/1 357/332/1 356/329/1
f 508/331/1 358/333/1 357/332/1
f 508/331/1 359/334/1 358/333/1
f 522/330/2 520/335/2 508/331/2
f 520/335/1 519/336/1 508/331/1
f 519/336/1 518/337/1 508/331/1
f 518/337/1 517/338/1 508/331/1
f 517/338/1 516/339/1 508/331/1
f 516/339/1 515/340/1 508/331/1
f 515/340/1 514/341/1 508/331/1
f 514/341/1 513/342/1 508/331/1
f 513/342/1 512/343/1 508/331/1
f 512/343/1 511/344/1 508/331/1
f 511/344/1 507/345/1 508/331/1
f 509/346/1 510/347/1 508/331/1
f 510/347/1 359/334/1 508/331/1
f 510/347/1 360/348/1 359/334/1
f 511/344/1 360/348/1 510/347/1
f 507/345/1 360/348/1 511/344/1
f 507/345/1 361/349/1 360/348/1
f 507/345/1 362/350/1 361/349/1
f 507/345/1 363/351/1 362/350/1
f 522/330/1 521/352/1 520/335/1
f 506/353/1 363/351/1 507/345/1
f 506/353/1 364/354/1 363/351/1
f 506/353/1 365/355/1 364/354/1
f 506/353/1 366/356/1 365/355/1
f 505/357/1 366/356/1 506/353/1
f 505/357/1 367/358/1 366/356/1
f 504/359/1 367/358/1 505/357/1
f 504/359/1 368/360/1 367/358/1
f 503/361/1 368/360/1 504/359/1
f 503/361/1 369/362/1 368/360/1
f 502/363/1 369/362/1 503/361/1
f 502/363/1 370/364/1 369/362/1
f 501/365/1 370/364/1 502/363/1
f 501/365/1 371/366/1 370/364/1
f 500/367/1 371/366/1 501/365/1
f 500/367/1 372/368/1 371/366/1
f 499/369/1 372/368/1 500/367/1
f 498/370/1 372/368/1 499/369/1
f 498/370/1 373/371/1 372/368/1
f 497/372/1 373/371/1 498/370/1
f 497/372/1 374/373/1 373/371/1
f 496/374/1 374/373/1 497/372/1
f 495/375/1 374/373/1 496/374/1
f 495/375/1 379/376/1 374/373/1
f 379/376/1 375/377/1 374/373/1
f 387/378/1 389/379/1 388/380/1
f 386/381/1 389/379/1 387/378/1
f 385/382/1 389/379/1 386/381/1
f 384/383/1 389/379/1 385/382/1
f 383/384/1 389/379/1 384/383/1
f 383/384/1 390/385/1 389/379/1
f 382/386/1 390/385/1 383/384/1
f 381/387/1 390/385/1 382/386/1
f 380/388/1 390/385/1 381/387/1
f 380/388/1 391/389/1 390/385/1
f 379/376/1 391/389/1 380/388/1
f 377/390/1 378/391/1 376/392/1
f 378/391/1 379/376/1 376/392/1
f 379/376/1 375/377/1 376/392/1
f 494/393/1 379/376/1 495/375/1
f 494/393/1 391/389/1 379/376/1
f 494/393/1 392/394/1 391/389/1
f 493/395/1 392/394/1 494/393/1
f 493/395/1 393/396/1 392/394/1
f 492/397/1 393/396/1 493/395/1
f 492/397/1 394/398/1 393/396/1
f 491/399/1 394/398/1 492/397/1
f 491/399/1 472/400/1 394/398/1
f 472/400/1 471/401/1 394/398/1
f 471/401/1 395/402/1 394/398/1
f 491/399/1 473/403/1 472/400/1
f 491/399/1 474/404/1 473/403/1
f 470/405/1 395/402/1 471/401/1
f 491/399/1 475/406/1 474/404/1
f 469/407/1 395/402/1 470/405/1
f 490/408/1 475/406/1 491/399/1
f 468/409/1 395/402/1 469/407/1
f 490/408/1 476/410/1 475/406/1
f 468/409/1 396/411/1 395/402/1
f 467/412/1 396/411/1 468/409/1
f 490/408/1 477/413/1 476/410/1
f 489/414/1 477/413/1 490/408/1
f 466/415/1 396/411/1 467/412/1
f 489/414/1 478/416/1 477/413/1
f 466/415/1 397/417/1 396/411/1
f 465/418/1 397/417/1 466/415/1
f 488/419/1 478/416/1 489/414/1
f 488/419/1 479/420/1 478/416/1
f 464/421/1 397/417/1 465/418/1
f 464/421/1 398/422/1 397/417/1
f 488/419/1 480/423/1 479/420/1
f 487/424/1 480/423/1 488/419/1
f 463/425/1 398/422/1 464/421/1
f 487/424/1 481/426/1 480/423/1
f 486/427/1 481/426/1 487/424/1
f 463/425/1 399/428/1 398/422/1
f 462/429/1 399/428/1 463/425/1
f 485/430/1 481/426/1 486/427/1
f 485/430/1 482/431/1 481/426/1
f 461/432/1 399/428/1 462/429/1
f 461/432/1 400/433/1 399/428/1
f 484/434/1 483/435/1 485/430/1
f 483/435/1 482/431/1 485/430/1
f 460/436/1 400/433/1 461/432/1
f 435/437/1 437/438/1 436/439/1
f 434/440/1 437/438/1 435/437/1
f 434/440/1 438/441/1 437/438/1
f 433/442/1 438/441/1 434/440/1
f 433/442/1 439/443/1 438/441/1
f 432/444/1 439/443/1 433/442/1
f 459/445/1 400/433/1 460/436/1
f 432/444/1 440/446/1 439/443/1
f 459/445/1 401/447/1 400/433/1
f 431/448/1 440/446/1 432/444/1
f 431/448/1 441/449/1 440/446/1
f 430/450/1 441/449/1 431/448/1
f 458/451/1 401/447/1 459/445/1
f 430/450/1 442/452/1 441/449/1
f 429/453/1 442/452/1 430/450/1
f 457/454/1 401/447/1 458/451/1
f 428/455/1 442/452/1 429/453/1
f 457/454/1 402/456/1 401/447/1
f 428/455/1 443/457/1 442/452/1
f 456/458/1 402/456/1 457/454/1
f 427/459/1 280/96/1 428/455/1
f 280/96/1 327/460/1 428/455/1
f 327/460/1 443/457/1 428/455/1
f 327/460/1 326/461/1 443/457/1
f 326/461/1 444/462/1 443/457/1
f 427/459/1 281/463/1 280/96/1
f 325/464/1 444/462/1 326/461/1
f 427/459/1 282/465/1 281/463/1
f 324/466/1 444/462/1 325/464/1
f 427/459/1 283/467/1 282/465/1
f 427/459/1 284/468/1 283/467/1
f 455/469/1 402/456/1 456/458/1
f 426/470/1 284/468/1 427/459/1
f 323/471/1 444/462/1 324/466/1
f 426/470/1 285/472/1 284/468/1
f 322/473/1 444/462/1 323/471/1
f 322/473/1 445/474/1 444/462/1
f 455/469/1 403/475/1 402/456/1
f 426/470/1 286/476/1 285/472/1
f 426/470/1 287/477/1 286/476/1
f 454/478/1 403/475/1 455/469/1
f 321/479/1 445/474/1 322/473/1
f 425/480/1 287/477/1 426/470/1
f 425/480/1 288/481/1 287/477/1
f 425/480/1 289/482/1 288/481/1
f 320/483/1 445/474/1 321/479/1
f 320/483/1 446/484/1 445/474/1
f 453/485/1 403/475/1 454/478/1
f 425/480/1 290/486/1 289/482/1
f 424/487/1 290/486/1 425/480/1
f 319/488/1 446/484/1 320/483/1
f 424/487/1 291/489/1 290/486/1
f 452/490/1 403/475/1 453/485/1
f 452/490/1 404/491/1 403/475/1
f 424/487/1 292/492/1 291/489/1
f 319/488/1 447/493/1 446/484/1
f 318/494/1 447/493/1 319/488/1
f 423/495/1 292/492/1 424/487/1
f 451/496/1 404/491/1 452/490/1
f 423/495/1 293/497/1 292/492/1
f 450/498/1 404/491/1 451/496/1
f 423/495/1 294/499/1 293/497/1
f 317/500/1 447/493/1 318/494/1
f 422/501/1 294/499/1 423/495/1
f 450/498/1 405/502/1 404/491/1
f 317/500/1 448/503/1 447/493/1
f 422/501/1 295/504/1 294/499/1
f 449/505/1 405/502/1 450/498/1
f 422/501/1 296/506/1 295/504/1
f 316/507/1 448/503/1 317/500/1
f 448/503/1 405/502/1 449/505/1
f 316/507/1 405/502/1 448/503/1
f 422/501/1 297/508/1 296/506/1
f 421/509/1 297/508/1 422/501/1
f 421/509/1 298/510/1 297/508/1
f 315/511/1 314/512/1 316/507/1
f 314/512/1 405/502/1 316/507/1
f 421/509/1 299/513/1 298/510/1
f 314/512/1 406/514/1 405/502/1
f 421/509/1 300/515/1 299/513/1
f 421/509/1 301/516/1 300/515/1
f 313/517/1 406/514/1 314/512/1
f 312/518/1 406/514/1 313/517/1
f 311/519/1 406/514/1 312/518/1
f 420/520/1 301/516/1 421/509/1
f 310/521/1 406/514/1 311/519/1
f 420/520/1 302/522/1 301/516/1
f 309/523/1 406/514/1 310/521/1
f 308/524/1 406/514/1 309/523/1
f 307/525/1 406/514/1 308/524/1
f 306/526/1 406/514/1 307/525/1
f 420/520/1 303/527/1 302/522/1
f 305/528/1 406/514/1 306/526/1
f 304/529/1 406/514/1 305/528/1
f 303/527/1 406/514/1 304/529/1
f 420/520/1 406/514/1 303/527/1
f 420/520/1 407/530/1 406/514/1
f 419/531/1 407/530/1 420/520/1
f 418/532/1 407/530/1 419/531/1
f 418/532/1 408/533/1 407/530/1
f 417/534/1 408/533/1 418/532/1
f 417/534/1 409/535/1 408/533/1
f 416/536/1 409/535/1 417/534/1
f 416/536/1 410/537/1 409/535/1
f 415/538/1 410/537/1 416/536/1
f 414/539/1 410/537/1 415/538/1
f 414/539/1 411/540/1 410/537/1
f 413/133/1 411/540/1 414/539/1
f 413/133/1 412/541/1 411/540/1
f 569/542/1 571/543/1 570/544/1
f 568/545/1 571/543/1 569/542/1
f 567/97/1 571/543/1 568/545/1
f 566/546/1 571/543/1 567/97/1
f 565/547/1 571/543/1 566/546/1
f 564/548/1 571/543/1 565/547/1
f 563/549/1 571/543/1 564/548/1
f 562/550/1 571/543/1 563/549/1
f 561/551/1 571/543/1 562/550/1
f 560/552/1 571/543/1 561/551/1
f 559/553/1 571/543/1 560/552/1
f 558/554/1 571/543/1 559/553/1
f 557/77/1 571/543/1 558/554/1
f 556/555/1 571/543/1 557/77/1
f 555/556/1 571/543/1 556/555/1
f 554/557/1 571/543/1 555/556/1
f 553/558/1 571/543/1 554/557/1
f 552/559/1 571/543/1 553/558/1
f 551/560/1 571/543/1 552/559/1
f 550/561/1 571/543/1 551/560/1
f 549/562/1 571/543/1 550/561/1
f 548/563/1 571/543/1 549/562/1
f 547/96/1 571/543/1 548/563/1
f 657/50/1 571/543/1 547/96/1
f 656/564/1 571/543/1 657/50/1
f 655/565/1 571/543/1 656/564/1
f 654/566/1 571/543/1 655/565/1
f 653/567/1 571/543/1 654/566/1
f 652/568/1 571/543/1 653/567/1
f 651/569/1 571/543/1 652/568/1
f 650/570/1 571/543/1 651/569/1
f 649/571/1 571/543/1 650/570/1
f 648/572/1 571/543/1 649/571/1
f 647/71/1 571/543/1 648/572/1
f 646/573/1 571/543/1 647/71/1
f 645/574/1 571/543/1 646/573/1
f 644/575/1 643/576/1 645/574/1
f 643/576/1 642/577/1 645/574/1
f 642/577/1 641/578/1 645/574/1
f 641/578/1 640/579/1 645/574/1
f 640/579/1 639/580/1 645/574/1
f 639/580/1 631/581/1 645/574/1
f 631/581/1 576/582/1 645/574/1
f 576/582/1 575/583/1 645/574/1
f 575/583/1 574/584/1 645/574/1
f 574/584/1 573/585/1 645/574/1
f 573/585/1 572/586/1 645/574/1
f 572/586/1 571/543/1 645/574/1
f 631/581/1 577/118/1 576/582/1
f 631/581/1 578/587/1 577/118/1
f 631/581/1 579/588/1 578/587/1
f 631/581/1 580/589/1 579/588/1
f 631/581/1 581/590/1 580/589/1
f 631/581/1 582/591/1 581/590/1
f 631/581/1 583/592/1 582/591/1
f 639/580/1 638/593/1 631/581/1
f 638/593/1 637/56/1 631/581/1
f 637/56/1 636/594/1 631/581/1
f 636/594/1 635/595/1 631/581/1
f 635/595/1 632/596/1 631/581/1
f 630/597/1 633/598/1 631/581/1
f 633/598/1 583/592/1 631/581/1
f 634/599/3 632/596/3 633/598/3
f 630/597/1 583/592/1 633/598/1
f 635/595/1 634/599/1 632/596/1
f 630/597/1 584/600/1 583/592/1
f 630/597/1 585/601/1 584/600/1
f 629/602/1 585/601/1 630/597/1
f 629/602/1 586/603/1 585/601/1
f 628/604/1 586/603/1 629/602/1
f 628/604/1 587/105/1 586/603/1
f 627/9/1 587/105/1 628/604/1
f 627/9/1 588/605/1 587/105/1
f 626/606/1 588/605/1 627/9/1
f 626/606/1 589/607/1 588/605/1
f 625/608/1 589/607/1 626/606/1
f 625/608/1 590/609/1 589/607/1
f 624/610/1 590/609/1 625/608/1
f 624/610/1 591/611/1 590/609/1
f 623/612/1 591/611/1 624/610/1
f 623/612/1 592/613/1 591/611/1
f 622/614/1 592/613/1 623/612/1
f 622/614/1 593/615/1 592/613/1
f 622/614/1 594/616/1 593/615/1
f 621/617/1 594/616/1 622/614/1
f 621/617/1 595/618/1 594/616/1
f 620/619/1 595/618/1 621/617/1
f 620/619/1 596/620/1 595/618/1
f 619/621/1 596/620/1 620/619/1
f 619/621/1 597/31/1 596/620/1
f 618/622/1 597/31/1 619/621/1
f 618/622/1 598/623/1 597/31/1
f 618/622/1 599/624/1 598/623/1
f 617/13/1 599/624/1 618/622/1
f 617/13/1 600/625/1 599/624/1
f 616/626/1 600/625/1 617/13/1
f 616/626/1 601/627/1 600/625/1
f 616/626/1 602/133/1 601/627/1
f 615/628/1 602/133/1 616/626/1
f 615/628/1 603/629/1 602/133/1
f 615/628/1 604/630/1 603/629/1
f 615/628/1 605/631/1 604/630/1
f 614/632/1 605/631/1 615/628/1
f 614/632/1 606/633/1 605/631/1
f 614/632/1 607/35/1 606/633/1
f 614/632/1 608/634/1 607/35/1
f 613/635/1 608/634/1 614/632/1
f 612/636/1 608/634/1 613/635/1
f 611/637/1 608/634/1 612/636/1
f 610/638/1 608/634/1 611/637/1
f 609/639/1 608/634/1 610/638/1
f 793/640/1 795/641/1 794/642/1
f 793/640/1 796/643/1 795/641/1
f 792/644/1 796/643/1 793/640/1
f 792/644/1 797/645/1 796/643/1
f 791/646/1 797/645/1 792/644/1
f 791/646/1 798/647/1 797/645/1
f 696/648/1 698/649/1 697/650/1
f 790/651/1 798/647/1 791/646/1
f 790/651/1 799/652/1 798/647/1
f 789/653/1 799/652/1 790/651/1
f 789/653/1 800/654/1 799/652/1
f 696/648/1 699/655/1 698/649/1
f 788/656/1 800/654/1 789/653/1
f 788/656/1 801/657/1 800/654/1
f 696/648/1 700/658/1 699/655/1
f 787/659/1 801/657/1 788/656/1
f 787/659/1 802/660/1 801/657/1
f 695/661/1 700/658/1 696/648/1
f 786/662/1 802/660/1 787/659/1
f 695/661/1 701/663/1 700/658/1
f 786/662/1 803/664/1 802/660/1
f 785/665/1 803/664/1 786/662/1
f 785/665/1 804/666/1 803/664/1
f 670/667/1 672/668/1 671/669/1
f 695/661/1 702/670/1 701/663/1
f 694/671/1 702/670/1 695/661/1
f 784/672/1 804/666/1 785/665/1
f 784/672/1 805/673/1 804/666/1
f 783/674/1 805/673/1 784/672/1
f 783/674/1 806/675/1 805/673/1
f 693/676/1 702/670/1 694/671/1
f 693/676/1 703/677/1 702/670/1
f 670/667/1 673/678/1 672/668/1
f 782/679/1 806/675/1 783/674/1
f 782/679/1 807/50/1 806/675/1
f 692/680/1 703/677/1 693/676/1
f 670/667/1 674/681/1 673/678/1
f 692/680/1 704/682/1 703/677/1
f 781/683/1 807/50/1 782/679/1
f 781/683/1 710/684/1 807/50/1
f 669/685/1 674/681/1 670/667/1
f 691/686/1 704/682/1 692/680/1
f 669/685/1 675/687/1 674/681/1
f 691/686/1 705/688/1 704/682/1
f 668/689/1 675/687/1 669/685/1
f 690/690/1 705/688/1 691/686/1
f 668/689/1 676/691/1 675/687/1
f 690/690/1 706/692/1 705/688/1
f 780/693/1 710/684/1 781/683/1
f 780/693/1 711/694/1 710/684/1
f 667/695/1 676/691/1 668/689/1
f 689/696/1 706/692/1 690/690/1
f 667/695/1 677/697/1 676/691/1
f 689/696/1 707/698/1 706/692/1
f 666/699/1 677/697/1 667/695/1
f 688/700/1 707/698/1 689/696/1
f 666/699/1 678/701/1 677/697/1
f 688/700/1 708/702/1 707/698/1
f 665/703/1 678/701/1 666/699/1
f 779/704/1 711/694/1 780/693/1
f 687/705/1 708/702/1 688/700/1
f 779/704/1 712/706/1 711/694/1
f 665/703/1 679/707/1 678/701/1
f 687/705/1 709/708/1 708/702/1
f 664/709/1 679/707/1 665/703/1
f 686/710/1 709/708/1 687/705/1
f 664/709/1 680/711/1 679/707/1
f 663/712/1 680/711/1 664/709/1
f 686/710/1 685/713/1 709/708/1
f 685/713/1 684/714/1 709/708/1
f 663/712/1 681/715/1 680/711/1
f 662/716/1 681/715/1 663/712/1
f 778/717/1 712/706/1 779/704/1
f 778/717/1 713/718/1 712/706/1
f 662/716/1 682/719/1 681/715/1
f 661/720/1 682/719/1 662/716/1
f 661/720/1 683/721/1 682/719/1
f 660/722/1 683/721/1 661/720/1
f 659/723/1 683/721/1 660/722/1
f 659/723/1 658/96/1 683/721/1
f 777/724/1 713/718/1 778/717/1
f 777/724/1 714/725/1 713/718/1
f 776/726/1 714/725/1 777/724/1
f 776/726/1 715/727/1 714/725/1
f 776/726/1 716/728/1 715/727/1
f 775/729/1 716/728/1 776/726/1
f 775/729/1 717/730/1 716/728/1
f 774/731/1 717/730/1 775/729/1
f 774/731/1 718/732/1 717/730/1
f 773/733/1 718/732/1 774/731/1
f 773/733/1 719/734/1 718/732/1
f 772/735/1 719/734/1 773/733/1
f 772/735/1 720/736/1 719/734/1
f 771/737/1 720/736/1 772/735/1
f 744/738/1 746/739/1 745/740/1
f 771/737/1 721/741/1 720/736/1
f 743/742/1 746/739/1 744/738/1
f 770/743/1 721/741/1 771/737/1
f 742/744/1 746/739/1 743/742/1
f 770/743/1 722/745/1 721/741/1
f 769/746/1 722/745/1 770/743/1
f 742/744/1 747/747/1 746/739/1
f 741/748/1 747/747/1 742/744/1
f 769/746/1 723/749/1 722/745/1
f 740/750/1 747/747/1 741/748/1
f 740/750/1 748/751/1 747/747/1
f 769/746/1 724/752/1 723/749/1
f 768/753/1 724/752/1 769/746/1
f 739/754/1 748/751/1 740/750/1
f 739/754/1 749/755/1 748/751/1
f 768/753/1 725/756/1 724/752/1
f 738/757/1 749/755/1 739/754/1
f 767/758/1 725/756/1 768/753/1
f 767/758/1 726/759/1 725/756/1
f 738/757/1 750/760/1 749/755/1
f 737/761/1 750/760/1 738/757/1
f 767/758/1 727/762/1 726/759/1
f 767/758/1 728/763/1 727/762/1
f 736/764/1 750/760/1 737/761/1
f 766/765/1 728/763/1 767/758/1
f 736/764/1 751/766/1 750/760/1
f 766/765/1 729/767/1 728/763/1
f 735/768/1 751/766/1 736/764/1
f 766/765/1 730/769/1 729/767/1
f 734/770/1 751/766/1 735/768/1
f 766/765/1 731/771/1 730/769/1
f 766/765/1 732/772/1 731/771/1
f 733/773/1 751/766/1 734/770/1
f 733/773/1 752/774/1 751/766/1
f 766/765/1 733/773/1 732/772/1
f 766/765/1 752/774/1 733/773/1
f 765/775/1 752/774/1 766/765/1
f 765/775/1 753/776/1 752/774/1
f 764/777/1 753/776/1 765/775/1
f 764/777/1 754/778/1 753/776/1
f 763/779/1 754/778/1 764/777/1
f 763/779/1 755/780/1 754/778/1
f 762/781/1 755/780/1 763/779/1
f 761/782/1 755/780/1 762/781/1
f 761/782/1 756/783/1 755/780/1
f 760/784/1 756/783/1 761/782/1
f 760/784/1 757/785/1 756/783/1
f 759/786/1 757/785/1 760/784/1
f 759/786/1 758/787/1 757/785/1
f 821/788/1 823/789/1 822/790/1
f 821/788/1 820/791/1 823/789/1
f 825/792/1 827/793/1 826/794/1
f 825/792/1 824/795/1 827/793/1
f 856/796/1 832/797/1 857/798/1
f 907/799/1 909/50/1 908/800/1
f 856/796/1 833/801/1 832/797/1
f 856/796/1 834/802/1 833/801/1
f 907/799/1 858/803/1 909/50/1
f 855/804/1 834/802/1 856/796/1
f 855/804/1 835/805/1 834/802/1
f 906/806/1 858/803/1 907/799/1
f 854/807/1 835/805/1 855/804/1
f 854/807/1 836/808/1 835/805/1
f 906/806/1 859/809/1 858/803/1
f 853/810/1 836/808/1 854/807/1
f 853/810/1 837/811/1 836/808/1
f 906/806/1 860/812/1 859/809/1
f 852/813/1 837/811/1 853/810/1
f 852/813/1 838/814/1 837/811/1
f 851/815/1 838/814/1 852/813/1
f 851/815/1 839/816/1 838/814/1
f 905/817/1 860/812/1 906/806/1
f 905/817/1 861/818/1 860/812/1
f 851/815/1 840/819/1 839/816/1
f 850/820/1 840/819/1 851/815/1
f 905/817/1 862/821/1 861/818/1
f 850/820/1 841/822/1 840/819/1
f 849/823/1 841/822/1 850/820/1
f 849/823/1 842/824/1 841/822/1
f 848/825/1 842/824/1 849/823/1
f 905/817/1 863/826/1 862/821/1
f 904/827/1 863/826/1 905/817/1
f 848/825/1 843/828/1 842/824/1
f 847/829/1 843/828/1 848/825/1
f 904/827/1 864/830/1 863/826/1
f 846/831/1 843/828/1 847/829/1
f 846/831/1 845/832/1 843/828/1
f 845/832/1 844/833/1 843/828/1
f 904/827/1 865/834/1 864/830/1
f 903/835/1 865/834/1 904/827/1
f 829/836/1 831/837/1 830/838/1
f 829/836/1 828/839/1 831/837/1
f 903/835/1 866/840/1 865/834/1
f 903/835/1 867/841/1 866/840/1
f 902/842/1 867/841/1 903/835/1
f 902/842/1 868/843/1 867/841/1
f 902/842/1 869/844/1 868/843/1
f 901/845/1 869/844/1 902/842/1
f 901/845/1 873/846/1 869/844/1
f 873/846/1 870/847/1 869/844/1
f 900/848/1 873/846/1 901/845/1
f 899/849/1 873/846/1 900/848/1
f 898/850/1 873/846/1 899/849/1
f 897/851/1 873/846/1 898/850/1
f 897/851/1 874/852/1 873/846/1
f 872/853/1 870/847/1 873/846/1
f 871/854/1 870/847/1 872/853/1
f 896/855/1 874/852/1 897/851/1
f 896/855/1 875/856/1 874/852/1
f 896/855/1 876/857/1 875/856/1
f 896/855/1 877/858/1 876/857/1
f 895/859/1 877/858/1 896/855/1
f 895/859/1 878/860/1 877/858/1
f 894/861/1 878/860/1 895/859/1
f 893/862/1 878/860/1 894/861/1
f 893/862/1 879/863/1 878/860/1
f 892/864/1 879/863/1 893/862/1
f 892/864/1 880/865/1 879/863/1
f 891/866/1 880/865/1 892/864/1
f 890/867/1 880/865/1 891/866/1
f 890/867/1 881/868/1 880/865/1
f 889/869/1 881/868/1 890/867/1
f 889/869/1 882/870/1 881/868/1
f 888/871/1 882/870/1 889/869/1
f 887/872/1 882/870/1 888/871/1
f 887/872/1 883/873/1 882/870/1
f 886/874/1 883/873/1 887/872/1
f 885/875/1 883/873/1 886/874/1
f 885/875/1 884/876/1 883/873/1
f 813/877/1 817/878/1 814/879/1
f 817/878/1 815/880/1 814/879/1
f 817/878/1 816/881/1 815/880/1
f 816/881/1 808/96/1 815/880/1
f 813/877/1 818/882/1 817/878/1
f 819/883/1 808/96/1 816/881/1
f 813/877/1 811/884/1 818/882/1
f 811/884/1 819/883/1 818/882/1
f 811/884/1 810/885/1 819/883/1
f 810/885/1 808/96/1 819/883/1
f 813/877/1 812/886/1 811/884/1
f 809/887/1 808/96/1 810/885/1
f 1057/888/1 1033/889/1 1058/275/1
f 1045/890/1 1047/891/1 1046/892/1
f 1056/893/1 1033/889/1 1057/888/1
f 1045/890/1 1048/894/1 1047/891/1
f 1055/895/1 1033/889/1 1056/893/1
f 1045/890/1 1049/896/1 1048/894/1
f 1054/897/1 1033/889/1 1055/895/1
f 1045/890/1 1050/898/1 1049/896/1
f 1053/899/1 1033/889/1 1054/897/1
f 1045/890/1 1051/900/1 1050/898/1
f 1052/901/1 1033/889/1 1053/899/1
f 1045/890/1 1052/901/1 1051/900/1
f 1045/890/1 1033/889/1 1052/901/1
f 1045/890/1 1034/902/1 1033/889/1
f 1044/903/1 1034/902/1 1045/890/1
f 1044/903/1 1035/904/1 1034/902/1
f 1043/905/1 1035/904/1 1044/903/1
f 1043/905/1 1036/906/1 1035/904/1
f 1042/907/1 1036/906/1 1043/905/1
f 1042/907/1 1037/908/1 1036/906/1
f 1041/909/1 1037/908/1 1042/907/1
f 1041/909/1 1038/910/1 1037/908/1
f 1040/911/1 1038/910/1 1041/909/1
f 1040/911/1 1039/912/1 1038/910/1
f 1118/913/1 1120/914/1 1119/915/1
f 1118/913/1 1121/916/1 1120/914/1
f 1117/917/1 1121/916/1 1118/913/1
f 1117/917/1 1122/918/1 1121/916/1
f 1116/919/1 1122/918/1 1117/917/1
f 1116/919/1 1123/920/1 1122/918/1
f 1115/921/1 1123/920/1 1116/919/1
f 1115/921/1 1124/922/1 1123/920/1
f 1115/921/1 1125/923/1 1124/922/1
f 1114/924/1 1125/923/1 1115/921/1
f 1114/924/1 1126/925/1 1125/923/1
f 1113/926/1 1126/925/1 1114/924/1
f 1113/926/1 1127/927/1 1126/925/1
f 1112/928/1 1127/927/1 1113/926/1
f 1112/928/1 1128/929/1 1127/927/1
f 1112/928/1 1129/930/1 1128/929/1
f 1111/931/1 1129/930/1 1112/928/1
f 1111/931/1 1130/932/1 1129/930/1
f 1110/933/1 1130/932/1 1111/931/1
f 1110/933/1 1131/934/1 1130/932/1
f 1109/935/1 1131/934/1 1110/933/1
f 1109/935/1 1132/50/1 1131/934/1
f 1109/935/1 1059/936/1 1132/50/1
f 1108/937/1 1059/936/1 1109/935/1
f 1107/938/1 1059/936/1 1108/937/1
f 1107/938/1 1060/939/1 1059/936/1
f 1106/940/1 1060/939/1 1107/938/1
f 1106/940/1 1061/941/1 1060/939/1
f 1106/940/1 1062/942/1 1061/941/1
f 1106/940/1 1063/943/1 1062/942/1
f 1105/944/1 1063/943/1 1106/940/1
f 1105/944/1 1064/945/1 1063/943/1
f 1081/946/1 1083/947/1 1082/948/1
f 1105/944/1 1065/949/1 1064/945/1
f 1080/950/1 1083/947/1 1081/946/1
f 1105/944/1 1066/951/1 1065/949/1
f 1079/952/1 1083/947/1 1080/950/1
f 1104/953/1 1066/951/1 1105/944/1
f 1078/954/1 1083/947/1 1079/952/1
f 1104/953/1 1067/955/1 1066/951/1
f 1077/956/1 1083/947/1 1078/954/1
f 1076/957/1 1083/947/1 1077/956/1
f 1104/953/1 1068/958/1 1067/955/1
f 1075/959/1 1083/947/1 1076/957/1
f 1074/960/1 1083/947/1 1075/959/1
f 1104/953/1 1069/961/1 1068/958/1
f 1073/962/1 1083/947/1 1074/960/1
f 1072/963/1 1083/947/1 1073/962/1
f 1104/953/1 1070/964/1 1069/961/1
f 1071/965/1 1083/947/1 1072/963/1
f 1070/964/1 1083/947/1 1071/965/1
f 1104/953/1 1083/947/1 1070/964/1
f 1103/966/1 1083/947/1 1104/953/1
f 1102/967/1 1083/947/1 1103/966/1
f 1101/968/1 1083/947/1 1102/967/1
f 1100/969/1 1083/947/1 1101/968/1
f 1099/970/1 1083/947/1 1100/969/1
f 1099/970/1 1084/971/1 1083/947/1
f 1098/972/1 1084/971/1 1099/970/1
f 1098/972/1 1085/973/1 1084/971/1
f 1098/972/1 1086/974/1 1085/973/1
f 1098/972/1 1087/975/1 1086/974/1
f 1097/976/1 1087/975/1 1098/972/1
f 1097/976/1 1088/977/1 1087/975/1
f 1097/976/1 1089/978/1 1088/977/1
f 1097/976/1 1090/979/1 1089/978/1
f 1096/980/1 1090/979/1 1097/976/1
f 1096/980/1 1091/981/1 1090/979/1
f 1096/980/1 1092/982/1 1091/981/1
f 1096/980/1 1093/983/1 1092/982/1
f 1095/202/1 1093/983/1 1096/980/1
f 1095/202/1 1094/984/1 1093/983/1
f 1018/985/1 1020/986/1 1019/987/1
f 1018/985/1 1021/133/1 1020/986/1
f 1017/988/1 1021/133/1 1018/985/1
f 1016/989/1 1021/133/1 1017/988/1
f 1016/989/1 1022/990/1 1021/133/1
f 1015/991/1 1022/990/1 1016/989/1
f 1015/991/1 1023/992/1 1022/990/1
f 1014/993/1 1023/992/1 1015/991/1
f 1014/993/1 1024/994/1 1023/992/1
f 1013/995/1 1024/994/1 1014/993/1
f 1013/995/1 1025/996/1 1024/994/1
f 1012/997/1 1025/996/1 1013/995/1
f 1012/997/1 1026/998/1 1025/996/1
f 1011/999/1 1026/998/1 1012/997/1
f 1011/999/1 1027/1000/1 1026/998/1
f 1010/1001/1 1027/1000/1 1011/999/1
f 1010/1001/1 1028/1002/1 1027/1000/1
f 1009/1003/1 1028/1002/1 1010/1001/1
f 1009/1003/1 1029/1004/1 1028/1002/1
f 1008/1005/1 1029/1004/1 1009/1003/1
f 1008/1005/1 1030/1006/1 1029/1004/1
f 1007/1007/1 1030/1006/1 1008/1005/1
f 1007/1007/1 1031/1008/1 1030/1006/1
f 1006/1009/1 1031/1008/1 1007/1007/1
f 1006/1009/1 1032/1010/1 1031/1008/1
f 1006/1009/1 910/96/1 1032/1010/1
f 1005/1011/1 910/96/1 1006/1009/1
f 1005/1011/1 911/1012/1 910/96/1
f 1004/1013/1 911/1012/1 1005/1011/1
f 1004/1013/1 912/1014/1 911/1012/1
f 1003/1015/1 912/1014/1 1004/1013/1
f 1003/1015/1 913/1016/1 912/1014/1
f 1002/1017/1 913/1016/1 1003/1015/1
f 1002/1017/1 914/1018/1 913/1016/1
f 1001/1019/1 914/1018/1 1002/1017/1
f 1001/1019/1 915/1020/1 914/1018/1
f 1000/1021/1 915/1020/1 1001/1019/1
f 1000/1021/1 916/1022/1 915/1020/1
f 999/1023/1 916/1022/1 1000/1021/1
f 999/1023/1 917/1024/1 916/1022/1
f 998/1025/1 917/1024/1 999/1023/1
f 998/1025/1 918/1026/1 917/1024/1
f 997/1027/1 918/1026/1 998/1025/1
f 997/1027/1 919/1028/1 918/1026/1
f 996/1029/1 919/1028/1 997/1027/1
f 996/1029/1 920/1030/1 919/1028/1
f 996/1029/1 921/1031/1 920/1030/1
f 995/1032/1 921/1031/1 996/1029/1
f 944/1033/1 946/1034/1 945/1035/1
f 995/1032/1 922/1036/1 921/1031/1
f 943/1037/1 946/1034/1 944/1033/1
f 995/1032/1 923/1038/1 922/1036/1
f 942/1039/1 946/1034/1 943/1037/1
f 994/1040/1 923/1038/1 995/1032/1
f 942/1039/1 947/179/1 946/1034/1
f 994/1040/1 924/1041/1 923/1038/1
f 941/1042/1 947/179/1 942/1039/1
f 994/1040/1 925/1043/1 924/1041/1
f 940/1044/1 947/179/1 941/1042/1
f 994/1040/1 926/1045/1 925/1043/1
f 940/1044/1 948/1046/1 947/179/1
f 993/1047/1 926/1045/1 994/1040/1
f 939/1048/1 948/1046/1 940/1044/1
f 993/1047/1 927/1049/1 926/1045/1
f 938/1050/1 948/1046/1 939/1048/1
f 938/1050/1 949/1051/1 948/1046/1
f 993/1047/1 928/1052/1 927/1049/1
f 937/1053/1 949/1051/1 938/1050/1
f 992/1054/1 928/1052/1 993/1047/1
f 992/1054/1 929/1055/1 928/1052/1
f 937/1053/1 950/1056/1 949/1051/1
f 936/1057/1 950/1056/1 937/1053/1
f 992/1054/1 930/1058/1 929/1055/1
f 935/1059/1 950/1056/1 936/1057/1
f 992/1054/1 933/1060/1 930/1058/1
f 933/1060/2 931/1061/2 930/1058/2
f 992/1054/1 934/1062/1 933/1060/1
f 932/1063/1 931/1061/1 933/1060/1
f 935/1059/1 951/1064/1 950/1056/1
f 991/1065/1 934/1062/1 992/1054/1
f 934/1062/1 951/1064/1 935/1059/1
f 991/1065/1 951/1064/1 934/1062/1
f 991/1065/1 952/1066/1 951/1064/1
f 990/1067/1 952/1066/1 991/1065/1
f 990/1067/1 953/1068/1 952/1066/1
f 990/1067/1 954/1069/1 953/1068/1
f 989/1070/1 954/1069/1 990/1067/1
f 989/1070/1 955/1071/1 954/1069/1
f 988/1072/1 955/1071/1 989/1070/1
f 988/1072/1 956/1073/1 955/1071/1
f 988/1072/1 957/1074/1 956/1073/1
f 987/1075/1 957/1074/1 988/1072/1
f 987/1075/1 958/1076/1 957/1074/1
f 986/1077/1 958/1076/1 987/1075/1
f 986/1077/1 959/1078/1 958/1076/1
f 986/1077/1 960/1079/1 959/1078/1
f 986/1077/1 961/1080/1 960/1079/1
f 986/1077/1 962/1081/1 961/1080/1
f 986/1077/1 963/1082/1 962/1081/1
f 986/1077/1 964/1083/1 963/1082/1
f 986/1077/1 965/1084/1 964/1083/1
f 985/1085/1 965/1084/1 986/1077/1
f 985/1085/1 966/1086/1 965/1084/1
f 985/1085/1 967/1087/1 966/1086/1
f 985/1085/1 968/1088/1 967/1087/1
f 985/1085/1 969/1089/1 968/1088/1
f 985/1085/1 970/1090/1 969/1089/1
f 985/1085/1 971/1091/1 970/1090/1
f 985/1085/1 972/1092/1 971/1091/1
f 984/228/1 972/1092/1 985/1085/1
f 984/228/1 973/1093/1 972/1092/1
f 984/228/1 974/1094/1 973/1093/1
f 984/228/1 975/1095/1 974/1094/1
f 984/228/1 976/1096/1 975/1095/1
f 984/228/1 977/1097/1 976/1096/1
f 984/228/1 978/1098/1 977/1097/1
f 983/1099/1 978/1098/1 984/228/1
f 983/1099/1 979/1100/1 978/1098/1
f 983/1099/1 980/1101/1 979/1100/1
f 983/1099/1 981/1102/1 980/1101/1
f 983/1099/1 982/1103/1 981/1102/1
f 1417/654/1 1419/657/1 1418/1104/1
f 1417/654/1 1420/1105/1 1419/657/1
f 1416/1106/1 1420/1105/1 1417/654/1
f 1416/1106/1 1421/660/1 1420/1105/1
f 1415/652/1 1421/660/1 1416/1106/1
f 1415/652/1 1422/1107/1 1421/660/1
f 1414/1108/1 1422/1107/1 1415/652/1
f 1414/1108/1 1423/664/1 1422/1107/1
f 1414/1108/1 1424/1109/1 1423/664/1
f 1413/647/1 1424/1109/1 1414/1108/1
f 1413/647/1 1425/666/1 1424/1109/1
f 1412/1110/1 1425/666/1 1413/647/1
f 1412/1110/1 1426/1111/1 1425/666/1
f 1411/645/1 1426/1111/1 1412/1110/1
f 1411/645/1 1427/673/1 1426/1111/1
f 1410/1112/1 1427/673/1 1411/645/1
f 1410/1112/1 1428/1113/1 1427/673/1
f 1409/643/1 1428/1113/1 1410/1112/1
f 1318/1114/1 1320/1115/1 1319/766/1
f 1409/643/1 1429/675/1 1428/1113/1
f 1317/760/1 1320/1115/1 1318/1114/1
f 1316/1116/1 1320/1115/1 1317/760/1
f 1408/1117/1 1429/675/1 1409/643/1
f 1315/755/1 1320/1115/1 1316/1116/1
f 1314/1118/1 1320/1115/1 1315/755/1
f 1158/1119/1 1134/1120/1 1133/96/1
f 1408/1117/1 1430/1121/1 1429/675/1
f 1313/751/1 1320/1115/1 1314/1118/1
f 1312/1122/1 1320/1115/1 1313/751/1
f 1407/641/1 1430/1121/1 1408/1117/1
f 1311/747/1 1320/1115/1 1312/1122/1
f 1310/1123/1 1320/1115/1 1311/747/1
f 1158/1119/1 1135/723/1 1134/1120/1
f 1309/739/1 1320/1115/1 1310/1123/1
f 1407/641/1 1431/50/1 1430/1121/1
f 1308/1124/1 1320/1115/1 1309/739/1
f 1431/50/1 1320/1115/1 1308/1124/1
f 1407/641/1 1320/1115/1 1431/50/1
f 1158/1119/1 1136/1125/1 1135/723/1
f 1406/1126/1 1320/1115/1 1407/641/1
f 1381/679/1 1383/674/1 1382/1127/1
f 1381/679/1 1384/1128/1 1383/674/1
f 1381/679/1 1385/672/1 1384/1128/1
f 1405/642/1 1320/1115/1 1406/1126/1
f 1404/1129/1 1320/1115/1 1405/642/1
f 1381/679/1 1386/1130/1 1385/672/1
f 1403/640/1 1320/1115/1 1404/1129/1
f 1381/679/1 1387/665/1 1386/1130/1
f 1402/1131/1 1320/1115/1 1403/640/1
f 1158/1119/1 1137/722/1 1136/1125/1
f 1401/644/1 1320/1115/1 1402/1131/1
f 1381/679/1 1388/1132/1 1387/665/1
f 1400/1133/1 1320/1115/1 1401/644/1
f 1381/679/1 1389/662/1 1388/1132/1
f 1399/646/1 1320/1115/1 1400/1133/1
f 1381/679/1 1390/1134/1 1389/662/1
f 1398/1135/1 1320/1115/1 1399/646/1
f 1381/679/1 1391/659/1 1390/1134/1
f 1397/651/1 1320/1115/1 1398/1135/1
f 1381/679/1 1392/1136/1 1391/659/1
f 1396/1137/1 1320/1115/1 1397/651/1
f 1381/679/1 1393/656/1 1392/1136/1
f 1395/653/1 1320/1115/1 1396/1137/1
f 1381/679/1 1394/1138/1 1393/656/1
f 1394/1138/1 1320/1115/1 1395/653/1
f 1381/679/1 1320/1115/1 1394/1138/1
f 1158/1119/1 1138/1139/1 1137/722/1
f 1158/1119/1 1139/720/1 1138/1139/1
f 1158/1119/1 1140/1140/1 1139/720/1
f 1381/679/1 1321/774/1 1320/1115/1
f 1157/667/1 1140/1140/1 1158/1119/1
f 1381/679/1 1322/1141/1 1321/774/1
f 1157/667/1 1141/716/1 1140/1140/1
f 1381/679/1 1323/776/1 1322/1141/1
f 1381/679/1 1324/1142/1 1323/776/1
f 1156/1143/1 1141/716/1 1157/667/1
f 1381/679/1 1325/778/1 1324/1142/1
f 1381/679/1 1326/1144/1 1325/778/1
f 1156/1143/1 1142/1145/1 1141/716/1
f 1381/679/1 1327/780/1 1326/1144/1
f 1155/685/1 1142/1145/1 1156/1143/1
f 1381/679/1 1328/1146/1 1327/780/1
f 1381/679/1 1329/783/1 1328/1146/1
f 1381/679/1 1330/1147/1 1329/783/1
f 1155/685/1 1143/712/1 1142/1145/1
f 1154/1148/1 1143/712/1 1155/685/1
f 1381/679/1 1331/785/1 1330/1147/1
f 1381/679/1 1332/1149/1 1331/785/1
f 1381/679/1 1358/1150/1 1332/1149/1
f 1358/1150/1 1333/787/1 1332/1149/1
f 1154/1148/1 1144/1151/1 1143/712/1
f 1153/689/1 1144/1151/1 1154/1148/1
f 1380/1152/1 1358/1150/1 1381/679/1
f 1380/1152/1 1359/737/1 1358/1150/1
f 1357/743/1 1333/787/1 1358/1150/1
f 1379/683/1 1359/737/1 1380/1152/1
f 1356/1153/1 1333/787/1 1357/743/1
f 1379/683/1 1360/1154/1 1359/737/1
f 1378/1155/1 1360/1154/1 1379/683/1
f 1378/1155/1 1361/735/1 1360/1154/1
f 1377/693/1 1361/735/1 1378/1155/1
f 1377/693/1 1362/1156/1 1361/735/1
f 1376/1157/1 1362/1156/1 1377/693/1
f 1376/1157/1 1363/733/1 1362/1156/1
f 1375/704/1 1363/733/1 1376/1157/1
f 1375/704/1 1364/1158/1 1363/733/1
f 1374/1159/1 1364/1158/1 1375/704/1
f 1374/1159/1 1365/731/1 1364/1158/1
f 1373/717/1 1365/731/1 1374/1159/1
f 1373/717/1 1366/1160/1 1365/731/1
f 1372/1161/1 1366/1160/1 1373/717/1
f 1372/1161/1 1367/729/1 1366/1160/1
f 1371/724/1 1367/729/1 1372/1161/1
f 1371/724/1 1368/1162/1 1367/729/1
f 1370/1163/1 1368/1162/1 1371/724/1
f 1370/1163/1 1369/726/1 1368/1162/1
f 1153/689/1 1145/709/1 1144/1151/1
f 1152/1164/1 1145/709/1 1153/689/1
f 1355/746/1 1333/787/1 1356/1153/1
f 1151/695/1 1145/709/1 1152/1164/1
f 1151/695/1 1150/1165/1 1145/709/1
f 1150/1165/1 1149/699/1 1145/709/1
f 1149/699/1 1148/1166/1 1145/709/1
f 1148/1166/1 1147/703/1 1145/709/1
f 1147/703/1 1146/1167/1 1145/709/1
f 1355/746/1 1334/1168/1 1333/787/1
f 1354/1169/1 1334/1168/1 1355/746/1
f 1293/757/1 1295/754/1 1294/1170/1
f 1293/757/1 1296/1171/1 1295/754/1
f 1354/1169/1 1335/786/1 1334/1168/1
f 1293/757/1 1297/750/1 1296/1171/1
f 1292/1172/1 1297/750/1 1293/757/1
f 1353/753/1 1335/786/1 1354/1169/1
f 1292/1172/1 1298/1173/1 1297/750/1
f 1292/1172/1 1299/748/1 1298/1173/1
f 1353/753/1 1336/1174/1 1335/786/1
f 1291/761/1 1299/748/1 1292/1172/1
f 1291/761/1 1300/1175/1 1299/748/1
f 1291/761/1 1301/744/1 1300/1175/1
f 1352/1176/1 1336/1174/1 1353/753/1
f 1291/761/1 1302/1177/1 1301/744/1
f 1290/1178/1 1302/1177/1 1291/761/1
f 1290/1178/1 1303/742/1 1302/1177/1
f 1352/1176/1 1337/784/1 1336/1174/1
f 1290/1178/1 1304/1179/1 1303/742/1
f 1289/764/1 1304/1179/1 1290/1178/1
f 1289/764/1 1305/738/1 1304/1179/1
f 1351/758/1 1337/784/1 1352/1176/1
f 1289/764/1 1306/1180/1 1305/738/1
f 1289/764/1 1307/740/1 1306/1180/1
f 1288/1181/1 1307/740/1 1289/764/1
f 1288/1181/1 1208/1182/1 1307/740/1
f 1351/758/1 1338/1183/1 1337/784/1
f 1350/1184/1 1338/1183/1 1351/758/1
f 1287/768/1 1208/1182/1 1288/1181/1
f 1286/1185/1 1208/1182/1 1287/768/1
f 1350/1184/1 1339/782/1 1338/1183/1
f 1349/765/1 1339/782/1 1350/1184/1
f 1285/770/1 1208/1182/1 1286/1185/1
f 1348/1186/1 1339/782/1 1349/765/1
f 1348/1186/1 1340/1187/1 1339/782/1
f 1284/1188/1 1208/1182/1 1285/770/1
f 1283/773/1 1208/1182/1 1284/1188/1
f 1347/775/1 1340/1187/1 1348/1186/1
f 1347/775/1 1341/781/1 1340/1187/1
f 1282/133/1 1281/772/1 1283/773/1
f 1281/772/1 1208/1182/1 1283/773/1
f 1269/759/1 1271/762/1 1270/1189/1
f 1269/759/1 1272/1190/1 1271/762/1
f 1269/759/1 1273/763/1 1272/1190/1
f 1269/759/1 1274/1191/1 1273/763/1
f 1269/759/1 1275/767/1 1274/1191/1
f 1268/1192/1 1275/767/1 1269/759/1
f 1268/1192/1 1276/1193/1 1275/767/1
f 1268/1192/1 1277/769/1 1276/1193/1
f 1268/1192/1 1278/1194/1 1277/769/1
f 1268/1192/1 1279/771/1 1278/1194/1
f 1267/756/1 1279/771/1 1268/1192/1
f 1267/756/1 1280/1195/1 1279/771/1
f 1267/756/1 1281/772/1 1280/1195/1
f 1267/756/1 1208/1182/1 1281/772/1
f 1266/1196/1 1208/1182/1 1267/756/1
f 1346/1197/1 1341/781/1 1347/775/1
f 1265/752/1 1208/1182/1 1266/1196/1
f 1346/1197/1 1342/1198/1 1341/781/1
f 1264/1199/1 1208/1182/1 1265/752/1
f 1264/1199/1 1209/648/1 1208/1182/1
f 1345/777/1 1342/1198/1 1346/1197/1
f 1264/1199/1 1210/1200/1 1209/648/1
f 1263/749/1 1210/1200/1 1264/1199/1
f 1263/749/1 1211/650/1 1210/1200/1
f 1345/777/1 1343/779/1 1342/1198/1
f 1262/1201/1 1211/650/1 1263/749/1
f 1262/1201/1 1212/1202/1 1211/650/1
f 1262/1201/1 1213/649/1 1212/1202/1
f 1344/1203/1 1343/779/1 1345/777/1
f 1261/745/1 1159/669/1 1262/1201/1
f 1159/669/1 1207/661/1 1262/1201/1
f 1207/661/1 1213/649/1 1262/1201/1
f 1207/661/1 1206/1204/1 1213/649/1
f 1206/1204/1 1214/1205/1 1213/649/1
f 1205/671/1 1214/1205/1 1206/1204/1
f 1204/1206/1 1214/1205/1 1205/671/1
f 1261/745/1 1160/1207/1 1159/669/1
f 1203/676/1 1214/1205/1 1204/1206/1
f 1202/1208/1 1214/1205/1 1203/676/1
f 1201/680/1 1214/1205/1 1202/1208/1
f 1261/745/1 1161/668/1 1160/1207/1
f 1200/1209/1 1214/1205/1 1201/680/1
f 1199/686/1 1214/1205/1 1200/1209/1
f 1261/745/1 1162/1210/1 1161/668/1
f 1198/1211/1 1214/1205/1 1199/686/1
f 1197/690/1 1214/1205/1 1198/1211/1
f 1197/690/1 1215/655/1 1214/1205/1
f 1261/745/1 1163/678/1 1162/1210/1
f 1196/1212/1 1215/655/1 1197/690/1
f 1195/696/1 1215/655/1 1196/1212/1
f 1194/1213/1 1215/655/1 1195/696/1
f 1260/1214/1 1163/678/1 1261/745/1
f 1260/1214/1 1164/1215/1 1163/678/1
f 1194/1213/1 1216/1216/1 1215/655/1
f 1260/1214/1 1165/681/1 1164/1215/1
f 1260/1214/1 1166/1217/1 1165/681/1
f 1194/1213/1 1217/658/1 1216/1216/1
f 1259/741/1 1166/1217/1 1260/1214/1
f 1259/741/1 1167/687/1 1166/1217/1
f 1194/1213/1 1233/702/1 1217/658/1
f 1233/702/1 1218/1218/1 1217/658/1
f 1259/741/1 1168/1219/1 1167/687/1
f 1194/1213/1 1234/1220/1 1233/702/1
f 1232/1221/1 1218/1218/1 1233/702/1
f 1231/698/1 1218/1218/1 1232/1221/1
f 1193/700/1 1234/1220/1 1194/1213/1
f 1259/741/1 1169/691/1 1168/1219/1
f 1231/698/1 1219/663/1 1218/1218/1
f 1258/1222/1 1169/691/1 1259/741/1
f 1230/1223/1 1219/663/1 1231/698/1
f 1258/1222/1 1170/1224/1 1169/691/1
f 1192/1225/1 1234/1220/1 1193/700/1
f 1230/1223/1 1220/1226/1 1219/663/1
f 1229/692/1 1220/1226/1 1230/1223/1
f 1258/1222/1 1171/697/1 1170/1224/1
f 1191/705/1 1234/1220/1 1192/1225/1
f 1228/1227/1 1220/1226/1 1229/692/1
f 1191/705/1 1235/708/1 1234/1220/1
f 1257/736/1 1171/697/1 1258/1222/1
f 1228/1227/1 1227/688/1 1220/1226/1
f 1227/688/1 1226/1228/1 1220/1226/1
f 1226/1228/1 1225/682/1 1220/1226/1
f 1225/682/1 1224/1229/1 1220/1226/1
f 1224/1229/1 1223/677/1 1220/1226/1
f 1223/677/1 1222/1230/1 1220/1226/1
f 1222/1230/1 1221/670/1 1220/1226/1
f 1257/736/1 1172/1231/1 1171/697/1
f 1190/1232/1 1235/708/1 1191/705/1
f 1257/736/1 1173/701/1 1172/1231/1
f 1190/1232/1 1236/1233/1 1235/708/1
f 1189/710/1 1236/1233/1 1190/1232/1
f 1257/736/1 1174/1234/1 1173/701/1
f 1256/1235/1 1174/1234/1 1257/736/1
f 1188/1236/1 1236/1233/1 1189/710/1
f 1256/1235/1 1175/707/1 1174/1234/1
f 1256/1235/1 1176/1237/1 1175/707/1
f 1187/713/1 1236/1233/1 1188/1236/1
f 1187/713/1 1237/684/1 1236/1233/1
f 1256/1235/1 1177/711/1 1176/1237/1
f 1186/1238/1 1237/684/1 1187/713/1
f 1255/734/1 1177/711/1 1256/1235/1
f 1255/734/1 1178/1239/1 1177/711/1
f 1185/714/1 1237/684/1 1186/1238/1
f 1255/734/1 1179/715/1 1178/1239/1
f 1184/1240/1 1237/684/1 1185/714/1
f 1184/1240/1 1238/1241/1 1237/684/1
f 1255/734/1 1180/1242/1 1179/715/1
f 1183/721/1 1238/1241/1 1184/1240/1
f 1255/734/1 1181/719/1 1180/1242/1
f 1182/1243/1 1238/1241/1 1183/721/1
f 1255/734/1 1182/1243/1 1181/719/1
f 1255/734/1 1238/1241/1 1182/1243/1
f 1254/1244/1 1238/1241/1 1255/734/1
f 1254/1244/1 1239/694/1 1238/1241/1
f 1253/732/1 1239/694/1 1254/1244/1
f 1253/732/1 1240/1245/1 1239/694/1
f 1252/1246/1 1240/1245/1 1253/732/1
f 1252/1246/1 1241/706/1 1240/1245/1
f 1251/730/1 1241/706/1 1252/1246/1
f 1251/730/1 1242/1247/1 1241/706/1
f 1250/1248/1 1242/1247/1 1251/730/1
f 1250/1248/1 1243/718/1 1242/1247/1
f 1249/728/1 1243/718/1 1250/1248/1
f 1249/728/1 1244/1249/1 1243/718/1
f 1248/1250/1 1244/1249/1 1249/728/1
f 1248/1250/1 1245/725/1 1244/1249/1
f 1247/727/1 1245/725/1 1248/1250/1
f 1247/727/1 1246/1251/1 1245/725/1
f 1515/1/4 1516/3/4 1517/2/4
f 1514/4/4 1515/1/4 1517/2/4
f 1514/4/4 1517/2/4 1518/5/4
f 1513/6/4 1514/4/4 1518/5/4
f 1513/6/4 1518/5/4 1519/7/4
f 1512/8/4 1513/6/4 1519/7/4
f 1512/8/4 1519/7/4 1520/9/4
f 1511/10/4 1512/8/4 1520/9/4
f 1510/11/4 1511/10/4 1520/9/4
f 1510/11/4 1520/9/4 1521/12/4
f 1509/13/4 1510/11/4 1521/12/4
f 1509/13/4 1521/12/4 1522/14/4
f 1508/15/4 1509/13/4 1522/14/4
f 1508/15/4 1522/14/4 1523/16/4
f 1507/17/4 1508/15/4 1523/16/4
f 1506/18/4 1507/17/4 1523/16/4
f 1506/18/4 1523/16/4 1524/19/4
f 1505/20/4 1506/18/4 1491/21/4
f 1491/21/4 1506/18/4 1524/19/4
f 1491/21/4 1524/19/4 1490/22/4
f 1490/22/4 1524/19/4 1525/23/4
f 1505/20/4 1491/21/4 1492/24/4
f 1505/20/4 1492/24/4 1493/25/4
f 1489/26/4 1490/22/4 1525/23/4
f 1505/20/4 1493/25/4 1494/27/4
f 1488/28/4 1489/26/4 1525/23/4
f 1504/29/4 1505/20/4 1494/27/4
f 1504/29/4 1494/27/4 1495/30/4
f 1487/31/4 1488/28/4 1525/23/4
f 1504/29/4 1495/30/4 1496/32/4
f 1504/29/4 1496/32/4 1497/33/4
f 1486/34/4 1487/31/4 1525/23/4
f 1504/29/4 1497/33/4 1498/35/4
f 1486/34/4 1525/23/4 1526/36/4
f 1485/37/4 1486/34/4 1526/36/4
f 1503/38/4 1504/29/4 1502/39/4
f 1502/39/4 1504/29/4 1501/40/4
f 1501/40/4 1504/29/4 1500/41/4
f 1500/41/4 1504/29/4 1499/42/4
f 1499/42/4 1504/29/4 1498/35/4
f 1484/43/4 1485/37/4 1526/36/4
f 1483/44/4 1484/43/4 1526/36/4
f 1483/44/4 1526/36/4 1527/45/4
f 1482/46/4 1483/44/4 1527/45/4
f 1481/47/4 1482/46/4 1527/45/4
f 1481/47/4 1527/45/4 1528/48/4
f 1480/49/4 1481/47/4 1528/48/4
f 1553/50/4 1480/49/4 1528/48/4
f 1553/50/4 1528/48/4 1529/51/4
f 1552/52/4 1553/50/4 1529/51/4
f 1551/53/4 1552/52/4 1529/51/4
f 1551/53/4 1529/51/4 1530/54/4
f 1550/55/4 1551/53/4 1530/54/4
f 1550/55/4 1530/54/4 1531/56/4
f 1549/57/4 1550/55/4 1531/56/4
f 1549/57/4 1531/56/4 1532/58/4
f 1548/59/4 1549/57/4 1532/58/4
f 1547/60/4 1548/59/4 1532/58/4
f 1547/60/4 1532/58/4 1533/61/4
f 1546/62/4 1547/60/4 1533/61/4
f 1546/62/4 1533/61/4 1534/63/4
f 1545/64/4 1546/62/4 1534/63/4
f 1545/64/4 1534/63/4 1535/65/4
f 1544/66/4 1545/64/4 1535/65/4
f 1544/66/4 1535/65/4 1536/67/4
f 1544/66/4 1536/67/4 1537/68/4
f 1543/69/4 1544/66/4 1537/68/4
f 1543/69/4 1537/68/4 1538/70/4
f 1542/71/4 1543/69/4 1538/70/4
f 1542/71/4 1538/70/4 1539/72/4
f 1541/73/4 1542/71/4 1539/72/4
f 1541/73/4 1539/72/4 1540/74/4
f 1442/75/4 1443/77/4 1444/76/4
f 1441/78/4 1442/75/4 1444/76/4
f 1441/78/4 1444/76/4 1445/79/4
f 1440/80/4 1441/78/4 1445/79/4
f 1440/80/4 1445/79/4 1446/81/4
f 1439/82/4 1440/80/4 1446/81/4
f 1439/82/4 1446/81/4 1447/83/4
f 1438/84/4 1439/82/4 1447/83/4
f 1438/84/4 1447/83/4 1448/85/4
f 1437/86/4 1438/84/4 1448/85/4
f 1437/86/4 1448/85/4 1449/87/4
f 1436/88/4 1437/86/4 1449/87/4
f 1436/88/4 1449/87/4 1450/89/4
f 1435/90/4 1436/88/4 1450/89/4
f 1435/90/4 1450/89/4 1451/91/4
f 1434/92/4 1435/90/4 1451/91/4
f 1434/92/4 1451/91/4 1452/93/4
f 1433/94/4 1434/92/4 1452/93/4
f 1433/94/4 1452/93/4 1453/95/4
f 1432/96/4 1433/94/4 1453/95/4
f 1432/96/4 1453/95/4 1454/97/4
f 1479/98/4 1432/96/4 1454/97/4
f 1479/98/4 1454/97/4 1455/99/4
f 1479/98/4 1455/99/4 1456/100/4
f 1478/101/4 1479/98/4 1456/100/4
f 1478/101/4 1456/100/4 1457/102/4
f 1477/103/4 1478/101/4 1457/102/4
f 1477/103/4 1457/102/4 1458/104/4
f 1476/105/4 1477/103/4 1458/104/4
f 1476/105/4 1458/104/4 1459/106/4
f 1475/107/4 1476/105/4 1459/106/4
f 1475/107/4 1459/106/4 1460/108/4
f 1474/109/4 1475/107/4 1460/108/4
f 1474/109/4 1460/108/4 1461/110/4
f 1473/111/4 1474/109/4 1461/110/4
f 1473/111/4 1461/110/4 1462/112/4
f 1472/113/4 1473/111/4 1462/112/4
f 1472/113/4 1462/112/4 1463/114/4
f 1471/115/4 1472/113/4 1463/114/4
f 1471/115/4 1463/114/4 1464/116/4
f 1470/117/4 1471/115/4 1464/116/4
f 1470/117/4 1464/116/4 1465/118/4
f 1469/119/4 1470/117/4 1465/118/4
f 1469/119/4 1465/118/4 1466/120/4
f 1468/121/4 1469/119/4 1466/120/4
f 1468/121/4 1466/120/4 1467/122/4
f 1636/123/4 1637/125/4 1638/124/4
f 1636/123/4 1638/124/4 1639/126/4
f 1635/127/4 1636/123/4 1639/126/4
f 1635/127/4 1639/126/4 1640/128/4
f 1634/129/4 1635/127/4 1640/128/4
f 1634/129/4 1640/128/4 1641/130/4
f 1633/131/4 1634/129/4 1641/130/4
f 1633/131/4 1641/130/4 1642/132/4
f 1632/133/4 1633/131/4 1642/132/4
f 1632/133/4 1642/132/4 1698/134/4
f 1698/134/4 1642/132/4 1643/135/4
f 1631/136/4 1632/133/4 1589/137/4
f 1589/137/4 1632/133/4 1698/134/4
f 1589/137/4 1698/134/4 1699/138/4
f 1697/139/4 1698/134/4 1643/135/4
f 1631/136/4 1589/137/4 1590/140/4
f 1588/141/4 1589/137/4 1699/138/4
f 1696/142/4 1697/139/4 1643/135/4
f 1631/136/4 1590/140/4 1591/143/4
f 1695/144/4 1696/142/4 1643/135/4
f 1587/145/4 1588/141/4 1699/138/4
f 1587/145/4 1699/138/4 1700/146/4
f 1695/144/4 1643/135/4 1644/147/4
f 1631/136/4 1591/143/4 1592/148/4
f 1694/149/4 1695/144/4 1644/147/4
f 1630/150/4 1631/136/4 1592/148/4
f 1586/151/4 1587/145/4 1700/146/4
f 1586/151/4 1700/146/4 1701/152/4
f 1630/150/4 1592/148/4 1593/153/4
f 1693/154/4 1694/149/4 1644/147/4
f 1693/154/4 1644/147/4 1645/155/4
f 1585/156/4 1586/151/4 1701/152/4
f 1630/150/4 1593/153/4 1594/157/4
f 1585/156/4 1701/152/4 1702/158/4
f 1692/159/4 1693/154/4 1645/155/4
f 1629/160/4 1630/150/4 1594/157/4
f 1584/161/4 1585/156/4 1702/158/4
f 1584/161/4 1702/158/4 1703/162/4
f 1629/160/4 1594/157/4 1595/163/4
f 1691/164/4 1692/159/4 1645/155/4
f 1691/164/4 1645/155/4 1646/165/4
f 1583/166/4 1584/161/4 1703/162/4
f 1583/166/4 1703/162/4 1704/167/4
f 1690/168/4 1691/164/4 1646/165/4
f 1628/169/4 1629/160/4 1595/163/4
f 1628/169/4 1595/163/4 1596/170/4
f 1582/171/4 1583/166/4 1704/167/4
f 1582/171/4 1704/167/4 1705/172/4
f 1690/168/4 1646/165/4 1647/173/4
f 1689/174/4 1690/168/4 1647/173/4
f 1628/169/4 1596/170/4 1597/175/4
f 1581/176/4 1582/171/4 1705/172/4
f 1581/176/4 1705/172/4 1706/177/4
f 1627/178/4 1628/169/4 1597/175/4
f 1580/179/4 1581/176/4 1706/177/4
f 1688/180/4 1689/174/4 1647/173/4
f 1627/178/4 1597/175/4 1598/181/4
f 1688/180/4 1647/173/4 1648/182/4
f 1580/179/4 1706/177/4 1707/183/4
f 1579/184/4 1580/179/4 1707/183/4
f 1579/184/4 1707/183/4 1708/185/4
f 1687/186/4 1688/180/4 1648/182/4
f 1627/178/4 1598/181/4 1599/187/4
f 1626/188/4 1627/178/4 1599/187/4
f 1578/189/4 1579/184/4 1708/185/4
f 1687/186/4 1648/182/4 1649/190/4
f 1578/189/4 1708/185/4 1709/191/4
f 1577/192/4 1578/189/4 1709/191/4
f 1686/193/4 1687/186/4 1649/190/4
f 1626/188/4 1599/187/4 1600/194/4
f 1577/192/4 1709/191/4 1710/50/4
f 1576/195/4 1577/192/4 1710/50/4
f 1625/196/4 1626/188/4 1600/194/4
f 1685/197/4 1686/193/4 1649/190/4
f 1576/195/4 1710/50/4 1602/198/4
f 1625/196/4 1600/194/4 1601/199/4
f 1685/197/4 1649/190/4 1650/200/4
f 1575/201/4 1576/195/4 1602/198/4
f 1625/196/4 1601/199/4 1554/96/4
f 1684/202/4 1685/197/4 1650/200/4
f 1624/203/4 1625/196/4 1554/96/4
f 1575/201/4 1602/198/4 1603/204/4
f 1574/205/4 1575/201/4 1603/204/4
f 1684/202/4 1650/200/4 1651/206/4
f 1624/203/4 1554/96/4 1555/207/4
f 1683/208/4 1684/202/4 1651/206/4
f 1623/209/4 1624/203/4 1555/207/4
f 1573/210/4 1574/205/4 1603/204/4
f 1623/209/4 1555/207/4 1556/211/4
f 1573/210/4 1603/204/4 1604/212/4
f 1683/208/4 1651/206/4 1652/213/4
f 1682/214/4 1683/208/4 1652/213/4
f 1572/215/4 1573/210/4 1604/212/4
f 1623/209/4 1556/211/4 1557/216/4
f 1622/217/4 1623/209/4 1557/216/4
f 1622/217/4 1557/216/4 1558/218/4
f 1572/215/4 1604/212/4 1605/219/4
f 1571/220/4 1572/215/4 1605/219/4
f 1681/221/4 1682/214/4 1652/213/4
f 1681/221/4 1652/213/4 1653/222/4
f 1622/217/4 1558/218/4 1559/223/4
f 1621/224/4 1622/217/4 1559/223/4
f 1570/225/4 1571/220/4 1605/219/4
f 1621/224/4 1559/223/4 1560/226/4
f 1680/227/4 1681/221/4 1653/222/4
f 1570/225/4 1605/219/4 1606/228/4
f 1569/229/4 1570/225/4 1606/228/4
f 1621/224/4 1560/226/4 1561/230/4
f 1620/231/4 1621/224/4 1561/230/4
f 1568/232/4 1569/229/4 1606/228/4
f 1620/231/4 1561/230/4 1562/233/4
f 1680/227/4 1653/222/4 1654/234/4
f 1679/235/4 1680/227/4 1654/234/4
f 1567/236/4 1568/232/4 1606/228/4
f 1620/231/4 1562/233/4 1563/237/4
f 1566/238/4 1567/236/4 1606/228/4
f 1620/231/4 1563/237/4 1564/239/4
f 1566/238/4 1606/228/4 1607/240/4
f 1565/241/4 1566/238/4 1607/240/4
f 1620/231/4 1564/239/4 1565/241/4
f 1620/231/4 1565/241/4 1607/240/4
f 1619/242/4 1620/231/4 1607/240/4
f 1678/243/4 1679/235/4 1654/234/4
f 1678/243/4 1654/234/4 1655/244/4
f 1619/242/4 1607/240/4 1608/245/4
f 1677/246/4 1678/243/4 1655/244/4
f 1618/247/4 1619/242/4 1608/245/4
f 1676/248/4 1677/246/4 1655/244/4
f 1618/247/4 1608/245/4 1609/249/4
f 1617/250/4 1618/247/4 1609/249/4
f 1676/248/4 1655/244/4 1656/251/4
f 1675/252/4 1676/248/4 1656/251/4
f 1617/250/4 1609/249/4 1610/253/4
f 1674/254/4 1675/252/4 1656/251/4
f 1616/255/4 1617/250/4 1610/253/4
f 1673/256/4 1674/254/4 1656/251/4
f 1672/257/4 1673/256/4 1656/251/4
f 1671/258/4 1672/257/4 1656/251/4
f 1670/259/4 1671/258/4 1656/251/4
f 1669/260/4 1670/259/4 1656/251/4
f 1668/261/4 1669/260/4 1656/251/4
f 1616/255/4 1610/253/4 1611/262/4
f 1667/263/4 1668/261/4 1656/251/4
f 1615/264/4 1616/255/4 1611/262/4
f 1667/263/4 1656/251/4 1657/265/4
f 1666/266/4 1667/263/4 1657/265/4
f 1665/267/4 1666/266/4 1657/265/4
f 1664/268/4 1665/267/4 1657/265/4
f 1663/269/4 1664/268/4 1657/265/4
f 1662/270/4 1663/269/4 1657/265/4
f 1661/271/4 1662/270/4 1657/265/4
f 1615/264/4 1611/262/4 1612/272/4
f 1614/273/4 1615/264/4 1612/272/4
f 1614/273/4 1612/272/4 1613/274/4
f 1661/271/4 1657/265/4 1658/275/4
f 1661/271/4 1658/275/4 1659/276/4
f 1661/271/4 1659/276/4 1660/277/4
f 1781/278/4 1782/280/4 1783/279/4
f 1780/281/4 1781/278/4 1783/279/4
f 1779/282/4 1780/281/4 1783/279/4
f 1778/283/4 1779/282/4 1783/279/4
f 1777/284/4 1778/283/4 1783/279/4
f 1776/285/4 1777/284/4 1783/279/4
f 1775/286/4 1776/285/4 1783/279/4
f 1774/287/4 1775/286/4 1783/279/4
f 1773/288/4 1774/287/4 1783/279/4
f 1772/289/4 1773/288/4 1783/279/4
f 1771/290/4 1772/289/4 1783/279/4
f 1770/291/4 1771/290/4 1783/279/4
f 1769/292/4 1770/291/4 1783/279/4
f 1768/293/4 1769/292/4 1783/279/4
f 1767/294/4 1768/293/4 1783/279/4
f 1766/295/4 1767/294/4 1783/279/4
f 1765/296/4 1766/295/4 1783/279/4
f 1764/297/4 1765/296/4 1783/279/4
f 1964/298/4 1965/300/4 1966/299/4
f 1763/301/4 1764/297/4 1783/279/4
f 1762/302/4 1763/301/4 1783/279/4
f 1964/298/4 1966/299/4 1967/303/4
f 1964/298/4 1967/303/4 1968/304/4
f 1761/305/4 1762/302/4 1783/279/4
f 1964/298/4 1968/304/4 1969/306/4
f 1964/298/4 1969/306/4 1970/307/4
f 1760/308/4 1761/305/4 1783/279/4
f 1964/298/4 1970/307/4 1971/309/4
f 1964/298/4 1971/309/4 1972/310/4
f 1759/311/4 1760/308/4 1783/279/4
f 1964/298/4 1972/310/4 1973/312/4
f 1964/298/4 1973/312/4 1974/313/4
f 1964/298/4 1974/313/4 1975/314/4
f 1977/50/4 1759/311/4 1783/279/4
f 1964/298/4 1975/314/4 1976/315/4
f 1964/298/4 1976/315/4 1977/50/4
f 1964/298/4 1977/50/4 1963/316/4
f 1963/316/4 1977/50/4 1962/317/4
f 1962/317/4 1977/50/4 1961/318/4
f 1961/318/4 1977/50/4 1960/319/4
f 1960/319/4 1977/50/4 1959/320/4
f 1959/320/4 1977/50/4 1958/321/4
f 1958/321/4 1977/50/4 1783/279/4
f 1958/321/4 1783/279/4 1957/322/4
f 1957/322/4 1783/279/4 1956/323/4
f 1956/323/4 1783/279/4 1784/324/4
f 1956/323/4 1784/324/4 1955/325/4
f 1955/325/4 1784/324/4 1785/326/4
f 1955/325/4 1785/326/4 1954/327/4
f 1954/327/4 1785/326/4 1786/328/4
f 1954/327/4 1786/328/4 1787/329/4
f 1954/327/4 1787/329/4 1953/330/4
f 1953/330/4 1787/329/4 1939/331/4
f 1939/331/4 1787/329/4 1788/332/4
f 1939/331/4 1788/332/4 1789/333/4
f 1939/331/4 1789/333/4 1790/334/4
f 1953/330/4 1939/331/4 1951/335/4
f 1951/335/4 1939/331/4 1950/336/4
f 1950/336/4 1939/331/4 1949/337/4
f 1949/337/4 1939/331/4 1948/338/4
f 1948/338/4 1939/331/4 1947/339/4
f 1947/339/4 1939/331/4 1946/340/4
f 1946/340/4 1939/331/4 1945/341/4
f 1945/341/4 1939/331/4 1944/342/4
f 1944/342/4 1939/331/4 1943/343/4
f 1943/343/4 1939/331/4 1942/344/4
f 1942/344/4 1939/331/4 1938/345/4
f 1940/346/4 1939/331/4 1941/347/4
f 1941/347/4 1939/331/4 1790/334/4
f 1941/347/4 1790/334/4 1791/348/4
f 1942/344/4 1941/347/4 1791/348/4
f 1938/345/4 1942/344/4 1791/348/4
f 1938/345/4 1791/348/4 1792/349/4
f 1938/345/4 1792/349/4 1793/350/4
f 1938/345/4 1793/350/4 1794/351/4
f 1953/330/4 1951/335/4 1952/352/4
f 1937/353/4 1938/345/4 1794/351/4
f 1937/353/4 1794/351/4 1795/354/4
f 1937/353/4 1795/354/4 1796/355/4
f 1937/353/4 1796/355/4 1797/356/4
f 1936/357/4 1937/353/4 1797/356/4
f 1936/357/4 1797/356/4 1798/358/4
f 1935/359/4 1936/357/4 1798/358/4
f 1935/359/4 1798/358/4 1799/360/4
f 1934/361/4 1935/359/4 1799/360/4
f 1934/361/4 1799/360/4 1800/362/4
f 1933/363/4 1934/361/4 1800/362/4
f 1933/363/4 1800/362/4 1801/364/4
f 1932/365/4 1933/363/4 1801/364/4
f 1932/365/4 1801/364/4 1802/366/4
f 1931/367/4 1932/365/4 1802/366/4
f 1931/367/4 1802/366/4 1803/368/4
f 1930/369/4 1931/367/4 1803/368/4
f 1929/370/4 1930/369/4 1803/368/4
f 1929/370/4 1803/368/4 1804/371/4
f 1928/372/4 1929/370/4 1804/371/4
f 1928/372/4 1804/371/4 1805/373/4
f 1927/374/4 1928/372/4 1805/373/4
f 1926/375/4 1927/374/4 1805/373/4
f 1926/375/4 1805/373/4 1810/376/4
f 1810/376/4 1805/373/4 1806/377/4
f 1818/378/4 1819/380/4 1820/379/4
f 1817/381/4 1818/378/4 1820/379/4
f 1816/382/4 1817/381/4 1820/379/4
f 1815/383/4 1816/382/4 1820/379/4
f 1814/384/4 1815/383/4 1820/379/4
f 1814/384/4 1820/379/4 1821/385/4
f 1813/386/4 1814/384/4 1821/385/4
f 1812/387/4 1813/386/4 1821/385/4
f 1811/388/4 1812/387/4 1821/385/4
f 1811/388/4 1821/385/4 1822/389/4
f 1810/376/4 1811/388/4 1822/389/4
f 1808/390/4 1807/392/4 1809/391/4
f 1809/391/4 1807/392/4 1810/376/4
f 1810/376/4 1807/392/4 1806/377/4
f 1925/393/4 1926/375/4 1810/376/4
f 1925/393/4 1810/376/4 1822/389/4
f 1925/393/4 1822/389/4 1823/394/4
f 1924/395/4 1925/393/4 1823/394/4
f 1924/395/4 1823/394/4 1824/396/4
f 1923/397/4 1924/395/4 1824/396/4
f 1923/397/4 1824/396/4 1825/398/4
f 1922/399/4 1923/397/4 1825/398/4
f 1922/399/4 1825/398/4 1903/400/4
f 1903/400/4 1825/398/4 1902/401/4
f 1902/401/4 1825/398/4 1826/402/4
f 1922/399/4 1903/400/4 1904/403/4
f 1922/399/4 1904/403/4 1905/404/4
f 1901/405/4 1902/401/4 1826/402/4
f 1922/399/4 1905/404/4 1906/406/4
f 1900/407/4 1901/405/4 1826/402/4
f 1921/408/4 1922/399/4 1906/406/4
f 1899/409/4 1900/407/4 1826/402/4
f 1921/408/4 1906/406/4 1907/410/4
f 1899/409/4 1826/402/4 1827/411/4
f 1898/412/4 1899/409/4 1827/411/4
f 1921/408/4 1907/410/4 1908/413/4
f 1920/414/4 1921/408/4 1908/413/4
f 1897/415/4 1898/412/4 1827/411/4
f 1920/414/4 1908/413/4 1909/416/4
f 1897/415/4 1827/411/4 1828/417/4
f 1896/418/4 1897/415/4 1828/417/4
f 1919/419/4 1920/414/4 1909/416/4
f 1919/419/4 1909/416/4 1910/420/4
f 1895/421/4 1896/418/4 1828/417/4
f 1895/421/4 1828/417/4 1829/422/4
f 1919/419/4 1910/420/4 1911/423/4
f 1918/424/4 1919/419/4 1911/423/4
f 1894/425/4 1895/421/4 1829/422/4
f 1918/424/4 1911/423/4 1912/426/4
f 1917/427/4 1918/424/4 1912/426/4
f 1894/425/4 1829/422/4 1830/428/4
f 1893/429/4 1894/425/4 1830/428/4
f 1916/430/4 1917/427/4 1912/426/4
f 1916/430/4 1912/426/4 1913/431/4
f 1892/432/4 1893/429/4 1830/428/4
f 1892/432/4 1830/428/4 1831/433/4
f 1915/434/4 1916/430/4 1914/435/4
f 1914/435/4 1916/430/4 1913/431/4
f 1891/436/4 1892/432/4 1831/433/4
f 1866/437/4 1867/439/4 1868/438/4
f 1865/440/4 1866/437/4 1868/438/4
f 1865/440/4 1868/438/4 1869/441/4
f 1864/442/4 1865/440/4 1869/441/4
f 1864/442/4 1869/441/4 1870/443/4
f 1863/444/4 1864/442/4 1870/443/4
f 1890/445/4 1891/436/4 1831/433/4
f 1863/444/4 1870/443/4 1871/446/4
f 1890/445/4 1831/433/4 1832/447/4
f 1862/448/4 1863/444/4 1871/446/4
f 1862/448/4 1871/446/4 1872/449/4
f 1861/450/4 1862/448/4 1872/449/4
f 1889/451/4 1890/445/4 1832/447/4
f 1861/450/4 1872/449/4 1873/452/4
f 1860/453/4 1861/450/4 1873/452/4
f 1888/454/4 1889/451/4 1832/447/4
f 1859/455/4 1860/453/4 1873/452/4
f 1888/454/4 1832/447/4 1833/456/4
f 1859/455/4 1873/452/4 1874/457/4
f 1887/458/4 1888/454/4 1833/456/4
f 1858/459/4 1859/455/4 1711/96/4
f 1711/96/4 1859/455/4 1758/460/4
f 1758/460/4 1859/455/4 1874/457/4
f 1758/460/4 1874/457/4 1757/461/4
f 1757/461/4 1874/457/4 1875/462/4
f 1858/459/4 1711/96/4 1712/463/4
f 1756/464/4 1757/461/4 1875/462/4
f 1858/459/4 1712/463/4 1713/465/4
f 1755/466/4 1756/464/4 1875/462/4
f 1858/459/4 1713/465/4 1714/467/4
f 1858/459/4 1714/467/4 1715/468/4
f 1886/469/4 1887/458/4 1833/456/4
f 1857/470/4 1858/459/4 1715/468/4
f 1754/471/4 1755/466/4 1875/462/4
f 1857/470/4 1715/468/4 1716/472/4
f 1753/473/4 1754/471/4 1875/462/4
f 1753/473/4 1875/462/4 1876/474/4
f 1886/469/4 1833/456/4 1834/475/4
f 1857/470/4 1716/472/4 1717/476/4
f 1857/470/4 1717/476/4 1718/477/4
f 1885/478/4 1886/469/4 1834/475/4
f 1752/479/4 1753/473/4 1876/474/4
f 1856/480/4 1857/470/4 1718/477/4
f 1856/480/4 1718/477/4 1719/481/4
f 1856/480/4 1719/481/4 1720/482/4
f 1751/483/4 1752/479/4 1876/474/4
f 1751/483/4 1876/474/4 1877/484/4
f 1884/485/4 1885/478/4 1834/475/4
f 1856/480/4 1720/482/4 1721/486/4
f 1855/487/4 1856/480/4 1721/486/4
f 1750/488/4 1751/483/4 1877/484/4
f 1855/487/4 1721/486/4 1722/489/4
f 1883/490/4 1884/485/4 1834/475/4
f 1883/490/4 1834/475/4 1835/491/4
f 1855/487/4 1722/489/4 1723/492/4
f 1750/488/4 1877/484/4 1878/493/4
f 1749/494/4 1750/488/4 1878/493/4
f 1854/495/4 1855/487/4 1723/492/4
f 1882/496/4 1883/490/4 1835/491/4
f 1854/495/4 1723/492/4 1724/497/4
f 1881/498/4 1882/496/4 1835/491/4
f 1854/495/4 1724/497/4 1725/499/4
f 1748/500/4 1749/494/4 1878/493/4
f 1853/501/4 1854/495/4 1725/499/4
f 1881/498/4 1835/491/4 1836/502/4
f 1748/500/4 1878/493/4 1879/503/4
f 1853/501/4 1725/499/4 1726/504/4
f 1880/505/4 1881/498/4 1836/502/4
f 1853/501/4 1726/504/4 1727/506/4
f 1747/507/4 1748/500/4 1879/503/4
f 1879/503/4 1880/505/4 1836/502/4
f 1747/507/4 1879/503/4 1836/502/4
f 1853/501/4 1727/506/4 1728/508/4
f 1852/509/4 1853/501/4 1728/508/4
f 1852/509/4 1728/508/4 1729/510/4
f 1746/511/4 1747/507/4 1745/512/4
f 1745/512/4 1747/507/4 1836/502/4
f 1852/509/4 1729/510/4 1730/513/4
f 1745/512/4 1836/502/4 1837/514/4
f 1852/509/4 1730/513/4 1731/515/4
f 1852/509/4 1731/515/4 1732/516/4
f 1744/517/4 1745/512/4 1837/514/4
f 1743/518/4 1744/517/4 1837/514/4
f 1742/519/4 1743/518/4 1837/514/4
f 1851/520/4 1852/509/4 1732/516/4
f 1741/521/4 1742/519/4 1837/514/4
f 1851/520/4 1732/516/4 1733/522/4
f 1740/523/4 1741/521/4 1837/514/4
f 1739/524/4 1740/523/4 1837/514/4
f 1738/525/4 1739/524/4 1837/514/4
f 1737/526/4 1738/525/4 1837/514/4
f 1851/520/4 1733/522/4 1734/527/4
f 1736/528/4 1737/526/4 1837/514/4
f 1735/529/4 1736/528/4 1837/514/4
f 1734/527/4 1735/529/4 1837/514/4
f 1851/520/4 1734/527/4 1837/514/4
f 1851/520/4 1837/514/4 1838/530/4
f 1850/531/4 1851/520/4 1838/530/4
f 1849/532/4 1850/531/4 1838/530/4
f 1849/532/4 1838/530/4 1839/533/4
f 1848/534/4 1849/532/4 1839/533/4
f 1848/534/4 1839/533/4 1840/535/4
f 1847/536/4 1848/534/4 1840/535/4
f 1847/536/4 1840/535/4 1841/537/4
f 1846/538/4 1847/536/4 1841/537/4
f 1845/539/4 1846/538/4 1841/537/4
f 1845/539/4 1841/537/4 1842/540/4
f 1844/133/4 1845/539/4 1842/540/4
f 1844/133/4 1842/540/4 1843/541/4
f 2000/542/4 2001/544/4 2002/543/4
f 1999/545/4 2000/542/4 2002/543/4
f 1998/97/4 1999/545/4 2002/543/4
f 1997/546/4 1998/97/4 2002/543/4
f 1996/547/4 1997/546/4 2002/543/4
f 1995/548/4 1996/547/4 2002/543/4
f 1994/549/4 1995/548/4 2002/543/4
f 1993/550/4 1994/549/4 2002/543/4
f 1992/551/4 1993/550/4 2002/543/4
f 1991/552/4 1992/551/4 2002/543/4
f 1990/553/4 1991/552/4 2002/543/4
f 1989/554/4 1990/553/4 2002/543/4
f 1988/77/4 1989/554/4 2002/543/4
f 1987/555/4 1988/77/4 2002/543/4
f 1986/556/4 1987/555/4 2002/543/4
f 1985/557/4 1986/556/4 2002/543/4
f 1984/558/4 1985/557/4 2002/543/4
f 1983/559/4 1984/558/4 2002/543/4
f 1982/560/4 1983/559/4 2002/543/4
f 1981/561/4 1982/560/4 2002/543/4
f 1980/562/4 1981/561/4 2002/543/4
f 1979/563/4 1980/562/4 2002/543/4
f 1978/96/4 1979/563/4 2002/543/4
f 2088/50/4 1978/96/4 2002/543/4
f 2087/564/4 2088/50/4 2002/543/4
f 2086/565/4 2087/564/4 2002/543/4
f 2085/566/4 2086/565/4 2002/543/4
f 2084/567/4 2085/566/4 2002/543/4
f 2083/568/4 2084/567/4 2002/543/4
f 2082/569/4 2083/568/4 2002/543/4
f 2081/570/4 2082/569/4 2002/543/4
f 2080/571/4 2081/570/4 2002/543/4
f 2079/572/4 2080/571/4 2002/543/4
f 2078/71/4 2079/572/4 2002/543/4
f 2077/573/4 2078/71/4 2002/543/4
f 2076/574/4 2077/573/4 2002/543/4
f 2075/575/4 2076/574/4 2074/576/4
f 2074/576/4 2076/574/4 2073/577/4
f 2073/577/4 2076/574/4 2072/578/4
f 2072/578/4 2076/574/4 2071/579/4
f 2071/579/4 2076/574/4 2070/580/4
f 2070/580/4 2076/574/4 2062/581/4
f 2062/581/4 2076/574/4 2007/582/4
f 2007/582/4 2076/574/4 2006/583/4
f 2006/583/4 2076/574/4 2005/584/4
f 2005/584/4 2076/574/4 2004/585/4
f 2004/585/4 2076/574/4 2003/586/4
f 2003/586/4 2076/574/4 2002/543/4
f 2062/581/4 2007/582/4 2008/118/4
f 2062/581/4 2008/118/4 2009/587/4
f 2062/581/4 2009/587/4 2010/588/4
f 2062/581/4 2010/588/4 2011/589/4
f 2062/581/4 2011/589/4 2012/590/4
f 2062/581/4 2012/590/4 2013/591/4
f 2062/581/4 2013/591/4 2014/592/4
f 2070/580/4 2062/581/4 2069/593/4
f 2069/593/4 2062/581/4 2068/56/4
f 2068/56/4 2062/581/4 2067/594/4
f 2067/594/4 2062/581/4 2066/595/4
f 2066/595/4 2062/581/4 2063/596/4
f 2061/597/4 2062/581/4 2064/598/4
f 2064/598/4 2062/581/4 2014/592/4
f 2065/599/5 2064/598/5 2063/596/5
f 2061/597/4 2064/598/4 2014/592/4
f 2066/595/4 2063/596/4 2065/599/4
f 2061/597/4 2014/592/4 2015/600/4
f 2061/597/4 2015/600/4 2016/601/4
f 2060/602/4 2061/597/4 2016/601/4
f 2060/602/4 2016/601/4 2017/603/4
f 2059/604/4 2060/602/4 2017/603/4
f 2059/604/4 2017/603/4 2018/105/4
f 2058/9/4 2059/604/4 2018/105/4
f 2058/9/4 2018/105/4 2019/605/4
f 2057/606/4 2058/9/4 2019/605/4
f 2057/606/4 2019/605/4 2020/607/4
f 2056/608/4 2057/606/4 2020/607/4
f 2056/608/4 2020/607/4 2021/609/4
f 2055/610/4 2056/608/4 2021/609/4
f 2055/610/4 2021/609/4 2022/611/4
f 2054/612/4 2055/610/4 2022/611/4
f 2054/612/4 2022/611/4 2023/613/4
f 2053/614/4 2054/612/4 2023/613/4
f 2053/614/4 2023/613/4 2024/615/4
f 2053/614/4 2024/615/4 2025/616/4
f 2052/617/4 2053/614/4 2025/616/4
f 2052/617/4 2025/616/4 2026/618/4
f 2051/619/4 2052/617/4 2026/618/4
f 2051/619/4 2026/618/4 2027/620/4
f 2050/621/4 2051/619/4 2027/620/4
f 2050/621/4 2027/620/4 2028/31/4
f 2049/622/4 2050/621/4 2028/31/4
f 2049/622/4 2028/31/4 2029/623/4
f 2049/622/4 2029/623/4 2030/624/4
f 2048/13/4 2049/622/4 2030/624/4
f 2048/13/4 2030/624/4 2031/625/4
f 2047/626/4 2048/13/4 2031/625/4
f 2047/626/4 2031/625/4 2032/627/4
f 2047/626/4 2032/627/4 2033/133/4
f 2046/628/4 2047/626/4 2033/133/4
f 2046/628/4 2033/133/4 2034/629/4
f 2046/628/4 2034/629/4 2035/630/4
f 2046/628/4 2035/630/4 2036/631/4
f 2045/632/4 2046/628/4 2036/631/4
f 2045/632/4 2036/631/4 2037/633/4
f 2045/632/4 2037/633/4 2038/35/4
f 2045/632/4 2038/35/4 2039/634/4
f 2044/635/4 2045/632/4 2039/634/4
f 2043/636/4 2044/635/4 2039/634/4
f 2042/637/4 2043/636/4 2039/634/4
f 2041/638/4 2042/637/4 2039/634/4
f 2040/639/4 2041/638/4 2039/634/4
f 2224/640/4 2225/642/4 2226/641/4
f 2224/640/4 2226/641/4 2227/643/4
f 2223/644/4 2224/640/4 2227/643/4
f 2223/644/4 2227/643/4 2228/645/4
f 2222/646/4 2223/644/4 2228/645/4
f 2222/646/4 2228/645/4 2229/647/4
f 2127/648/4 2128/650/4 2129/649/4
f 2221/651/4 2222/646/4 2229/647/4
f 2221/651/4 2229/647/4 2230/652/4
f 2220/653/4 2221/651/4 2230/652/4
f 2220/653/4 2230/652/4 2231/654/4
f 2127/648/4 2129/649/4 2130/655/4
f 2219/656/4 2220/653/4 2231/654/4
f 2219/656/4 2231/654/4 2232/657/4
f 2127/648/4 2130/655/4 2131/658/4
f 2218/659/4 2219/656/4 2232/657/4
f 2218/659/4 2232/657/4 2233/660/4
f 2126/661/4 2127/648/4 2131/658/4
f 2217/662/4 2218/659/4 2233/660/4
f 2126/661/4 2131/658/4 2132/663/4
f 2217/662/4 2233/660/4 2234/664/4
f 2216/665/4 2217/662/4 2234/664/4
f 2216/665/4 2234/664/4 2235/666/4
f 2101/667/4 2102/669/4 2103/668/4
f 2126/661/4 2132/663/4 2133/670/4
f 2125/671/4 2126/661/4 2133/670/4
f 2215/672/4 2216/665/4 2235/666/4
f 2215/672/4 2235/666/4 2236/673/4
f 2214/674/4 2215/672/4 2236/673/4
f 2214/674/4 2236/673/4 2237/675/4
f 2124/676/4 2125/671/4 2133/670/4
f 2124/676/4 2133/670/4 2134/677/4
f 2101/667/4 2103/668/4 2104/678/4
f 2213/679/4 2214/674/4 2237/675/4
f 2213/679/4 2237/675/4 2238/50/4
f 2123/680/4 2124/676/4 2134/677/4
f 2101/667/4 2104/678/4 2105/681/4
f 2123/680/4 2134/677/4 2135/682/4
f 2212/683/4 2213/679/4 2238/50/4
f 2212/683/4 2238/50/4 2141/684/4
f 2100/685/4 2101/667/4 2105/681/4
f 2122/686/4 2123/680/4 2135/682/4
f 2100/685/4 2105/681/4 2106/687/4
f 2122/686/4 2135/682/4 2136/688/4
f 2099/689/4 2100/685/4 2106/687/4
f 2121/690/4 2122/686/4 2136/688/4
f 2099/689/4 2106/687/4 2107/691/4
f 2121/690/4 2136/688/4 2137/692/4
f 2211/693/4 2212/683/4 2141/684/4
f 2211/693/4 2141/684/4 2142/694/4
f 2098/695/4 2099/689/4 2107/691/4
f 2120/696/4 2121/690/4 2137/692/4
f 2098/695/4 2107/691/4 2108/697/4
f 2120/696/4 2137/692/4 2138/698/4
f 2097/699/4 2098/695/4 2108/697/4
f 2119/700/4 2120/696/4 2138/698/4
f 2097/699/4 2108/697/4 2109/701/4
f 2119/700/4 2138/698/4 2139/702/4
f 2096/703/4 2097/699/4 2109/701/4
f 2210/704/4 2211/693/4 2142/694/4
f 2118/705/4 2119/700/4 2139/702/4
f 2210/704/4 2142/694/4 2143/706/4
f 2096/703/4 2109/701/4 2110/707/4
f 2118/705/4 2139/702/4 2140/708/4
f 2095/709/4 2096/703/4 2110/707/4
f 2117/710/4 2118/705/4 2140/708/4
f 2095/709/4 2110/707/4 2111/711/4
f 2094/712/4 2095/709/4 2111/711/4
f 2117/710/4 2140/708/4 2116/713/4
f 2116/713/4 2140/708/4 2115/714/4
f 2094/712/4 2111/711/4 2112/715/4
f 2093/716/4 2094/712/4 2112/715/4
f 2209/717/4 2210/704/4 2143/706/4
f 2209/717/4 2143/706/4 2144/718/4
f 2093/716/4 2112/715/4 2113/719/4
f 2092/720/4 2093/716/4 2113/719/4
f 2092/720/4 2113/719/4 2114/721/4
f 2091/722/4 2092/720/4 2114/721/4
f 2090/723/4 2091/722/4 2114/721/4
f 2090/723/4 2114/721/4 2089/96/4
f 2208/724/4 2209/717/4 2144/718/4
f 2208/724/4 2144/718/4 2145/725/4
f 2207/726/4 2208/724/4 2145/725/4
f 2207/726/4 2145/725/4 2146/727/4
f 2207/726/4 2146/727/4 2147/728/4
f 2206/729/4 2207/726/4 2147/728/4
f 2206/729/4 2147/728/4 2148/730/4
f 2205/731/4 2206/729/4 2148/730/4
f 2205/731/4 2148/730/4 2149/732/4
f 2204/733/4 2205/731/4 2149/732/4
f 2204/733/4 2149/732/4 2150/734/4
f 2203/735/4 2204/733/4 2150/734/4
f 2203/735/4 2150/734/4 2151/736/4
f 2202/737/4 2203/735/4 2151/736/4
f 2175/738/4 2176/740/4 2177/739/4
f 2202/737/4 2151/736/4 2152/741/4
f 2174/742/4 2175/738/4 2177/739/4
f 2201/743/4 2202/737/4 2152/741/4
f 2173/744/4 2174/742/4 2177/739/4
f 2201/743/4 2152/741/4 2153/745/4
f 2200/746/4 2201/743/4 2153/745/4
f 2173/744/4 2177/739/4 2178/747/4
f 2172/748/4 2173/744/4 2178/747/4
f 2200/746/4 2153/745/4 2154/749/4
f 2171/750/4 2172/748/4 2178/747/4
f 2171/750/4 2178/747/4 2179/751/4
f 2200/746/4 2154/749/4 2155/752/4
f 2199/753/4 2200/746/4 2155/752/4
f 2170/754/4 2171/750/4 2179/751/4
f 2170/754/4 2179/751/4 2180/755/4
f 2199/753/4 2155/752/4 2156/756/4
f 2169/757/4 2170/754/4 2180/755/4
f 2198/758/4 2199/753/4 2156/756/4
f 2198/758/4 2156/756/4 2157/759/4
f 2169/757/4 2180/755/4 2181/760/4
f 2168/761/4 2169/757/4 2181/760/4
f 2198/758/4 2157/759/4 2158/762/4
f 2198/758/4 2158/762/4 2159/763/4
f 2167/764/4 2168/761/4 2181/760/4
f 2197/765/4 2198/758/4 2159/763/4
f 2167/764/4 2181/760/4 2182/766/4
f 2197/765/4 2159/763/4 2160/767/4
f 2166/768/4 2167/764/4 2182/766/4
f 2197/765/4 2160/767/4 2161/769/4
f 2165/770/4 2166/768/4 2182/766/4
f 2197/765/4 2161/769/4 2162/771/4
f 2197/765/4 2162/771/4 2163/772/4
f 2164/773/4 2165/770/4 2182/766/4
f 2164/773/4 2182/766/4 2183/774/4
f 2197/765/4 2163/772/4 2164/773/4
f 2197/765/4 2164/773/4 2183/774/4
f 2196/775/4 2197/765/4 2183/774/4
f 2196/775/4 2183/774/4 2184/776/4
f 2195/777/4 2196/775/4 2184/776/4
f 2195/777/4 2184/776/4 2185/778/4
f 2194/779/4 2195/777/4 2185/778/4
f 2194/779/4 2185/778/4 2186/780/4
f 2193/781/4 2194/779/4 2186/780/4
f 2192/782/4 2193/781/4 2186/780/4
f 2192/782/4 2186/780/4 2187/783/4
f 2191/784/4 2192/782/4 2187/783/4
f 2191/784/4 2187/783/4 2188/785/4
f 2190/786/4 2191/784/4 2188/785/4
f 2190/786/4 2188/785/4 2189/787/4
f 2252/788/4 2253/790/4 2254/789/4
f 2252/788/4 2254/789/4 2251/791/4
f 2256/792/4 2257/794/4 2258/793/4
f 2256/792/4 2258/793/4 2255/795/4
f 2287/796/4 2288/798/4 2263/797/4
f 2338/799/4 2339/800/4 2340/50/4
f 2287/796/4 2263/797/4 2264/801/4
f 2287/796/4 2264/801/4 2265/802/4
f 2338/799/4 2340/50/4 2289/803/4
f 2286/804/4 2287/796/4 2265/802/4
f 2286/804/4 2265/802/4 2266/805/4
f 2337/806/4 2338/799/4 2289/803/4
f 2285/807/4 2286/804/4 2266/805/4
f 2285/807/4 2266/805/4 2267/808/4
f 2337/806/4 2289/803/4 2290/809/4
f 2284/810/4 2285/807/4 2267/808/4
f 2284/810/4 2267/808/4 2268/811/4
f 2337/806/4 2290/809/4 2291/812/4
f 2283/813/4 2284/810/4 2268/811/4
f 2283/813/4 2268/811/4 2269/814/4
f 2282/815/4 2283/813/4 2269/814/4
f 2282/815/4 2269/814/4 2270/816/4
f 2336/817/4 2337/806/4 2291/812/4
f 2336/817/4 2291/812/4 2292/818/4
f 2282/815/4 2270/816/4 2271/819/4
f 2281/820/4 2282/815/4 2271/819/4
f 2336/817/4 2292/818/4 2293/821/4
f 2281/820/4 2271/819/4 2272/822/4
f 2280/823/4 2281/820/4 2272/822/4
f 2280/823/4 2272/822/4 2273/824/4
f 2279/825/4 2280/823/4 2273/824/4
f 2336/817/4 2293/821/4 2294/826/4
f 2335/827/4 2336/817/4 2294/826/4
f 2279/825/4 2273/824/4 2274/828/4
f 2278/829/4 2279/825/4 2274/828/4
f 2335/827/4 2294/826/4 2295/830/4
f 2277/831/4 2278/829/4 2274/828/4
f 2277/831/4 2274/828/4 2276/832/4
f 2276/832/4 2274/828/4 2275/833/4
f 2335/827/4 2295/830/4 2296/834/4
f 2334/835/4 2335/827/4 2296/834/4
f 2260/836/4 2261/838/4 2262/837/4
f 2260/836/4 2262/837/4 2259/839/4
f 2334/835/4 2296/834/4 2297/840/4
f 2334/835/4 2297/840/4 2298/841/4
f 2333/842/4 2334/835/4 2298/841/4
f 2333/842/4 2298/841/4 2299/843/4
f 2333/842/4 2299/843/4 2300/844/4
f 2332/845/4 2333/842/4 2300/844/4
f 2332/845/4 2300/844/4 2304/846/4
f 2304/846/4 2300/844/4 2301/847/4
f 2331/848/4 2332/845/4 2304/846/4
f 2330/849/4 2331/848/4 2304/846/4
f 2329/850/4 2330/849/4 2304/846/4
f 2328/851/4 2329/850/4 2304/846/4
f 2328/851/4 2304/846/4 2305/852/4
f 2303/853/4 2304/846/4 2301/847/4
f 2302/854/4 2303/853/4 2301/847/4
f 2327/855/4 2328/851/4 2305/852/4
f 2327/855/4 2305/852/4 2306/856/4
f 2327/855/4 2306/856/4 2307/857/4
f 2327/855/4 2307/857/4 2308/858/4
f 2326/859/4 2327/855/4 2308/858/4
f 2326/859/4 2308/858/4 2309/860/4
f 2325/861/4 2326/859/4 2309/860/4
f 2324/862/4 2325/861/4 2309/860/4
f 2324/862/4 2309/860/4 2310/863/4
f 2323/864/4 2324/862/4 2310/863/4
f 2323/864/4 2310/863/4 2311/865/4
f 2322/866/4 2323/864/4 2311/865/4
f 2321/867/4 2322/866/4 2311/865/4
f 2321/867/4 2311/865/4 2312/868/4
f 2320/869/4 2321/867/4 2312/868/4
f 2320/869/4 2312/868/4 2313/870/4
f 2319/871/4 2320/869/4 2313/870/4
f 2318/872/4 2319/871/4 2313/870/4
f 2318/872/4 2313/870/4 2314/873/4
f 2317/874/4 2318/872/4 2314/873/4
f 2316/875/4 2317/874/4 2314/873/4
f 2316/875/4 2314/873/4 2315/876/4
f 2244/877/4 2245/879/4 2248/878/4
f 2248/878/4 2245/879/4 2246/880/4
f 2248/878/4 2246/880/4 2247/881/4
f 2247/881/4 2246/880/4 2239/96/4
f 2244/877/4 2248/878/4 2249/882/4
f 2250/883/4 2247/881/4 2239/96/4
f 2244/877/4 2249/882/4 2242/884/4
f 2242/884/4 2249/882/4 2250/883/4
f 2242/884/4 2250/883/4 2241/885/4
f 2241/885/4 2250/883/4 2239/96/4
f 2244/877/4 2242/884/4 2243/886/4
f 2240/887/4 2241/885/4 2239/96/4
f 2488/888/4 2489/275/4 2464/889/4
f 2476/890/4 2477/892/4 2478/891/4
f 2487/893/4 2488/888/4 2464/889/4
f 2476/890/4 2478/891/4 2479/894/4
f 2486/895/4 2487/893/4 2464/889/4
f 2476/890/4 2479/894/4 2480/896/4
f 2485/897/4 2486/895/4 2464/889/4
f 2476/890/4 2480/896/4 2481/898/4
f 2484/899/4 2485/897/4 2464/889/4
f 2476/890/4 2481/898/4 2482/900/4
f 2483/901/4 2484/899/4 2464/889/4
f 2476/890/4 2482/900/4 2483/901/4
f 2476/890/4 2483/901/4 2464/889/4
f 2476/890/4 2464/889/4 2465/902/4
f 2475/903/4 2476/890/4 2465/902/4
f 2475/903/4 2465/902/4 2466/904/4
f 2474/905/4 2475/903/4 2466/904/4
f 2474/905/4 2466/904/4 2467/906/4
f 2473/907/4 2474/905/4 2467/906/4
f 2473/907/4 2467/906/4 2468/908/4
f 2472/909/4 2473/907/4 2468/908/4
f 2472/909/4 2468/908/4 2469/910/4
f 2471/911/4 2472/909/4 2469/910/4
f 2471/911/4 2469/910/4 2470/912/4
f 2549/913/4 2550/915/4 2551/914/4
f 2549/913/4 2551/914/4 2552/916/4
f 2548/917/4 2549/913/4 2552/916/4
f 2548/917/4 2552/916/4 2553/918/4
f 2547/919/4 2548/917/4 2553/918/4
f 2547/919/4 2553/918/4 2554/920/4
f 2546/921/4 2547/919/4 2554/920/4
f 2546/921/4 2554/920/4 2555/922/4
f 2546/921/4 2555/922/4 2556/923/4
f 2545/924/4 2546/921/4 2556/923/4
f 2545/924/4 2556/923/4 2557/925/4
f 2544/926/4 2545/924/4 2557/925/4
f 2544/926/4 2557/925/4 2558/927/4
f 2543/928/4 2544/926/4 2558/927/4
f 2543/928/4 2558/927/4 2559/929/4
f 2543/928/4 2559/929/4 2560/930/4
f 2542/931/4 2543/928/4 2560/930/4
f 2542/931/4 2560/930/4 2561/932/4
f 2541/933/4 2542/931/4 2561/932/4
f 2541/933/4 2561/932/4 2562/934/4
f 2540/935/4 2541/933/4 2562/934/4
f 2540/935/4 2562/934/4 2563/50/4
f 2540/935/4 2563/50/4 2490/936/4
f 2539/937/4 2540/935/4 2490/936/4
f 2538/938/4 2539/937/4 2490/936/4
f 2538/938/4 2490/936/4 2491/939/4
f 2537/940/4 2538/938/4 2491/939/4
f 2537/940/4 2491/939/4 2492/941/4
f 2537/940/4 2492/941/4 2493/942/4
f 2537/940/4 2493/942/4 2494/943/4
f 2536/944/4 2537/940/4 2494/943/4
f 2536/944/4 2494/943/4 2495/945/4
f 2512/946/4 2513/948/4 2514/947/4
f 2536/944/4 2495/945/4 2496/949/4
f 2511/950/4 2512/946/4 2514/947/4
f 2536/944/4 2496/949/4 2497/951/4
f 2510/952/4 2511/950/4 2514/947/4
f 2535/953/4 2536/944/4 2497/951/4
f 2509/954/4 2510/952/4 2514/947/4
f 2535/953/4 2497/951/4 2498/955/4
f 2508/956/4 2509/954/4 2514/947/4
f 2507/957/4 2508/956/4 2514/947/4
f 2535/953/4 2498/955/4 2499/958/4
f 2506/959/4 2507/957/4 2514/947/4
f 2505/960/4 2506/959/4 2514/947/4
f 2535/953/4 2499/958/4 2500/961/4
f 2504/962/4 2505/960/4 2514/947/4
f 2503/963/4 2504/962/4 2514/947/4
f 2535/953/4 2500/961/4 2501/964/4
f 2502/965/4 2503/963/4 2514/947/4
f 2501/964/4 2502/965/4 2514/947/4
f 2535/953/4 2501/964/4 2514/947/4
f 2534/966/4 2535/953/4 2514/947/4
f 2533/967/4 2534/966/4 2514/947/4
f 2532/968/4 2533/967/4 2514/947/4
f 2531/969/4 2532/968/4 2514/947/4
f 2530/970/4 2531/969/4 2514/947/4
f 2530/970/4 2514/947/4 2515/971/4
f 2529/972/4 2530/970/4 2515/971/4
f 2529/972/4 2515/971/4 2516/973/4
f 2529/972/4 2516/973/4 2517/974/4
f 2529/972/4 2517/974/4 2518/975/4
f 2528/976/4 2529/972/4 2518/975/4
f 2528/976/4 2518/975/4 2519/977/4
f 2528/976/4 2519/977/4 2520/978/4
f 2528/976/4 2520/978/4 2521/979/4
f 2527/980/4 2528/976/4 2521/979/4
f 2527/980/4 2521/979/4 2522/981/4
f 2527/980/4 2522/981/4 2523/982/4
f 2527/980/4 2523/982/4 2524/983/4
f 2526/202/4 2527/980/4 2524/983/4
f 2526/202/4 2524/983/4 2525/984/4
f 2449/985/4 2450/987/4 2451/986/4
f 2449/985/4 2451/986/4 2452/133/4
f 2448/988/4 2449/985/4 2452/133/4
f 2447/989/4 2448/988/4 2452/133/4
f 2447/989/4 2452/133/4 2453/990/4
f 2446/991/4 2447/989/4 2453/990/4
f 2446/991/4 2453/990/4 2454/992/4
f 2445/993/4 2446/991/4 2454/992/4
f 2445/993/4 2454/992/4 2455/994/4
f 2444/995/4 2445/993/4 2455/994/4
f 2444/995/4 2455/994/4 2456/996/4
f 2443/997/4 2444/995/4 2456/996/4
f 2443/997/4 2456/996/4 2457/998/4
f 2442/999/4 2443/997/4 2457/998/4
f 2442/999/4 2457/998/4 2458/1000/4
f 2441/1001/4 2442/999/4 2458/1000/4
f 2441/1001/4 2458/1000/4 2459/1002/4
f 2440/1003/4 2441/1001/4 2459/1002/4
f 2440/1003/4 2459/1002/4 2460/1004/4
f 2439/1005/4 2440/1003/4 2460/1004/4
f 2439/1005/4 2460/1004/4 2461/1006/4
f 2438/1007/4 2439/1005/4 2461/1006/4
f 2438/1007/4 2461/1006/4 2462/1008/4
f 2437/1009/4 2438/1007/4 2462/1008/4
f 2437/1009/4 2462/1008/4 2463/1010/4
f 2437/1009/4 2463/1010/4 2341/96/4
f 2436/1011/4 2437/1009/4 2341/96/4
f 2436/1011/4 2341/96/4 2342/1012/4
f 2435/1013/4 2436/1011/4 2342/1012/4
f 2435/1013/4 2342/1012/4 2343/1014/4
f 2434/1015/4 2435/1013/4 2343/1014/4
f 2434/1015/4 2343/1014/4 2344/1016/4
f 2433/1017/4 2434/1015/4 2344/1016/4
f 2433/1017/4 2344/1016/4 2345/1018/4
f 2432/1019/4 2433/1017/4 2345/1018/4
f 2432/1019/4 2345/1018/4 2346/1020/4
f 2431/1021/4 2432/1019/4 2346/1020/4
f 2431/1021/4 2346/1020/4 2347/1022/4
f 2430/1023/4 2431/1021/4 2347/1022/4
f 2430/1023/4 2347/1022/4 2348/1024/4
f 2429/1025/4 2430/1023/4 2348/1024/4
f 2429/1025/4 2348/1024/4 2349/1026/4
f 2428/1027/4 2429/1025/4 2349/1026/4
f 2428/1027/4 2349/1026/4 2350/1028/4
f 2427/1029/4 2428/1027/4 2350/1028/4
f 2427/1029/4 2350/1028/4 2351/1030/4
f 2427/1029/4 2351/1030/4 2352/1031/4
f 2426/1032/4 2427/1029/4 2352/1031/4
f 2375/1033/4 2376/1035/4 2377/1034/4
f 2426/1032/4 2352/1031/4 2353/1036/4
f 2374/1037/4 2375/1033/4 2377/1034/4
f 2426/1032/4 2353/1036/4 2354/1038/4
f 2373/1039/4 2374/1037/4 2377/1034/4
f 2425/1040/4 2426/1032/4 2354/1038/4
f 2373/1039/4 2377/1034/4 2378/179/4
f 2425/1040/4 2354/1038/4 2355/1041/4
f 2372/1042/4 2373/1039/4 2378/179/4
f 2425/1040/4 2355/1041/4 2356/1043/4
f 2371/1044/4 2372/1042/4 2378/179/4
f 2425/1040/4 2356/1043/4 2357/1045/4
f 2371/1044/4 2378/179/4 2379/1046/4
f 2424/1047/4 2425/1040/4 2357/1045/4
f 2370/1048/4 2371/1044/4 2379/1046/4
f 2424/1047/4 2357/1045/4 2358/1049/4
f 2369/1050/4 2370/1048/4 2379/1046/4
f 2369/1050/4 2379/1046/4 2380/1051/4
f 2424/1047/4 2358/1049/4 2359/1052/4
f 2368/1053/4 2369/1050/4 2380/1051/4
f 2423/1054/4 2424/1047/4 2359/1052/4
f 2423/1054/4 2359/1052/4 2360/1055/4
f 2368/1053/4 2380/1051/4 2381/1056/4
f 2367/1057/4 2368/1053/4 2381/1056/4
f 2423/1054/4 2360/1055/4 2361/1058/4
f 2366/1059/4 2367/1057/4 2381/1056/4
f 2423/1054/4 2361/1058/4 2364/1060/4
f 2364/1060/4 2361/1058/4 2362/1061/4
f 2423/1054/4 2364/1060/4 2365/1062/4
f 2363/1063/6 2364/1060/6 2362/1061/6
f 2366/1059/4 2381/1056/4 2382/1064/4
f 2422/1065/4 2423/1054/4 2365/1062/4
f 2365/1062/4 2366/1059/4 2382/1064/4
f 2422/1065/4 2365/1062/4 2382/1064/4
f 2422/1065/4 2382/1064/4 2383/1066/4
f 2421/1067/4 2422/1065/4 2383/1066/4
f 2421/1067/4 2383/1066/4 2384/1068/4
f 2421/1067/4 2384/1068/4 2385/1069/4
f 2420/1070/4 2421/1067/4 2385/1069/4
f 2420/1070/4 2385/1069/4 2386/1071/4
f 2419/1072/4 2420/1070/4 2386/1071/4
f 2419/1072/4 2386/1071/4 2387/1073/4
f 2419/1072/4 2387/1073/4 2388/1074/4
f 2418/1075/4 2419/1072/4 2388/1074/4
f 2418/1075/4 2388/1074/4 2389/1076/4
f 2417/1077/4 2418/1075/4 2389/1076/4
f 2417/1077/4 2389/1076/4 2390/1078/4
f 2417/1077/4 2390/1078/4 2391/1079/4
f 2417/1077/4 2391/1079/4 2392/1080/4
f 2417/1077/4 2392/1080/4 2393/1081/4
f 2417/1077/4 2393/1081/4 2394/1082/4
f 2417/1077/4 2394/1082/4 2395/1083/4
f 2417/1077/4 2395/1083/4 2396/1084/4
f 2416/1085/4 2417/1077/4 2396/1084/4
f 2416/1085/4 2396/1084/4 2397/1086/4
f 2416/1085/4 2397/1086/4 2398/1087/4
f 2416/1085/4 2398/1087/4 2399/1088/4
f 2416/1085/4 2399/1088/4 2400/1089/4
f 2416/1085/4 2400/1089/4 2401/1090/4
f 2416/1085/4 2401/1090/4 2402/1091/4
f 2416/1085/4 2402/1091/4 2403/1092/4
f 2415/228/4 2416/1085/4 2403/1092/4
f 2415/228/4 2403/1092/4 2404/1093/4
f 2415/228/4 2404/1093/4 2405/1094/4
f 2415/228/4 2405/1094/4 2406/1095/4
f 2415/228/4 2406/1095/4 2407/1096/4
f 2415/228/4 2407/1096/4 2408/1097/4
f 2415/228/4 2408/1097/4 2409/1098/4
f 2414/1099/4 2415/228/4 2409/1098/4
f 2414/1099/4 2409/1098/4 2410/1100/4
f 2414/1099/4 2410/1100/4 2411/1101/4
f 2414/1099/4 2411/1101/4 2412/1102/4
f 2414/1099/4 2412/1102/4 2413/1103/4
f 2848/654/4 2849/1104/4 2850/657/4
f 2848/654/4 2850/657/4 2851/1105/4
f 2847/1106/4 2848/654/4 2851/1105/4
f 2847/1106/4 2851/1105/4 2852/660/4
f 2846/652/4 2847/1106/4 2852/660/4
f 2846/652/4 2852/660/4 2853/1107/4
f 2845/1108/4 2846/652/4 2853/1107/4
f 2845/1108/4 2853/1107/4 2854/664/4
f 2845/1108/4 2854/664/4 2855/1109/4
f 2844/647/4 2845/1108/4 2855/1109/4
f 2844/647/4 2855/1109/4 2856/666/4
f 2843/1110/4 2844/647/4 2856/666/4
f 2843/1110/4 2856/666/4 2857/1111/4
f 2842/645/4 2843/1110/4 2857/1111/4
f 2842/645/4 2857/1111/4 2858/673/4
f 2841/1112/4 2842/645/4 2858/673/4
f 2841/1112/4 2858/673/4 2859/1113/4
f 2840/643/4 2841/1112/4 2859/1113/4
f 2749/1114/4 2750/766/4 2751/1115/4
f 2840/643/4 2859/1113/4 2860/675/4
f 2748/760/4 2749/1114/4 2751/1115/4
f 2747/1116/4 2748/760/4 2751/1115/4
f 2839/1117/4 2840/643/4 2860/675/4
f 2746/755/4 2747/1116/4 2751/1115/4
f 2745/1118/4 2746/755/4 2751/1115/4
f 2589/1119/4 2564/96/4 2565/1120/4
f 2839/1117/4 2860/675/4 2861/1121/4
f 2744/751/4 2745/1118/4 2751/1115/4
f 2743/1122/4 2744/751/4 2751/1115/4
f 2838/641/4 2839/1117/4 2861/1121/4
f 2742/747/4 2743/1122/4 2751/1115/4
f 2741/1123/4 2742/747/4 2751/1115/4
f 2589/1119/4 2565/1120/4 2566/723/4
f 2740/739/4 2741/1123/4 2751/1115/4
f 2838/641/4 2861/1121/4 2862/50/4
f 2739/1124/4 2740/739/4 2751/1115/4
f 2862/50/6 2739/1124/6 2751/1115/6
f 2838/641/4 2862/50/4 2751/1115/4
f 2589/1119/4 2566/723/4 2567/1125/4
f 2837/1126/4 2838/641/4 2751/1115/4
f 2812/679/4 2813/1127/4 2814/674/4
f 2812/679/4 2814/674/4 2815/1128/4
f 2812/679/4 2815/1128/4 2816/672/4
f 2836/642/4 2837/1126/4 2751/1115/4
f 2835/1129/4 2836/642/4 2751/1115/4
f 2812/679/4 2816/672/4 2817/1130/4
f 2834/640/4 2835/1129/4 2751/1115/4
f 2812/679/4 2817/1130/4 2818/665/4
f 2833/1131/4 2834/640/4 2751/1115/4
f 2589/1119/4 2567/1125/4 2568/722/4
f 2832/644/4 2833/1131/4 2751/1115/4
f 2812/679/4 2818/665/4 2819/1132/4
f 2831/1133/4 2832/644/4 2751/1115/4
f 2812/679/4 2819/1132/4 2820/662/4
f 2830/646/4 2831/1133/4 2751/1115/4
f 2812/679/4 2820/662/4 2821/1134/4
f 2829/1135/4 2830/646/4 2751/1115/4
f 2812/679/4 2821/1134/4 2822/659/4
f 2828/651/4 2829/1135/4 2751/1115/4
f 2812/679/4 2822/659/4 2823/1136/4
f 2827/1137/4 2828/651/4 2751/1115/4
f 2812/679/4 2823/1136/4 2824/656/4
f 2826/653/4 2827/1137/4 2751/1115/4
f 2812/679/4 2824/656/4 2825/1138/4
f 2825/1138/4 2826/653/4 2751/1115/4
f 2812/679/4 2825/1138/4 2751/1115/4
f 2589/1119/4 2568/722/4 2569/1139/4
f 2589/1119/4 2569/1139/4 2570/720/4
f 2589/1119/4 2570/720/4 2571/1140/4
f 2812/679/4 2751/1115/4 2752/774/4
f 2588/667/4 2589/1119/4 2571/1140/4
f 2812/679/4 2752/774/4 2753/1141/4
f 2588/667/4 2571/1140/4 2572/716/4
f 2812/679/4 2753/1141/4 2754/776/4
f 2812/679/4 2754/776/4 2755/1142/4
f 2587/1143/4 2588/667/4 2572/716/4
f 2812/679/4 2755/1142/4 2756/778/4
f 2812/679/4 2756/778/4 2757/1144/4
f 2587/1143/4 2572/716/4 2573/1145/4
f 2812/679/4 2757/1144/4 2758/780/4
f 2586/685/4 2587/1143/4 2573/1145/4
f 2812/679/4 2758/780/4 2759/1146/4
f 2812/679/4 2759/1146/4 2760/783/4
f 2812/679/4 2760/783/4 2761/1147/4
f 2586/685/4 2573/1145/4 2574/712/4
f 2585/1148/4 2586/685/4 2574/712/4
f 2812/679/4 2761/1147/4 2762/785/4
f 2812/679/4 2762/785/4 2763/1149/4
f 2812/679/4 2763/1149/4 2789/1150/4
f 2789/1150/4 2763/1149/4 2764/787/4
f 2585/1148/4 2574/712/4 2575/1151/4
f 2584/689/4 2585/1148/4 2575/1151/4
f 2811/1152/4 2812/679/4 2789/1150/4
f 2811/1152/4 2789/1150/4 2790/737/4
f 2788/743/4 2789/1150/4 2764/787/4
f 2810/683/4 2811/1152/4 2790/737/4
f 2787/1153/4 2788/743/4 2764/787/4
f 2810/683/4 2790/737/4 2791/1154/4
f 2809/1155/4 2810/683/4 2791/1154/4
f 2809/1155/4 2791/1154/4 2792/735/4
f 2808/693/4 2809/1155/4 2792/735/4
f 2808/693/4 2792/735/4 2793/1156/4
f 2807/1157/4 2808/693/4 2793/1156/4
f 2807/1157/4 2793/1156/4 2794/733/4
f 2806/704/4 2807/1157/4 2794/733/4
f 2806/704/4 2794/733/4 2795/1158/4
f 2805/1159/4 2806/704/4 2795/1158/4
f 2805/1159/4 2795/1158/4 2796/731/4
f 2804/717/4 2805/1159/4 2796/731/4
f 2804/717/4 2796/731/4 2797/1160/4
f 2803/1161/4 2804/717/4 2797/1160/4
f 2803/1161/4 2797/1160/4 2798/729/4
f 2802/724/4 2803/1161/4 2798/729/4
f 2802/724/4 2798/729/4 2799/1162/4
f 2801/1163/4 2802/724/4 2799/1162/4
f 2801/1163/4 2799/1162/4 2800/726/4
f 2584/689/4 2575/1151/4 2576/709/4
f 2583/1164/4 2584/689/4 2576/709/4
f 2786/746/4 2787/1153/4 2764/787/4
f 2582/695/4 2583/1164/4 2576/709/4
f 2582/695/4 2576/709/4 2581/1165/4
f 2581/1165/4 2576/709/4 2580/699/4
f 2580/699/4 2576/709/4 2579/1166/4
f 2579/1166/4 2576/709/4 2578/703/4
f 2578/703/4 2576/709/4 2577/1167/4
f 2786/746/4 2764/787/4 2765/1168/4
f 2785/1169/4 2786/746/4 2765/1168/4
f 2724/757/4 2725/1170/4 2726/754/4
f 2724/757/4 2726/754/4 2727/1171/4
f 2785/1169/4 2765/1168/4 2766/786/4
f 2724/757/4 2727/1171/4 2728/750/4
f 2723/1172/4 2724/757/4 2728/750/4
f 2784/753/4 2785/1169/4 2766/786/4
f 2723/1172/4 2728/750/4 2729/1173/4
f 2723/1172/4 2729/1173/4 2730/748/4
f 2784/753/4 2766/786/4 2767/1174/4
f 2722/761/4 2723/1172/4 2730/748/4
f 2722/761/4 2730/748/4 2731/1175/4
f 2722/761/4 2731/1175/4 2732/744/4
f 2783/1176/4 2784/753/4 2767/1174/4
f 2722/761/4 2732/744/4 2733/1177/4
f 2721/1178/4 2722/761/4 2733/1177/4
f 2721/1178/4 2733/1177/4 2734/742/4
f 2783/1176/4 2767/1174/4 2768/784/4
f 2721/1178/4 2734/742/4 2735/1179/4
f 2720/764/4 2721/1178/4 2735/1179/4
f 2720/764/4 2735/1179/4 2736/738/4
f 2782/758/4 2783/1176/4 2768/784/4
f 2720/764/4 2736/738/4 2737/1180/4
f 2720/764/4 2737/1180/4 2738/740/4
f 2719/1181/4 2720/764/4 2738/740/4
f 2719/1181/4 2738/740/4 2639/1182/4
f 2782/758/4 2768/784/4 2769/1183/4
f 2781/1184/4 2782/758/4 2769/1183/4
f 2718/768/4 2719/1181/4 2639/1182/4
f 2717/1185/4 2718/768/4 2639/1182/4
f 2781/1184/4 2769/1183/4 2770/782/4
f 2780/765/4 2781/1184/4 2770/782/4
f 2716/770/4 2717/1185/4 2639/1182/4
f 2779/1186/4 2780/765/4 2770/782/4
f 2779/1186/4 2770/782/4 2771/1187/4
f 2715/1188/4 2716/770/4 2639/1182/4
f 2714/773/4 2715/1188/4 2639/1182/4
f 2778/775/4 2779/1186/4 2771/1187/4
f 2778/775/4 2771/1187/4 2772/781/4
f 2713/133/4 2714/773/4 2712/772/4
f 2712/772/4 2714/773/4 2639/1182/4
f 2700/759/4 2701/1189/4 2702/762/4
f 2700/759/4 2702/762/4 2703/1190/4
f 2700/759/4 2703/1190/4 2704/763/4
f 2700/759/4 2704/763/4 2705/1191/4
f 2700/759/4 2705/1191/4 2706/767/4
f 2699/1192/4 2700/759/4 2706/767/4
f 2699/1192/4 2706/767/4 2707/1193/4
f 2699/1192/4 2707/1193/4 2708/769/4
f 2699/1192/4 2708/769/4 2709/1194/4
f 2699/1192/4 2709/1194/4 2710/771/4
f 2698/756/4 2699/1192/4 2710/771/4
f 2698/756/4 2710/771/4 2711/1195/4
f 2698/756/4 2711/1195/4 2712/772/4
f 2698/756/4 2712/772/4 2639/1182/4
f 2697/1196/4 2698/756/4 2639/1182/4
f 2777/1197/4 2778/775/4 2772/781/4
f 2696/752/4 2697/1196/4 2639/1182/4
f 2777/1197/4 2772/781/4 2773/1198/4
f 2695/1199/4 2696/752/4 2639/1182/4
f 2695/1199/4 2639/1182/4 2640/648/4
f 2776/777/4 2777/1197/4 2773/1198/4
f 2695/1199/4 2640/648/4 2641/1200/4
f 2694/749/4 2695/1199/4 2641/1200/4
f 2694/749/4 2641/1200/4 2642/650/4
f 2776/777/4 2773/1198/4 2774/779/4
f 2693/1201/4 2694/749/4 2642/650/4
f 2693/1201/4 2642/650/4 2643/1202/4
f 2693/1201/4 2643/1202/4 2644/649/4
f 2775/1203/4 2776/777/4 2774/779/4
f 2692/745/4 2693/1201/4 2590/669/4
f 2590/669/4 2693/1201/4 2638/661/4
f 2638/661/4 2693/1201/4 2644/649/4
f 2638/661/4 2644/649/4 2637/1204/4
f 2637/1204/4 2644/649/4 2645/1205/4
f 2636/671/4 2637/1204/4 2645/1205/4
f 2635/1206/4 2636/671/4 2645/1205/4
f 2692/745/4 2590/669/4 2591/1207/4
f 2634/676/4 2635/1206/4 2645/1205/4
f 2633/1208/4 2634/676/4 2645/1205/4
f 2632/680/4 2633/1208/4 2645/1205/4
f 2692/745/4 2591/1207/4 2592/668/4
f 2631/1209/4 2632/680/4 2645/1205/4
f 2630/686/4 2631/1209/4 2645/1205/4
f 2692/745/4 2592/668/4 2593/1210/4
f 2629/1211/4 2630/686/4 2645/1205/4
f 2628/690/4 2629/1211/4 2645/1205/4
f 2628/690/4 2645/1205/4 2646/655/4
f 2692/745/4 2593/1210/4 2594/678/4
f 2627/1212/4 2628/690/4 2646/655/4
f 2626/696/4 2627/1212/4 2646/655/4
f 2625/1213/4 2626/696/4 2646/655/4
f 2691/1214/4 2692/745/4 2594/678/4
f 2691/1214/4 2594/678/4 2595/1215/4
f 2625/1213/4 2646/655/4 2647/1216/4
f 2691/1214/4 2595/1215/4 2596/681/4
f 2691/1214/4 2596/681/4 2597/1217/4
f 2625/1213/4 2647/1216/4 2648/658/4
f 2690/741/4 2691/1214/4 2597/1217/4
f 2690/741/4 2597/1217/4 2598/687/4
f 2625/1213/4 2648/658/4 2664/702/4
f 2664/702/4 2648/658/4 2649/1218/4
f 2690/741/4 2598/687/4 2599/1219/4
f 2625/1213/4 2664/702/4 2665/1220/4
f 2663/1221/4 2664/702/4 2649/1218/4
f 2662/698/4 2663/1221/4 2649/1218/4
f 2624/700/4 2625/1213/4 2665/1220/4
f 2690/741/4 2599/1219/4 2600/691/4
f 2662/698/4 2649/1218/4 2650/663/4
f 2689/1222/4 2690/741/4 2600/691/4
f 2661/1223/4 2662/698/4 2650/663/4
f 2689/1222/4 2600/691/4 2601/1224/4
f 2623/1225/4 2624/700/4 2665/1220/4
f 2661/1223/4 2650/663/4 2651/1226/4
f 2660/692/4 2661/1223/4 2651/1226/4
f 2689/1222/4 2601/1224/4 2602/697/4
f 2622/705/4 2623/1225/4 2665/1220/4
f 2659/1227/4 2660/692/4 2651/1226/4
f 2622/705/4 2665/1220/4 2666/708/4
f 2688/736/4 2689/1222/4 2602/697/4
f 2659/1227/4 2651/1226/4 2658/688/4
f 2658/688/4 2651/1226/4 2657/1228/4
f 2657/1228/4 2651/1226/4 2656/682/4
f 2656/682/4 2651/1226/4 2655/1229/4
f 2655/1229/4 2651/1226/4 2654/677/4
f 2654/677/4 2651/1226/4 2653/1230/4
f 2653/1230/4 2651/1226/4 2652/670/4
f 2688/736/4 2602/697/4 2603/1231/4
f 2621/1232/4 2622/705/4 2666/708/4
f 2688/736/4 2603/1231/4 2604/701/4
f 2621/1232/4 2666/708/4 2667/1233/4
f 2620/710/4 2621/1232/4 2667/1233/4
f 2688/736/4 2604/701/4 2605/1234/4
f 2687/1235/4 2688/736/4 2605/1234/4
f 2619/1236/4 2620/710/4 2667/1233/4
f 2687/1235/4 2605/1234/4 2606/707/4
f 2687/1235/4 2606/707/4 2607/1237/4
f 2618/713/4 2619/1236/4 2667/1233/4
f 2618/713/4 2667/1233/4 2668/684/4
f 2687/1235/4 2607/1237/4 2608/711/4
f 2617/1238/4 2618/713/4 2668/684/4
f 2686/734/4 2687/1235/4 2608/711/4
f 2686/734/4 2608/711/4 2609/1239/4
f 2616/714/4 2617/1238/4 2668/684/4
f 2686/734/4 2609/1239/4 2610/715/4
f 2615/1240/4 2616/714/4 2668/684/4
f 2615/1240/4 2668/684/4 2669/1241/4
f 2686/734/4 2610/715/4 2611/1242/4
f 2614/721/4 2615/1240/4 2669/1241/4
f 2686/734/4 2611/1242/4 2612/719/4
f 2613/1243/4 2614/721/4 2669/1241/4
f 2686/734/4 2612/719/4 2613/1243/4
f 2686/734/4 2613/1243/4 2669/1241/4
f 2685/1244/4 2686/734/4 2669/1241/4
f 2685/1244/4 2669/1241/4 2670/694/4
f 2684/732/4 2685/1244/4 2670/694/4
f 2684/732/4 2670/694/4 2671/1245/4
f 2683/1246/4 2684/732/4 2671/1245/4
f 2683/1246/4 2671/1245/4 2672/706/4
f 2682/730/4 2683/1246/4 2672/706/4
f 2682/730/4 2672/706/4 2673/1247/4
f 2681/1248/4 2682/730/4 2673/1247/4
f 2681/1248/4 2673/1247/4 2674/718/4
f 2680/728/4 2681/1248/4 2674/718/4
f 2680/728/4 2674/718/4 2675/1249/4
f 2679/1250/4 2680/728/4 2675/1249/4
f 2679/1250/4 2675/1249/4 2676/725/4
f 2678/727/4 2679/1250/4 2676/725/4
f 2678/727/4 2676/725/4 2677/1251/4
s 1
f 2864/1252/7 2866/1253/8 2865/226/8 2863/96/7
f 2866/1253/8 2868/1254/9 2867/238/9 2865/226/8
f 2868/1254/9 2870/1255/10 2869/215/10 2867/238/9
f 2870/1255/10 2872/1256/11 2871/189/11 2869/215/10
f 2872/1256/11 2874/1257/12 2873/161/12 2871/189/11
f 2874/1257/12 2876/1258/13 2875/140/13 2873/161/12
f 2876/1258/13 2878/1259/14 2877/170/14 2875/140/13
f 2878/1259/14 2880/1260/15 2879/198/15 2877/170/14
f 2880/1260/15 2882/1261/16 2881/245/16 2879/198/15
f 2882/1261/16 2884/1262/17 2883/273/17 2881/245/16
f 2884/1262/17 2886/1263/18 2885/231/18 2883/273/17
f 2886/1263/18 2888/1264/19 2887/188/19 2885/231/18
f 2888/1264/19 2890/1265/20 2889/133/20 2887/188/19
f 2890/1265/20 2892/1266/21 2891/124/21 2889/133/20
f 2892/1266/21 2894/1267/22 2893/147/22 2891/124/21
f 2894/1267/22 2896/1268/23 2895/200/23 2893/147/22
f 2896/1268/23 2898/1269/24 2897/251/24 2895/200/23
f 2898/1269/24 2900/1270/25 2899/270/25 2897/251/24
f 2900/1270/25 2902/1271/26 2901/261/26 2899/270/25
f 2902/1271/26 2904/1272/27 2903/254/27 2901/261/26
f 2904/1272/27 2906/1273/28 2905/227/28 2903/254/27
f 2906/1273/28 2908/1274/29 2907/193/29 2905/227/28
f 2908/1274/29 2910/1275/30 2909/159/30 2907/193/29
f 2910/1275/30 2912/1276/31 2911/134/31 2909/159/30
f 2912/1276/31 2914/1277/32 2913/167/32 2911/134/31
f 2914/1277/32 2864/1278/7 2863/50/7 2913/167/32
f 2916/1252/33 2918/1279/34 2917/1280/34 2915/96/33
f 2918/1279/34 2920/1281/35 2919/1282/35 2917/1280/34
f 2920/1281/35 2922/1283/36 2921/1284/36 2919/1282/35
f 2922/1283/36 2924/1285/37 2923/1286/37 2921/1284/36
f 2924/1285/37 2926/1287/38 2925/1288/38 2923/1286/37
f 2926/1287/38 2928/1289/39 2927/1290/39 2925/1288/38
f 2928/1289/39 2930/1291/40 2929/494/40 2927/1290/39
f 2930/1291/40 2932/1292/41 2931/1293/41 2929/494/40
f 2932/1292/41 2934/1294/42 2933/1295/42 2931/1293/41
f 2934/1294/42 2936/1296/43 2935/1297/43 2933/1295/42
f 2936/1296/43 2938/1298/44 2937/1299/44 2935/1297/43
f 2938/1298/44 2940/1300/45 2939/1301/45 2937/1299/44
f 2940/1300/45 2942/1302/46 2941/1303/46 2939/1301/45
f 2942/1302/46 2944/1304/47 2943/329/47 2941/1303/46
f 2944/1304/47 2946/1305/48 2945/1306/48 2943/329/47
f 2946/1305/48 2948/1307/49 2947/1308/49 2945/1306/48
f 2948/1307/49 2950/1309/50 2949/1310/50 2947/1308/49
f 2950/1309/50 2952/1311/51 2951/1312/51 2949/1310/50
f 2952/1311/51 2954/1313/52 2953/1314/52 2951/1312/51
f 2954/1313/52 2956/1315/53 2955/1316/53 2953/1314/52
f 2956/1315/53 2958/1317/54 2957/398/54 2955/1316/53
f 2958/1317/54 2960/1318/55 2959/1319/55 2957/398/54
f 2960/1318/55 2962/1320/56 2961/1321/56 2959/1319/55
f 2962/1320/56 2964/1322/57 2963/1323/57 2961/1321/56
f 2964/1322/57 2966/1324/58 2965/1325/58 2963/1323/57
f 2966/1324/58 2968/1326/59 2967/1327/59 2965/1325/58
f 2968/1326/59 2970/1328/60 2969/1329/60 2967/1327/59
f 2970/1328/60 2972/1330/61 2971/444/61 2969/1329/60
f 2972/1330/61 2974/1331/62 2973/1332/62 2971/444/61
f 2974/1331/62 2976/1333/63 2975/1334/63 2973/1332/62
f 2976/1333/63 2978/1335/64 2977/1336/64 2975/1334/63
f 2978/1335/64 2980/1337/65 2979/1338/65 2977/1336/64
f 2980/1337/65 2982/1339/66 2981/1340/66 2979/1338/65
f 2982/1339/66 2984/1341/67 2983/1342/67 2981/1340/66
f 2984/1341/67 2986/1343/68 2985/405/68 2983/1342/67
f 2986/1343/68 2988/1344/69 2987/1345/69 2985/405/68
f 2988/1344/69 2990/1346/70 2989/1347/70 2987/1345/69
f 2990/1346/70 2992/1348/71 2991/1349/71 2989/1347/70
f 2992/1348/71 2994/1350/72 2993/1351/72 2991/1349/71
f 2994/1350/72 2996/1352/73 2995/1353/73 2993/1351/72
f 2996/1352/73 2998/1354/74 2997/1355/74 2995/1353/73
f 2998/1354/74 3000/1356/75 2999/331/75 2997/1355/74
f 3000/1356/75 3002/1357/76 3001/1358/76 2999/331/75
f 3002/1357/76 3004/1359/77 3003/1360/77 3001/1358/76
f 3004/1359/77 3006/1361/78 3005/1362/78 3003/1360/77
f 3006/1361/78 3008/1363/79 3007/1364/79 3005/1362/78
f 3008/1363/79 3010/1365/80 3009/1366/80 3007/1364/79
f 3010/1365/80 3012/1367/81 3011/1368/81 3009/1366/80
f 3012/1367/81 2916/1278/33 2915/50/33 3011/1368/81
f 3014/1252/82 3016/1369/83 3015/1370/83 3013/96/82
f 3016/1369/83 3018/1371/84 3017/1372/84 3015/1370/83
f 3018/1371/84 3020/1373/85 3019/1374/85 3017/1372/84
f 3020/1373/85 3022/1375/86 3021/1376/86 3019/1374/85
f 3022/1375/86 3024/1377/87 3023/1378/87 3021/1376/86
f 3024/1377/87 3026/1379/88 3025/1380/88 3023/1378/87
f 3026/1379/88 3028/1381/89 3027/1382/89 3025/1380/88
f 3028/1381/89 3030/1383/90 3029/1384/90 3027/1382/89
f 3030/1383/90 3032/1385/91 3031/1386/91 3029/1384/90
f 3032/1385/91 3034/1387/92 3033/554/92 3031/1386/91
f 3034/1387/92 3036/1388/93 3035/1389/93 3033/554/92
f 3036/1388/93 3038/1390/94 3037/1391/94 3035/1389/93
f 3038/1390/94 3040/1392/95 3039/1393/95 3037/1391/94
f 3040/1392/95 3042/1394/96 3041/1395/96 3039/1393/95
f 3042/1394/96 3044/1396/97 3043/1397/97 3041/1395/96
f 3044/1396/97 3046/1398/98 3045/1399/98 3043/1397/97
f 3046/1398/98 3048/1400/99 3047/1401/99 3045/1399/98
f 3048/1400/99 3050/1402/100 3049/1403/100 3047/1401/99
f 3050/1402/100 3052/1404/101 3051/1405/101 3049/1403/100
f 3052/1404/101 3054/1406/102 3053/542/102 3051/1405/101
f 3054/1406/102 3056/1407/103 3055/1408/103 3053/542/102
f 3056/1407/103 3058/1409/104 3057/1410/104 3055/1408/103
f 3058/1409/104 3060/1411/105 3059/1412/105 3057/1410/104
f 3060/1411/105 3062/1413/106 3061/1414/106 3059/1412/105
f 3062/1413/106 3064/1415/107 3063/153/107 3061/1414/106
f 3064/1415/107 3066/1416/108 3065/1417/108 3063/153/107
f 3066/1416/108 3068/1418/109 3067/1419/109 3065/1417/108
f 3068/1418/109 3070/1420/110 3069/1421/110 3067/1419/109
f 3070/1420/110 3072/1422/111 3071/1423/111 3069/1421/110
f 3072/1422/111 3074/1424/112 3073/589/112 3071/1423/111
f 3074/1424/112 3076/1425/113 3075/1426/113 3073/589/112
f 3076/1425/113 3078/1427/114 3077/1428/114 3075/1426/113
f 3078/1427/114 3080/1429/115 3079/1430/115 3077/1428/114
f 3080/1429/115 3082/1431/116 3081/1432/116 3079/1430/115
f 3082/1431/116 3084/1433/117 3083/1434/117 3081/1432/116
f 3084/1433/117 3086/1435/118 3085/1436/118 3083/1434/117
f 3086/1435/118 3088/1437/119 3087/1438/119 3085/1436/118
f 3088/1437/119 3090/1439/120 3089/1440/120 3087/1438/119
f 3090/1439/120 3092/1441/121 3091/1442/121 3089/1440/120
f 3092/1441/121 3094/1443/122 3093/611/122 3091/1442/121
f 3094/1443/122 3096/1444/123 3095/1445/123 3093/611/122
f 3096/1444/123 3098/1446/124 3097/1447/124 3095/1445/123
f 3098/1446/124 3100/1448/125 3099/1449/125 3097/1447/124
f 3100/1448/125 3102/1450/126 3101/1451/126 3099/1449/125
f 3102/1450/126 3104/1452/127 3103/1453/127 3101/1451/126
f 3104/1452/127 3106/1454/128 3105/1455/128 3103/1453/127
f 3106/1454/128 3108/1456/129 3107/1457/129 3105/1455/128
f 3108/1456/129 3110/1458/130 3109/1459/130 3107/1457/129
f 3110/1458/130 3112/1460/131 3111/1461/131 3109/1459/130
f 3112/1460/131 3114/1265/132 3113/133/132 3111/1461/131
f 3114/1265/132 3116/1462/133 3115/1463/133 3113/133/132
f 3116/1462/133 3118/1464/134 3117/1465/134 3115/1463/133
f 3118/1464/134 3120/1466/135 3119/1467/135 3117/1465/134
f 3120/1466/135 3122/1468/136 3121/1469/136 3119/1467/135
f 3122/1468/136 3124/1470/137 3123/1471/137 3121/1469/136
f 3124/1470/137 3126/1472/138 3125/1473/138 3123/1471/137
f 3126/1472/138 3128/1474/139 3127/1475/139 3125/1473/138
f 3128/1474/139 3130/1476/140 3129/1477/140 3127/1475/139
f 3130/1476/140 3132/1478/141 3131/1479/141 3129/1477/140
f 3132/1478/141 3134/1480/142 3133/635/142 3131/1479/141
f 3134/1480/142 3136/1481/143 3135/1482/143 3133/635/142
f 3136/1481/143 3138/1483/144 3137/1484/144 3135/1482/143
f 3138/1483/144 3140/1485/145 3139/1486/145 3137/1484/144
f 3140/1485/145 3142/1487/146 3141/1488/146 3139/1486/145
f 3142/1487/146 3144/1489/147 3143/1490/147 3141/1488/146
f 3144/1489/147 3146/1491/148 3145/1492/148 3143/1490/147
f 3146/1491/148 3148/1493/149 3147/1494/149 3145/1492/148
f 3148/1493/149 3150/1495/150 3149/1496/150 3147/1494/149
f 3150/1495/150 3152/1497/151 3151/1498/151 3149/1496/150
f 3152/1497/151 3154/1499/152 3153/610/152 3151/1498/151
f 3154/1499/152 3156/1500/153 3155/1501/153 3153/610/152
f 3156/1500/153 3158/1502/154 3157/1503/154 3155/1501/153
f 3158/1502/154 3160/1504/66 3159/1505/66 3157/1503/154
f 3160/1504/66 3162/1506/155 3161/1507/155 3159/1505/66
f 3162/1506/155 3164/1508/156 3163/258/156 3161/1507/155
f 3164/1508/156 3166/1509/157 3165/1510/157 3163/258/156
f 3166/1509/157 3168/1511/158 3167/1512/158 3165/1510/157
f 3168/1511/158 3170/1513/159 3169/1514/159 3167/1512/158
f 3170/1513/159 3172/1515/160 3171/1516/160 3169/1514/159
f 3172/1515/160 3174/1517/161 3173/595/161 3171/1516/160
f 3174/1517/161 3176/1518/162 3175/1519/162 3173/595/161
f 3176/1518/162 3178/1520/163 3177/1521/163 3175/1519/162
f 3178/1520/163 3180/1522/164 3179/1523/164 3177/1521/163
f 3180/1522/164 3182/1524/165 3181/1525/165 3179/1523/164
f 3182/1524/165 3184/1526/166 3183/1527/166 3181/1525/165
f 3184/1526/166 3186/1528/167 3185/1529/167 3183/1527/166
f 3186/1528/167 3188/1530/168 3187/1531/168 3185/1529/167
f 3188/1530/168 3190/1532/169 3189/1533/169 3187/1531/168
f 3190/1532/169 3192/1534/170 3191/1535/170 3189/1533/169
f 3192/1534/170 3194/1536/171 3193/573/171 3191/1535/170
f 3194/1536/171 3196/1537/172 3195/1538/172 3193/573/171
f 3196/1537/172 3198/1539/173 3197/1540/173 3195/1538/172
f 3198/1539/173 3200/1541/174 3199/1542/174 3197/1540/173
f 3200/1541/174 3202/1543/175 3201/1544/175 3199/1542/174
f 3202/1543/175 3204/1545/176 3203/1546/176 3201/1544/175
f 3204/1545/176 3206/1547/177 3205/1548/177 3203/1546/176
f 3206/1547/177 3208/1549/178 3207/1550/178 3205/1548/177
f 3208/1549/178 3210/1551/179 3209/1552/179 3207/1550/178
f 3210/1551/179 3212/1553/180 3211/1554/180 3209/1552/179
f 3212/1553/180 3014/1278/82 3013/50/82 3211/1554/180
f 3214/1252/181 3216/1555/182 3215/1556/182 3213/96/181
f 3216/1555/182 3218/1557/183 3217/1558/183 3215/1556/182
f 3218/1557/183 3220/1559/184 3219/1560/184 3217/1558/183
f 3220/1559/184 3222/1561/185 3221/1562/185 3219/1560/184
f 3222/1561/185 3224/1563/186 3223/1564/186 3221/1562/185
f 3224/1563/186 3226/1565/187 3225/1566/187 3223/1564/186
f 3226/1565/187 3228/1567/188 3227/1568/188 3225/1566/187
f 3228/1567/188 3230/1569/189 3229/1570/189 3227/1568/188
f 3230/1569/189 3232/1571/190 3231/1572/190 3229/1570/189
f 3232/1571/190 3234/1573/191 3233/1574/191 3231/1572/190
f 3234/1573/191 3236/1575/192 3235/1576/192 3233/1574/191
f 3236/1575/192 3238/1577/193 3237/1578/193 3235/1576/192
f 3238/1577/193 3240/1579/194 3239/1580/194 3237/1578/193
f 3240/1579/194 3242/1581/195 3241/1582/195 3239/1580/194
f 3242/1581/195 3244/1583/196 3243/1584/196 3241/1582/195
f 3244/1583/196 3246/1585/197 3245/1586/197 3243/1584/196
f 3246/1585/197 3248/1587/198 3247/1588/198 3245/1586/197
f 3248/1587/198 3250/1589/199 3249/1590/199 3247/1588/198
f 3250/1589/199 3252/1591/200 3251/1592/200 3249/1590/199
f 3252/1591/200 3254/1593/201 3253/1594/201 3251/1592/200
f 3254/1593/201 3256/1595/202 3255/1596/202 3253/1594/201
f 3256/1595/202 3258/1597/203 3257/1598/203 3255/1596/202
f 3258/1597/203 3260/1599/204 3259/1600/204 3257/1598/203
f 3260/1599/204 3262/1601/205 3261/1602/205 3259/1600/204
f 3262/1601/205 3264/1603/206 3263/1604/206 3261/1602/205
f 3264/1603/206 3266/1605/207 3265/1606/207 3263/1604/206
f 3266/1605/207 3268/1607/208 3267/1608/208 3265/1606/207
f 3268/1607/208 3270/1609/209 3269/1610/209 3267/1608/208
f 3270/1609/209 3272/1611/210 3271/1612/210 3269/1610/209
f 3272/1611/210 3274/1613/211 3273/1614/211 3271/1612/210
f 3274/1613/211 3276/1415/212 3275/153/212 3273/1614/211
f 3276/1415/212 3278/1615/213 3277/1616/213 3275/153/212
f 3278/1615/213 3280/1617/214 3279/1618/214 3277/1616/213
f 3280/1617/214 3282/1619/215 3281/1620/215 3279/1618/214
f 3282/1619/215 3284/1621/216 3283/1622/216 3281/1620/215
f 3284/1621/216 3286/1623/217 3285/1624/217 3283/1622/216
f 3286/1623/217 3288/1625/218 3287/1626/218 3285/1624/217
f 3288/1625/218 3290/1627/219 3289/1628/219 3287/1626/218
f 3290/1627/219 3292/1629/220 3291/1630/220 3289/1628/219
f 3292/1629/220 3294/1631/221 3293/1632/221 3291/1630/220
f 3294/1631/221 3296/1633/222 3295/1634/222 3293/1632/221
f 3296/1633/222 3298/1635/223 3297/1636/223 3295/1634/222
f 3298/1635/223 3300/1637/224 3299/1638/224 3297/1636/223
f 3300/1637/224 3302/1639/225 3301/1640/225 3299/1638/224
f 3302/1639/225 3304/1641/226 3303/1642/226 3301/1640/225
f 3304/1641/226 3306/1643/227 3305/1644/227 3303/1642/226
f 3306/1643/227 3308/1645/228 3307/1646/228 3305/1644/227
f 3308/1645/228 3310/1647/229 3309/1648/229 3307/1646/228
f 3310/1647/229 3312/1649/230 3311/1650/230 3309/1648/229
f 3312/1649/230 3314/1651/231 3313/1652/231 3311/1650/230
f 3314/1651/231 3316/1653/232 3315/1654/232 3313/1652/231
f 3316/1653/232 3318/1655/233 3317/1656/233 3315/1654/232
f 3318/1655/233 3320/1657/234 3319/1658/234 3317/1656/233
f 3320/1657/234 3322/1659/235 3321/1660/235 3319/1658/234
f 3322/1659/235 3324/1661/236 3323/1662/236 3321/1660/235
f 3324/1661/236 3326/1663/237 3325/1664/237 3323/1662/236
f 3326/1663/237 3328/1665/238 3327/1666/238 3325/1664/237
f 3328/1665/238 3330/1667/239 3329/1668/239 3327/1666/238
f 3330/1667/239 3332/1669/240 3331/1670/240 3329/1668/239
f 3332/1669/240 3334/1671/241 3333/1672/241 3331/1670/240
f 3334/1671/241 3336/1673/242 3335/1674/242 3333/1672/241
f 3336/1673/242 3338/1265/243 3337/133/243 3335/1674/242
f 3338/1265/243 3340/1675/244 3339/1676/244 3337/133/243
f 3340/1675/244 3342/1677/245 3341/1678/245 3339/1676/244
f 3342/1677/245 3344/1679/246 3343/1680/246 3341/1678/245
f 3344/1679/246 3346/1681/247 3345/1682/247 3343/1680/246
f 3346/1681/247 3348/1683/248 3347/1684/248 3345/1682/247
f 3348/1683/248 3350/1685/249 3349/1686/249 3347/1684/248
f 3350/1685/249 3352/1687/250 3351/1688/250 3349/1686/249
f 3352/1687/250 3354/1689/251 3353/1690/251 3351/1688/250
f 3354/1689/251 3356/1691/252 3355/1692/252 3353/1690/251
f 3356/1691/252 3358/1693/253 3357/1694/253 3355/1692/252
f 3358/1693/253 3360/1695/254 3359/1696/254 3357/1694/253
f 3360/1695/254 3362/1697/255 3361/1698/255 3359/1696/254
f 3362/1697/255 3364/1699/256 3363/1700/256 3361/1698/255
f 3364/1699/256 3366/1701/257 3365/1702/257 3363/1700/256
f 3366/1701/257 3368/1703/258 3367/1704/258 3365/1702/257
f 3368/1703/258 3370/1705/259 3369/1706/259 3367/1704/258
f 3370/1705/259 3372/1707/260 3371/1708/260 3369/1706/259
f 3372/1707/260 3374/1709/261 3373/1710/261 3371/1708/260
f 3374/1709/261 3376/1711/262 3375/1712/262 3373/1710/261
f 3376/1711/262 3378/1713/263 3377/1714/263 3375/1712/262
f 3378/1713/263 3380/1715/264 3379/1716/264 3377/1714/263
f 3380/1715/264 3382/1717/265 3381/1718/265 3379/1716/264
f 3382/1717/265 3384/1719/266 3383/1720/266 3381/1718/265
f 3384/1719/266 3386/1721/267 3385/1722/267 3383/1720/266
f 3386/1721/267 3388/1723/268 3387/1724/268 3385/1722/267
f 3388/1723/268 3390/1725/269 3389/1726/269 3387/1724/268
f 3390/1725/269 3392/1727/270 3391/1728/270 3389/1726/269
f 3392/1727/270 3394/1729/271 3393/1730/271 3391/1728/270
f 3394/1729/271 3396/1731/272 3395/1732/272 3393/1730/271
f 3396/1731/272 3398/1733/273 3397/1734/273 3395/1732/272
f 3398/1733/273 3400/1508/274 3399/258/274 3397/1734/273
f 3400/1508/274 3402/1735/275 3401/1736/275 3399/258/274
f 3402/1735/275 3404/1737/276 3403/1738/276 3401/1736/275
f 3404/1737/276 3406/1739/277 3405/1740/277 3403/1738/276
f 3406/1739/277 3408/1741/278 3407/1742/278 3405/1740/277
f 3408/1741/278 3410/1743/279 3409/1744/279 3407/1742/278
f 3410/1743/279 3412/1745/280 3411/1746/280 3409/1744/279
f 3412/1745/280 3414/1747/281 3413/1748/281 3411/1746/280
f 3414/1747/281 3416/1749/282 3415/1750/282 3413/1748/281
f 3416/1749/282 3418/1751/283 3417/1752/283 3415/1750/282
f 3418/1751/283 3420/1753/284 3419/1754/284 3417/1752/283
f 3420/1753/284 3422/1755/285 3421/1756/285 3419/1754/284
f 3422/1755/285 3424/1757/286 3423/1758/286 3421/1756/285
f 3424/1757/286 3426/1759/287 3425/1760/287 3423/1758/286
f 3426/1759/287 3428/1761/288 3427/1762/288 3425/1760/287
f 3428/1761/288 3430/1763/289 3429/1764/289 3427/1762/288
f 3430/1763/289 3432/1765/290 3431/1766/290 3429/1764/289
f 3432/1765/290 3434/1767/291 3433/1768/291 3431/1766/290
f 3434/1767/291 3436/1769/292 3435/1770/292 3433/1768/291
f 3436/1769/292 3438/1771/293 3437/1772/293 3435/1770/292
f 3438/1771/293 3440/1773/294 3439/1774/294 3437/1772/293
f 3440/1773/294 3442/1775/295 3441/1776/295 3439/1774/294
f 3442/1775/295 3444/1777/296 3443/1778/296 3441/1776/295
f 3444/1777/296 3446/1779/297 3445/1780/297 3443/1778/296
f 3446/1779/297 3448/1781/298 3447/1782/298 3445/1780/297
f 3448/1781/298 3450/1783/299 3449/1784/299 3447/1782/298
f 3450/1783/299 3452/1785/300 3451/1786/300 3449/1784/299
f 3452/1785/300 3454/1787/301 3453/1788/301 3451/1786/300
f 3454/1787/301 3456/1789/302 3455/1790/302 3453/1788/301
f 3456/1789/302 3458/1791/303 3457/1792/303 3455/1790/302
f 3458/1791/303 3460/1793/304 3459/1794/304 3457/1792/303
f 3460/1793/304 3214/1278/181 3213/50/181 3459/1794/304
f 3462/1252/305 3464/1253/306 3463/226/306 3461/96/305
f 3464/1253/306 3466/1254/307 3465/238/307 3463/226/306
f 3466/1254/307 3468/1255/308 3467/215/308 3465/238/307
f 3468/1255/308 3470/1256/309 3469/189/309 3467/215/308
f 3470/1256/309 3472/1257/310 3471/161/310 3469/189/309
f 3472/1257/310 3474/1258/311 3473/140/311 3471/161/310
f 3474/1258/311 3476/1259/312 3475/170/312 3473/140/311
f 3476/1259/312 3478/1260/313 3477/198/313 3475/170/312
f 3478/1260/313 3480/1261/314 3479/245/314 3477/198/313
f 3480/1261/314 3482/1262/315 3481/273/315 3479/245/314
f 3482/1262/315 3484/1263/316 3483/231/316 3481/273/315
f 3484/1263/316 3486/1264/317 3485/188/317 3483/231/316
f 3486/1264/317 3488/1265/318 3487/133/318 3485/188/317
f 3488/1265/318 3490/1266/319 3489/124/319 3487/133/318
f 3490/1266/319 3492/1267/320 3491/147/320 3489/124/319
f 3492/1267/320 3494/1268/321 3493/200/321 3491/147/320
f 3494/1268/321 3496/1269/322 3495/251/322 3493/200/321
f 3496/1269/322 3498/1270/323 3497/270/323 3495/251/322
f 3498/1270/323 3500/1271/324 3499/261/324 3497/270/323
f 3500/1271/324 3502/1272/325 3501/254/325 3499/261/324
f 3502/1272/325 3504/1273/326 3503/227/326 3501/254/325
f 3504/1273/326 3506/1274/327 3505/193/327 3503/227/326
f 3506/1274/327 3508/1275/328 3507/159/328 3505/193/327
f 3508/1275/328 3510/1276/329 3509/134/329 3507/159/328
f 3510/1276/329 3512/1277/330 3511/167/330 3509/134/329
f 3512/1277/330 3462/1278/305 3461/50/305 3511/167/330
f 3514/1252/331 3516/1795/332 3515/1016/332 3513/96/331
f 3516/1795/332 3518/1796/333 3517/1022/333 3515/1016/332
f 3518/1796/333 3520/1797/334 3519/1028/334 3517/1022/333
f 3520/1797/334 3522/1798/335 3521/1036/335 3519/1028/334
f 3522/1798/335 3524/1799/336 3523/1043/336 3521/1036/335
f 3524/1799/336 3526/1800/337 3525/1052/337 3523/1043/336
f 3526/1800/337 3528/1801/338 3527/1061/338 3525/1052/337
f 3528/1801/338 3530/1802/339 3529/1062/339 3527/1061/338
f 3530/1802/339 3532/1803/340 3531/1053/340 3529/1062/339
f 3532/1803/340 3534/1804/341 3533/1044/341 3531/1053/340
f 3534/1804/341 3536/1805/342 3535/1037/342 3533/1044/341
f 3536/1805/342 3538/1806/343 3537/1034/343 3535/1037/342
f 3538/1806/343 3540/1807/344 3539/1051/344 3537/1034/343
f 3540/1807/344 3542/1808/345 3541/1066/345 3539/1051/344
f 3542/1808/345 3544/1809/346 3543/1071/346 3541/1066/345
f 3544/1809/346 3546/1810/347 3545/1076/347 3543/1071/346
f 3546/1810/347 3548/1811/348 3547/1080/348 3545/1076/347
f 3548/1811/348 3550/1812/349 3549/1083/349 3547/1080/348
f 3550/1812/349 3552/1813/350 3551/1087/350 3549/1083/349
f 3552/1813/350 3554/1814/351 3553/1090/351 3551/1087/350
f 3554/1814/351 3556/1815/352 3555/1093/352 3553/1090/351
f 3556/1815/352 3558/1816/353 3557/1096/353 3555/1093/352
f 3558/1816/353 3560/1817/354 3559/1100/354 3557/1096/353
f 3560/1817/354 3562/1818/355 3561/1103/355 3559/1100/354
f 3562/1818/355 3564/1819/356 3563/1085/356 3561/1103/355
f 3564/1819/356 3566/1820/357 3565/1072/357 3563/1085/356
f 3566/1820/357 3568/1821/358 3567/1065/358 3565/1072/357
f 3568/1821/358 3570/1822/359 3569/1040/359 3567/1065/358
f 3570/1822/359 3572/1823/360 3571/1027/360 3569/1040/359
f 3572/1823/360 3574/1824/361 3573/1021/361 3571/1027/360
f 3574/1824/361 3576/1825/362 3575/1015/362 3573/1021/361
f 3576/1825/362 3578/1826/363 3577/1009/363 3575/1015/362
f 3578/1826/363 3580/1827/364 3579/1003/364 3577/1009/363
f 3580/1827/364 3582/1828/365 3581/997/365 3579/1003/364
f 3582/1828/365 3584/1829/366 3583/991/366 3581/997/365
f 3584/1829/366 3586/1830/367 3585/985/367 3583/991/366
f 3586/1830/367 3588/1265/368 3587/133/368 3585/985/367
f 3588/1265/368 3590/1831/369 3589/994/369 3587/133/368
f 3590/1831/369 3592/1832/370 3591/1000/370 3589/994/369
f 3592/1832/370 3594/1833/371 3593/1006/371 3591/1000/370
f 3594/1833/371 3596/1834/372 3595/889/372 3593/1006/371
f 3596/1834/372 3598/1835/373 3597/906/373 3595/889/372
f 3598/1835/373 3600/1836/374 3599/912/374 3597/906/373
f 3600/1836/374 3602/1837/375 3601/907/375 3599/912/374
f 3602/1837/375 3604/1838/376 3603/890/376 3601/907/375
f 3604/1838/376 3606/1839/377 3605/894/377 3603/890/376
f 3606/1839/377 3608/1840/378 3607/900/378 3605/894/377
f 3608/1840/378 3610/1841/379 3609/897/379 3607/900/378
f 3610/1841/379 3612/1842/380 3611/888/380 3609/897/379
f 3612/1842/380 3614/1843/381 3613/939/381 3611/888/380
f 3614/1843/381 3616/1844/382 3615/943/382 3613/939/381
f 3616/1844/382 3618/1845/383 3617/951/383 3615/943/382
f 3618/1845/383 3620/1846/384 3619/961/384 3617/951/383
f 3620/1846/384 3622/1847/385 3621/963/385 3619/961/384
f 3622/1847/385 3624/1848/386 3623/959/386 3621/963/385
f 3624/1848/386 3626/1849/387 3625/954/387 3623/959/386
f 3626/1849/387 3628/1850/388 3627/946/388 3625/954/387
f 3628/1850/388 3630/1851/389 3629/971/389 3627/946/388
f 3630/1851/389 3632/1852/390 3631/975/390 3629/971/389
f 3632/1852/390 3634/1853/391 3633/979/391 3631/975/390
f 3634/1853/391 3636/1854/392 3635/983/392 3633/979/391
f 3636/1854/392 3638/1855/393 3637/980/393 3635/983/392
f 3638/1855/393 3640/1856/394 3639/970/394 3637/980/393
f 3640/1856/394 3642/1857/395 3641/967/395 3639/970/394
f 3642/1857/395 3644/1858/396 3643/944/396 3641/967/395
f 3644/1858/396 3646/1859/397 3645/937/397 3643/944/396
f 3646/1859/397 3648/1860/398 3647/931/398 3645/937/397
f 3648/1860/398 3650/1861/399 3649/924/399 3647/931/398
f 3650/1861/399 3652/1862/400 3651/917/400 3649/924/399
f 3652/1862/400 3654/1863/401 3653/914/401 3651/917/400
f 3654/1863/401 3656/1864/402 3655/920/402 3653/914/401
f 3656/1864/402 3658/1865/403 3657/925/403 3655/920/402
f 3658/1865/403 3660/1866/404 3659/930/404 3657/925/403
f 3660/1866/404 3514/1278/331 3513/50/331 3659/930/404
f 3662/1252/405 3664/1867/406 3663/1868/406 3661/96/405
f 3664/1867/406 3666/1869/407 3665/1870/407 3663/1868/406
f 3666/1869/407 3668/1871/408 3667/1872/408 3665/1870/407
f 3668/1871/408 3670/1873/409 3669/1874/409 3667/1872/408
f 3670/1873/409 3672/1875/410 3671/1876/410 3669/1874/409
f 3672/1875/410 3674/1877/411 3673/1878/411 3671/1876/410
f 3674/1877/411 3676/1879/412 3675/1880/412 3673/1878/411
f 3676/1879/412 3678/1881/413 3677/1882/413 3675/1880/412
f 3678/1881/413 3680/1883/414 3679/1884/414 3677/1882/413
f 3680/1883/414 3682/1885/415 3681/1886/415 3679/1884/414
f 3682/1885/415 3684/1887/416 3683/1888/416 3681/1886/415
f 3684/1887/416 3686/1889/417 3685/1890/417 3683/1888/416
f 3686/1889/417 3688/1891/418 3687/1892/418 3685/1890/417
f 3688/1891/418 3690/1893/419 3689/1894/419 3687/1892/418
f 3690/1893/419 3692/1895/420 3691/1896/420 3689/1894/419
f 3692/1895/420 3694/1897/421 3693/1898/421 3691/1896/420
f 3694/1897/421 3696/1899/422 3695/1900/422 3693/1898/421
f 3696/1899/422 3698/1901/423 3697/1902/423 3695/1900/422
f 3698/1901/423 3700/1903/424 3699/1904/424 3697/1902/423
f 3700/1903/424 3702/1905/425 3701/1906/425 3699/1904/424
f 3702/1905/425 3704/1907/426 3703/1908/426 3701/1906/425
f 3704/1907/426 3706/1909/427 3705/1910/427 3703/1908/426
f 3706/1909/427 3708/1911/428 3707/1912/428 3705/1910/427
f 3708/1911/428 3710/1913/429 3709/1914/429 3707/1912/428
f 3710/1913/429 3712/1915/430 3711/1916/430 3709/1914/429
f 3712/1915/430 3714/1917/431 3713/1918/431 3711/1916/430
f 3714/1917/431 3716/1919/432 3715/1920/432 3713/1918/431
f 3716/1919/432 3718/1921/433 3717/1922/433 3715/1920/432
f 3718/1921/433 3720/1923/434 3719/1924/434 3717/1922/433
f 3720/1923/434 3722/1925/435 3721/1926/435 3719/1924/434
f 3722/1925/435 3724/1927/436 3723/1928/436 3721/1926/435
f 3724/1927/436 3726/1929/437 3725/1930/437 3723/1928/436
f 3726/1929/437 3728/1931/438 3727/1932/438 3725/1930/437
f 3728/1931/438 3730/1933/439 3729/1934/439 3727/1932/438
f 3730/1933/439 3732/1935/440 3731/1936/440 3729/1934/439
f 3732/1935/440 3734/1937/441 3733/1938/441 3731/1936/440
f 3734/1937/441 3736/1939/442 3735/1940/442 3733/1938/441
f 3736/1939/442 3738/1941/443 3737/1942/443 3735/1940/442
f 3738/1941/443 3740/1943/444 3739/1944/444 3737/1942/443
f 3740/1943/444 3742/1945/445 3741/1946/445 3739/1944/444
f 3742/1945/445 3744/1947/446 3743/228/446 3741/1946/445
f 3744/1947/446 3746/1948/447 3745/1949/447 3743/228/446
f 3746/1948/447 3748/1950/448 3747/1951/448 3745/1949/447
f 3748/1950/448 3750/1952/449 3749/1953/449 3747/1951/448
f 3750/1952/449 3752/1954/450 3751/1955/450 3749/1953/449
f 3752/1954/450 3754/1956/451 3753/1957/451 3751/1955/450
f 3754/1956/451 3756/1958/452 3755/1959/452 3753/1957/451
f 3756/1958/452 3758/1960/453 3757/1961/453 3755/1959/452
f 3758/1960/453 3760/1962/454 3759/1963/454 3757/1961/453
f 3760/1962/454 3762/1964/455 3761/1965/455 3759/1963/454
f 3762/1964/455 3764/1966/456 3763/1967/456 3761/1965/455
f 3764/1966/456 3766/1968/457 3765/1969/457 3763/1967/456
f 3766/1968/457 3768/1970/458 3767/1971/458 3765/1969/457
f 3768/1970/458 3770/1972/459 3769/1973/459 3767/1971/458
f 3770/1972/459 3772/1974/460 3771/1975/460 3769/1973/459
f 3772/1974/460 3774/1976/461 3773/1977/461 3771/1975/460
f 3774/1976/461 3776/1978/462 3775/1979/462 3773/1977/461
f 3776/1978/462 3778/1980/463 3777/1981/463 3775/1979/462
f 3778/1980/463 3780/1982/464 3779/1983/464 3777/1981/463
f 3780/1982/464 3782/1984/465 3781/1985/465 3779/1983/464
f 3782/1984/465 3784/1986/466 3783/1987/466 3781/1985/465
f 3784/1986/466 3786/1988/467 3785/1989/467 3783/1987/466
f 3786/1988/467 3788/1990/468 3787/1991/468 3785/1989/467
f 3788/1990/468 3790/1992/469 3789/1993/469 3787/1991/468
f 3790/1992/469 3792/1994/470 3791/1995/470 3789/1993/469
f 3792/1994/470 3794/1996/471 3793/1997/471 3791/1995/470
f 3794/1996/471 3796/1998/472 3795/1999/472 3793/1997/471
f 3796/1998/472 3798/2000/473 3797/2001/473 3795/1999/472
f 3798/2000/473 3800/2002/474 3799/2003/474 3797/2001/473
f 3800/2002/474 3802/2004/475 3801/2005/475 3799/2003/474
f 3802/2004/475 3804/2006/476 3803/2007/476 3801/2005/475
f 3804/2006/476 3806/2008/477 3805/2009/477 3803/2007/476
f 3806/2008/477 3808/2010/478 3807/2011/478 3805/2009/477
f 3808/2010/478 3810/2012/479 3809/2013/479 3807/2011/478
f 3810/2012/479 3812/2014/480 3811/2015/480 3809/2013/479
f 3812/2014/480 3814/2016/481 3813/2017/481 3811/2015/480
f 3814/2016/481 3816/2018/482 3815/2019/482 3813/2017/481
f 3816/2018/482 3818/2020/483 3817/2021/483 3815/2019/482
f 3818/2020/483 3820/2022/484 3819/2023/484 3817/2021/483
f 3820/2022/484 3822/2024/485 3821/2025/485 3819/2023/484
f 3822/2024/485 3824/2026/486 3823/2027/486 3821/2025/485
f 3824/2026/486 3826/2028/487 3825/275/487 3823/2027/486
f 3826/2028/487 3828/2029/488 3827/2030/488 3825/275/487
f 3828/2029/488 3830/2031/489 3829/2032/489 3827/2030/488
f 3830/2031/489 3832/2033/490 3831/2034/490 3829/2032/489
f 3832/2033/490 3834/2035/491 3833/2036/491 3831/2034/490
f 3834/2035/491 3836/2037/492 3835/2038/492 3833/2036/491
f 3836/2037/492 3838/2039/493 3837/2040/493 3835/2038/492
f 3838/2039/493 3840/2041/494 3839/2042/494 3837/2040/493
f 3840/2041/494 3842/2043/495 3841/2044/495 3839/2042/494
f 3842/2043/495 3844/2045/496 3843/2046/496 3841/2044/495
f 3844/2045/496 3846/2047/497 3845/2048/497 3843/2046/496
f 3846/2047/497 3848/2049/498 3847/2050/498 3845/2048/497
f 3848/2049/498 3850/2051/499 3849/2052/499 3847/2050/498
f 3850/2051/499 3852/2053/500 3851/2054/500 3849/2052/499
f 3852/2053/500 3854/2055/501 3853/2056/501 3851/2054/500
f 3854/2055/501 3856/2057/502 3855/2058/502 3853/2056/501
f 3856/2057/502 3858/2059/503 3857/2060/503 3855/2058/502
f 3858/2059/503 3860/2061/504 3859/2062/504 3857/2060/503
f 3860/2061/504 3862/2063/505 3861/2064/505 3859/2062/504
f 3862/2063/505 3864/2065/506 3863/2066/506 3861/2064/505
f 3864/2065/506 3866/2067/507 3865/2068/507 3863/2066/506
f 3866/2067/507 3868/2069/508 3867/2070/508 3865/2068/507
f 3868/2069/508 3870/2071/509 3869/2072/509 3867/2070/508
f 3870/2071/509 3872/2073/510 3871/2074/510 3869/2072/509
f 3872/2073/510 3874/2075/511 3873/2076/511 3871/2074/510
f 3874/2075/511 3876/2077/512 3875/2078/512 3873/2076/511
f 3876/2077/512 3878/2079/513 3877/2080/513 3875/2078/512
f 3878/2079/513 3880/2081/514 3879/2082/514 3877/2080/513
f 3880/2081/514 3882/2083/515 3881/2084/515 3879/2082/514
f 3882/2083/515 3884/2085/516 3883/2086/516 3881/2084/515
f 3884/2085/516 3886/2087/517 3885/2088/517 3883/2086/516
f 3886/2087/517 3888/2089/518 3887/2090/518 3885/2088/517
f 3888/2089/518 3890/2091/519 3889/2092/519 3887/2090/518
f 3890/2091/519 3892/2093/520 3891/2094/520 3889/2092/519
f 3892/2093/520 3894/2095/521 3893/2096/521 3891/2094/520
f 3894/2095/521 3896/2097/522 3895/2098/522 3893/2096/521
f 3896/2097/522 3898/2099/523 3897/2100/523 3895/2098/522
f 3898/2099/523 3900/2101/524 3899/2102/524 3897/2100/523
f 3900/2101/524 3902/2103/525 3901/2104/525 3899/2102/524
f 3902/2103/525 3904/2105/526 3903/2106/526 3901/2104/525
f 3904/2105/526 3906/2107/527 3905/2108/527 3903/2106/526
f 3906/2107/527 3662/1278/405 3661/50/405 3905/2108/527
f 3908/1252/528 3910/1415/529 3909/153/529 3907/96/528
f 3910/1415/529 3912/1265/530 3911/133/530 3909/153/529
f 3912/1265/530 3914/1508/531 3913/258/531 3911/133/530
f 3914/1508/531 3908/1278/528 3907/50/528 3913/258/531
f 3916/1252/528 3918/1415/529 3917/153/529 3915/96/528
f 3918/1415/529 3920/1265/530 3919/133/530 3917/153/529
f 3920/1265/530 3922/1508/531 3921/258/531 3919/133/530
f 3922/1508/531 3916/1278/528 3915/50/528 3921/258/531
f 3924/1252/528 3926/1415/529 3925/153/529 3923/96/528
f 3926/1415/529 3928/1265/530 3927/133/530 3925/153/529
f 3928/1265/530 3930/1508/531 3929/258/531 3927/133/530
f 3930/1508/531 3924/1278/528 3923/50/528 3929/258/531
f 3932/1252/532 3934/1253/533 3933/226/533 3931/96/532
f 3934/1253/533 3936/1254/534 3935/238/534 3933/226/533
f 3936/1254/534 3938/1255/535 3937/215/535 3935/238/534
f 3938/1255/535 3940/1256/536 3939/189/536 3937/215/535
f 3940/1256/536 3942/1257/537 3941/161/537 3939/189/536
f 3942/1257/537 3944/1258/538 3943/140/538 3941/161/537
f 3944/1258/538 3946/1259/539 3945/170/539 3943/140/538
f 3946/1259/539 3948/1260/540 3947/198/540 3945/170/539
f 3948/1260/540 3950/1261/541 3949/245/541 3947/198/540
f 3950/1261/541 3952/1262/542 3951/273/542 3949/245/541
f 3952/1262/542 3954/1263/543 3953/231/543 3951/273/542
f 3954/1263/543 3956/1264/544 3955/188/544 3953/231/543
f 3956/1264/544 3958/1265/545 3957/133/545 3955/188/544
f 3958/1265/545 3960/1266/546 3959/124/546 3957/133/545
f 3960/1266/546 3962/1267/547 3961/147/547 3959/124/546
f 3962/1267/547 3964/1268/548 3963/200/548 3961/147/547
f 3964/1268/548 3966/1269/549 3965/251/549 3963/200/548
f 3966/1269/549 3968/1270/550 3967/270/550 3965/251/549
f 3968/1270/550 3970/1271/551 3969/261/551 3967/270/550
f 3970/1271/551 3972/1272/552 3971/254/552 3969/261/551
f 3972/1272/552 3974/1273/553 3973/227/553 3971/254/552
f 3974/1273/553 3976/1274/554 3975/193/554 3973/227/553
f 3976/1274/554 3978/1275/555 3977/159/555 3975/193/554
f 3978/1275/555 3980/1276/556 3979/134/556 3977/159/555
f 3980/1276/556 3982/1277/557 3981/167/557 3979/134/556
f 3982/1277/557 3932/1278/532 3931/50/532 3981/167/557
f 3984/1252/528 3986/2109/529 3985/2110/529 3983/96/528
f 3986/2109/529 3988/1415/529 3987/153/529 3985/2110/529
f 3988/1415/529 3990/2111/528 3989/2112/528 3987/153/529
f 3990/2111/528 3992/1265/528 3991/133/528 3989/2112/528
f 3992/1265/528 3994/2113/529 3993/2114/529 3991/133/528
f 3994/2113/529 3996/1508/530 3995/258/530 3993/2114/529
f 3996/1508/530 3998/2115/531 3997/2116/531 3995/258/530
f 3998/2115/531 3984/1278/528 3983/50/528 3997/2116/531
f 4000/1252/529 4002/1415/528 4001/153/528 3999/96/529
f 4002/1415/528 4004/1265/531 4003/133/531 4001/153/528
f 4004/1265/531 4006/1508/530 4005/258/530 4003/133/531
f 4006/1508/530 4000/1278/529 3999/50/529 4005/258/530
f 4008/1252/558 4010/2117/559 4009/216/559 4007/96/558
f 4010/2117/559 4012/1253/560 4011/226/560 4009/216/559
f 4012/1253/560 4014/2118/561 4013/237/561 4011/226/560
f 4014/2118/561 4016/1254/562 4015/238/562 4013/237/561
f 4016/1254/562 4018/2119/563 4017/229/563 4015/238/562
f 4018/2119/563 4020/1255/564 4019/215/564 4017/229/563
f 4020/1255/564 4022/2120/565 4021/201/565 4019/215/564
f 4022/2120/565 4024/1256/566 4023/189/566 4021/201/565
f 4024/1256/566 4026/2121/567 4025/176/567 4023/189/566
f 4026/2121/567 4028/1257/568 4027/161/568 4025/176/567
f 4028/1257/568 4030/2122/569 4029/145/569 4027/161/568
f 4030/2122/569 4032/1258/528 4031/140/528 4029/145/569
f 4032/1258/528 4034/1415/529 4033/153/529 4031/140/528
f 4034/1415/529 4036/1259/570 4035/170/570 4033/153/529
f 4036/1259/570 4038/2123/571 4037/187/571 4035/170/570
f 4038/2123/571 4040/1260/572 4039/198/572 4037/187/571
f 4040/1260/572 4042/2124/573 4041/219/573 4039/198/572
f 4042/2124/573 4044/1261/574 4043/245/574 4041/219/573
f 4044/1261/574 4046/2125/575 4045/262/575 4043/245/574
f 4046/2125/575 4048/1262/576 4047/273/576 4045/262/575
f 4048/1262/576 4050/2126/577 4049/250/577 4047/273/576
f 4050/2126/577 4052/1263/578 4051/231/578 4049/250/577
f 4052/1263/578 4054/2127/579 4053/209/579 4051/231/578
f 4054/2127/579 4056/1264/580 4055/188/580 4053/209/579
f 4056/1264/580 4058/2128/581 4057/160/581 4055/188/580
f 4058/2128/581 4060/1265/582 4059/133/582 4057/160/581
f 4060/1265/582 4062/2129/583 4061/127/583 4059/133/582
f 4062/2129/583 4064/1266/584 4063/124/584 4061/127/583
f 4064/1266/584 4066/2130/585 4065/130/585 4063/124/584
f 4066/2130/585 4068/1267/586 4067/147/586 4065/130/585
f 4068/1267/586 4070/2131/587 4069/173/587 4067/147/586
f 4070/2131/587 4072/1268/588 4071/200/588 4069/173/587
f 4072/1268/588 4074/2132/589 4073/222/589 4071/200/588
f 4074/2132/589 4076/1269/590 4075/251/590 4073/222/589
f 4076/1269/590 4078/2133/591 4077/276/591 4075/251/590
f 4078/2133/591 4080/1270/592 4079/270/592 4077/276/591
f 4080/1270/592 4082/2134/593 4081/267/593 4079/270/592
f 4082/2134/593 4084/1271/594 4083/261/594 4081/267/593
f 4084/1271/594 4086/1508/595 4085/258/595 4083/261/594
f 4086/1508/595 4088/1272/596 4087/254/596 4085/258/595
f 4088/1272/596 4090/2135/597 4089/246/597 4087/254/596
f 4090/2135/597 4092/1273/598 4091/227/598 4089/246/597
f 4092/1273/598 4094/2136/599 4093/208/599 4091/227/598
f 4094/2136/599 4096/1274/600 4095/193/600 4093/208/599
f 4096/1274/600 4098/2137/601 4097/174/601 4095/193/600
f 4098/2137/601 4100/1275/602 4099/159/602 4097/174/601
f 4100/1275/602 4102/2138/603 4101/144/603 4099/159/602
f 4102/2138/603 4104/1276/438 4103/134/438 4101/144/603
f 4104/1276/438 4106/2139/604 4105/152/604 4103/134/438
f 4106/2139/604 4108/1277/605 4107/167/605 4105/152/604
f 4108/1277/605 4110/2140/606 4109/183/606 4107/167/605
f 4110/2140/606 4008/1278/558 4007/50/558 4109/183/606
f 4112/1252/607 4114/1253/608 4113/226/608 4111/96/607
f 4114/1253/608 4116/1254/609 4115/238/609 4113/226/608
f 4116/1254/609 4118/1255/610 4117/215/610 4115/238/609
f 4118/1255/610 4120/1256/611 4119/189/611 4117/215/610
f 4120/1256/611 4122/1257/612 4121/161/612 4119/189/611
f 4122/1257/612 4124/1258/613 4123/140/613 4121/161/612
f 4124/1258/613 4126/1259/614 4125/170/614 4123/140/613
f 4126/1259/614 4128/1260/615 4127/198/615 4125/170/614
f 4128/1260/615 4130/1261/616 4129/245/616 4127/198/615
f 4130/1261/616 4132/1262/617 4131/273/617 4129/245/616
f 4132/1262/617 4134/1263/618 4133/231/618 4131/273/617
f 4134/1263/618 4136/1264/619 4135/188/619 4133/231/618
f 4136/1264/619 4138/1265/620 4137/133/620 4135/188/619
f 4138/1265/620 4140/1266/621 4139/124/621 4137/133/620
f 4140/1266/621 4142/1267/622 4141/147/622 4139/124/621
f 4142/1267/622 4144/1268/623 4143/200/623 4141/147/622
f 4144/1268/623 4146/1269/624 4145/251/624 4143/200/623
f 4146/1269/624 4148/1270/625 4147/270/625 4145/251/624
f 4148/1270/625 4150/1271/626 4149/261/626 4147/270/625
f 4150/1271/626 4152/1272/627 4151/254/627 4149/261/626
f 4152/1272/627 4154/1273/628 4153/227/628 4151/254/627
f 4154/1273/628 4156/1274/629 4155/193/629 4153/227/628
f 4156/1274/629 4158/1275/630 4157/159/630 4155/193/629
f 4158/1275/630 4160/1276/631 4159/134/631 4157/159/630
f 4160/1276/631 4162/1277/632 4161/167/632 4159/134/631
f 4162/1277/632 4112/1278/607 4111/50/607 4161/167/632
f 4164/1252/633 4166/1253/634 4165/226/634 4163/96/633
f 4166/1253/634 4168/1254/635 4167/238/635 4165/226/634
f 4168/1254/635 4170/1255/636 4169/215/636 4167/238/635
f 4170/1255/636 4172/1256/637 4171/189/637 4169/215/636
f 4172/1256/637 4174/1257/638 4173/161/638 4171/189/637
f 4174/1257/638 4176/1258/639 4175/140/639 4173/161/638
f 4176/1258/639 4178/1259/640 4177/170/640 4175/140/639
f 4178/1259/640 4180/1260/641 4179/198/641 4177/170/640
f 4180/1260/641 4182/1261/642 4181/245/642 4179/198/641
f 4182/1261/642 4184/1262/643 4183/273/643 4181/245/642
f 4184/1262/643 4186/1263/644 4185/231/644 4183/273/643
f 4186/1263/644 4188/1264/645 4187/188/645 4185/231/644
f 4188/1264/645 4190/1265/646 4189/133/646 4187/188/645
f 4190/1265/646 4192/1266/647 4191/124/647 4189/133/646
f 4192/1266/647 4194/1267/648 4193/147/648 4191/124/647
f 4194/1267/648 4196/1268/649 4195/200/649 4193/147/648
f 4196/1268/649 4198/1269/650 4197/251/650 4195/200/649
f 4198/1269/650 4200/1270/651 4199/270/651 4197/251/650
f 4200/1270/651 4202/1271/652 4201/261/652 4199/270/651
f 4202/1271/652 4204/1272/653 4203/254/653 4201/261/652
f 4204/1272/653 4206/1273/654 4205/227/654 4203/254/653
f 4206/1273/654 4208/1274/655 4207/193/655 4205/227/654
f 4208/1274/655 4210/1275/656 4209/159/656 4207/193/655
f 4210/1275/656 4212/1276/657 4211/134/657 4209/159/656
f 4212/1276/657 4214/1277/658 4213/167/658 4211/134/657
f 4214/1277/658 4164/1278/633 4163/50/633 4213/167/658
f 4216/1252/659 4218/2141/660 4217/2142/660 4215/96/659
f 4218/2141/660 4220/1279/661 4219/1280/661 4217/2142/660
f 4220/1279/661 4222/2143/662 4221/2144/662 4219/1280/661
f 4222/2143/662 4224/1281/663 4223/1282/663 4221/2144/662
f 4224/1281/663 4226/2145/664 4225/2146/664 4223/1282/663
f 4226/2145/664 4228/1283/665 4227/1284/665 4225/2146/664
f 4228/1283/665 4230/2147/666 4229/513/666 4227/1284/665
f 4230/2147/666 4232/1285/667 4231/1286/667 4229/513/666
f 4232/1285/667 4234/2148/668 4233/2149/668 4231/1286/667
f 4234/2148/668 4236/1287/669 4235/1288/669 4233/2149/668
f 4236/1287/669 4238/2150/670 4237/2151/670 4235/1288/669
f 4238/2150/670 4240/1289/671 4239/1290/671 4237/2151/670
f 4240/1289/671 4242/2152/672 4241/2153/672 4239/1290/671
f 4242/2152/672 4244/1291/673 4243/494/673 4241/2153/672
f 4244/1291/673 4246/2154/674 4245/2155/674 4243/494/673
f 4246/2154/674 4248/1292/675 4247/1293/675 4245/2155/674
f 4248/1292/675 4250/2156/676 4249/2157/676 4247/1293/675
f 4250/2156/676 4252/1294/677 4251/1295/677 4249/2157/676
f 4252/1294/677 4254/2158/678 4253/2159/678 4251/1295/677
f 4254/2158/678 4256/1296/679 4255/1297/679 4253/2159/678
f 4256/1296/679 4258/2160/680 4257/293/680 4255/1297/679
f 4258/2160/680 4260/1298/681 4259/1299/681 4257/293/680
f 4260/1298/681 4262/2161/682 4261/2162/682 4259/1299/681
f 4262/2161/682 4264/1300/683 4263/1301/683 4261/2162/682
f 4264/1300/683 4266/2163/684 4265/2164/684 4263/1301/683
f 4266/2163/684 4268/1302/685 4267/1303/685 4265/2164/684
f 4268/1302/685 4270/2165/686 4269/2166/686 4267/1303/685
f 4270/2165/686 4272/1304/687 4271/329/687 4269/2166/686
f 4272/1304/687 4274/2167/688 4273/2168/688 4271/329/687
f 4274/2167/688 4276/1305/689 4275/1306/689 4273/2168/688
f 4276/1305/689 4278/2169/690 4277/2170/690 4275/1306/689
f 4278/2169/690 4280/1307/691 4279/1308/691 4277/2170/690
f 4280/1307/691 4282/2171/692 4281/2172/692 4279/1308/691
f 4282/2171/692 4284/1309/693 4283/1310/693 4281/2172/692
f 4284/1309/693 4286/2173/694 4285/377/694 4283/1310/693
f 4286/2173/694 4288/1311/695 4287/1312/695 4285/377/694
f 4288/1311/695 4290/2174/696 4289/2175/696 4287/1312/695
f 4290/2174/696 4292/1313/697 4291/1314/697 4289/2175/696
f 4292/1313/697 4294/2176/698 4293/2177/698 4291/1314/697
f 4294/2176/698 4296/1315/699 4295/1316/699 4293/2177/698
f 4296/1315/699 4298/2178/700 4297/2179/700 4295/1316/699
f 4298/2178/700 4300/1317/701 4299/398/701 4297/2179/700
f 4300/1317/701 4302/2180/702 4301/2181/702 4299/398/701
f 4302/2180/702 4304/1318/703 4303/1319/703 4301/2181/702
f 4304/1318/703 4306/2182/704 4305/2183/704 4303/1319/703
f 4306/2182/704 4308/1320/705 4307/1321/705 4305/2183/704
f 4308/1320/705 4310/2184/706 4309/2185/706 4307/1321/705
f 4310/2184/706 4312/1322/241 4311/1323/241 4309/2185/706
f 4312/1322/241 4314/1265/707 4313/133/707 4311/1323/241
f 4314/1265/707 4316/1324/708 4315/1325/708 4313/133/707
f 4316/1324/708 4318/2186/709 4317/2187/709 4315/1325/708
f 4318/2186/709 4320/1326/710 4319/1327/710 4317/2187/709
f 4320/1326/710 4322/2188/711 4321/2189/711 4319/1327/710
f 4322/2188/711 4324/1328/712 4323/1329/712 4321/2189/711
f 4324/1328/712 4326/2190/713 4325/2191/713 4323/1329/712
f 4326/2190/713 4328/1330/714 4327/444/714 4325/2191/713
f 4328/1330/714 4330/2192/715 4329/2193/715 4327/444/714
f 4330/2192/715 4332/1331/716 4331/1332/716 4329/2193/715
f 4332/1331/716 4334/2194/717 4333/2195/717 4331/1332/716
f 4334/2194/717 4336/1333/718 4335/1334/718 4333/2195/717
f 4336/1333/718 4338/2196/719 4337/2197/719 4335/1334/718
f 4338/2196/719 4340/1335/720 4339/1336/720 4337/2197/719
f 4340/1335/720 4342/2198/721 4341/496/721 4339/1336/720
f 4342/2198/721 4344/1337/722 4343/1338/722 4341/496/721
f 4344/1337/722 4346/2199/723 4345/2200/723 4343/1338/722
f 4346/2199/723 4348/1339/380 4347/1340/380 4345/2200/723
f 4348/1339/380 4350/2201/380 4349/2202/380 4347/1340/380
f 4350/2201/380 4352/1341/724 4351/1342/724 4349/2202/380
f 4352/1341/724 4354/2203/725 4353/2204/725 4351/1342/724
f 4354/2203/725 4356/1343/726 4355/405/726 4353/2204/725
f 4356/1343/726 4358/2205/727 4357/2206/727 4355/405/726
f 4358/2205/727 4360/1344/728 4359/1345/728 4357/2206/727
f 4360/1344/728 4362/2207/729 4361/2208/729 4359/1345/728
f 4362/2207/729 4364/1346/730 4363/1347/730 4361/2208/729
f 4364/1346/730 4366/2209/731 4365/2210/731 4363/1347/730
f 4366/2209/731 4368/1348/732 4367/1349/732 4365/2210/731
f 4368/1348/732 4370/2211/733 4369/414/733 4367/1349/732
f 4370/2211/733 4372/1350/734 4371/1351/734 4369/414/733
f 4372/1350/734 4374/2212/735 4373/2213/735 4371/1351/734
f 4374/2212/735 4376/1352/736 4375/1353/736 4373/2213/735
f 4376/1352/736 4378/2214/737 4377/2215/737 4375/1353/736
f 4378/2214/737 4380/1354/738 4379/1355/738 4377/2215/737
f 4380/1354/738 4382/2216/739 4381/2217/739 4379/1355/738
f 4382/2216/739 4384/1356/740 4383/331/740 4381/2217/739
f 4384/1356/740 4386/2218/741 4385/2219/741 4383/331/740
f 4386/2218/741 4388/1357/742 4387/1358/742 4385/2219/741
f 4388/1357/742 4390/2220/743 4389/2221/743 4387/1358/742
f 4390/2220/743 4392/1359/744 4391/1360/744 4389/2221/743
f 4392/1359/744 4394/2222/745 4393/2223/745 4391/1360/744
f 4394/2222/745 4396/1361/746 4395/1362/746 4393/2223/745
f 4396/1361/746 4398/2224/747 4397/321/747 4395/1362/746
f 4398/2224/747 4400/1363/748 4399/1364/748 4397/321/747
f 4400/1363/748 4402/2225/749 4401/2226/749 4399/1364/748
f 4402/2225/749 4404/1365/750 4403/1366/750 4401/2226/749
f 4404/1365/750 4406/2227/751 4405/2228/751 4403/1366/750
f 4406/2227/751 4408/1367/752 4407/1368/752 4405/2228/751
f 4408/1367/752 4410/2229/753 4409/2230/753 4407/1368/752
f 4410/2229/753 4216/1278/659 4215/50/659 4409/2230/753
f 4412/1252/754 4414/2231/755 4413/1014/755 4411/96/754
f 4414/2231/755 4416/2232/756 4415/1018/756 4413/1014/755
f 4416/2232/756 4418/1796/757 4417/1022/757 4415/1018/756
f 4418/1796/757 4420/2233/758 4419/1026/758 4417/1022/757
f 4420/2233/758 4422/2234/759 4421/1030/759 4419/1026/758
f 4422/2234/759 4424/1798/760 4423/1036/760 4421/1030/759
f 4424/1798/760 4426/2235/761 4425/1041/761 4423/1036/760
f 4426/2235/761 4428/2236/762 4427/1045/762 4425/1041/761
f 4428/2236/762 4430/1800/763 4429/1052/763 4427/1045/762
f 4430/1800/763 4432/2237/764 4431/1058/764 4429/1052/763
f 4432/2237/764 4434/2238/765 4433/1063/765 4431/1058/764
f 4434/2238/765 4436/1802/328 4435/1062/328 4433/1063/765
f 4436/1802/328 4438/2239/766 4437/1057/766 4435/1062/328
f 4438/2239/766 4440/2240/767 4439/1050/767 4437/1057/766
f 4440/2240/767 4442/1804/768 4441/1044/768 4439/1050/767
f 4442/1804/768 4444/2241/769 4443/1039/769 4441/1044/768
f 4444/2241/769 4446/2242/770 4445/1033/770 4443/1039/769
f 4446/2242/770 4448/1806/771 4447/1034/771 4445/1033/770
f 4448/1806/771 4450/2243/772 4449/1046/772 4447/1034/771
f 4450/2243/772 4452/2244/773 4451/1056/773 4449/1046/772
f 4452/2244/773 4454/1808/774 4453/1066/774 4451/1056/773
f 4454/1808/774 4456/2245/775 4455/1069/775 4453/1066/774
f 4456/2245/775 4458/2246/776 4457/1073/776 4455/1069/775
f 4458/2246/776 4460/1810/777 4459/1076/777 4457/1073/776
f 4460/1810/777 4462/2247/778 4461/1079/778 4459/1076/777
f 4462/2247/778 4464/2248/779 4463/1081/779 4461/1079/778
f 4464/2248/779 4466/1812/780 4465/1083/780 4463/1081/779
f 4466/1812/780 4468/2249/781 4467/1086/781 4465/1083/780
f 4468/2249/781 4470/2250/782 4469/1088/782 4467/1086/781
f 4470/2250/782 4472/1814/783 4471/1090/783 4469/1088/782
f 4472/1814/783 4474/2251/784 4473/1092/784 4471/1090/783
f 4474/2251/784 4476/2252/785 4475/1094/785 4473/1092/784
f 4476/2252/785 4478/1816/786 4477/1096/786 4475/1094/785
f 4478/1816/786 4480/2253/787 4479/1098/787 4477/1096/786
f 4480/2253/787 4482/2254/788 4481/1101/788 4479/1098/787
f 4482/2254/788 4484/1818/789 4483/1103/789 4481/1101/788
f 4484/1818/789 4486/1947/790 4485/228/790 4483/1103/789
f 4486/1947/790 4488/2255/791 4487/1077/791 4485/228/790
f 4488/2255/791 4490/1820/792 4489/1072/792 4487/1077/791
f 4490/1820/792 4492/2256/793 4491/1067/793 4489/1072/792
f 4492/2256/793 4494/2257/794 4493/1054/794 4491/1067/793
f 4494/2257/794 4496/1822/795 4495/1040/795 4493/1054/794
f 4496/1822/795 4498/2258/796 4497/1029/796 4495/1040/795
f 4498/2258/796 4500/2259/797 4499/1025/797 4497/1029/796
f 4500/2259/797 4502/1824/798 4501/1021/798 4499/1025/797
f 4502/1824/798 4504/2260/799 4503/1017/799 4501/1021/798
f 4504/2260/799 4506/2261/800 4505/1013/800 4503/1017/799
f 4506/2261/800 4508/1826/801 4507/1009/801 4505/1013/800
f 4508/1826/801 4510/2262/802 4509/1005/802 4507/1009/801
f 4510/2262/802 4512/2263/803 4511/1001/803 4509/1005/802
f 4512/2263/803 4514/1828/804 4513/997/804 4511/1001/803
f 4514/1828/804 4516/2264/805 4515/993/805 4513/997/804
f 4516/2264/805 4518/2265/806 4517/989/806 4515/993/805
f 4518/2265/806 4520/1830/807 4519/985/807 4517/989/806
f 4520/1830/807 4522/2266/808 4521/986/808 4519/985/807
f 4522/2266/808 4524/2267/809 4523/990/809 4521/986/808
f 4524/2267/809 4526/1831/810 4525/994/810 4523/990/809
f 4526/1831/810 4528/2268/811 4527/998/811 4525/994/810
f 4528/2268/811 4530/2269/812 4529/1002/812 4527/998/811
f 4530/2269/812 4532/1833/813 4531/1006/813 4529/1002/812
f 4532/1833/813 4534/2270/814 4533/1010/814 4531/1006/813
f 4534/2270/814 4536/2271/815 4535/902/815 4533/1010/814
f 4536/2271/815 4538/1835/816 4537/906/816 4535/902/815
f 4538/1835/816 4540/2272/817 4539/910/817 4537/906/816
f 4540/2272/817 4542/2273/818 4541/911/818 4539/910/817
f 4542/2273/818 4544/1837/819 4543/907/819 4541/911/818
f 4544/1837/819 4546/2274/820 4545/903/820 4543/907/819
f 4546/2274/820 4548/2275/821 4547/892/821 4545/903/820
f 4548/2275/821 4550/1839/822 4549/894/822 4547/892/821
f 4550/1839/822 4552/2276/823 4551/898/823 4549/894/822
f 4552/2276/823 4554/2277/824 4553/901/824 4551/898/823
f 4554/2277/824 4556/1841/825 4555/897/825 4553/901/824
f 4556/1841/825 4558/2278/826 4557/893/826 4555/897/825
f 4558/2278/826 4560/2028/827 4559/275/827 4557/893/826
f 4560/2028/827 4562/1843/828 4561/939/828 4559/275/827
f 4562/1843/828 4564/2279/829 4563/942/829 4561/939/828
f 4564/2279/829 4566/2280/830 4565/945/830 4563/942/829
f 4566/2280/830 4568/1845/831 4567/951/831 4565/945/830
f 4568/1845/831 4570/2281/832 4569/958/832 4567/951/831
f 4570/2281/832 4572/2282/833 4571/964/833 4569/958/832
f 4572/2282/833 4574/1847/834 4573/963/834 4571/964/833
f 4574/1847/834 4576/2283/835 4575/960/835 4573/963/834
f 4576/2283/835 4578/2284/836 4577/957/836 4575/960/835
f 4578/2284/836 4580/1849/837 4579/954/837 4577/957/836
f 4580/1849/837 4582/2285/838 4581/950/838 4579/954/837
f 4582/2285/838 4584/2286/839 4583/948/839 4581/950/838
f 4584/2286/839 4586/1851/840 4585/971/840 4583/948/839
f 4586/1851/840 4588/2287/841 4587/974/841 4585/971/840
f 4588/2287/841 4590/2288/842 4589/977/842 4587/974/841
f 4590/2288/842 4592/1853/843 4591/979/843 4589/977/842
f 4592/1853/843 4594/2289/844 4593/982/844 4591/979/843
f 4594/2289/844 4596/2290/845 4595/984/845 4593/982/844
f 4596/2290/845 4598/1855/846 4597/980/846 4595/984/845
f 4598/1855/846 4600/2291/847 4599/972/847 4597/980/846
f 4600/2291/847 4602/2292/848 4601/969/848 4599/972/847
f 4602/2292/848 4604/1857/849 4603/967/849 4601/969/848
f 4604/1857/849 4606/2293/850 4605/953/850 4603/967/849
f 4606/2293/850 4608/2294/851 4607/940/851 4605/953/850
f 4608/2294/851 4610/1859/852 4609/937/852 4607/940/851
f 4610/1859/852 4612/2295/853 4611/933/853 4609/937/852
f 4612/2295/853 4614/2296/854 4613/928/854 4611/933/853
f 4614/2296/854 4616/1861/855 4615/924/855 4613/928/854
f 4616/1861/855 4618/2297/856 4617/919/856 4615/924/855
f 4618/2297/856 4620/2298/857 4619/913/857 4617/919/856
f 4620/2298/857 4622/1863/327 4621/914/327 4619/913/857
f 4622/1863/327 4624/2299/858 4623/918/858 4621/914/327
f 4624/2299/858 4626/2300/859 4625/922/859 4623/918/858
f 4626/2300/859 4628/1865/860 4627/925/860 4625/922/859
f 4628/1865/860 4630/2301/861 4629/929/861 4627/925/860
f 4630/2301/861 4632/2302/755 4631/932/755 4629/929/861
f 4632/2302/755 4412/1278/754 4411/50/754 4631/932/755
f 4634/1252/862 4636/2303/863 4635/2304/863 4633/96/862
f 4636/2303/863 4638/2305/864 4637/2306/864 4635/2304/863
f 4638/2305/864 4640/2307/865 4639/2308/865 4637/2306/864
f 4640/2307/865 4642/2309/866 4641/236/866 4639/2308/865
f 4642/2309/866 4644/2310/867 4643/2311/867 4641/236/866
f 4644/2310/867 4646/2109/868 4645/2110/868 4643/2311/867
f 4646/2109/868 4648/2312/869 4647/2313/869 4645/2110/868
f 4648/2312/869 4650/2314/870 4649/179/870 4647/2313/869
f 4650/2314/870 4652/2315/871 4651/2316/871 4649/179/870
f 4652/2315/871 4654/2317/872 4653/2318/872 4651/2316/871
f 4654/2317/872 4656/2319/873 4655/2320/873 4653/2318/872
f 4656/2319/873 4658/1415/874 4657/153/874 4655/2320/873
f 4658/1415/874 4660/2321/875 4659/2322/875 4657/153/874
f 4660/2321/875 4662/2323/876 4661/2324/876 4659/2322/875
f 4662/2323/876 4664/2325/877 4663/2326/877 4661/2324/876
f 4664/2325/877 4666/1947/878 4665/228/878 4663/2326/877
f 4666/1947/878 4668/2327/879 4667/2328/879 4665/228/878
f 4668/2327/879 4670/2111/880 4669/2112/880 4667/2328/879
f 4670/2111/880 4672/2329/881 4671/2330/881 4669/2112/880
f 4672/2329/881 4674/2331/882 4673/242/882 4671/2330/881
f 4674/2331/882 4676/2332/883 4675/2333/883 4673/242/882
f 4676/2332/883 4678/2334/884 4677/2335/884 4675/2333/883
f 4678/2334/884 4680/2336/885 4679/2337/885 4677/2335/884
f 4680/2336/885 4682/1265/886 4681/133/886 4679/2337/885
f 4682/1265/886 4684/2338/887 4683/2339/887 4681/133/886
f 4684/2338/887 4686/2340/888 4685/2341/888 4683/2339/887
f 4686/2340/888 4688/2342/889 4687/2343/889 4685/2341/888
f 4688/2342/889 4690/2344/890 4689/155/890 4687/2343/889
f 4690/2344/890 4692/2345/891 4691/2346/891 4689/155/890
f 4692/2345/891 4694/2113/892 4693/2114/892 4691/2346/891
f 4694/2113/892 4696/2347/893 4695/2348/893 4693/2114/892
f 4696/2347/893 4698/2028/894 4697/275/894 4695/2348/893
f 4698/2028/894 4700/2349/895 4699/2350/895 4697/275/894
f 4700/2349/895 4702/2351/45 4701/2352/45 4699/2350/895
f 4702/2351/45 4704/2353/896 4703/2354/896 4701/2352/45
f 4704/2353/896 4706/1508/897 4705/258/897 4703/2354/896
f 4706/1508/897 4708/2355/898 4707/2356/898 4705/258/897
f 4708/2355/898 4710/2357/899 4709/2358/899 4707/2356/898
f 4710/2357/899 4712/2359/900 4711/2360/900 4709/2358/899
f 4712/2359/900 4714/2361/901 4713/202/901 4711/2360/900
f 4714/2361/901 4716/2362/902 4715/2363/902 4713/202/901
f 4716/2362/902 4718/2115/903 4717/2116/903 4715/2363/902
f 4718/2115/903 4720/2364/904 4719/2365/904 4717/2116/903
f 4720/2364/904 4722/2366/905 4721/139/905 4719/2365/904
f 4722/2366/905 4724/2367/906 4723/2368/906 4721/139/905
f 4724/2367/906 4726/2369/907 4725/2370/907 4723/2368/906
f 4726/2369/907 4728/2371/908 4727/2372/908 4725/2370/907
f 4728/2371/908 4634/1278/862 4633/50/862 4727/2372/908
f 4730/1252/909 4732/2373/910 4731/2374/910 4729/96/909
f 4732/2373/910 4734/2375/911 4733/2376/911 4731/2374/910
f 4734/2375/911 4736/2377/912 4735/2378/912 4733/2376/911
f 4736/2377/912 4738/2379/913 4737/2380/913 4735/2378/912
f 4738/2379/913 4740/2381/914 4739/2382/914 4737/2380/913
f 4740/2381/914 4742/2383/915 4741/2384/915 4739/2382/914
f 4742/2383/915 4744/2385/916 4743/2386/916 4741/2384/915
f 4744/2385/916 4746/2387/917 4745/2388/917 4743/2386/916
f 4746/2387/917 4748/2389/918 4747/2390/918 4745/2388/917
f 4748/2389/918 4750/2391/919 4749/2392/919 4747/2390/918
f 4750/2391/919 4752/2393/920 4751/2394/920 4749/2392/919
f 4752/2393/920 4754/2395/921 4753/2396/921 4751/2394/920
f 4754/2395/921 4756/2397/922 4755/2398/922 4753/2396/921
f 4756/2397/922 4758/2399/923 4757/2400/923 4755/2398/922
f 4758/2399/923 4760/2401/924 4759/2402/924 4757/2400/923
f 4760/2401/924 4762/2403/925 4761/2404/925 4759/2402/924
f 4762/2403/925 4764/2405/926 4763/2406/926 4761/2404/925
f 4764/2405/926 4766/2407/927 4765/2408/927 4763/2406/926
f 4766/2407/927 4768/2409/928 4767/2410/928 4765/2408/927
f 4768/2409/928 4770/2411/929 4769/2412/929 4767/2410/928
f 4770/2411/929 4772/2413/930 4771/2414/930 4769/2412/929
f 4772/2413/930 4774/2415/931 4773/2416/931 4771/2414/930
f 4774/2415/931 4776/2417/932 4775/2418/932 4773/2416/931
f 4776/2417/932 4778/2419/933 4777/2420/933 4775/2418/932
f 4778/2419/933 4780/2421/934 4779/2422/934 4777/2420/933
f 4780/2421/934 4782/2423/935 4781/2424/935 4779/2422/934
f 4782/2423/935 4784/2425/936 4783/2426/936 4781/2424/935
f 4784/2425/936 4786/2427/936 4785/2428/936 4783/2426/936
f 4786/2427/936 4788/2429/937 4787/2430/937 4785/2428/936
f 4788/2429/937 4790/2431/938 4789/2432/938 4787/2430/937
f 4790/2431/938 4792/2433/939 4791/2434/939 4789/2432/938
f 4792/2433/939 4794/2435/940 4793/2436/940 4791/2434/939
f 4794/2435/940 4796/2437/941 4795/2438/941 4793/2436/940
f 4796/2437/941 4798/2439/942 4797/2440/942 4795/2438/941
f 4798/2439/942 4800/2441/943 4799/2442/943 4797/2440/942
f 4800/2441/943 4802/2443/944 4801/2444/944 4799/2442/943
f 4802/2443/944 4804/2445/945 4803/2446/945 4801/2444/944
f 4804/2445/945 4806/2447/946 4805/2448/946 4803/2446/945
f 4806/2447/946 4808/2449/947 4807/2450/947 4805/2448/946
f 4808/2449/947 4810/2451/948 4809/2452/948 4807/2450/947
f 4810/2451/948 4812/2453/949 4811/2454/949 4809/2452/948
f 4812/2453/949 4814/2455/950 4813/2456/950 4811/2454/949
f 4814/2455/950 4816/2457/951 4815/2458/951 4813/2456/950
f 4816/2457/951 4818/2459/952 4817/2460/952 4815/2458/951
f 4818/2459/952 4820/2461/953 4819/2462/953 4817/2460/952
f 4820/2461/953 4822/2463/954 4821/2464/954 4819/2462/953
f 4822/2463/954 4824/2465/955 4823/2466/955 4821/2464/954
f 4824/2465/955 4826/2467/636 4825/2468/636 4823/2466/955
f 4826/2467/636 4828/2469/956 4827/2470/956 4825/2468/636
f 4828/2469/956 4830/2471/957 4829/2472/957 4827/2470/956
f 4830/2471/957 4832/2473/958 4831/2474/958 4829/2472/957
f 4832/2473/958 4834/2475/959 4833/2476/959 4831/2474/958
f 4834/2475/959 4836/2477/960 4835/2478/960 4833/2476/959
f 4836/2477/960 4838/2479/961 4837/2480/961 4835/2478/960
f 4838/2479/961 4840/2481/962 4839/2482/962 4837/2480/961
f 4840/2481/962 4842/2483/328 4841/2484/328 4839/2482/962
f 4842/2483/328 4844/2485/963 4843/2486/963 4841/2484/328
f 4844/2485/963 4846/2487/964 4845/2488/964 4843/2486/963
f 4846/2487/964 4848/2489/965 4847/2490/965 4845/2488/964
f 4848/2489/965 4850/2491/966 4849/2492/966 4847/2490/965
f 4850/2491/966 4852/2493/967 4851/2494/967 4849/2492/966
f 4852/2493/967 4854/2495/968 4853/2496/968 4851/2494/967
f 4854/2495/968 4856/2497/969 4855/2498/969 4853/2496/968
f 4856/2497/969 4858/2499/970 4857/2500/970 4855/2498/969
f 4858/2499/970 4860/2501/971 4859/2502/971 4857/2500/970
f 4860/2501/971 4862/2503/972 4861/2504/972 4859/2502/971
f 4862/2503/972 4864/2505/973 4863/2506/973 4861/2504/972
f 4864/2505/973 4866/2507/515 4865/2508/515 4863/2506/973
f 4866/2507/515 4868/2509/974 4867/2510/974 4865/2508/515
f 4868/2509/974 4870/2511/975 4869/2512/975 4867/2510/974
f 4870/2511/975 4872/2513/976 4871/2514/976 4869/2512/975
f 4872/2513/976 4874/2515/977 4873/2516/977 4871/2514/976
f 4874/2515/977 4876/1947/978 4875/228/978 4873/2516/977
f 4876/1947/978 4878/2517/979 4877/2518/979 4875/228/978
f 4878/2517/979 4880/2519/980 4879/2520/980 4877/2518/979
f 4880/2519/980 4882/2521/981 4881/2522/981 4879/2520/980
f 4882/2521/981 4884/2523/982 4883/2524/982 4881/2522/981
f 4884/2523/982 4886/2525/983 4885/2526/983 4883/2524/982
f 4886/2525/983 4888/2527/984 4887/2528/984 4885/2526/983
f 4888/2527/984 4890/2529/985 4889/2530/985 4887/2528/984
f 4890/2529/985 4892/2531/986 4891/2532/986 4889/2530/985
f 4892/2531/986 4894/2533/987 4893/2534/987 4891/2532/986
f 4894/2533/987 4896/2535/988 4895/2536/988 4893/2534/987
f 4896/2535/988 4898/2537/989 4897/2538/989 4895/2536/988
f 4898/2537/989 4900/2539/990 4899/2540/990 4897/2538/989
f 4900/2539/990 4902/2541/991 4901/2542/991 4899/2540/990
f 4902/2541/991 4904/2543/992 4903/2544/992 4901/2542/991
f 4904/2543/992 4906/2545/993 4905/2546/993 4903/2544/992
f 4906/2545/993 4908/2547/994 4907/2548/994 4905/2546/993
f 4908/2547/994 4910/2549/995 4909/2550/995 4907/2548/994
f 4910/2549/995 4912/2551/996 4911/2552/996 4909/2550/995
f 4912/2551/996 4914/2553/997 4913/2554/997 4911/2552/996
f 4914/2553/997 4916/2555/998 4915/2556/998 4913/2554/997
f 4916/2555/998 4918/2557/999 4917/2558/999 4915/2556/998
f 4918/2557/999 4920/2559/1000 4919/2560/1000 4917/2558/999
f 4920/2559/1000 4922/2561/1001 4921/2562/1001 4919/2560/1000
f 4922/2561/1001 4924/2563/1002 4923/2564/1002 4921/2562/1001
f 4924/2563/1002 4926/2565/1003 4925/2566/1003 4923/2564/1002
f 4926/2565/1003 4928/2567/1004 4927/2568/1004 4925/2566/1003
f 4928/2567/1004 4930/2569/1005 4929/2570/1005 4927/2568/1004
f 4930/2569/1005 4932/2571/1006 4931/2572/1006 4929/2570/1005
f 4932/2571/1006 4934/2573/1007 4933/2574/1007 4931/2572/1006
f 4934/2573/1007 4936/2575/1008 4935/2576/1008 4933/2574/1007
f 4936/2575/1008 4938/2577/1009 4937/2578/1009 4935/2576/1008
f 4938/2577/1009 4940/2579/1010 4939/2580/1010 4937/2578/1009
f 4940/2579/1010 4942/2581/1011 4941/2582/1011 4939/2580/1010
f 4942/2581/1011 4944/2583/1012 4943/2584/1012 4941/2582/1011
f 4944/2583/1012 4946/2585/1013 4945/2586/1013 4943/2584/1012
f 4946/2585/1013 4948/2587/1014 4947/2588/1014 4945/2586/1013
f 4948/2587/1014 4950/2589/1015 4949/2590/1015 4947/2588/1014
f 4950/2589/1015 4952/2591/1016 4951/2592/1016 4949/2590/1015
f 4952/2591/1016 4954/2593/1017 4953/2594/1017 4951/2592/1016
f 4954/2593/1017 4956/2595/1018 4955/2596/1018 4953/2594/1017
f 4956/2595/1018 4958/2597/1019 4957/2598/1019 4955/2596/1018
f 4958/2597/1019 4960/2599/1020 4959/2600/1020 4957/2598/1019
f 4960/2599/1020 4962/2601/1021 4961/2602/1021 4959/2600/1020
f 4962/2601/1021 4964/2603/1022 4963/2604/1022 4961/2602/1021
f 4964/2603/1022 4966/2605/1023 4965/2606/1023 4963/2604/1022
f 4966/2605/1023 4968/2607/1024 4967/2608/1024 4965/2606/1023
f 4968/2607/1024 4970/2609/1025 4969/2610/1025 4967/2608/1024
f 4970/2609/1025 4972/2611/1026 4971/2612/1026 4969/2610/1025
f 4972/2611/1026 4974/2613/1027 4973/2614/1027 4971/2612/1026
f 4974/2613/1027 4976/2615/1028 4975/2616/1028 4973/2614/1027
f 4976/2615/1028 4978/2617/1029 4977/2618/1029 4975/2616/1028
f 4978/2617/1029 4980/2619/1030 4979/2620/1030 4977/2618/1029
f 4980/2619/1030 4982/2621/1031 4981/2622/1031 4979/2620/1030
f 4982/2621/1031 4984/2623/1032 4983/2624/1032 4981/2622/1031
f 4984/2623/1032 4986/2625/1033 4985/2626/1033 4983/2624/1032
f 4986/2625/1033 4988/2627/1034 4987/2628/1034 4985/2626/1033
f 4988/2627/1034 4990/2629/1035 4989/2630/1035 4987/2628/1034
f 4990/2629/1035 4992/2631/1036 4991/2632/1036 4989/2630/1035
f 4992/2631/1036 4994/2633/1037 4993/2634/1037 4991/2632/1036
f 4994/2633/1037 4996/2635/1038 4995/2636/1038 4993/2634/1037
f 4996/2635/1038 4998/2637/1039 4997/2638/1039 4995/2636/1038
f 4998/2637/1039 5000/2639/1040 4999/2640/1040 4997/2638/1039
f 5000/2639/1040 5002/2641/1041 5001/2642/1041 4999/2640/1040
f 5002/2641/1041 5004/2643/1042 5003/2644/1042 5001/2642/1041
f 5004/2643/1042 5006/2645/1043 5005/2646/1043 5003/2644/1042
f 5006/2645/1043 5008/2647/1044 5007/2648/1044 5005/2646/1043
f 5008/2647/1044 5010/2649/1045 5009/2650/1045 5007/2648/1044
f 5010/2649/1045 5012/2651/1046 5011/2652/1046 5009/2650/1045
f 5012/2651/1046 5014/2653/1047 5013/2654/1047 5011/2652/1046
f 5014/2653/1047 5016/2655/1048 5015/2656/1048 5013/2654/1047
f 5016/2655/1048 5018/2657/1049 5017/2658/1049 5015/2656/1048
f 5018/2657/1049 5020/2659/1050 5019/2660/1050 5017/2658/1049
f 5020/2659/1050 5022/2028/1051 5021/275/1051 5019/2660/1050
f 5022/2028/1051 5024/2661/1052 5023/2662/1052 5021/275/1051
f 5024/2661/1052 5026/2663/1053 5025/2664/1053 5023/2662/1052
f 5026/2663/1053 5028/2665/1054 5027/2666/1054 5025/2664/1053
f 5028/2665/1054 5030/2667/1055 5029/2668/1055 5027/2666/1054
f 5030/2667/1055 5032/2669/1056 5031/2670/1056 5029/2668/1055
f 5032/2669/1056 5034/2671/1057 5033/2672/1057 5031/2670/1056
f 5034/2671/1057 5036/2673/1058 5035/2674/1058 5033/2672/1057
f 5036/2673/1058 5038/2675/1059 5037/2676/1059 5035/2674/1058
f 5038/2675/1059 5040/2677/1060 5039/2678/1060 5037/2676/1059
f 5040/2677/1060 5042/2679/1061 5041/2680/1061 5039/2678/1060
f 5042/2679/1061 5044/2681/1062 5043/2682/1062 5041/2680/1061
f 5044/2681/1062 5046/2683/1063 5045/2684/1063 5043/2682/1062
f 5046/2683/1063 5048/2685/1064 5047/2686/1064 5045/2684/1063
f 5048/2685/1064 5050/2687/1065 5049/2688/1065 5047/2686/1064
f 5050/2687/1065 5052/2689/1066 5051/2690/1066 5049/2688/1065
f 5052/2689/1066 5054/2691/279 5053/2692/279 5051/2690/1066
f 5054/2691/279 5056/2693/1067 5055/2694/1067 5053/2692/279
f 5056/2693/1067 5058/2695/1068 5057/2696/1068 5055/2694/1067
f 5058/2695/1068 5060/2697/1069 5059/2698/1069 5057/2696/1068
f 5060/2697/1069 5062/2699/1070 5061/2700/1070 5059/2698/1069
f 5062/2699/1070 5064/2701/1071 5063/2702/1071 5061/2700/1070
f 5064/2701/1071 5066/2703/1072 5065/2704/1072 5063/2702/1071
f 5066/2703/1072 5068/2705/1067 5067/2706/1067 5065/2704/1072
f 5068/2705/1067 5070/2707/1073 5069/2708/1073 5067/2706/1067
f 5070/2707/1073 5072/2709/1074 5071/2710/1074 5069/2708/1073
f 5072/2709/1074 5074/2711/1075 5073/2712/1075 5071/2710/1074
f 5074/2711/1075 5076/2713/1076 5075/2714/1076 5073/2712/1075
f 5076/2713/1076 5078/2715/1077 5077/2716/1077 5075/2714/1076
f 5078/2715/1077 5080/2717/1078 5079/2718/1078 5077/2716/1077
f 5080/2717/1078 5082/2719/1079 5081/2720/1079 5079/2718/1078
f 5082/2719/1079 5084/2721/1080 5083/2722/1080 5081/2720/1079
f 5084/2721/1080 5086/2723/1081 5085/2724/1081 5083/2722/1080
f 5086/2723/1081 5088/2725/1082 5087/2726/1082 5085/2724/1081
f 5088/2725/1082 5090/2727/1083 5089/2728/1083 5087/2726/1082
f 5090/2727/1083 5092/2729/1084 5091/2730/1084 5089/2728/1083
f 5092/2729/1084 5094/2731/1085 5093/2732/1085 5091/2730/1084
f 5094/2731/1085 5096/2733/1086 5095/2734/1086 5093/2732/1085
f 5096/2733/1086 5098/2735/1087 5097/2736/1087 5095/2734/1086
f 5098/2735/1087 5100/2737/364 5099/2738/364 5097/2736/1087
f 5100/2737/364 5102/2739/1088 5101/2740/1088 5099/2738/364
f 5102/2739/1088 5104/2741/1089 5103/2742/1089 5101/2740/1088
f 5104/2741/1089 5106/2743/1090 5105/2744/1090 5103/2742/1089
f 5106/2743/1090 5108/2745/1091 5107/2746/1091 5105/2744/1090
f 5108/2745/1091 5110/2747/1092 5109/2748/1092 5107/2746/1091
f 5110/2747/1092 5112/2749/1093 5111/2750/1093 5109/2748/1092
f 5112/2749/1093 5114/2751/1094 5113/2752/1094 5111/2750/1093
f 5114/2751/1094 5116/2753/1095 5115/2754/1095 5113/2752/1094
f 5116/2753/1095 5118/2755/1096 5117/2756/1096 5115/2754/1095
f 5118/2755/1096 5120/2757/1097 5119/2758/1097 5117/2756/1096
f 5120/2757/1097 5122/2759/1098 5121/2760/1098 5119/2758/1097
f 5122/2759/1098 5124/2761/1099 5123/2762/1099 5121/2760/1098
f 5124/2761/1099 5126/2763/1100 5125/2764/1100 5123/2762/1099
f 5126/2763/1100 5128/2765/1101 5127/2766/1101 5125/2764/1100
f 5128/2765/1101 5130/2767/1102 5129/2768/1102 5127/2766/1101
f 5130/2767/1102 5132/2769/1103 5131/2770/1103 5129/2768/1102
f 5132/2769/1103 5134/2771/1104 5133/2772/1104 5131/2770/1103
f 5134/2771/1104 5136/2773/1105 5135/2774/1105 5133/2772/1104
f 5136/2773/1105 5138/2775/1106 5137/2776/1106 5135/2774/1105
f 5138/2775/1106 5140/2777/1107 5139/2778/1107 5137/2776/1106
f 5140/2777/1107 5142/2779/1108 5141/2780/1108 5139/2778/1107
f 5142/2779/1108 5144/2781/1109 5143/2782/1109 5141/2780/1108
f 5144/2781/1109 5146/2783/1110 5145/2784/1110 5143/2782/1109
f 5146/2783/1110 5148/2785/1111 5147/2786/1111 5145/2784/1110
f 5148/2785/1111 5150/2787/1112 5149/2788/1112 5147/2786/1111
f 5150/2787/1112 5152/2789/1113 5151/2790/1113 5149/2788/1112
f 5152/2789/1113 5154/2791/1114 5153/2792/1114 5151/2790/1113
f 5154/2791/1114 5156/2793/1115 5155/2794/1115 5153/2792/1114
f 5156/2793/1115 5158/2795/1116 5157/2796/1116 5155/2794/1115
f 5158/2795/1116 5160/2797/1117 5159/2798/1117 5157/2796/1116
f 5160/2797/1117 5162/2799/1118 5161/2800/1118 5159/2798/1117
f 5162/2799/1118 5164/2801/1119 5163/2802/1119 5161/2800/1118
f 5164/2801/1119 5166/2803/1120 5165/2804/1120 5163/2802/1119
f 5166/2803/1120 4730/1278/909 4729/50/909 5165/2804/1120
f 5168/1252/1121 5170/2303/1122 5169/2304/1122 5167/96/1121
f 5170/2303/1122 5172/2305/1123 5171/2306/1123 5169/2304/1122
f 5172/2305/1123 5174/2307/1124 5173/2308/1124 5171/2306/1123
f 5174/2307/1124 5176/2309/1125 5175/236/1125 5173/2308/1124
f 5176/2309/1125 5178/2310/1126 5177/2311/1126 5175/236/1125
f 5178/2310/1126 5180/2109/1127 5179/2110/1127 5177/2311/1126
f 5180/2109/1127 5182/2312/1128 5181/2313/1128 5179/2110/1127
f 5182/2312/1128 5184/2314/1129 5183/179/1129 5181/2313/1128
f 5184/2314/1129 5186/2315/1130 5185/2316/1130 5183/179/1129
f 5186/2315/1130 5188/2317/1131 5187/2318/1131 5185/2316/1130
f 5188/2317/1131 5190/2319/1132 5189/2320/1132 5187/2318/1131
f 5190/2319/1132 5192/1415/1133 5191/153/1133 5189/2320/1132
f 5192/1415/1133 5194/2321/1134 5193/2322/1134 5191/153/1133
f 5194/2321/1134 5196/2323/1135 5195/2324/1135 5193/2322/1134
f 5196/2323/1135 5198/2325/1136 5197/2326/1136 5195/2324/1135
f 5198/2325/1136 5200/1947/1137 5199/228/1137 5197/2326/1136
f 5200/1947/1137 5202/2327/1138 5201/2328/1138 5199/228/1137
f 5202/2327/1138 5204/2111/1139 5203/2112/1139 5201/2328/1138
f 5204/2111/1139 5206/2329/1140 5205/2330/1140 5203/2112/1139
f 5206/2329/1140 5208/2331/1141 5207/242/1141 5205/2330/1140
f 5208/2331/1141 5210/2332/1142 5209/2333/1142 5207/242/1141
f 5210/2332/1142 5212/2334/1143 5211/2335/1143 5209/2333/1142
f 5212/2334/1143 5214/2336/1144 5213/2337/1144 5211/2335/1143
f 5214/2336/1144 5216/1265/1145 5215/133/1145 5213/2337/1144
f 5216/1265/1145 5218/2338/1146 5217/2339/1146 5215/133/1145
f 5218/2338/1146 5220/2340/1147 5219/2341/1147 5217/2339/1146
f 5220/2340/1147 5222/2342/1148 5221/2343/1148 5219/2341/1147
f 5222/2342/1148 5224/2344/1149 5223/155/1149 5221/2343/1148
f 5224/2344/1149 5226/2345/1150 5225/2346/1150 5223/155/1149
f 5226/2345/1150 5228/2113/1151 5227/2114/1151 5225/2346/1150
f 5228/2113/1151 5230/2347/1152 5229/2348/1152 5227/2114/1151
f 5230/2347/1152 5232/2028/1153 5231/275/1153 5229/2348/1152
f 5232/2028/1153 5234/2349/385 5233/2350/385 5231/275/1153
f 5234/2349/385 5236/2351/1154 5235/2352/1154 5233/2350/385
f 5236/2351/1154 5238/2353/1155 5237/2354/1155 5235/2352/1154
f 5238/2353/1155 5240/1508/1156 5239/258/1156 5237/2354/1155
f 5240/1508/1156 5242/2355/1157 5241/2356/1157 5239/258/1156
f 5242/2355/1157 5244/2357/1158 5243/2358/1158 5241/2356/1157
f 5244/2357/1158 5246/2359/1159 5245/2360/1159 5243/2358/1158
f 5246/2359/1159 5248/2361/1160 5247/202/1160 5245/2360/1159
f 5248/2361/1160 5250/2362/1161 5249/2363/1161 5247/202/1160
f 5250/2362/1161 5252/2115/1162 5251/2116/1162 5249/2363/1161
f 5252/2115/1162 5254/2364/1163 5253/2365/1163 5251/2116/1162
f 5254/2364/1163 5256/2366/1164 5255/139/1164 5253/2365/1163
f 5256/2366/1164 5258/2367/1165 5257/2368/1165 5255/139/1164
f 5258/2367/1165 5260/2369/1166 5259/2370/1166 5257/2368/1165
f 5260/2369/1166 5262/2371/1167 5261/2372/1167 5259/2370/1166
f 5262/2371/1167 5168/1278/1121 5167/50/1121 5261/2372/1167
f 5264/1252/1168 5266/2805/1169 5265/2806/1169 5263/96/1168
f 5266/2805/1169 5268/2807/1170 5267/2808/1170 5265/2806/1169
f 5268/2807/1170 5270/2809/1171 5269/2810/1171 5267/2808/1170
f 5270/2809/1171 5272/2811/1172 5271/2812/1172 5269/2810/1171
f 5272/2811/1172 5274/2813/1173 5273/2814/1173 5271/2812/1172
f 5274/2813/1173 5276/2815/1174 5275/2816/1174 5273/2814/1173
f 5276/2815/1174 5278/2817/1175 5277/2818/1175 5275/2816/1174
f 5278/2817/1175 5280/2819/1176 5279/2820/1176 5277/2818/1175
f 5280/2819/1176 5282/2821/1177 5281/2822/1177 5279/2820/1176
f 5282/2821/1177 5284/2823/1178 5283/2824/1178 5281/2822/1177
f 5284/2823/1178 5286/2825/1179 5285/2826/1179 5283/2824/1178
f 5286/2825/1179 5288/2827/1180 5287/2828/1180 5285/2826/1179
f 5288/2827/1180 5290/2829/1181 5289/2830/1181 5287/2828/1180
f 5290/2829/1181 5292/2831/1182 5291/2832/1182 5289/2830/1181
f 5292/2831/1182 5294/2833/1183 5293/2834/1183 5291/2832/1182
f 5294/2833/1183 5296/2835/1184 5295/2836/1184 5293/2834/1183
f 5296/2835/1184 5298/2837/1185 5297/2838/1185 5295/2836/1184
f 5298/2837/1185 5300/2839/1186 5299/2840/1186 5297/2838/1185
f 5300/2839/1186 5302/2841/1187 5301/2842/1187 5299/2840/1186
f 5302/2841/1187 5304/2843/1188 5303/2844/1188 5301/2842/1187
f 5304/2843/1188 5306/2845/1189 5305/2846/1189 5303/2844/1188
f 5306/2845/1189 5308/2847/1190 5307/2848/1190 5305/2846/1189
f 5308/2847/1190 5310/2849/1191 5309/2850/1191 5307/2848/1190
f 5310/2849/1191 5312/2851/1192 5311/2852/1192 5309/2850/1191
f 5312/2851/1192 5314/2853/1193 5313/2854/1193 5311/2852/1192
f 5314/2853/1193 5316/2855/1194 5315/2856/1194 5313/2854/1193
f 5316/2855/1194 5318/2857/1195 5317/2858/1195 5315/2856/1194
f 5318/2857/1195 5320/2859/1196 5319/2860/1196 5317/2858/1195
f 5320/2859/1196 5322/2861/1197 5321/2862/1197 5319/2860/1196
f 5322/2861/1197 5324/2863/1198 5323/2864/1198 5321/2862/1197
f 5324/2863/1198 5326/2865/1199 5325/2866/1199 5323/2864/1198
f 5326/2865/1199 5328/2867/1200 5327/2868/1200 5325/2866/1199
f 5328/2867/1200 5330/2869/1201 5329/2870/1201 5327/2868/1200
f 5330/2869/1201 5332/2871/1202 5331/2872/1202 5329/2870/1201
f 5332/2871/1202 5334/2873/1203 5333/2874/1203 5331/2872/1202
f 5334/2873/1203 5336/2875/1204 5335/2876/1204 5333/2874/1203
f 5336/2875/1204 5338/2877/1205 5337/2878/1205 5335/2876/1204
f 5338/2877/1205 5340/2879/1206 5339/2880/1206 5337/2878/1205
f 5340/2879/1206 5342/2881/1207 5341/2882/1207 5339/2880/1206
f 5342/2881/1207 5344/2883/1208 5343/2884/1208 5341/2882/1207
f 5344/2883/1208 5346/2885/1209 5345/2886/1209 5343/2884/1208
f 5346/2885/1209 5348/2887/1210 5347/2888/1210 5345/2886/1209
f 5348/2887/1210 5350/2889/1211 5349/2890/1211 5347/2888/1210
f 5350/2889/1211 5352/2891/1212 5351/2892/1212 5349/2890/1211
f 5352/2891/1212 5354/2893/1213 5353/2894/1213 5351/2892/1212
f 5354/2893/1213 5356/2895/1214 5355/2896/1214 5353/2894/1213
f 5356/2895/1214 5358/2897/1215 5357/2898/1215 5355/2896/1214
f 5358/2897/1215 5360/2899/1216 5359/2900/1216 5357/2898/1215
f 5360/2899/1216 5362/2901/1217 5361/2902/1217 5359/2900/1216
f 5362/2901/1217 5364/2903/1218 5363/2904/1218 5361/2902/1217
f 5364/2903/1218 5366/2905/1219 5365/2906/1219 5363/2904/1218
f 5366/2905/1219 5368/2907/1220 5367/2908/1220 5365/2906/1219
f 5368/2907/1220 5370/2909/1221 5369/2910/1221 5367/2908/1220
f 5370/2909/1221 5372/2911/1222 5371/2912/1222 5369/2910/1221
f 5372/2911/1222 5374/2913/1223 5373/2914/1223 5371/2912/1222
f 5374/2913/1223 5376/2915/1224 5375/2916/1224 5373/2914/1223
f 5376/2915/1224 5378/2917/1225 5377/2918/1225 5375/2916/1224
f 5378/2917/1225 5380/2919/1226 5379/2920/1226 5377/2918/1225
f 5380/2919/1226 5382/2921/1227 5381/2922/1227 5379/2920/1226
f 5382/2921/1227 5384/2923/1228 5383/2924/1228 5381/2922/1227
f 5384/2923/1228 5386/2925/1229 5385/2926/1229 5383/2924/1228
f 5386/2925/1229 5388/2927/1230 5387/2928/1230 5385/2926/1229
f 5388/2927/1230 5390/2929/1231 5389/2930/1231 5387/2928/1230
f 5390/2929/1231 5392/2931/1232 5391/2932/1232 5389/2930/1231
f 5392/2931/1232 5394/2933/1233 5393/2934/1233 5391/2932/1232
f 5394/2933/1233 5396/2935/1234 5395/2936/1234 5393/2934/1233
f 5396/2935/1234 5398/2937/1235 5397/2938/1235 5395/2936/1234
f 5398/2937/1235 5400/2939/1236 5399/2940/1236 5397/2938/1235
f 5400/2939/1236 5402/2941/1237 5401/2942/1237 5399/2940/1236
f 5402/2941/1237 5404/2943/1238 5403/2944/1238 5401/2942/1237
f 5404/2943/1238 5406/2945/1239 5405/2946/1239 5403/2944/1238
f 5406/2945/1239 5408/2947/1240 5407/2948/1240 5405/2946/1239
f 5408/2947/1240 5410/2949/1241 5409/2950/1241 5407/2948/1240
f 5410/2949/1241 5412/2951/1242 5411/2952/1242 5409/2950/1241
f 5412/2951/1242 5414/2953/1243 5413/2954/1243 5411/2952/1242
f 5414/2953/1243 5416/2955/1244 5415/2956/1244 5413/2954/1243
f 5416/2955/1244 5418/2957/1245 5417/2958/1245 5415/2956/1244
f 5418/2957/1245 5420/2959/1246 5419/2960/1246 5417/2958/1245
f 5420/2959/1246 5422/2961/1247 5421/2962/1247 5419/2960/1246
f 5422/2961/1247 5424/2963/1248 5423/2964/1248 5421/2962/1247
f 5424/2963/1248 5426/2965/1249 5425/2966/1249 5423/2964/1248
f 5426/2965/1249 5428/2967/1250 5427/2968/1250 5425/2966/1249
f 5428/2967/1250 5430/2969/1251 5429/2970/1251 5427/2968/1250
f 5430/2969/1251 5432/2971/490 5431/2972/490 5429/2970/1251
f 5432/2971/490 5434/2973/1252 5433/2974/1252 5431/2972/490
f 5434/2973/1252 5436/2975/1253 5435/2976/1253 5433/2974/1252
f 5436/2975/1253 5438/2977/1254 5437/2978/1254 5435/2976/1253
f 5438/2977/1254 5440/2979/1255 5439/2980/1255 5437/2978/1254
f 5440/2979/1255 5442/2981/1256 5441/2982/1256 5439/2980/1255
f 5442/2981/1256 5444/2983/1257 5443/2984/1257 5441/2982/1256
f 5444/2983/1257 5446/2985/1258 5445/2986/1258 5443/2984/1257
f 5446/2985/1258 5448/2987/1259 5447/2988/1259 5445/2986/1258
f 5448/2987/1259 5450/2989/1260 5449/2990/1260 5447/2988/1259
f 5450/2989/1260 5452/2991/1261 5451/2992/1261 5449/2990/1260
f 5452/2991/1261 5454/2993/1262 5453/2994/1262 5451/2992/1261
f 5454/2993/1262 5456/2995/1263 5455/2996/1263 5453/2994/1262
f 5456/2995/1263 5458/2997/1264 5457/2998/1264 5455/2996/1263
f 5458/2997/1264 5460/2999/1265 5459/3000/1265 5457/2998/1264
f 5460/2999/1265 5462/3001/408 5461/3002/408 5459/3000/1265
f 5462/3001/408 5464/3003/1266 5463/3004/1266 5461/3002/408
f 5464/3003/1266 5466/3005/1267 5465/3006/1267 5463/3004/1266
f 5466/3005/1267 5468/3007/1268 5467/3008/1268 5465/3006/1267
f 5468/3007/1268 5470/3009/527 5469/3010/527 5467/3008/1268
f 5470/3009/527 5472/3011/1269 5471/3012/1269 5469/3010/527
f 5472/3011/1269 5474/3013/293 5473/3014/293 5471/3012/1269
f 5474/3013/293 5476/3015/1270 5475/3016/1270 5473/3014/293
f 5476/3015/1270 5478/3017/1271 5477/3018/1271 5475/3016/1270
f 5478/3017/1271 5480/3019/1272 5479/3020/1272 5477/3018/1271
f 5480/3019/1272 5264/1278/1168 5263/50/1168 5479/3020/1272
f 5482/1252/1273 5484/1795/1274 5483/1016/1274 5481/96/1273
f 5484/1795/1274 5486/1796/1275 5485/1022/1275 5483/1016/1274
f 5486/1796/1275 5488/1797/1276 5487/1028/1276 5485/1022/1275
f 5488/1797/1276 5490/1798/1277 5489/1036/1277 5487/1028/1276
f 5490/1798/1277 5492/1799/1278 5491/1043/1278 5489/1036/1277
f 5492/1799/1278 5494/1800/1279 5493/1052/1279 5491/1043/1278
f 5494/1800/1279 5496/1801/1280 5495/1061/1280 5493/1052/1279
f 5496/1801/1280 5498/1802/1281 5497/1062/1281 5495/1061/1280
f 5498/1802/1281 5500/1803/1282 5499/1053/1282 5497/1062/1281
f 5500/1803/1282 5502/1804/1283 5501/1044/1283 5499/1053/1282
f 5502/1804/1283 5504/1805/1284 5503/1037/1284 5501/1044/1283
f 5504/1805/1284 5506/1806/1285 5505/1034/1285 5503/1037/1284
f 5506/1806/1285 5508/1807/1286 5507/1051/1286 5505/1034/1285
f 5508/1807/1286 5510/1808/1287 5509/1066/1287 5507/1051/1286
f 5510/1808/1287 5512/1809/1288 5511/1071/1288 5509/1066/1287
f 5512/1809/1288 5514/1810/1289 5513/1076/1289 5511/1071/1288
f 5514/1810/1289 5516/1811/1290 5515/1080/1290 5513/1076/1289
f 5516/1811/1290 5518/1812/1291 5517/1083/1291 5515/1080/1290
f 5518/1812/1291 5520/1813/1292 5519/1087/1292 5517/1083/1291
f 5520/1813/1292 5522/1814/1293 5521/1090/1293 5519/1087/1292
f 5522/1814/1293 5524/1815/1294 5523/1093/1294 5521/1090/1293
f 5524/1815/1294 5526/1816/1295 5525/1096/1295 5523/1093/1294
f 5526/1816/1295 5528/1817/1296 5527/1100/1296 5525/1096/1295
f 5528/1817/1296 5530/1818/1297 5529/1103/1297 5527/1100/1296
f 5530/1818/1297 5532/1819/1298 5531/1085/1298 5529/1103/1297
f 5532/1819/1298 5534/1820/1299 5533/1072/1299 5531/1085/1298
f 5534/1820/1299 5536/1821/1300 5535/1065/1300 5533/1072/1299
f 5536/1821/1300 5538/1822/1301 5537/1040/1301 5535/1065/1300
f 5538/1822/1301 5540/1823/1302 5539/1027/1302 5537/1040/1301
f 5540/1823/1302 5542/1824/1303 5541/1021/1303 5539/1027/1302
f 5542/1824/1303 5544/1825/1304 5543/1015/1304 5541/1021/1303
f 5544/1825/1304 5546/1826/1305 5545/1009/1305 5543/1015/1304
f 5546/1826/1305 5548/1827/1306 5547/1003/1306 5545/1009/1305
f 5548/1827/1306 5550/1828/1307 5549/997/1307 5547/1003/1306
f 5550/1828/1307 5552/1829/1308 5551/991/1308 5549/997/1307
f 5552/1829/1308 5554/1830/1309 5553/985/1309 5551/991/1308
f 5554/1830/1309 5556/1265/1310 5555/133/1310 5553/985/1309
f 5556/1265/1310 5558/1831/1311 5557/994/1311 5555/133/1310
f 5558/1831/1311 5560/1832/1312 5559/1000/1312 5557/994/1311
f 5560/1832/1312 5562/1833/1313 5561/1006/1313 5559/1000/1312
f 5562/1833/1313 5564/1834/1314 5563/889/1314 5561/1006/1313
f 5564/1834/1314 5566/1835/1315 5565/906/1315 5563/889/1314
f 5566/1835/1315 5568/1836/1316 5567/912/1316 5565/906/1315
f 5568/1836/1316 5570/1837/1317 5569/907/1317 5567/912/1316
f 5570/1837/1317 5572/1838/1318 5571/890/1318 5569/907/1317
f 5572/1838/1318 5574/1839/1319 5573/894/1319 5571/890/1318
f 5574/1839/1319 5576/1840/1320 5575/900/1320 5573/894/1319
f 5576/1840/1320 5578/1841/1321 5577/897/1321 5575/900/1320
f 5578/1841/1321 5580/1842/1322 5579/888/1322 5577/897/1321
f 5580/1842/1322 5582/1843/1323 5581/939/1323 5579/888/1322
f 5582/1843/1323 5584/1844/1324 5583/943/1324 5581/939/1323
f 5584/1844/1324 5586/1845/1325 5585/951/1325 5583/943/1324
f 5586/1845/1325 5588/1846/1326 5587/961/1326 5585/951/1325
f 5588/1846/1326 5590/1847/1327 5589/963/1327 5587/961/1326
f 5590/1847/1327 5592/1848/1328 5591/959/1328 5589/963/1327
f 5592/1848/1328 5594/1849/1329 5593/954/1329 5591/959/1328
f 5594/1849/1329 5596/1850/1330 5595/946/1330 5593/954/1329
f 5596/1850/1330 5598/1851/1331 5597/971/1331 5595/946/1330
f 5598/1851/1331 5600/1852/1332 5599/975/1332 5597/971/1331
f 5600/1852/1332 5602/1853/1333 5601/979/1333 5599/975/1332
f 5602/1853/1333 5604/1854/1334 5603/983/1334 5601/979/1333
f 5604/1854/1334 5606/1855/1335 5605/980/1335 5603/983/1334
f 5606/1855/1335 5608/1856/1336 5607/970/1336 5605/980/1335
f 5608/1856/1336 5610/1857/1337 5609/967/1337 5607/970/1336
f 5610/1857/1337 5612/1858/1338 5611/944/1338 5609/967/1337
f 5612/1858/1338 5614/1859/1339 5613/937/1339 5611/944/1338
f 5614/1859/1339 5616/1860/1340 5615/931/1340 5613/937/1339
f 5616/1860/1340 5618/1861/1341 5617/924/1341 5615/931/1340
f 5618/1861/1341 5620/1862/1342 5619/917/1342 5617/924/1341
f 5620/1862/1342 5622/1863/1343 5621/914/1343 5619/917/1342
f 5622/1863/1343 5624/1864/1344 5623/920/1344 5621/914/1343
f 5624/1864/1344 5626/1865/1345 5625/925/1345 5623/920/1344
f 5626/1865/1345 5628/1866/1346 5627/930/1346 5625/925/1345
f 5628/1866/1346 5482/1278/1273 5481/50/1273 5627/930/1346
f 5630/1252/1347 5632/2303/1348 5631/2304/1348 5629/96/1347
f 5632/2303/1348 5634/2305/1349 5633/2306/1349 5631/2304/1348
f 5634/2305/1349 5636/2307/1350 5635/2308/1350 5633/2306/1349
f 5636/2307/1350 5638/2309/1351 5637/236/1351 5635/2308/1350
f 5638/2309/1351 5640/2310/1352 5639/2311/1352 5637/236/1351
f 5640/2310/1352 5642/2109/1353 5641/2110/1353 5639/2311/1352
f 5642/2109/1353 5644/2312/1354 5643/2313/1354 5641/2110/1353
f 5644/2312/1354 5646/2314/1355 5645/179/1355 5643/2313/1354
f 5646/2314/1355 5648/2315/1356 5647/2316/1356 5645/179/1355
f 5648/2315/1356 5650/2317/1357 5649/2318/1357 5647/2316/1356
f 5650/2317/1357 5652/2319/1358 5651/2320/1358 5649/2318/1357
f 5652/2319/1358 5654/1415/1359 5653/153/1359 5651/2320/1358
f 5654/1415/1359 5656/2321/1360 5655/2322/1360 5653/153/1359
f 5656/2321/1360 5658/2323/1361 5657/2324/1361 5655/2322/1360
f 5658/2323/1361 5660/2325/1362 5659/2326/1362 5657/2324/1361
f 5660/2325/1362 5662/1947/878 5661/228/878 5659/2326/1362
f 5662/1947/878 5664/2327/1363 5663/2328/1363 5661/228/878
f 5664/2327/1363 5666/2111/1364 5665/2112/1364 5663/2328/1363
f 5666/2111/1364 5668/2329/1365 5667/2330/1365 5665/2112/1364
f 5668/2329/1365 5670/2331/1366 5669/242/1366 5667/2330/1365
f 5670/2331/1366 5672/2332/1367 5671/2333/1367 5669/242/1366
f 5672/2332/1367 5674/2334/1368 5673/2335/1368 5671/2333/1367
f 5674/2334/1368 5676/2336/1369 5675/2337/1369 5673/2335/1368
f 5676/2336/1369 5678/1265/1370 5677/133/1370 5675/2337/1369
f 5678/1265/1370 5680/2338/1371 5679/2339/1371 5677/133/1370
f 5680/2338/1371 5682/2340/1372 5681/2341/1372 5679/2339/1371
f 5682/2340/1372 5684/2342/1373 5683/2343/1373 5681/2341/1372
f 5684/2342/1373 5686/2344/1374 5685/155/1374 5683/2343/1373
f 5686/2344/1374 5688/2345/1375 5687/2346/1375 5685/155/1374
f 5688/2345/1375 5690/2113/1376 5689/2114/1376 5687/2346/1375
f 5690/2113/1376 5692/2347/1377 5691/2348/1377 5689/2114/1376
f 5692/2347/1377 5694/2028/1378 5693/275/1378 5691/2348/1377
f 5694/2028/1378 5696/2349/1379 5695/2350/1379 5693/275/1378
f 5696/2349/1379 5698/2351/1380 5697/2352/1380 5695/2350/1379
f 5698/2351/1380 5700/2353/1381 5699/2354/1381 5697/2352/1380
f 5700/2353/1381 5702/1508/1382 5701/258/1382 5699/2354/1381
f 5702/1508/1382 5704/2355/1383 5703/2356/1383 5701/258/1382
f 5704/2355/1383 5706/2357/1384 5705/2358/1384 5703/2356/1383
f 5706/2357/1384 5708/2359/1385 5707/2360/1385 5705/2358/1384
f 5708/2359/1385 5710/2361/1386 5709/202/1386 5707/2360/1385
f 5710/2361/1386 5712/2362/1387 5711/2363/1387 5709/202/1386
f 5712/2362/1387 5714/2115/1388 5713/2116/1388 5711/2363/1387
f 5714/2115/1388 5716/2364/1389 5715/2365/1389 5713/2116/1388
f 5716/2364/1389 5718/2366/1390 5717/139/1390 5715/2365/1389
f 5718/2366/1390 5720/2367/1391 5719/2368/1391 5717/139/1390
f 5720/2367/1391 5722/2369/1392 5721/2370/1392 5719/2368/1391
f 5722/2369/1392 5724/2371/1393 5723/2372/1393 5721/2370/1392
f 5724/2371/1393 5630/1278/1347 5629/50/1347 5723/2372/1393
