# Blender 4.4.1
# www.blender.org
mtllib Space.mtl
o テキスト
v -2.976180 -0.377133 -0.077165
v -2.976122 0.365760 -0.089764
v -2.839123 0.365760 -0.089140
v -2.839117 0.445749 -0.090496
v -3.072115 0.445749 -0.091557
v -3.072185 -0.457121 -0.076246
v -2.839187 -0.457121 -0.075186
v -2.839181 -0.377133 -0.076542
v -2.498128 0.357761 -0.087452
v -2.498144 0.151791 -0.083959
v -2.777141 0.151791 -0.085229
v -2.777147 0.063804 -0.083737
v -2.498150 0.063804 -0.082467
v -2.498167 -0.148166 -0.078872
v -2.796164 -0.148166 -0.080229
v -2.796170 -0.236153 -0.078737
v -2.400175 -0.236153 -0.076934
v -2.400122 0.445749 -0.088498
v -2.787118 0.445749 -0.090260
v -2.787125 0.357761 -0.088768
v -2.252373 0.305459 -0.085446
v -2.232046 0.316041 -0.085533
v -2.212086 0.325532 -0.085603
v -2.192429 0.333950 -0.085656
v -2.173008 0.341313 -0.085693
v -2.153757 0.347638 -0.085713
v -2.134611 0.352942 -0.085716
v -2.115502 0.357243 -0.085702
v -2.096366 0.360558 -0.085671
v -2.077137 0.362904 -0.085623
v -2.057747 0.364299 -0.085558
v -2.038132 0.364760 -0.085476
v -2.000010 0.362490 -0.085264
v -1.963818 0.355845 -0.084987
v -1.929823 0.345076 -0.084649
v -1.898284 0.330432 -0.084258
v -1.869469 0.312164 -0.083816
v -1.843640 0.290521 -0.083332
v -1.821061 0.265754 -0.082809
v -1.801996 0.238112 -0.082253
v -1.786710 0.207845 -0.081671
v -1.775464 0.175204 -0.081065
v -1.768525 0.140438 -0.080445
v -1.766155 0.103798 -0.079812
v -1.768457 0.066567 -0.079192
v -1.775216 0.031498 -0.078627
v -1.786226 -0.001203 -0.078123
v -1.801276 -0.031331 -0.077681
v -1.820160 -0.058682 -0.077303
v -1.842669 -0.083050 -0.076992
v -1.868594 -0.104232 -0.076750
v -1.897727 -0.122021 -0.076582
v -1.929860 -0.136214 -0.076487
v -1.964783 -0.146606 -0.076470
v -2.002290 -0.152991 -0.076532
v -2.042172 -0.155165 -0.076678
v -2.061560 -0.154605 -0.076775
v -2.081189 -0.152934 -0.076892
v -2.101015 -0.150166 -0.077030
v -2.120986 -0.146314 -0.077187
v -2.141053 -0.141394 -0.077361
v -2.161169 -0.135418 -0.077555
v -2.181286 -0.128400 -0.077765
v -2.201353 -0.120355 -0.077993
v -2.221323 -0.111296 -0.078237
v -2.241148 -0.101237 -0.078498
v -2.260777 -0.090193 -0.078774
v -2.280164 -0.078176 -0.079066
v -2.280172 -0.185161 -0.077252
v -2.263281 -0.193692 -0.077030
v -2.246043 -0.201755 -0.076816
v -2.228361 -0.209298 -0.076607
v -2.210138 -0.216267 -0.076406
v -2.191275 -0.222612 -0.076213
v -2.171676 -0.228279 -0.076027
v -2.151244 -0.233218 -0.075850
v -2.129880 -0.237375 -0.075682
v -2.107490 -0.240699 -0.075524
v -2.083974 -0.243138 -0.075376
v -2.059237 -0.244640 -0.075237
v -2.033179 -0.245152 -0.075111
v -1.972161 -0.241194 -0.074900
v -1.917031 -0.229900 -0.074840
v -1.867678 -0.212141 -0.074916
v -1.823992 -0.188790 -0.075113
v -1.785860 -0.160717 -0.075416
v -1.753173 -0.128794 -0.075809
v -1.725819 -0.093892 -0.076276
v -1.703687 -0.056883 -0.076803
v -1.686665 -0.018638 -0.077374
v -1.674644 0.019972 -0.077974
v -1.667511 0.058075 -0.078588
v -1.665157 0.094799 -0.079200
v -1.668368 0.145570 -0.080076
v -1.677783 0.193674 -0.080935
v -1.693067 0.238779 -0.081768
v -1.713883 0.280550 -0.082572
v -1.739893 0.318656 -0.083337
v -1.770761 0.352762 -0.084056
v -1.806150 0.382536 -0.084721
v -1.845724 0.407643 -0.085327
v -1.889145 0.427751 -0.085866
v -1.936076 0.442527 -0.086331
v -1.986182 0.451637 -0.086713
v -2.039125 0.454748 -0.087007
v -2.056658 0.454391 -0.087081
v -2.074306 0.453308 -0.087143
v -2.092141 0.451482 -0.087193
v -2.110236 0.448897 -0.087232
v -2.128665 0.445533 -0.087259
v -2.147500 0.441374 -0.087273
v -2.166814 0.436404 -0.087277
v -2.186682 0.430603 -0.087270
v -2.207173 0.423955 -0.087250
v -2.228362 0.416443 -0.087219
v -2.250322 0.408049 -0.087177
v -2.273127 0.398756 -0.087123
v -2.273135 0.293771 -0.085342
v -1.517184 -0.236153 -0.072913
v -1.426169 -0.035182 -0.075907
v -1.136172 -0.035182 -0.074587
v -1.050189 -0.236153 -0.070787
v -0.950190 -0.236153 -0.070332
v -1.243134 0.449748 -0.083298
v -1.312133 0.449748 -0.083612
v -1.617183 -0.236153 -0.073369
v -1.386163 0.052805 -0.077218
v -1.276145 0.299770 -0.080905
v -1.174165 0.052805 -0.076253
v -0.758709 0.443955 -0.080994
v -0.790949 0.438731 -0.081052
v -0.819906 0.430314 -0.081042
v -0.845621 0.418938 -0.080966
v -0.868144 0.404840 -0.080829
v -0.887517 0.388257 -0.080636
v -0.903786 0.369424 -0.080391
v -0.916997 0.348578 -0.080098
v -0.927193 0.325954 -0.079760
v -0.934421 0.301788 -0.079383
v -0.938726 0.276317 -0.078971
v -0.940152 0.249777 -0.078527
v -0.938646 0.223545 -0.078075
v -0.934091 0.198483 -0.077630
v -0.926439 0.174803 -0.077194
v -0.915641 0.152717 -0.076770
v -0.901649 0.132436 -0.076362
v -0.884413 0.114171 -0.075973
v -0.863886 0.098136 -0.075608
v -0.840018 0.084541 -0.075269
v -0.812761 0.073599 -0.074959
v -0.782066 0.065521 -0.074682
v -0.747885 0.060519 -0.074442
v -0.710169 0.058804 -0.074241
v -0.608170 0.058804 -0.073777
v -0.608193 -0.236153 -0.068775
v -0.510194 -0.236153 -0.068329
v -0.510142 0.445749 -0.079892
v -0.723139 0.445749 -0.080862
v -0.719162 0.146792 -0.075774
v -0.736858 0.147598 -0.075869
v -0.753398 0.149995 -0.075985
v -0.768708 0.153947 -0.076122
v -0.782716 0.159420 -0.076278
v -0.795349 0.166378 -0.076454
v -0.806534 0.174788 -0.076647
v -0.816199 0.184614 -0.076858
v -0.824269 0.195822 -0.077085
v -0.830673 0.208377 -0.077327
v -0.835336 0.222244 -0.077583
v -0.838187 0.237389 -0.077853
v -0.839153 0.253776 -0.078135
v -0.838569 0.266324 -0.078346
v -0.836739 0.278838 -0.078549
v -0.833541 0.291115 -0.078743
v -0.828853 0.302955 -0.078923
v -0.822554 0.314155 -0.079084
v -0.814523 0.324516 -0.079222
v -0.804637 0.333836 -0.079336
v -0.792777 0.341912 -0.079419
v -0.778818 0.348544 -0.079468
v -0.762641 0.353531 -0.079479
v -0.744125 0.356670 -0.079448
v -0.723146 0.357761 -0.079370
v -0.608147 0.357761 -0.078847
v -0.608164 0.146792 -0.075269
v -0.366700 0.308719 -0.076916
v -0.352357 0.320123 -0.077044
v -0.338152 0.330062 -0.077148
v -0.324115 0.338616 -0.077229
v -0.310271 0.345864 -0.077289
v -0.296651 0.351887 -0.077329
v -0.283281 0.356764 -0.077351
v -0.270188 0.360576 -0.077356
v -0.257401 0.363401 -0.077346
v -0.244946 0.365321 -0.077321
v -0.232855 0.366414 -0.077285
v -0.221151 0.366760 -0.077238
v -0.205792 0.366083 -0.077156
v -0.191276 0.364094 -0.077057
v -0.177699 0.360855 -0.076940
v -0.165152 0.356428 -0.076808
v -0.153731 0.350877 -0.076662
v -0.143528 0.344263 -0.076502
v -0.134638 0.336650 -0.076333
v -0.127155 0.328099 -0.076154
v -0.121171 0.318673 -0.075966
v -0.116781 0.308435 -0.075773
v -0.114079 0.297447 -0.075574
v -0.113158 0.285772 -0.075372
v -0.118964 0.255593 -0.074887
v -0.135014 0.229734 -0.074521
v -0.159258 0.206971 -0.074246
v -0.189646 0.186082 -0.074030
v -0.224132 0.165847 -0.073844
v -0.260667 0.145042 -0.073658
v -0.297203 0.122446 -0.073441
v -0.331689 0.096836 -0.073163
v -0.362078 0.066991 -0.072795
v -0.386323 0.031688 -0.072307
v -0.402374 -0.010294 -0.071668
v -0.408182 -0.060178 -0.070848
v -0.406527 -0.086292 -0.070399
v -0.401677 -0.111028 -0.069957
v -0.393813 -0.134215 -0.069528
v -0.383115 -0.155683 -0.069115
v -0.369765 -0.175263 -0.068722
v -0.353942 -0.192784 -0.068353
v -0.335828 -0.208077 -0.068011
v -0.315602 -0.220970 -0.067701
v -0.293446 -0.231295 -0.067425
v -0.269540 -0.238880 -0.067187
v -0.244064 -0.243555 -0.066992
v -0.217198 -0.245152 -0.066843
v -0.198983 -0.244734 -0.066767
v -0.181314 -0.243472 -0.066707
v -0.164151 -0.241356 -0.066665
v -0.147457 -0.238375 -0.066639
v -0.131194 -0.234520 -0.066631
v -0.115323 -0.229779 -0.066639
v -0.099806 -0.224143 -0.066664
v -0.084604 -0.217600 -0.066706
v -0.069681 -0.210141 -0.066764
v -0.054997 -0.201755 -0.066840
v -0.040515 -0.192432 -0.066932
v -0.026195 -0.182161 -0.067041
v -0.026185 -0.058179 -0.069143
v -0.038953 -0.073569 -0.068940
v -0.052229 -0.087730 -0.068761
v -0.065985 -0.100641 -0.068604
v -0.080189 -0.112282 -0.068472
v -0.094810 -0.122631 -0.068362
v -0.109815 -0.131668 -0.068278
v -0.125175 -0.139372 -0.068217
v -0.140858 -0.145722 -0.068181
v -0.156832 -0.150697 -0.068169
v -0.173066 -0.154276 -0.068183
v -0.189529 -0.156439 -0.068221
v -0.206191 -0.157165 -0.068285
v -0.224340 -0.156198 -0.068383
v -0.240802 -0.153434 -0.068505
v -0.255596 -0.149072 -0.068646
v -0.268745 -0.143315 -0.068804
v -0.280269 -0.136363 -0.068974
v -0.290188 -0.128419 -0.069154
v -0.298524 -0.119683 -0.069340
v -0.305298 -0.110356 -0.069530
v -0.310530 -0.100641 -0.069718
v -0.314241 -0.090739 -0.069902
v -0.316451 -0.080850 -0.070081
v -0.317183 -0.071177 -0.070248
v -0.311377 -0.038365 -0.070777
v -0.295327 -0.009732 -0.071190
v -0.271083 0.015748 -0.071512
v -0.240694 0.039104 -0.071770
v -0.206208 0.061362 -0.071991
v -0.169673 0.083551 -0.072200
v -0.133138 0.106698 -0.072427
v -0.098651 0.131831 -0.072696
v -0.068262 0.159977 -0.073035
v -0.044018 0.192165 -0.073470
v -0.027967 0.229421 -0.074029
v -0.022160 0.272774 -0.074738
v -0.023844 0.299668 -0.075201
v -0.028809 0.324789 -0.075650
v -0.036920 0.348028 -0.076081
v -0.048041 0.369278 -0.076492
v -0.062038 0.388431 -0.076880
v -0.078774 0.405380 -0.077244
v -0.098115 0.420016 -0.077580
v -0.119925 0.432232 -0.077887
v -0.144068 0.441921 -0.078162
v -0.170409 0.448975 -0.078401
v -0.198812 0.453286 -0.078603
v -0.229144 0.454748 -0.078766
v -0.242142 0.454414 -0.078819
v -0.255125 0.453414 -0.078861
v -0.268081 0.451748 -0.078892
v -0.280996 0.449415 -0.078912
v -0.293855 0.446415 -0.078920
v -0.306644 0.442749 -0.078916
v -0.319350 0.438417 -0.078900
v -0.331959 0.433417 -0.078872
v -0.344457 0.427751 -0.078833
v -0.356830 0.421419 -0.078782
v -0.369064 0.414420 -0.078719
v -0.381146 0.406754 -0.078644
v -0.381154 0.295770 -0.076762
v 0.369293 0.308719 -0.073565
v 0.383636 0.320123 -0.073693
v 0.397840 0.330062 -0.073797
v 0.411878 0.338616 -0.073878
v 0.425721 0.345864 -0.073938
v 0.439341 0.351887 -0.073978
v 0.452712 0.356764 -0.074000
v 0.465805 0.360576 -0.074005
v 0.478592 0.363401 -0.073995
v 0.491046 0.365321 -0.073970
v 0.503138 0.366414 -0.073934
v 0.514842 0.366760 -0.073887
v 0.530201 0.366083 -0.073805
v 0.544716 0.364094 -0.073706
v 0.558294 0.360855 -0.073589
v 0.570840 0.356428 -0.073457
v 0.582262 0.350877 -0.073311
v 0.592464 0.344263 -0.073151
v 0.601354 0.336650 -0.072982
v 0.608838 0.328099 -0.072803
v 0.614821 0.318673 -0.072615
v 0.619211 0.308435 -0.072422
v 0.621913 0.297447 -0.072223
v 0.622834 0.285772 -0.072021
v 0.617028 0.255593 -0.071536
v 0.600978 0.229734 -0.071170
v 0.576735 0.206971 -0.070895
v 0.546346 0.186082 -0.070679
v 0.511860 0.165847 -0.070493
v 0.475325 0.145042 -0.070307
v 0.438790 0.122446 -0.070090
v 0.404304 0.096836 -0.069812
v 0.373914 0.066991 -0.069444
v 0.349670 0.031688 -0.068956
v 0.333618 -0.010294 -0.068317
v 0.327811 -0.060178 -0.067497
v 0.329466 -0.086292 -0.067048
v 0.334316 -0.111028 -0.066606
v 0.342180 -0.134215 -0.066177
v 0.352877 -0.155683 -0.065764
v 0.366227 -0.175263 -0.065371
v 0.382050 -0.192784 -0.065002
v 0.400165 -0.208077 -0.064660
v 0.420390 -0.220970 -0.064350
v 0.442546 -0.231295 -0.064074
v 0.466452 -0.238880 -0.063836
v 0.491929 -0.243555 -0.063641
v 0.518794 -0.245152 -0.063492
v 0.537009 -0.244734 -0.063416
v 0.554678 -0.243472 -0.063356
v 0.571841 -0.241356 -0.063314
v 0.588535 -0.238375 -0.063288
v 0.604798 -0.234520 -0.063280
v 0.620670 -0.229779 -0.063288
v 0.636187 -0.224143 -0.063313
v 0.651388 -0.217600 -0.063355
v 0.666312 -0.210141 -0.063413
v 0.680995 -0.201755 -0.063489
v 0.695478 -0.192432 -0.063581
v 0.709797 -0.182161 -0.063690
v 0.709807 -0.058179 -0.065792
v 0.697041 -0.073569 -0.065589
v 0.683764 -0.087730 -0.065410
v 0.670007 -0.100641 -0.065253
v 0.655803 -0.112282 -0.065121
v 0.641183 -0.122631 -0.065011
v 0.626177 -0.131668 -0.064927
v 0.610818 -0.139372 -0.064866
v 0.595134 -0.145722 -0.064830
v 0.579161 -0.150697 -0.064818
v 0.562926 -0.154276 -0.064832
v 0.546463 -0.156439 -0.064870
v 0.529801 -0.157165 -0.064934
v 0.511652 -0.156198 -0.065032
v 0.495191 -0.153434 -0.065154
v 0.480396 -0.149072 -0.065295
v 0.467248 -0.143315 -0.065453
v 0.455723 -0.136363 -0.065623
v 0.445804 -0.128419 -0.065803
v 0.437468 -0.119683 -0.065989
v 0.430695 -0.110356 -0.066179
v 0.425463 -0.100641 -0.066367
v 0.421752 -0.090739 -0.066551
v 0.419541 -0.080850 -0.066730
v 0.418809 -0.071177 -0.066897
v 0.424616 -0.038365 -0.067426
v 0.440665 -0.009732 -0.067839
v 0.464909 0.015748 -0.068161
v 0.495299 0.039104 -0.068419
v 0.529785 0.061362 -0.068640
v 0.566319 0.083551 -0.068849
v 0.602855 0.106698 -0.069076
v 0.637341 0.131831 -0.069345
v 0.667730 0.159977 -0.069684
v 0.691974 0.192165 -0.070119
v 0.708025 0.229421 -0.070678
v 0.713832 0.272774 -0.071387
v 0.712148 0.299668 -0.071850
v 0.707184 0.324789 -0.072299
v 0.699073 0.348028 -0.072730
v 0.687951 0.369278 -0.073142
v 0.673955 0.388431 -0.073529
v 0.657218 0.405380 -0.073893
v 0.637878 0.420016 -0.074230
v 0.616068 0.432232 -0.074536
v 0.591925 0.441921 -0.074811
v 0.565584 0.448975 -0.075050
v 0.537180 0.453286 -0.075252
v 0.506849 0.454748 -0.075415
v 0.493851 0.454414 -0.075468
v 0.480868 0.453414 -0.075510
v 0.467912 0.451748 -0.075541
v 0.454997 0.449415 -0.075561
v 0.442138 0.446415 -0.075569
v 0.429348 0.442749 -0.075565
v 0.416642 0.438417 -0.075549
v 0.404033 0.433417 -0.075521
v 0.391536 0.427751 -0.075482
v 0.379162 0.421419 -0.075431
v 0.366928 0.414420 -0.075368
v 0.354846 0.406754 -0.075293
v 0.354838 0.295770 -0.073411
v 0.827288 0.308719 -0.071480
v 0.841631 0.320123 -0.071608
v 0.855835 0.330062 -0.071712
v 0.869873 0.338616 -0.071793
v 0.883716 0.345864 -0.071853
v 0.897337 0.351887 -0.071893
v 0.910708 0.356764 -0.071914
v 0.923800 0.360576 -0.071920
v 0.936587 0.363401 -0.071909
v 0.949041 0.365321 -0.071885
v 0.961133 0.366414 -0.071849
v 0.972837 0.366760 -0.071801
v 0.988196 0.366083 -0.071719
v 1.002712 0.364094 -0.071620
v 1.016289 0.360855 -0.071504
v 1.028836 0.356428 -0.071371
v 1.040257 0.350877 -0.071225
v 1.050460 0.344263 -0.071066
v 1.059350 0.336650 -0.070897
v 1.066833 0.328099 -0.070717
v 1.072817 0.318673 -0.070530
v 1.077206 0.308435 -0.070337
v 1.079909 0.297447 -0.070138
v 1.080830 0.285772 -0.069936
v 1.075023 0.255593 -0.069451
v 1.058974 0.229734 -0.069085
v 1.034730 0.206971 -0.068810
v 1.004342 0.186082 -0.068594
v 0.969855 0.165847 -0.068408
v 0.933320 0.145042 -0.068221
v 0.896786 0.122446 -0.068005
v 0.862299 0.096836 -0.067727
v 0.831909 0.066991 -0.067359
v 0.807665 0.031688 -0.066870
v 0.791615 -0.010294 -0.066231
v 0.785806 -0.060178 -0.065412
v 0.787461 -0.086292 -0.064962
v 0.792311 -0.111028 -0.064520
v 0.800175 -0.134215 -0.064092
v 0.810872 -0.155683 -0.063679
v 0.824223 -0.175263 -0.063286
v 0.840045 -0.192784 -0.062917
v 0.858160 -0.208077 -0.062574
v 0.878386 -0.220970 -0.062264
v 0.900542 -0.231295 -0.061989
v 0.924449 -0.238880 -0.061751
v 0.949924 -0.243555 -0.061556
v 0.976790 -0.245152 -0.061406
v 0.995005 -0.244734 -0.061330
v 1.012673 -0.243472 -0.061271
v 1.029836 -0.241356 -0.061229
v 1.046530 -0.238375 -0.061203
v 1.062794 -0.234520 -0.061195
v 1.078665 -0.229779 -0.061203
v 1.094182 -0.224143 -0.061228
v 1.109383 -0.217600 -0.061270
v 1.124307 -0.210141 -0.061328
v 1.138990 -0.201755 -0.061404
v 1.153473 -0.192432 -0.061496
v 1.167793 -0.182161 -0.061605
v 1.167802 -0.058179 -0.063707
v 1.155035 -0.073569 -0.063504
v 1.141759 -0.087730 -0.063324
v 1.128002 -0.100641 -0.063168
v 1.113798 -0.112282 -0.063036
v 1.099178 -0.122631 -0.062926
v 1.084172 -0.131668 -0.062841
v 1.068813 -0.139372 -0.062780
v 1.053130 -0.145722 -0.062745
v 1.037156 -0.150697 -0.062733
v 1.020921 -0.154276 -0.062746
v 1.004458 -0.156439 -0.062784
v 0.987796 -0.157165 -0.062848
v 0.969648 -0.156198 -0.062947
v 0.953186 -0.153434 -0.063069
v 0.938392 -0.149072 -0.063210
v 0.925243 -0.143315 -0.063368
v 0.913719 -0.136363 -0.063538
v 0.903799 -0.128419 -0.063718
v 0.895463 -0.119683 -0.063904
v 0.888690 -0.110356 -0.064093
v 0.883458 -0.100641 -0.064281
v 0.879748 -0.090739 -0.064466
v 0.877536 -0.080850 -0.064644
v 0.876804 -0.071177 -0.064812
v 0.882611 -0.038365 -0.065341
v 0.898661 -0.009732 -0.065754
v 0.922904 0.015748 -0.066076
v 0.953293 0.039104 -0.066333
v 0.987779 0.061362 -0.066554
v 1.024315 0.083551 -0.066764
v 1.060850 0.106698 -0.066991
v 1.095337 0.131831 -0.067260
v 1.125726 0.159977 -0.067598
v 1.149970 0.192165 -0.068034
v 1.166021 0.229421 -0.068593
v 1.171828 0.272774 -0.069301
v 1.170144 0.299668 -0.069765
v 1.165179 0.324789 -0.070214
v 1.157068 0.348028 -0.070645
v 1.145946 0.369278 -0.071056
v 1.131950 0.388431 -0.071444
v 1.115213 0.405380 -0.071808
v 1.095873 0.420016 -0.072144
v 1.074063 0.432232 -0.072451
v 1.049920 0.441921 -0.072725
v 1.023579 0.448975 -0.072964
v 0.995175 0.453286 -0.073167
v 0.964844 0.454748 -0.073330
v 0.951847 0.454414 -0.073383
v 0.938863 0.453414 -0.073425
v 0.925907 0.451748 -0.073456
v 0.912992 0.449415 -0.073476
v 0.900134 0.446415 -0.073483
v 0.887344 0.442749 -0.073480
v 0.874638 0.438417 -0.073464
v 0.862028 0.433417 -0.073436
v 0.849531 0.427751 -0.073397
v 0.837158 0.421419 -0.073346
v 0.824923 0.414420 -0.073283
v 0.812842 0.406754 -0.073208
v 0.812833 0.295770 -0.071326
v 1.538830 0.357761 -0.069071
v 1.538814 0.151791 -0.065578
v 1.259817 0.151791 -0.066849
v 1.259811 0.063804 -0.065357
v 1.538808 0.063804 -0.064087
v 1.538791 -0.148166 -0.060492
v 1.240794 -0.148166 -0.061848
v 1.240788 -0.236153 -0.060356
v 1.636784 -0.236153 -0.058553
v 1.636836 0.445749 -0.070117
v 1.249840 0.445749 -0.071879
v 1.249833 0.357761 -0.070387
v 2.033435 0.444244 -0.068286
v 2.002323 0.439796 -0.068353
v 1.973614 0.432501 -0.068360
v 1.947424 0.422456 -0.068308
v 1.923873 0.409759 -0.068200
v 1.903079 0.394506 -0.068036
v 1.885160 0.376796 -0.067818
v 1.870235 0.356725 -0.067546
v 1.858419 0.334390 -0.067220
v 1.849833 0.309889 -0.066843
v 1.844594 0.283318 -0.066417
v 1.842819 0.254776 -0.065941
v 1.843667 0.235452 -0.065609
v 1.846191 0.216995 -0.065285
v 1.850362 0.199440 -0.064968
v 1.856148 0.182824 -0.064661
v 1.863515 0.167179 -0.064361
v 1.872436 0.152541 -0.064072
v 1.882878 0.138945 -0.063794
v 1.894809 0.126424 -0.063528
v 1.908199 0.115015 -0.063274
v 1.923016 0.104752 -0.063032
v 1.939228 0.095668 -0.062803
v 1.956805 0.087800 -0.062590
v 1.941783 0.077093 -0.062477
v 1.927628 0.065470 -0.062344
v 1.914210 0.052930 -0.062193
v 1.901395 0.039474 -0.062023
v 1.889053 0.025101 -0.061836
v 1.877050 0.009811 -0.061630
v 1.865257 -0.006395 -0.061410
v 1.853539 -0.023517 -0.061173
v 1.841766 -0.041556 -0.060920
v 1.829804 -0.060512 -0.060654
v 1.817525 -0.080384 -0.060372
v 1.804792 -0.101173 -0.060077
v 1.797768 -0.112459 -0.059918
v 1.791097 -0.122975 -0.059771
v 1.784634 -0.132949 -0.059630
v 1.778234 -0.142611 -0.059496
v 1.771751 -0.152190 -0.059363
v 1.765038 -0.161914 -0.059228
v 1.757950 -0.172013 -0.059090
v 1.750343 -0.182716 -0.058942
v 1.742067 -0.194253 -0.058785
v 1.732980 -0.206852 -0.058612
v 1.722933 -0.220742 -0.058423
v 1.711783 -0.236153 -0.058212
v 1.828782 -0.236153 -0.057679
v 1.918791 -0.096173 -0.059643
v 1.940307 -0.063699 -0.060096
v 1.959981 -0.036015 -0.060476
v 1.978016 -0.012748 -0.060789
v 1.994614 0.006479 -0.061039
v 2.009975 0.022039 -0.061233
v 2.024300 0.034308 -0.061376
v 2.037793 0.043661 -0.061473
v 2.050653 0.050472 -0.061530
v 2.063084 0.055117 -0.061552
v 2.075284 0.057971 -0.061545
v 2.087456 0.059408 -0.061514
v 2.099802 0.059804 -0.061464
v 2.140801 0.059804 -0.061278
v 2.140778 -0.236153 -0.056259
v 2.238777 -0.236153 -0.055812
v 2.238830 0.445749 -0.067376
v 2.066832 0.445749 -0.068159
v 2.077809 0.147792 -0.063056
v 2.053096 0.148887 -0.063188
v 2.031355 0.152055 -0.063341
v 2.012435 0.157118 -0.063513
v 1.996181 0.163900 -0.063702
v 1.982442 0.172224 -0.063906
v 1.971062 0.181912 -0.064121
v 1.961892 0.192787 -0.064348
v 1.954777 0.204672 -0.064582
v 1.949565 0.217391 -0.064821
v 1.946103 0.230766 -0.065064
v 1.944239 0.244620 -0.065308
v 1.943819 0.258776 -0.065550
v 1.944853 0.274245 -0.065807
v 1.947497 0.288623 -0.066039
v 1.951822 0.301863 -0.066243
v 1.957897 0.313916 -0.066420
v 1.965791 0.324733 -0.066567
v 1.975574 0.334265 -0.066685
v 1.987316 0.342464 -0.066770
v 2.001085 0.349281 -0.066823
v 2.016950 0.354668 -0.066843
v 2.034983 0.358576 -0.066826
v 2.055251 0.360957 -0.066774
v 2.077825 0.361761 -0.066685
v 2.140825 0.361761 -0.066399
v 2.140808 0.147792 -0.062770
v 2.507257 0.443955 -0.066124
v 2.475017 0.438731 -0.066182
v 2.446062 0.430314 -0.066172
v 2.420345 0.418938 -0.066096
v 2.397822 0.404840 -0.065959
v 2.378449 0.388257 -0.065766
v 2.362180 0.369424 -0.065521
v 2.348969 0.348578 -0.065228
v 2.338773 0.325954 -0.064890
v 2.331545 0.301788 -0.064513
v 2.327240 0.276317 -0.064101
v 2.325814 0.249777 -0.063657
v 2.327320 0.223545 -0.063205
v 2.331875 0.198483 -0.062760
v 2.339527 0.174803 -0.062324
v 2.350325 0.152717 -0.061900
v 2.364317 0.132436 -0.061492
v 2.381553 0.114171 -0.061103
v 2.402081 0.098136 -0.060738
v 2.425948 0.084541 -0.060399
v 2.453205 0.073599 -0.060089
v 2.483900 0.065521 -0.059812
v 2.518081 0.060519 -0.059572
v 2.555797 0.058804 -0.059371
v 2.657796 0.058804 -0.058907
v 2.657773 -0.236153 -0.053905
v 2.755772 -0.236153 -0.053459
v 2.755825 0.445749 -0.065022
v 2.542827 0.445749 -0.065992
v 2.546803 0.146792 -0.060904
v 2.529108 0.147598 -0.060999
v 2.512568 0.149995 -0.061115
v 2.497258 0.153947 -0.061252
v 2.483249 0.159420 -0.061408
v 2.470617 0.166378 -0.061584
v 2.459432 0.174788 -0.061777
v 2.449768 0.184614 -0.061988
v 2.441698 0.195822 -0.062215
v 2.435294 0.208377 -0.062457
v 2.430631 0.222244 -0.062713
v 2.427779 0.237389 -0.062983
v 2.426813 0.253776 -0.063265
v 2.427397 0.266324 -0.063476
v 2.429227 0.278838 -0.063679
v 2.432426 0.291115 -0.063873
v 2.437113 0.302955 -0.064053
v 2.443412 0.314155 -0.064214
v 2.451443 0.324516 -0.064352
v 2.461329 0.333836 -0.064466
v 2.473191 0.341912 -0.064549
v 2.487148 0.348544 -0.064598
v 2.503325 0.353531 -0.064609
v 2.521842 0.356670 -0.064578
v 2.542820 0.357761 -0.064500
v 2.657819 0.357761 -0.063977
v 2.657802 0.146792 -0.060399
v 2.976816 0.365760 -0.062660
v 2.976759 -0.377133 -0.050061
v 2.839760 -0.377133 -0.050685
v 2.839754 -0.457121 -0.049329
v 3.072752 -0.457121 -0.048268
v 3.072821 0.445749 -0.063579
v 2.839823 0.445749 -0.064640
v 2.839817 0.365760 -0.063284
v -2.976817 -0.374759 0.062813
v -2.976760 0.368134 0.050214
v -2.839761 0.368134 0.050838
v -2.839755 0.448123 0.049481
v -3.072752 0.448123 0.048420
v -3.072822 -0.454748 0.063732
v -2.839824 -0.454748 0.064793
v -2.839818 -0.374759 0.063437
v -2.498765 0.360135 0.052527
v -2.498781 0.154165 0.056020
v -2.777778 0.154165 0.054749
v -2.777785 0.066178 0.056241
v -2.498788 0.066178 0.057512
v -2.498804 -0.145792 0.061107
v -2.796801 -0.145792 0.059750
v -2.796808 -0.233779 0.061242
v -2.400812 -0.233779 0.063045
v -2.400759 0.448123 0.051480
v -2.787755 0.448123 0.049718
v -2.787762 0.360135 0.051211
v -2.253011 0.307833 0.054533
v -2.232683 0.318415 0.054445
v -2.212723 0.327906 0.054375
v -2.193066 0.336324 0.054322
v -2.173646 0.343687 0.054286
v -2.154394 0.350012 0.054266
v -2.135248 0.355316 0.054263
v -2.116139 0.359617 0.054277
v -2.097003 0.362932 0.054308
v -2.077774 0.365278 0.054356
v -2.058384 0.366673 0.054421
v -2.038769 0.367134 0.054502
v -2.000647 0.364864 0.054714
v -1.964456 0.358219 0.054991
v -1.930460 0.347450 0.055329
v -1.898921 0.332806 0.055721
v -1.870106 0.314538 0.056162
v -1.844277 0.292895 0.056647
v -1.821698 0.268128 0.057169
v -1.802633 0.240486 0.057725
v -1.787347 0.210219 0.058308
v -1.776102 0.177578 0.058913
v -1.769162 0.142812 0.059534
v -1.766792 0.106172 0.060165
v -1.769094 0.068941 0.060787
v -1.775854 0.033872 0.061351
v -1.786863 0.001171 0.061855
v -1.801913 -0.028957 0.062298
v -1.820797 -0.056308 0.062676
v -1.843306 -0.080676 0.062986
v -1.869231 -0.101858 0.063227
v -1.898364 -0.119648 0.063396
v -1.930497 -0.133841 0.063491
v -1.965420 -0.144232 0.063508
v -2.002928 -0.150617 0.063445
v -2.042809 -0.152791 0.063301
v -2.062197 -0.152231 0.063204
v -2.081827 -0.150560 0.063085
v -2.101653 -0.147792 0.062948
v -2.121623 -0.143940 0.062792
v -2.141690 -0.139020 0.062618
v -2.161807 -0.133044 0.062424
v -2.181923 -0.126026 0.062213
v -2.201990 -0.117981 0.061986
v -2.221960 -0.108922 0.061741
v -2.241785 -0.098863 0.061481
v -2.261414 -0.087819 0.061203
v -2.280801 -0.075802 0.060912
v -2.280809 -0.182787 0.062726
v -2.263918 -0.191318 0.062948
v -2.246681 -0.199381 0.063163
v -2.228999 -0.206924 0.063371
v -2.210775 -0.213893 0.063572
v -2.191912 -0.220238 0.063766
v -2.172314 -0.225905 0.063951
v -2.151881 -0.230844 0.064128
v -2.130518 -0.235001 0.064295
v -2.108127 -0.238326 0.064454
v -2.084612 -0.240764 0.064602
v -2.059874 -0.242266 0.064741
v -2.033817 -0.242778 0.064868
v -1.972799 -0.238820 0.065079
v -1.917668 -0.227526 0.065139
v -1.868316 -0.209767 0.065061
v -1.824629 -0.186416 0.064864
v -1.786497 -0.158343 0.064562
v -1.753810 -0.126420 0.064170
v -1.726456 -0.091518 0.063702
v -1.704324 -0.054509 0.063175
v -1.687302 -0.016264 0.062604
v -1.675282 0.022346 0.062004
v -1.668149 0.060449 0.061391
v -1.665794 0.097173 0.060778
v -1.669005 0.147944 0.059903
v -1.678420 0.196048 0.059044
v -1.693705 0.241152 0.058209
v -1.714520 0.282924 0.057406
v -1.740530 0.321030 0.056642
v -1.771398 0.355136 0.055922
v -1.806787 0.384910 0.055256
v -1.846361 0.410017 0.054651
v -1.889782 0.430125 0.054112
v -1.936713 0.444901 0.053648
v -1.986819 0.454011 0.053266
v -2.039762 0.457121 0.052972
v -2.057295 0.456764 0.052898
v -2.074943 0.455682 0.052835
v -2.092778 0.453856 0.052785
v -2.110873 0.451270 0.052747
v -2.129302 0.447907 0.052720
v -2.148137 0.443748 0.052705
v -2.167451 0.438777 0.052701
v -2.187319 0.432977 0.052709
v -2.207810 0.426329 0.052728
v -2.228999 0.418817 0.052759
v -2.250960 0.410423 0.052802
v -2.273764 0.401129 0.052855
v -2.273772 0.296145 0.054636
v -1.517821 -0.233779 0.067065
v -1.426806 -0.032808 0.064070
v -1.136809 -0.032808 0.065391
v -1.050826 -0.233779 0.069191
v -0.950827 -0.233779 0.069647
v -1.243771 0.452122 0.056681
v -1.312770 0.452122 0.056367
v -1.617820 -0.233779 0.066610
v -1.386800 0.055179 0.062761
v -1.276782 0.302144 0.059073
v -1.174802 0.055179 0.063726
v -0.759346 0.446329 0.058984
v -0.791586 0.441105 0.058926
v -0.820543 0.432687 0.058937
v -0.846258 0.421312 0.059013
v -0.868781 0.407214 0.059149
v -0.888154 0.390631 0.059342
v -0.904424 0.371798 0.059588
v -0.917634 0.350951 0.059881
v -0.927831 0.328327 0.060218
v -0.935059 0.304162 0.060595
v -0.939364 0.278691 0.061008
v -0.940790 0.252151 0.061451
v -0.939284 0.225919 0.061903
v -0.934729 0.200857 0.062349
v -0.927076 0.177177 0.062785
v -0.916278 0.155091 0.063209
v -0.902286 0.134810 0.063617
v -0.885051 0.116545 0.064005
v -0.864523 0.100510 0.064371
v -0.840655 0.086915 0.064709
v -0.813398 0.075973 0.065019
v -0.782703 0.067895 0.065296
v -0.748522 0.062893 0.065536
v -0.710807 0.061178 0.065737
v -0.608808 0.061178 0.066202
v -0.608831 -0.233779 0.071204
v -0.510832 -0.233779 0.071650
v -0.510779 0.448123 0.060085
v -0.723777 0.448123 0.059115
v -0.719800 0.149166 0.064203
v -0.737496 0.149972 0.064110
v -0.754035 0.152369 0.063994
v -0.769346 0.156321 0.063857
v -0.783353 0.161793 0.063700
v -0.795986 0.168752 0.063525
v -0.807172 0.177162 0.063332
v -0.816836 0.186988 0.063121
v -0.824906 0.198196 0.062894
v -0.831310 0.210751 0.062652
v -0.835974 0.224618 0.062395
v -0.838825 0.239763 0.062126
v -0.839790 0.256150 0.061843
v -0.839206 0.268698 0.061633
v -0.837376 0.281211 0.061429
v -0.834178 0.293489 0.061236
v -0.829491 0.305328 0.061056
v -0.823192 0.316529 0.060895
v -0.815160 0.326890 0.060755
v -0.805274 0.336209 0.060642
v -0.793414 0.344286 0.060559
v -0.779456 0.350918 0.060511
v -0.763278 0.355904 0.060499
v -0.744762 0.359044 0.060531
v -0.723783 0.360135 0.060608
v -0.608785 0.360135 0.061132
v -0.608801 0.149166 0.064709
v -0.367337 0.311093 0.063062
v -0.352994 0.322497 0.062934
v -0.338790 0.332436 0.062830
v -0.324752 0.340990 0.062749
v -0.310909 0.348238 0.062689
v -0.297288 0.354261 0.062649
v -0.283918 0.359138 0.062627
v -0.270825 0.362950 0.062623
v -0.258038 0.365775 0.062633
v -0.245584 0.367694 0.062657
v -0.233492 0.368787 0.062694
v -0.221788 0.369134 0.062741
v -0.206429 0.368457 0.062822
v -0.191913 0.366468 0.062922
v -0.178336 0.363229 0.063039
v -0.165789 0.358802 0.063171
v -0.154368 0.353251 0.063317
v -0.144166 0.346637 0.063475
v -0.135275 0.339024 0.063646
v -0.127792 0.330473 0.063825
v -0.121809 0.321047 0.064011
v -0.117419 0.310809 0.064205
v -0.114716 0.299821 0.064403
v -0.113795 0.288146 0.064606
v -0.119602 0.257967 0.065091
v -0.135651 0.232107 0.065457
v -0.159895 0.209345 0.065733
v -0.190283 0.188456 0.065948
v -0.224769 0.168221 0.066134
v -0.261305 0.147416 0.066321
v -0.297840 0.124820 0.066538
v -0.332327 0.099210 0.066816
v -0.362716 0.069365 0.067183
v -0.386960 0.034062 0.067671
v -0.403011 -0.007921 0.068310
v -0.408819 -0.057805 0.069129
v -0.407164 -0.083918 0.069580
v -0.402314 -0.108654 0.070022
v -0.394450 -0.131841 0.070451
v -0.383753 -0.153309 0.070864
v -0.370402 -0.172889 0.071256
v -0.354580 -0.190411 0.071625
v -0.336465 -0.205703 0.071968
v -0.316239 -0.218596 0.072278
v -0.294083 -0.228921 0.072554
v -0.270177 -0.236506 0.072792
v -0.244701 -0.241182 0.072987
v -0.217835 -0.242778 0.073136
v -0.199620 -0.242360 0.073212
v -0.181951 -0.241098 0.073271
v -0.164789 -0.238982 0.073313
v -0.148094 -0.236001 0.073338
v -0.131831 -0.232146 0.073348
v -0.115960 -0.227405 0.073340
v -0.100443 -0.221769 0.073314
v -0.085241 -0.215226 0.073273
v -0.070318 -0.207767 0.073215
v -0.055635 -0.199381 0.073138
v -0.041152 -0.190058 0.073046
v -0.026832 -0.179787 0.072938
v -0.026823 -0.055805 0.070835
v -0.039590 -0.071195 0.071037
v -0.052867 -0.085356 0.071218
v -0.066623 -0.098268 0.071374
v -0.080826 -0.109908 0.071507
v -0.095447 -0.120257 0.071615
v -0.110453 -0.129294 0.071701
v -0.125812 -0.136998 0.071761
v -0.141495 -0.143348 0.071798
v -0.157470 -0.148323 0.071809
v -0.173704 -0.151902 0.071796
v -0.190167 -0.154065 0.071758
v -0.206829 -0.154791 0.071694
v -0.224977 -0.153824 0.071595
v -0.241439 -0.151060 0.071473
v -0.256233 -0.146698 0.071332
v -0.269382 -0.140941 0.071174
v -0.280906 -0.133989 0.071004
v -0.290825 -0.126045 0.070825
v -0.299162 -0.117309 0.070638
v -0.305935 -0.107983 0.070449
v -0.311167 -0.098268 0.070261
v -0.314878 -0.088365 0.070076
v -0.317089 -0.078476 0.069898
v -0.317821 -0.068803 0.069731
v -0.312014 -0.035991 0.069200
v -0.295964 -0.007358 0.068788
v -0.271721 0.018122 0.068467
v -0.241331 0.041477 0.068209
v -0.206846 0.063736 0.067988
v -0.170310 0.085925 0.067778
v -0.133775 0.109072 0.067552
v -0.099288 0.134205 0.067283
v -0.068900 0.162351 0.066944
v -0.044655 0.194539 0.066508
v -0.028605 0.231795 0.065949
v -0.022797 0.275148 0.065241
v -0.024481 0.302042 0.064777
v -0.029446 0.327163 0.064329
v -0.037557 0.350402 0.063898
v -0.048679 0.371652 0.063486
v -0.062675 0.390805 0.063097
v -0.079411 0.407753 0.062734
v -0.098752 0.422390 0.062398
v -0.120562 0.434606 0.062092
v -0.144705 0.444295 0.061817
v -0.171046 0.451349 0.061578
v -0.199449 0.455660 0.061376
v -0.229781 0.457121 0.061212
v -0.242779 0.456788 0.061158
v -0.255762 0.455788 0.061116
v -0.268718 0.454122 0.061086
v -0.281633 0.451789 0.061066
v -0.294492 0.448789 0.061059
v -0.307281 0.445123 0.061063
v -0.319987 0.440790 0.061079
v -0.332597 0.435791 0.061106
v -0.345094 0.430125 0.061145
v -0.357467 0.423793 0.061196
v -0.369702 0.416794 0.061259
v -0.381783 0.409128 0.061334
v -0.381792 0.298144 0.063216
v 0.368655 0.311093 0.066413
v 0.382998 0.322497 0.066285
v 0.397203 0.332436 0.066181
v 0.411240 0.340990 0.066100
v 0.425084 0.348238 0.066040
v 0.438704 0.354261 0.066000
v 0.452074 0.359138 0.065978
v 0.465167 0.362950 0.065974
v 0.477955 0.365775 0.065984
v 0.490409 0.367694 0.066008
v 0.502501 0.368787 0.066045
v 0.514204 0.369134 0.066092
v 0.529563 0.368457 0.066173
v 0.544079 0.366468 0.066273
v 0.557657 0.363229 0.066390
v 0.570203 0.358802 0.066522
v 0.581625 0.353251 0.066668
v 0.591827 0.346637 0.066826
v 0.600717 0.339024 0.066997
v 0.608200 0.330473 0.067176
v 0.614184 0.321047 0.067362
v 0.618574 0.310809 0.067556
v 0.621276 0.299821 0.067754
v 0.622197 0.288146 0.067957
v 0.616391 0.257967 0.068442
v 0.600341 0.232107 0.068808
v 0.576097 0.209345 0.069084
v 0.545709 0.188456 0.069299
v 0.511223 0.168221 0.069485
v 0.474688 0.147416 0.069672
v 0.438152 0.124820 0.069889
v 0.403667 0.099210 0.070167
v 0.373277 0.069365 0.070534
v 0.349032 0.034062 0.071022
v 0.332981 -0.007921 0.071661
v 0.327173 -0.057805 0.072480
v 0.328828 -0.083918 0.072931
v 0.333678 -0.108654 0.073373
v 0.341543 -0.131841 0.073802
v 0.352240 -0.153309 0.074214
v 0.365590 -0.172889 0.074607
v 0.381413 -0.190411 0.074976
v 0.399527 -0.205703 0.075319
v 0.419753 -0.218596 0.075629
v 0.441909 -0.228921 0.075905
v 0.465815 -0.236506 0.076143
v 0.491292 -0.241182 0.076338
v 0.518157 -0.242778 0.076487
v 0.536372 -0.242360 0.076563
v 0.554041 -0.241098 0.076622
v 0.571204 -0.238982 0.076664
v 0.587898 -0.236001 0.076689
v 0.604161 -0.232146 0.076699
v 0.620032 -0.227405 0.076691
v 0.635549 -0.221769 0.076665
v 0.650751 -0.215226 0.076624
v 0.665674 -0.207767 0.076566
v 0.680358 -0.199381 0.076489
v 0.694840 -0.190058 0.076397
v 0.709160 -0.179787 0.076289
v 0.709170 -0.055805 0.074186
v 0.696404 -0.071195 0.074388
v 0.683127 -0.085356 0.074569
v 0.669370 -0.098268 0.074725
v 0.655166 -0.109908 0.074858
v 0.640545 -0.120257 0.074966
v 0.625540 -0.129294 0.075052
v 0.610180 -0.136998 0.075112
v 0.594497 -0.143348 0.075148
v 0.578524 -0.148323 0.075160
v 0.562289 -0.151902 0.075147
v 0.545826 -0.154065 0.075109
v 0.529164 -0.154791 0.075045
v 0.511015 -0.153824 0.074946
v 0.494553 -0.151060 0.074824
v 0.479759 -0.146698 0.074683
v 0.466611 -0.140941 0.074525
v 0.455086 -0.133989 0.074355
v 0.445167 -0.126045 0.074176
v 0.436831 -0.117309 0.073989
v 0.430057 -0.107983 0.073800
v 0.424825 -0.098268 0.073612
v 0.421115 -0.088365 0.073427
v 0.418904 -0.078476 0.073249
v 0.418172 -0.068803 0.073082
v 0.423979 -0.035991 0.072551
v 0.440028 -0.007358 0.072139
v 0.464272 0.018122 0.071818
v 0.494661 0.041477 0.071560
v 0.529148 0.063736 0.071339
v 0.565682 0.085925 0.071129
v 0.602217 0.109072 0.070903
v 0.636704 0.134205 0.070634
v 0.667093 0.162351 0.070295
v 0.691337 0.194539 0.069859
v 0.707388 0.231795 0.069300
v 0.713195 0.275148 0.068592
v 0.711511 0.302042 0.068128
v 0.706546 0.327163 0.067680
v 0.698436 0.350402 0.067249
v 0.687314 0.371652 0.066837
v 0.673317 0.390805 0.066448
v 0.656581 0.407753 0.066085
v 0.637240 0.422390 0.065749
v 0.615430 0.434606 0.065443
v 0.591287 0.444295 0.065168
v 0.564946 0.451349 0.064929
v 0.536543 0.455660 0.064727
v 0.506211 0.457121 0.064563
v 0.493213 0.456788 0.064509
v 0.480230 0.455788 0.064467
v 0.467274 0.454122 0.064437
v 0.454359 0.451789 0.064417
v 0.441500 0.448789 0.064410
v 0.428711 0.445123 0.064414
v 0.416005 0.440790 0.064430
v 0.403396 0.435791 0.064457
v 0.390898 0.430125 0.064496
v 0.378525 0.423793 0.064547
v 0.366291 0.416794 0.064610
v 0.354209 0.409128 0.064685
v 0.354201 0.298144 0.066567
v 0.826651 0.311093 0.068498
v 0.840993 0.322497 0.068371
v 0.855198 0.332436 0.068266
v 0.869236 0.340990 0.068185
v 0.883079 0.348238 0.068125
v 0.896699 0.354261 0.068085
v 0.910071 0.359138 0.068063
v 0.923163 0.362950 0.068059
v 0.935950 0.365775 0.068069
v 0.948404 0.367694 0.068093
v 0.960496 0.368787 0.068130
v 0.972200 0.369134 0.068177
v 0.987558 0.368457 0.068258
v 1.002074 0.366468 0.068358
v 1.015652 0.363229 0.068475
v 1.028198 0.358802 0.068607
v 1.039620 0.353251 0.068753
v 1.049822 0.346637 0.068912
v 1.058712 0.339024 0.069082
v 1.066196 0.330473 0.069261
v 1.072180 0.321047 0.069447
v 1.076569 0.310809 0.069641
v 1.079271 0.299821 0.069840
v 1.080192 0.288146 0.070042
v 1.074386 0.257967 0.070527
v 1.058336 0.232107 0.070893
v 1.034093 0.209345 0.071169
v 1.003704 0.188456 0.071385
v 0.969218 0.168221 0.071571
v 0.932683 0.147416 0.071757
v 0.896149 0.124820 0.071974
v 0.861662 0.099210 0.072252
v 0.831272 0.069365 0.072620
v 0.807028 0.034062 0.073107
v 0.790977 -0.007921 0.073746
v 0.785169 -0.057805 0.074566
v 0.786824 -0.083918 0.075016
v 0.791674 -0.108654 0.075458
v 0.799538 -0.131841 0.075887
v 0.810235 -0.153309 0.076300
v 0.823585 -0.172889 0.076693
v 0.839408 -0.190411 0.077062
v 0.857522 -0.205703 0.077404
v 0.877748 -0.218596 0.077714
v 0.899904 -0.228921 0.077990
v 0.923811 -0.236506 0.078228
v 0.949287 -0.241182 0.078423
v 0.976152 -0.242778 0.078572
v 0.994367 -0.242360 0.078648
v 1.012036 -0.241098 0.078708
v 1.029199 -0.238982 0.078750
v 1.045893 -0.236001 0.078775
v 1.062156 -0.232146 0.078784
v 1.078027 -0.227405 0.078776
v 1.093545 -0.221769 0.078751
v 1.108746 -0.215226 0.078709
v 1.123670 -0.207767 0.078651
v 1.138353 -0.199381 0.078575
v 1.152836 -0.190058 0.078483
v 1.167155 -0.179787 0.078374
v 1.167165 -0.055805 0.076271
v 1.154398 -0.071195 0.076474
v 1.141122 -0.085356 0.076654
v 1.127365 -0.098268 0.076811
v 1.113161 -0.109908 0.076943
v 1.098541 -0.120257 0.077051
v 1.083535 -0.129294 0.077137
v 1.068176 -0.136998 0.077197
v 1.052492 -0.143348 0.077234
v 1.036519 -0.148323 0.077245
v 1.020284 -0.151902 0.077232
v 1.003821 -0.154065 0.077194
v 0.987159 -0.154791 0.077130
v 0.969010 -0.153824 0.077032
v 0.952549 -0.151060 0.076910
v 0.937754 -0.146698 0.076768
v 0.924606 -0.140941 0.076610
v 0.913081 -0.133989 0.076440
v 0.903162 -0.126045 0.076261
v 0.894826 -0.117309 0.076074
v 0.888053 -0.107983 0.075885
v 0.882820 -0.098268 0.075697
v 0.879110 -0.088365 0.075512
v 0.876899 -0.078476 0.075334
v 0.876167 -0.068803 0.075167
v 0.881973 -0.035991 0.074636
v 0.898023 -0.007358 0.074224
v 0.922267 0.018122 0.073903
v 0.952656 0.041477 0.073645
v 0.987142 0.063736 0.073424
v 1.023677 0.085925 0.073215
v 1.060213 0.109072 0.072988
v 1.094699 0.134205 0.072719
v 1.125088 0.162351 0.072380
v 1.149332 0.194539 0.071945
v 1.165383 0.231795 0.071386
v 1.171190 0.275148 0.070677
v 1.169506 0.302042 0.070213
v 1.164541 0.327163 0.069765
v 1.156431 0.350402 0.069334
v 1.145309 0.371652 0.068922
v 1.131313 0.390805 0.068534
v 1.114576 0.407753 0.068170
v 1.095236 0.422390 0.067834
v 1.073426 0.434606 0.067528
v 1.049283 0.444295 0.067253
v 1.022941 0.451349 0.067014
v 0.994538 0.455660 0.066812
v 0.964207 0.457121 0.066649
v 0.951210 0.456788 0.066595
v 0.938226 0.455788 0.066552
v 0.925270 0.454122 0.066522
v 0.912355 0.451789 0.066503
v 0.899497 0.448789 0.066495
v 0.886706 0.445123 0.066499
v 0.874000 0.440790 0.066515
v 0.861391 0.435791 0.066543
v 0.848894 0.430125 0.066582
v 0.836520 0.423793 0.066632
v 0.824286 0.416794 0.066696
v 0.812204 0.409128 0.066771
v 0.812196 0.298144 0.068653
v 1.538193 0.360135 0.070907
v 1.538177 0.154165 0.074400
v 1.259180 0.154165 0.073130
v 1.259173 0.066178 0.074622
v 1.538170 0.066178 0.075892
v 1.538154 -0.145792 0.079487
v 1.240157 -0.145792 0.078130
v 1.240150 -0.233779 0.079622
v 1.636146 -0.233779 0.081425
v 1.636199 0.448123 0.069860
v 1.249203 0.448123 0.068098
v 1.249196 0.360135 0.069591
v 2.032798 0.446618 0.071692
v 2.001686 0.442170 0.071625
v 1.972976 0.434875 0.071619
v 1.946787 0.424830 0.071669
v 1.923236 0.412133 0.071778
v 1.902442 0.396880 0.071942
v 1.884523 0.379170 0.072161
v 1.869598 0.359098 0.072433
v 1.857782 0.336764 0.072758
v 1.849195 0.312263 0.073134
v 1.843956 0.285692 0.073561
v 1.842182 0.257150 0.074037
v 1.843029 0.237825 0.074369
v 1.845554 0.219369 0.074694
v 1.849725 0.201814 0.075011
v 1.855510 0.185198 0.075318
v 1.862878 0.169553 0.075617
v 1.871799 0.154915 0.075906
v 1.882241 0.141318 0.076184
v 1.894172 0.128798 0.076451
v 1.907562 0.117389 0.076705
v 1.922379 0.107125 0.076946
v 1.938591 0.098042 0.077174
v 1.956168 0.090174 0.077388
v 1.941145 0.079467 0.077501
v 1.926991 0.067844 0.077633
v 1.913573 0.055304 0.077785
v 1.900758 0.041848 0.077955
v 1.888416 0.027475 0.078143
v 1.876413 0.012185 0.078347
v 1.864620 -0.004021 0.078568
v 1.852901 -0.021143 0.078806
v 1.841128 -0.039182 0.079058
v 1.829167 -0.058138 0.079325
v 1.816887 -0.078010 0.079606
v 1.804155 -0.098799 0.079901
v 1.797130 -0.110085 0.080060
v 1.790459 -0.120601 0.080208
v 1.783997 -0.130575 0.080347
v 1.777597 -0.140237 0.080482
v 1.771113 -0.149816 0.080616
v 1.764401 -0.159540 0.080750
v 1.757313 -0.169639 0.080889
v 1.749705 -0.180343 0.081035
v 1.741429 -0.191879 0.081194
v 1.732342 -0.204478 0.081366
v 1.722296 -0.218368 0.081555
v 1.711146 -0.233779 0.081767
v 1.828144 -0.233779 0.082299
v 1.918154 -0.093799 0.080335
v 1.939669 -0.061325 0.079882
v 1.959343 -0.033641 0.079503
v 1.977379 -0.010374 0.079190
v 1.993976 0.008853 0.078939
v 2.009337 0.024413 0.078745
v 2.023663 0.036682 0.078603
v 2.037156 0.046035 0.078505
v 2.050016 0.052846 0.078448
v 2.062446 0.057491 0.078426
v 2.074646 0.060345 0.078434
v 2.086818 0.061782 0.078464
v 2.099164 0.062178 0.078514
v 2.140164 0.062178 0.078701
v 2.140141 -0.233779 0.083720
v 2.238140 -0.233779 0.084166
v 2.238193 0.448123 0.072601
v 2.066194 0.448123 0.071818
v 2.077172 0.150166 0.076921
v 2.052459 0.151261 0.076791
v 2.030718 0.154429 0.076638
v 2.011798 0.159492 0.076465
v 1.995543 0.166274 0.076276
v 1.981804 0.174598 0.076073
v 1.970425 0.184286 0.075857
v 1.961255 0.195161 0.075630
v 1.954140 0.207046 0.075397
v 1.948928 0.219765 0.075157
v 1.945466 0.233140 0.074914
v 1.943602 0.246994 0.074671
v 1.943181 0.261150 0.074429
v 1.944215 0.276618 0.074172
v 1.946860 0.290997 0.073940
v 1.951185 0.304237 0.073735
v 1.957259 0.316290 0.073558
v 1.965154 0.327107 0.073411
v 1.974937 0.336639 0.073294
v 1.986678 0.344838 0.073208
v 2.000448 0.351655 0.073155
v 2.016313 0.357042 0.073136
v 2.034346 0.360950 0.073152
v 2.054614 0.363331 0.073203
v 2.077188 0.364135 0.073293
v 2.140187 0.364135 0.073580
v 2.140171 0.150166 0.077208
v 2.506620 0.446329 0.073854
v 2.474380 0.441105 0.073796
v 2.445424 0.432687 0.073807
v 2.419708 0.421312 0.073883
v 2.397185 0.407214 0.074019
v 2.377812 0.390631 0.074212
v 2.361542 0.371798 0.074458
v 2.348332 0.350951 0.074751
v 2.338135 0.328327 0.075088
v 2.330908 0.304162 0.075465
v 2.326603 0.278691 0.075878
v 2.325177 0.252151 0.076321
v 2.326683 0.225919 0.076773
v 2.331238 0.200857 0.077219
v 2.338890 0.177177 0.077655
v 2.349688 0.155091 0.078079
v 2.363680 0.134810 0.078487
v 2.380915 0.116545 0.078875
v 2.401443 0.100510 0.079241
v 2.425311 0.086915 0.079579
v 2.452568 0.075973 0.079889
v 2.483263 0.067895 0.080166
v 2.517444 0.062893 0.080406
v 2.555160 0.061178 0.080607
v 2.657158 0.061178 0.081072
v 2.657135 -0.233779 0.086074
v 2.755135 -0.233779 0.086520
v 2.755187 0.448123 0.074955
v 2.542189 0.448123 0.073985
v 2.546166 0.149166 0.079073
v 2.528471 0.149972 0.078980
v 2.511931 0.152369 0.078864
v 2.496620 0.156321 0.078727
v 2.482612 0.161793 0.078570
v 2.469980 0.168752 0.078395
v 2.458794 0.177162 0.078202
v 2.449130 0.186988 0.077991
v 2.441060 0.198196 0.077764
v 2.434657 0.210751 0.077522
v 2.429993 0.224618 0.077266
v 2.427142 0.239763 0.076996
v 2.426176 0.256150 0.076713
v 2.426760 0.268698 0.076503
v 2.428590 0.281211 0.076299
v 2.431789 0.293489 0.076106
v 2.436476 0.305328 0.075926
v 2.442775 0.316529 0.075765
v 2.450806 0.326890 0.075625
v 2.460692 0.336209 0.075512
v 2.472553 0.344286 0.075429
v 2.486511 0.350918 0.075381
v 2.502688 0.355904 0.075369
v 2.521205 0.359044 0.075401
v 2.542183 0.360135 0.075478
v 2.657182 0.360135 0.076002
v 2.657165 0.149166 0.079579
v 2.976179 0.368134 0.077318
v 2.976122 -0.374759 0.089917
v 2.839123 -0.374759 0.089293
v 2.839117 -0.454748 0.090649
v 3.072114 -0.454748 0.091710
v 3.072184 0.448123 0.076398
v 2.839186 0.448123 0.075338
v 2.839180 0.368134 0.076695
v 2.976179 0.368134 0.077318
v 2.976816 0.365760 -0.062660
v 2.976122 -0.374759 0.089917
v 2.976759 -0.377133 -0.050061
v 2.839123 -0.374759 0.089293
v 2.839760 -0.377133 -0.050685
v 2.839117 -0.454748 0.090649
v 2.839754 -0.457121 -0.049329
v 3.072114 -0.454748 0.091710
v 3.072752 -0.457121 -0.048268
v 3.072184 0.448123 0.076398
v 3.072821 0.445749 -0.063579
v 2.839186 0.448123 0.075338
v 2.839823 0.445749 -0.064640
v 2.839180 0.368134 0.076695
v 2.839817 0.365760 -0.063284
v 2.506620 0.446329 0.073854
v 2.507257 0.443955 -0.066124
v 2.474380 0.441105 0.073796
v 2.475017 0.438731 -0.066182
v 2.445424 0.432687 0.073807
v 2.446062 0.430314 -0.066172
v 2.419708 0.421312 0.073883
v 2.420345 0.418938 -0.066096
v 2.397185 0.407214 0.074019
v 2.397822 0.404840 -0.065959
v 2.377812 0.390631 0.074212
v 2.378449 0.388257 -0.065766
v 2.361542 0.371798 0.074458
v 2.362180 0.369424 -0.065521
v 2.348332 0.350951 0.074751
v 2.348969 0.348578 -0.065228
v 2.338135 0.328327 0.075088
v 2.338773 0.325954 -0.064890
v 2.330908 0.304162 0.075465
v 2.331545 0.301788 -0.064513
v 2.326603 0.278691 0.075878
v 2.327240 0.276317 -0.064101
v 2.325177 0.252151 0.076321
v 2.325814 0.249777 -0.063657
v 2.326683 0.225919 0.076773
v 2.327320 0.223545 -0.063205
v 2.331238 0.200857 0.077219
v 2.331875 0.198483 -0.062760
v 2.338890 0.177177 0.077655
v 2.339527 0.174803 -0.062324
v 2.349688 0.155091 0.078079
v 2.350325 0.152717 -0.061900
v 2.363680 0.134810 0.078487
v 2.364317 0.132436 -0.061492
v 2.380915 0.116545 0.078875
v 2.381553 0.114171 -0.061103
v 2.401443 0.100510 0.079241
v 2.402081 0.098136 -0.060738
v 2.425311 0.086915 0.079579
v 2.425948 0.084541 -0.060399
v 2.452568 0.075973 0.079889
v 2.453205 0.073599 -0.060089
v 2.483263 0.067895 0.080166
v 2.483900 0.065521 -0.059812
v 2.517444 0.062893 0.080406
v 2.518081 0.060519 -0.059572
v 2.555160 0.061178 0.080607
v 2.555797 0.058804 -0.059371
v 2.657158 0.061178 0.081072
v 2.657796 0.058804 -0.058907
v 2.657135 -0.233779 0.086074
v 2.657773 -0.236153 -0.053905
v 2.755135 -0.233779 0.086520
v 2.755772 -0.236153 -0.053459
v 2.755187 0.448123 0.074955
v 2.755825 0.445749 -0.065022
v 2.542189 0.448123 0.073985
v 2.542827 0.445749 -0.065992
v 2.546166 0.149166 0.079073
v 2.546803 0.146792 -0.060904
v 2.528471 0.149972 0.078980
v 2.529108 0.147598 -0.060999
v 2.511931 0.152369 0.078864
v 2.512568 0.149995 -0.061115
v 2.496620 0.156321 0.078727
v 2.497258 0.153947 -0.061252
v 2.482612 0.161793 0.078570
v 2.483249 0.159420 -0.061408
v 2.469980 0.168752 0.078395
v 2.470617 0.166378 -0.061584
v 2.458794 0.177162 0.078202
v 2.459432 0.174788 -0.061777
v 2.449130 0.186988 0.077991
v 2.449768 0.184614 -0.061988
v 2.441060 0.198196 0.077764
v 2.441698 0.195822 -0.062215
v 2.434657 0.210751 0.077522
v 2.435294 0.208377 -0.062457
v 2.429993 0.224618 0.077266
v 2.430631 0.222244 -0.062713
v 2.427142 0.239763 0.076996
v 2.427779 0.237389 -0.062983
v 2.426176 0.256150 0.076713
v 2.426813 0.253776 -0.063265
v 2.426760 0.268698 0.076503
v 2.427397 0.266324 -0.063476
v 2.428590 0.281211 0.076299
v 2.429227 0.278838 -0.063679
v 2.431789 0.293489 0.076106
v 2.432426 0.291115 -0.063873
v 2.436476 0.305328 0.075926
v 2.437113 0.302955 -0.064053
v 2.442775 0.316529 0.075765
v 2.443412 0.314155 -0.064214
v 2.450806 0.326890 0.075625
v 2.451443 0.324516 -0.064352
v 2.460692 0.336209 0.075512
v 2.461329 0.333836 -0.064466
v 2.472553 0.344286 0.075429
v 2.473191 0.341912 -0.064549
v 2.486511 0.350918 0.075381
v 2.487148 0.348544 -0.064598
v 2.502688 0.355904 0.075369
v 2.503325 0.353531 -0.064609
v 2.521205 0.359044 0.075401
v 2.521842 0.356670 -0.064578
v 2.542183 0.360135 0.075478
v 2.542820 0.357761 -0.064500
v 2.657182 0.360135 0.076002
v 2.657819 0.357761 -0.063977
v 2.657165 0.149166 0.079579
v 2.657802 0.146792 -0.060399
v 2.032798 0.446618 0.071692
v 2.033435 0.444244 -0.068286
v 2.001686 0.442170 0.071625
v 2.002323 0.439796 -0.068353
v 1.972976 0.434875 0.071619
v 1.973614 0.432501 -0.068360
v 1.946787 0.424830 0.071669
v 1.947424 0.422456 -0.068308
v 1.923236 0.412133 0.071778
v 1.923873 0.409759 -0.068200
v 1.902442 0.396880 0.071942
v 1.903079 0.394506 -0.068036
v 1.884523 0.379170 0.072161
v 1.885160 0.376796 -0.067818
v 1.869598 0.359098 0.072433
v 1.870235 0.356725 -0.067546
v 1.857782 0.336764 0.072758
v 1.858419 0.334390 -0.067220
v 1.849195 0.312263 0.073134
v 1.849833 0.309889 -0.066843
v 1.843956 0.285692 0.073561
v 1.844594 0.283318 -0.066417
v 1.842182 0.257150 0.074037
v 1.842819 0.254776 -0.065941
v 1.843029 0.237825 0.074369
v 1.843667 0.235452 -0.065609
v 1.845554 0.219369 0.074694
v 1.846191 0.216995 -0.065285
v 1.849725 0.201814 0.075011
v 1.850362 0.199440 -0.064968
v 1.855510 0.185198 0.075318
v 1.856148 0.182824 -0.064661
v 1.862878 0.169553 0.075617
v 1.863515 0.167179 -0.064361
v 1.871799 0.154915 0.075906
v 1.872436 0.152541 -0.064072
v 1.882241 0.141318 0.076184
v 1.882878 0.138945 -0.063794
v 1.894172 0.128798 0.076451
v 1.894809 0.126424 -0.063528
v 1.907562 0.117389 0.076705
v 1.908199 0.115015 -0.063274
v 1.922379 0.107125 0.076946
v 1.923016 0.104752 -0.063032
v 1.938591 0.098042 0.077174
v 1.939228 0.095668 -0.062803
v 1.956168 0.090174 0.077388
v 1.956805 0.087800 -0.062590
v 1.941145 0.079467 0.077501
v 1.941783 0.077093 -0.062477
v 1.926991 0.067844 0.077633
v 1.927628 0.065470 -0.062344
v 1.913573 0.055304 0.077785
v 1.914210 0.052930 -0.062193
v 1.900758 0.041848 0.077955
v 1.901395 0.039474 -0.062023
v 1.888416 0.027475 0.078143
v 1.889053 0.025101 -0.061836
v 1.876413 0.012185 0.078347
v 1.877050 0.009811 -0.061630
v 1.864620 -0.004021 0.078568
v 1.865257 -0.006395 -0.061410
v 1.852901 -0.021143 0.078806
v 1.853539 -0.023517 -0.061173
v 1.841128 -0.039182 0.079058
v 1.841766 -0.041556 -0.060920
v 1.829167 -0.058138 0.079325
v 1.829804 -0.060512 -0.060654
v 1.816887 -0.078010 0.079606
v 1.817525 -0.080384 -0.060372
v 1.804155 -0.098799 0.079901
v 1.804792 -0.101173 -0.060077
v 1.797130 -0.110085 0.080060
v 1.797768 -0.112459 -0.059918
v 1.790459 -0.120601 0.080208
v 1.791097 -0.122975 -0.059771
v 1.783997 -0.130575 0.080347
v 1.784634 -0.132949 -0.059630
v 1.777597 -0.140237 0.080482
v 1.778234 -0.142611 -0.059496
v 1.771113 -0.149816 0.080616
v 1.771751 -0.152190 -0.059363
v 1.764401 -0.159540 0.080750
v 1.765038 -0.161914 -0.059228
v 1.757313 -0.169639 0.080889
v 1.757950 -0.172013 -0.059090
v 1.749705 -0.180343 0.081035
v 1.750343 -0.182716 -0.058942
v 1.741429 -0.191879 0.081194
v 1.742067 -0.194253 -0.058785
v 1.732342 -0.204478 0.081366
v 1.732980 -0.206852 -0.058612
v 1.722296 -0.218368 0.081555
v 1.722933 -0.220742 -0.058423
v 1.711146 -0.233779 0.081767
v 1.711783 -0.236153 -0.058212
v 1.828144 -0.233779 0.082299
v 1.828782 -0.236153 -0.057679
v 1.918154 -0.093799 0.080335
v 1.918791 -0.096173 -0.059643
v 1.939669 -0.061325 0.079882
v 1.940307 -0.063699 -0.060096
v 1.959343 -0.033641 0.079503
v 1.959981 -0.036015 -0.060476
v 1.977379 -0.010374 0.079190
v 1.978016 -0.012748 -0.060789
v 1.993976 0.008853 0.078939
v 1.994614 0.006479 -0.061039
v 2.009337 0.024413 0.078745
v 2.009975 0.022039 -0.061233
v 2.023663 0.036682 0.078603
v 2.024300 0.034308 -0.061376
v 2.037156 0.046035 0.078505
v 2.037793 0.043661 -0.061473
v 2.050016 0.052846 0.078448
v 2.050653 0.050472 -0.061530
v 2.062446 0.057491 0.078426
v 2.063084 0.055117 -0.061552
v 2.074646 0.060345 0.078434
v 2.075284 0.057971 -0.061545
v 2.086818 0.061782 0.078464
v 2.087456 0.059408 -0.061514
v 2.099164 0.062178 0.078514
v 2.099802 0.059804 -0.061464
v 2.140164 0.062178 0.078701
v 2.140801 0.059804 -0.061278
v 2.140141 -0.233779 0.083720
v 2.140778 -0.236153 -0.056259
v 2.238140 -0.233779 0.084166
v 2.238777 -0.236153 -0.055812
v 2.238193 0.448123 0.072601
v 2.238830 0.445749 -0.067376
v 2.066194 0.448123 0.071818
v 2.066832 0.445749 -0.068159
v 2.077172 0.150166 0.076921
v 2.077809 0.147792 -0.063056
v 2.052459 0.151261 0.076791
v 2.053096 0.148887 -0.063188
v 2.030718 0.154429 0.076638
v 2.031355 0.152055 -0.063341
v 2.011798 0.159492 0.076465
v 2.012435 0.157118 -0.063513
v 1.995543 0.166274 0.076276
v 1.996181 0.163900 -0.063702
v 1.981804 0.174598 0.076073
v 1.982442 0.172224 -0.063906
v 1.970425 0.184286 0.075857
v 1.971062 0.181912 -0.064121
v 1.961255 0.195161 0.075630
v 1.961892 0.192787 -0.064348
v 1.954140 0.207046 0.075397
v 1.954777 0.204672 -0.064582
v 1.948928 0.219765 0.075157
v 1.949565 0.217391 -0.064821
v 1.945466 0.233140 0.074914
v 1.946103 0.230766 -0.065064
v 1.943602 0.246994 0.074671
v 1.944239 0.244620 -0.065308
v 1.943181 0.261150 0.074429
v 1.943819 0.258776 -0.065550
v 1.944215 0.276618 0.074172
v 1.944853 0.274245 -0.065807
v 1.946860 0.290997 0.073940
v 1.947497 0.288623 -0.066039
v 1.951185 0.304237 0.073735
v 1.951822 0.301863 -0.066243
v 1.957259 0.316290 0.073558
v 1.957897 0.313916 -0.066420
v 1.965154 0.327107 0.073411
v 1.965791 0.324733 -0.066567
v 1.974937 0.336639 0.073294
v 1.975574 0.334265 -0.066685
v 1.986678 0.344838 0.073208
v 1.987316 0.342464 -0.066770
v 2.000448 0.351655 0.073155
v 2.001085 0.349281 -0.066823
v 2.016313 0.357042 0.073136
v 2.016950 0.354668 -0.066843
v 2.034346 0.360950 0.073152
v 2.034983 0.358576 -0.066826
v 2.054614 0.363331 0.073203
v 2.055251 0.360957 -0.066774
v 2.077188 0.364135 0.073293
v 2.077825 0.361761 -0.066685
v 2.140187 0.364135 0.073580
v 2.140825 0.361761 -0.066399
v 2.140171 0.150166 0.077208
v 2.140808 0.147792 -0.062770
v 1.538193 0.360135 0.070907
v 1.538830 0.357761 -0.069071
v 1.538177 0.154165 0.074400
v 1.538814 0.151791 -0.065578
v 1.259180 0.154165 0.073130
v 1.259817 0.151791 -0.066849
v 1.259173 0.066178 0.074622
v 1.259811 0.063804 -0.065357
v 1.538170 0.066178 0.075892
v 1.538808 0.063804 -0.064087
v 1.538154 -0.145792 0.079487
v 1.538791 -0.148166 -0.060492
v 1.240157 -0.145792 0.078130
v 1.240794 -0.148166 -0.061848
v 1.240150 -0.233779 0.079622
v 1.240788 -0.236153 -0.060356
v 1.636146 -0.233779 0.081425
v 1.636784 -0.236153 -0.058553
v 1.636199 0.448123 0.069860
v 1.636836 0.445749 -0.070117
v 1.249203 0.448123 0.068098
v 1.249840 0.445749 -0.071879
v 1.249196 0.360135 0.069591
v 1.249833 0.357761 -0.070387
v 0.826651 0.311093 0.068498
v 0.827288 0.308719 -0.071480
v 0.840993 0.322497 0.068371
v 0.841631 0.320123 -0.071608
v 0.855198 0.332436 0.068266
v 0.855835 0.330062 -0.071712
v 0.869236 0.340990 0.068185
v 0.869873 0.338616 -0.071793
v 0.883079 0.348238 0.068125
v 0.883716 0.345864 -0.071853
v 0.896699 0.354261 0.068085
v 0.897337 0.351887 -0.071893
v 0.910071 0.359138 0.068063
v 0.910708 0.356764 -0.071914
v 0.923163 0.362950 0.068059
v 0.923800 0.360576 -0.071920
v 0.935950 0.365775 0.068069
v 0.936587 0.363401 -0.071909
v 0.948404 0.367694 0.068093
v 0.949041 0.365321 -0.071885
v 0.960496 0.368787 0.068130
v 0.961133 0.366414 -0.071849
v 0.972200 0.369134 0.068177
v 0.972837 0.366760 -0.071801
v 0.987558 0.368457 0.068258
v 0.988196 0.366083 -0.071719
v 1.002074 0.366468 0.068358
v 1.002712 0.364094 -0.071620
v 1.015652 0.363229 0.068475
v 1.016289 0.360855 -0.071504
v 1.028198 0.358802 0.068607
v 1.028836 0.356428 -0.071371
v 1.039620 0.353251 0.068753
v 1.040257 0.350877 -0.071225
v 1.049822 0.346637 0.068912
v 1.050460 0.344263 -0.071066
v 1.058712 0.339024 0.069082
v 1.059350 0.336650 -0.070897
v 1.066196 0.330473 0.069261
v 1.066833 0.328099 -0.070717
v 1.072180 0.321047 0.069447
v 1.072817 0.318673 -0.070530
v 1.076569 0.310809 0.069641
v 1.077206 0.308435 -0.070337
v 1.079271 0.299821 0.069840
v 1.079909 0.297447 -0.070138
v 1.080192 0.288146 0.070042
v 1.080830 0.285772 -0.069936
v 1.074386 0.257967 0.070527
v 1.075023 0.255593 -0.069451
v 1.058336 0.232107 0.070893
v 1.058974 0.229734 -0.069085
v 1.034093 0.209345 0.071169
v 1.034730 0.206971 -0.068810
v 1.003704 0.188456 0.071385
v 1.004342 0.186082 -0.068594
v 0.969218 0.168221 0.071571
v 0.969855 0.165847 -0.068408
v 0.932683 0.147416 0.071757
v 0.933320 0.145042 -0.068221
v 0.896149 0.124820 0.071974
v 0.896786 0.122446 -0.068005
v 0.861662 0.099210 0.072252
v 0.862299 0.096836 -0.067727
v 0.831272 0.069365 0.072620
v 0.831909 0.066991 -0.067359
v 0.807028 0.034062 0.073107
v 0.807665 0.031688 -0.066870
v 0.790977 -0.007921 0.073746
v 0.791615 -0.010294 -0.066231
v 0.785169 -0.057805 0.074566
v 0.785806 -0.060178 -0.065412
v 0.786824 -0.083918 0.075016
v 0.787461 -0.086292 -0.064962
v 0.791674 -0.108654 0.075458
v 0.792311 -0.111028 -0.064520
v 0.799538 -0.131841 0.075887
v 0.800175 -0.134215 -0.064092
v 0.810235 -0.153309 0.076300
v 0.810872 -0.155683 -0.063679
v 0.823585 -0.172889 0.076693
v 0.824223 -0.175263 -0.063286
v 0.839408 -0.190411 0.077062
v 0.840045 -0.192784 -0.062917
v 0.857522 -0.205703 0.077404
v 0.858160 -0.208077 -0.062574
v 0.877748 -0.218596 0.077714
v 0.878386 -0.220970 -0.062264
v 0.899904 -0.228921 0.077990
v 0.900542 -0.231295 -0.061989
v 0.923811 -0.236506 0.078228
v 0.924449 -0.238880 -0.061751
v 0.949287 -0.241182 0.078423
v 0.949924 -0.243555 -0.061556
v 0.976152 -0.242778 0.078572
v 0.976790 -0.245152 -0.061406
v 0.994367 -0.242360 0.078648
v 0.995005 -0.244734 -0.061330
v 1.012036 -0.241098 0.078708
v 1.012673 -0.243472 -0.061271
v 1.029199 -0.238982 0.078750
v 1.029836 -0.241356 -0.061229
v 1.045893 -0.236001 0.078775
v 1.046530 -0.238375 -0.061203
v 1.062156 -0.232146 0.078784
v 1.062794 -0.234520 -0.061195
v 1.078027 -0.227405 0.078776
v 1.078665 -0.229779 -0.061203
v 1.093545 -0.221769 0.078751
v 1.094182 -0.224143 -0.061228
v 1.108746 -0.215226 0.078709
v 1.109383 -0.217600 -0.061270
v 1.123670 -0.207767 0.078651
v 1.124307 -0.210141 -0.061328
v 1.138353 -0.199381 0.078575
v 1.138990 -0.201755 -0.061404
v 1.152836 -0.190058 0.078483
v 1.153473 -0.192432 -0.061496
v 1.167155 -0.179787 0.078374
v 1.167793 -0.182161 -0.061605
v 1.167165 -0.055805 0.076271
v 1.167802 -0.058179 -0.063707
v 1.154398 -0.071195 0.076474
v 1.155035 -0.073569 -0.063504
v 1.141122 -0.085356 0.076654
v 1.141759 -0.087730 -0.063324
v 1.127365 -0.098268 0.076811
v 1.128002 -0.100641 -0.063168
v 1.113161 -0.109908 0.076943
v 1.113798 -0.112282 -0.063036
v 1.098541 -0.120257 0.077051
v 1.099178 -0.122631 -0.062926
v 1.083535 -0.129294 0.077137
v 1.084172 -0.131668 -0.062841
v 1.068176 -0.136998 0.077197
v 1.068813 -0.139372 -0.062780
v 1.052492 -0.143348 0.077234
v 1.053130 -0.145722 -0.062745
v 1.036519 -0.148323 0.077245
v 1.037156 -0.150697 -0.062733
v 1.020284 -0.151902 0.077232
v 1.020921 -0.154276 -0.062746
v 1.003821 -0.154065 0.077194
v 1.004458 -0.156439 -0.062784
v 0.987159 -0.154791 0.077130
v 0.987796 -0.157165 -0.062848
v 0.969010 -0.153824 0.077032
v 0.969648 -0.156198 -0.062947
v 0.952549 -0.151060 0.076910
v 0.953186 -0.153434 -0.063069
v 0.937754 -0.146698 0.076768
v 0.938392 -0.149072 -0.063210
v 0.924606 -0.140941 0.076610
v 0.925243 -0.143315 -0.063368
v 0.913081 -0.133989 0.076440
v 0.913719 -0.136363 -0.063538
v 0.903162 -0.126045 0.076261
v 0.903799 -0.128419 -0.063718
v 0.894826 -0.117309 0.076074
v 0.895463 -0.119683 -0.063904
v 0.888053 -0.107983 0.075885
v 0.888690 -0.110356 -0.064093
v 0.882820 -0.098268 0.075697
v 0.883458 -0.100641 -0.064281
v 0.879110 -0.088365 0.075512
v 0.879748 -0.090739 -0.064466
v 0.876899 -0.078476 0.075334
v 0.877536 -0.080850 -0.064644
v 0.876167 -0.068803 0.075167
v 0.876804 -0.071177 -0.064812
v 0.881973 -0.035991 0.074636
v 0.882611 -0.038365 -0.065341
v 0.898023 -0.007358 0.074224
v 0.898661 -0.009732 -0.065754
v 0.922267 0.018122 0.073903
v 0.922904 0.015748 -0.066076
v 0.952656 0.041477 0.073645
v 0.953293 0.039104 -0.066333
v 0.987142 0.063736 0.073424
v 0.987779 0.061362 -0.066554
v 1.023677 0.085925 0.073215
v 1.024315 0.083551 -0.066764
v 1.060213 0.109072 0.072988
v 1.060850 0.106698 -0.066991
v 1.094699 0.134205 0.072719
v 1.095337 0.131831 -0.067260
v 1.125088 0.162351 0.072380
v 1.125726 0.159977 -0.067598
v 1.149332 0.194539 0.071945
v 1.149970 0.192165 -0.068034
v 1.165383 0.231795 0.071386
v 1.166021 0.229421 -0.068593
v 1.171190 0.275148 0.070677
v 1.171828 0.272774 -0.069301
v 1.169506 0.302042 0.070213
v 1.170144 0.299668 -0.069765
v 1.164541 0.327163 0.069765
v 1.165179 0.324789 -0.070214
v 1.156431 0.350402 0.069334
v 1.157068 0.348028 -0.070645
v 1.145309 0.371652 0.068922
v 1.145946 0.369278 -0.071056
v 1.131313 0.390805 0.068534
v 1.131950 0.388431 -0.071444
v 1.114576 0.407753 0.068170
v 1.115213 0.405380 -0.071808
v 1.095236 0.422390 0.067834
v 1.095873 0.420016 -0.072144
v 1.073426 0.434606 0.067528
v 1.074063 0.432232 -0.072451
v 1.049283 0.444295 0.067253
v 1.049920 0.441921 -0.072725
v 1.022941 0.451349 0.067014
v 1.023579 0.448975 -0.072964
v 0.994538 0.455660 0.066812
v 0.995175 0.453286 -0.073167
v 0.964207 0.457121 0.066649
v 0.964844 0.454748 -0.073330
v 0.951210 0.456788 0.066595
v 0.951847 0.454414 -0.073383
v 0.938226 0.455788 0.066552
v 0.938863 0.453414 -0.073425
v 0.925270 0.454122 0.066522
v 0.925907 0.451748 -0.073456
v 0.912355 0.451789 0.066503
v 0.912992 0.449415 -0.073476
v 0.899497 0.448789 0.066495
v 0.900134 0.446415 -0.073483
v 0.886706 0.445123 0.066499
v 0.887344 0.442749 -0.073480
v 0.874000 0.440790 0.066515
v 0.874638 0.438417 -0.073464
v 0.861391 0.435791 0.066543
v 0.862028 0.433417 -0.073436
v 0.848894 0.430125 0.066582
v 0.849531 0.427751 -0.073397
v 0.836520 0.423793 0.066632
v 0.837158 0.421419 -0.073346
v 0.824286 0.416794 0.066696
v 0.824923 0.414420 -0.073283
v 0.812204 0.409128 0.066771
v 0.812842 0.406754 -0.073208
v 0.812196 0.298144 0.068653
v 0.812833 0.295770 -0.071326
v 0.368655 0.311093 0.066413
v 0.369293 0.308719 -0.073565
v 0.382998 0.322497 0.066285
v 0.383636 0.320123 -0.073693
v 0.397203 0.332436 0.066181
v 0.397840 0.330062 -0.073797
v 0.411240 0.340990 0.066100
v 0.411878 0.338616 -0.073878
v 0.425084 0.348238 0.066040
v 0.425721 0.345864 -0.073938
v 0.438704 0.354261 0.066000
v 0.439341 0.351887 -0.073978
v 0.452074 0.359138 0.065978
v 0.452712 0.356764 -0.074000
v 0.465167 0.362950 0.065974
v 0.465805 0.360576 -0.074005
v 0.477955 0.365775 0.065984
v 0.478592 0.363401 -0.073995
v 0.490409 0.367694 0.066008
v 0.491046 0.365321 -0.073970
v 0.502501 0.368787 0.066045
v 0.503138 0.366414 -0.073934
v 0.514204 0.369134 0.066092
v 0.514842 0.366760 -0.073887
v 0.529563 0.368457 0.066173
v 0.530201 0.366083 -0.073805
v 0.544079 0.366468 0.066273
v 0.544716 0.364094 -0.073706
v 0.557657 0.363229 0.066390
v 0.558294 0.360855 -0.073589
v 0.570203 0.358802 0.066522
v 0.570840 0.356428 -0.073457
v 0.581625 0.353251 0.066668
v 0.582262 0.350877 -0.073311
v 0.591827 0.346637 0.066826
v 0.592464 0.344263 -0.073151
v 0.600717 0.339024 0.066997
v 0.601354 0.336650 -0.072982
v 0.608200 0.330473 0.067176
v 0.608838 0.328099 -0.072803
v 0.614184 0.321047 0.067362
v 0.614821 0.318673 -0.072615
v 0.618574 0.310809 0.067556
v 0.619211 0.308435 -0.072422
v 0.621276 0.299821 0.067754
v 0.621913 0.297447 -0.072223
v 0.622197 0.288146 0.067957
v 0.622834 0.285772 -0.072021
v 0.616391 0.257967 0.068442
v 0.617028 0.255593 -0.071536
v 0.600341 0.232107 0.068808
v 0.600978 0.229734 -0.071170
v 0.576097 0.209345 0.069084
v 0.576735 0.206971 -0.070895
v 0.545709 0.188456 0.069299
v 0.546346 0.186082 -0.070679
v 0.511223 0.168221 0.069485
v 0.511860 0.165847 -0.070493
v 0.474688 0.147416 0.069672
v 0.475325 0.145042 -0.070307
v 0.438152 0.124820 0.069889
v 0.438790 0.122446 -0.070090
v 0.403667 0.099210 0.070167
v 0.404304 0.096836 -0.069812
v 0.373277 0.069365 0.070534
v 0.373914 0.066991 -0.069444
v 0.349032 0.034062 0.071022
v 0.349670 0.031688 -0.068956
v 0.332981 -0.007921 0.071661
v 0.333618 -0.010294 -0.068317
v 0.327173 -0.057805 0.072480
v 0.327811 -0.060178 -0.067497
v 0.328828 -0.083918 0.072931
v 0.329466 -0.086292 -0.067048
v 0.333678 -0.108654 0.073373
v 0.334316 -0.111028 -0.066606
v 0.341543 -0.131841 0.073802
v 0.342180 -0.134215 -0.066177
v 0.352240 -0.153309 0.074214
v 0.352877 -0.155683 -0.065764
v 0.365590 -0.172889 0.074607
v 0.366227 -0.175263 -0.065371
v 0.381413 -0.190411 0.074976
v 0.382050 -0.192784 -0.065002
v 0.399527 -0.205703 0.075319
v 0.400165 -0.208077 -0.064660
v 0.419753 -0.218596 0.075629
v 0.420390 -0.220970 -0.064350
v 0.441909 -0.228921 0.075905
v 0.442546 -0.231295 -0.064074
v 0.465815 -0.236506 0.076143
v 0.466452 -0.238880 -0.063836
v 0.491292 -0.241182 0.076338
v 0.491929 -0.243555 -0.063641
v 0.518157 -0.242778 0.076487
v 0.518794 -0.245152 -0.063492
v 0.536372 -0.242360 0.076563
v 0.537009 -0.244734 -0.063416
v 0.554041 -0.241098 0.076622
v 0.554678 -0.243472 -0.063356
v 0.571204 -0.238982 0.076664
v 0.571841 -0.241356 -0.063314
v 0.587898 -0.236001 0.076689
v 0.588535 -0.238375 -0.063288
v 0.604161 -0.232146 0.076699
v 0.604798 -0.234520 -0.063280
v 0.620032 -0.227405 0.076691
v 0.620670 -0.229779 -0.063288
v 0.635549 -0.221769 0.076665
v 0.636187 -0.224143 -0.063313
v 0.650751 -0.215226 0.076624
v 0.651388 -0.217600 -0.063355
v 0.665674 -0.207767 0.076566
v 0.666312 -0.210141 -0.063413
v 0.680358 -0.199381 0.076489
v 0.680995 -0.201755 -0.063489
v 0.694840 -0.190058 0.076397
v 0.695478 -0.192432 -0.063581
v 0.709160 -0.179787 0.076289
v 0.709797 -0.182161 -0.063690
v 0.709170 -0.055805 0.074186
v 0.709807 -0.058179 -0.065792
v 0.696404 -0.071195 0.074388
v 0.697041 -0.073569 -0.065589
v 0.683127 -0.085356 0.074569
v 0.683764 -0.087730 -0.065410
v 0.669370 -0.098268 0.074725
v 0.670007 -0.100641 -0.065253
v 0.655166 -0.109908 0.074858
v 0.655803 -0.112282 -0.065121
v 0.640545 -0.120257 0.074966
v 0.641183 -0.122631 -0.065011
v 0.625540 -0.129294 0.075052
v 0.626177 -0.131668 -0.064927
v 0.610180 -0.136998 0.075112
v 0.610818 -0.139372 -0.064866
v 0.594497 -0.143348 0.075148
v 0.595134 -0.145722 -0.064830
v 0.578524 -0.148323 0.075160
v 0.579161 -0.150697 -0.064818
v 0.562289 -0.151902 0.075147
v 0.562926 -0.154276 -0.064832
v 0.545826 -0.154065 0.075109
v 0.546463 -0.156439 -0.064870
v 0.529164 -0.154791 0.075045
v 0.529801 -0.157165 -0.064934
v 0.511015 -0.153824 0.074946
v 0.511652 -0.156198 -0.065032
v 0.494553 -0.151060 0.074824
v 0.495191 -0.153434 -0.065154
v 0.479759 -0.146698 0.074683
v 0.480396 -0.149072 -0.065295
v 0.466611 -0.140941 0.074525
v 0.467248 -0.143315 -0.065453
v 0.455086 -0.133989 0.074355
v 0.455723 -0.136363 -0.065623
v 0.445167 -0.126045 0.074176
v 0.445804 -0.128419 -0.065803
v 0.436831 -0.117309 0.073989
v 0.437468 -0.119683 -0.065989
v 0.430057 -0.107983 0.073800
v 0.430695 -0.110356 -0.066179
v 0.424825 -0.098268 0.073612
v 0.425463 -0.100641 -0.066367
v 0.421115 -0.088365 0.073427
v 0.421752 -0.090739 -0.066551
v 0.418904 -0.078476 0.073249
v 0.419541 -0.080850 -0.066730
v 0.418172 -0.068803 0.073082
v 0.418809 -0.071177 -0.066897
v 0.423979 -0.035991 0.072551
v 0.424616 -0.038365 -0.067426
v 0.440028 -0.007358 0.072139
v 0.440665 -0.009732 -0.067839
v 0.464272 0.018122 0.071818
v 0.464909 0.015748 -0.068161
v 0.494661 0.041477 0.071560
v 0.495299 0.039104 -0.068419
v 0.529148 0.063736 0.071339
v 0.529785 0.061362 -0.068640
v 0.565682 0.085925 0.071129
v 0.566319 0.083551 -0.068849
v 0.602217 0.109072 0.070903
v 0.602855 0.106698 -0.069076
v 0.636704 0.134205 0.070634
v 0.637341 0.131831 -0.069345
v 0.667093 0.162351 0.070295
v 0.667730 0.159977 -0.069684
v 0.691337 0.194539 0.069859
v 0.691974 0.192165 -0.070119
v 0.707388 0.231795 0.069300
v 0.708025 0.229421 -0.070678
v 0.713195 0.275148 0.068592
v 0.713832 0.272774 -0.071387
v 0.711511 0.302042 0.068128
v 0.712148 0.299668 -0.071850
v 0.706546 0.327163 0.067680
v 0.707184 0.324789 -0.072299
v 0.698436 0.350402 0.067249
v 0.699073 0.348028 -0.072730
v 0.687314 0.371652 0.066837
v 0.687951 0.369278 -0.073142
v 0.673317 0.390805 0.066448
v 0.673955 0.388431 -0.073529
v 0.656581 0.407753 0.066085
v 0.657218 0.405380 -0.073893
v 0.637240 0.422390 0.065749
v 0.637878 0.420016 -0.074230
v 0.615430 0.434606 0.065443
v 0.616068 0.432232 -0.074536
v 0.591287 0.444295 0.065168
v 0.591925 0.441921 -0.074811
v 0.564946 0.451349 0.064929
v 0.565584 0.448975 -0.075050
v 0.536543 0.455660 0.064727
v 0.537180 0.453286 -0.075252
v 0.506211 0.457121 0.064563
v 0.506849 0.454748 -0.075415
v 0.493213 0.456788 0.064509
v 0.493851 0.454414 -0.075468
v 0.480230 0.455788 0.064467
v 0.480868 0.453414 -0.075510
v 0.467274 0.454122 0.064437
v 0.467912 0.451748 -0.075541
v 0.454359 0.451789 0.064417
v 0.454997 0.449415 -0.075561
v 0.441500 0.448789 0.064410
v 0.442138 0.446415 -0.075569
v 0.428711 0.445123 0.064414
v 0.429348 0.442749 -0.075565
v 0.416005 0.440790 0.064430
v 0.416642 0.438417 -0.075549
v 0.403396 0.435791 0.064457
v 0.404033 0.433417 -0.075521
v 0.390898 0.430125 0.064496
v 0.391536 0.427751 -0.075482
v 0.378525 0.423793 0.064547
v 0.379162 0.421419 -0.075431
v 0.366291 0.416794 0.064610
v 0.366928 0.414420 -0.075368
v 0.354209 0.409128 0.064685
v 0.354846 0.406754 -0.075293
v 0.354201 0.298144 0.066567
v 0.354838 0.295770 -0.073411
v -0.367337 0.311093 0.063062
v -0.366700 0.308719 -0.076916
v -0.352994 0.322497 0.062934
v -0.352357 0.320123 -0.077044
v -0.338790 0.332436 0.062830
v -0.338152 0.330062 -0.077148
v -0.324752 0.340990 0.062749
v -0.324115 0.338616 -0.077229
v -0.310909 0.348238 0.062689
v -0.310271 0.345864 -0.077289
v -0.297288 0.354261 0.062649
v -0.296651 0.351887 -0.077329
v -0.283918 0.359138 0.062627
v -0.283281 0.356764 -0.077351
v -0.270825 0.362950 0.062623
v -0.270188 0.360576 -0.077356
v -0.258038 0.365775 0.062633
v -0.257401 0.363401 -0.077346
v -0.245584 0.367694 0.062657
v -0.244946 0.365321 -0.077321
v -0.233492 0.368787 0.062694
v -0.232855 0.366414 -0.077285
v -0.221788 0.369134 0.062741
v -0.221151 0.366760 -0.077238
v -0.206429 0.368457 0.062822
v -0.205792 0.366083 -0.077156
v -0.191913 0.366468 0.062922
v -0.191276 0.364094 -0.077057
v -0.178336 0.363229 0.063039
v -0.177699 0.360855 -0.076940
v -0.165789 0.358802 0.063171
v -0.165152 0.356428 -0.076808
v -0.154368 0.353251 0.063317
v -0.153731 0.350877 -0.076662
v -0.144166 0.346637 0.063475
v -0.143528 0.344263 -0.076502
v -0.135275 0.339024 0.063646
v -0.134638 0.336650 -0.076333
v -0.127792 0.330473 0.063825
v -0.127155 0.328099 -0.076154
v -0.121809 0.321047 0.064011
v -0.121171 0.318673 -0.075966
v -0.117419 0.310809 0.064205
v -0.116781 0.308435 -0.075773
v -0.114716 0.299821 0.064403
v -0.114079 0.297447 -0.075574
v -0.113795 0.288146 0.064606
v -0.113158 0.285772 -0.075372
v -0.119602 0.257967 0.065091
v -0.118964 0.255593 -0.074887
v -0.135651 0.232107 0.065457
v -0.135014 0.229734 -0.074521
v -0.159895 0.209345 0.065733
v -0.159258 0.206971 -0.074246
v -0.190283 0.188456 0.065948
v -0.189646 0.186082 -0.074030
v -0.224769 0.168221 0.066134
v -0.224132 0.165847 -0.073844
v -0.261305 0.147416 0.066321
v -0.260667 0.145042 -0.073658
v -0.297840 0.124820 0.066538
v -0.297203 0.122446 -0.073441
v -0.332327 0.099210 0.066816
v -0.331689 0.096836 -0.073163
v -0.362716 0.069365 0.067183
v -0.362078 0.066991 -0.072795
v -0.386960 0.034062 0.067671
v -0.386323 0.031688 -0.072307
v -0.403011 -0.007921 0.068310
v -0.402374 -0.010294 -0.071668
v -0.408819 -0.057805 0.069129
v -0.408182 -0.060178 -0.070848
v -0.407164 -0.083918 0.069580
v -0.406527 -0.086292 -0.070399
v -0.402314 -0.108654 0.070022
v -0.401677 -0.111028 -0.069957
v -0.394450 -0.131841 0.070451
v -0.393813 -0.134215 -0.069528
v -0.383753 -0.153309 0.070864
v -0.383115 -0.155683 -0.069115
v -0.370402 -0.172889 0.071256
v -0.369765 -0.175263 -0.068722
v -0.354580 -0.190411 0.071625
v -0.353942 -0.192784 -0.068353
v -0.336465 -0.205703 0.071968
v -0.335828 -0.208077 -0.068011
v -0.316239 -0.218596 0.072278
v -0.315602 -0.220970 -0.067701
v -0.294083 -0.228921 0.072554
v -0.293446 -0.231295 -0.067425
v -0.270177 -0.236506 0.072792
v -0.269540 -0.238880 -0.067187
v -0.244701 -0.241182 0.072987
v -0.244064 -0.243555 -0.066992
v -0.217835 -0.242778 0.073136
v -0.217198 -0.245152 -0.066843
v -0.199620 -0.242360 0.073212
v -0.198983 -0.244734 -0.066767
v -0.181951 -0.241098 0.073271
v -0.181314 -0.243472 -0.066707
v -0.164789 -0.238982 0.073313
v -0.164151 -0.241356 -0.066665
v -0.148094 -0.236001 0.073338
v -0.147457 -0.238375 -0.066639
v -0.131831 -0.232146 0.073348
v -0.131194 -0.234520 -0.066631
v -0.115960 -0.227405 0.073340
v -0.115323 -0.229779 -0.066639
v -0.100443 -0.221769 0.073314
v -0.099806 -0.224143 -0.066664
v -0.085241 -0.215226 0.073273
v -0.084604 -0.217600 -0.066706
v -0.070318 -0.207767 0.073215
v -0.069681 -0.210141 -0.066764
v -0.055635 -0.199381 0.073138
v -0.054997 -0.201755 -0.066840
v -0.041152 -0.190058 0.073046
v -0.040515 -0.192432 -0.066932
v -0.026832 -0.179787 0.072938
v -0.026195 -0.182161 -0.067041
v -0.026823 -0.055805 0.070835
v -0.026185 -0.058179 -0.069143
v -0.039590 -0.071195 0.071037
v -0.038953 -0.073569 -0.068940
v -0.052867 -0.085356 0.071218
v -0.052229 -0.087730 -0.068761
v -0.066623 -0.098268 0.071374
v -0.065985 -0.100641 -0.068604
v -0.080826 -0.109908 0.071507
v -0.080189 -0.112282 -0.068472
v -0.095447 -0.120257 0.071615
v -0.094810 -0.122631 -0.068362
v -0.110453 -0.129294 0.071701
v -0.109815 -0.131668 -0.068278
v -0.125812 -0.136998 0.071761
v -0.125175 -0.139372 -0.068217
v -0.141495 -0.143348 0.071798
v -0.140858 -0.145722 -0.068181
v -0.157470 -0.148323 0.071809
v -0.156832 -0.150697 -0.068169
v -0.173704 -0.151902 0.071796
v -0.173066 -0.154276 -0.068183
v -0.190167 -0.154065 0.071758
v -0.189529 -0.156439 -0.068221
v -0.206829 -0.154791 0.071694
v -0.206191 -0.157165 -0.068285
v -0.224977 -0.153824 0.071595
v -0.224340 -0.156198 -0.068383
v -0.241439 -0.151060 0.071473
v -0.240802 -0.153434 -0.068505
v -0.256233 -0.146698 0.071332
v -0.255596 -0.149072 -0.068646
v -0.269382 -0.140941 0.071174
v -0.268745 -0.143315 -0.068804
v -0.280906 -0.133989 0.071004
v -0.280269 -0.136363 -0.068974
v -0.290825 -0.126045 0.070825
v -0.290188 -0.128419 -0.069154
v -0.299162 -0.117309 0.070638
v -0.298524 -0.119683 -0.069340
v -0.305935 -0.107983 0.070449
v -0.305298 -0.110356 -0.069530
v -0.311167 -0.098268 0.070261
v -0.310530 -0.100641 -0.069718
v -0.314878 -0.088365 0.070076
v -0.314241 -0.090739 -0.069902
v -0.317089 -0.078476 0.069898
v -0.316451 -0.080850 -0.070081
v -0.317821 -0.068803 0.069731
v -0.317183 -0.071177 -0.070248
v -0.312014 -0.035991 0.069200
v -0.311377 -0.038365 -0.070777
v -0.295964 -0.007358 0.068788
v -0.295327 -0.009732 -0.071190
v -0.271721 0.018122 0.068467
v -0.271083 0.015748 -0.071512
v -0.241331 0.041477 0.068209
v -0.240694 0.039104 -0.071770
v -0.206846 0.063736 0.067988
v -0.206208 0.061362 -0.071991
v -0.170310 0.085925 0.067778
v -0.169673 0.083551 -0.072200
v -0.133775 0.109072 0.067552
v -0.133138 0.106698 -0.072427
v -0.099288 0.134205 0.067283
v -0.098651 0.131831 -0.072696
v -0.068900 0.162351 0.066944
v -0.068262 0.159977 -0.073035
v -0.044655 0.194539 0.066508
v -0.044018 0.192165 -0.073470
v -0.028605 0.231795 0.065949
v -0.027967 0.229421 -0.074029
v -0.022797 0.275148 0.065241
v -0.022160 0.272774 -0.074738
v -0.024481 0.302042 0.064777
v -0.023844 0.299668 -0.075201
v -0.029446 0.327163 0.064329
v -0.028809 0.324789 -0.075650
v -0.037557 0.350402 0.063898
v -0.036920 0.348028 -0.076081
v -0.048679 0.371652 0.063486
v -0.048041 0.369278 -0.076492
v -0.062675 0.390805 0.063097
v -0.062038 0.388431 -0.076880
v -0.079411 0.407753 0.062734
v -0.078774 0.405380 -0.077244
v -0.098752 0.422390 0.062398
v -0.098115 0.420016 -0.077580
v -0.120562 0.434606 0.062092
v -0.119925 0.432232 -0.077887
v -0.144705 0.444295 0.061817
v -0.144068 0.441921 -0.078162
v -0.171046 0.451349 0.061578
v -0.170409 0.448975 -0.078401
v -0.199449 0.455660 0.061376
v -0.198812 0.453286 -0.078603
v -0.229781 0.457121 0.061212
v -0.229144 0.454748 -0.078766
v -0.242779 0.456788 0.061158
v -0.242142 0.454414 -0.078819
v -0.255762 0.455788 0.061116
v -0.255125 0.453414 -0.078861
v -0.268718 0.454122 0.061086
v -0.268081 0.451748 -0.078892
v -0.281633 0.451789 0.061066
v -0.280996 0.449415 -0.078912
v -0.294492 0.448789 0.061059
v -0.293855 0.446415 -0.078920
v -0.307281 0.445123 0.061063
v -0.306644 0.442749 -0.078916
v -0.319987 0.440790 0.061079
v -0.319350 0.438417 -0.078900
v -0.332597 0.435791 0.061106
v -0.331959 0.433417 -0.078872
v -0.345094 0.430125 0.061145
v -0.344457 0.427751 -0.078833
v -0.357467 0.423793 0.061196
v -0.356830 0.421419 -0.078782
v -0.369702 0.416794 0.061259
v -0.369064 0.414420 -0.078719
v -0.381783 0.409128 0.061334
v -0.381146 0.406754 -0.078644
v -0.381792 0.298144 0.063216
v -0.381154 0.295770 -0.076762
v -0.759346 0.446329 0.058984
v -0.758709 0.443955 -0.080994
v -0.791586 0.441105 0.058926
v -0.790949 0.438731 -0.081052
v -0.820543 0.432687 0.058937
v -0.819906 0.430314 -0.081042
v -0.846258 0.421312 0.059013
v -0.845621 0.418938 -0.080966
v -0.868781 0.407214 0.059149
v -0.868144 0.404840 -0.080829
v -0.888154 0.390631 0.059342
v -0.887517 0.388257 -0.080636
v -0.904424 0.371798 0.059588
v -0.903786 0.369424 -0.080391
v -0.917634 0.350951 0.059881
v -0.916997 0.348578 -0.080098
v -0.927831 0.328327 0.060218
v -0.927193 0.325954 -0.079760
v -0.935059 0.304162 0.060595
v -0.934421 0.301788 -0.079383
v -0.939364 0.278691 0.061008
v -0.938726 0.276317 -0.078971
v -0.940790 0.252151 0.061451
v -0.940152 0.249777 -0.078527
v -0.939284 0.225919 0.061903
v -0.938646 0.223545 -0.078075
v -0.934729 0.200857 0.062349
v -0.934091 0.198483 -0.077630
v -0.927076 0.177177 0.062785
v -0.926439 0.174803 -0.077194
v -0.916278 0.155091 0.063209
v -0.915641 0.152717 -0.076770
v -0.902286 0.134810 0.063617
v -0.901649 0.132436 -0.076362
v -0.885051 0.116545 0.064005
v -0.884413 0.114171 -0.075973
v -0.864523 0.100510 0.064371
v -0.863886 0.098136 -0.075608
v -0.840655 0.086915 0.064709
v -0.840018 0.084541 -0.075269
v -0.813398 0.075973 0.065019
v -0.812761 0.073599 -0.074959
v -0.782703 0.067895 0.065296
v -0.782066 0.065521 -0.074682
v -0.748522 0.062893 0.065536
v -0.747885 0.060519 -0.074442
v -0.710807 0.061178 0.065737
v -0.710169 0.058804 -0.074241
v -0.608808 0.061178 0.066202
v -0.608170 0.058804 -0.073777
v -0.608831 -0.233779 0.071204
v -0.608193 -0.236153 -0.068775
v -0.510832 -0.233779 0.071650
v -0.510194 -0.236153 -0.068329
v -0.510779 0.448123 0.060085
v -0.510142 0.445749 -0.079892
v -0.723777 0.448123 0.059115
v -0.723139 0.445749 -0.080862
v -0.719800 0.149166 0.064203
v -0.719162 0.146792 -0.075774
v -0.737496 0.149972 0.064110
v -0.736858 0.147598 -0.075869
v -0.754035 0.152369 0.063994
v -0.753398 0.149995 -0.075985
v -0.769346 0.156321 0.063857
v -0.768708 0.153947 -0.076122
v -0.783353 0.161793 0.063700
v -0.782716 0.159420 -0.076278
v -0.795986 0.168752 0.063525
v -0.795349 0.166378 -0.076454
v -0.807172 0.177162 0.063332
v -0.806534 0.174788 -0.076647
v -0.816836 0.186988 0.063121
v -0.816199 0.184614 -0.076858
v -0.824906 0.198196 0.062894
v -0.824269 0.195822 -0.077085
v -0.831310 0.210751 0.062652
v -0.830673 0.208377 -0.077327
v -0.835974 0.224618 0.062395
v -0.835336 0.222244 -0.077583
v -0.838825 0.239763 0.062126
v -0.838187 0.237389 -0.077853
v -0.839790 0.256150 0.061843
v -0.839153 0.253776 -0.078135
v -0.839206 0.268698 0.061633
v -0.838569 0.266324 -0.078346
v -0.837376 0.281211 0.061429
v -0.836739 0.278838 -0.078549
v -0.834178 0.293489 0.061236
v -0.833541 0.291115 -0.078743
v -0.829491 0.305328 0.061056
v -0.828853 0.302955 -0.078923
v -0.823192 0.316529 0.060895
v -0.822554 0.314155 -0.079084
v -0.815160 0.326890 0.060755
v -0.814523 0.324516 -0.079222
v -0.805274 0.336209 0.060642
v -0.804637 0.333836 -0.079336
v -0.793414 0.344286 0.060559
v -0.792777 0.341912 -0.079419
v -0.779456 0.350918 0.060511
v -0.778818 0.348544 -0.079468
v -0.763278 0.355904 0.060499
v -0.762641 0.353531 -0.079479
v -0.744762 0.359044 0.060531
v -0.744125 0.356670 -0.079448
v -0.723783 0.360135 0.060608
v -0.723146 0.357761 -0.079370
v -0.608785 0.360135 0.061132
v -0.608147 0.357761 -0.078847
v -0.608801 0.149166 0.064709
v -0.608164 0.146792 -0.075269
v -1.517821 -0.233779 0.067065
v -1.517184 -0.236153 -0.072913
v -1.426806 -0.032808 0.064070
v -1.426169 -0.035182 -0.075907
v -1.136809 -0.032808 0.065391
v -1.136172 -0.035182 -0.074587
v -1.050826 -0.233779 0.069191
v -1.050189 -0.236153 -0.070787
v -0.950827 -0.233779 0.069647
v -0.950190 -0.236153 -0.070332
v -1.243771 0.452122 0.056681
v -1.243134 0.449748 -0.083298
v -1.312770 0.452122 0.056367
v -1.312133 0.449748 -0.083612
v -1.617820 -0.233779 0.066610
v -1.617183 -0.236153 -0.073369
v -1.386800 0.055179 0.062761
v -1.386163 0.052805 -0.077218
v -1.276782 0.302144 0.059073
v -1.276145 0.299770 -0.080905
v -1.174802 0.055179 0.063726
v -1.174165 0.052805 -0.076253
v -2.253011 0.307833 0.054533
v -2.252373 0.305459 -0.085446
v -2.232683 0.318415 0.054445
v -2.232046 0.316041 -0.085533
v -2.212723 0.327906 0.054375
v -2.212086 0.325532 -0.085603
v -2.193066 0.336324 0.054322
v -2.192429 0.333950 -0.085656
v -2.173646 0.343687 0.054286
v -2.173008 0.341313 -0.085693
v -2.154394 0.350012 0.054266
v -2.153757 0.347638 -0.085713
v -2.135248 0.355316 0.054263
v -2.134611 0.352942 -0.085716
v -2.116139 0.359617 0.054277
v -2.115502 0.357243 -0.085702
v -2.097003 0.362932 0.054308
v -2.096366 0.360558 -0.085671
v -2.077774 0.365278 0.054356
v -2.077137 0.362904 -0.085623
v -2.058384 0.366673 0.054421
v -2.057747 0.364299 -0.085558
v -2.038769 0.367134 0.054502
v -2.038132 0.364760 -0.085476
v -2.000647 0.364864 0.054714
v -2.000010 0.362490 -0.085264
v -1.964456 0.358219 0.054991
v -1.963818 0.355845 -0.084987
v -1.930460 0.347450 0.055329
v -1.929823 0.345076 -0.084649
v -1.898921 0.332806 0.055721
v -1.898284 0.330432 -0.084258
v -1.870106 0.314538 0.056162
v -1.869469 0.312164 -0.083816
v -1.844277 0.292895 0.056647
v -1.843640 0.290521 -0.083332
v -1.821698 0.268128 0.057169
v -1.821061 0.265754 -0.082809
v -1.802633 0.240486 0.057725
v -1.801996 0.238112 -0.082253
v -1.787347 0.210219 0.058308
v -1.786710 0.207845 -0.081671
v -1.776102 0.177578 0.058913
v -1.775464 0.175204 -0.081065
v -1.769162 0.142812 0.059534
v -1.768525 0.140438 -0.080445
v -1.766792 0.106172 0.060165
v -1.766155 0.103798 -0.079812
v -1.769094 0.068941 0.060787
v -1.768457 0.066567 -0.079192
v -1.775854 0.033872 0.061351
v -1.775216 0.031498 -0.078627
v -1.786863 0.001171 0.061855
v -1.786226 -0.001203 -0.078123
v -1.801913 -0.028957 0.062298
v -1.801276 -0.031331 -0.077681
v -1.820797 -0.056308 0.062676
v -1.820160 -0.058682 -0.077303
v -1.843306 -0.080676 0.062986
v -1.842669 -0.083050 -0.076992
v -1.869231 -0.101858 0.063227
v -1.868594 -0.104232 -0.076750
v -1.898364 -0.119648 0.063396
v -1.897727 -0.122021 -0.076582
v -1.930497 -0.133841 0.063491
v -1.929860 -0.136214 -0.076487
v -1.965420 -0.144232 0.063508
v -1.964783 -0.146606 -0.076470
v -2.002928 -0.150617 0.063445
v -2.002290 -0.152991 -0.076532
v -2.042809 -0.152791 0.063301
v -2.042172 -0.155165 -0.076678
v -2.062197 -0.152231 0.063204
v -2.061560 -0.154605 -0.076775
v -2.081827 -0.150560 0.063085
v -2.081189 -0.152934 -0.076892
v -2.101653 -0.147792 0.062948
v -2.101015 -0.150166 -0.077030
v -2.121623 -0.143940 0.062792
v -2.120986 -0.146314 -0.077187
v -2.141690 -0.139020 0.062618
v -2.141053 -0.141394 -0.077361
v -2.161807 -0.133044 0.062424
v -2.161169 -0.135418 -0.077555
v -2.181923 -0.126026 0.062213
v -2.181286 -0.128400 -0.077765
v -2.201990 -0.117981 0.061986
v -2.201353 -0.120355 -0.077993
v -2.221960 -0.108922 0.061741
v -2.221323 -0.111296 -0.078237
v -2.241785 -0.098863 0.061481
v -2.241148 -0.101237 -0.078498
v -2.261414 -0.087819 0.061203
v -2.260777 -0.090193 -0.078774
v -2.280801 -0.075802 0.060912
v -2.280164 -0.078176 -0.079066
v -2.280809 -0.182787 0.062726
v -2.280172 -0.185161 -0.077252
v -2.263918 -0.191318 0.062948
v -2.263281 -0.193692 -0.077030
v -2.246681 -0.199381 0.063163
v -2.246043 -0.201755 -0.076816
v -2.228999 -0.206924 0.063371
v -2.228361 -0.209298 -0.076607
v -2.210775 -0.213893 0.063572
v -2.210138 -0.216267 -0.076406
v -2.191912 -0.220238 0.063766
v -2.191275 -0.222612 -0.076213
v -2.172314 -0.225905 0.063951
v -2.171676 -0.228279 -0.076027
v -2.151881 -0.230844 0.064128
v -2.151244 -0.233218 -0.075850
v -2.130518 -0.235001 0.064295
v -2.129880 -0.237375 -0.075682
v -2.108127 -0.238326 0.064454
v -2.107490 -0.240699 -0.075524
v -2.084612 -0.240764 0.064602
v -2.083974 -0.243138 -0.075376
v -2.059874 -0.242266 0.064741
v -2.059237 -0.244640 -0.075237
v -2.033817 -0.242778 0.064868
v -2.033179 -0.245152 -0.075111
v -1.972799 -0.238820 0.065079
v -1.972161 -0.241194 -0.074900
v -1.917668 -0.227526 0.065139
v -1.917031 -0.229900 -0.074840
v -1.868316 -0.209767 0.065061
v -1.867678 -0.212141 -0.074916
v -1.824629 -0.186416 0.064864
v -1.823992 -0.188790 -0.075113
v -1.786497 -0.158343 0.064562
v -1.785860 -0.160717 -0.075416
v -1.753810 -0.126420 0.064170
v -1.753173 -0.128794 -0.075809
v -1.726456 -0.091518 0.063702
v -1.725819 -0.093892 -0.076276
v -1.704324 -0.054509 0.063175
v -1.703687 -0.056883 -0.076803
v -1.687302 -0.016264 0.062604
v -1.686665 -0.018638 -0.077374
v -1.675282 0.022346 0.062004
v -1.674644 0.019972 -0.077974
v -1.668149 0.060449 0.061391
v -1.667511 0.058075 -0.078588
v -1.665794 0.097173 0.060778
v -1.665157 0.094799 -0.079200
v -1.669005 0.147944 0.059903
v -1.668368 0.145570 -0.080076
v -1.678420 0.196048 0.059044
v -1.677783 0.193674 -0.080935
v -1.693705 0.241152 0.058209
v -1.693067 0.238779 -0.081768
v -1.714520 0.282924 0.057406
v -1.713883 0.280550 -0.082572
v -1.740530 0.321030 0.056642
v -1.739893 0.318656 -0.083337
v -1.771398 0.355136 0.055922
v -1.770761 0.352762 -0.084056
v -1.806787 0.384910 0.055256
v -1.806150 0.382536 -0.084721
v -1.846361 0.410017 0.054651
v -1.845724 0.407643 -0.085327
v -1.889782 0.430125 0.054112
v -1.889145 0.427751 -0.085866
v -1.936713 0.444901 0.053648
v -1.936076 0.442527 -0.086331
v -1.986819 0.454011 0.053266
v -1.986182 0.451637 -0.086713
v -2.039762 0.457121 0.052972
v -2.039125 0.454748 -0.087007
v -2.057295 0.456764 0.052898
v -2.056658 0.454391 -0.087081
v -2.074943 0.455682 0.052835
v -2.074306 0.453308 -0.087143
v -2.092778 0.453856 0.052785
v -2.092141 0.451482 -0.087193
v -2.110873 0.451270 0.052747
v -2.110236 0.448897 -0.087232
v -2.129302 0.447907 0.052720
v -2.128665 0.445533 -0.087259
v -2.148137 0.443748 0.052705
v -2.147500 0.441374 -0.087273
v -2.167451 0.438777 0.052701
v -2.166814 0.436404 -0.087277
v -2.187319 0.432977 0.052709
v -2.186682 0.430603 -0.087270
v -2.207810 0.426329 0.052728
v -2.207173 0.423955 -0.087250
v -2.228999 0.418817 0.052759
v -2.228362 0.416443 -0.087219
v -2.250960 0.410423 0.052802
v -2.250322 0.408049 -0.087177
v -2.273764 0.401129 0.052855
v -2.273127 0.398756 -0.087123
v -2.273772 0.296145 0.054636
v -2.273135 0.293771 -0.085342
v -2.498765 0.360135 0.052527
v -2.498128 0.357761 -0.087452
v -2.498781 0.154165 0.056020
v -2.498144 0.151791 -0.083959
v -2.777778 0.154165 0.054749
v -2.777141 0.151791 -0.085229
v -2.777785 0.066178 0.056241
v -2.777147 0.063804 -0.083737
v -2.498788 0.066178 0.057512
v -2.498150 0.063804 -0.082467
v -2.498804 -0.145792 0.061107
v -2.498167 -0.148166 -0.078872
v -2.796801 -0.145792 0.059750
v -2.796164 -0.148166 -0.080229
v -2.796808 -0.233779 0.061242
v -2.796170 -0.236153 -0.078737
v -2.400812 -0.233779 0.063045
v -2.400175 -0.236153 -0.076934
v -2.400759 0.448123 0.051480
v -2.400122 0.445749 -0.088498
v -2.787755 0.448123 0.049718
v -2.787118 0.445749 -0.090260
v -2.787762 0.360135 0.051211
v -2.787125 0.357761 -0.088768
v -2.976817 -0.374759 0.062813
v -2.976180 -0.377133 -0.077165
v -2.976760 0.368134 0.050214
v -2.976122 0.365760 -0.089764
v -2.839761 0.368134 0.050838
v -2.839123 0.365760 -0.089140
v -2.839755 0.448123 0.049481
v -2.839117 0.445749 -0.090496
v -3.072752 0.448123 0.048420
v -3.072115 0.445749 -0.091557
v -3.072822 -0.454748 0.063732
v -3.072185 -0.457121 -0.076246
v -2.839824 -0.454748 0.064793
v -2.839187 -0.457121 -0.075186
v -2.839818 -0.374759 0.063437
v -2.839181 -0.377133 -0.076542
vn 0.0046 -0.0169 -0.9998
vn 0.0045 -0.0170 -0.9998
vn 0.0046 -0.0170 -0.9998
vn 0.0046 -0.0168 -0.9998
vn 0.0046 -0.0171 -0.9998
vn 0.0046 -0.0172 -0.9998
vn 0.0045 -0.0169 -0.9998
vn 0.0046 -0.0167 -0.9998
vn 0.0045 -0.0168 -0.9998
vn 0.0045 -0.0171 -0.9998
vn 0.0045 -0.0172 -0.9998
vn -0.0046 0.0170 0.9998
vn -0.0046 0.0169 0.9998
vn -0.0045 0.0170 0.9998
vn -0.0046 0.0168 0.9998
vn -0.0046 0.0171 0.9998
vn -0.0045 0.0168 0.9998
vn -0.0045 0.0169 0.9998
vn -0.0046 0.0172 0.9998
vn -0.0045 0.0172 0.9998
vn -0.0045 0.0171 0.9998
vn -0.0045 0.0173 0.9998
vn -0.0046 0.0174 0.9998
vn -0.0046 0.0167 0.9998
vn -0.0045 0.0167 0.9999
vn -0.7072 -0.7070 0.0088
vn -0.7070 0.7070 -0.0152
vn 0.7070 -0.7070 0.0152
vn 0.7072 0.7070 -0.0088
vn -0.1053 0.9943 -0.0173
vn -0.2199 0.9754 -0.0175
vn -0.3426 0.9393 -0.0175
vn -0.4687 0.8832 -0.0171
vn -0.5921 0.8057 -0.0164
vn -0.7055 0.7085 -0.0152
vn -0.8029 0.5959 -0.0138
vn -0.8804 0.4741 -0.0120
vn -0.9369 0.3493 -0.0102
vn -0.9739 0.2269 -0.0083
vn -0.9939 0.1102 -0.0064
vn -1.0000 -0.0019 -0.0045
vn -0.9930 -0.1183 -0.0025
vn -0.9699 -0.2437 -0.0003
vn -0.9273 -0.3743 0.0021
vn -0.8632 -0.5049 0.0046
vn -0.7775 -0.6288 0.0071
vn -0.6734 -0.7392 0.0095
vn -0.5568 -0.8305 0.0116
vn -0.4348 -0.9004 0.0133
vn -0.3142 -0.9492 0.0147
vn -0.2001 -0.9797 0.0157
vn -0.0953 -0.9953 0.0164
vn -0.0228 -0.9996 0.0168
vn -0.0251 0.9995 -0.0171
vn 0.0228 0.9996 -0.0168
vn 0.0947 0.9954 -0.0165
vn 0.1971 0.9803 -0.0157
vn 0.3076 0.9514 -0.0147
vn 0.4242 0.9055 -0.0134
vn 0.5432 0.8395 -0.0118
vn 0.6589 0.7522 -0.0098
vn 0.7645 0.6445 -0.0075
vn 0.8537 0.5208 -0.0049
vn 0.9218 0.3876 -0.0024
vn 0.9676 0.2525 0.0001
vn 0.9925 0.1222 0.0024
vn 1.0000 0.0063 0.0044
vn 0.9954 -0.0956 0.0062
vn 0.9801 -0.1986 0.0078
vn 0.9505 -0.3105 0.0096
vn 0.9028 -0.4299 0.0114
vn 0.8332 -0.5527 0.0132
vn 0.7404 -0.6720 0.0148
vn 0.6264 -0.7794 0.0161
vn 0.4975 -0.8673 0.0170
vn 0.3628 -0.9317 0.0175
vn 0.2313 -0.9727 0.0175
vn 0.1097 -0.9938 0.0174
vn 0.0259 -0.9995 0.0171
vn -0.0933 0.9955 -0.0173
vn -0.1941 0.9808 -0.0175
vn -0.3027 0.9529 -0.0175
vn -0.4172 0.9087 -0.0173
vn -0.5343 0.8451 -0.0168
vn -0.6490 0.7607 -0.0159
vn -0.7549 0.6557 -0.0146
vn -0.8457 0.5335 -0.0129
vn -0.9164 0.4001 -0.0110
vn -0.9649 0.2626 -0.0088
vn -0.9918 0.1279 -0.0067
vn -0.9999 0.0090 -0.0047
vn -0.9960 -0.0898 -0.0030
vn -0.9830 -0.1836 -0.0014
vn -0.9599 -0.2803 0.0004
vn -0.9258 -0.3779 0.0022
vn -0.8806 -0.4738 0.0040
vn -0.8247 -0.5655 0.0058
vn -0.7597 -0.6503 0.0076
vn -0.6872 -0.7264 0.0092
vn -0.6098 -0.7925 0.0107
vn -0.5298 -0.8480 0.0120
vn -0.4492 -0.8933 0.0131
vn -0.9951 -0.0990 -0.0029
vn -0.6079 0.7939 -0.0162
vn -0.6591 0.7519 -0.0158
vn -0.7038 0.7103 -0.0152
vn -0.7417 0.6706 -0.0148
vn -0.7728 0.6344 -0.0143
vn -0.7977 0.6029 -0.0139
vn -0.8170 0.5765 -0.0135
vn -0.8314 0.5555 -0.0132
vn -0.8416 0.5399 -0.0130
vn -0.8482 0.5295 -0.0128
vn -0.8517 0.5238 -0.0128
vn -0.8509 0.5252 -0.0128
vn -0.8467 0.5319 -0.0129
vn -0.8419 0.5396 -0.0130
vn -0.8365 0.5478 -0.0131
vn -0.8309 0.5562 -0.0132
vn -0.8256 0.5642 -0.0133
vn -0.8208 0.5711 -0.0134
vn -0.8168 0.5767 -0.0135
vn -0.8138 0.5809 -0.0136
vn -0.8118 0.5838 -0.0136
vn -0.8107 0.5853 -0.0136
vn -0.8102 0.5860 -0.0136
vn -0.8906 -0.4548 0.0037
vn -0.8905 -0.4549 0.0037
vn 0.4791 -0.8776 0.0171
vn 0.8374 -0.5464 0.0131
vn 0.8245 -0.5657 0.0133
vn 0.8029 -0.5959 0.0138
vn 0.7739 -0.6331 0.0143
vn 0.7347 -0.6782 0.0148
vn 0.6817 -0.7315 0.0155
vn 0.6109 -0.7915 0.0162
vn 0.5198 -0.8541 0.0169
vn 0.4099 -0.9120 0.0173
vn 0.2895 -0.9570 0.0175
vn 0.1727 -0.9848 0.0175
vn 0.0747 -0.9971 0.0172
vn 0.0160 -0.9997 0.0170
vn -0.0224 0.9996 -0.0171
vn 0.0222 0.9996 -0.0169
vn 0.0944 0.9954 -0.0165
vn 0.2018 0.9793 -0.0157
vn 0.3226 0.9464 -0.0146
vn 0.4530 0.8914 -0.0131
vn 0.5852 0.8108 -0.0111
vn 0.7088 0.7053 -0.0087
vn 0.8139 0.5809 -0.0061
vn 0.8942 0.4476 -0.0035
vn 0.9489 0.3156 -0.0010
vn 0.9813 0.1923 0.0012
vn 0.9967 0.0817 0.0032
vn 0.9998 -0.0184 0.0049
vn 0.9923 -0.1239 0.0066
vn 0.9692 -0.2461 0.0086
vn 0.9244 -0.3812 0.0107
vn 0.8532 -0.5214 0.0127
vn 0.7555 -0.6550 0.0145
vn 0.6373 -0.7704 0.0160
vn 0.5095 -0.8603 0.0169
vn 0.3834 -0.9234 0.0174
vn 0.2671 -0.9635 0.0176
vn 0.1644 -0.9862 0.0175
vn 0.0761 -0.9969 0.0173
vn 0.0177 -0.9997 0.0170
vn 0.6451 -0.7639 0.0159
vn 0.5981 -0.8012 0.0163
vn 0.5471 -0.8369 0.0167
vn 0.4924 -0.8702 0.0170
vn 0.4344 -0.9006 0.0173
vn 0.3737 -0.9274 0.0174
vn 0.3112 -0.9502 0.0175
vn 0.2477 -0.9687 0.0176
vn 0.1841 -0.9828 0.0175
vn 0.1212 -0.9925 0.0174
vn 0.0598 -0.9981 0.0172
vn -0.0073 -0.9998 0.0169
vn -0.0901 -0.9958 0.0165
vn -0.1842 -0.9828 0.0158
vn -0.2829 -0.9590 0.0150
vn -0.3856 -0.9225 0.0139
vn -0.4916 -0.8708 0.0125
vn -0.5986 -0.8010 0.0109
vn -0.7034 -0.7108 0.0089
vn -0.8008 -0.5989 0.0065
vn -0.8845 -0.4664 0.0039
vn -0.9483 -0.3175 0.0011
vn -0.9872 -0.1593 -0.0018
vn -0.9984 0.0556 -0.0055
vn -0.9313 0.3640 -0.0104
vn -0.7737 0.6334 -0.0143
vn -0.6273 0.7786 -0.0161
vn -0.5366 0.8437 -0.0168
vn -0.5005 0.8656 -0.0170
vn -0.5105 0.8597 -0.0169
vn -0.5616 0.8272 -0.0166
vn -0.6500 0.7598 -0.0158
vn -0.7661 0.6426 -0.0144
vn -0.8854 0.4647 -0.0119
vn -0.9712 0.2381 -0.0085
vn -0.9996 0.0262 -0.0050
vn -0.9918 -0.1281 -0.0023
vn -0.9663 -0.2574 -0.0000
vn -0.9232 -0.3844 0.0023
vn -0.8627 -0.5058 0.0046
vn -0.7861 -0.6181 0.0069
vn -0.6953 -0.7187 0.0090
vn -0.5927 -0.8053 0.0110
vn -0.4811 -0.8766 0.0127
vn -0.3633 -0.9316 0.0141
vn -0.2420 -0.9701 0.0153
vn -0.1202 -0.9926 0.0163
vn -0.0183 -0.9997 0.0169
vn 0.0470 -0.9987 0.0172
vn 0.0968 -0.9952 0.0173
vn 0.1491 -0.9887 0.0174
vn 0.2032 -0.9790 0.0175
vn 0.2585 -0.9659 0.0176
vn 0.3139 -0.9493 0.0175
vn 0.3685 -0.9295 0.0174
vn 0.4214 -0.9067 0.0173
vn 0.4717 -0.8816 0.0171
vn 0.5188 -0.8547 0.0169
vn 0.5622 -0.8268 0.0166
vn 0.8896 -0.4566 0.0118
vn 0.3394 0.9405 -0.0144
vn -0.7499 0.6613 -0.0146
vn -0.7073 0.7067 -0.0152
vn -0.6595 0.7515 -0.0157
vn -0.6062 0.7952 -0.0162
vn -0.5472 0.8368 -0.0167
vn -0.4825 0.8757 -0.0170
vn -0.4121 0.9110 -0.0173
vn -0.3366 0.9415 -0.0175
vn -0.2565 0.9664 -0.0176
vn -0.1729 0.9848 -0.0175
vn -0.0869 0.9961 -0.0173
vn 0.0049 0.9998 -0.0169
vn 0.1097 0.9938 -0.0164
vn 0.2247 0.9743 -0.0155
vn 0.3427 0.9393 -0.0144
vn 0.4599 0.8879 -0.0130
vn 0.5722 0.8201 -0.0113
vn 0.6759 0.7370 -0.0094
vn 0.7681 0.6403 -0.0074
vn 0.8467 0.5320 -0.0052
vn 0.9105 0.4134 -0.0029
vn 0.9585 0.2852 -0.0005
vn 0.9891 0.1473 0.0020
vn 0.9988 -0.0497 0.0054
vn 0.9417 -0.3362 0.0100
vn 0.8047 -0.5936 0.0137
vn 0.6689 -0.7432 0.0156
vn 0.5763 -0.8171 0.0165
vn 0.5307 -0.8474 0.0168
vn 0.5272 -0.8496 0.0168
vn 0.5624 -0.8267 0.0166
vn 0.6353 -0.7721 0.0160
vn 0.7421 -0.6701 0.0147
vn 0.8647 -0.5021 0.0125
vn 0.9638 -0.2666 0.0089
vn 0.9994 -0.0352 0.0051
vn 0.9917 0.1285 0.0023
vn 0.9650 0.2623 -0.0001
vn 0.9175 0.3976 -0.0026
vn 0.8491 0.5282 -0.0051
vn 0.7616 0.6480 -0.0075
vn 0.6593 0.7518 -0.0097
vn 0.5474 0.8368 -0.0117
vn 0.4316 0.9020 -0.0133
vn 0.3162 0.9486 -0.0146
vn 0.2048 0.9787 -0.0157
vn 0.0993 0.9949 -0.0164
vn 0.0113 0.9998 -0.0169
vn -0.0512 0.9985 -0.0172
vn -0.1021 0.9946 -0.0173
vn -0.1526 0.9881 -0.0175
vn -0.2025 0.9791 -0.0175
vn -0.2514 0.9677 -0.0176
vn -0.2992 0.9540 -0.0175
vn -0.3457 0.9382 -0.0175
vn -0.3908 0.9203 -0.0174
vn -0.4343 0.9006 -0.0173
vn -0.4762 0.8792 -0.0171
vn -0.5163 0.8562 -0.0169
vn -0.8763 0.4817 -0.0122
vn -0.4079 -0.9129 0.0136
vn -0.4916 -0.8707 0.0125
vn -0.9984 0.0555 -0.0055
vn 0.9987 -0.0497 0.0054
vn 0.8491 0.5283 -0.0051
vn 0.9105 0.4135 -0.0029
vn 0.9891 0.1472 0.0020
vn 0.9650 0.2624 -0.0001
vn 0.9028 -0.4300 0.0114
vn 0.8333 -0.5527 0.0132
vn 0.5419 -0.8402 0.0167
vn -0.5508 -0.8346 0.0116
vn 0.8345 -0.5509 0.0131
vn 0.5511 0.8344 -0.0116
vn -0.5448 0.8384 -0.0167
vn -0.8386 -0.5448 0.0054
vn 0.8387 0.5445 -0.0054
vn -0.0138 -0.9998 0.0169
vn -0.8311 0.5559 -0.0132
vn 0.4762 -0.8792 0.0171
vn 0.4457 -0.8950 0.0172
vn 0.4116 -0.9112 0.0173
vn 0.3742 -0.9272 0.0174
vn 0.3741 -0.9272 0.0174
vn 0.3334 -0.9426 0.0175
vn 0.2896 -0.9570 0.0175
vn 0.2433 -0.9698 0.0176
vn 0.1951 -0.9806 0.0175
vn 0.1459 -0.9891 0.0174
vn 0.0964 -0.9952 0.0173
vn 0.0476 -0.9987 0.0172
vn -0.0181 -0.9997 0.0169
vn -0.1203 -0.9926 0.0163
vn -0.2419 -0.9702 0.0154
vn -0.3624 -0.9319 0.0142
vn -0.4794 -0.8775 0.0127
vn -0.5902 -0.8072 0.0110
vn -0.6923 -0.7216 0.0091
vn -0.7829 -0.6221 0.0070
vn -0.8599 -0.5104 0.0047
vn -0.9212 -0.3891 0.0024
vn -0.9653 -0.2613 -0.0000
vn -0.9914 -0.1305 -0.0023
vn -1.0000 -0.0015 -0.0045
vn -0.9921 0.1256 -0.0066
vn -0.9670 0.2546 -0.0087
vn -0.9234 0.3837 -0.0107
vn -0.8609 0.5086 -0.0125
vn -0.7807 0.6247 -0.0141
vn -0.6853 0.7281 -0.0155
vn -0.5783 0.8157 -0.0165
vn -0.4636 0.8859 -0.0171
vn -0.3453 0.9383 -0.0175
vn -0.2269 0.9738 -0.0175
vn -0.1112 0.9936 -0.0174
vn -0.0127 0.9998 -0.0170
vn 0.0570 0.9982 -0.0167
vn 0.1117 0.9936 -0.0163
vn 0.1640 0.9863 -0.0160
vn 0.2139 0.9767 -0.0156
vn 0.2616 0.9651 -0.0152
vn 0.3073 0.9515 -0.0147
vn 0.3509 0.9363 -0.0143
vn 0.3928 0.9195 -0.0138
vn 0.4330 0.9013 -0.0133
vn 0.4716 0.8817 -0.0128
vn 0.5088 0.8608 -0.0123
vn -0.4863 0.8736 -0.0170
vn -0.8518 -0.5239 0.0050
vn -0.4374 -0.8992 0.0133
vn -0.4082 -0.9128 0.0136
vn -0.3750 -0.9269 0.0140
vn -0.3382 -0.9410 0.0144
vn -0.2985 -0.9543 0.0148
vn -0.2565 -0.9664 0.0152
vn -0.2131 -0.9769 0.0156
vn -0.1691 -0.9855 0.0159
vn -0.1251 -0.9920 0.0163
vn -0.0820 -0.9965 0.0165
vn -0.0402 -0.9991 0.0168
vn 0.0225 -0.9996 0.0171
vn 0.1330 -0.9910 0.0174
vn 0.2703 -0.9626 0.0176
vn 0.4060 -0.9137 0.0173
vn 0.5335 -0.8456 0.0168
vn 0.6474 -0.7620 0.0159
vn 0.7445 -0.6674 0.0147
vn 0.8243 -0.5660 0.0134
vn 0.8875 -0.4606 0.0119
vn 0.9358 -0.3524 0.0102
vn 0.9705 -0.2409 0.0085
vn 0.9922 -0.1241 0.0066
vn 1.0000 -0.0004 0.0046
vn 0.9918 0.1279 0.0023
vn 0.9664 0.2571 -0.0000
vn 0.9232 0.3843 -0.0023
vn 0.8625 0.5060 -0.0047
vn 0.7856 0.6187 -0.0069
vn 0.6943 0.7197 -0.0090
vn 0.5912 0.8065 -0.0110
vn 0.4791 0.8777 -0.0127
vn 0.3611 0.9324 -0.0142
vn 0.2402 0.9706 -0.0154
vn 0.1191 0.9928 -0.0163
vn 0.0192 0.9997 -0.0169
vn -0.0407 0.9990 -0.0171
vn -0.0815 0.9965 -0.0173
vn -0.1216 0.9924 -0.0174
vn -0.1605 0.9869 -0.0175
vn -0.1976 0.9801 -0.0175
vn -0.2324 0.9725 -0.0175
vn -0.2647 0.9642 -0.0176
vn -0.2944 0.9555 -0.0175
vn -0.3214 0.9468 -0.0175
vn -0.3456 0.9382 -0.0175
vn -0.3672 0.9300 -0.0174
vn -0.8298 0.5578 -0.0132
vn -0.5047 -0.8632 0.0123
vt 0.285714 0.000000
vt 0.571429 0.000000
vt 0.428571 0.000000
vt 0.142857 0.000000
vt 0.714286 0.000000
vt 0.000000 0.000000
vt 0.857143 0.000000
vt 1.000000 0.000000
vt 0.727273 0.000000
vt 0.818182 0.000000
vt 0.909091 0.000000
vt 0.090909 0.000000
vt 0.363636 0.000000
vt 0.181818 0.000000
vt 0.272727 0.000000
vt 0.454545 0.000000
vt 0.545455 0.000000
vt 0.636364 0.000000
vt 0.855670 0.000000
vt 0.876289 0.000000
vt 0.865979 0.000000
vt 0.886598 0.000000
vt 0.896907 0.000000
vt 0.845361 0.000000
vt 0.907216 0.000000
vt 0.917526 0.000000
vt 0.927835 0.000000
vt 0.835052 0.000000
vt 0.938144 0.000000
vt 0.948454 0.000000
vt 0.958763 0.000000
vt 0.824742 0.000000
vt 0.969072 0.000000
vt 0.979381 0.000000
vt 0.989691 0.000000
vt 0.814433 0.000000
vt 0.092784 0.000000
vt 0.082474 0.000000
vt 0.072165 0.000000
vt 0.061856 0.000000
vt 0.051546 0.000000
vt 0.041237 0.000000
vt 0.030928 0.000000
vt 0.020619 0.000000
vt 0.010309 0.000000
vt 0.804124 0.000000
vt 0.113402 0.000000
vt 0.103093 0.000000
vt 0.123711 0.000000
vt 0.134021 0.000000
vt 0.144330 0.000000
vt 0.793814 0.000000
vt 0.154639 0.000000
vt 0.164948 0.000000
vt 0.783505 0.000000
vt 0.175258 0.000000
vt 0.185567 0.000000
vt 0.773196 0.000000
vt 0.195876 0.000000
vt 0.762887 0.000000
vt 0.206186 0.000000
vt 0.216495 0.000000
vt 0.752577 0.000000
vt 0.226804 0.000000
vt 0.742268 0.000000
vt 0.237113 0.000000
vt 0.247423 0.000000
vt 0.731959 0.000000
vt 0.257732 0.000000
vt 0.721649 0.000000
vt 0.268041 0.000000
vt 0.711340 0.000000
vt 0.278351 0.000000
vt 0.701031 0.000000
vt 0.288660 0.000000
vt 0.690722 0.000000
vt 0.298969 0.000000
vt 0.474227 0.000000
vt 0.494845 0.000000
vt 0.484536 0.000000
vt 0.309278 0.000000
vt 0.463918 0.000000
vt 0.680412 0.000000
vt 0.453608 0.000000
vt 0.319588 0.000000
vt 0.443299 0.000000
vt 0.432990 0.000000
vt 0.329897 0.000000
vt 0.422680 0.000000
vt 0.670103 0.000000
vt 0.412371 0.000000
vt 0.340206 0.000000
vt 0.402062 0.000000
vt 0.391753 0.000000
vt 0.350515 0.000000
vt 0.381443 0.000000
vt 0.371134 0.000000
vt 0.360825 0.000000
vt 0.659794 0.000000
vt 0.505155 0.000000
vt 0.649485 0.000000
vt 0.515464 0.000000
vt 0.525773 0.000000
vt 0.536082 0.000000
vt 0.639175 0.000000
vt 0.546392 0.000000
vt 0.556701 0.000000
vt 0.567010 0.000000
vt 0.628866 0.000000
vt 0.577320 0.000000
vt 0.587629 0.000000
vt 0.597938 0.000000
vt 0.618557 0.000000
vt 0.608247 0.000000
vt 0.400000 0.000000
vt 0.600000 0.000000
vt 0.500000 0.000000
vt 0.900000 0.000000
vt 0.700000 0.000000
vt 0.800000 0.000000
vt 0.200000 0.000000
vt 0.100000 0.000000
vt 0.300000 0.000000
vt 0.472727 0.000000
vt 0.981818 0.000000
vt 0.490909 0.000000
vt 0.509091 0.000000
vt 0.018182 0.000000
vt 0.036364 0.000000
vt 0.054545 0.000000
vt 0.072727 0.000000
vt 0.109091 0.000000
vt 0.963636 0.000000
vt 0.127273 0.000000
vt 0.945455 0.000000
vt 0.927273 0.000000
vt 0.145455 0.000000
vt 0.890909 0.000000
vt 0.872727 0.000000
vt 0.854545 0.000000
vt 0.163636 0.000000
vt 0.836364 0.000000
vt 0.781818 0.000000
vt 0.763636 0.000000
vt 0.745455 0.000000
vt 0.218182 0.000000
vt 0.709091 0.000000
vt 0.236364 0.000000
vt 0.690909 0.000000
vt 0.672727 0.000000
vt 0.254545 0.000000
vt 0.654545 0.000000
vt 0.618182 0.000000
vt 0.581818 0.000000
vt 0.563636 0.000000
vt 0.290909 0.000000
vt 0.527273 0.000000
vt 0.436364 0.000000
vt 0.309091 0.000000
vt 0.327273 0.000000
vt 0.345455 0.000000
vt 0.381818 0.000000
vt 0.418182 0.000000
vt 0.884298 0.000000
vt 0.900826 0.000000
vt 0.892562 0.000000
vt 0.917355 0.000000
vt 0.876033 0.000000
vt 0.925620 0.000000
vt 0.933884 0.000000
vt 0.867769 0.000000
vt 0.942149 0.000000
vt 0.950413 0.000000
vt 0.859504 0.000000
vt 0.958678 0.000000
vt 0.966942 0.000000
vt 0.851240 0.000000
vt 0.975207 0.000000
vt 0.983471 0.000000
vt 0.842975 0.000000
vt 0.991736 0.000000
vt 0.057851 0.000000
vt 0.049587 0.000000
vt 0.041322 0.000000
vt 0.033058 0.000000
vt 0.024793 0.000000
vt 0.016529 0.000000
vt 0.008264 0.000000
vt 0.834711 0.000000
vt 0.074380 0.000000
vt 0.066116 0.000000
vt 0.826446 0.000000
vt 0.082645 0.000000
vt 0.099174 0.000000
vt 0.107438 0.000000
vt 0.115702 0.000000
vt 0.123967 0.000000
vt 0.132231 0.000000
vt 0.140496 0.000000
vt 0.809917 0.000000
vt 0.148760 0.000000
vt 0.157025 0.000000
vt 0.165289 0.000000
vt 0.801653 0.000000
vt 0.173554 0.000000
vt 0.793388 0.000000
vt 0.190083 0.000000
vt 0.198347 0.000000
vt 0.785124 0.000000
vt 0.206612 0.000000
vt 0.214876 0.000000
vt 0.776860 0.000000
vt 0.223140 0.000000
vt 0.768595 0.000000
vt 0.231405 0.000000
vt 0.239669 0.000000
vt 0.760331 0.000000
vt 0.247934 0.000000
vt 0.752066 0.000000
vt 0.256198 0.000000
vt 0.743802 0.000000
vt 0.264463 0.000000
vt 0.735537 0.000000
vt 0.719008 0.000000
vt 0.280992 0.000000
vt 0.710744 0.000000
vt 0.702479 0.000000
vt 0.289256 0.000000
vt 0.694215 0.000000
vt 0.487603 0.000000
vt 0.504132 0.000000
vt 0.495868 0.000000
vt 0.297521 0.000000
vt 0.685950 0.000000
vt 0.512397 0.000000
vt 0.677686 0.000000
vt 0.305785 0.000000
vt 0.520661 0.000000
vt 0.669421 0.000000
vt 0.528926 0.000000
vt 0.661157 0.000000
vt 0.652893 0.000000
vt 0.314050 0.000000
vt 0.537190 0.000000
vt 0.644628 0.000000
vt 0.553719 0.000000
vt 0.322314 0.000000
vt 0.628099 0.000000
vt 0.561983 0.000000
vt 0.619835 0.000000
vt 0.570248 0.000000
vt 0.611570 0.000000
vt 0.578512 0.000000
vt 0.603306 0.000000
vt 0.586777 0.000000
vt 0.330579 0.000000
vt 0.595041 0.000000
vt 0.338843 0.000000
vt 0.479339 0.000000
vt 0.471074 0.000000
vt 0.347107 0.000000
vt 0.462810 0.000000
vt 0.355372 0.000000
vt 0.446281 0.000000
vt 0.438017 0.000000
vt 0.429752 0.000000
vt 0.371901 0.000000
vt 0.421488 0.000000
vt 0.413223 0.000000
vt 0.380165 0.000000
vt 0.404959 0.000000
vt 0.396694 0.000000
vt 0.388430 0.000000
vt 0.688172 0.000000
vt 0.989247 0.000000
vt 0.698925 0.000000
vt 0.709677 0.000000
vt 0.010753 0.000000
vt 0.021505 0.000000
vt 0.032258 0.000000
vt 0.043011 0.000000
vt 0.053763 0.000000
vt 0.064516 0.000000
vt 0.978495 0.000000
vt 0.075269 0.000000
vt 0.967742 0.000000
vt 0.956989 0.000000
vt 0.946237 0.000000
vt 0.086022 0.000000
vt 0.935484 0.000000
vt 0.924731 0.000000
vt 0.913979 0.000000
vt 0.096774 0.000000
vt 0.903226 0.000000
vt 0.892473 0.000000
vt 0.881720 0.000000
vt 0.107527 0.000000
vt 0.870968 0.000000
vt 0.860215 0.000000
vt 0.118280 0.000000
vt 0.849462 0.000000
vt 0.838710 0.000000
vt 0.129032 0.000000
vt 0.827957 0.000000
vt 0.139785 0.000000
vt 0.817204 0.000000
vt 0.806452 0.000000
vt 0.150538 0.000000
vt 0.795699 0.000000
vt 0.161290 0.000000
vt 0.784946 0.000000
vt 0.172043 0.000000
vt 0.774194 0.000000
vt 0.763441 0.000000
vt 0.182796 0.000000
vt 0.752688 0.000000
vt 0.741935 0.000000
vt 0.193548 0.000000
vt 0.731183 0.000000
vt 0.720430 0.000000
vt 0.666667 0.000000
vt 0.204301 0.000000
vt 0.215054 0.000000
vt 0.225806 0.000000
vt 0.236559 0.000000
vt 0.247312 0.000000
vt 0.258065 0.000000
vt 0.268817 0.000000
vt 0.655914 0.000000
vt 0.645161 0.000000
vt 0.279570 0.000000
vt 0.677419 0.000000
vt 0.634409 0.000000
vt 0.623656 0.000000
vt 0.612903 0.000000
vt 0.290323 0.000000
vt 0.602151 0.000000
vt 0.591398 0.000000
vt 0.301075 0.000000
vt 0.580645 0.000000
vt 0.311828 0.000000
vt 0.569892 0.000000
vt 0.322581 0.000000
vt 0.559140 0.000000
vt 0.333333 0.000000
vt 0.548387 0.000000
vt 0.344086 0.000000
vt 0.537634 0.000000
vt 0.354839 0.000000
vt 0.365591 0.000000
vt 0.526882 0.000000
vt 0.376344 0.000000
vt 0.516129 0.000000
vt 0.387097 0.000000
vt 0.397849 0.000000
vt 0.408602 0.000000
vt 0.419355 0.000000
vt 0.430108 0.000000
vt 0.440860 0.000000
vt 0.451613 0.000000
vt 0.462366 0.000000
vt 0.473118 0.000000
vt 0.483871 0.000000
vt 0.494624 0.000000
vt 0.505376 0.000000
vt 0.000000 1.000000
vt 0.125000 1.000000
vt 0.125000 0.000000
vt 0.250000 1.000000
vt 0.250000 0.000000
vt 0.375000 1.000000
vt 0.375000 0.000000
vt 0.500000 1.000000
vt 0.625000 1.000000
vt 0.625000 0.000000
vt 0.750000 1.000000
vt 0.750000 0.000000
vt 0.875000 1.000000
vt 0.875000 0.000000
vt 1.000000 1.000000
vt 0.034483 1.000000
vt 0.034483 0.000000
vt 0.068966 1.000000
vt 0.068966 0.000000
vt 0.103448 1.000000
vt 0.103448 0.000000
vt 0.137931 1.000000
vt 0.137931 0.000000
vt 0.172414 1.000000
vt 0.172414 0.000000
vt 0.206897 1.000000
vt 0.206897 0.000000
vt 0.241379 1.000000
vt 0.241379 0.000000
vt 0.275862 1.000000
vt 0.275862 0.000000
vt 0.310345 1.000000
vt 0.310345 0.000000
vt 0.344828 1.000000
vt 0.344828 0.000000
vt 0.379310 1.000000
vt 0.379310 0.000000
vt 0.413793 1.000000
vt 0.413793 0.000000
vt 0.448276 1.000000
vt 0.448276 0.000000
vt 0.482759 1.000000
vt 0.482759 0.000000
vt 0.517241 1.000000
vt 0.517241 0.000000
vt 0.551724 1.000000
vt 0.551724 0.000000
vt 0.586207 1.000000
vt 0.586207 0.000000
vt 0.620690 1.000000
vt 0.620690 0.000000
vt 0.655172 1.000000
vt 0.655172 0.000000
vt 0.689655 1.000000
vt 0.689655 0.000000
vt 0.724138 1.000000
vt 0.724138 0.000000
vt 0.758621 1.000000
vt 0.758621 0.000000
vt 0.793103 1.000000
vt 0.793103 0.000000
vt 0.827586 1.000000
vt 0.827586 0.000000
vt 0.862069 1.000000
vt 0.862069 0.000000
vt 0.896552 1.000000
vt 0.896552 0.000000
vt 0.931035 1.000000
vt 0.931035 0.000000
vt 0.965517 1.000000
vt 0.965517 0.000000
vt 0.037037 1.000000
vt 0.037037 0.000000
vt 0.074074 1.000000
vt 0.074074 0.000000
vt 0.111111 1.000000
vt 0.111111 0.000000
vt 0.148148 1.000000
vt 0.148148 0.000000
vt 0.185185 1.000000
vt 0.185185 0.000000
vt 0.222222 1.000000
vt 0.222222 0.000000
vt 0.259259 1.000000
vt 0.259259 0.000000
vt 0.296296 1.000000
vt 0.296296 0.000000
vt 0.333333 1.000000
vt 0.370370 1.000000
vt 0.370370 0.000000
vt 0.407407 1.000000
vt 0.407407 0.000000
vt 0.444444 1.000000
vt 0.444444 0.000000
vt 0.481481 1.000000
vt 0.481481 0.000000
vt 0.518519 1.000000
vt 0.518519 0.000000
vt 0.555556 1.000000
vt 0.555556 0.000000
vt 0.592593 1.000000
vt 0.592593 0.000000
vt 0.629630 1.000000
vt 0.629630 0.000000
vt 0.666667 1.000000
vt 0.703704 1.000000
vt 0.703704 0.000000
vt 0.740741 1.000000
vt 0.740741 0.000000
vt 0.777778 1.000000
vt 0.777778 0.000000
vt 0.814815 1.000000
vt 0.814815 0.000000
vt 0.851852 1.000000
vt 0.851852 0.000000
vt 0.888889 1.000000
vt 0.888889 0.000000
vt 0.925926 1.000000
vt 0.925926 0.000000
vt 0.962963 1.000000
vt 0.962963 0.000000
vt 0.014925 1.000000
vt 0.014925 0.000000
vt 0.029851 1.000000
vt 0.029851 0.000000
vt 0.044776 1.000000
vt 0.044776 0.000000
vt 0.059701 1.000000
vt 0.059701 0.000000
vt 0.074627 1.000000
vt 0.074627 0.000000
vt 0.089552 1.000000
vt 0.089552 0.000000
vt 0.104478 1.000000
vt 0.104478 0.000000
vt 0.119403 1.000000
vt 0.119403 0.000000
vt 0.134328 1.000000
vt 0.134328 0.000000
vt 0.149254 1.000000
vt 0.149254 0.000000
vt 0.164179 1.000000
vt 0.164179 0.000000
vt 0.179104 1.000000
vt 0.179104 0.000000
vt 0.194030 1.000000
vt 0.194030 0.000000
vt 0.208955 1.000000
vt 0.208955 0.000000
vt 0.223881 1.000000
vt 0.223881 0.000000
vt 0.238806 1.000000
vt 0.238806 0.000000
vt 0.253731 1.000000
vt 0.253731 0.000000
vt 0.268657 1.000000
vt 0.268657 0.000000
vt 0.283582 1.000000
vt 0.283582 0.000000
vt 0.298507 1.000000
vt 0.298507 0.000000
vt 0.313433 1.000000
vt 0.313433 0.000000
vt 0.328358 1.000000
vt 0.328358 0.000000
vt 0.343284 1.000000
vt 0.343284 0.000000
vt 0.358209 1.000000
vt 0.358209 0.000000
vt 0.373134 1.000000
vt 0.373134 0.000000
vt 0.388060 1.000000
vt 0.388060 0.000000
vt 0.402985 1.000000
vt 0.402985 0.000000
vt 0.417910 1.000000
vt 0.417910 0.000000
vt 0.432836 1.000000
vt 0.432836 0.000000
vt 0.447761 1.000000
vt 0.447761 0.000000
vt 0.462687 1.000000
vt 0.462687 0.000000
vt 0.477612 1.000000
vt 0.477612 0.000000
vt 0.492537 1.000000
vt 0.492537 0.000000
vt 0.507463 1.000000
vt 0.507463 0.000000
vt 0.522388 1.000000
vt 0.522388 0.000000
vt 0.537313 1.000000
vt 0.537313 0.000000
vt 0.552239 1.000000
vt 0.552239 0.000000
vt 0.567164 1.000000
vt 0.567164 0.000000
vt 0.582090 1.000000
vt 0.582090 0.000000
vt 0.597015 1.000000
vt 0.597015 0.000000
vt 0.611940 1.000000
vt 0.611940 0.000000
vt 0.626866 1.000000
vt 0.626866 0.000000
vt 0.641791 1.000000
vt 0.641791 0.000000
vt 0.656716 1.000000
vt 0.656716 0.000000
vt 0.671642 1.000000
vt 0.671642 0.000000
vt 0.686567 1.000000
vt 0.686567 0.000000
vt 0.701493 1.000000
vt 0.701493 0.000000
vt 0.716418 1.000000
vt 0.716418 0.000000
vt 0.731343 1.000000
vt 0.731343 0.000000
vt 0.746269 1.000000
vt 0.746269 0.000000
vt 0.761194 1.000000
vt 0.761194 0.000000
vt 0.776119 1.000000
vt 0.776119 0.000000
vt 0.791045 1.000000
vt 0.791045 0.000000
vt 0.805970 1.000000
vt 0.805970 0.000000
vt 0.820895 1.000000
vt 0.820895 0.000000
vt 0.835821 1.000000
vt 0.835821 0.000000
vt 0.850746 1.000000
vt 0.850746 0.000000
vt 0.865672 1.000000
vt 0.865672 0.000000
vt 0.880597 1.000000
vt 0.880597 0.000000
vt 0.895522 1.000000
vt 0.895522 0.000000
vt 0.910448 1.000000
vt 0.910448 0.000000
vt 0.925373 1.000000
vt 0.925373 0.000000
vt 0.940298 1.000000
vt 0.940298 0.000000
vt 0.955224 1.000000
vt 0.955224 0.000000
vt 0.970149 1.000000
vt 0.970149 0.000000
vt 0.985075 1.000000
vt 0.985075 0.000000
vt 0.083333 1.000000
vt 0.083333 0.000000
vt 0.166667 1.000000
vt 0.166667 0.000000
vt 0.416667 1.000000
vt 0.416667 0.000000
vt 0.583333 1.000000
vt 0.583333 0.000000
vt 0.833333 1.000000
vt 0.833333 0.000000
vt 0.916667 1.000000
vt 0.916667 0.000000
vt 0.008197 1.000000
vt 0.008197 0.000000
vt 0.016393 1.000000
vt 0.016393 0.000000
vt 0.024590 1.000000
vt 0.024590 0.000000
vt 0.032787 1.000000
vt 0.032787 0.000000
vt 0.040984 1.000000
vt 0.040984 0.000000
vt 0.049180 1.000000
vt 0.049180 0.000000
vt 0.057377 1.000000
vt 0.057377 0.000000
vt 0.065574 1.000000
vt 0.065574 0.000000
vt 0.073770 1.000000
vt 0.073770 0.000000
vt 0.081967 1.000000
vt 0.081967 0.000000
vt 0.090164 1.000000
vt 0.090164 0.000000
vt 0.098361 1.000000
vt 0.098361 0.000000
vt 0.106557 1.000000
vt 0.106557 0.000000
vt 0.114754 1.000000
vt 0.114754 0.000000
vt 0.122951 1.000000
vt 0.122951 0.000000
vt 0.131148 1.000000
vt 0.131148 0.000000
vt 0.139344 1.000000
vt 0.139344 0.000000
vt 0.147541 1.000000
vt 0.147541 0.000000
vt 0.155738 1.000000
vt 0.155738 0.000000
vt 0.163934 1.000000
vt 0.163934 0.000000
vt 0.172131 1.000000
vt 0.172131 0.000000
vt 0.180328 1.000000
vt 0.180328 0.000000
vt 0.188525 1.000000
vt 0.188525 0.000000
vt 0.196721 1.000000
vt 0.196721 0.000000
vt 0.204918 1.000000
vt 0.204918 0.000000
vt 0.213115 1.000000
vt 0.213115 0.000000
vt 0.221311 1.000000
vt 0.221311 0.000000
vt 0.229508 1.000000
vt 0.229508 0.000000
vt 0.237705 1.000000
vt 0.237705 0.000000
vt 0.245902 1.000000
vt 0.245902 0.000000
vt 0.254098 1.000000
vt 0.254098 0.000000
vt 0.262295 1.000000
vt 0.262295 0.000000
vt 0.270492 1.000000
vt 0.270492 0.000000
vt 0.278689 1.000000
vt 0.278689 0.000000
vt 0.286885 1.000000
vt 0.286885 0.000000
vt 0.295082 1.000000
vt 0.295082 0.000000
vt 0.303279 1.000000
vt 0.303279 0.000000
vt 0.311475 1.000000
vt 0.311475 0.000000
vt 0.319672 1.000000
vt 0.319672 0.000000
vt 0.327869 1.000000
vt 0.327869 0.000000
vt 0.336066 1.000000
vt 0.336066 0.000000
vt 0.344262 1.000000
vt 0.344262 0.000000
vt 0.352459 1.000000
vt 0.352459 0.000000
vt 0.360656 1.000000
vt 0.360656 0.000000
vt 0.368852 1.000000
vt 0.368852 0.000000
vt 0.377049 1.000000
vt 0.377049 0.000000
vt 0.385246 1.000000
vt 0.385246 0.000000
vt 0.393443 1.000000
vt 0.393443 0.000000
vt 0.401639 1.000000
vt 0.401639 0.000000
vt 0.409836 1.000000
vt 0.409836 0.000000
vt 0.418033 1.000000
vt 0.418033 0.000000
vt 0.426230 1.000000
vt 0.426230 0.000000
vt 0.434426 1.000000
vt 0.434426 0.000000
vt 0.442623 1.000000
vt 0.442623 0.000000
vt 0.450820 1.000000
vt 0.450820 0.000000
vt 0.459016 1.000000
vt 0.459016 0.000000
vt 0.467213 1.000000
vt 0.467213 0.000000
vt 0.475410 1.000000
vt 0.475410 0.000000
vt 0.483607 1.000000
vt 0.483607 0.000000
vt 0.491803 1.000000
vt 0.491803 0.000000
vt 0.508197 1.000000
vt 0.508197 0.000000
vt 0.516393 1.000000
vt 0.516393 0.000000
vt 0.524590 1.000000
vt 0.524590 0.000000
vt 0.532787 1.000000
vt 0.532787 0.000000
vt 0.540984 1.000000
vt 0.540984 0.000000
vt 0.549180 1.000000
vt 0.549180 0.000000
vt 0.557377 1.000000
vt 0.557377 0.000000
vt 0.565574 1.000000
vt 0.565574 0.000000
vt 0.573770 1.000000
vt 0.573770 0.000000
vt 0.581967 1.000000
vt 0.581967 0.000000
vt 0.590164 1.000000
vt 0.590164 0.000000
vt 0.598361 1.000000
vt 0.598361 0.000000
vt 0.606557 1.000000
vt 0.606557 0.000000
vt 0.614754 1.000000
vt 0.614754 0.000000
vt 0.622951 1.000000
vt 0.622951 0.000000
vt 0.631148 1.000000
vt 0.631148 0.000000
vt 0.639344 1.000000
vt 0.639344 0.000000
vt 0.647541 1.000000
vt 0.647541 0.000000
vt 0.655738 1.000000
vt 0.655738 0.000000
vt 0.663934 1.000000
vt 0.663934 0.000000
vt 0.672131 1.000000
vt 0.672131 0.000000
vt 0.680328 1.000000
vt 0.680328 0.000000
vt 0.688525 1.000000
vt 0.688525 0.000000
vt 0.696721 1.000000
vt 0.696721 0.000000
vt 0.704918 1.000000
vt 0.704918 0.000000
vt 0.713115 1.000000
vt 0.713115 0.000000
vt 0.721311 1.000000
vt 0.721311 0.000000
vt 0.729508 1.000000
vt 0.729508 0.000000
vt 0.737705 1.000000
vt 0.737705 0.000000
vt 0.745902 1.000000
vt 0.745902 0.000000
vt 0.754098 1.000000
vt 0.754098 0.000000
vt 0.762295 1.000000
vt 0.762295 0.000000
vt 0.770492 1.000000
vt 0.770492 0.000000
vt 0.778689 1.000000
vt 0.778689 0.000000
vt 0.786885 1.000000
vt 0.786885 0.000000
vt 0.795082 1.000000
vt 0.795082 0.000000
vt 0.803279 1.000000
vt 0.803279 0.000000
vt 0.811475 1.000000
vt 0.811475 0.000000
vt 0.819672 1.000000
vt 0.819672 0.000000
vt 0.827869 1.000000
vt 0.827869 0.000000
vt 0.836066 1.000000
vt 0.836066 0.000000
vt 0.844262 1.000000
vt 0.844262 0.000000
vt 0.852459 1.000000
vt 0.852459 0.000000
vt 0.860656 1.000000
vt 0.860656 0.000000
vt 0.868852 1.000000
vt 0.868852 0.000000
vt 0.877049 1.000000
vt 0.877049 0.000000
vt 0.885246 1.000000
vt 0.885246 0.000000
vt 0.893443 1.000000
vt 0.893443 0.000000
vt 0.901639 1.000000
vt 0.901639 0.000000
vt 0.909836 1.000000
vt 0.909836 0.000000
vt 0.918033 1.000000
vt 0.918033 0.000000
vt 0.926230 1.000000
vt 0.926230 0.000000
vt 0.934426 1.000000
vt 0.934426 0.000000
vt 0.942623 1.000000
vt 0.942623 0.000000
vt 0.950820 1.000000
vt 0.950820 0.000000
vt 0.959016 1.000000
vt 0.959016 0.000000
vt 0.967213 1.000000
vt 0.967213 0.000000
vt 0.975410 1.000000
vt 0.975410 0.000000
vt 0.983607 1.000000
vt 0.983607 0.000000
vt 0.991803 1.000000
vt 0.991803 0.000000
vt 0.010204 1.000000
vt 0.010204 0.000000
vt 0.020408 1.000000
vt 0.020408 0.000000
vt 0.030612 1.000000
vt 0.030612 0.000000
vt 0.040816 1.000000
vt 0.040816 0.000000
vt 0.051020 1.000000
vt 0.051020 0.000000
vt 0.061224 1.000000
vt 0.061224 0.000000
vt 0.071429 1.000000
vt 0.071429 0.000000
vt 0.081633 1.000000
vt 0.081633 0.000000
vt 0.091837 1.000000
vt 0.091837 0.000000
vt 0.102041 1.000000
vt 0.102041 0.000000
vt 0.112245 1.000000
vt 0.112245 0.000000
vt 0.122449 1.000000
vt 0.122449 0.000000
vt 0.132653 1.000000
vt 0.132653 0.000000
vt 0.142857 1.000000
vt 0.153061 1.000000
vt 0.153061 0.000000
vt 0.163265 1.000000
vt 0.163265 0.000000
vt 0.173469 1.000000
vt 0.173469 0.000000
vt 0.183673 1.000000
vt 0.183673 0.000000
vt 0.193878 1.000000
vt 0.193878 0.000000
vt 0.204082 1.000000
vt 0.204082 0.000000
vt 0.214286 1.000000
vt 0.214286 0.000000
vt 0.224490 1.000000
vt 0.224490 0.000000
vt 0.234694 1.000000
vt 0.234694 0.000000
vt 0.244898 1.000000
vt 0.244898 0.000000
vt 0.255102 1.000000
vt 0.255102 0.000000
vt 0.265306 1.000000
vt 0.265306 0.000000
vt 0.275510 1.000000
vt 0.275510 0.000000
vt 0.285714 1.000000
vt 0.295918 1.000000
vt 0.295918 0.000000
vt 0.306122 1.000000
vt 0.306122 0.000000
vt 0.316327 1.000000
vt 0.316327 0.000000
vt 0.326531 1.000000
vt 0.326531 0.000000
vt 0.336735 1.000000
vt 0.336735 0.000000
vt 0.346939 1.000000
vt 0.346939 0.000000
vt 0.357143 1.000000
vt 0.357143 0.000000
vt 0.367347 1.000000
vt 0.367347 0.000000
vt 0.377551 1.000000
vt 0.377551 0.000000
vt 0.387755 1.000000
vt 0.387755 0.000000
vt 0.397959 1.000000
vt 0.397959 0.000000
vt 0.408163 1.000000
vt 0.408163 0.000000
vt 0.418367 1.000000
vt 0.418367 0.000000
vt 0.428571 1.000000
vt 0.438776 1.000000
vt 0.438776 0.000000
vt 0.448980 1.000000
vt 0.448980 0.000000
vt 0.459184 1.000000
vt 0.459184 0.000000
vt 0.469388 1.000000
vt 0.469388 0.000000
vt 0.479592 1.000000
vt 0.479592 0.000000
vt 0.489796 1.000000
vt 0.489796 0.000000
vt 0.510204 1.000000
vt 0.510204 0.000000
vt 0.520408 1.000000
vt 0.520408 0.000000
vt 0.530612 1.000000
vt 0.530612 0.000000
vt 0.540816 1.000000
vt 0.540816 0.000000
vt 0.551020 1.000000
vt 0.551020 0.000000
vt 0.561224 1.000000
vt 0.561224 0.000000
vt 0.571429 1.000000
vt 0.581633 1.000000
vt 0.581633 0.000000
vt 0.591837 1.000000
vt 0.591837 0.000000
vt 0.602041 1.000000
vt 0.602041 0.000000
vt 0.612245 1.000000
vt 0.612245 0.000000
vt 0.622449 1.000000
vt 0.622449 0.000000
vt 0.632653 1.000000
vt 0.632653 0.000000
vt 0.642857 1.000000
vt 0.642857 0.000000
vt 0.653061 1.000000
vt 0.653061 0.000000
vt 0.663265 1.000000
vt 0.663265 0.000000
vt 0.673469 1.000000
vt 0.673469 0.000000
vt 0.683673 1.000000
vt 0.683673 0.000000
vt 0.693878 1.000000
vt 0.693878 0.000000
vt 0.704082 1.000000
vt 0.704082 0.000000
vt 0.714286 1.000000
vt 0.724490 1.000000
vt 0.724490 0.000000
vt 0.734694 1.000000
vt 0.734694 0.000000
vt 0.744898 1.000000
vt 0.744898 0.000000
vt 0.755102 1.000000
vt 0.755102 0.000000
vt 0.765306 1.000000
vt 0.765306 0.000000
vt 0.775510 1.000000
vt 0.775510 0.000000
vt 0.785714 1.000000
vt 0.785714 0.000000
vt 0.795918 1.000000
vt 0.795918 0.000000
vt 0.806122 1.000000
vt 0.806122 0.000000
vt 0.816327 1.000000
vt 0.816327 0.000000
vt 0.826531 1.000000
vt 0.826531 0.000000
vt 0.836735 1.000000
vt 0.836735 0.000000
vt 0.846939 1.000000
vt 0.846939 0.000000
vt 0.857143 1.000000
vt 0.867347 1.000000
vt 0.867347 0.000000
vt 0.877551 1.000000
vt 0.877551 0.000000
vt 0.887755 1.000000
vt 0.887755 0.000000
vt 0.897959 1.000000
vt 0.897959 0.000000
vt 0.908163 1.000000
vt 0.908163 0.000000
vt 0.918367 1.000000
vt 0.918367 0.000000
vt 0.928571 1.000000
vt 0.928571 0.000000
vt 0.938776 1.000000
vt 0.938776 0.000000
vt 0.948980 1.000000
vt 0.948980 0.000000
vt 0.959184 1.000000
vt 0.959184 0.000000
vt 0.969388 1.000000
vt 0.969388 0.000000
vt 0.979592 1.000000
vt 0.979592 0.000000
vt 0.989796 1.000000
vt 0.989796 0.000000
s 1
usemtl マテリアル
f 3/1/1 5/2/2 4/3/1
f 3/1/1 2/4/3 5/2/2
f 2/4/3 6/5/3 5/2/2
f 1/6/3 6/5/3 2/4/3
f 7/7/3 1/6/3 8/8/3
f 7/7/3 6/5/3 1/6/3
f 17/9/3 9/6/3 18/10/3
f 9/6/3 19/11/3 18/10/3
f 9/6/3 20/8/3 19/11/3
f 17/9/3 10/12/3 9/6/3
f 17/9/3 13/13/3 10/12/3
f 13/13/3 11/14/3 10/12/3
f 13/13/3 12/15/3 11/14/3
f 17/9/3 14/16/3 13/13/3
f 17/9/3 15/17/3 14/16/3
f 17/9/3 16/18/3 15/17/3
f 104/19/1 106/20/4 105/21/3
f 104/19/1 107/22/3 106/20/4
f 104/19/1 108/23/3 107/22/3
f 103/24/3 108/23/3 104/19/1
f 103/24/3 109/25/1 108/23/3
f 103/24/3 110/26/5 109/25/1
f 103/24/3 111/27/1 110/26/5
f 102/28/3 111/27/1 103/24/3
f 102/28/3 112/29/1 111/27/1
f 102/28/3 113/30/3 112/29/1
f 102/28/3 114/31/3 113/30/3
f 101/32/3 114/31/3 102/28/3
f 101/32/3 115/33/1 114/31/3
f 101/32/3 116/34/1 115/33/1
f 101/32/3 117/35/1 116/34/1
f 100/36/1 117/35/1 101/32/3
f 100/36/1 30/37/3 117/35/1
f 30/37/3 29/38/2 117/35/1
f 29/38/2 28/39/1 117/35/1
f 28/39/1 27/40/3 117/35/1
f 27/40/3 26/41/2 117/35/1
f 26/41/2 25/42/2 117/35/1
f 25/42/2 24/43/3 117/35/1
f 24/43/3 23/44/1 117/35/1
f 23/44/1 22/45/2 117/35/1
f 22/45/2 21/6/3 117/35/1
f 21/6/3 118/8/3 117/35/1
f 99/46/2 32/47/6 100/36/1
f 32/47/6 31/48/2 100/36/1
f 31/48/2 30/37/3 100/36/1
f 99/46/2 33/49/3 32/47/6
f 99/46/2 34/50/1 33/49/3
f 99/46/2 35/51/3 34/50/1
f 98/52/3 35/51/3 99/46/2
f 98/52/3 36/53/1 35/51/3
f 98/52/3 37/54/3 36/53/1
f 97/55/3 37/54/3 98/52/3
f 97/55/3 38/56/3 37/54/3
f 97/55/3 39/57/3 38/56/3
f 96/58/1 39/57/3 97/55/3
f 96/58/1 40/59/3 39/57/3
f 95/60/2 40/59/3 96/58/1
f 95/60/2 41/61/2 40/59/3
f 95/60/2 42/62/2 41/61/2
f 94/63/2 42/62/2 95/60/2
f 94/63/2 43/64/2 42/62/2
f 93/65/3 43/64/2 94/63/2
f 93/65/3 44/66/2 43/64/2
f 93/65/3 45/67/2 44/66/2
f 92/68/3 45/67/2 93/65/3
f 92/68/3 46/69/1 45/67/2
f 91/70/3 46/69/1 92/68/3
f 91/70/3 47/71/3 46/69/1
f 90/72/3 47/71/3 91/70/3
f 90/72/3 48/73/3 47/71/3
f 89/74/3 48/73/3 90/72/3
f 89/74/3 49/75/3 48/73/3
f 88/76/1 49/75/3 89/74/3
f 88/76/1 50/77/3 49/75/3
f 67/78/3 69/79/3 68/80/3
f 88/76/1 51/81/1 50/77/3
f 66/82/7 69/79/3 67/78/3
f 87/83/2 51/81/1 88/76/1
f 65/84/2 69/79/3 66/82/7
f 87/83/2 52/85/3 51/81/1
f 64/86/7 69/79/3 65/84/2
f 63/87/2 69/79/3 64/86/7
f 87/83/2 53/88/3 52/85/3
f 62/89/3 69/79/3 63/87/2
f 86/90/3 53/88/3 87/83/2
f 61/91/7 69/79/3 62/89/3
f 86/90/3 54/92/2 53/88/3
f 60/93/3 69/79/3 61/91/7
f 59/94/3 69/79/3 60/93/3
f 86/90/3 55/95/8 54/92/2
f 58/96/7 69/79/3 59/94/3
f 57/97/9 69/79/3 58/96/7
f 86/90/3 56/98/3 55/95/8
f 56/98/3 69/79/3 57/97/9
f 86/90/3 69/79/3 56/98/3
f 85/99/3 69/79/3 86/90/3
f 85/99/3 70/100/3 69/79/3
f 84/101/3 70/100/3 85/99/3
f 84/101/3 71/102/1 70/100/3
f 84/101/3 72/103/3 71/102/1
f 84/101/3 73/104/3 72/103/3
f 83/105/1 73/104/3 84/101/3
f 83/105/1 74/106/1 73/104/3
f 83/105/1 75/107/1 74/106/1
f 83/105/1 76/108/3 75/107/1
f 82/109/1 76/108/3 83/105/1
f 82/109/1 77/110/10 76/108/3
f 82/109/1 78/111/7 77/110/10
f 82/109/1 79/112/6 78/111/7
f 81/113/1 79/112/6 82/109/1
f 81/113/1 80/114/3 79/112/6
f 123/115/3 125/116/3 124/117/3
f 123/115/3 128/118/3 125/116/3
f 128/118/3 126/119/3 125/116/3
f 123/115/3 129/8/3 128/118/3
f 127/120/2 126/119/3 128/118/3
f 123/115/3 121/121/2 129/8/3
f 121/121/2 127/120/2 129/8/3
f 121/121/2 120/122/3 127/120/2
f 120/122/3 126/119/3 127/120/2
f 123/115/3 122/123/3 121/121/2
f 119/6/3 126/119/3 120/122/3
f 156/124/3 184/125/3 157/126/3
f 184/125/3 158/127/1 157/126/3
f 184/125/3 130/6/2 158/127/1
f 184/125/3 131/128/1 130/6/2
f 184/125/3 132/129/3 131/128/1
f 184/125/3 133/130/3 132/129/3
f 184/125/3 134/131/2 133/130/3
f 184/125/3 135/12/3 134/131/2
f 184/125/3 136/132/1 135/12/3
f 184/125/3 183/133/3 136/132/1
f 183/133/3 137/134/3 136/132/1
f 156/124/3 185/8/2 184/125/3
f 182/135/3 137/134/3 183/133/3
f 181/136/7 137/134/3 182/135/3
f 180/11/3 137/134/3 181/136/7
f 180/11/3 138/137/3 137/134/3
f 179/138/7 138/137/3 180/11/3
f 178/139/3 138/137/3 179/138/7
f 177/140/3 138/137/3 178/139/3
f 177/140/3 139/141/3 138/137/3
f 176/142/7 139/141/3 177/140/3
f 175/10/3 139/141/3 176/142/7
f 174/120/3 139/141/3 175/10/3
f 174/120/3 140/14/2 139/141/3
f 173/143/7 140/14/2 174/120/3
f 172/144/3 140/14/2 173/143/7
f 172/144/3 141/121/2 140/14/2
f 171/145/3 141/121/2 172/144/3
f 170/9/3 141/121/2 171/145/3
f 170/9/3 142/146/3 141/121/2
f 169/147/3 142/146/3 170/9/3
f 169/147/3 143/148/1 142/146/3
f 168/149/3 143/148/1 169/147/3
f 167/150/3 143/148/1 168/149/3
f 167/150/3 144/151/1 143/148/1
f 166/152/3 144/151/1 167/150/3
f 165/18/7 144/151/1 166/152/3
f 165/18/7 145/15/3 144/151/1
f 164/153/7 145/15/3 165/18/7
f 163/116/3 145/15/3 164/153/7
f 162/154/3 145/15/3 163/116/3
f 161/155/3 145/15/3 162/154/3
f 161/155/3 146/156/3 145/15/3
f 160/17/5 146/156/3 161/155/3
f 159/157/3 146/156/3 160/17/5
f 156/124/3 154/158/3 185/8/2
f 154/158/3 159/157/3 185/8/2
f 154/158/3 146/156/3 159/157/3
f 154/158/3 147/159/2 146/156/3
f 154/158/3 148/160/3 147/159/2
f 154/158/3 149/161/1 148/160/3
f 154/158/3 150/13/2 149/161/1
f 154/158/3 151/162/3 150/13/2
f 154/158/3 152/115/3 151/162/3
f 154/158/3 153/163/1 152/115/3
f 156/124/3 155/16/3 154/158/3
f 293/164/1 295/165/2 294/166/5
f 293/164/1 296/11/5 295/165/2
f 293/164/1 297/167/8 296/11/5
f 292/168/1 297/167/8 293/164/1
f 292/168/1 298/169/3 297/167/8
f 292/168/1 299/170/1 298/169/3
f 291/171/3 299/170/1 292/168/1
f 291/171/3 300/172/5 299/170/1
f 291/171/3 301/173/3 300/172/5
f 290/174/3 301/173/3 291/171/3
f 290/174/3 302/175/1 301/173/3
f 290/174/3 303/176/1 302/175/1
f 289/177/1 303/176/1 290/174/3
f 289/177/1 304/178/3 303/176/1
f 289/177/1 305/179/3 304/178/3
f 288/180/3 305/179/3 289/177/1
f 288/180/3 306/181/2 305/179/3
f 288/180/3 193/182/2 306/181/2
f 193/182/2 192/183/2 306/181/2
f 192/183/2 191/184/1 306/181/2
f 191/184/1 190/185/1 306/181/2
f 190/185/1 189/186/2 306/181/2
f 189/186/2 188/187/2 306/181/2
f 188/187/2 187/188/3 306/181/2
f 187/188/3 186/6/2 306/181/2
f 186/6/2 307/8/2 306/181/2
f 287/189/1 195/190/3 288/180/3
f 195/190/3 194/191/5 288/180/3
f 194/191/5 193/182/2 288/180/3
f 286/192/2 197/12/6 287/189/1
f 197/12/6 196/193/2 287/189/1
f 196/193/2 195/190/3 287/189/1
f 285/10/3 198/194/1 286/192/2
f 198/194/1 197/12/6 286/192/2
f 285/10/3 199/195/3 198/194/1
f 285/10/3 200/196/3 199/195/3
f 285/10/3 201/197/1 200/196/3
f 285/10/3 202/198/1 201/197/1
f 285/10/3 203/199/3 202/198/1
f 284/200/2 203/199/3 285/10/3
f 284/200/2 204/201/1 203/199/3
f 284/200/2 205/202/3 204/201/1
f 284/200/2 206/203/1 205/202/3
f 283/204/2 206/203/1 284/200/2
f 283/204/2 207/205/1 206/203/1
f 283/204/2 208/14/2 207/205/1
f 282/206/3 208/14/2 283/204/2
f 282/206/3 209/207/7 208/14/2
f 282/206/3 210/208/3 209/207/7
f 281/209/3 210/208/3 282/206/3
f 281/209/3 211/210/2 210/208/3
f 281/209/3 212/211/1 211/210/2
f 280/212/3 212/211/1 281/209/3
f 280/212/3 213/213/3 212/211/1
f 279/214/3 213/213/3 280/212/3
f 279/214/3 214/215/3 213/213/3
f 279/214/3 215/216/3 214/215/3
f 278/217/1 215/216/3 279/214/3
f 278/217/1 216/218/3 215/216/3
f 277/219/3 216/218/3 278/217/1
f 277/219/3 217/220/3 216/218/3
f 276/221/2 217/220/3 277/219/3
f 276/221/2 218/222/2 217/220/3
f 275/223/1 218/222/2 276/221/2
f 275/223/1 219/15/2 218/222/2
f 274/9/3 219/15/2 275/223/1
f 273/224/2 219/15/2 274/9/3
f 273/224/2 220/225/3 219/15/2
f 272/226/2 220/225/3 273/224/2
f 271/227/2 220/225/3 272/226/2
f 271/227/2 221/228/1 220/225/3
f 270/229/1 221/228/1 271/227/2
f 245/230/1 247/231/2 246/232/2
f 270/229/1 222/233/1 221/228/1
f 269/234/3 222/233/1 270/229/1
f 245/230/1 248/235/3 247/231/2
f 268/236/3 222/233/1 269/234/3
f 268/236/3 223/237/3 222/233/1
f 245/230/1 249/238/1 248/235/3
f 267/239/7 223/237/3 268/236/3
f 245/230/1 250/240/3 249/238/1
f 266/241/2 223/237/3 267/239/7
f 265/242/3 223/237/3 266/241/2
f 265/242/3 224/243/1 223/237/3
f 245/230/1 251/244/2 250/240/3
f 264/245/3 224/243/1 265/242/3
f 245/230/1 252/17/2 251/244/2
f 263/18/7 224/243/1 264/245/3
f 245/230/1 253/246/1 252/17/2
f 263/18/7 225/247/3 224/243/1
f 262/248/3 225/247/3 263/18/7
f 245/230/1 254/249/2 253/246/1
f 261/250/3 225/247/3 262/248/3
f 245/230/1 255/251/1 254/249/2
f 260/252/3 225/247/3 261/250/3
f 245/230/1 256/253/2 255/251/1
f 259/254/9 225/247/3 260/252/3
f 245/230/1 257/255/11 256/253/2
f 259/254/9 226/256/3 225/247/3
f 258/257/1 226/256/3 259/254/9
f 245/230/1 258/257/1 257/255/11
f 245/230/1 226/256/3 258/257/1
f 245/230/1 227/258/3 226/256/3
f 244/259/1 227/258/3 245/230/1
f 243/260/3 227/258/3 244/259/1
f 243/260/3 228/261/3 227/258/3
f 242/262/3 228/261/3 243/260/3
f 242/262/3 229/263/1 228/261/3
f 241/16/1 229/263/1 242/262/3
f 240/264/3 229/263/1 241/16/1
f 240/264/3 230/13/3 229/263/1
f 239/265/3 230/13/3 240/264/3
f 238/266/1 230/13/3 239/265/3
f 238/266/1 231/267/3 230/13/3
f 237/268/5 231/267/3 238/266/1
f 236/269/4 231/267/3 237/268/5
f 236/269/4 232/270/1 231/267/3
f 235/271/5 232/270/1 236/269/4
f 234/272/8 232/270/1 235/271/5
f 234/272/8 233/273/1 232/270/1
f 415/164/1 417/165/2 416/166/1
f 415/164/1 418/11/9 417/165/2
f 415/164/1 419/167/8 418/11/9
f 414/168/1 419/167/8 415/164/1
f 414/168/1 420/169/3 419/167/8
f 414/168/1 421/170/1 420/169/3
f 413/171/3 421/170/1 414/168/1
f 413/171/3 422/172/5 421/170/1
f 413/171/3 423/173/3 422/172/5
f 412/174/3 423/173/3 413/171/3
f 412/174/3 424/175/1 423/173/3
f 412/174/3 425/176/1 424/175/1
f 411/177/1 425/176/1 412/174/3
f 411/177/1 426/178/3 425/176/1
f 411/177/1 427/179/3 426/178/3
f 410/180/3 427/179/3 411/177/1
f 410/180/3 428/181/2 427/179/3
f 410/180/3 315/182/2 428/181/2
f 315/182/2 314/183/2 428/181/2
f 314/183/2 313/184/1 428/181/2
f 313/184/1 312/185/1 428/181/2
f 312/185/1 311/186/2 428/181/2
f 311/186/2 310/187/2 428/181/2
f 310/187/2 309/188/3 428/181/2
f 309/188/3 308/6/2 428/181/2
f 308/6/2 429/8/2 428/181/2
f 409/189/1 317/190/7 410/180/3
f 317/190/7 316/191/3 410/180/3
f 316/191/3 315/182/2 410/180/3
f 408/192/2 319/12/6 409/189/1
f 319/12/6 318/193/2 409/189/1
f 318/193/2 317/190/7 409/189/1
f 407/10/3 320/194/1 408/192/2
f 320/194/1 319/12/6 408/192/2
f 407/10/3 321/195/3 320/194/1
f 407/10/3 322/196/3 321/195/3
f 407/10/3 323/197/1 322/196/3
f 407/10/3 324/198/1 323/197/1
f 407/10/3 325/199/3 324/198/1
f 406/200/2 325/199/3 407/10/3
f 406/200/2 326/201/1 325/199/3
f 406/200/2 327/202/3 326/201/1
f 406/200/2 328/203/1 327/202/3
f 405/204/2 328/203/1 406/200/2
f 405/204/2 329/205/1 328/203/1
f 405/204/2 330/14/2 329/205/1
f 404/206/3 330/14/2 405/204/2
f 404/206/3 331/207/7 330/14/2
f 404/206/3 332/208/3 331/207/7
f 403/209/3 332/208/3 404/206/3
f 403/209/3 333/210/2 332/208/3
f 403/209/3 334/211/1 333/210/2
f 402/212/3 334/211/1 403/209/3
f 402/212/3 335/213/3 334/211/1
f 401/214/3 335/213/3 402/212/3
f 401/214/3 336/215/3 335/213/3
f 401/214/3 337/216/3 336/215/3
f 400/217/1 337/216/3 401/214/3
f 400/217/1 338/218/3 337/216/3
f 399/219/3 338/218/3 400/217/1
f 399/219/3 339/220/3 338/218/3
f 398/221/2 339/220/3 399/219/3
f 398/221/2 340/222/2 339/220/3
f 397/223/1 340/222/2 398/221/2
f 397/223/1 341/15/2 340/222/2
f 396/9/3 341/15/2 397/223/1
f 395/224/2 341/15/2 396/9/3
f 395/224/2 342/225/3 341/15/2
f 394/226/2 342/225/3 395/224/2
f 393/227/2 342/225/3 394/226/2
f 393/227/2 343/228/1 342/225/3
f 392/229/1 343/228/1 393/227/2
f 367/230/1 369/231/2 368/232/2
f 392/229/1 344/233/1 343/228/1
f 391/234/3 344/233/1 392/229/1
f 367/230/1 370/235/3 369/231/2
f 390/236/3 344/233/1 391/234/3
f 390/236/3 345/237/3 344/233/1
f 367/230/1 371/238/1 370/235/3
f 389/239/7 345/237/3 390/236/3
f 367/230/1 372/240/3 371/238/1
f 388/241/2 345/237/3 389/239/7
f 387/242/3 345/237/3 388/241/2
f 387/242/3 346/243/1 345/237/3
f 367/230/1 373/244/2 372/240/3
f 386/245/3 346/243/1 387/242/3
f 367/230/1 374/17/2 373/244/2
f 385/18/7 346/243/1 386/245/3
f 367/230/1 375/246/1 374/17/2
f 385/18/7 347/247/3 346/243/1
f 384/248/3 347/247/3 385/18/7
f 367/230/1 376/249/2 375/246/1
f 383/250/3 347/247/3 384/248/3
f 367/230/1 377/251/1 376/249/2
f 382/252/3 347/247/3 383/250/3
f 367/230/1 378/253/2 377/251/1
f 381/254/9 347/247/3 382/252/3
f 367/230/1 379/255/11 378/253/2
f 381/254/9 348/256/3 347/247/3
f 380/257/1 348/256/3 381/254/9
f 367/230/1 380/257/1 379/255/11
f 367/230/1 348/256/3 380/257/1
f 367/230/1 349/258/3 348/256/3
f 366/259/1 349/258/3 367/230/1
f 365/260/3 349/258/3 366/259/1
f 365/260/3 350/261/3 349/258/3
f 364/262/3 350/261/3 365/260/3
f 364/262/3 351/263/1 350/261/3
f 363/16/1 351/263/1 364/262/3
f 362/264/3 351/263/1 363/16/1
f 362/264/3 352/13/3 351/263/1
f 361/265/3 352/13/3 362/264/3
f 360/266/1 352/13/3 361/265/3
f 360/266/1 353/267/3 352/13/3
f 359/268/5 353/267/3 360/266/1
f 358/269/4 353/267/3 359/268/5
f 358/269/4 354/270/1 353/267/3
f 357/271/5 354/270/1 358/269/4
f 356/272/11 354/270/1 357/271/5
f 356/272/11 355/273/1 354/270/1
f 537/164/1 539/165/2 538/166/1
f 537/164/1 540/11/5 539/165/2
f 537/164/1 541/167/5 540/11/5
f 536/168/1 541/167/5 537/164/1
f 536/168/1 542/169/3 541/167/5
f 536/168/1 543/170/1 542/169/3
f 535/171/3 543/170/1 536/168/1
f 535/171/3 544/172/5 543/170/1
f 535/171/3 545/173/3 544/172/5
f 534/174/3 545/173/3 535/171/3
f 534/174/3 546/175/1 545/173/3
f 534/174/3 547/176/1 546/175/1
f 533/177/1 547/176/1 534/174/3
f 533/177/1 548/178/3 547/176/1
f 533/177/1 549/179/3 548/178/3
f 532/180/3 549/179/3 533/177/1
f 532/180/3 550/181/2 549/179/3
f 532/180/3 437/182/2 550/181/2
f 437/182/2 436/183/2 550/181/2
f 436/183/2 435/184/1 550/181/2
f 435/184/1 434/185/1 550/181/2
f 434/185/1 433/186/2 550/181/2
f 433/186/2 432/187/2 550/181/2
f 432/187/2 431/188/3 550/181/2
f 431/188/3 430/6/2 550/181/2
f 430/6/2 551/8/2 550/181/2
f 531/189/1 439/190/3 532/180/3
f 439/190/3 438/191/3 532/180/3
f 438/191/3 437/182/2 532/180/3
f 530/192/2 441/12/6 531/189/1
f 441/12/6 440/193/3 531/189/1
f 440/193/3 439/190/3 531/189/1
f 529/10/3 442/194/1 530/192/2
f 442/194/1 441/12/6 530/192/2
f 529/10/3 443/195/3 442/194/1
f 529/10/3 444/196/3 443/195/3
f 529/10/3 445/197/1 444/196/3
f 529/10/3 446/198/1 445/197/1
f 529/10/3 447/199/3 446/198/1
f 528/200/2 447/199/3 529/10/3
f 528/200/2 448/201/1 447/199/3
f 528/200/2 449/202/3 448/201/1
f 528/200/2 450/203/1 449/202/3
f 527/204/2 450/203/1 528/200/2
f 527/204/2 451/205/1 450/203/1
f 527/204/2 452/14/2 451/205/1
f 526/206/3 452/14/2 527/204/2
f 526/206/3 453/207/7 452/14/2
f 526/206/3 454/208/3 453/207/7
f 525/209/3 454/208/3 526/206/3
f 525/209/3 455/210/2 454/208/3
f 525/209/3 456/211/1 455/210/2
f 524/212/3 456/211/1 525/209/3
f 524/212/3 457/213/3 456/211/1
f 523/214/3 457/213/3 524/212/3
f 523/214/3 458/215/3 457/213/3
f 523/214/3 459/216/3 458/215/3
f 522/217/1 459/216/3 523/214/3
f 522/217/1 460/218/3 459/216/3
f 521/219/3 460/218/3 522/217/1
f 521/219/3 461/220/3 460/218/3
f 520/221/2 461/220/3 521/219/3
f 520/221/2 462/222/2 461/220/3
f 519/223/1 462/222/2 520/221/2
f 519/223/1 463/15/2 462/222/2
f 518/9/3 463/15/2 519/223/1
f 517/224/2 463/15/2 518/9/3
f 517/224/2 464/225/3 463/15/2
f 516/226/2 464/225/3 517/224/2
f 515/227/2 464/225/3 516/226/2
f 515/227/2 465/228/1 464/225/3
f 514/229/1 465/228/1 515/227/2
f 489/230/1 491/231/2 490/232/2
f 514/229/1 466/233/1 465/228/1
f 513/234/3 466/233/1 514/229/1
f 489/230/1 492/235/3 491/231/2
f 512/236/3 466/233/1 513/234/3
f 512/236/3 467/237/3 466/233/1
f 489/230/1 493/238/1 492/235/3
f 511/239/7 467/237/3 512/236/3
f 489/230/1 494/240/3 493/238/1
f 510/241/2 467/237/3 511/239/7
f 509/242/3 467/237/3 510/241/2
f 509/242/3 468/243/1 467/237/3
f 489/230/1 495/244/2 494/240/3
f 508/245/3 468/243/1 509/242/3
f 489/230/1 496/17/2 495/244/2
f 507/18/6 468/243/1 508/245/3
f 489/230/1 497/246/1 496/17/2
f 507/18/6 469/247/3 468/243/1
f 506/248/3 469/247/3 507/18/6
f 489/230/1 498/249/2 497/246/1
f 505/250/3 469/247/3 506/248/3
f 489/230/1 499/251/1 498/249/2
f 504/252/3 469/247/3 505/250/3
f 489/230/1 500/253/2 499/251/1
f 503/254/9 469/247/3 504/252/3
f 489/230/1 501/255/11 500/253/2
f 503/254/9 470/256/3 469/247/3
f 502/257/1 470/256/3 503/254/9
f 489/230/1 502/257/1 501/255/11
f 489/230/1 470/256/3 502/257/1
f 489/230/1 471/258/3 470/256/3
f 488/259/1 471/258/3 489/230/1
f 487/260/3 471/258/3 488/259/1
f 487/260/3 472/261/3 471/258/3
f 486/262/3 472/261/3 487/260/3
f 486/262/3 473/263/1 472/261/3
f 485/16/1 473/263/1 486/262/3
f 484/264/3 473/263/1 485/16/1
f 484/264/3 474/13/3 473/263/1
f 483/265/3 474/13/3 484/264/3
f 482/266/1 474/13/3 483/265/3
f 482/266/1 475/267/3 474/13/3
f 481/268/5 475/267/3 482/266/1
f 480/269/4 475/267/3 481/268/5
f 480/269/4 476/270/1 475/267/3
f 479/271/5 476/270/1 480/269/4
f 478/272/5 476/270/1 479/271/5
f 478/272/5 477/273/1 476/270/1
f 560/9/3 552/6/3 561/10/3
f 552/6/3 562/11/3 561/10/3
f 552/6/3 563/8/3 562/11/3
f 560/9/3 553/12/3 552/6/3
f 560/9/3 556/13/3 553/12/3
f 556/13/3 554/14/3 553/12/3
f 556/13/3 555/15/3 554/14/3
f 560/9/3 557/16/3 556/13/3
f 560/9/3 558/17/3 557/16/3
f 560/9/3 559/18/3 558/17/3
f 628/274/3 656/275/3 629/276/3
f 656/275/3 630/277/1 629/276/3
f 656/275/3 564/6/1 630/277/1
f 656/275/3 565/278/3 564/6/1
f 656/275/3 566/279/2 565/278/3
f 656/275/3 567/280/1 566/279/2
f 656/275/3 568/281/3 567/280/1
f 656/275/3 569/282/1 568/281/3
f 656/275/3 570/283/1 569/282/1
f 656/275/3 655/284/3 570/283/1
f 655/284/3 571/285/3 570/283/1
f 628/274/3 657/8/2 656/275/3
f 654/286/3 571/285/3 655/284/3
f 653/287/5 571/285/3 654/286/3
f 652/288/1 571/285/3 653/287/5
f 652/288/1 572/289/3 571/285/3
f 651/290/9 572/289/3 652/288/1
f 650/291/7 572/289/3 651/290/9
f 649/292/3 572/289/3 650/291/7
f 649/292/3 573/293/3 572/289/3
f 648/294/3 573/293/3 649/292/3
f 647/295/7 573/293/3 648/294/3
f 646/296/2 573/293/3 647/295/7
f 646/296/2 574/297/1 573/293/3
f 645/298/1 574/297/1 646/296/2
f 644/299/3 574/297/1 645/298/1
f 644/299/3 575/300/3 574/297/1
f 643/301/1 575/300/3 644/299/3
f 642/302/2 575/300/3 643/301/1
f 642/302/2 576/303/2 575/300/3
f 641/304/2 576/303/2 642/302/2
f 641/304/2 577/305/2 576/303/2
f 640/306/2 577/305/2 641/304/2
f 639/307/7 577/305/2 640/306/2
f 639/307/7 578/308/7 577/305/2
f 638/309/3 578/308/7 639/307/7
f 638/309/3 579/310/1 578/308/7
f 637/311/3 579/310/1 638/309/3
f 637/311/3 580/312/3 579/310/1
f 636/313/7 580/312/3 637/311/3
f 635/314/2 580/312/3 636/313/7
f 635/314/2 581/315/2 580/312/3
f 634/316/3 581/315/2 635/314/2
f 633/317/3 581/315/2 634/316/3
f 633/317/3 582/318/3 581/315/2
f 632/319/9 582/318/3 633/317/3
f 631/320/3 582/318/3 632/319/9
f 628/274/3 626/321/3 657/8/2
f 626/321/3 631/320/3 657/8/2
f 626/321/3 582/318/3 631/320/3
f 626/321/3 583/322/1 582/318/3
f 626/321/3 584/323/1 583/322/1
f 626/321/3 585/324/3 584/323/1
f 626/321/3 586/325/10 585/324/3
f 626/321/3 587/326/1 586/325/10
f 626/321/3 588/327/3 587/326/1
f 626/321/3 589/328/1 588/327/3
f 626/321/3 625/329/1 589/328/1
f 625/329/1 624/330/3 589/328/1
f 624/330/3 590/331/3 589/328/1
f 628/274/3 627/332/3 626/321/3
f 623/333/5 590/331/3 624/330/3
f 622/334/4 590/331/3 623/333/5
f 621/335/3 590/331/3 622/334/4
f 621/335/3 591/336/1 590/331/3
f 620/337/3 591/336/1 621/335/3
f 619/338/1 591/336/1 620/337/3
f 619/338/1 592/339/3 591/336/1
f 618/340/3 592/339/3 619/338/1
f 618/340/3 593/341/1 592/339/3
f 617/342/2 593/341/1 618/340/3
f 617/342/2 594/343/3 593/341/1
f 616/344/3 594/343/3 617/342/2
f 616/344/3 595/345/3 594/343/3
f 615/346/3 595/345/3 616/344/3
f 615/346/3 596/347/1 595/345/3
f 614/348/1 596/347/1 615/346/3
f 614/348/1 597/349/1 596/347/1
f 614/348/1 598/350/3 597/349/1
f 613/351/3 598/350/3 614/348/1
f 613/351/3 599/352/3 598/350/3
f 612/353/3 599/352/3 613/351/3
f 612/353/3 600/354/1 599/352/3
f 612/353/3 601/355/3 600/354/1
f 612/353/3 602/356/2 601/355/3
f 612/353/3 603/357/1 602/356/2
f 612/353/3 604/358/2 603/357/1
f 612/353/3 605/359/3 604/358/2
f 612/353/3 606/360/3 605/359/3
f 612/353/3 607/361/3 606/360/3
f 612/353/3 608/362/3 607/361/3
f 612/353/3 609/363/1 608/362/3
f 612/353/3 610/364/3 609/363/1
f 612/353/3 611/365/3 610/364/3
f 684/124/3 712/125/3 685/126/3
f 712/125/3 686/127/1 685/126/3
f 712/125/3 658/6/2 686/127/1
f 712/125/3 659/128/1 658/6/2
f 712/125/3 660/129/3 659/128/1
f 712/125/3 661/130/3 660/129/3
f 712/125/3 662/131/2 661/130/3
f 712/125/3 663/12/3 662/131/2
f 712/125/3 664/132/1 663/12/3
f 712/125/3 711/133/3 664/132/1
f 711/133/3 665/134/3 664/132/1
f 684/124/3 713/8/2 712/125/3
f 710/135/3 665/134/3 711/133/3
f 709/136/7 665/134/3 710/135/3
f 708/11/3 665/134/3 709/136/7
f 708/11/3 666/137/3 665/134/3
f 707/138/7 666/137/3 708/11/3
f 706/139/3 666/137/3 707/138/7
f 705/140/3 666/137/3 706/139/3
f 705/140/3 667/141/3 666/137/3
f 704/142/7 667/141/3 705/140/3
f 703/10/3 667/141/3 704/142/7
f 702/120/3 667/141/3 703/10/3
f 702/120/3 668/14/2 667/141/3
f 701/143/7 668/14/2 702/120/3
f 700/144/3 668/14/2 701/143/7
f 700/144/3 669/121/2 668/14/2
f 699/145/3 669/121/2 700/144/3
f 698/9/3 669/121/2 699/145/3
f 698/9/3 670/146/3 669/121/2
f 697/147/3 670/146/3 698/9/3
f 697/147/3 671/148/1 670/146/3
f 696/149/3 671/148/1 697/147/3
f 695/150/3 671/148/1 696/149/3
f 695/150/3 672/151/1 671/148/1
f 694/152/3 672/151/1 695/150/3
f 693/18/7 672/151/1 694/152/3
f 693/18/7 673/15/3 672/151/1
f 692/153/7 673/15/3 693/18/7
f 691/116/3 673/15/3 692/153/7
f 690/154/3 673/15/3 691/116/3
f 689/155/3 673/15/3 690/154/3
f 689/155/3 674/156/3 673/15/3
f 688/17/5 674/156/3 689/155/3
f 687/157/3 674/156/3 688/17/5
f 684/124/3 682/158/3 713/8/2
f 682/158/3 687/157/3 713/8/2
f 682/158/3 674/156/3 687/157/3
f 682/158/3 675/159/2 674/156/3
f 682/158/3 676/160/3 675/159/2
f 682/158/3 677/161/1 676/160/3
f 682/158/3 678/13/2 677/161/1
f 682/158/3 679/162/3 678/13/2
f 682/158/3 680/115/3 679/162/3
f 682/158/3 681/163/1 680/115/3
f 684/124/3 683/16/3 682/158/3
f 718/2/3 714/6/3 719/5/3
f 714/6/3 720/7/1 719/5/3
f 714/6/3 721/8/1 720/7/1
f 718/2/3 715/4/2 714/6/3
f 718/2/3 716/1/3 715/4/2
f 718/2/3 717/3/3 716/1/3
f 724/1/12 725/3/12 726/2/12
f 724/1/12 726/2/12 723/4/12
f 723/4/12 726/2/12 727/5/12
f 722/6/12 723/4/12 727/5/12
f 728/7/13 729/8/13 722/6/12
f 728/7/13 722/6/12 727/5/12
f 738/9/12 739/10/14 730/6/14
f 730/6/14 739/10/14 740/11/12
f 730/6/14 740/11/12 741/8/12
f 738/9/12 730/6/14 731/12/12
f 738/9/12 731/12/12 734/13/12
f 734/13/12 731/12/12 732/14/12
f 734/13/12 732/14/12 733/15/12
f 738/9/12 734/13/12 735/16/12
f 738/9/12 735/16/12 736/17/12
f 738/9/12 736/17/12 737/18/12
f 825/19/13 826/21/12 827/20/15
f 825/19/13 827/20/15 828/22/12
f 825/19/13 828/22/12 829/23/12
f 824/24/12 825/19/13 829/23/12
f 824/24/12 829/23/12 830/25/12
f 824/24/12 830/25/12 831/26/16
f 824/24/12 831/26/16 832/27/13
f 823/28/12 824/24/12 832/27/13
f 823/28/12 832/27/13 833/29/13
f 823/28/12 833/29/13 834/30/12
f 823/28/12 834/30/12 835/31/13
f 822/32/13 823/28/12 835/31/13
f 822/32/13 835/31/13 836/33/12
f 822/32/13 836/33/12 837/34/13
f 822/32/13 837/34/13 838/35/13
f 821/36/12 822/32/13 838/35/13
f 821/36/12 838/35/13 751/37/12
f 751/37/12 838/35/13 750/38/14
f 750/38/14 838/35/13 749/39/13
f 749/39/13 838/35/13 748/40/12
f 748/40/12 838/35/13 747/41/14
f 747/41/14 838/35/13 746/42/14
f 746/42/14 838/35/13 745/43/13
f 745/43/13 838/35/13 744/44/14
f 744/44/14 838/35/13 743/45/14
f 743/45/14 838/35/13 742/6/12
f 742/6/12 838/35/13 839/8/12
f 820/46/14 821/36/12 753/47/17
f 753/47/17 821/36/12 752/48/12
f 752/48/12 821/36/12 751/37/12
f 820/46/14 753/47/17 754/49/12
f 820/46/14 754/49/12 755/50/12
f 820/46/14 755/50/12 756/51/12
f 819/52/12 820/46/14 756/51/12
f 819/52/12 756/51/12 757/53/13
f 819/52/12 757/53/13 758/54/12
f 818/55/13 819/52/12 758/54/12
f 818/55/13 758/54/12 759/56/12
f 818/55/13 759/56/12 760/57/12
f 817/58/14 818/55/13 760/57/12
f 817/58/14 760/57/12 761/59/14
f 816/60/14 817/58/14 761/59/14
f 816/60/14 761/59/14 762/61/14
f 816/60/14 762/61/14 763/62/14
f 815/63/14 816/60/14 763/62/14
f 815/63/14 763/62/14 764/64/13
f 814/65/12 815/63/14 764/64/13
f 814/65/12 764/64/13 765/66/12
f 814/65/12 765/66/12 766/67/12
f 813/68/12 814/65/12 766/67/12
f 813/68/12 766/67/12 767/69/13
f 812/70/12 813/68/12 767/69/13
f 812/70/12 767/69/13 768/71/12
f 811/72/12 812/70/12 768/71/12
f 811/72/12 768/71/12 769/73/12
f 810/74/12 811/72/12 769/73/12
f 810/74/12 769/73/12 770/75/12
f 809/76/12 810/74/12 770/75/12
f 809/76/12 770/75/12 771/77/13
f 788/78/14 789/80/14 790/79/14
f 809/76/12 771/77/13 772/81/12
f 787/82/12 788/78/14 790/79/14
f 808/83/12 809/76/12 772/81/12
f 786/84/14 787/82/12 790/79/14
f 808/83/12 772/81/12 773/85/12
f 785/86/18 786/84/14 790/79/14
f 784/87/14 785/86/18 790/79/14
f 808/83/12 773/85/12 774/88/13
f 783/89/12 784/87/14 790/79/14
f 807/90/13 808/83/12 774/88/13
f 782/91/18 783/89/12 790/79/14
f 807/90/13 774/88/13 775/92/13
f 781/93/18 782/91/18 790/79/14
f 780/94/12 781/93/18 790/79/14
f 807/90/13 775/92/13 776/95/12
f 779/96/16 780/94/12 790/79/14
f 778/97/19 779/96/16 790/79/14
f 807/90/13 776/95/12 777/98/12
f 777/98/12 778/97/19 790/79/14
f 807/90/13 777/98/12 790/79/14
f 806/99/12 807/90/13 790/79/14
f 806/99/12 790/79/14 791/100/12
f 805/101/12 806/99/12 791/100/12
f 805/101/12 791/100/12 792/102/13
f 805/101/12 792/102/13 793/103/12
f 805/101/12 793/103/12 794/104/13
f 804/105/12 805/101/12 794/104/13
f 804/105/12 794/104/13 795/106/12
f 804/105/12 795/106/12 796/107/13
f 804/105/12 796/107/13 797/108/12
f 803/109/13 804/105/12 797/108/12
f 803/109/13 797/108/12 798/110/20
f 803/109/13 798/110/20 799/111/15
f 803/109/13 799/111/15 800/112/17
f 802/113/13 803/109/13 800/112/17
f 802/113/13 800/112/17 801/114/12
f 844/115/12 845/117/12 846/116/12
f 844/115/12 846/116/12 849/118/12
f 849/118/12 846/116/12 847/119/12
f 844/115/12 849/118/12 850/8/12
f 848/120/14 849/118/12 847/119/12
f 844/115/12 850/8/12 842/121/12
f 842/121/12 850/8/12 848/120/14
f 842/121/12 848/120/14 841/122/14
f 841/122/14 848/120/14 847/119/12
f 844/115/12 842/121/12 843/123/12
f 840/6/12 841/122/14 847/119/12
f 877/124/12 878/126/14 905/125/14
f 905/125/14 878/126/14 879/127/14
f 905/125/14 879/127/14 851/6/13
f 905/125/14 851/6/13 852/128/12
f 905/125/14 852/128/12 853/129/12
f 905/125/14 853/129/12 854/130/12
f 905/125/14 854/130/12 855/131/13
f 905/125/14 855/131/13 856/12/12
f 905/125/14 856/12/12 857/132/13
f 905/125/14 857/132/13 904/133/12
f 904/133/12 857/132/13 858/134/12
f 877/124/12 905/125/14 906/8/12
f 903/135/12 904/133/12 858/134/12
f 902/136/18 903/135/12 858/134/12
f 901/11/12 902/136/18 858/134/12
f 901/11/12 858/134/12 859/137/12
f 900/138/18 901/11/12 859/137/12
f 899/139/14 900/138/18 859/137/12
f 898/140/14 899/139/14 859/137/12
f 898/140/14 859/137/12 860/141/12
f 897/142/12 898/140/14 860/141/12
f 896/10/12 897/142/12 860/141/12
f 895/120/12 896/10/12 860/141/12
f 895/120/12 860/141/12 861/14/14
f 894/143/18 895/120/12 861/14/14
f 893/144/14 894/143/18 861/14/14
f 893/144/14 861/14/14 862/121/14
f 892/145/12 893/144/14 862/121/14
f 891/9/12 892/145/12 862/121/14
f 891/9/12 862/121/14 863/146/12
f 890/147/12 891/9/12 863/146/12
f 890/147/12 863/146/12 864/148/13
f 889/149/12 890/147/12 864/148/13
f 888/150/12 889/149/12 864/148/13
f 888/150/12 864/148/13 865/151/13
f 887/152/12 888/150/12 865/151/13
f 886/18/18 887/152/12 865/151/13
f 886/18/18 865/151/13 866/15/12
f 885/153/18 886/18/18 866/15/12
f 884/116/12 885/153/18 866/15/12
f 883/154/12 884/116/12 866/15/12
f 882/155/12 883/154/12 866/15/12
f 882/155/12 866/15/12 867/156/12
f 881/17/12 882/155/12 867/156/12
f 880/157/14 881/17/12 867/156/12
f 877/124/12 906/8/12 875/158/14
f 875/158/14 906/8/12 880/157/14
f 875/158/14 880/157/14 867/156/12
f 875/158/14 867/156/12 868/159/14
f 875/158/14 868/159/14 869/160/12
f 875/158/14 869/160/12 870/161/13
f 875/158/14 870/161/13 871/13/14
f 875/158/14 871/13/14 872/162/13
f 875/158/14 872/162/13 873/115/21
f 875/158/14 873/115/21 874/163/13
f 877/124/12 875/158/14 876/16/12
f 1014/164/13 1015/166/13 1016/165/19
f 1014/164/13 1016/165/19 1017/11/19
f 1014/164/13 1017/11/19 1018/167/22
f 1013/168/13 1014/164/13 1018/167/22
f 1013/168/13 1018/167/22 1019/169/12
f 1013/168/13 1019/169/12 1020/170/13
f 1012/171/12 1013/168/13 1020/170/13
f 1012/171/12 1020/170/13 1021/172/16
f 1012/171/12 1021/172/16 1022/173/12
f 1011/174/12 1012/171/12 1022/173/12
f 1011/174/12 1022/173/12 1023/175/13
f 1011/174/12 1023/175/13 1024/176/13
f 1010/177/13 1011/174/12 1024/176/13
f 1010/177/13 1024/176/13 1025/178/12
f 1010/177/13 1025/178/12 1026/179/12
f 1009/180/18 1010/177/13 1026/179/12
f 1009/180/18 1026/179/12 1027/181/14
f 1009/180/18 1027/181/14 914/182/13
f 914/182/13 1027/181/14 913/183/13
f 913/183/13 1027/181/14 912/184/14
f 912/184/14 1027/181/14 911/185/13
f 911/185/13 1027/181/14 910/186/14
f 910/186/14 1027/181/14 909/187/14
f 909/187/14 1027/181/14 908/188/12
f 908/188/12 1027/181/14 907/6/14
f 907/6/14 1027/181/14 1028/8/14
f 1008/189/12 1009/180/18 916/190/18
f 916/190/18 1009/180/18 915/191/16
f 915/191/16 1009/180/18 914/182/13
f 1007/192/12 1008/189/12 918/12/23
f 918/12/23 1008/189/12 917/193/12
f 917/193/12 1008/189/12 916/190/18
f 1006/10/12 1007/192/12 919/194/12
f 919/194/12 1007/192/12 918/12/23
f 1006/10/12 919/194/12 920/195/15
f 1006/10/12 920/195/15 921/196/12
f 1006/10/12 921/196/12 922/197/13
f 1006/10/12 922/197/13 923/198/13
f 1006/10/12 923/198/13 924/199/12
f 1005/200/12 1006/10/12 924/199/12
f 1005/200/12 924/199/12 925/201/21
f 1005/200/12 925/201/21 926/202/13
f 1005/200/12 926/202/13 927/203/13
f 1004/204/12 1005/200/12 927/203/13
f 1004/204/12 927/203/13 928/205/12
f 1004/204/12 928/205/12 929/14/13
f 1003/206/12 1004/204/12 929/14/13
f 1003/206/12 929/14/13 930/207/12
f 1003/206/12 930/207/12 931/208/12
f 1002/209/12 1003/206/12 931/208/12
f 1002/209/12 931/208/12 932/210/14
f 1002/209/12 932/210/14 933/211/13
f 1001/212/12 1002/209/12 933/211/13
f 1001/212/12 933/211/13 934/213/12
f 1000/214/12 1001/212/12 934/213/12
f 1000/214/12 934/213/12 935/215/12
f 1000/214/12 935/215/12 936/216/12
f 999/217/13 1000/214/12 936/216/12
f 999/217/13 936/216/12 937/218/12
f 998/219/12 999/217/13 937/218/12
f 998/219/12 937/218/12 938/220/12
f 997/221/14 998/219/12 938/220/12
f 997/221/14 938/220/12 939/222/13
f 996/223/13 997/221/14 939/222/13
f 996/223/13 939/222/13 940/15/12
f 995/9/12 996/223/13 940/15/12
f 994/224/12 995/9/12 940/15/12
f 994/224/12 940/15/12 941/225/12
f 993/226/12 994/224/12 941/225/12
f 992/227/12 993/226/12 941/225/12
f 992/227/12 941/225/12 942/228/12
f 991/229/12 992/227/12 942/228/12
f 966/230/12 967/232/12 968/231/14
f 991/229/12 942/228/12 943/233/12
f 990/234/12 991/229/12 943/233/12
f 966/230/12 968/231/14 969/235/14
f 989/236/12 990/234/12 943/233/12
f 989/236/12 943/233/12 944/237/12
f 966/230/12 969/235/14 970/238/13
f 988/239/18 989/236/12 944/237/12
f 966/230/12 970/238/13 971/240/13
f 987/241/18 988/239/18 944/237/12
f 986/242/12 987/241/18 944/237/12
f 986/242/12 944/237/12 945/243/14
f 966/230/12 971/240/13 972/244/14
f 985/245/13 986/242/12 945/243/14
f 966/230/12 972/244/14 973/17/13
f 984/18/12 985/245/13 945/243/14
f 966/230/12 973/17/13 974/246/12
f 984/18/12 945/243/14 946/247/12
f 983/248/12 984/18/12 946/247/12
f 966/230/12 974/246/12 975/249/13
f 982/250/12 983/248/12 946/247/12
f 966/230/12 975/249/13 976/251/14
f 981/252/12 982/250/12 946/247/12
f 966/230/12 976/251/14 977/253/14
f 980/254/17 981/252/12 946/247/12
f 966/230/12 977/253/14 978/255/20
f 980/254/17 946/247/12 947/256/12
f 979/257/13 980/254/17 947/256/12
f 966/230/12 978/255/20 979/257/13
f 966/230/12 979/257/13 947/256/12
f 966/230/12 947/256/12 948/258/12
f 965/259/13 966/230/12 948/258/12
f 964/260/12 965/259/13 948/258/12
f 964/260/12 948/258/12 949/261/12
f 963/262/12 964/260/12 949/261/12
f 963/262/12 949/261/12 950/263/13
f 962/16/13 963/262/12 950/263/13
f 961/264/12 962/16/13 950/263/13
f 961/264/12 950/263/13 951/13/12
f 960/265/12 961/264/12 951/13/12
f 959/266/13 960/265/12 951/13/12
f 959/266/13 951/13/12 952/267/12
f 958/268/19 959/266/13 952/267/12
f 957/269/21 958/268/19 952/267/12
f 957/269/21 952/267/12 953/270/13
f 956/271/16 957/269/21 953/270/13
f 955/272/24 956/271/16 953/270/13
f 955/272/24 953/270/13 954/273/20
f 1136/164/13 1137/166/13 1138/165/25
f 1136/164/13 1138/165/25 1139/11/13
f 1136/164/13 1139/11/13 1140/167/22
f 1135/168/13 1136/164/13 1140/167/22
f 1135/168/13 1140/167/22 1141/169/12
f 1135/168/13 1141/169/12 1142/170/13
f 1134/171/12 1135/168/13 1142/170/13
f 1134/171/12 1142/170/13 1143/172/16
f 1134/171/12 1143/172/16 1144/173/12
f 1133/174/12 1134/171/12 1144/173/12
f 1133/174/12 1144/173/12 1145/175/13
f 1133/174/12 1145/175/13 1146/176/13
f 1132/177/13 1133/174/12 1146/176/13
f 1132/177/13 1146/176/13 1147/178/12
f 1132/177/13 1147/178/12 1148/179/12
f 1131/180/18 1132/177/13 1148/179/12
f 1131/180/18 1148/179/12 1149/181/14
f 1131/180/18 1149/181/14 1036/182/13
f 1036/182/13 1149/181/14 1035/183/13
f 1035/183/13 1149/181/14 1034/184/14
f 1034/184/14 1149/181/14 1033/185/13
f 1033/185/13 1149/181/14 1032/186/14
f 1032/186/14 1149/181/14 1031/187/14
f 1031/187/14 1149/181/14 1030/188/12
f 1030/188/12 1149/181/14 1029/6/14
f 1029/6/14 1149/181/14 1150/8/14
f 1130/189/12 1131/180/18 1038/190/16
f 1038/190/16 1131/180/18 1037/191/14
f 1037/191/14 1131/180/18 1036/182/13
f 1129/192/12 1130/189/12 1040/12/19
f 1040/12/19 1130/189/12 1039/193/14
f 1039/193/14 1130/189/12 1038/190/16
f 1128/10/12 1129/192/12 1041/194/19
f 1041/194/19 1129/192/12 1040/12/19
f 1128/10/12 1041/194/19 1042/195/21
f 1128/10/12 1042/195/21 1043/196/12
f 1128/10/12 1043/196/12 1044/197/13
f 1128/10/12 1044/197/13 1045/198/13
f 1128/10/12 1045/198/13 1046/199/12
f 1127/200/12 1128/10/12 1046/199/12
f 1127/200/12 1046/199/12 1047/201/21
f 1127/200/12 1047/201/21 1048/202/13
f 1127/200/12 1048/202/13 1049/203/13
f 1126/204/12 1127/200/12 1049/203/13
f 1126/204/12 1049/203/13 1050/205/12
f 1126/204/12 1050/205/12 1051/14/13
f 1125/206/12 1126/204/12 1051/14/13
f 1125/206/12 1051/14/13 1052/207/12
f 1125/206/12 1052/207/12 1053/208/12
f 1124/209/12 1125/206/12 1053/208/12
f 1124/209/12 1053/208/12 1054/210/14
f 1124/209/12 1054/210/14 1055/211/13
f 1123/212/12 1124/209/12 1055/211/13
f 1123/212/12 1055/211/13 1056/213/12
f 1122/214/12 1123/212/12 1056/213/12
f 1122/214/12 1056/213/12 1057/215/12
f 1122/214/12 1057/215/12 1058/216/12
f 1121/217/13 1122/214/12 1058/216/12
f 1121/217/13 1058/216/12 1059/218/12
f 1120/219/12 1121/217/13 1059/218/12
f 1120/219/12 1059/218/12 1060/220/12
f 1119/221/14 1120/219/12 1060/220/12
f 1119/221/14 1060/220/12 1061/222/13
f 1118/223/13 1119/221/14 1061/222/13
f 1118/223/13 1061/222/13 1062/15/12
f 1117/9/12 1118/223/13 1062/15/12
f 1116/224/12 1117/9/12 1062/15/12
f 1116/224/12 1062/15/12 1063/225/12
f 1115/226/12 1116/224/12 1063/225/12
f 1114/227/12 1115/226/12 1063/225/12
f 1114/227/12 1063/225/12 1064/228/12
f 1113/229/12 1114/227/12 1064/228/12
f 1088/230/12 1089/232/12 1090/231/14
f 1113/229/12 1064/228/12 1065/233/12
f 1112/234/12 1113/229/12 1065/233/12
f 1088/230/12 1090/231/14 1091/235/14
f 1111/236/12 1112/234/12 1065/233/12
f 1111/236/12 1065/233/12 1066/237/12
f 1088/230/12 1091/235/14 1092/238/13
f 1110/239/18 1111/236/12 1066/237/12
f 1088/230/12 1092/238/13 1093/240/13
f 1109/241/18 1110/239/18 1066/237/12
f 1108/242/12 1109/241/18 1066/237/12
f 1108/242/12 1066/237/12 1067/243/14
f 1088/230/12 1093/240/13 1094/244/14
f 1107/245/13 1108/242/12 1067/243/14
f 1088/230/12 1094/244/14 1095/17/13
f 1106/18/12 1107/245/13 1067/243/14
f 1088/230/12 1095/17/13 1096/246/12
f 1106/18/12 1067/243/14 1068/247/12
f 1105/248/12 1106/18/12 1068/247/12
f 1088/230/12 1096/246/12 1097/249/13
f 1104/250/12 1105/248/12 1068/247/12
f 1088/230/12 1097/249/13 1098/251/14
f 1103/252/12 1104/250/12 1068/247/12
f 1088/230/12 1098/251/14 1099/253/14
f 1102/254/17 1103/252/12 1068/247/12
f 1088/230/12 1099/253/14 1100/255/20
f 1102/254/17 1068/247/12 1069/256/12
f 1101/257/13 1102/254/17 1069/256/12
f 1088/230/12 1100/255/20 1101/257/13
f 1088/230/12 1101/257/13 1069/256/12
f 1088/230/12 1069/256/12 1070/258/12
f 1087/259/13 1088/230/12 1070/258/12
f 1086/260/12 1087/259/13 1070/258/12
f 1086/260/12 1070/258/12 1071/261/12
f 1085/262/12 1086/260/12 1071/261/12
f 1085/262/12 1071/261/12 1072/263/13
f 1084/16/13 1085/262/12 1072/263/13
f 1083/264/12 1084/16/13 1072/263/13
f 1083/264/12 1072/263/13 1073/13/12
f 1082/265/12 1083/264/12 1073/13/12
f 1081/266/13 1082/265/12 1073/13/12
f 1081/266/13 1073/13/12 1074/267/12
f 1080/268/19 1081/266/13 1074/267/12
f 1079/269/21 1080/268/19 1074/267/12
f 1079/269/21 1074/267/12 1075/270/13
f 1078/271/16 1079/269/21 1075/270/13
f 1077/272/24 1078/271/16 1075/270/13
f 1077/272/24 1075/270/13 1076/273/20
f 1258/164/13 1259/166/21 1260/165/25
f 1258/164/13 1260/165/25 1261/11/19
f 1258/164/13 1261/11/19 1262/167/21
f 1257/168/13 1258/164/13 1262/167/21
f 1257/168/13 1262/167/21 1263/169/12
f 1257/168/13 1263/169/12 1264/170/13
f 1256/171/12 1257/168/13 1264/170/13
f 1256/171/12 1264/170/13 1265/172/16
f 1256/171/12 1265/172/16 1266/173/12
f 1255/174/12 1256/171/12 1266/173/12
f 1255/174/12 1266/173/12 1267/175/13
f 1255/174/12 1267/175/13 1268/176/13
f 1254/177/13 1255/174/12 1268/176/13
f 1254/177/13 1268/176/13 1269/178/12
f 1254/177/13 1269/178/12 1270/179/12
f 1253/180/18 1254/177/13 1270/179/12
f 1253/180/18 1270/179/12 1271/181/14
f 1253/180/18 1271/181/14 1158/182/13
f 1158/182/13 1271/181/14 1157/183/13
f 1157/183/13 1271/181/14 1156/184/14
f 1156/184/14 1271/181/14 1155/185/13
f 1155/185/13 1271/181/14 1154/186/14
f 1154/186/14 1271/181/14 1153/187/14
f 1153/187/14 1271/181/14 1152/188/12
f 1152/188/12 1271/181/14 1151/6/14
f 1151/6/14 1271/181/14 1272/8/14
f 1252/189/12 1253/180/18 1160/190/18
f 1160/190/18 1253/180/18 1159/191/14
f 1159/191/14 1253/180/18 1158/182/13
f 1251/192/12 1252/189/12 1162/12/19
f 1162/12/19 1252/189/12 1161/193/14
f 1161/193/14 1252/189/12 1160/190/18
f 1250/10/12 1251/192/12 1163/194/16
f 1163/194/16 1251/192/12 1162/12/19
f 1250/10/12 1163/194/16 1164/195/21
f 1250/10/12 1164/195/21 1165/196/12
f 1250/10/12 1165/196/12 1166/197/13
f 1250/10/12 1166/197/13 1167/198/13
f 1250/10/12 1167/198/13 1168/199/12
f 1249/200/12 1250/10/12 1168/199/12
f 1249/200/12 1168/199/12 1169/201/21
f 1249/200/12 1169/201/21 1170/202/13
f 1249/200/12 1170/202/13 1171/203/13
f 1248/204/12 1249/200/12 1171/203/13
f 1248/204/12 1171/203/13 1172/205/12
f 1248/204/12 1172/205/12 1173/14/13
f 1247/206/12 1248/204/12 1173/14/13
f 1247/206/12 1173/14/13 1174/207/12
f 1247/206/12 1174/207/12 1175/208/12
f 1246/209/12 1247/206/12 1175/208/12
f 1246/209/12 1175/208/12 1176/210/14
f 1246/209/12 1176/210/14 1177/211/13
f 1245/212/12 1246/209/12 1177/211/13
f 1245/212/12 1177/211/13 1178/213/12
f 1244/214/12 1245/212/12 1178/213/12
f 1244/214/12 1178/213/12 1179/215/12
f 1244/214/12 1179/215/12 1180/216/12
f 1243/217/13 1244/214/12 1180/216/12
f 1243/217/13 1180/216/12 1181/218/12
f 1242/219/12 1243/217/13 1181/218/12
f 1242/219/12 1181/218/12 1182/220/12
f 1241/221/14 1242/219/12 1182/220/12
f 1241/221/14 1182/220/12 1183/222/13
f 1240/223/13 1241/221/14 1183/222/13
f 1240/223/13 1183/222/13 1184/15/12
f 1239/9/12 1240/223/13 1184/15/12
f 1238/224/12 1239/9/12 1184/15/12
f 1238/224/12 1184/15/12 1185/225/12
f 1237/226/12 1238/224/12 1185/225/12
f 1236/227/12 1237/226/12 1185/225/12
f 1236/227/12 1185/225/12 1186/228/12
f 1235/229/12 1236/227/12 1186/228/12
f 1210/230/12 1211/232/12 1212/231/14
f 1235/229/12 1186/228/12 1187/233/12
f 1234/234/12 1235/229/12 1187/233/12
f 1210/230/12 1212/231/14 1213/235/14
f 1233/236/12 1234/234/12 1187/233/12
f 1233/236/12 1187/233/12 1188/237/12
f 1210/230/12 1213/235/14 1214/238/13
f 1232/239/18 1233/236/12 1188/237/12
f 1210/230/12 1214/238/13 1215/240/13
f 1231/241/18 1232/239/18 1188/237/12
f 1230/242/12 1231/241/18 1188/237/12
f 1230/242/12 1188/237/12 1189/243/14
f 1210/230/12 1215/240/13 1216/244/14
f 1229/245/13 1230/242/12 1189/243/14
f 1210/230/12 1216/244/14 1217/17/13
f 1228/18/12 1229/245/13 1189/243/14
f 1210/230/12 1217/17/13 1218/246/12
f 1228/18/12 1189/243/14 1190/247/12
f 1227/248/12 1228/18/12 1190/247/12
f 1210/230/12 1218/246/12 1219/249/13
f 1226/250/12 1227/248/12 1190/247/12
f 1210/230/12 1219/249/13 1220/251/14
f 1225/252/12 1226/250/12 1190/247/12
f 1210/230/12 1220/251/14 1221/253/14
f 1224/254/17 1225/252/12 1190/247/12
f 1210/230/12 1221/253/14 1222/255/20
f 1224/254/17 1190/247/12 1191/256/12
f 1223/257/13 1224/254/17 1191/256/12
f 1210/230/12 1222/255/20 1223/257/13
f 1210/230/12 1223/257/13 1191/256/12
f 1210/230/12 1191/256/12 1192/258/12
f 1209/259/13 1210/230/12 1192/258/12
f 1208/260/12 1209/259/13 1192/258/12
f 1208/260/12 1192/258/12 1193/261/12
f 1207/262/12 1208/260/12 1193/261/12
f 1207/262/12 1193/261/12 1194/263/13
f 1206/16/13 1207/262/12 1194/263/13
f 1205/264/12 1206/16/13 1194/263/13
f 1205/264/12 1194/263/13 1195/13/12
f 1204/265/12 1205/264/12 1195/13/12
f 1203/266/13 1204/265/12 1195/13/12
f 1203/266/13 1195/13/12 1196/267/12
f 1202/268/18 1203/266/13 1196/267/12
f 1201/269/21 1202/268/18 1196/267/12
f 1201/269/21 1196/267/12 1197/270/13
f 1200/271/16 1201/269/21 1197/270/13
f 1199/272/24 1200/271/16 1197/270/13
f 1199/272/24 1197/270/13 1198/273/20
f 1281/9/12 1282/10/14 1273/6/14
f 1273/6/14 1282/10/14 1283/11/12
f 1273/6/14 1283/11/12 1284/8/12
f 1281/9/12 1273/6/14 1274/12/12
f 1281/9/12 1274/12/12 1277/13/12
f 1277/13/12 1274/12/12 1275/14/12
f 1277/13/12 1275/14/12 1276/15/12
f 1281/9/12 1277/13/12 1278/16/12
f 1281/9/12 1278/16/12 1279/17/12
f 1281/9/12 1279/17/12 1280/18/12
f 1349/274/12 1350/276/14 1377/275/12
f 1377/275/12 1350/276/14 1351/277/14
f 1377/275/12 1351/277/14 1285/6/12
f 1377/275/12 1285/6/12 1286/278/12
f 1377/275/12 1286/278/12 1287/279/13
f 1377/275/12 1287/279/13 1288/280/14
f 1377/275/12 1288/280/14 1289/281/13
f 1377/275/12 1289/281/13 1290/282/12
f 1377/275/12 1290/282/12 1291/283/12
f 1377/275/12 1291/283/12 1376/284/13
f 1376/284/13 1291/283/12 1292/285/12
f 1349/274/12 1377/275/12 1378/8/12
f 1375/286/12 1376/284/13 1292/285/12
f 1374/287/19 1375/286/12 1292/285/12
f 1373/288/13 1374/287/19 1292/285/12
f 1373/288/13 1292/285/12 1293/289/13
f 1372/290/18 1373/288/13 1293/289/13
f 1371/291/12 1372/290/18 1293/289/13
f 1370/292/12 1371/291/12 1293/289/13
f 1370/292/12 1293/289/13 1294/293/12
f 1369/294/12 1370/292/12 1294/293/12
f 1368/295/13 1369/294/12 1294/293/12
f 1367/296/12 1368/295/13 1294/293/12
f 1367/296/12 1294/293/12 1295/297/12
f 1366/298/13 1367/296/12 1295/297/12
f 1365/299/12 1366/298/13 1295/297/12
f 1365/299/12 1295/297/12 1296/300/12
f 1364/301/13 1365/299/12 1296/300/12
f 1363/302/14 1364/301/13 1296/300/12
f 1363/302/14 1296/300/12 1297/303/14
f 1362/304/14 1363/302/14 1297/303/14
f 1362/304/14 1297/303/14 1298/305/14
f 1361/306/14 1362/304/14 1298/305/14
f 1360/307/18 1361/306/14 1298/305/14
f 1360/307/18 1298/305/14 1299/308/18
f 1359/309/12 1360/307/18 1299/308/18
f 1359/309/12 1299/308/18 1300/310/13
f 1358/311/12 1359/309/12 1300/310/13
f 1358/311/12 1300/310/13 1301/312/12
f 1357/313/18 1358/311/12 1301/312/12
f 1356/314/14 1357/313/18 1301/312/12
f 1356/314/14 1301/312/12 1302/315/18
f 1355/316/12 1356/314/14 1302/315/18
f 1354/317/12 1355/316/12 1302/315/18
f 1354/317/12 1302/315/18 1303/318/18
f 1353/319/16 1354/317/12 1303/318/18
f 1352/320/12 1353/319/16 1303/318/18
f 1349/274/12 1378/8/12 1347/321/14
f 1347/321/14 1378/8/12 1352/320/12
f 1347/321/14 1352/320/12 1303/318/18
f 1347/321/14 1303/318/18 1304/322/14
f 1347/321/14 1304/322/14 1305/323/20
f 1347/321/14 1305/323/20 1306/324/13
f 1347/321/14 1306/324/13 1307/325/13
f 1347/321/14 1307/325/13 1308/326/14
f 1347/321/14 1308/326/14 1309/327/13
f 1347/321/14 1309/327/13 1310/328/12
f 1347/321/14 1310/328/12 1346/329/16
f 1346/329/16 1310/328/12 1345/330/13
f 1345/330/13 1310/328/12 1311/331/12
f 1349/274/12 1347/321/14 1348/332/12
f 1344/333/16 1345/330/13 1311/331/12
f 1343/334/15 1344/333/16 1311/331/12
f 1342/335/12 1343/334/15 1311/331/12
f 1342/335/12 1311/331/12 1312/336/12
f 1341/337/13 1342/335/12 1312/336/12
f 1340/338/12 1341/337/13 1312/336/12
f 1340/338/12 1312/336/12 1313/339/13
f 1339/340/12 1340/338/12 1313/339/13
f 1339/340/12 1313/339/13 1314/341/12
f 1338/342/12 1339/340/12 1314/341/12
f 1338/342/12 1314/341/12 1315/343/12
f 1337/344/12 1338/342/12 1315/343/12
f 1337/344/12 1315/343/12 1316/345/12
f 1336/346/12 1337/344/12 1316/345/12
f 1336/346/12 1316/345/12 1317/347/13
f 1335/348/13 1336/346/12 1317/347/13
f 1335/348/13 1317/347/13 1318/349/13
f 1335/348/13 1318/349/13 1319/350/12
f 1334/351/12 1335/348/13 1319/350/12
f 1334/351/12 1319/350/12 1320/352/12
f 1333/353/12 1334/351/12 1320/352/12
f 1333/353/12 1320/352/12 1321/354/13
f 1333/353/12 1321/354/13 1322/355/12
f 1333/353/12 1322/355/12 1323/356/12
f 1333/353/12 1323/356/12 1324/357/14
f 1333/353/12 1324/357/14 1325/358/14
f 1333/353/12 1325/358/14 1326/359/12
f 1333/353/12 1326/359/12 1327/360/13
f 1333/353/12 1327/360/13 1328/361/12
f 1333/353/12 1328/361/12 1329/362/14
f 1333/353/12 1329/362/14 1330/363/13
f 1333/353/12 1330/363/13 1331/364/12
f 1333/353/12 1331/364/12 1332/365/12
f 1405/124/12 1406/126/14 1433/125/14
f 1433/125/14 1406/126/14 1407/127/14
f 1433/125/14 1407/127/14 1379/6/13
f 1433/125/14 1379/6/13 1380/128/12
f 1433/125/14 1380/128/12 1381/129/12
f 1433/125/14 1381/129/12 1382/130/12
f 1433/125/14 1382/130/12 1383/131/13
f 1433/125/14 1383/131/13 1384/12/12
f 1433/125/14 1384/12/12 1385/132/13
f 1433/125/14 1385/132/13 1432/133/12
f 1432/133/12 1385/132/13 1386/134/12
f 1405/124/12 1433/125/14 1434/8/12
f 1431/135/12 1432/133/12 1386/134/12
f 1430/136/18 1431/135/12 1386/134/12
f 1429/11/12 1430/136/18 1386/134/12
f 1429/11/12 1386/134/12 1387/137/12
f 1428/138/18 1429/11/12 1387/137/12
f 1427/139/14 1428/138/18 1387/137/12
f 1426/140/14 1427/139/14 1387/137/12
f 1426/140/14 1387/137/12 1388/141/12
f 1425/142/12 1426/140/14 1388/141/12
f 1424/10/12 1425/142/12 1388/141/12
f 1423/120/12 1424/10/12 1388/141/12
f 1423/120/12 1388/141/12 1389/14/14
f 1422/143/18 1423/120/12 1389/14/14
f 1421/144/14 1422/143/18 1389/14/14
f 1421/144/14 1389/14/14 1390/121/14
f 1420/145/12 1421/144/14 1390/121/14
f 1419/9/12 1420/145/12 1390/121/14
f 1419/9/12 1390/121/14 1391/146/12
f 1418/147/12 1419/9/12 1391/146/12
f 1418/147/12 1391/146/12 1392/148/13
f 1417/149/12 1418/147/12 1392/148/13
f 1416/150/12 1417/149/12 1392/148/13
f 1416/150/12 1392/148/13 1393/151/13
f 1415/152/12 1416/150/12 1393/151/13
f 1414/18/18 1415/152/12 1393/151/13
f 1414/18/18 1393/151/13 1394/15/12
f 1413/153/18 1414/18/18 1394/15/12
f 1412/116/12 1413/153/18 1394/15/12
f 1411/154/12 1412/116/12 1394/15/12
f 1410/155/12 1411/154/12 1394/15/12
f 1410/155/12 1394/15/12 1395/156/12
f 1409/17/12 1410/155/12 1395/156/12
f 1408/157/14 1409/17/12 1395/156/12
f 1405/124/12 1434/8/12 1403/158/14
f 1403/158/14 1434/8/12 1408/157/14
f 1403/158/14 1408/157/14 1395/156/12
f 1403/158/14 1395/156/12 1396/159/14
f 1403/158/14 1396/159/14 1397/160/12
f 1403/158/14 1397/160/12 1398/161/13
f 1403/158/14 1398/161/13 1399/13/14
f 1403/158/14 1399/13/14 1400/162/13
f 1403/158/14 1400/162/13 1401/115/21
f 1403/158/14 1401/115/21 1402/163/12
f 1405/124/12 1403/158/14 1404/16/12
f 1439/2/14 1440/5/14 1435/6/12
f 1435/6/12 1440/5/14 1441/7/12
f 1435/6/12 1441/7/12 1442/8/12
f 1439/2/14 1435/6/12 1436/4/14
f 1439/2/14 1436/4/14 1437/1/13
f 1439/2/14 1437/1/13 1438/3/13
f 1444/366/26 1446/367/27 1445/368/27 1443/6/26
f 1446/367/27 1448/369/27 1447/370/27 1445/368/27
f 1448/369/27 1450/371/26 1449/372/26 1447/370/27
f 1450/371/26 1452/373/28 1451/117/28 1449/372/26
f 1452/373/28 1454/374/29 1453/375/29 1451/117/28
f 1454/374/29 1456/376/27 1455/377/27 1453/375/29
f 1456/376/27 1458/378/26 1457/379/26 1455/377/27
f 1458/378/26 1444/380/26 1443/8/26 1457/379/26
f 1460/366/30 1462/381/31 1461/382/31 1459/6/30
f 1462/381/31 1464/383/32 1463/384/32 1461/382/31
f 1464/383/32 1466/385/33 1465/386/33 1463/384/32
f 1466/385/33 1468/387/34 1467/388/34 1465/386/33
f 1468/387/34 1470/389/35 1469/390/35 1467/388/34
f 1470/389/35 1472/391/36 1471/392/36 1469/390/35
f 1472/391/36 1474/393/37 1473/394/37 1471/392/36
f 1474/393/37 1476/395/38 1475/396/38 1473/394/37
f 1476/395/38 1478/397/39 1477/398/39 1475/396/38
f 1478/397/39 1480/399/40 1479/400/40 1477/398/39
f 1480/399/40 1482/401/41 1481/402/41 1479/400/40
f 1482/401/41 1484/403/42 1483/404/42 1481/402/41
f 1484/403/42 1486/405/43 1485/406/43 1483/404/42
f 1486/405/43 1488/407/44 1487/408/44 1485/406/43
f 1488/407/44 1490/409/45 1489/410/45 1487/408/44
f 1490/409/45 1492/411/46 1491/412/46 1489/410/45
f 1492/411/46 1494/413/47 1493/414/47 1491/412/46
f 1494/413/47 1496/415/48 1495/416/48 1493/414/47
f 1496/415/48 1498/417/49 1497/418/49 1495/416/48
f 1498/417/49 1500/419/50 1499/420/50 1497/418/49
f 1500/419/50 1502/421/51 1501/422/51 1499/420/50
f 1502/421/51 1504/423/52 1503/424/52 1501/422/51
f 1504/423/52 1506/425/53 1505/426/53 1503/424/52
f 1506/425/53 1508/427/26 1507/428/26 1505/426/53
f 1508/427/26 1510/429/26 1509/430/26 1507/428/26
f 1510/429/26 1512/431/28 1511/432/28 1509/430/26
f 1512/431/28 1514/433/29 1513/434/29 1511/432/28
f 1514/433/29 1516/435/54 1515/436/54 1513/434/29
f 1516/435/54 1460/380/30 1459/8/30 1515/436/54
f 1518/366/55 1520/437/56 1519/438/56 1517/6/55
f 1520/437/56 1522/439/57 1521/440/57 1519/438/56
f 1522/439/57 1524/441/58 1523/442/58 1521/440/57
f 1524/441/58 1526/443/59 1525/444/59 1523/442/58
f 1526/443/59 1528/445/60 1527/446/60 1525/444/59
f 1528/445/60 1530/447/61 1529/448/61 1527/446/60
f 1530/447/61 1532/449/62 1531/450/62 1529/448/61
f 1532/449/62 1534/451/63 1533/452/63 1531/450/62
f 1534/451/63 1536/453/64 1535/345/64 1533/452/63
f 1536/453/64 1538/454/65 1537/455/65 1535/345/64
f 1538/454/65 1540/456/66 1539/457/66 1537/455/65
f 1540/456/66 1542/458/67 1541/459/67 1539/457/66
f 1542/458/67 1544/460/68 1543/461/68 1541/459/67
f 1544/460/68 1546/462/69 1545/463/69 1543/461/68
f 1546/462/69 1548/464/70 1547/465/70 1545/463/69
f 1548/464/70 1550/466/71 1549/467/71 1547/465/70
f 1550/466/71 1552/468/72 1551/469/72 1549/467/71
f 1552/468/72 1554/470/73 1553/321/73 1551/469/72
f 1554/470/73 1556/471/74 1555/472/74 1553/321/73
f 1556/471/74 1558/473/75 1557/474/75 1555/472/74
f 1558/473/75 1560/475/76 1559/476/76 1557/474/75
f 1560/475/76 1562/477/77 1561/478/77 1559/476/76
f 1562/477/77 1564/479/78 1563/480/78 1561/478/77
f 1564/479/78 1566/481/79 1565/482/79 1563/480/78
f 1566/481/79 1568/483/26 1567/484/26 1565/482/79
f 1568/483/26 1570/485/27 1569/486/27 1567/484/26
f 1570/485/27 1518/380/55 1517/8/55 1569/486/27
f 1572/366/80 1574/487/81 1573/488/81 1571/6/80
f 1574/487/81 1576/489/82 1575/490/82 1573/488/81
f 1576/489/82 1578/491/83 1577/492/83 1575/490/82
f 1578/491/83 1580/493/84 1579/494/84 1577/492/83
f 1580/493/84 1582/495/85 1581/496/85 1579/494/84
f 1582/495/85 1584/497/86 1583/498/86 1581/496/85
f 1584/497/86 1586/499/87 1585/500/87 1583/498/86
f 1586/499/87 1588/501/88 1587/502/88 1585/500/87
f 1588/501/88 1590/503/89 1589/504/89 1587/502/88
f 1590/503/89 1592/505/90 1591/506/90 1589/504/89
f 1592/505/90 1594/507/91 1593/508/91 1591/506/90
f 1594/507/91 1596/509/92 1595/510/92 1593/508/91
f 1596/509/92 1598/511/93 1597/512/93 1595/510/92
f 1598/511/93 1600/513/94 1599/514/94 1597/512/93
f 1600/513/94 1602/515/95 1601/516/95 1599/514/94
f 1602/515/95 1604/517/96 1603/518/96 1601/516/95
f 1604/517/96 1606/519/97 1605/520/97 1603/518/96
f 1606/519/97 1608/521/98 1607/522/98 1605/520/97
f 1608/521/98 1610/523/99 1609/524/99 1607/522/98
f 1610/523/99 1612/525/100 1611/526/100 1609/524/99
f 1612/525/100 1614/527/101 1613/528/101 1611/526/100
f 1614/527/101 1616/529/102 1615/530/102 1613/528/101
f 1616/529/102 1618/531/103 1617/532/103 1615/530/102
f 1618/531/103 1620/533/104 1619/534/104 1617/532/103
f 1620/533/104 1622/535/105 1621/536/105 1619/534/104
f 1622/535/105 1624/537/106 1623/538/106 1621/536/105
f 1624/537/106 1626/539/107 1625/540/107 1623/538/106
f 1626/539/107 1628/541/108 1627/542/108 1625/540/107
f 1628/541/108 1630/543/109 1629/544/109 1627/542/108
f 1630/543/109 1632/545/110 1631/546/110 1629/544/109
f 1632/545/110 1634/547/111 1633/548/111 1631/546/110
f 1634/547/111 1636/549/112 1635/550/112 1633/548/111
f 1636/549/112 1638/551/113 1637/552/113 1635/550/112
f 1638/551/113 1640/553/114 1639/554/114 1637/552/113
f 1640/553/114 1642/555/115 1641/556/115 1639/554/114
f 1642/555/115 1644/557/116 1643/558/116 1641/556/115
f 1644/557/116 1646/559/117 1645/560/117 1643/558/116
f 1646/559/117 1648/561/118 1647/562/118 1645/560/117
f 1648/561/118 1650/563/119 1649/564/119 1647/562/118
f 1650/563/119 1652/565/120 1651/566/120 1649/564/119
f 1652/565/120 1654/567/121 1653/568/121 1651/566/120
f 1654/567/121 1656/569/122 1655/570/122 1653/568/121
f 1656/569/122 1658/571/123 1657/572/123 1655/570/122
f 1658/571/123 1660/573/124 1659/574/124 1657/572/123
f 1660/573/124 1662/575/125 1661/576/125 1659/574/124
f 1662/575/125 1664/577/126 1663/578/126 1661/576/125
f 1664/577/126 1666/579/127 1665/580/128 1663/578/126
f 1666/579/127 1668/581/129 1667/582/129 1665/580/128
f 1668/581/129 1670/583/130 1669/584/130 1667/582/129
f 1670/583/130 1672/585/131 1671/586/131 1669/584/130
f 1672/585/131 1674/587/132 1673/588/132 1671/586/131
f 1674/587/132 1676/589/133 1675/590/133 1673/588/132
f 1676/589/133 1678/591/134 1677/592/134 1675/590/133
f 1678/591/134 1680/593/135 1679/594/135 1677/592/134
f 1680/593/135 1682/595/136 1681/596/136 1679/594/135
f 1682/595/136 1684/597/137 1683/598/137 1681/596/136
f 1684/597/137 1686/599/138 1685/600/138 1683/598/137
f 1686/599/138 1688/601/139 1687/602/139 1685/600/138
f 1688/601/139 1690/603/140 1689/604/140 1687/602/139
f 1690/603/140 1692/605/141 1691/606/141 1689/604/140
f 1692/605/141 1694/607/142 1693/608/142 1691/606/141
f 1694/607/142 1696/609/26 1695/610/26 1693/608/142
f 1696/609/26 1698/611/26 1697/612/26 1695/610/26
f 1698/611/26 1700/613/28 1699/614/28 1697/612/26
f 1700/613/28 1702/615/29 1701/616/29 1699/614/28
f 1702/615/29 1704/617/143 1703/618/143 1701/616/29
f 1704/617/143 1572/380/80 1571/8/80 1703/618/143
f 1706/366/144 1708/437/145 1707/438/145 1705/6/144
f 1708/437/145 1710/439/146 1709/440/146 1707/438/145
f 1710/439/146 1712/441/147 1711/442/147 1709/440/146
f 1712/441/147 1714/443/148 1713/444/148 1711/442/147
f 1714/443/148 1716/445/149 1715/446/149 1713/444/148
f 1716/445/149 1718/447/150 1717/448/150 1715/446/149
f 1718/447/150 1720/449/151 1719/450/151 1717/448/150
f 1720/449/151 1722/451/152 1721/452/152 1719/450/151
f 1722/451/152 1724/453/153 1723/345/153 1721/452/152
f 1724/453/153 1726/454/154 1725/455/154 1723/345/153
f 1726/454/154 1728/456/155 1727/457/155 1725/455/154
f 1728/456/155 1730/458/156 1729/459/156 1727/457/155
f 1730/458/156 1732/460/157 1731/461/157 1729/459/156
f 1732/460/157 1734/462/158 1733/463/158 1731/461/157
f 1734/462/158 1736/464/159 1735/465/159 1733/463/158
f 1736/464/159 1738/466/160 1737/467/160 1735/465/159
f 1738/466/160 1740/468/161 1739/469/161 1737/467/160
f 1740/468/161 1742/470/162 1741/321/162 1739/469/161
f 1742/470/162 1744/471/163 1743/472/163 1741/321/162
f 1744/471/163 1746/473/164 1745/474/164 1743/472/163
f 1746/473/164 1748/475/165 1747/476/165 1745/474/164
f 1748/475/165 1750/477/166 1749/478/166 1747/476/165
f 1750/477/166 1752/479/167 1751/480/167 1749/478/166
f 1752/479/167 1754/481/168 1753/482/168 1751/480/167
f 1754/481/168 1756/483/26 1755/484/26 1753/482/168
f 1756/483/26 1758/485/27 1757/486/27 1755/484/26
f 1758/485/27 1706/380/144 1705/8/144 1757/486/27
f 1760/366/26 1762/619/27 1761/620/27 1759/6/26
f 1762/619/27 1764/621/27 1763/622/27 1761/620/27
f 1764/621/27 1766/369/26 1765/370/26 1763/622/27
f 1766/369/26 1768/453/26 1767/345/26 1765/370/26
f 1768/453/26 1770/623/27 1769/624/27 1767/345/26
f 1770/623/27 1772/373/27 1771/117/27 1769/624/27
f 1772/373/27 1774/625/26 1773/626/26 1771/117/27
f 1774/625/26 1776/470/28 1775/321/28 1773/626/26
f 1776/470/28 1778/376/29 1777/377/29 1775/321/28
f 1778/376/29 1780/627/27 1779/628/27 1777/377/29
f 1780/627/27 1782/629/26 1781/630/26 1779/628/27
f 1782/629/26 1760/380/26 1759/8/26 1781/630/26
f 1784/366/169 1786/631/170 1785/632/170 1783/6/169
f 1786/631/170 1788/633/171 1787/634/171 1785/632/170
f 1788/633/171 1790/635/172 1789/636/172 1787/634/171
f 1790/635/172 1792/637/173 1791/638/173 1789/636/172
f 1792/637/173 1794/639/174 1793/640/174 1791/638/173
f 1794/639/174 1796/641/175 1795/642/175 1793/640/174
f 1796/641/175 1798/643/176 1797/644/176 1795/642/175
f 1798/643/176 1800/645/177 1799/646/177 1797/644/176
f 1800/645/177 1802/647/178 1801/648/178 1799/646/177
f 1802/647/178 1804/649/179 1803/650/179 1801/648/178
f 1804/649/179 1806/651/180 1805/652/180 1803/650/179
f 1806/651/180 1808/653/181 1807/654/181 1805/652/180
f 1808/653/181 1810/655/182 1809/656/182 1807/654/181
f 1810/655/182 1812/657/183 1811/658/183 1809/656/182
f 1812/657/183 1814/659/184 1813/660/184 1811/658/183
f 1814/659/184 1816/661/185 1815/662/185 1813/660/184
f 1816/661/185 1818/663/186 1817/664/186 1815/662/185
f 1818/663/186 1820/665/187 1819/666/187 1817/664/186
f 1820/665/187 1822/667/188 1821/668/188 1819/666/187
f 1822/667/188 1824/669/189 1823/670/189 1821/668/188
f 1824/669/189 1826/671/190 1825/672/190 1823/670/189
f 1826/671/190 1828/673/191 1827/674/191 1825/672/190
f 1828/673/191 1830/675/192 1829/676/192 1827/674/191
f 1830/675/192 1832/677/193 1831/678/193 1829/676/192
f 1832/677/193 1834/679/194 1833/680/194 1831/678/193
f 1834/679/194 1836/681/195 1835/682/195 1833/680/194
f 1836/681/195 1838/683/196 1837/684/196 1835/682/195
f 1838/683/196 1840/685/197 1839/686/197 1837/684/196
f 1840/685/197 1842/687/198 1841/688/198 1839/686/197
f 1842/687/198 1844/689/199 1843/690/199 1841/688/198
f 1844/689/199 1846/691/200 1845/692/200 1843/690/199
f 1846/691/200 1848/693/201 1847/694/201 1845/692/200
f 1848/693/201 1850/695/202 1849/696/202 1847/694/201
f 1850/695/202 1852/697/203 1851/698/203 1849/696/202
f 1852/697/203 1854/699/204 1853/700/204 1851/698/203
f 1854/699/204 1856/701/205 1855/702/205 1853/700/204
f 1856/701/205 1858/703/206 1857/704/206 1855/702/205
f 1858/703/206 1860/705/207 1859/706/207 1857/704/206
f 1860/705/207 1862/707/208 1861/708/208 1859/706/207
f 1862/707/208 1864/709/209 1863/710/209 1861/708/208
f 1864/709/209 1866/711/210 1865/712/210 1863/710/209
f 1866/711/210 1868/713/211 1867/714/211 1865/712/210
f 1868/713/211 1870/715/212 1869/716/212 1867/714/211
f 1870/715/212 1872/717/213 1871/718/213 1869/716/212
f 1872/717/213 1874/719/214 1873/720/214 1871/718/213
f 1874/719/214 1876/721/215 1875/722/215 1873/720/214
f 1876/721/215 1878/723/216 1877/724/216 1875/722/215
f 1878/723/216 1880/725/217 1879/726/217 1877/724/216
f 1880/725/217 1882/727/218 1881/728/218 1879/726/217
f 1882/727/218 1884/729/219 1883/730/219 1881/728/218
f 1884/729/219 1886/731/220 1885/732/220 1883/730/219
f 1886/731/220 1888/733/221 1887/734/221 1885/732/220
f 1888/733/221 1890/735/222 1889/736/222 1887/734/221
f 1890/735/222 1892/737/223 1891/738/223 1889/736/222
f 1892/737/223 1894/739/224 1893/740/224 1891/738/223
f 1894/739/224 1896/741/225 1895/742/225 1893/740/224
f 1896/741/225 1898/743/226 1897/744/226 1895/742/225
f 1898/743/226 1900/745/227 1899/746/227 1897/744/226
f 1900/745/227 1902/747/228 1901/748/228 1899/746/227
f 1902/747/228 1904/749/229 1903/750/229 1901/748/228
f 1904/749/229 1906/373/230 1905/117/230 1903/750/229
f 1906/373/230 1908/751/231 1907/752/231 1905/117/230
f 1908/751/231 1910/753/232 1909/754/232 1907/752/231
f 1910/753/232 1912/755/233 1911/756/233 1909/754/232
f 1912/755/233 1914/757/234 1913/758/234 1911/756/233
f 1914/757/234 1916/759/235 1915/760/235 1913/758/234
f 1916/759/235 1918/761/236 1917/762/236 1915/760/235
f 1918/761/236 1920/763/237 1919/764/237 1917/762/236
f 1920/763/237 1922/765/238 1921/766/238 1919/764/237
f 1922/765/238 1924/767/239 1923/768/239 1921/766/238
f 1924/767/239 1926/769/240 1925/770/240 1923/768/239
f 1926/769/240 1928/771/241 1927/772/241 1925/770/240
f 1928/771/241 1930/773/242 1929/774/242 1927/772/241
f 1930/773/242 1932/775/243 1931/776/243 1929/774/242
f 1932/775/243 1934/777/244 1933/778/244 1931/776/243
f 1934/777/244 1936/779/245 1935/780/245 1933/778/244
f 1936/779/245 1938/781/246 1937/782/246 1935/780/245
f 1938/781/246 1940/783/247 1939/784/247 1937/782/246
f 1940/783/247 1942/785/248 1941/786/248 1939/784/247
f 1942/785/248 1944/787/249 1943/788/249 1941/786/248
f 1944/787/249 1946/789/250 1945/790/250 1943/788/249
f 1946/789/250 1948/791/251 1947/792/251 1945/790/250
f 1948/791/251 1950/793/252 1949/794/252 1947/792/251
f 1950/793/252 1952/795/253 1951/796/253 1949/794/252
f 1952/795/253 1954/797/254 1953/798/254 1951/796/253
f 1954/797/254 1956/799/255 1955/800/255 1953/798/254
f 1956/799/255 1958/801/256 1957/802/256 1955/800/255
f 1958/801/256 1960/803/257 1959/804/257 1957/802/256
f 1960/803/257 1962/805/258 1961/806/258 1959/804/257
f 1962/805/258 1964/807/259 1963/808/259 1961/806/258
f 1964/807/259 1966/809/260 1965/810/260 1963/808/259
f 1966/809/260 1968/811/261 1967/812/261 1965/810/260
f 1968/811/261 1970/813/262 1969/814/262 1967/812/261
f 1970/813/262 1972/815/263 1971/816/263 1969/814/262
f 1972/815/263 1974/817/264 1973/818/264 1971/816/263
f 1974/817/264 1976/819/265 1975/820/265 1973/818/264
f 1976/819/265 1978/821/266 1977/822/266 1975/820/265
f 1978/821/266 1980/823/267 1979/824/267 1977/822/266
f 1980/823/267 1982/825/268 1981/826/268 1979/824/267
f 1982/825/268 1984/827/269 1983/828/269 1981/826/268
f 1984/827/269 1986/829/270 1985/830/270 1983/828/269
f 1986/829/270 1988/831/271 1987/832/271 1985/830/270
f 1988/831/271 1990/833/272 1989/834/272 1987/832/271
f 1990/833/272 1992/835/273 1991/836/273 1989/834/272
f 1992/835/273 1994/837/274 1993/838/274 1991/836/273
f 1994/837/274 1996/839/275 1995/840/275 1993/838/274
f 1996/839/275 1998/841/276 1997/842/276 1995/840/275
f 1998/841/276 2000/843/277 1999/844/277 1997/842/276
f 2000/843/277 2002/845/278 2001/846/278 1999/844/277
f 2002/845/278 2004/847/279 2003/848/279 2001/846/278
f 2004/847/279 2006/849/280 2005/850/280 2003/848/279
f 2006/849/280 2008/851/281 2007/852/281 2005/850/280
f 2008/851/281 2010/853/282 2009/854/282 2007/852/281
f 2010/853/282 2012/855/283 2011/856/283 2009/854/282
f 2012/855/283 2014/857/284 2013/858/284 2011/856/283
f 2014/857/284 2016/859/285 2015/860/285 2013/858/284
f 2016/859/285 2018/861/286 2017/862/286 2015/860/285
f 2018/861/286 2020/863/287 2019/864/287 2017/862/286
f 2020/863/287 2022/865/288 2021/866/288 2019/864/287
f 2022/865/288 2024/867/289 2023/868/289 2021/866/288
f 2024/867/289 2026/869/290 2025/870/290 2023/868/289
f 2026/869/290 1784/380/169 1783/8/169 2025/870/290
f 2028/366/169 2030/631/170 2029/632/170 2027/6/169
f 2030/631/170 2032/633/171 2031/634/171 2029/632/170
f 2032/633/171 2034/635/172 2033/636/172 2031/634/171
f 2034/635/172 2036/637/173 2035/638/173 2033/636/172
f 2036/637/173 2038/639/174 2037/640/174 2035/638/173
f 2038/639/174 2040/641/175 2039/642/175 2037/640/174
f 2040/641/175 2042/643/176 2041/644/176 2039/642/175
f 2042/643/176 2044/645/177 2043/646/177 2041/644/176
f 2044/645/177 2046/647/178 2045/648/178 2043/646/177
f 2046/647/178 2048/649/179 2047/650/179 2045/648/178
f 2048/649/179 2050/651/180 2049/652/180 2047/650/179
f 2050/651/180 2052/653/181 2051/654/181 2049/652/180
f 2052/653/181 2054/655/182 2053/656/182 2051/654/181
f 2054/655/182 2056/657/183 2055/658/183 2053/656/182
f 2056/657/183 2058/659/184 2057/660/184 2055/658/183
f 2058/659/184 2060/661/291 2059/662/291 2057/660/184
f 2060/661/291 2062/663/186 2061/664/186 2059/662/291
f 2062/663/186 2064/665/187 2063/666/187 2061/664/186
f 2064/665/187 2066/667/188 2065/668/188 2063/666/187
f 2066/667/188 2068/669/189 2067/670/189 2065/668/188
f 2068/669/189 2070/671/190 2069/672/190 2067/670/189
f 2070/671/190 2072/673/191 2071/674/191 2069/672/190
f 2072/673/191 2074/675/192 2073/676/292 2071/674/191
f 2074/675/192 2076/677/193 2075/678/193 2073/676/292
f 2076/677/193 2078/679/194 2077/680/194 2075/678/193
f 2078/679/194 2080/681/195 2079/682/195 2077/680/194
f 2080/681/195 2082/683/196 2081/684/196 2079/682/195
f 2082/683/196 2084/685/197 2083/686/197 2081/684/196
f 2084/685/197 2086/687/198 2085/688/198 2083/686/197
f 2086/687/198 2088/689/199 2087/690/199 2085/688/198
f 2088/689/199 2090/691/200 2089/692/200 2087/690/199
f 2090/691/200 2092/693/201 2091/694/201 2089/692/200
f 2092/693/201 2094/695/202 2093/696/202 2091/694/201
f 2094/695/202 2096/697/203 2095/698/203 2093/696/202
f 2096/697/203 2098/699/204 2097/700/204 2095/698/203
f 2098/699/204 2100/701/205 2099/702/205 2097/700/204
f 2100/701/205 2102/703/206 2101/704/206 2099/702/205
f 2102/703/206 2104/705/207 2103/706/207 2101/704/206
f 2104/705/207 2106/707/208 2105/708/208 2103/706/207
f 2106/707/208 2108/709/209 2107/710/209 2105/708/208
f 2108/709/209 2110/711/210 2109/712/210 2107/710/209
f 2110/711/210 2112/713/211 2111/714/211 2109/712/210
f 2112/713/211 2114/715/212 2113/716/212 2111/714/211
f 2114/715/212 2116/717/213 2115/718/213 2113/716/212
f 2116/717/213 2118/719/214 2117/720/214 2115/718/213
f 2118/719/214 2120/721/215 2119/722/215 2117/720/214
f 2120/721/215 2122/723/216 2121/724/216 2119/722/215
f 2122/723/216 2124/725/217 2123/726/217 2121/724/216
f 2124/725/217 2126/727/218 2125/728/218 2123/726/217
f 2126/727/218 2128/729/219 2127/730/219 2125/728/218
f 2128/729/219 2130/731/220 2129/732/220 2127/730/219
f 2130/731/220 2132/733/221 2131/734/221 2129/732/220
f 2132/733/221 2134/735/222 2133/736/222 2131/734/221
f 2134/735/222 2136/737/223 2135/738/223 2133/736/222
f 2136/737/223 2138/739/224 2137/740/224 2135/738/223
f 2138/739/224 2140/741/225 2139/742/225 2137/740/224
f 2140/741/225 2142/743/226 2141/744/226 2139/742/225
f 2142/743/226 2144/745/227 2143/746/227 2141/744/226
f 2144/745/227 2146/747/228 2145/748/228 2143/746/227
f 2146/747/228 2148/749/229 2147/750/229 2145/748/228
f 2148/749/229 2150/373/230 2149/117/230 2147/750/229
f 2150/373/230 2152/751/231 2151/752/231 2149/117/230
f 2152/751/231 2154/753/232 2153/754/232 2151/752/231
f 2154/753/232 2156/755/233 2155/756/233 2153/754/232
f 2156/755/233 2158/757/234 2157/758/234 2155/756/233
f 2158/757/234 2160/759/235 2159/760/235 2157/758/234
f 2160/759/235 2162/761/236 2161/762/236 2159/760/235
f 2162/761/236 2164/763/237 2163/764/237 2161/762/236
f 2164/763/237 2166/765/238 2165/766/238 2163/764/237
f 2166/765/238 2168/767/239 2167/768/239 2165/766/238
f 2168/767/239 2170/769/240 2169/770/240 2167/768/239
f 2170/769/240 2172/771/241 2171/772/241 2169/770/240
f 2172/771/241 2174/773/242 2173/774/242 2171/772/241
f 2174/773/242 2176/775/243 2175/776/243 2173/774/242
f 2176/775/243 2178/777/244 2177/778/244 2175/776/243
f 2178/777/244 2180/779/245 2179/780/245 2177/778/244
f 2180/779/245 2182/781/246 2181/782/246 2179/780/245
f 2182/781/246 2184/783/247 2183/784/247 2181/782/246
f 2184/783/247 2186/785/248 2185/786/248 2183/784/247
f 2186/785/248 2188/787/249 2187/788/249 2185/786/248
f 2188/787/249 2190/789/250 2189/790/250 2187/788/249
f 2190/789/250 2192/791/251 2191/792/251 2189/790/250
f 2192/791/251 2194/793/252 2193/794/252 2191/792/251
f 2194/793/252 2196/795/293 2195/796/293 2193/794/252
f 2196/795/293 2198/797/254 2197/798/254 2195/796/293
f 2198/797/254 2200/799/255 2199/800/255 2197/798/254
f 2200/799/255 2202/801/256 2201/802/256 2199/800/255
f 2202/801/256 2204/803/257 2203/804/257 2201/802/256
f 2204/803/257 2206/805/258 2205/806/258 2203/804/257
f 2206/805/258 2208/807/259 2207/808/259 2205/806/258
f 2208/807/259 2210/809/260 2209/810/260 2207/808/259
f 2210/809/260 2212/811/261 2211/812/261 2209/810/260
f 2212/811/261 2214/813/262 2213/814/262 2211/812/261
f 2214/813/262 2216/815/263 2215/816/263 2213/814/262
f 2216/815/263 2218/817/264 2217/818/264 2215/816/263
f 2218/817/264 2220/819/265 2219/820/265 2217/818/264
f 2220/819/265 2222/821/266 2221/822/266 2219/820/265
f 2222/821/266 2224/823/267 2223/824/267 2221/822/266
f 2224/823/267 2226/825/268 2225/826/268 2223/824/267
f 2226/825/268 2228/827/294 2227/828/294 2225/826/268
f 2228/827/294 2230/829/270 2229/830/270 2227/828/294
f 2230/829/270 2232/831/271 2231/832/271 2229/830/270
f 2232/831/271 2234/833/272 2233/834/272 2231/832/271
f 2234/833/272 2236/835/273 2235/836/273 2233/834/272
f 2236/835/273 2238/837/274 2237/838/274 2235/836/273
f 2238/837/274 2240/839/275 2239/840/275 2237/838/274
f 2240/839/275 2242/841/276 2241/842/276 2239/840/275
f 2242/841/276 2244/843/277 2243/844/277 2241/842/276
f 2244/843/277 2246/845/278 2245/846/278 2243/844/277
f 2246/845/278 2248/847/279 2247/848/279 2245/846/278
f 2248/847/279 2250/849/280 2249/850/280 2247/848/279
f 2250/849/280 2252/851/281 2251/852/281 2249/850/280
f 2252/851/281 2254/853/282 2253/854/282 2251/852/281
f 2254/853/282 2256/855/283 2255/856/283 2253/854/282
f 2256/855/283 2258/857/284 2257/858/284 2255/856/283
f 2258/857/284 2260/859/285 2259/860/285 2257/858/284
f 2260/859/285 2262/861/286 2261/862/286 2259/860/285
f 2262/861/286 2264/863/287 2263/864/287 2261/862/286
f 2264/863/287 2266/865/288 2265/866/288 2263/864/287
f 2266/865/288 2268/867/289 2267/868/289 2265/866/288
f 2268/867/289 2270/869/290 2269/870/290 2267/868/289
f 2270/869/290 2028/380/169 2027/8/169 2269/870/290
f 2272/366/169 2274/631/170 2273/632/170 2271/6/169
f 2274/631/170 2276/633/171 2275/634/171 2273/632/170
f 2276/633/171 2278/635/172 2277/636/172 2275/634/171
f 2278/635/172 2280/637/173 2279/638/173 2277/636/172
f 2280/637/173 2282/639/174 2281/640/174 2279/638/173
f 2282/639/174 2284/641/175 2283/642/175 2281/640/174
f 2284/641/175 2286/643/176 2285/644/176 2283/642/175
f 2286/643/176 2288/645/177 2287/646/177 2285/644/176
f 2288/645/177 2290/647/178 2289/648/178 2287/646/177
f 2290/647/178 2292/649/179 2291/650/179 2289/648/178
f 2292/649/179 2294/651/180 2293/652/180 2291/650/179
f 2294/651/180 2296/653/181 2295/654/181 2293/652/180
f 2296/653/181 2298/655/182 2297/656/182 2295/654/181
f 2298/655/182 2300/657/183 2299/658/183 2297/656/182
f 2300/657/183 2302/659/184 2301/660/184 2299/658/183
f 2302/659/184 2304/661/291 2303/662/291 2301/660/184
f 2304/661/291 2306/663/186 2305/664/186 2303/662/291
f 2306/663/186 2308/665/187 2307/666/187 2305/664/186
f 2308/665/187 2310/667/188 2309/668/188 2307/666/187
f 2310/667/188 2312/669/189 2311/670/189 2309/668/188
f 2312/669/189 2314/671/190 2313/672/190 2311/670/189
f 2314/671/190 2316/673/191 2315/674/191 2313/672/190
f 2316/673/191 2318/675/192 2317/676/192 2315/674/191
f 2318/675/192 2320/677/193 2319/678/193 2317/676/192
f 2320/677/193 2322/679/194 2321/680/194 2319/678/193
f 2322/679/194 2324/681/195 2323/682/195 2321/680/194
f 2324/681/195 2326/683/196 2325/684/196 2323/682/195
f 2326/683/196 2328/685/197 2327/686/197 2325/684/196
f 2328/685/197 2330/687/198 2329/688/198 2327/686/197
f 2330/687/198 2332/689/199 2331/690/199 2329/688/198
f 2332/689/199 2334/691/200 2333/692/200 2331/690/199
f 2334/691/200 2336/693/201 2335/694/201 2333/692/200
f 2336/693/201 2338/695/202 2337/696/202 2335/694/201
f 2338/695/202 2340/697/203 2339/698/203 2337/696/202
f 2340/697/203 2342/699/204 2341/700/204 2339/698/203
f 2342/699/204 2344/701/205 2343/702/205 2341/700/204
f 2344/701/205 2346/703/206 2345/704/206 2343/702/205
f 2346/703/206 2348/705/207 2347/706/207 2345/704/206
f 2348/705/207 2350/707/208 2349/708/208 2347/706/207
f 2350/707/208 2352/709/209 2351/710/209 2349/708/208
f 2352/709/209 2354/711/210 2353/712/210 2351/710/209
f 2354/711/210 2356/713/211 2355/714/211 2353/712/210
f 2356/713/211 2358/715/212 2357/716/212 2355/714/211
f 2358/715/212 2360/717/213 2359/718/213 2357/716/212
f 2360/717/213 2362/719/214 2361/720/214 2359/718/213
f 2362/719/214 2364/721/215 2363/722/215 2361/720/214
f 2364/721/215 2366/723/216 2365/724/216 2363/722/215
f 2366/723/216 2368/725/217 2367/726/217 2365/724/216
f 2368/725/217 2370/727/218 2369/728/218 2367/726/217
f 2370/727/218 2372/729/219 2371/730/219 2369/728/218
f 2372/729/219 2374/731/220 2373/732/220 2371/730/219
f 2374/731/220 2376/733/221 2375/734/221 2373/732/220
f 2376/733/221 2378/735/222 2377/736/222 2375/734/221
f 2378/735/222 2380/737/223 2379/738/223 2377/736/222
f 2380/737/223 2382/739/224 2381/740/224 2379/738/223
f 2382/739/224 2384/741/225 2383/742/225 2381/740/224
f 2384/741/225 2386/743/226 2385/744/226 2383/742/225
f 2386/743/226 2388/745/227 2387/746/227 2385/744/226
f 2388/745/227 2390/747/228 2389/748/228 2387/746/227
f 2390/747/228 2392/749/229 2391/750/229 2389/748/228
f 2392/749/229 2394/373/230 2393/117/230 2391/750/229
f 2394/373/230 2396/751/231 2395/752/231 2393/117/230
f 2396/751/231 2398/753/232 2397/754/232 2395/752/231
f 2398/753/232 2400/755/233 2399/756/233 2397/754/232
f 2400/755/233 2402/757/234 2401/758/234 2399/756/233
f 2402/757/234 2404/759/235 2403/760/235 2401/758/234
f 2404/759/235 2406/761/236 2405/762/236 2403/760/235
f 2406/761/236 2408/763/237 2407/764/237 2405/762/236
f 2408/763/237 2410/765/238 2409/766/238 2407/764/237
f 2410/765/238 2412/767/239 2411/768/239 2409/766/238
f 2412/767/239 2414/769/240 2413/770/240 2411/768/239
f 2414/769/240 2416/771/241 2415/772/241 2413/770/240
f 2416/771/241 2418/773/242 2417/774/242 2415/772/241
f 2418/773/242 2420/775/243 2419/776/243 2417/774/242
f 2420/775/243 2422/777/244 2421/778/244 2419/776/243
f 2422/777/244 2424/779/245 2423/780/245 2421/778/244
f 2424/779/245 2426/781/246 2425/782/246 2423/780/245
f 2426/781/246 2428/783/247 2427/784/247 2425/782/246
f 2428/783/247 2430/785/248 2429/786/248 2427/784/247
f 2430/785/248 2432/787/249 2431/788/249 2429/786/248
f 2432/787/249 2434/789/295 2433/790/295 2431/788/249
f 2434/789/295 2436/791/251 2435/792/251 2433/790/295
f 2436/791/251 2438/793/296 2437/794/296 2435/792/251
f 2438/793/296 2440/795/253 2439/796/253 2437/794/296
f 2440/795/253 2442/797/254 2441/798/254 2439/796/253
f 2442/797/254 2444/799/255 2443/800/255 2441/798/254
f 2444/799/255 2446/801/256 2445/802/256 2443/800/255
f 2446/801/256 2448/803/257 2447/804/257 2445/802/256
f 2448/803/257 2450/805/258 2449/806/258 2447/804/257
f 2450/805/258 2452/807/259 2451/808/259 2449/806/258
f 2452/807/259 2454/809/260 2453/810/260 2451/808/259
f 2454/809/260 2456/811/261 2455/812/261 2453/810/260
f 2456/811/261 2458/813/262 2457/814/262 2455/812/261
f 2458/813/262 2460/815/263 2459/816/263 2457/814/262
f 2460/815/263 2462/817/264 2461/818/264 2459/816/263
f 2462/817/264 2464/819/265 2463/820/265 2461/818/264
f 2464/819/265 2466/821/266 2465/822/266 2463/820/265
f 2466/821/266 2468/823/297 2467/824/297 2465/822/266
f 2468/823/297 2470/825/268 2469/826/268 2467/824/297
f 2470/825/268 2472/827/269 2471/828/269 2469/826/268
f 2472/827/269 2474/829/270 2473/830/270 2471/828/269
f 2474/829/270 2476/831/271 2475/832/271 2473/830/270
f 2476/831/271 2478/833/272 2477/834/272 2475/832/271
f 2478/833/272 2480/835/273 2479/836/273 2477/834/272
f 2480/835/273 2482/837/274 2481/838/274 2479/836/273
f 2482/837/274 2484/839/275 2483/840/275 2481/838/274
f 2484/839/275 2486/841/276 2485/842/276 2483/840/275
f 2486/841/276 2488/843/277 2487/844/277 2485/842/276
f 2488/843/277 2490/845/278 2489/846/278 2487/844/277
f 2490/845/278 2492/847/279 2491/848/279 2489/846/278
f 2492/847/279 2494/849/280 2493/850/280 2491/848/279
f 2494/849/280 2496/851/281 2495/852/281 2493/850/280
f 2496/851/281 2498/853/282 2497/854/282 2495/852/281
f 2498/853/282 2500/855/283 2499/856/283 2497/854/282
f 2500/855/283 2502/857/284 2501/858/284 2499/856/283
f 2502/857/284 2504/859/285 2503/860/285 2501/858/284
f 2504/859/285 2506/861/286 2505/862/286 2503/860/285
f 2506/861/286 2508/863/287 2507/864/287 2505/862/286
f 2508/863/287 2510/865/288 2509/866/288 2507/864/287
f 2510/865/288 2512/867/289 2511/868/289 2509/866/288
f 2512/867/289 2514/869/290 2513/870/290 2511/868/289
f 2514/869/290 2272/380/169 2271/8/169 2513/870/290
f 2516/366/30 2518/381/31 2517/382/31 2515/6/30
f 2518/381/31 2520/383/32 2519/384/32 2517/382/31
f 2520/383/32 2522/385/33 2521/386/33 2519/384/32
f 2522/385/33 2524/387/34 2523/388/34 2521/386/33
f 2524/387/34 2526/389/35 2525/390/35 2523/388/34
f 2526/389/35 2528/391/36 2527/392/36 2525/390/35
f 2528/391/36 2530/393/37 2529/394/37 2527/392/36
f 2530/393/37 2532/395/38 2531/396/38 2529/394/37
f 2532/395/38 2534/397/39 2533/398/39 2531/396/38
f 2534/397/39 2536/399/40 2535/400/40 2533/398/39
f 2536/399/40 2538/401/41 2537/402/41 2535/400/40
f 2538/401/41 2540/403/42 2539/404/42 2537/402/41
f 2540/403/42 2542/405/43 2541/406/43 2539/404/42
f 2542/405/43 2544/407/44 2543/408/44 2541/406/43
f 2544/407/44 2546/409/45 2545/410/45 2543/408/44
f 2546/409/45 2548/411/46 2547/412/46 2545/410/45
f 2548/411/46 2550/413/47 2549/414/47 2547/412/46
f 2550/413/47 2552/415/48 2551/416/48 2549/414/47
f 2552/415/48 2554/417/49 2553/418/49 2551/416/48
f 2554/417/49 2556/419/50 2555/420/50 2553/418/49
f 2556/419/50 2558/421/51 2557/422/51 2555/420/50
f 2558/421/51 2560/423/52 2559/424/52 2557/422/51
f 2560/423/52 2562/425/53 2561/426/53 2559/424/52
f 2562/425/53 2564/427/26 2563/428/26 2561/426/53
f 2564/427/26 2566/429/26 2565/430/26 2563/428/26
f 2566/429/26 2568/431/28 2567/432/28 2565/430/26
f 2568/431/28 2570/433/29 2569/434/29 2567/432/28
f 2570/433/29 2572/435/54 2571/436/54 2569/434/29
f 2572/435/54 2516/380/30 2515/8/30 2571/436/54
f 2574/366/55 2576/437/56 2575/438/56 2573/6/55
f 2576/437/56 2578/439/57 2577/440/57 2575/438/56
f 2578/439/57 2580/441/58 2579/442/58 2577/440/57
f 2580/441/58 2582/443/59 2581/444/59 2579/442/58
f 2582/443/59 2584/445/60 2583/446/60 2581/444/59
f 2584/445/60 2586/447/61 2585/448/61 2583/446/60
f 2586/447/61 2588/449/62 2587/450/62 2585/448/61
f 2588/449/62 2590/451/63 2589/452/63 2587/450/62
f 2590/451/63 2592/453/64 2591/345/64 2589/452/63
f 2592/453/64 2594/454/65 2593/455/65 2591/345/64
f 2594/454/65 2596/456/66 2595/457/66 2593/455/65
f 2596/456/66 2598/458/67 2597/459/67 2595/457/66
f 2598/458/67 2600/460/68 2599/461/68 2597/459/67
f 2600/460/68 2602/462/69 2601/463/69 2599/461/68
f 2602/462/69 2604/464/70 2603/465/70 2601/463/69
f 2604/464/70 2606/466/298 2605/467/298 2603/465/70
f 2606/466/298 2608/468/299 2607/469/299 2605/467/298
f 2608/468/299 2610/470/73 2609/321/73 2607/469/299
f 2610/470/73 2612/471/74 2611/472/74 2609/321/73
f 2612/471/74 2614/473/75 2613/474/75 2611/472/74
f 2614/473/75 2616/475/76 2615/476/76 2613/474/75
f 2616/475/76 2618/477/77 2617/478/77 2615/476/76
f 2618/477/77 2620/479/78 2619/480/78 2617/478/77
f 2620/479/78 2622/481/79 2621/482/79 2619/480/78
f 2622/481/79 2624/483/26 2623/484/26 2621/482/79
f 2624/483/26 2626/485/27 2625/486/27 2623/484/26
f 2626/485/27 2574/380/55 2573/8/55 2625/486/27
f 2628/366/300 2630/367/300 2629/368/300 2627/6/300
f 2630/367/300 2632/369/301 2631/370/301 2629/368/300
f 2632/369/301 2634/371/301 2633/372/301 2631/370/301
f 2634/371/301 2636/373/302 2635/117/302 2633/372/301
f 2636/373/302 2638/374/303 2637/375/303 2635/117/302
f 2638/374/303 2640/376/304 2639/377/304 2637/375/303
f 2640/376/304 2642/378/305 2641/379/305 2639/377/304
f 2642/378/305 2628/380/300 2627/8/300 2641/379/305
f 2644/366/306 2646/453/307 2645/345/307 2643/6/306
f 2646/453/307 2648/470/308 2647/321/308 2645/345/307
f 2648/470/308 2644/380/306 2643/8/306 2647/321/308
f 2650/366/309 2652/871/310 2651/872/310 2649/6/309
f 2652/871/310 2654/873/311 2653/874/311 2651/872/310
f 2654/873/311 2656/875/312 2655/876/313 2653/874/311
f 2656/875/312 2658/877/314 2657/878/314 2655/876/313
f 2658/877/314 2660/879/315 2659/880/315 2657/878/314
f 2660/879/315 2662/881/316 2661/882/316 2659/880/315
f 2662/881/316 2664/883/317 2663/884/317 2661/882/316
f 2664/883/317 2666/885/318 2665/886/318 2663/884/317
f 2666/885/318 2668/887/319 2667/888/319 2665/886/318
f 2668/887/319 2670/889/320 2669/890/320 2667/888/319
f 2670/889/320 2672/891/321 2671/892/321 2669/890/320
f 2672/891/321 2674/893/322 2673/894/322 2671/892/321
f 2674/893/322 2676/895/323 2675/896/323 2673/894/322
f 2676/895/323 2678/897/324 2677/4/324 2675/896/323
f 2678/897/324 2680/898/325 2679/899/325 2677/4/324
f 2680/898/325 2682/900/326 2681/901/326 2679/899/325
f 2682/900/326 2684/902/327 2683/903/327 2681/901/326
f 2684/902/327 2686/904/328 2685/905/328 2683/903/327
f 2686/904/328 2688/906/329 2687/907/329 2685/905/328
f 2688/906/329 2690/908/330 2689/909/330 2687/907/329
f 2690/908/330 2692/910/331 2691/911/331 2689/909/330
f 2692/910/331 2694/912/332 2693/913/332 2691/911/331
f 2694/912/332 2696/914/333 2695/915/333 2693/913/332
f 2696/914/333 2698/916/334 2697/917/334 2695/915/333
f 2698/916/334 2700/918/335 2699/919/335 2697/917/334
f 2700/918/335 2702/920/336 2701/921/336 2699/919/335
f 2702/920/336 2704/922/337 2703/923/337 2701/921/336
f 2704/922/337 2706/924/338 2705/1/338 2703/923/337
f 2706/924/338 2708/925/339 2707/926/339 2705/1/338
f 2708/925/339 2710/927/340 2709/928/340 2707/926/339
f 2710/927/340 2712/929/341 2711/930/341 2709/928/340
f 2712/929/341 2714/931/342 2713/932/342 2711/930/341
f 2714/931/342 2716/933/343 2715/934/343 2713/932/342
f 2716/933/343 2718/935/344 2717/936/344 2715/934/343
f 2718/935/344 2720/937/345 2719/938/345 2717/936/344
f 2720/937/345 2722/939/346 2721/940/346 2719/938/345
f 2722/939/346 2724/941/347 2723/942/347 2721/940/346
f 2724/941/347 2726/943/348 2725/944/348 2723/942/347
f 2726/943/348 2728/945/349 2727/946/349 2725/944/348
f 2728/945/349 2730/947/350 2729/948/350 2727/946/349
f 2730/947/350 2732/949/351 2731/950/351 2729/948/350
f 2732/949/351 2734/951/352 2733/3/352 2731/950/351
f 2734/951/352 2736/952/353 2735/953/353 2733/3/352
f 2736/952/353 2738/954/354 2737/955/354 2735/953/353
f 2738/954/354 2740/956/355 2739/957/355 2737/955/354
f 2740/956/355 2742/958/356 2741/959/356 2739/957/355
f 2742/958/356 2744/960/357 2743/961/357 2741/959/356
f 2744/960/357 2746/962/358 2745/963/358 2743/961/357
f 2746/962/358 2748/373/359 2747/117/359 2745/963/358
f 2748/373/359 2750/964/360 2749/965/360 2747/117/359
f 2750/964/360 2752/966/361 2751/967/361 2749/965/360
f 2752/966/361 2754/968/362 2753/969/362 2751/967/361
f 2754/968/362 2756/970/363 2755/971/363 2753/969/362
f 2756/970/363 2758/972/364 2757/973/364 2755/971/363
f 2758/972/364 2760/974/365 2759/975/365 2757/973/364
f 2760/974/365 2762/976/366 2761/2/366 2759/975/365
f 2762/976/366 2764/977/367 2763/978/367 2761/2/366
f 2764/977/367 2766/979/368 2765/980/368 2763/978/367
f 2766/979/368 2768/981/369 2767/982/369 2765/980/368
f 2768/981/369 2770/983/370 2769/984/370 2767/982/369
f 2770/983/370 2772/985/371 2771/986/371 2769/984/370
f 2772/985/371 2774/987/372 2773/988/372 2771/986/371
f 2774/987/372 2776/989/373 2775/990/373 2773/988/372
f 2776/989/373 2778/991/374 2777/992/374 2775/990/373
f 2778/991/374 2780/993/375 2779/994/375 2777/992/374
f 2780/993/375 2782/995/376 2781/996/376 2779/994/375
f 2782/995/376 2784/997/377 2783/998/377 2781/996/376
f 2784/997/377 2786/999/378 2785/1000/378 2783/998/377
f 2786/999/378 2788/1001/379 2787/1002/379 2785/1000/378
f 2788/1001/379 2790/1003/380 2789/5/380 2787/1002/379
f 2790/1003/380 2792/1004/381 2791/1005/381 2789/5/380
f 2792/1004/381 2794/1006/382 2793/1007/382 2791/1005/381
f 2794/1006/382 2796/1008/383 2795/1009/383 2793/1007/382
f 2796/1008/383 2798/1010/384 2797/1011/384 2795/1009/383
f 2798/1010/384 2800/1012/385 2799/1013/385 2797/1011/384
f 2800/1012/385 2802/1014/386 2801/1015/386 2799/1013/385
f 2802/1014/386 2804/1016/387 2803/1017/387 2801/1015/386
f 2804/1016/387 2806/1018/388 2805/1019/388 2803/1017/387
f 2806/1018/388 2808/1020/389 2807/1021/389 2805/1019/388
f 2808/1020/389 2810/1022/390 2809/1023/390 2807/1021/389
f 2810/1022/390 2812/1024/391 2811/1025/391 2809/1023/390
f 2812/1024/391 2814/1026/392 2813/1027/392 2811/1025/391
f 2814/1026/392 2816/1028/393 2815/1029/393 2813/1027/392
f 2816/1028/393 2818/1030/394 2817/7/394 2815/1029/393
f 2818/1030/394 2820/1031/395 2819/1032/395 2817/7/394
f 2820/1031/395 2822/1033/396 2821/1034/396 2819/1032/395
f 2822/1033/396 2824/1035/397 2823/1036/397 2821/1034/396
f 2824/1035/397 2826/1037/398 2825/1038/398 2823/1036/397
f 2826/1037/398 2828/1039/399 2827/1040/399 2825/1038/398
f 2828/1039/399 2830/1041/400 2829/1042/400 2827/1040/399
f 2830/1041/400 2832/1043/401 2831/1044/401 2829/1042/400
f 2832/1043/401 2834/1045/402 2833/1046/402 2831/1044/401
f 2834/1045/402 2836/1047/403 2835/1048/403 2833/1046/402
f 2836/1047/403 2838/1049/404 2837/1050/404 2835/1048/403
f 2838/1049/404 2840/1051/405 2839/1052/405 2837/1050/404
f 2840/1051/405 2842/1053/406 2841/1054/406 2839/1052/405
f 2842/1053/406 2844/1055/407 2843/1056/407 2841/1054/406
f 2844/1055/407 2650/380/309 2649/8/309 2843/1056/407
f 2846/366/26 2848/619/27 2847/620/27 2845/6/26
f 2848/619/27 2850/621/27 2849/622/27 2847/620/27
f 2850/621/27 2852/369/26 2851/370/26 2849/622/27
f 2852/369/26 2854/453/26 2853/345/26 2851/370/26
f 2854/453/26 2856/623/27 2855/624/27 2853/345/26
f 2856/623/27 2858/373/27 2857/117/27 2855/624/27
f 2858/373/27 2860/625/26 2859/626/26 2857/117/27
f 2860/625/26 2862/470/28 2861/321/28 2859/626/26
f 2862/470/28 2864/376/29 2863/377/29 2861/321/28
f 2864/376/29 2866/627/27 2865/628/27 2863/377/29
f 2866/627/27 2868/629/26 2867/630/26 2865/628/27
f 2868/629/26 2846/380/26 2845/8/26 2867/630/26
f 2870/366/29 2872/367/28 2871/368/28 2869/6/29
f 2872/367/28 2874/369/28 2873/370/28 2871/368/28
f 2874/369/28 2876/371/29 2875/372/29 2873/370/28
f 2876/371/29 2878/373/27 2877/117/27 2875/372/29
f 2878/373/27 2880/374/26 2879/375/26 2877/117/27
f 2880/374/26 2882/376/28 2881/377/28 2879/375/26
f 2882/376/28 2884/378/29 2883/379/29 2881/377/28
f 2884/378/29 2870/380/29 2869/8/29 2883/379/29
