# Blender 4.4.1
# www.blender.org
mtllib gameOverFont.mtl
o テキスト.001
v -6.782918 0.224443 0.054908
v -6.812710 0.199863 0.056666
v -6.830054 0.184903 0.057729
v -6.847742 0.169056 0.058849
v -6.865641 0.152471 0.060015
v -6.883616 0.135302 0.061217
v -6.901533 0.117703 0.062445
v -6.919252 0.099829 0.063687
v -6.936634 0.081833 0.064933
v -6.953541 0.063870 0.066173
v -6.969833 0.046094 0.067396
v -6.985373 0.028657 0.068591
v -7.013055 -0.003365 0.070779
v -6.921056 -0.081658 0.074637
v -6.893461 -0.048328 0.072372
v -6.878205 -0.030594 0.071161
v -6.862345 -0.012794 0.069941
v -6.845997 0.004957 0.068719
v -6.829285 0.022546 0.067503
v -6.812324 0.039857 0.066302
v -6.795236 0.056778 0.065123
v -6.778139 0.073195 0.063975
v -6.761155 0.088996 0.062865
v -6.744407 0.104066 0.061800
v -6.728015 0.118291 0.060791
v -6.694005 0.146649 0.058765
v -6.563907 0.219669 0.053152
v -6.549882 0.265939 0.050234
v -6.541020 0.291980 0.048582
v -6.530661 0.319799 0.046810
v -6.518988 0.348837 0.044952
v -6.506185 0.378550 0.043042
v -6.492438 0.408398 0.041116
v -6.477932 0.437841 0.039207
v -6.462859 0.466340 0.037349
v -6.447417 0.493349 0.035578
v -6.431818 0.518313 0.033929
v -6.416300 0.540662 0.032437
v -6.384754 0.580514 0.029742
v -6.488746 0.627429 0.027886
v -6.512936 0.593719 0.030143
v -6.528445 0.569753 0.031731
v -6.544271 0.543305 0.033472
v -6.560223 0.514922 0.035331
v -6.576089 0.485173 0.037271
v -6.591642 0.454637 0.039256
v -6.606651 0.423901 0.041247
v -6.620882 0.393554 0.043208
v -6.634100 0.364186 0.045101
v -6.646070 0.336378 0.046888
v -6.656558 0.310704 0.048532
v -6.671818 0.270754 0.051081
v -5.935536 0.521222 0.029124
v -5.944128 0.521647 0.029178
v -5.953588 0.522197 0.029233
v -5.963827 0.522861 0.029289
v -5.974754 0.523627 0.029345
v -5.986286 0.524480 0.029401
v -5.998341 0.525410 0.029457
v -6.010838 0.526403 0.029514
v -6.023695 0.527446 0.029571
v -6.036837 0.528528 0.029628
v -6.050179 0.529636 0.029686
v -6.048853 0.529526 0.029681
v -6.049203 0.531154 0.029586
v -6.052398 0.547290 0.028643
v -6.055347 0.563550 0.027691
v -6.058040 0.579880 0.026733
v -6.060461 0.596227 0.025770
v -6.062600 0.612541 0.024808
v -6.064443 0.628766 0.023847
v -6.065977 0.644851 0.022893
v -6.067191 0.660741 0.021947
v -6.068076 0.676383 0.021013
v -6.068617 0.691721 0.020094
v -6.069084 0.728904 0.017858
v -6.196811 0.715193 0.019875
v -6.191141 0.689407 0.021376
v -6.190264 0.685280 0.021616
v -6.189380 0.681018 0.021865
v -6.188490 0.676649 0.022120
v -6.187596 0.672198 0.022380
v -6.186699 0.667687 0.022643
v -6.185799 0.663140 0.022909
v -6.184894 0.658578 0.023175
v -6.183985 0.654022 0.023441
v -6.183073 0.649495 0.023705
v -6.182157 0.645015 0.023967
v -6.181297 0.640901 0.024206
v -6.162558 0.538329 0.030211
v -6.147031 0.537026 0.030145
v -6.157330 0.537866 0.030190
v -6.167367 0.538655 0.030236
v -6.177107 0.539390 0.030283
v -6.186508 0.540062 0.030330
v -6.195536 0.540667 0.030378
v -6.204150 0.541197 0.030426
v -6.212317 0.541647 0.030475
v -6.220005 0.542010 0.030525
v -6.227183 0.542279 0.030576
v -6.233827 0.542447 0.030628
v -6.240152 0.542508 0.030683
v -6.261078 0.541795 0.030921
v -6.281753 0.539442 0.031256
v -6.301824 0.535146 0.031702
v -6.321092 0.528568 0.032278
v -6.339271 0.519364 0.033002
v -6.355967 0.507250 0.033887
v -6.370727 0.492074 0.034939
v -6.383134 0.473836 0.036154
v -6.392920 0.452610 0.037524
v -6.399961 0.428423 0.039047
v -6.404209 0.401196 0.040727
v -6.405609 0.371074 0.042554
v -6.405279 0.342863 0.044251
v -6.404313 0.313882 0.045988
v -6.402673 0.284118 0.047765
v -6.400328 0.253920 0.049563
v -6.397243 0.223635 0.051359
v -6.393381 0.193607 0.053131
v -6.388702 0.164177 0.054861
v -6.383165 0.135679 0.056526
v -6.376713 0.108440 0.058107
v -6.369281 0.082772 0.059584
v -6.360775 0.058969 0.060938
v -6.351198 0.037634 0.062134
v -6.342914 0.022081 0.062994
v -6.333661 0.008064 0.063752
v -6.323491 -0.004310 0.064403
v -6.312419 -0.015047 0.064946
v -6.300505 -0.024151 0.065384
v -6.287854 -0.031644 0.065717
v -6.274588 -0.037596 0.065952
v -6.260818 -0.042122 0.066096
v -6.246627 -0.045370 0.066159
v -6.232056 -0.047500 0.066152
v -6.217118 -0.048670 0.066083
v -6.201864 -0.049027 0.065962
v -6.192493 -0.048889 0.065866
v -6.182978 -0.048498 0.065754
v -6.173306 -0.047873 0.065626
v -6.163545 -0.047037 0.065485
v -6.153762 -0.046009 0.065331
v -6.144031 -0.044808 0.065168
v -6.134422 -0.043453 0.064997
v -6.125010 -0.041961 0.064819
v -6.115867 -0.040350 0.064637
v -6.107060 -0.038635 0.064452
v -6.098660 -0.036831 0.064265
v -6.077909 -0.031911 0.063775
v -6.059326 0.086952 0.056440
v -6.098907 0.075421 0.057504
v -6.108304 0.072982 0.057739
v -6.117945 0.070746 0.057964
v -6.127699 0.068723 0.058176
v -6.137444 0.066923 0.058376
v -6.147053 0.065351 0.058560
v -6.156402 0.064015 0.058728
v -6.165364 0.062918 0.058878
v -6.173812 0.062064 0.059008
v -6.181606 0.061457 0.059117
v -6.188597 0.061098 0.059204
v -6.194632 0.060981 0.059267
v -6.201940 0.061127 0.059327
v -6.208738 0.061597 0.059362
v -6.214975 0.062426 0.059370
v -6.220650 0.063636 0.059350
v -6.225793 0.065244 0.059301
v -6.230481 0.067279 0.059222
v -6.234831 0.069804 0.059111
v -6.238972 0.072942 0.058960
v -6.243011 0.076865 0.058762
v -6.247005 0.081773 0.058503
v -6.250954 0.087858 0.058174
v -6.254830 0.095308 0.057761
v -6.261158 0.110316 0.056916
v -6.267067 0.127593 0.055930
v -6.272511 0.146887 0.054818
v -6.277435 0.167874 0.053600
v -6.281816 0.190247 0.052293
v -6.285631 0.213714 0.050915
v -6.288874 0.237989 0.049483
v -6.291534 0.262790 0.048014
v -6.293611 0.287840 0.046524
v -6.295097 0.312864 0.045030
v -6.295994 0.337585 0.043549
v -6.296298 0.361443 0.042115
v -6.295576 0.379224 0.041037
v -6.293554 0.393711 0.040145
v -6.290457 0.405312 0.039417
v -6.286549 0.414306 0.038839
v -6.282032 0.421143 0.038385
v -6.276902 0.426400 0.038021
v -6.270909 0.430578 0.037713
v -6.263716 0.433938 0.037443
v -6.255103 0.436531 0.037207
v -6.245032 0.438336 0.037004
v -6.233585 0.439365 0.036835
v -6.220794 0.439689 0.036697
v -6.215611 0.439638 0.036651
v -6.209643 0.439485 0.036605
v -6.203093 0.439232 0.036559
v -6.196012 0.438887 0.036514
v -6.188447 0.438454 0.036469
v -6.180447 0.437939 0.036426
v -6.172050 0.437349 0.036383
v -6.163300 0.436690 0.036341
v -6.154236 0.435967 0.036300
v -6.144899 0.435188 0.036260
v -6.135327 0.434358 0.036220
v -6.139521 0.434733 0.036237
v -6.134140 0.414363 0.037414
v -6.123959 0.377668 0.039530
v -6.112562 0.338739 0.041769
v -6.099931 0.298006 0.044105
v -6.086042 0.255900 0.046512
v -6.070873 0.212849 0.048964
v -6.054401 0.169282 0.051435
v -6.036599 0.125625 0.053899
v -6.017439 0.082303 0.056330
v -5.996889 0.039741 0.058702
v -5.974915 -0.001639 0.060990
v -5.943090 -0.055639 0.063946
v -5.829870 -0.011524 0.060232
v -5.866386 0.041131 0.057401
v -5.887217 0.075400 0.055531
v -5.907084 0.112060 0.053508
v -5.925906 0.150506 0.051367
v -5.943610 0.190140 0.049145
v -5.960135 0.230366 0.046875
v -5.975421 0.270592 0.044595
v -5.989416 0.310228 0.042337
v -6.002069 0.348686 0.040139
v -6.013330 0.385375 0.038033
v -6.023149 0.419708 0.036057
v -6.024062 0.423147 0.035858
v -5.938927 0.413779 0.035628
v -5.933604 0.413092 0.035620
v -5.927518 0.412314 0.035610
v -5.920977 0.411482 0.035599
v -5.914081 0.410605 0.035587
v -5.906932 0.409691 0.035576
v -5.899634 0.408751 0.035564
v -5.892290 0.407793 0.035554
v -5.885005 0.406828 0.035544
v -5.877884 0.405865 0.035535
v -5.871035 0.404914 0.035529
v -5.864567 0.403985 0.035524
v -5.837567 0.399943 0.035516
v -5.826370 0.522240 0.028044
v -5.856305 0.520524 0.028427
v -5.862765 0.520244 0.028504
v -5.869122 0.520054 0.028574
v -5.875412 0.519944 0.028640
v -5.881677 0.519907 0.028700
v -5.887954 0.519932 0.028757
v -5.894279 0.520013 0.028812
v -5.900693 0.520140 0.028864
v -5.907226 0.520305 0.028915
v -5.913914 0.520498 0.028966
v -5.920791 0.520711 0.029017
v -5.927816 0.520932 0.029069
v -5.424254 0.386188 0.032489
v -5.424297 0.462150 0.027913
v -5.326601 0.462150 0.027002
v -5.326559 0.386188 0.031578
v -5.620446 0.386188 0.034319
v -5.620489 0.462150 0.029743
v -5.522793 0.462150 0.028832
v -5.522750 0.386188 0.033408
v -5.424351 0.556879 0.022207
v -5.424392 0.631044 0.017739
v -5.326696 0.631044 0.016828
v -5.326654 0.556879 0.021295
v -5.620543 0.556879 0.024037
v -5.620584 0.631044 0.019569
v -5.522887 0.631044 0.018658
v -5.522846 0.556879 0.023126
v -5.418706 0.120769 0.048427
v -5.213514 0.120769 0.046513
v -5.213572 0.221786 0.040428
v -5.418763 0.221786 0.042342
v -5.418800 0.287866 0.038361
v -5.224408 0.287866 0.036548
v -5.224656 0.730264 0.009899
v -5.725435 0.730264 0.014570
v -5.725186 0.287866 0.041220
v -5.528095 0.287866 0.039381
v -5.528058 0.221786 0.043361
v -5.737748 0.221786 0.045318
v -5.737692 0.120769 0.051403
v -5.528002 0.120769 0.049447
v -5.527954 0.036721 0.054509
v -5.768244 0.036721 0.056751
v -5.768187 -0.065194 0.062890
v -5.144114 -0.065194 0.057068
v -5.144171 0.036721 0.050929
v -5.418659 0.036721 0.053490
v -5.011151 0.348057 0.030932
v -4.908556 0.348057 0.029975
v -4.908613 0.450871 0.023782
v -5.011209 0.450871 0.024739
v -5.011297 0.607686 0.015293
v -4.899702 0.607686 0.014252
v -4.899759 0.710500 0.008058
v -5.220546 0.710500 0.011051
v -5.220488 0.607686 0.017244
v -5.116093 0.607686 0.016270
v -5.116004 0.450871 0.025717
v -5.206901 0.450871 0.026565
v -5.206842 0.348057 0.032758
v -5.115947 0.348057 0.031910
v -5.115848 0.172104 0.042509
v -5.210483 0.203874 0.041478
v -5.229220 0.098508 0.048000
v -5.188421 0.084916 0.048439
v -5.163859 0.076713 0.048704
v -5.139244 0.068479 0.048970
v -5.114683 0.060252 0.049237
v -5.090280 0.052074 0.049502
v -5.066141 0.043985 0.049764
v -5.042375 0.036026 0.050021
v -5.019086 0.028238 0.050273
v -4.996381 0.020660 0.050518
v -4.974363 0.013333 0.050754
v -4.953140 0.006297 0.050980
v -4.912378 -0.007149 0.051410
v -4.885445 0.100631 0.044665
v -4.912608 0.108519 0.044444
v -4.921551 0.111140 0.044369
v -4.930779 0.113869 0.044291
v -4.940282 0.116701 0.044209
v -4.950050 0.119634 0.044123
v -4.960074 0.122664 0.044034
v -4.970345 0.125789 0.043942
v -4.980851 0.129004 0.043846
v -4.991585 0.132307 0.043747
v -5.002535 0.135695 0.043645
v -5.013693 0.139165 0.043540
v -5.011034 0.138334 0.043566
v -4.746613 0.124084 0.041957
v -4.758401 0.109212 0.042963
v -4.770251 0.093788 0.044003
v -4.782039 0.077974 0.045066
v -4.793637 0.061928 0.046141
v -4.804921 0.045813 0.047217
v -4.815764 0.029786 0.048283
v -4.826043 0.014005 0.049330
v -4.835633 -0.001380 0.050346
v -4.844414 -0.016223 0.051322
v -4.852267 -0.030395 0.052249
v -4.869080 -0.063451 0.054398
v -4.764334 -0.101594 0.055718
v -4.750392 -0.073027 0.053867
v -4.743399 -0.059836 0.053007
v -4.735409 -0.045692 0.052081
v -4.726556 -0.030804 0.051101
v -4.716971 -0.015372 0.050082
v -4.706783 0.000416 0.049036
v -4.696122 0.016372 0.047975
v -4.685113 0.032313 0.046912
v -4.673882 0.048055 0.045859
v -4.662561 0.063416 0.044828
v -4.651277 0.078212 0.043832
v -4.622208 0.114941 0.041348
v -4.726478 0.148653 0.040290
v -4.207344 0.081440 0.039496
v -4.199678 0.064474 0.040446
v -4.191439 0.047452 0.041395
v -4.182655 0.030482 0.042335
v -4.173362 0.013677 0.043261
v -4.163589 -0.002853 0.044166
v -4.153366 -0.018997 0.045043
v -4.142721 -0.034644 0.045886
v -4.131678 -0.049683 0.046689
v -4.120256 -0.064005 0.047445
v -4.108473 -0.077499 0.048148
v -4.087274 -0.099424 0.049272
v -3.983332 -0.056429 0.045712
v -4.016191 -0.025180 0.044136
v -4.026399 -0.014371 0.043580
v -4.036552 -0.002543 0.042962
v -4.046562 0.010178 0.042289
v -4.056347 0.023665 0.041568
v -4.065828 0.037793 0.040805
v -4.074933 0.052436 0.040008
v -4.083590 0.067469 0.039183
v -4.091729 0.082765 0.038337
v -4.099282 0.098197 0.037478
v -4.106183 0.113638 0.036612
v -4.119025 0.145452 0.034816
v -4.223298 0.119427 0.037356
v -4.132792 0.354346 0.022359
v -4.034697 0.354346 0.021444
v -4.034754 0.456261 0.015305
v -4.132850 0.456261 0.016220
v -4.132874 0.499883 0.013593
v -4.160954 0.531232 0.011966
v -4.153983 0.523641 0.012358
v -4.146985 0.516208 0.012741
v -4.139965 0.508936 0.013113
v -4.132931 0.501828 0.013476
v -4.125887 0.494886 0.013828
v -4.118840 0.488114 0.014171
v -4.111795 0.481514 0.014502
v -4.104759 0.475089 0.014824
v -4.097736 0.468843 0.015135
v -4.090734 0.462777 0.015435
v -4.070010 0.445306 0.016294
v -4.053954 0.460886 0.015206
v -4.050476 0.464112 0.014979
v -4.046488 0.467682 0.014727
v -4.042106 0.471488 0.014456
v -4.037438 0.475433 0.014175
v -4.032589 0.479425 0.013889
v -4.027658 0.483373 0.013606
v -4.022751 0.487188 0.013330
v -4.017974 0.490777 0.013069
v -4.013443 0.494044 0.012830
v -4.009293 0.496887 0.012620
v -3.981468 0.514653 0.011290
v -4.022503 0.546520 0.009753
v -4.040644 0.561955 0.008993
v -4.058512 0.578505 0.008162
v -4.076004 0.596064 0.007268
v -4.093021 0.614528 0.006314
v -4.109466 0.633793 0.005307
v -4.125239 0.653752 0.004252
v -4.140246 0.674298 0.003154
v -4.154394 0.695324 0.002019
v -4.167587 0.716721 0.000853
v -4.179735 0.738380 -0.000338
v -4.198419 0.775387 -0.002393
v -4.303272 0.745273 0.000399
v -4.288648 0.716479 0.001997
v -4.284838 0.709165 0.002402
v -4.280952 0.701887 0.002804
v -4.276994 0.694641 0.003204
v -4.272959 0.687425 0.003601
v -4.268850 0.680236 0.003996
v -4.264669 0.673070 0.004389
v -4.260412 0.665925 0.004779
v -4.256083 0.658797 0.005168
v -4.251679 0.651685 0.005556
v -4.247203 0.644584 0.005942
v -4.262400 0.668277 0.004656
v -4.819139 0.668277 0.009850
v -4.819082 0.567260 0.015935
v -4.723687 0.567260 0.015045
v -4.723624 0.456261 0.021731
v -4.821720 0.456261 0.022647
v -4.821663 0.354346 0.028786
v -4.723567 0.354346 0.027871
v -4.723504 0.241550 0.034665
v -4.846798 0.241550 0.035815
v -4.846741 0.139635 0.041955
v -4.008477 0.139635 0.034135
v -4.008534 0.241550 0.027996
v -4.132730 0.241550 0.029154
v -4.233146 0.456261 0.017156
v -4.293043 0.456261 0.017715
v -4.293105 0.567260 0.011028
v -4.233209 0.567260 0.010470
v -4.455935 0.456261 0.019234
v -4.455998 0.567260 0.012548
v -4.392501 0.567260 0.011956
v -4.392439 0.456261 0.018642
v -4.620628 0.456261 0.020771
v -4.620691 0.567260 0.014084
v -4.554494 0.567260 0.013467
v -4.554431 0.456261 0.020153
v -4.233026 0.241550 0.030090
v -4.292922 0.241550 0.030649
v -4.292986 0.354346 0.023854
v -4.233088 0.354346 0.023295
v -4.455815 0.241550 0.032168
v -4.455878 0.354346 0.025373
v -4.392382 0.354346 0.024781
v -4.392318 0.241550 0.031576
v -4.620508 0.241550 0.033704
v -4.620571 0.354346 0.026910
v -4.554374 0.354346 0.026292
v -4.554311 0.241550 0.033087
v -4.373113 0.095267 0.040209
v -4.375940 0.080969 0.041097
v -4.378636 0.066343 0.042003
v -4.381177 0.051527 0.042919
v -4.383541 0.036661 0.043837
v -4.385702 0.021883 0.044748
v -4.387638 0.007332 0.045642
v -4.389323 -0.006855 0.046513
v -4.390733 -0.020545 0.047351
v -4.391843 -0.033609 0.048148
v -4.392625 -0.045928 0.048897
v -4.393704 -0.075132 0.050667
v -4.288020 -0.089583 0.050551
v -4.287031 -0.056446 0.048546
v -4.286489 -0.044633 0.047829
v -4.285726 -0.031945 0.047058
v -4.284740 -0.018550 0.046242
v -4.283533 -0.004617 0.045391
v -4.282105 0.009692 0.044516
v -4.280457 0.024213 0.043625
v -4.278592 0.038781 0.042730
v -4.276509 0.053233 0.041840
v -4.274215 0.067400 0.040965
v -4.271712 0.081114 0.040116
v -4.264480 0.116138 0.037938
v -4.366488 0.126468 0.038268
v -4.559492 0.104944 0.041365
v -4.565673 0.090739 0.042278
v -4.571759 0.076145 0.043214
v -4.577697 0.061307 0.044164
v -4.583430 0.046369 0.045117
v -4.588903 0.031475 0.046065
v -4.594059 0.016770 0.046999
v -4.598842 0.002394 0.047910
v -4.603194 -0.011515 0.048789
v -4.607061 -0.024825 0.049626
v -4.610388 -0.037416 0.050416
v -4.617605 -0.068545 0.052359
v -4.511724 -0.091396 0.052748
v -4.504948 -0.060938 0.050849
v -4.502015 -0.049066 0.050107
v -4.498599 -0.036314 0.049307
v -4.494747 -0.022858 0.048460
v -4.490505 -0.008865 0.047578
v -4.485922 0.005499 0.046669
v -4.481040 0.020074 0.045746
v -4.475909 0.034697 0.044817
v -4.470573 0.049209 0.043893
v -4.465082 0.063447 0.042984
v -4.459485 0.077249 0.042100
v -4.443924 0.113583 0.039766
v -4.546882 0.132668 0.039577
v -3.498348 0.592345 0.002103
v -3.517106 0.578755 0.003097
v -3.524769 0.572939 0.003518
v -3.533020 0.566449 0.003986
v -3.541731 0.559394 0.004493
v -3.550759 0.551889 0.005029
v -3.559958 0.544052 0.005587
v -3.569178 0.536004 0.006158
v -3.578270 0.527862 0.006733
v -3.587084 0.519745 0.007304
v -3.595474 0.511765 0.007863
v -3.603302 0.504025 0.008403
v -3.625562 0.480909 0.010003
v -3.544282 0.417503 0.013065
v -3.525141 0.437575 0.011677
v -3.518183 0.444631 0.011187
v -3.510840 0.451846 0.010684
v -3.503175 0.459155 0.010172
v -3.495248 0.466495 0.009656
v -3.487121 0.473800 0.009140
v -3.478854 0.481009 0.008628
v -3.470509 0.488058 0.008126
v -3.462148 0.494884 0.007637
v -3.453836 0.501424 0.007165
v -3.445637 0.507613 0.006716
v -3.415568 0.529270 0.005131
v -3.242820 0.327115 0.015698
v -3.249399 0.329762 0.015599
v -3.256226 0.332550 0.015495
v -3.263286 0.335471 0.015385
v -3.270566 0.338521 0.015269
v -3.278053 0.341691 0.015148
v -3.285732 0.344975 0.015022
v -3.293591 0.348368 0.014891
v -3.301618 0.351861 0.014755
v -3.309797 0.355450 0.014615
v -3.318118 0.359127 0.014471
v -3.307658 0.354473 0.014654
v -3.312976 0.343607 0.015359
v -3.309273 0.351067 0.014875
v -3.305628 0.358308 0.014404
v -3.302050 0.365312 0.013949
v -3.298550 0.372062 0.013510
v -3.295138 0.378541 0.013088
v -3.291824 0.384734 0.012684
v -3.288619 0.390621 0.012299
v -3.285533 0.396185 0.011935
v -3.282579 0.401408 0.011593
v -3.279768 0.406270 0.011274
v -3.277184 0.410632 0.010987
v -3.274989 0.414126 0.010756
v -3.272489 0.418066 0.010495
v -3.269826 0.422202 0.010221
v -3.267024 0.426480 0.009937
v -3.264105 0.430841 0.009647
v -3.261095 0.435227 0.009355
v -3.258021 0.439578 0.009064
v -3.254910 0.443832 0.008779
v -3.251796 0.447924 0.008503
v -3.248712 0.451790 0.008242
v -3.245702 0.455358 0.007999
v -3.223113 0.480379 0.006281
v -3.339911 0.525548 0.004649
v -3.349227 0.504758 0.005988
v -3.350824 0.501341 0.006209
v -3.352512 0.497850 0.006435
v -3.354272 0.494313 0.006665
v -3.356083 0.490757 0.006896
v -3.357925 0.487208 0.007127
v -3.359780 0.483690 0.007356
v -3.361629 0.480225 0.007582
v -3.363453 0.476835 0.007803
v -3.365234 0.473541 0.008018
v -3.366956 0.470363 0.008226
v -3.368698 0.467140 0.008436
v -3.404396 0.397248 0.012980
v -3.410679 0.399904 0.012878
v -3.434483 0.409747 0.012507
v -3.458471 0.419361 0.012152
v -3.482503 0.428604 0.011819
v -3.506447 0.437330 0.011517
v -3.530172 0.445398 0.011252
v -3.553553 0.452661 0.011033
v -3.576472 0.458974 0.010866
v -3.598819 0.464186 0.010761
v -3.620497 0.468139 0.010725
v -3.641427 0.470662 0.010768
v -3.661537 0.471556 0.010902
v -3.691927 0.470031 0.011277
v -3.719875 0.465552 0.011808
v -3.745332 0.458280 0.012484
v -3.768257 0.448389 0.013293
v -3.788580 0.436081 0.014224
v -3.806221 0.421599 0.015261
v -3.821108 0.405228 0.016387
v -3.833204 0.387283 0.017580
v -3.842513 0.368090 0.018823
v -3.849072 0.347963 0.020097
v -3.852947 0.327193 0.021385
v -3.854209 0.306117 0.022666
v -3.852909 0.281368 0.024145
v -3.848959 0.257844 0.025525
v -3.842219 0.235593 0.026803
v -3.832566 0.214838 0.027963
v -3.819932 0.195856 0.028989
v -3.804330 0.178944 0.029862
v -3.785855 0.164366 0.030568
v -3.764645 0.152307 0.031097
v -3.740821 0.142867 0.031443
v -3.714456 0.136091 0.031605
v -3.685563 0.132003 0.031582
v -3.654292 0.130641 0.031372
v -3.642993 0.130902 0.031251
v -3.631875 0.131635 0.031103
v -3.620814 0.132789 0.030931
v -3.609875 0.134314 0.030737
v -3.599125 0.136165 0.030525
v -3.588633 0.138295 0.030299
v -3.578466 0.140660 0.030061
v -3.568694 0.143219 0.029816
v -3.559384 0.145930 0.029566
v -3.550601 0.148757 0.029314
v -3.542404 0.151666 0.029062
v -3.521942 0.159688 0.028388
v -3.526514 0.269239 0.021831
v -3.560530 0.253620 0.023089
v -3.567616 0.250675 0.023333
v -3.575161 0.247838 0.023574
v -3.583083 0.245151 0.023810
v -3.591302 0.242656 0.024037
v -3.599740 0.240389 0.024252
v -3.608319 0.238388 0.024452
v -3.616960 0.236685 0.024636
v -3.625583 0.235314 0.024799
v -3.634108 0.234304 0.024939
v -3.642451 0.233683 0.025054
v -3.650365 0.233476 0.025141
v -3.669293 0.234313 0.025267
v -3.685474 0.236645 0.025277
v -3.699187 0.240244 0.025188
v -3.710604 0.244871 0.025016
v -3.719959 0.250317 0.024775
v -3.727528 0.256433 0.024477
v -3.733593 0.263161 0.024129
v -3.738378 0.270508 0.023731
v -3.742028 0.278503 0.023283
v -3.744608 0.287143 0.022787
v -3.746145 0.296369 0.022245
v -3.746651 0.305951 0.021673
v -3.746219 0.313155 0.021235
v -3.744887 0.320348 0.020789
v -3.742598 0.327434 0.020341
v -3.739298 0.334286 0.019897
v -3.734908 0.340816 0.019463
v -3.729303 0.346961 0.019040
v -3.722301 0.352650 0.018632
v -3.713679 0.357775 0.018243
v -3.703203 0.362172 0.017880
v -3.690658 0.365625 0.017555
v -3.675868 0.367886 0.017281
v -3.658696 0.368698 0.017072
v -3.644867 0.368079 0.016980
v -3.629490 0.366227 0.016948
v -3.612752 0.363190 0.016975
v -3.594860 0.359045 0.017058
v -3.575999 0.353882 0.017193
v -3.556339 0.347799 0.017376
v -3.536041 0.340898 0.017603
v -3.515260 0.333280 0.017868
v -3.494145 0.325050 0.018167
v -3.472841 0.316312 0.018494
v -3.451490 0.307169 0.018846
v -3.448412 0.305802 0.018900
v -3.469996 0.257427 0.022015
v -3.480110 0.233788 0.023534
v -3.490350 0.208640 0.025144
v -3.500613 0.182380 0.026822
v -3.510820 0.155346 0.028546
v -3.520888 0.127881 0.030294
v -3.530734 0.100332 0.032046
v -3.540271 0.073047 0.033778
v -3.549415 0.046373 0.035471
v -3.558079 0.020661 0.037100
v -3.566177 -0.003739 0.038646
v -3.573623 -0.026476 0.040085
v -3.586726 -0.066965 0.042647
v -3.476106 -0.097712 0.043467
v -3.464974 -0.056407 0.040875
v -3.458523 -0.033494 0.039434
v -3.451534 -0.009626 0.037931
v -3.444058 0.014987 0.036379
v -3.436146 0.040137 0.034790
v -3.427850 0.065618 0.033177
v -3.419222 0.091222 0.031554
v -3.410313 0.116742 0.029934
v -3.401175 0.141972 0.028329
v -3.391860 0.166702 0.026752
v -3.382424 0.190723 0.025217
v -3.372962 0.213723 0.023743
v -3.351792 0.261170 0.020687
v -3.355030 0.262723 0.020624
v -3.340129 0.255504 0.020919
v -3.325659 0.248440 0.021210
v -3.311669 0.241575 0.021493
v -3.298213 0.234951 0.021767
v -3.285341 0.228610 0.022029
v -3.273103 0.222596 0.022277
v -3.261548 0.216949 0.022509
v -3.250722 0.211710 0.022724
v -3.240666 0.206918 0.022919
v -3.231418 0.202611 0.023092
v -3.205466 0.190925 0.023554
v -3.152003 0.300599 0.016448
v -3.182352 0.308120 0.016278
v -3.188497 0.309723 0.016239
v -3.194518 0.311366 0.016196
v -3.200378 0.313031 0.016150
v -3.206040 0.314697 0.016103
v -3.211468 0.316347 0.016054
v -3.216625 0.317962 0.016005
v -3.221475 0.319522 0.015956
v -3.225984 0.321009 0.015908
v -3.230114 0.322403 0.015863
v -3.233828 0.323684 0.015820
v -3.236796 0.324731 0.015785
v -2.745903 0.423574 0.005251
v -2.731332 0.452873 0.003350
v -2.725116 0.465057 0.002558
v -2.718634 0.477446 0.001751
v -2.711923 0.489952 0.000935
v -2.705019 0.502488 0.000115
v -2.697959 0.514967 -0.000702
v -2.690779 0.527299 -0.001512
v -2.683517 0.539398 -0.002309
v -2.676211 0.551175 -0.003086
v -2.668902 0.562539 -0.003839
v -2.661630 0.573399 -0.004561
v -2.640112 0.604115 -0.006612
v -2.729308 0.641596 -0.008038
v -2.744594 0.619257 -0.006550
v -2.751407 0.609042 -0.005871
v -2.758743 0.597805 -0.005126
v -2.766473 0.585737 -0.004327
v -2.774461 0.573036 -0.003487
v -2.782572 0.559900 -0.002620
v -2.790668 0.546529 -0.001739
v -2.798615 0.533119 -0.000857
v -2.806277 0.519868 0.000013
v -2.813518 0.506967 0.000858
v -2.820209 0.494600 0.001665
v -2.835688 0.464579 0.003618
v -2.865979 0.470913 0.003519
v -2.851127 0.500047 0.001625
v -2.844847 0.511937 0.000851
v -2.838242 0.524036 0.000060
v -2.831357 0.536252 -0.000740
v -2.824240 0.548492 -0.001544
v -2.816936 0.560666 -0.002345
v -2.809492 0.572680 -0.003139
v -2.801956 0.584444 -0.003918
v -2.794376 0.595863 -0.004676
v -2.786803 0.606845 -0.005408
v -2.779287 0.617294 -0.006108
v -2.756862 0.647040 -0.008109
v -2.844408 0.687604 -0.009736
v -2.860691 0.665930 -0.008279
v -2.867992 0.655775 -0.007599
v -2.875749 0.644615 -0.006854
v -2.883843 0.632638 -0.006057
v -2.892146 0.620044 -0.005221
v -2.900525 0.607038 -0.004359
v -2.908845 0.593824 -0.003486
v -2.916972 0.580610 -0.002614
v -2.924772 0.567600 -0.001757
v -2.932110 0.554994 -0.000929
v -2.938857 0.542987 -0.000143
v -2.954627 0.513621 0.001773
v -2.483606 0.571722 -0.006121
v -2.482508 0.540345 -0.004241
v -2.481333 0.505623 -0.002160
v -2.480119 0.468219 0.000082
v -2.478904 0.428800 0.002445
v -2.477726 0.388029 0.004890
v -2.476623 0.346575 0.007378
v -2.475632 0.305102 0.009867
v -2.474792 0.264280 0.012318
v -2.474140 0.224776 0.014692
v -2.473715 0.187264 0.016948
v -2.473554 0.152912 0.019016
v -2.474715 0.131321 0.020327
v -2.477967 0.113074 0.021457
v -2.483072 0.097521 0.022442
v -2.489813 0.084381 0.023296
v -2.498073 0.073313 0.024040
v -2.507866 0.063990 0.024693
v -2.519282 0.056191 0.025269
v -2.532404 0.049818 0.025776
v -2.547244 0.044858 0.026213
v -2.563731 0.041326 0.026579
v -2.581740 0.039223 0.026874
v -2.600968 0.038535 0.027095
v -2.638868 0.040324 0.027341
v -2.673786 0.045445 0.027358
v -2.706037 0.053578 0.027169
v -2.735834 0.064419 0.026794
v -2.763383 0.077685 0.026252
v -2.788872 0.093109 0.025560
v -2.812470 0.110427 0.024737
v -2.834323 0.129374 0.023799
v -2.854565 0.149674 0.022765
v -2.873322 0.171043 0.021653
v -2.890714 0.193185 0.020481
v -2.922094 0.237125 0.018127
v -3.000221 0.144023 0.024465
v -2.973549 0.109102 0.026320
v -2.953848 0.085792 0.027540
v -2.931575 0.062245 0.028751
v -2.906621 0.038967 0.029920
v -2.878875 0.016471 0.031017
v -2.848236 -0.004724 0.032008
v -2.814607 -0.024093 0.032861
v -2.777905 -0.041104 0.033543
v -2.738063 -0.055228 0.034023
v -2.695028 -0.065941 0.034266
v -2.648758 -0.072730 0.034244
v -2.599334 -0.075093 0.033925
v -2.566128 -0.073888 0.033543
v -2.534637 -0.070152 0.033024
v -2.504866 -0.063665 0.032355
v -2.477005 -0.054187 0.031524
v -2.451299 -0.041471 0.030519
v -2.428080 -0.025304 0.029328
v -2.407743 -0.005559 0.027949
v -2.390685 0.017763 0.026385
v -2.377215 0.044566 0.024644
v -2.367515 0.074745 0.022736
v -2.361669 0.108267 0.020662
v -2.359749 0.144751 0.018446
v -2.359968 0.180511 0.016294
v -2.360530 0.218915 0.013985
v -2.361369 0.259646 0.011539
v -2.362414 0.301917 0.009002
v -2.363596 0.344937 0.006422
v -2.364847 0.387910 0.003845
v -2.366097 0.430038 0.001318
v -2.367276 0.470521 -0.001109
v -2.368316 0.508554 -0.003391
v -2.369147 0.543327 -0.005478
v -2.369699 0.574017 -0.007322
v -2.369907 0.599808 -0.008874
v -2.369858 0.607817 -0.009357
v -2.369699 0.615773 -0.009837
v -2.369431 0.623649 -0.010314
v -2.369057 0.631422 -0.010786
v -2.368574 0.639074 -0.011252
v -2.367984 0.646581 -0.011709
v -2.367288 0.653924 -0.012158
v -2.366487 0.661080 -0.012597
v -2.365583 0.668027 -0.013024
v -2.364578 0.674742 -0.013438
v -2.363472 0.681202 -0.013837
v -2.357560 0.711640 -0.015726
v -2.495858 0.710273 -0.014353
v -2.491467 0.680318 -0.012590
v -2.490479 0.673022 -0.012160
v -2.489563 0.665670 -0.011725
v -2.488719 0.658276 -0.011288
v -2.487948 0.650853 -0.010848
v -2.487250 0.643414 -0.010406
v -2.486624 0.635972 -0.009963
v -2.486072 0.628541 -0.009521
v -2.485592 0.621135 -0.009079
v -2.485186 0.613767 -0.008639
v -2.484853 0.606449 -0.008201
v -2.484590 0.599097 -0.007761
v -1.937046 0.568756 -0.011041
v -1.892080 0.571816 -0.011645
v -1.862488 0.574082 -0.012057
v -1.830629 0.576754 -0.012516
v -1.797054 0.579791 -0.013012
v -1.762319 0.583153 -0.013538
v -1.726980 0.586800 -0.014088
v -1.691593 0.590692 -0.014652
v -1.656713 0.594790 -0.015225
v -1.622895 0.599055 -0.015797
v -1.590685 0.603450 -0.016362
v -1.560626 0.607937 -0.016913
v -1.513653 0.615741 -0.017821
v -1.532292 0.724165 -0.024179
v -1.578917 0.714512 -0.023163
v -1.608350 0.709319 -0.022575
v -1.640502 0.704370 -0.021977
v -1.674621 0.699722 -0.021379
v -1.709973 0.695426 -0.020790
v -1.745834 0.691530 -0.020221
v -1.781482 0.688078 -0.019681
v -1.816197 0.685117 -0.019178
v -1.849259 0.682691 -0.018724
v -1.879938 0.680844 -0.018326
v -1.907491 0.679619 -0.017996
v -1.954242 0.678511 -0.017493
v -1.747574 0.404976 -0.002942
v -1.723404 0.403358 -0.003070
v -1.699967 0.400836 -0.003137
v -1.677325 0.397556 -0.003150
v -1.655543 0.393661 -0.003119
v -1.634685 0.389297 -0.003050
v -1.614815 0.384611 -0.002953
v -1.595992 0.379747 -0.002836
v -1.578275 0.374851 -0.002706
v -1.561714 0.370067 -0.002573
v -1.546351 0.365538 -0.002443
v -1.532630 0.361526 -0.002329
v -1.526062 0.359383 -0.002262
v -1.519354 0.357137 -0.002189
v -1.512734 0.354865 -0.002114
v -1.506214 0.352574 -0.002037
v -1.499802 0.350270 -0.001958
v -1.493509 0.347960 -0.001877
v -1.487344 0.345650 -0.001795
v -1.481317 0.343346 -0.001713
v -1.475438 0.341054 -0.001630
v -1.469718 0.338782 -0.001546
v -1.464165 0.336535 -0.001463
v -1.437899 0.325712 -0.001056
v -1.401980 0.454224 -0.009133
v -1.432359 0.456702 -0.008999
v -1.438607 0.457329 -0.008978
v -1.445053 0.458086 -0.008964
v -1.451660 0.458963 -0.008955
v -1.458390 0.459952 -0.008952
v -1.465208 0.461043 -0.008954
v -1.472079 0.462228 -0.008961
v -1.478968 0.463496 -0.008973
v -1.485842 0.464839 -0.008990
v -1.492665 0.466246 -0.009011
v -1.499405 0.467708 -0.009036
v -1.506069 0.469224 -0.009065
v -1.522518 0.473068 -0.009143
v -1.540554 0.477377 -0.009235
v -1.560085 0.482012 -0.009332
v -1.580958 0.486819 -0.009427
v -1.603027 0.491642 -0.009511
v -1.626154 0.496327 -0.009578
v -1.650203 0.500720 -0.009618
v -1.675042 0.504667 -0.009624
v -1.700539 0.508013 -0.009588
v -1.726566 0.510600 -0.009501
v -1.752996 0.512270 -0.009355
v -1.779933 0.512869 -0.009140
v -1.812860 0.511319 -0.008739
v -1.844580 0.506634 -0.008161
v -1.874633 0.498824 -0.007410
v -1.902770 0.487880 -0.006489
v -1.928720 0.473797 -0.005398
v -1.952176 0.456585 -0.004142
v -1.972806 0.436292 -0.002727
v -1.990269 0.413016 -0.001162
v -2.004244 0.386910 0.000541
v -2.014457 0.358163 0.002368
v -2.020694 0.326965 0.004306
v -2.022798 0.293324 0.006352
v -2.018955 0.243373 0.009325
v -2.007674 0.196765 0.012028
v -1.989390 0.153797 0.014446
v -1.964628 0.114630 0.016574
v -1.933971 0.079333 0.018415
v -1.897994 0.047880 0.019974
v -1.857224 0.020181 0.021262
v -1.812135 -0.003881 0.022291
v -1.763161 -0.024422 0.023072
v -1.710711 -0.041545 0.023614
v -1.655181 -0.055338 0.023927
v -1.583845 -0.068250 0.024040
v -1.521185 0.037489 0.017085
v -1.603268 0.049787 0.017110
v -1.652329 0.060040 0.016950
v -1.697910 0.072741 0.016610
v -1.739678 0.087888 0.016087
v -1.777310 0.105462 0.015379
v -1.810506 0.125421 0.014487
v -1.839013 0.147712 0.013410
v -1.862647 0.172298 0.012149
v -1.881301 0.199215 0.010701
v -1.894897 0.228629 0.009056
v -1.903289 0.260837 0.007194
v -1.906201 0.296283 0.005086
v -1.905151 0.311779 0.004143
v -1.902053 0.326356 0.003236
v -1.897037 0.339867 0.002375
v -1.890179 0.352313 0.001561
v -1.881524 0.363679 0.000796
v -1.871088 0.373921 0.000081
v -1.858882 0.382957 -0.000577
v -1.844920 0.390677 -0.001172
v -1.829234 0.396944 -0.001696
v -1.811875 0.401611 -0.002139
v -1.792907 0.404523 -0.002492
v -1.772163 0.405542 -0.002747
v -0.688338 0.161457 0.001847
v -0.669069 0.159629 0.001778
v -0.651713 0.156690 0.001793
v -0.636341 0.152747 0.001887
v -0.623019 0.147928 0.002053
v -0.611791 0.142389 0.002282
v -0.602657 0.136303 0.002563
v -0.595541 0.129841 0.002886
v -0.590277 0.123112 0.003242
v -0.586640 0.116086 0.003632
v -0.584449 0.108568 0.004064
v -0.583684 0.100266 0.004557
v -0.584402 0.092008 0.005061
v -0.586454 0.084706 0.005521
v -0.589797 0.078108 0.005949
v -0.594588 0.071930 0.006366
v -0.601073 0.066060 0.006780
v -0.609455 0.060559 0.007190
v -0.619828 0.055572 0.007587
v -0.632200 0.051258 0.007962
v -0.646519 0.047753 0.008307
v -0.662710 0.045161 0.008614
v -0.680692 0.043562 0.008878
v -0.700239 0.043021 0.009093
v -0.714366 0.043593 0.009191
v -0.726717 0.045240 0.009207
v -0.737388 0.047866 0.009148
v -0.746432 0.051357 0.009022
v -0.753988 0.055617 0.008836
v -0.760272 0.060623 0.008593
v -0.765524 0.066481 0.008289
v -0.769915 0.073401 0.007913
v -0.773490 0.081628 0.007451
v -0.776186 0.091351 0.006890
v -0.777889 0.102671 0.006224
v -0.778497 0.115876 0.005434
v -0.777880 0.156781 0.002964
v -0.786538 0.154985 0.003153
v -0.779683 0.156262 0.003012
v -0.772788 0.157405 0.002879
v -0.765855 0.158417 0.002753
v -0.758889 0.159301 0.002635
v -0.751891 0.160057 0.002524
v -0.744866 0.160691 0.002421
v -0.737816 0.161203 0.002324
v -0.730744 0.161597 0.002234
v -0.723654 0.161875 0.002152
v -0.716549 0.162039 0.002075
v -0.709655 0.162092 0.002008
v -0.879040 0.542158 -0.019309
v -0.877086 0.542105 -0.019324
v -0.897168 0.542731 -0.019174
v -0.918512 0.543487 -0.019020
v -0.940850 0.544383 -0.018866
v -0.963914 0.545428 -0.018714
v -0.987436 0.546630 -0.018567
v -1.011147 0.547999 -0.018428
v -1.034775 0.549543 -0.018301
v -1.058051 0.551271 -0.018188
v -1.080699 0.553190 -0.018092
v -1.102443 0.555308 -0.018017
v -1.144563 0.560064 -0.017910
v -1.148818 0.452348 -0.011381
v -1.109152 0.448587 -0.011525
v -1.087050 0.446725 -0.011619
v -1.064045 0.444992 -0.011729
v -1.040394 0.443392 -0.011853
v -1.016357 0.441931 -0.011990
v -0.992195 0.440616 -0.012136
v -0.968169 0.439451 -0.012290
v -0.944541 0.438442 -0.012449
v -0.921572 0.437597 -0.012613
v -0.899523 0.436920 -0.012778
v -0.878654 0.436419 -0.012942
v -0.878980 0.436424 -0.012939
v -0.878987 0.448036 -0.013639
v -0.879069 0.433021 -0.012734
v -0.879320 0.416962 -0.011764
v -0.879726 0.399933 -0.010734
v -0.880272 0.382072 -0.009653
v -0.880942 0.363517 -0.008529
v -0.881722 0.344403 -0.007370
v -0.882596 0.324863 -0.006185
v -0.883548 0.305031 -0.004981
v -0.884563 0.285039 -0.003767
v -0.885625 0.265020 -0.002551
v -0.886719 0.245105 -0.001341
v -0.887040 0.239398 -0.000995
v -0.902501 0.234784 -0.000572
v -0.931097 0.224810 0.000295
v -0.958865 0.213756 0.001220
v -0.985740 0.201750 0.002194
v -1.011660 0.188918 0.003209
v -1.036561 0.175385 0.004257
v -1.060382 0.161278 0.005329
v -1.083058 0.146719 0.006417
v -1.104527 0.131830 0.007515
v -1.124728 0.116732 0.008613
v -1.143598 0.101542 0.009704
v -1.173744 0.075389 0.011560
v -1.108108 -0.028258 0.017192
v -1.075786 0.003323 0.014988
v -1.060412 0.017287 0.014004
v -1.044094 0.031078 0.013020
v -1.026889 0.044611 0.012045
v -1.008850 0.057800 0.011082
v -0.990031 0.070563 0.010137
v -0.970488 0.082816 0.009217
v -0.950275 0.094476 0.008326
v -0.929446 0.105465 0.007470
v -0.908056 0.115700 0.006653
v -0.886160 0.125103 0.005883
v -0.891389 0.123116 0.006051
v -0.892302 0.091995 0.007935
v -0.891233 0.071885 0.009136
v -0.887896 0.052003 0.010303
v -0.882116 0.032763 0.011408
v -0.873718 0.014434 0.012434
v -0.862567 -0.002663 0.013360
v -0.848598 -0.018182 0.014164
v -0.831828 -0.031792 0.014828
v -0.812321 -0.043230 0.015335
v -0.790140 -0.052313 0.015675
v -0.765311 -0.058918 0.015841
v -0.737801 -0.062950 0.015828
v -0.707682 -0.064308 0.015629
v -0.676001 -0.063434 0.015280
v -0.645893 -0.060751 0.014838
v -0.617330 -0.056126 0.014293
v -0.590482 -0.049411 0.013638
v -0.565534 -0.040428 0.012864
v -0.542708 -0.028966 0.011960
v -0.522304 -0.014808 0.010917
v -0.504729 0.002221 0.009727
v -0.490474 0.022160 0.008393
v -0.480012 0.044864 0.006928
v -0.473660 0.070073 0.005350
v -0.471550 0.097587 0.003673
v -0.473282 0.120541 0.002306
v -0.478525 0.142755 0.001017
v -0.487354 0.163930 -0.000177
v -0.499762 0.183707 -0.001252
v -0.515669 0.201759 -0.002192
v -0.534959 0.217832 -0.002980
v -0.557524 0.231748 -0.003608
v -0.583295 0.243379 -0.004068
v -0.612248 0.252620 -0.004355
v -0.644399 0.259368 -0.004461
v -0.679789 0.263510 -0.004381
v -0.718184 0.264910 -0.004107
v -0.725229 0.264869 -0.004039
v -0.731934 0.264753 -0.003969
v -0.738610 0.264559 -0.003895
v -0.745259 0.264287 -0.003817
v -0.751884 0.263938 -0.003734
v -0.758488 0.263511 -0.003646
v -0.765073 0.263006 -0.003555
v -0.771643 0.262423 -0.003458
v -0.778198 0.261763 -0.003357
v -0.784743 0.261025 -0.003252
v -0.791281 0.260210 -0.003142
v -0.773837 0.262594 -0.003448
v -0.774109 0.256970 -0.003107
v -0.773233 0.275650 -0.004240
v -0.772381 0.294473 -0.005382
v -0.771567 0.313303 -0.006524
v -0.770803 0.332004 -0.007658
v -0.770100 0.350439 -0.008775
v -0.769472 0.368474 -0.009867
v -0.768932 0.385974 -0.010927
v -0.768491 0.402805 -0.011945
v -0.768162 0.418836 -0.012914
v -0.767957 0.433937 -0.013825
v -0.767892 0.447923 -0.014668
v -0.767899 0.461622 -0.015494
v -0.767903 0.475933 -0.016356
v -0.767902 0.490713 -0.017246
v -0.767891 0.505771 -0.018153
v -0.767868 0.520911 -0.019066
v -0.767829 0.535940 -0.019971
v -0.767771 0.550664 -0.020859
v -0.767691 0.564886 -0.021717
v -0.767586 0.578411 -0.022532
v -0.767453 0.591041 -0.023294
v -0.767288 0.602574 -0.023991
v -0.767086 0.613010 -0.024621
v -0.767035 0.621250 -0.025118
v -0.766879 0.629461 -0.025614
v -0.766620 0.637793 -0.026119
v -0.766261 0.646122 -0.026624
v -0.765805 0.654327 -0.027122
v -0.765258 0.662284 -0.027607
v -0.764623 0.669866 -0.028070
v -0.763910 0.676940 -0.028502
v -0.763127 0.683362 -0.028897
v -0.762294 0.688965 -0.029242
v -0.761447 0.693537 -0.029525
v -0.754589 0.722179 -0.031315
v -0.888196 0.722179 -0.030068
v -0.884611 0.694646 -0.028443
v -0.883975 0.688902 -0.028103
v -0.883339 0.682338 -0.027713
v -0.882714 0.675131 -0.027285
v -0.882110 0.667441 -0.026827
v -0.881534 0.659421 -0.026350
v -0.880994 0.651219 -0.025861
v -0.880497 0.642983 -0.025369
v -0.880049 0.634857 -0.024884
v -0.879658 0.626989 -0.024413
v -0.879329 0.619525 -0.023967
v -0.879079 0.612907 -0.023570
v -0.217437 0.094261 0.001502
v -0.209598 0.161128 -0.002599
v -0.203337 0.202027 -0.005121
v -0.195564 0.243127 -0.007670
v -0.186300 0.284063 -0.010222
v -0.175572 0.324472 -0.012757
v -0.163405 0.363990 -0.015251
v -0.149832 0.402254 -0.017683
v -0.134889 0.438898 -0.020030
v -0.118618 0.473553 -0.022269
v -0.101072 0.505854 -0.024379
v -0.082317 0.535435 -0.026336
v -0.045461 0.584564 -0.029640
v -0.155769 0.622673 -0.030906
v -0.184496 0.582104 -0.028194
v -0.204049 0.550105 -0.026084
v -0.222567 0.515502 -0.023827
v -0.239971 0.478697 -0.021447
v -0.256164 0.440096 -0.018971
v -0.271042 0.400109 -0.016423
v -0.284493 0.359148 -0.013830
v -0.296402 0.317627 -0.011217
v -0.306649 0.275960 -0.008612
v -0.315111 0.234555 -0.006038
v -0.321664 0.193822 -0.003523
v -0.327820 0.139703 -0.000205
v 0.308206 0.522071 -0.029174
v 0.308312 0.506608 -0.028244
v 0.308319 0.490324 -0.027263
v 0.308215 0.473332 -0.026238
v 0.307987 0.455747 -0.025176
v 0.307623 0.437684 -0.024085
v 0.307111 0.419257 -0.022970
v 0.306438 0.400581 -0.021839
v 0.305593 0.381769 -0.020697
v 0.304563 0.362939 -0.019553
v 0.303336 0.344205 -0.018413
v 0.301920 0.325921 -0.017299
v 0.297818 0.290276 -0.015113
v 0.292560 0.256995 -0.013059
v 0.286200 0.226267 -0.011148
v 0.278799 0.198297 -0.009394
v 0.270441 0.173300 -0.007810
v 0.261234 0.151497 -0.006411
v 0.251335 0.133115 -0.005211
v 0.240971 0.118353 -0.004225
v 0.230445 0.107322 -0.003463
v 0.220071 0.099921 -0.002920
v 0.209923 0.095755 -0.002574
v 0.199904 0.094435 -0.002401
v 0.194325 0.095361 -0.002405
v 0.187713 0.098579 -0.002537
v 0.179718 0.104914 -0.002844
v 0.170928 0.114464 -0.003338
v 0.161840 0.126938 -0.004004
v 0.152777 0.141932 -0.004823
v 0.143946 0.159032 -0.005771
v 0.135488 0.177837 -0.006825
v 0.127508 0.197962 -0.007963
v 0.120090 0.219033 -0.009163
v 0.113310 0.240682 -0.010404
v 0.097313 0.298240 -0.013722
v 0.008267 0.198001 -0.006853
v 0.026175 0.150243 -0.004143
v 0.040124 0.117311 -0.002289
v 0.054260 0.088092 -0.000661
v 0.068642 0.062400 0.000753
v 0.083348 0.040055 0.001962
v 0.098471 0.020895 0.002975
v 0.114112 0.004794 0.003799
v 0.130360 -0.008320 0.004438
v 0.147247 -0.018457 0.004891
v 0.164698 -0.025599 0.005158
v 0.182526 -0.029771 0.005243
v 0.200636 -0.031119 0.005156
v 0.225233 -0.029041 0.004801
v 0.249570 -0.022603 0.004186
v 0.273140 -0.011629 0.003305
v 0.295545 0.003942 0.002158
v 0.316501 0.024121 0.000747
v 0.335834 0.048937 -0.000928
v 0.353435 0.078487 -0.002873
v 0.369216 0.112928 -0.005095
v 0.383079 0.152463 -0.007606
v 0.394911 0.197317 -0.010419
v 0.404579 0.247732 -0.013546
v 0.411904 0.303708 -0.016986
v 0.414026 0.324318 -0.018248
v 0.415816 0.345812 -0.019559
v 0.417308 0.367934 -0.020906
v 0.418532 0.390391 -0.022270
v 0.419513 0.412885 -0.023635
v 0.420280 0.435116 -0.024981
v 0.420857 0.456780 -0.026292
v 0.421271 0.477572 -0.027548
v 0.421546 0.497187 -0.028732
v 0.421710 0.515318 -0.029826
v 0.421787 0.531657 -0.030811
v 0.421802 0.545845 -0.031666
v 0.421819 0.551247 -0.031992
v 0.421885 0.557180 -0.032350
v 0.422011 0.563576 -0.032736
v 0.422209 0.570311 -0.033144
v 0.422491 0.577265 -0.033565
v 0.422868 0.584314 -0.033993
v 0.423349 0.591329 -0.034421
v 0.423944 0.598181 -0.034839
v 0.424658 0.604730 -0.035240
v 0.425491 0.610826 -0.035615
v 0.426435 0.616301 -0.035954
v 0.433039 0.646336 -0.037825
v 0.297496 0.643546 -0.036392
v 0.301872 0.615393 -0.034737
v 0.302716 0.609199 -0.034372
v 0.303549 0.602353 -0.033967
v 0.304352 0.595020 -0.033533
v 0.305109 0.587353 -0.033078
v 0.305807 0.579502 -0.032612
v 0.306431 0.571615 -0.032142
v 0.306969 0.563839 -0.031679
v 0.307408 0.556324 -0.031230
v 0.307735 0.549224 -0.030805
v 0.307939 0.542702 -0.030414
v 0.308013 0.536672 -0.030052
v 0.799453 0.612459 -0.039202
v 0.766876 0.597499 -0.037997
v 0.748367 0.588515 -0.037283
v 0.729024 0.578705 -0.036512
v 0.709163 0.568254 -0.035697
v 0.689110 0.557346 -0.034852
v 0.669190 0.546169 -0.033993
v 0.649733 0.534909 -0.033133
v 0.631064 0.523751 -0.032287
v 0.613507 0.512876 -0.031468
v 0.597375 0.502456 -0.030690
v 0.582961 0.492646 -0.029964
v 0.555312 0.472452 -0.028490
v 0.619000 0.379286 -0.023471
v 0.648666 0.403292 -0.025194
v 0.662932 0.413923 -0.025968
v 0.678737 0.424956 -0.026780
v 0.695747 0.436203 -0.027616
v 0.713643 0.447492 -0.028463
v 0.732111 0.458659 -0.029308
v 0.750838 0.469543 -0.030139
v 0.769516 0.479986 -0.030942
v 0.787834 0.489831 -0.031706
v 0.805480 0.498921 -0.032418
v 0.822132 0.507096 -0.033066
v 0.858963 0.524151 -0.034437
v 0.968983 0.138159 -0.012210
v 0.982329 0.136535 -0.012237
v 0.994546 0.133949 -0.012195
v 1.005541 0.130509 -0.012090
v 1.015231 0.126340 -0.011929
v 1.023547 0.121577 -0.011720
v 1.030447 0.116370 -0.011471
v 1.035932 0.110863 -0.011190
v 1.040062 0.105171 -0.010886
v 1.042936 0.099330 -0.010561
v 1.044657 0.093270 -0.010212
v 1.045269 0.086612 -0.009816
v 1.044775 0.079433 -0.009379
v 1.043305 0.072803 -0.008966
v 1.040940 0.066862 -0.008586
v 1.037650 0.061448 -0.008229
v 1.033309 0.056424 -0.007886
v 1.027726 0.051732 -0.007551
v 1.020712 0.047412 -0.007226
v 1.012123 0.043575 -0.006914
v 1.001874 0.040364 -0.006625
v 0.989929 0.037920 -0.006367
v 0.976283 0.036373 -0.006146
v 0.961070 0.035839 -0.005972
v 0.945255 0.036561 -0.005868
v 0.931783 0.038581 -0.005864
v 0.920470 0.041692 -0.005946
v 0.911139 0.045688 -0.006100
v 0.903540 0.050405 -0.006313
v 0.897373 0.055771 -0.006579
v 0.892363 0.061823 -0.006897
v 0.888320 0.068663 -0.007271
v 0.885164 0.076384 -0.007707
v 0.882887 0.085022 -0.008206
v 0.881511 0.094536 -0.008766
v 0.881039 0.105019 -0.009393
v 0.881586 0.130234 -0.010917
v 0.874605 0.128162 -0.010727
v 0.881439 0.129987 -0.010901
v 0.888379 0.131641 -0.011065
v 0.895421 0.133124 -0.011220
v 0.902557 0.134435 -0.011366
v 0.909781 0.135573 -0.011502
v 0.917087 0.136537 -0.011628
v 0.924467 0.137327 -0.011745
v 0.931917 0.137943 -0.011851
v 0.939427 0.138383 -0.011948
v 0.946993 0.138647 -0.012034
v 0.954332 0.138732 -0.012108
v 0.778558 0.202296 -0.014297
v 0.771412 0.199562 -0.014066
v 0.752277 0.191374 -0.013394
v 0.733800 0.182647 -0.012696
v 0.715988 0.173455 -0.011976
v 0.698844 0.163876 -0.011239
v 0.682374 0.153982 -0.010490
v 0.666580 0.143850 -0.009732
v 0.651469 0.133553 -0.008971
v 0.637045 0.123165 -0.008210
v 0.623311 0.112760 -0.007455
v 0.610272 0.102412 -0.006710
v 0.584555 0.081112 -0.005187
v 0.645210 -0.014553 0.000010
v 0.672598 0.009450 -0.001691
v 0.682729 0.018169 -0.002311
v 0.693228 0.026992 -0.002940
v 0.704097 0.035859 -0.003576
v 0.715334 0.044711 -0.004214
v 0.726938 0.053488 -0.004851
v 0.738908 0.062131 -0.005484
v 0.751242 0.070579 -0.006108
v 0.763937 0.078774 -0.006720
v 0.776990 0.086657 -0.007316
v 0.790399 0.094169 -0.007894
v 0.774548 0.086009 -0.007255
v 0.774435 0.081132 -0.006960
v 0.775520 0.061518 -0.005788
v 0.778902 0.042148 -0.004653
v 0.784711 0.023507 -0.003584
v 0.793077 0.005849 -0.002598
v 0.804085 -0.010528 -0.001714
v 0.817751 -0.025312 -0.000951
v 0.834022 -0.038214 -0.000326
v 0.852805 -0.049014 0.000150
v 0.874016 -0.057561 0.000467
v 0.897609 -0.063759 0.000620
v 0.923588 -0.067532 0.000605
v 0.951923 -0.068803 0.000417
v 0.977802 -0.067902 0.000122
v 1.002730 -0.065172 -0.000275
v 1.026632 -0.060538 -0.000778
v 1.049310 -0.053912 -0.001388
v 1.070552 -0.045186 -0.002112
v 1.090111 -0.034231 -0.002955
v 1.107683 -0.020919 -0.003920
v 1.122890 -0.005163 -0.005012
v 1.135296 0.013033 -0.006224
v 1.144477 0.033533 -0.007544
v 1.150105 0.056102 -0.008956
v 1.151993 0.080563 -0.010448
v 1.150124 0.103791 -0.011829
v 1.144633 0.125685 -0.013097
v 1.135739 0.145964 -0.014236
v 1.123744 0.164388 -0.015234
v 1.108986 0.180795 -0.016085
v 1.091795 0.195095 -0.016786
v 1.072470 0.207252 -0.017338
v 1.051267 0.217251 -0.017742
v 1.028408 0.225079 -0.018001
v 1.004096 0.230717 -0.018114
v 0.978519 0.234131 -0.018081
v 0.952210 0.235265 -0.017904
v 0.943921 0.235203 -0.017823
v 0.936021 0.235024 -0.017738
v 0.928152 0.234721 -0.017646
v 0.920318 0.234290 -0.017547
v 0.912522 0.233728 -0.017441
v 0.904767 0.233031 -0.017326
v 0.897055 0.232195 -0.017204
v 0.889390 0.231215 -0.017074
v 0.881774 0.230089 -0.016935
v 0.874211 0.228812 -0.016787
v 0.866703 0.227380 -0.016631
v 0.884905 0.231268 -0.017035
v 0.884555 0.224050 -0.016597
v 0.885486 0.243260 -0.017763
v 0.886430 0.262830 -0.018951
v 0.887373 0.282622 -0.020152
v 0.888305 0.302494 -0.021358
v 0.889211 0.322307 -0.022560
v 0.890081 0.341920 -0.023749
v 0.890901 0.361196 -0.024918
v 0.891659 0.379993 -0.026058
v 0.892343 0.398176 -0.027159
v 0.892940 0.415605 -0.028215
v 0.894055 0.452667 -0.030458
v 0.782304 0.452667 -0.029416
v 0.783686 0.422829 -0.027631
v 0.784027 0.414261 -0.027118
v 0.784299 0.405979 -0.026622
v 0.784507 0.397935 -0.026139
v 0.784653 0.390079 -0.025667
v 0.784741 0.382363 -0.025203
v 0.784773 0.374736 -0.024744
v 0.784753 0.367150 -0.024287
v 0.784684 0.359556 -0.023828
v 0.784569 0.351903 -0.023366
v 0.784410 0.344144 -0.022898
v 0.784215 0.336361 -0.022427
v 1.042187 0.592620 -0.040271
v 1.030629 0.594604 -0.040283
v 1.019033 0.596740 -0.040304
v 1.007416 0.599031 -0.040333
v 0.995794 0.601479 -0.040372
v 0.984183 0.604087 -0.040421
v 0.972599 0.606857 -0.040480
v 0.961060 0.609793 -0.040549
v 0.949580 0.612896 -0.040629
v 0.938176 0.616168 -0.040720
v 0.926866 0.619613 -0.040822
v 0.890053 0.631506 -0.041195
v 0.887185 0.521821 -0.034560
v 0.914523 0.514302 -0.034362
v 0.927239 0.510987 -0.034281
v 0.940277 0.507765 -0.034209
v 0.953616 0.504641 -0.034145
v 0.967236 0.501622 -0.034090
v 0.981117 0.498713 -0.034044
v 0.995237 0.495919 -0.034008
v 1.009576 0.493247 -0.033981
v 1.024114 0.490702 -0.033963
v 1.038829 0.488291 -0.033955
v 1.053700 0.486020 -0.033957
v 1.056719 0.485592 -0.033959
v 1.064468 0.464377 -0.032753
v 1.077771 0.430790 -0.030854
v 1.092262 0.396655 -0.028933
v 1.107793 0.362258 -0.027006
v 1.124214 0.327891 -0.025088
v 1.141375 0.293846 -0.023197
v 1.159130 0.260415 -0.021349
v 1.177330 0.227892 -0.019560
v 1.195831 0.196567 -0.017845
v 1.214491 0.166731 -0.016222
v 1.233172 0.138668 -0.014705
v 1.261612 0.098848 -0.012572
v 1.368104 0.154087 -0.016893
v 1.334144 0.195684 -0.019082
v 1.315961 0.219995 -0.020377
v 1.297871 0.246081 -0.021780
v 1.280025 0.273593 -0.023271
v 1.262571 0.302185 -0.024830
v 1.245649 0.331513 -0.026439
v 1.229396 0.361236 -0.028078
v 1.213950 0.391012 -0.029728
v 1.199444 0.420499 -0.031369
v 1.186013 0.449356 -0.032982
v 1.173791 0.477234 -0.034548
v 1.174898 0.474533 -0.034395
v 1.149838 0.476131 -0.034258
v 1.156695 0.475731 -0.034298
v 1.163544 0.475370 -0.034340
v 1.170384 0.475047 -0.034384
v 1.177212 0.474761 -0.034431
v 1.184024 0.474514 -0.034479
v 1.190818 0.474305 -0.034530
v 1.197591 0.474134 -0.034583
v 1.204339 0.474000 -0.034638
v 1.211060 0.473905 -0.034695
v 1.217750 0.473848 -0.034754
v 1.224401 0.473829 -0.034815
v 1.232909 0.473848 -0.034895
v 1.241567 0.473905 -0.034979
v 1.250355 0.473999 -0.035067
v 1.259245 0.474131 -0.035158
v 1.268209 0.474301 -0.035252
v 1.277220 0.474509 -0.035348
v 1.286252 0.474755 -0.035448
v 1.295276 0.475038 -0.035549
v 1.304265 0.475359 -0.035652
v 1.313193 0.475719 -0.035757
v 1.322031 0.476116 -0.035863
v 1.348472 0.477437 -0.036190
v 1.355709 0.586719 -0.042841
v 1.323346 0.582623 -0.042292
v 1.315004 0.581698 -0.042158
v 1.306458 0.580872 -0.042029
v 1.297733 0.580144 -0.041904
v 1.288853 0.579511 -0.041783
v 1.279842 0.578972 -0.041666
v 1.270724 0.578523 -0.041554
v 1.261523 0.578162 -0.041446
v 1.252262 0.577886 -0.041343
v 1.242963 0.577692 -0.041245
v 1.233651 0.577579 -0.041151
v 1.224354 0.577541 -0.041062
v 1.216390 0.577577 -0.040990
v 1.208351 0.577684 -0.040922
v 1.200232 0.577858 -0.040856
v 1.192038 0.578096 -0.040794
v 1.183772 0.578396 -0.040735
v 1.175438 0.578755 -0.040679
v 1.167038 0.579170 -0.040626
v 1.158577 0.579637 -0.040575
v 1.150058 0.580154 -0.040527
v 1.141483 0.580718 -0.040481
v 1.132857 0.581326 -0.040437
v 1.138361 0.580914 -0.040463
v 1.138665 0.579764 -0.040397
v 1.135428 0.592483 -0.041133
v 1.132302 0.605338 -0.041878
v 1.129321 0.618275 -0.042630
v 1.126517 0.631242 -0.043385
v 1.123926 0.644185 -0.044140
v 1.121581 0.657050 -0.044893
v 1.119514 0.669781 -0.045641
v 1.117758 0.682322 -0.046380
v 1.116344 0.694614 -0.047108
v 1.115304 0.706598 -0.047820
v 1.113508 0.739244 -0.049770
v 0.990463 0.728077 -0.047949
v 0.998187 0.696997 -0.046149
v 1.000476 0.687657 -0.045608
v 1.002941 0.677528 -0.045020
v 1.005571 0.666703 -0.044393
v 1.008356 0.655273 -0.043730
v 1.011286 0.643328 -0.043038
v 1.014351 0.630956 -0.042321
v 1.017542 0.618245 -0.041585
v 1.020850 0.605282 -0.040835
v 1.024265 0.592152 -0.040076
v 1.027780 0.578943 -0.039313
v 1.023220 0.595646 -0.040277
v 2.063774 0.118975 -0.021267
v 2.060503 0.106246 -0.020470
v 2.055173 0.095068 -0.019747
v 2.047629 0.085018 -0.019071
v 2.037510 0.075825 -0.018423
v 2.024441 0.067457 -0.017797
v 2.008171 0.060044 -0.017198
v 1.988592 0.053755 -0.016637
v 1.965679 0.048734 -0.016121
v 1.939446 0.045081 -0.015656
v 1.909914 0.042862 -0.015247
v 1.876949 0.042113 -0.014894
v 1.856793 0.042224 -0.014713
v 1.837177 0.042568 -0.014550
v 1.818216 0.043150 -0.014409
v 1.799852 0.043981 -0.014287
v 1.782023 0.045067 -0.014186
v 1.764669 0.046417 -0.014106
v 1.747727 0.048040 -0.014046
v 1.731136 0.049944 -0.014006
v 1.714831 0.052139 -0.013986
v 1.698749 0.054633 -0.013986
v 1.682827 0.057436 -0.014006
v 1.641985 0.065494 -0.014111
v 1.646318 -0.048151 -0.007305
v 1.678785 -0.052998 -0.007316
v 1.695314 -0.055222 -0.007336
v 1.712154 -0.057248 -0.007371
v 1.729297 -0.059073 -0.007421
v 1.746734 -0.060694 -0.007486
v 1.764456 -0.062109 -0.007566
v 1.782455 -0.063313 -0.007661
v 1.800721 -0.064306 -0.007772
v 1.819246 -0.065083 -0.007898
v 1.838020 -0.065642 -0.008039
v 1.857036 -0.065979 -0.008196
v 1.876481 -0.066094 -0.008371
v 1.919855 -0.064979 -0.008843
v 1.960307 -0.061571 -0.009425
v 1.997630 -0.055790 -0.010122
v 2.031792 -0.047525 -0.010938
v 2.062742 -0.036636 -0.011883
v 2.090390 -0.022947 -0.012966
v 2.114554 -0.006279 -0.014195
v 2.134940 0.013491 -0.015577
v 2.151171 0.036332 -0.017104
v 2.162918 0.062022 -0.018761
v 2.170023 0.090248 -0.020528
v 2.172473 0.120249 -0.022358
v 2.172327 0.134250 -0.023200
v 2.171458 0.147378 -0.023983
v 2.169911 0.160032 -0.024731
v 2.167739 0.172240 -0.025446
v 2.165001 0.184034 -0.026131
v 2.161758 0.195446 -0.026788
v 2.158075 0.206515 -0.027421
v 2.154013 0.217282 -0.028032
v 2.149635 0.227797 -0.028624
v 2.145002 0.238109 -0.029202
v 2.140167 0.248274 -0.029769
v 2.128390 0.272090 -0.031094
v 2.013869 0.248637 -0.028613
v 2.035667 0.216274 -0.026867
v 2.040407 0.208871 -0.026465
v 2.044797 0.201552 -0.026065
v 2.048808 0.194288 -0.025665
v 2.052418 0.187051 -0.025263
v 2.055606 0.179806 -0.024856
v 2.058357 0.172515 -0.024442
v 2.060656 0.165133 -0.024019
v 2.062486 0.157607 -0.023583
v 2.063829 0.149877 -0.023130
v 2.064661 0.141879 -0.022656
v 2.064935 0.133982 -0.022182
v 1.800689 0.736291 -0.056002
v 1.797412 0.707779 -0.054254
v 1.796295 0.699450 -0.053742
v 1.795012 0.691008 -0.053222
v 1.793570 0.682466 -0.052693
v 1.791980 0.673840 -0.052159
v 1.790249 0.665145 -0.051619
v 1.788387 0.656393 -0.051074
v 1.786402 0.647599 -0.050526
v 1.784304 0.638777 -0.049975
v 1.782102 0.629941 -0.049422
v 1.779804 0.621104 -0.048868
v 1.781964 0.629100 -0.049370
v 1.783540 0.628889 -0.049372
v 1.767924 0.631205 -0.049366
v 1.752380 0.633741 -0.049374
v 1.736924 0.636496 -0.049396
v 1.721573 0.639471 -0.049432
v 1.706344 0.642664 -0.049482
v 1.691251 0.646075 -0.049547
v 1.676312 0.649704 -0.049626
v 1.661543 0.653550 -0.049720
v 1.646960 0.657613 -0.049829
v 1.632580 0.661891 -0.049952
v 1.595942 0.673515 -0.050311
v 1.579878 0.568169 -0.043814
v 1.610265 0.559870 -0.043598
v 1.624059 0.556289 -0.043511
v 1.638270 0.552782 -0.043432
v 1.652850 0.549363 -0.043362
v 1.667752 0.546047 -0.043301
v 1.682928 0.542849 -0.043250
v 1.698331 0.539785 -0.043209
v 1.713913 0.536869 -0.043179
v 1.729625 0.534117 -0.043160
v 1.745420 0.531545 -0.043152
v 1.761251 0.529167 -0.043157
v 1.753374 0.530246 -0.043148
v 1.740994 0.491420 -0.040694
v 1.726159 0.452730 -0.038224
v 1.723529 0.453071 -0.038220
v 1.705976 0.455673 -0.038214
v 1.688959 0.458502 -0.038225
v 1.672510 0.461524 -0.038254
v 1.656662 0.464706 -0.038298
v 1.641448 0.468012 -0.038355
v 1.626898 0.471408 -0.038424
v 1.613046 0.474862 -0.038503
v 1.599923 0.478338 -0.038590
v 1.587564 0.481802 -0.038683
v 1.575999 0.485220 -0.038781
v 1.543081 0.495450 -0.039090
v 1.525834 0.387468 -0.032424
v 1.554538 0.379907 -0.032236
v 1.566383 0.376941 -0.032168
v 1.578728 0.373999 -0.032106
v 1.591551 0.371090 -0.032050
v 1.604829 0.368222 -0.032002
v 1.618538 0.365404 -0.031960
v 1.632655 0.362646 -0.031925
v 1.647157 0.359955 -0.031898
v 1.662019 0.357342 -0.031880
v 1.677217 0.354814 -0.031869
v 1.692728 0.352382 -0.031867
v 1.681291 0.354067 -0.031862
v 1.688672 0.369046 -0.032833
v 1.683904 0.359542 -0.032216
v 1.679065 0.350084 -0.031601
v 1.674150 0.340689 -0.030990
v 1.669159 0.331373 -0.030382
v 1.664089 0.322150 -0.029779
v 1.658938 0.313038 -0.029182
v 1.653703 0.304053 -0.028592
v 1.648384 0.295210 -0.028009
v 1.642978 0.286526 -0.027436
v 1.637483 0.278016 -0.026872
v 1.631918 0.269723 -0.026320
v 1.629676 0.266540 -0.026108
v 1.627391 0.263436 -0.025899
v 1.625059 0.260403 -0.025695
v 1.622675 0.257424 -0.025493
v 1.620232 0.254486 -0.025293
v 1.617722 0.251574 -0.025095
v 1.615142 0.248674 -0.024896
v 1.612484 0.245772 -0.024696
v 1.609743 0.242856 -0.024495
v 1.606915 0.239914 -0.024291
v 1.603995 0.236933 -0.024084
v 1.589383 0.222244 -0.023063
v 1.643275 0.142271 -0.018748
v 1.669800 0.148782 -0.019388
v 1.683729 0.151711 -0.019694
v 1.698822 0.154486 -0.020002
v 1.714848 0.157108 -0.020310
v 1.731587 0.159585 -0.020615
v 1.748828 0.161927 -0.020917
v 1.766364 0.164146 -0.021214
v 1.783992 0.166257 -0.021506
v 1.801511 0.168272 -0.021791
v 1.818725 0.170209 -0.022068
v 1.835438 0.172082 -0.022337
v 1.871298 0.176167 -0.022917
v 1.860388 0.270607 -0.028505
v 1.828439 0.267012 -0.027990
v 1.816017 0.265625 -0.027791
v 1.803421 0.264224 -0.027589
v 1.790792 0.262822 -0.027387
v 1.778271 0.261433 -0.027186
v 1.765997 0.260068 -0.026989
v 1.754111 0.258740 -0.026799
v 1.742752 0.257460 -0.026616
v 1.732059 0.256242 -0.026442
v 1.722167 0.255098 -0.026281
v 1.713213 0.254038 -0.026134
v 1.747621 0.258243 -0.026708
v 1.731409 0.232995 -0.025036
v 1.738081 0.243730 -0.025745
v 1.744594 0.254553 -0.026458
v 1.750951 0.265457 -0.027174
v 1.757151 0.276431 -0.027893
v 1.763195 0.287466 -0.028614
v 1.769083 0.298553 -0.029337
v 1.774815 0.309684 -0.030061
v 1.780392 0.320848 -0.030785
v 1.785814 0.332037 -0.031510
v 1.791082 0.343242 -0.032234
v 1.790329 0.341592 -0.032128
v 1.804695 0.340420 -0.032191
v 1.834617 0.338450 -0.032352
v 1.865767 0.336847 -0.032546
v 1.897990 0.335623 -0.032772
v 1.931127 0.334789 -0.033031
v 1.965021 0.334357 -0.033322
v 1.999512 0.334340 -0.033642
v 2.034443 0.334751 -0.033993
v 2.069653 0.335601 -0.034373
v 2.104983 0.336904 -0.034781
v 2.140275 0.338673 -0.035216
v 2.192964 0.342047 -0.035911
v 2.198688 0.450330 -0.042488
v 2.141959 0.444820 -0.041627
v 2.108597 0.442179 -0.041157
v 2.075400 0.440118 -0.040723
v 2.042500 0.438612 -0.040325
v 2.010028 0.437638 -0.039963
v 1.978116 0.437171 -0.039638
v 1.946894 0.437185 -0.039347
v 1.916494 0.437657 -0.039092
v 1.887048 0.438560 -0.038872
v 1.858688 0.439870 -0.038686
v 1.831549 0.441561 -0.038535
v 1.832279 0.441503 -0.038538
v 1.840775 0.463585 -0.039948
v 1.860222 0.519758 -0.043513
v 1.867416 0.519368 -0.043557
v 1.890738 0.518462 -0.043720
v 1.914896 0.517866 -0.043909
v 1.939817 0.517583 -0.044125
v 1.965425 0.517615 -0.044365
v 1.991646 0.517965 -0.044631
v 2.018404 0.518636 -0.044921
v 2.045624 0.519630 -0.045235
v 2.073229 0.520952 -0.045572
v 2.101142 0.522603 -0.045932
v 2.129288 0.524588 -0.046314
v 2.174614 0.528306 -0.046961
v 2.181862 0.634822 -0.053446
v 2.131360 0.629298 -0.052642
v 2.105019 0.626787 -0.052245
v 2.078976 0.624665 -0.051874
v 2.053269 0.622922 -0.051529
v 2.027936 0.621550 -0.051210
v 2.003016 0.620540 -0.050917
v 1.978547 0.619881 -0.050649
v 1.954569 0.619565 -0.050406
v 1.931120 0.619582 -0.050188
v 1.908239 0.619922 -0.049995
v 1.885965 0.620577 -0.049827
v 1.889347 0.620427 -0.049849
v 1.888878 0.618751 -0.049744
v 1.890709 0.625500 -0.050168
v 1.892566 0.632122 -0.050584
v 1.894487 0.638763 -0.051002
v 1.896464 0.645413 -0.051421
v 1.898493 0.652057 -0.051840
v 1.900566 0.658682 -0.052259
v 1.902678 0.665275 -0.052676
v 1.904822 0.671823 -0.053090
v 1.906991 0.678312 -0.053501
v 1.909179 0.684729 -0.053908
v 1.911380 0.691062 -0.054310
v 1.921850 0.720640 -0.056190
v 3.055353 0.614257 -0.060355
v 3.034180 0.616449 -0.060290
v 3.009170 0.618990 -0.060210
v 2.980721 0.621830 -0.060115
v 2.949236 0.624919 -0.060008
v 2.915114 0.628208 -0.059887
v 2.878760 0.631647 -0.059755
v 2.840575 0.635186 -0.059612
v 2.800961 0.638775 -0.059459
v 2.760321 0.642365 -0.059296
v 2.719057 0.645904 -0.059125
v 2.677583 0.649344 -0.058945
v 2.653301 0.651313 -0.058837
v 2.629609 0.653170 -0.058728
v 2.606555 0.654914 -0.058618
v 2.584175 0.656547 -0.058507
v 2.562507 0.658067 -0.058397
v 2.541586 0.659474 -0.058286
v 2.521451 0.660770 -0.058177
v 2.502139 0.661952 -0.058068
v 2.483685 0.663023 -0.057960
v 2.466127 0.663982 -0.057854
v 2.449500 0.664828 -0.057750
v 2.412948 0.666541 -0.057512
v 2.413011 0.553822 -0.050722
v 2.446289 0.553759 -0.051029
v 2.460481 0.553656 -0.051155
v 2.475366 0.553437 -0.051281
v 2.490731 0.553061 -0.051401
v 2.506358 0.552490 -0.051513
v 2.522026 0.551686 -0.051610
v 2.537510 0.550612 -0.051690
v 2.552579 0.549234 -0.051748
v 2.566995 0.547521 -0.051779
v 2.580505 0.545451 -0.051780
v 2.592840 0.543013 -0.051749
v 2.603206 0.540353 -0.051685
v 2.631776 0.529036 -0.051270
v 2.658396 0.514427 -0.050638
v 2.683030 0.496869 -0.049810
v 2.705568 0.476742 -0.048808
v 2.725882 0.454446 -0.047654
v 2.743843 0.430398 -0.046373
v 2.759320 0.405034 -0.044989
v 2.772191 0.378804 -0.043529
v 2.782345 0.352170 -0.042019
v 2.789681 0.325605 -0.040487
v 2.794122 0.299595 -0.038962
v 2.795604 0.274797 -0.037482
v 2.792567 0.236568 -0.035150
v 2.783983 0.203433 -0.033074
v 2.770495 0.174665 -0.031215
v 2.752579 0.149712 -0.029545
v 2.730600 0.128164 -0.028042
v 2.704933 0.109778 -0.026695
v 2.676047 0.094413 -0.025499
v 2.644501 0.081957 -0.024455
v 2.610918 0.072282 -0.023559
v 2.575952 0.065235 -0.022808
v 2.540267 0.060633 -0.022198
v 2.477735 0.056508 -0.021366
v 2.517655 -0.057360 -0.014878
v 2.575830 -0.052773 -0.015698
v 2.619708 -0.045649 -0.016536
v 2.663141 -0.034717 -0.017600
v 2.705423 -0.019835 -0.018891
v 2.745832 -0.000841 -0.020412
v 2.783618 0.022447 -0.022167
v 2.817989 0.050214 -0.024161
v 2.848093 0.082627 -0.026394
v 2.873017 0.119793 -0.028866
v 2.891830 0.161707 -0.031566
v 2.903652 0.208260 -0.034481
v 2.907695 0.259019 -0.037577
v 2.905830 0.295771 -0.039774
v 2.900537 0.330933 -0.041843
v 2.892134 0.364631 -0.043794
v 2.880953 0.396718 -0.045623
v 2.867323 0.427057 -0.047323
v 2.851568 0.455519 -0.048891
v 2.834002 0.481983 -0.050322
v 2.814935 0.506329 -0.051610
v 2.794665 0.528437 -0.052753
v 2.773478 0.548190 -0.053746
v 2.751649 0.565464 -0.054583
v 2.799030 0.534175 -0.053140
v 2.743757 0.540206 -0.052987
v 2.775119 0.536880 -0.053080
v 2.810149 0.533191 -0.053184
v 2.847934 0.529177 -0.053295
v 2.887555 0.524879 -0.053405
v 2.928090 0.520338 -0.053510
v 2.968611 0.515595 -0.053602
v 3.008189 0.510692 -0.053676
v 3.045884 0.505675 -0.053725
v 3.080745 0.500588 -0.053744
v 3.111792 0.495487 -0.053727
v 3.159864 0.486236 -0.053618
v 3.172359 0.607458 -0.061037
v 3.142442 0.608319 -0.060810
v 3.134357 0.608592 -0.060751
v 3.126541 0.608897 -0.060696
v 3.119018 0.609228 -0.060646
v 3.111811 0.609584 -0.060600
v 3.104942 0.609961 -0.060559
v 3.098437 0.610356 -0.060522
v 3.092319 0.610765 -0.060490
v 3.086613 0.611185 -0.060462
v 3.081347 0.611611 -0.060438
v 3.076548 0.612040 -0.060419
v 3.072195 0.612473 -0.060405
v 2.544203 0.290358 -0.036074
v 2.558056 0.318825 -0.037918
v 2.563439 0.329565 -0.038615
v 2.569010 0.340357 -0.039317
v 2.574751 0.351151 -0.040021
v 2.580647 0.361899 -0.040724
v 2.586679 0.372551 -0.041422
v 2.592830 0.383060 -0.042112
v 2.599082 0.393373 -0.042792
v 2.605415 0.403444 -0.043458
v 2.611811 0.413220 -0.044106
v 2.618249 0.422652 -0.044735
v 2.639236 0.452016 -0.046699
v 2.555443 0.488090 -0.048091
v 2.540633 0.466482 -0.046651
v 2.534592 0.457397 -0.046047
v 2.528211 0.447546 -0.045394
v 2.521578 0.437063 -0.044701
v 2.514788 0.426084 -0.043976
v 2.507936 0.414749 -0.043229
v 2.501118 0.403198 -0.042470
v 2.494429 0.391569 -0.041707
v 2.487966 0.379999 -0.040950
v 2.481823 0.368624 -0.040207
v 2.476092 0.357570 -0.039488
v 2.462002 0.328962 -0.037633
v 2.442242 0.328024 -0.037392
v 2.456452 0.356520 -0.039241
v 2.461990 0.367257 -0.039940
v 2.467694 0.377951 -0.040637
v 2.473552 0.388579 -0.041332
v 2.479555 0.399117 -0.042023
v 2.485692 0.409544 -0.042708
v 2.491953 0.419835 -0.043387
v 2.498328 0.429968 -0.044057
v 2.504805 0.439921 -0.044717
v 2.511375 0.449669 -0.045365
v 2.518024 0.459189 -0.046001
v 2.539012 0.488142 -0.047941
v 2.457963 0.526108 -0.049472
v 2.442532 0.504605 -0.048033
v 2.436232 0.495606 -0.047432
v 2.429555 0.485859 -0.046782
v 2.422595 0.475492 -0.046093
v 2.415450 0.464640 -0.045372
v 2.408219 0.453436 -0.044630
v 2.401002 0.442015 -0.043874
v 2.393899 0.430510 -0.043115
v 2.387007 0.419053 -0.042361
v 2.380425 0.407775 -0.041620
v 2.374249 0.396798 -0.040901
v 2.358801 0.368059 -0.039025
v 3.677298 0.394589 -0.052924
v 3.656711 0.408481 -0.053568
v 3.636435 0.423016 -0.054255
v 3.616599 0.438059 -0.054976
v 3.597331 0.453475 -0.055725
v 3.578758 0.469128 -0.056495
v 3.561004 0.484879 -0.057278
v 3.544198 0.500589 -0.058068
v 3.528467 0.516118 -0.058857
v 3.513938 0.531319 -0.059637
v 3.500744 0.546042 -0.060401
v 3.474949 0.577019 -0.062026
v 3.389554 0.494480 -0.056257
v 3.415093 0.467278 -0.054857
v 3.428568 0.453673 -0.054163
v 3.443148 0.439636 -0.053453
v 3.458749 0.425255 -0.052732
v 3.475291 0.410621 -0.052005
v 3.492687 0.395826 -0.051276
v 3.510853 0.380965 -0.050550
v 3.529702 0.366134 -0.049832
v 3.549148 0.351429 -0.049128
v 3.569108 0.336947 -0.048442
v 3.589493 0.322786 -0.047779
v 3.601093 0.315094 -0.047424
v 3.601267 0.006005 -0.028805
v 3.601251 -0.001041 -0.028380
v 3.601193 -0.008315 -0.027941
v 3.601086 -0.015731 -0.027493
v 3.600924 -0.023173 -0.027044
v 3.600701 -0.030525 -0.026599
v 3.600413 -0.037669 -0.026166
v 3.600055 -0.044482 -0.025752
v 3.599625 -0.050832 -0.025365
v 3.599123 -0.056575 -0.025015
v 3.598559 -0.061541 -0.024710
v 3.597960 -0.065502 -0.024466
v 3.592222 -0.093043 -0.022753
v 3.721957 -0.093043 -0.023963
v 3.719054 -0.067034 -0.025503
v 3.718639 -0.062499 -0.025773
v 3.718225 -0.057154 -0.026091
v 3.717822 -0.051149 -0.026449
v 3.717442 -0.044616 -0.026839
v 3.717090 -0.037676 -0.027254
v 3.716774 -0.030448 -0.027686
v 3.716501 -0.023047 -0.028129
v 3.716277 -0.015589 -0.028577
v 3.716109 -0.008188 -0.029021
v 3.716002 -0.000962 -0.029455
v 3.715962 0.006028 -0.029876
v 3.715826 0.247826 -0.044441
v 3.706128 0.252915 -0.044658
v 3.726965 0.242371 -0.044217
v 3.748780 0.231722 -0.043779
v 3.771465 0.221039 -0.043347
v 3.794917 0.210397 -0.042924
v 3.819029 0.199869 -0.042515
v 3.843696 0.189527 -0.042122
v 3.868812 0.179447 -0.041749
v 3.894271 0.169702 -0.041400
v 3.919969 0.160366 -0.041077
v 3.945801 0.151514 -0.040785
v 3.987615 0.138105 -0.040367
v 4.040952 0.241901 -0.047118
v 3.987094 0.255682 -0.047445
v 3.957506 0.264423 -0.047696
v 3.927778 0.274260 -0.048011
v 3.898183 0.285009 -0.048383
v 3.868989 0.296485 -0.048802
v 3.840462 0.308503 -0.049260
v 3.812866 0.320876 -0.049748
v 3.786467 0.333415 -0.050257
v 3.761528 0.345933 -0.050778
v 3.738317 0.358236 -0.051303
v 3.717104 0.370130 -0.051821
v 3.698127 0.381436 -0.052326
v 4.305608 0.590939 -0.070614
v 4.305614 0.579812 -0.069944
v 4.305621 0.567600 -0.069208
v 4.305629 0.554583 -0.068424
v 4.305636 0.541042 -0.067608
v 4.305644 0.527257 -0.066778
v 4.305652 0.513510 -0.065950
v 4.305659 0.500081 -0.065141
v 4.305666 0.487252 -0.064368
v 4.305673 0.475301 -0.063648
v 4.305679 0.464512 -0.062998
v 4.305684 0.455041 -0.062428
v 4.306340 0.403654 -0.059338
v 4.308270 0.357528 -0.056577
v 4.311510 0.316223 -0.054119
v 4.316099 0.279195 -0.051931
v 4.322087 0.245913 -0.049982
v 4.329526 0.215868 -0.048241
v 4.338457 0.188588 -0.046681
v 4.348904 0.163635 -0.045275
v 4.360843 0.140595 -0.043999
v 4.374221 0.119044 -0.042825
v 4.388967 0.098527 -0.041727
v 4.405149 0.078383 -0.040664
v 4.421295 0.060529 -0.039739
v 4.438693 0.043940 -0.038902
v 4.456973 0.028712 -0.038155
v 4.475928 0.014773 -0.037492
v 4.495356 0.002048 -0.036907
v 4.515057 -0.009534 -0.036393
v 4.534837 -0.020041 -0.035945
v 4.554502 -0.029541 -0.035556
v 4.573862 -0.038098 -0.035221
v 4.592722 -0.045775 -0.034934
v 4.610888 -0.052630 -0.034691
v 4.640285 -0.062997 -0.034340
v 4.730626 0.032793 -0.040954
v 4.678041 0.046834 -0.041309
v 4.658484 0.052791 -0.041486
v 4.639338 0.059419 -0.041706
v 4.620649 0.066752 -0.041974
v 4.602468 0.074824 -0.042291
v 4.584839 0.083667 -0.042659
v 4.567803 0.093314 -0.043081
v 4.551407 0.103799 -0.043560
v 4.535685 0.115158 -0.044097
v 4.520675 0.127428 -0.044697
v 4.506412 0.140651 -0.045360
v 4.493058 0.154734 -0.046084
v 4.479173 0.172122 -0.047002
v 4.467256 0.189693 -0.047949
v 4.457195 0.207697 -0.048940
v 4.448768 0.226577 -0.049999
v 4.441789 0.246792 -0.051152
v 4.436113 0.268786 -0.052424
v 4.431625 0.292970 -0.053839
v 4.428220 0.319710 -0.055418
v 4.425786 0.349344 -0.057180
v 4.424205 0.382191 -0.059144
v 4.423347 0.418563 -0.061328
v 4.423078 0.458818 -0.063750
v 4.423072 0.468120 -0.064311
v 4.423066 0.478941 -0.064962
v 4.423059 0.490915 -0.065684
v 4.423052 0.503742 -0.066456
v 4.423044 0.517117 -0.067262
v 4.423037 0.530738 -0.068083
v 4.423029 0.544304 -0.068900
v 4.423021 0.557511 -0.069695
v 4.423015 0.570056 -0.070451
v 4.423008 0.581638 -0.071149
v 4.423002 0.591953 -0.071770
v 4.422997 0.600650 -0.072294
v 4.423029 0.608028 -0.072739
v 4.423131 0.615138 -0.073168
v 4.423300 0.622040 -0.073585
v 4.423532 0.628744 -0.073991
v 4.423824 0.635259 -0.074387
v 4.424174 0.641597 -0.074772
v 4.424580 0.647769 -0.075147
v 4.425035 0.653783 -0.075514
v 4.425539 0.659651 -0.075872
v 4.426088 0.665383 -0.076223
v 4.426681 0.670989 -0.076566
v 4.429882 0.698821 -0.078272
v 4.301273 0.698821 -0.077073
v 4.303346 0.671754 -0.075461
v 4.303731 0.666117 -0.075125
v 4.304082 0.660345 -0.074781
v 4.304396 0.654427 -0.074427
v 4.304674 0.648354 -0.074064
v 4.304916 0.642115 -0.073690
v 4.305122 0.635703 -0.073306
v 4.305291 0.629108 -0.072910
v 4.305424 0.622318 -0.072502
v 4.305520 0.615326 -0.072082
v 4.305580 0.608123 -0.071649
v 4.305602 0.600674 -0.071200
v 4.724087 0.596143 -0.074831
v 4.724097 0.578023 -0.073740
v 4.724111 0.554040 -0.072295
v 4.724127 0.525602 -0.070582
v 4.724144 0.494119 -0.068685
v 4.724163 0.461002 -0.066691
v 4.724181 0.427661 -0.064682
v 4.724199 0.395504 -0.062745
v 4.724216 0.365943 -0.060964
v 4.724231 0.340388 -0.059425
v 4.724242 0.320247 -0.058212
v 4.724250 0.306994 -0.057413
v 4.724217 0.301417 -0.057077
v 4.724119 0.295647 -0.056729
v 4.723960 0.289694 -0.056368
v 4.723744 0.283639 -0.056002
v 4.723480 0.277559 -0.055633
v 4.723174 0.271532 -0.055267
v 4.722831 0.265635 -0.054908
v 4.722458 0.259945 -0.054562
v 4.722061 0.254540 -0.054233
v 4.721648 0.249501 -0.053925
v 4.721229 0.244913 -0.053645
v 4.718514 0.218692 -0.052040
v 4.846189 0.218692 -0.053231
v 4.842868 0.244731 -0.054769
v 4.842398 0.248777 -0.055008
v 4.841911 0.253361 -0.055280
v 4.841422 0.258412 -0.055580
v 4.840942 0.263863 -0.055904
v 4.840487 0.269649 -0.056248
v 4.840068 0.275705 -0.056609
v 4.839698 0.281970 -0.056983
v 4.839388 0.288379 -0.057366
v 4.839151 0.294867 -0.057755
v 4.839000 0.301371 -0.058145
v 4.838943 0.307910 -0.058539
v 4.838937 0.321128 -0.059335
v 4.838925 0.341219 -0.060545
v 4.838911 0.366701 -0.062080
v 4.838894 0.396170 -0.063855
v 4.838877 0.428221 -0.065786
v 4.838858 0.461451 -0.067788
v 4.838840 0.494457 -0.069776
v 4.838821 0.525835 -0.071666
v 4.838805 0.554180 -0.073373
v 4.838792 0.578090 -0.074814
v 4.838782 0.596160 -0.075902
v 4.838776 0.606905 -0.076549
v 4.838808 0.611033 -0.076798
v 4.838906 0.615678 -0.077079
v 4.839066 0.620805 -0.077390
v 4.839280 0.626290 -0.077722
v 4.839544 0.632018 -0.078070
v 4.839852 0.637875 -0.078425
v 4.840197 0.643754 -0.078783
v 4.840571 0.649545 -0.079135
v 4.840970 0.655137 -0.079476
v 4.841385 0.660419 -0.079798
v 4.841807 0.665271 -0.080094
v 4.844396 0.691634 -0.081706
v 4.718318 0.691634 -0.080530
v 4.720989 0.665304 -0.078969
v 4.721420 0.660685 -0.078695
v 4.721841 0.655777 -0.078403
v 4.722244 0.650632 -0.078097
v 4.722623 0.645300 -0.077779
v 4.722972 0.639831 -0.077453
v 4.723284 0.634276 -0.077121
v 4.723554 0.628685 -0.076787
v 4.723774 0.623110 -0.076453
v 4.723939 0.617600 -0.076123
v 4.724043 0.612211 -0.075799
v 4.724081 0.606922 -0.075481
v 5.531886 0.598745 -0.082524
v 5.538853 0.573316 -0.081057
v 5.540290 0.568056 -0.080753
v 5.541759 0.562641 -0.080441
v 5.543242 0.557117 -0.080122
v 5.544719 0.551525 -0.079799
v 5.546173 0.545913 -0.079474
v 5.547584 0.540325 -0.079151
v 5.548931 0.534809 -0.078831
v 5.550198 0.529415 -0.078518
v 5.551365 0.524193 -0.078214
v 5.552410 0.519199 -0.077923
v 5.553421 0.513948 -0.077616
v 5.557056 0.498089 -0.076695
v 5.561373 0.479703 -0.075627
v 5.566397 0.458901 -0.074421
v 5.572084 0.436093 -0.073100
v 5.578393 0.411690 -0.071689
v 5.585279 0.386098 -0.070211
v 5.592705 0.359724 -0.068692
v 5.600627 0.332972 -0.067154
v 5.609006 0.306243 -0.065622
v 5.617809 0.279934 -0.064119
v 5.627005 0.254436 -0.062669
v 5.636500 0.230298 -0.061303
v 5.645288 0.209108 -0.060108
v 5.654672 0.187618 -0.058901
v 5.664600 0.165943 -0.057688
v 5.675028 0.144183 -0.056475
v 5.685910 0.122439 -0.055266
v 5.697203 0.100814 -0.054069
v 5.708859 0.079409 -0.052888
v 5.720839 0.058326 -0.051730
v 5.733094 0.037668 -0.050599
v 5.745584 0.017535 -0.049503
v 5.758269 -0.001971 -0.048446
v 5.780204 -0.034058 -0.046718
v 5.895085 0.014523 -0.050716
v 5.866173 0.053694 -0.052806
v 5.852731 0.072986 -0.053843
v 5.839602 0.092863 -0.054918
v 5.826840 0.113185 -0.056023
v 5.814493 0.133812 -0.057151
v 5.802609 0.154606 -0.058293
v 5.791238 0.175428 -0.059441
v 5.780424 0.196139 -0.060588
v 5.770214 0.216600 -0.061725
v 5.760658 0.236671 -0.062845
v 5.751800 0.256211 -0.063940
v 5.743699 0.275052 -0.064999
v 5.734228 0.298600 -0.066330
v 5.724867 0.323721 -0.067756
v 5.715693 0.350183 -0.069264
v 5.706800 0.377707 -0.070839
v 5.698283 0.406015 -0.072465
v 5.690232 0.434833 -0.074126
v 5.682737 0.463884 -0.075806
v 5.675890 0.492892 -0.077490
v 5.669777 0.521581 -0.079161
v 5.664487 0.549670 -0.080804
v 5.660108 0.576875 -0.082402
v 5.653884 0.624747 -0.085228
v 5.151942 0.584237 -0.078105
v 5.146916 0.585283 -0.078121
v 5.142109 0.586976 -0.078179
v 5.137561 0.589278 -0.078275
v 5.133332 0.592146 -0.078408
v 5.129490 0.595528 -0.078576
v 5.126099 0.599363 -0.078775
v 5.123222 0.603582 -0.079003
v 5.120914 0.608120 -0.079255
v 5.119216 0.612918 -0.079528
v 5.118166 0.617934 -0.079820
v 5.117801 0.623176 -0.080133
v 5.118167 0.628650 -0.080466
v 5.119231 0.633878 -0.080791
v 5.120946 0.638832 -0.081105
v 5.123266 0.643479 -0.081407
v 5.126146 0.647770 -0.081692
v 5.129531 0.651647 -0.081957
v 5.133361 0.655053 -0.082198
v 5.137570 0.657932 -0.082411
v 5.142098 0.660238 -0.082592
v 5.146889 0.661932 -0.082739
v 5.151902 0.662978 -0.082849
v 5.157146 0.663339 -0.082919
v 5.162596 0.662972 -0.082948
v 5.167745 0.661915 -0.082932
v 5.172583 0.660221 -0.082875
v 5.177094 0.657931 -0.082780
v 5.181250 0.655084 -0.082647
v 5.185007 0.651720 -0.082479
v 5.188318 0.647883 -0.082279
v 5.191134 0.643621 -0.082048
v 5.193407 0.638981 -0.081790
v 5.195092 0.634006 -0.081506
v 5.196143 0.628726 -0.081198
v 5.196508 0.623176 -0.080867
v 5.196155 0.617858 -0.080543
v 5.195128 0.612788 -0.080228
v 5.193471 0.607969 -0.079922
v 5.191219 0.603439 -0.079629
v 5.188417 0.599250 -0.079350
v 5.185111 0.595456 -0.079091
v 5.181349 0.592116 -0.078854
v 5.177181 0.589279 -0.078645
v 5.172655 0.586993 -0.078465
v 5.167803 0.585299 -0.078317
v 5.162644 0.584243 -0.078206
v 5.157190 0.583876 -0.078133
v 5.140819 0.743562 -0.087600
v 5.125149 0.740289 -0.087257
v 5.110269 0.735027 -0.086801
v 5.096339 0.727939 -0.086244
v 5.083508 0.719182 -0.085597
v 5.071908 0.708905 -0.084869
v 5.061681 0.697247 -0.084071
v 5.052964 0.684343 -0.083213
v 5.045910 0.670330 -0.082303
v 5.040675 0.655350 -0.081351
v 5.037422 0.639564 -0.080370
v 5.036312 0.623158 -0.079371
v 5.037441 0.606763 -0.078394
v 5.040718 0.591008 -0.077476
v 5.045981 0.576081 -0.076625
v 5.053072 0.562140 -0.075852
v 5.061826 0.549327 -0.075162
v 5.072090 0.537775 -0.074561
v 5.083719 0.527615 -0.074058
v 5.096570 0.518978 -0.073657
v 5.110502 0.512003 -0.073367
v 5.125366 0.506837 -0.073195
v 5.141003 0.503630 -0.073147
v 5.157211 0.502532 -0.073232
v 5.173598 0.503627 -0.073451
v 5.189348 0.506828 -0.073791
v 5.204287 0.511993 -0.074241
v 5.218254 0.518977 -0.074792
v 5.231102 0.527632 -0.075434
v 5.242693 0.537817 -0.076155
v 5.252889 0.549393 -0.076948
v 5.261553 0.562223 -0.077802
v 5.268540 0.576169 -0.078707
v 5.273707 0.591084 -0.079654
v 5.276904 0.606808 -0.080631
v 5.277992 0.623157 -0.081626
v 5.276888 0.639518 -0.082601
v 5.273678 0.655274 -0.083521
v 5.268507 0.670241 -0.084374
v 5.261523 0.684260 -0.085153
v 5.252869 0.697181 -0.085851
v 5.242683 0.708862 -0.086460
v 5.231099 0.719164 -0.086972
v 5.218249 0.727939 -0.087381
v 5.204269 0.735037 -0.087678
v 5.189303 0.740298 -0.087856
v 5.173513 0.743565 -0.087905
v 5.157075 0.744685 -0.087819
v 5.330252 0.633917 -0.082762
v 5.312770 0.601696 -0.080657
v 5.302462 0.581911 -0.079369
v 5.291570 0.560316 -0.077967
v 5.280230 0.537199 -0.076468
v 5.268576 0.512853 -0.074893
v 5.256748 0.487576 -0.073260
v 5.244886 0.461668 -0.071588
v 5.233133 0.435428 -0.069898
v 5.221629 0.409157 -0.068208
v 5.210515 0.383155 -0.066538
v 5.199930 0.357719 -0.064907
v 5.190074 0.333286 -0.063343
v 5.180621 0.310012 -0.061853
v 5.170797 0.284967 -0.060252
v 5.160782 0.258660 -0.058574
v 5.150692 0.231446 -0.056840
v 5.140646 0.203684 -0.055074
v 5.130762 0.175731 -0.053298
v 5.121161 0.147947 -0.051534
v 5.111962 0.120692 -0.049807
v 5.103286 0.094325 -0.048137
v 5.095250 0.069201 -0.046549
v 5.087975 0.045673 -0.045064
v 5.076094 0.005594 -0.042538
v 5.195022 -0.033082 -0.041318
v 5.206238 0.010898 -0.044072
v 5.212856 0.035136 -0.045594
v 5.220113 0.060269 -0.047176
v 5.227927 0.086097 -0.048804
v 5.236221 0.112423 -0.050468
v 5.244915 0.139049 -0.052153
v 5.253930 0.165782 -0.053848
v 5.263187 0.192427 -0.055539
v 5.272607 0.218790 -0.057215
v 5.282109 0.244676 -0.058863
v 5.291616 0.269893 -0.060471
v 5.301062 0.294279 -0.062028
v 5.310367 0.317895 -0.063538
v 5.320328 0.342517 -0.065114
v 5.330840 0.367861 -0.066739
v 5.341781 0.393607 -0.068392
v 5.353027 0.419432 -0.070053
v 5.364462 0.445017 -0.071701
v 5.375959 0.470038 -0.073315
v 5.387398 0.494174 -0.074876
v 5.398650 0.517095 -0.076362
v 5.409586 0.538469 -0.077752
v 5.420069 0.557956 -0.079023
v 5.442243 0.596659 -0.081562
v -6.781987 0.230456 0.154722
v -6.811779 0.205876 0.156481
v -6.829123 0.190917 0.157544
v -6.846811 0.175069 0.158664
v -6.864710 0.158484 0.159830
v -6.882686 0.141315 0.161032
v -6.900602 0.123716 0.162259
v -6.918322 0.105842 0.163501
v -6.935703 0.087846 0.164748
v -6.952610 0.069883 0.165988
v -6.968903 0.052107 0.167211
v -6.984443 0.034671 0.168406
v -7.012124 0.002649 0.170593
v -6.920125 -0.075645 0.174452
v -6.892530 -0.042315 0.172186
v -6.877275 -0.024581 0.170976
v -6.861414 -0.006781 0.169755
v -6.845066 0.010971 0.168533
v -6.828354 0.028559 0.167318
v -6.811393 0.045870 0.166117
v -6.794305 0.062791 0.164938
v -6.777208 0.079208 0.163790
v -6.760224 0.095009 0.162679
v -6.743476 0.110079 0.161615
v -6.727084 0.124304 0.160605
v -6.693074 0.152663 0.158580
v -6.562976 0.225683 0.152967
v -6.548951 0.271952 0.150049
v -6.540090 0.297993 0.148397
v -6.529730 0.325812 0.146625
v -6.518057 0.354850 0.144766
v -6.505254 0.384563 0.142857
v -6.491508 0.414411 0.140931
v -6.477001 0.443854 0.139021
v -6.461928 0.472353 0.137164
v -6.446486 0.499362 0.135393
v -6.430887 0.524326 0.133743
v -6.415369 0.546675 0.132252
v -6.383823 0.586527 0.129557
v -6.487815 0.633442 0.127701
v -6.512005 0.599732 0.129957
v -6.527514 0.575766 0.131546
v -6.543341 0.549318 0.133287
v -6.559292 0.520935 0.135145
v -6.575158 0.491186 0.137086
v -6.590712 0.460650 0.139070
v -6.605721 0.429914 0.141062
v -6.619951 0.399568 0.143023
v -6.633169 0.370199 0.144916
v -6.645139 0.342392 0.146702
v -6.655627 0.316717 0.148347
v -6.670887 0.276767 0.150896
v -5.934606 0.527236 0.128938
v -5.943197 0.527660 0.128993
v -5.952658 0.528211 0.129048
v -5.962896 0.528875 0.129103
v -5.973824 0.529640 0.129159
v -5.985355 0.530493 0.129215
v -5.997410 0.531423 0.129272
v -6.009907 0.532416 0.129329
v -6.022764 0.533460 0.129386
v -6.035906 0.534541 0.129443
v -6.049249 0.535649 0.129501
v -6.047922 0.535539 0.129495
v -6.048272 0.537167 0.129400
v -6.051467 0.553303 0.128458
v -6.054417 0.569563 0.127506
v -6.057109 0.585893 0.126547
v -6.059530 0.602241 0.125585
v -6.061669 0.618554 0.124622
v -6.063512 0.634779 0.123662
v -6.065046 0.650864 0.122707
v -6.066260 0.666754 0.121761
v -6.067145 0.682396 0.120827
v -6.067686 0.697734 0.119908
v -6.068153 0.734917 0.117673
v -6.195880 0.721207 0.119690
v -6.190210 0.695420 0.121191
v -6.189333 0.691294 0.121431
v -6.188449 0.687031 0.121680
v -6.187559 0.682662 0.121935
v -6.186666 0.678211 0.122194
v -6.185768 0.673700 0.122458
v -6.184868 0.669153 0.122723
v -6.183963 0.664591 0.122990
v -6.183054 0.660036 0.123256
v -6.182142 0.655508 0.123520
v -6.181226 0.651028 0.123781
v -6.180367 0.646914 0.124021
v -6.161627 0.544342 0.130026
v -6.146100 0.543040 0.129959
v -6.156399 0.543879 0.130005
v -6.166436 0.544669 0.130051
v -6.176176 0.545403 0.130097
v -6.185577 0.546075 0.130145
v -6.194605 0.546680 0.130192
v -6.203219 0.547210 0.130241
v -6.211387 0.547660 0.130290
v -6.219074 0.548023 0.130340
v -6.226253 0.548292 0.130391
v -6.232896 0.548460 0.130442
v -6.239222 0.548521 0.130498
v -6.260147 0.547808 0.130736
v -6.280822 0.545455 0.131071
v -6.300893 0.541159 0.131517
v -6.320161 0.534581 0.132093
v -6.338340 0.525378 0.132817
v -6.355036 0.513263 0.133702
v -6.369796 0.498087 0.134754
v -6.382203 0.479849 0.135969
v -6.391990 0.458623 0.137339
v -6.399030 0.434436 0.138861
v -6.403278 0.407210 0.140541
v -6.404678 0.377087 0.142369
v -6.404348 0.348877 0.144065
v -6.403382 0.319895 0.145802
v -6.401742 0.290131 0.147580
v -6.399397 0.259934 0.149377
v -6.396312 0.229648 0.151173
v -6.392450 0.199620 0.152946
v -6.387772 0.170190 0.154676
v -6.382235 0.141692 0.156341
v -6.375782 0.114453 0.157921
v -6.368350 0.088785 0.159398
v -6.359844 0.064982 0.160753
v -6.350267 0.043647 0.161949
v -6.341983 0.028094 0.162809
v -6.332730 0.014078 0.163567
v -6.322560 0.001704 0.164217
v -6.311488 -0.009034 0.164761
v -6.299574 -0.018137 0.165198
v -6.286923 -0.025631 0.165532
v -6.273657 -0.031583 0.165767
v -6.259888 -0.036109 0.165911
v -6.245696 -0.039357 0.165974
v -6.231125 -0.041486 0.165966
v -6.216187 -0.042656 0.165897
v -6.200933 -0.043013 0.165777
v -6.191563 -0.042876 0.165681
v -6.182047 -0.042484 0.165569
v -6.172376 -0.041860 0.165441
v -6.162614 -0.041024 0.165299
v -6.152831 -0.039996 0.165146
v -6.143100 -0.038795 0.164983
v -6.133492 -0.037440 0.164812
v -6.124080 -0.035948 0.164634
v -6.114936 -0.034337 0.164452
v -6.106130 -0.032622 0.164266
v -6.097729 -0.030818 0.164079
v -6.076979 -0.025898 0.163589
v -6.058395 0.092965 0.156255
v -6.097976 0.081435 0.157319
v -6.107373 0.078995 0.157554
v -6.117014 0.076759 0.157778
v -6.126768 0.074736 0.157991
v -6.136513 0.072936 0.158191
v -6.146122 0.071365 0.158375
v -6.155471 0.070028 0.158543
v -6.164433 0.068931 0.158692
v -6.172881 0.068077 0.158823
v -6.180676 0.067471 0.158932
v -6.187666 0.067111 0.159019
v -6.193701 0.066994 0.159082
v -6.201009 0.067141 0.159141
v -6.207808 0.067611 0.159176
v -6.214045 0.068439 0.159185
v -6.219719 0.069650 0.159165
v -6.224862 0.071258 0.159116
v -6.229550 0.073292 0.159037
v -6.233900 0.075817 0.158925
v -6.238041 0.078955 0.158775
v -6.242080 0.082878 0.158576
v -6.246075 0.087786 0.158318
v -6.250023 0.093871 0.157988
v -6.253900 0.101322 0.157576
v -6.260227 0.116329 0.156730
v -6.266136 0.133606 0.155745
v -6.271580 0.152900 0.154633
v -6.276505 0.173887 0.153415
v -6.280885 0.196261 0.152108
v -6.284700 0.219728 0.150730
v -6.287943 0.244002 0.149298
v -6.290604 0.268803 0.147828
v -6.292680 0.293853 0.146338
v -6.294167 0.318877 0.144845
v -6.295063 0.343599 0.143364
v -6.295367 0.367457 0.141929
v -6.294645 0.385237 0.140852
v -6.292624 0.399724 0.139960
v -6.289526 0.411326 0.139232
v -6.285618 0.420319 0.138654
v -6.281101 0.427156 0.138200
v -6.275971 0.432413 0.137835
v -6.269979 0.436591 0.137528
v -6.262785 0.439952 0.137258
v -6.254172 0.442544 0.137022
v -6.244102 0.444349 0.136819
v -6.232655 0.445379 0.136650
v -6.219863 0.445702 0.136511
v -6.214680 0.445652 0.136466
v -6.208713 0.445498 0.136420
v -6.202162 0.445246 0.136374
v -6.195081 0.444900 0.136328
v -6.187516 0.444467 0.136284
v -6.179516 0.443953 0.136240
v -6.171119 0.443362 0.136198
v -6.162369 0.442703 0.136156
v -6.153305 0.441980 0.136115
v -6.143969 0.441201 0.136074
v -6.134397 0.440371 0.136035
v -6.138590 0.440747 0.136052
v -6.133209 0.420376 0.137229
v -6.123028 0.383681 0.139344
v -6.111631 0.344752 0.141583
v -6.099000 0.304019 0.143919
v -6.085112 0.261913 0.146326
v -6.069942 0.218862 0.148778
v -6.053471 0.175295 0.151249
v -6.035668 0.131638 0.153713
v -6.016508 0.088317 0.156144
v -5.995958 0.045754 0.158517
v -5.973984 0.004374 0.160805
v -5.942160 -0.049626 0.163761
v -5.828939 -0.005511 0.160047
v -5.865456 0.047144 0.157216
v -5.886286 0.081413 0.155346
v -5.906154 0.118073 0.153322
v -5.924975 0.156519 0.151182
v -5.942679 0.196153 0.148959
v -5.959204 0.236379 0.146690
v -5.974490 0.276605 0.144409
v -5.988485 0.316241 0.142152
v -6.001139 0.354699 0.139953
v -6.012400 0.391389 0.137848
v -6.022219 0.425721 0.135871
v -6.023131 0.429160 0.135673
v -5.937996 0.419792 0.135443
v -5.932673 0.419105 0.135434
v -5.926587 0.418327 0.135425
v -5.920046 0.417495 0.135414
v -5.913150 0.416618 0.135402
v -5.906001 0.415705 0.135391
v -5.898704 0.414764 0.135379
v -5.891359 0.413807 0.135368
v -5.884074 0.412841 0.135358
v -5.876953 0.411878 0.135350
v -5.870104 0.410927 0.135343
v -5.863636 0.409998 0.135339
v -5.836637 0.405956 0.135331
v -5.825439 0.528253 0.127859
v -5.855374 0.526537 0.128241
v -5.861835 0.526258 0.128318
v -5.868191 0.526067 0.128389
v -5.874481 0.525958 0.128454
v -5.880746 0.525920 0.128515
v -5.887023 0.525946 0.128572
v -5.893349 0.526026 0.128626
v -5.899762 0.526153 0.128678
v -5.906295 0.526318 0.128729
v -5.912983 0.526511 0.128780
v -5.919860 0.526724 0.128832
v -5.926886 0.526945 0.128884
v -5.423324 0.392201 0.132304
v -5.423367 0.468163 0.127728
v -5.325670 0.468163 0.126816
v -5.325628 0.392201 0.131392
v -5.619515 0.392201 0.134134
v -5.619558 0.468163 0.129558
v -5.521862 0.468163 0.128647
v -5.521819 0.392201 0.133222
v -5.423420 0.562892 0.122022
v -5.423461 0.637057 0.117554
v -5.325766 0.637057 0.116643
v -5.325724 0.562892 0.121110
v -5.619612 0.562892 0.123852
v -5.619653 0.637057 0.119384
v -5.521956 0.637057 0.118473
v -5.521915 0.562892 0.122940
v -5.417775 0.126782 0.148242
v -5.212584 0.126782 0.146327
v -5.212641 0.227799 0.140242
v -5.417832 0.227799 0.142157
v -5.417870 0.293879 0.138176
v -5.223477 0.293879 0.136363
v -5.223725 0.736277 0.109713
v -5.724504 0.736277 0.114385
v -5.724256 0.293879 0.141034
v -5.527164 0.293879 0.139196
v -5.527127 0.227799 0.143176
v -5.736817 0.227799 0.145132
v -5.736761 0.126782 0.151217
v -5.527071 0.126782 0.149261
v -5.527023 0.042735 0.154324
v -5.767313 0.042735 0.156566
v -5.767256 -0.059181 0.162705
v -5.143183 -0.059181 0.156883
v -5.143240 0.042735 0.150744
v -5.417728 0.042735 0.153305
v -5.010221 0.354070 0.130747
v -4.907625 0.354070 0.129790
v -4.907682 0.456884 0.123597
v -5.010279 0.456884 0.124554
v -5.010366 0.613700 0.115107
v -4.898771 0.613700 0.114066
v -4.898829 0.716513 0.107873
v -5.219615 0.716513 0.110866
v -5.219557 0.613700 0.117059
v -5.115162 0.613700 0.116085
v -5.115073 0.456884 0.125531
v -5.205970 0.456884 0.126379
v -5.205912 0.354070 0.132573
v -5.115016 0.354070 0.131725
v -5.114917 0.178118 0.142324
v -5.209552 0.209887 0.141293
v -5.228290 0.104521 0.147815
v -5.187490 0.090929 0.148253
v -5.162929 0.082727 0.148518
v -5.138313 0.074492 0.148785
v -5.113752 0.066265 0.149051
v -5.089349 0.058087 0.149316
v -5.065210 0.049998 0.149578
v -5.041444 0.042040 0.149836
v -5.018155 0.034251 0.150088
v -4.995450 0.026673 0.150333
v -4.973433 0.019346 0.150569
v -4.952209 0.012310 0.150795
v -4.911448 -0.001136 0.151225
v -4.884514 0.106644 0.144480
v -4.911677 0.114532 0.144258
v -4.920620 0.117153 0.144184
v -4.929848 0.119882 0.144106
v -4.939351 0.122714 0.144024
v -4.949120 0.125647 0.143938
v -4.959144 0.128677 0.143849
v -4.969414 0.131802 0.143757
v -4.979920 0.135017 0.143661
v -4.990654 0.138320 0.143562
v -5.001604 0.141708 0.143460
v -5.012762 0.145178 0.143355
v -5.010103 0.144347 0.143380
v -4.745682 0.130098 0.141772
v -4.757470 0.115225 0.142778
v -4.769320 0.099802 0.143818
v -4.781108 0.083987 0.144881
v -4.792706 0.067942 0.145955
v -4.803990 0.051826 0.147031
v -4.814834 0.035799 0.148098
v -4.825112 0.020018 0.149145
v -4.834702 0.004633 0.150161
v -4.843483 -0.010210 0.151137
v -4.851336 -0.024381 0.152064
v -4.868149 -0.057438 0.154212
v -4.763403 -0.095581 0.155533
v -4.749461 -0.067013 0.153682
v -4.742468 -0.053823 0.152822
v -4.734478 -0.039679 0.151896
v -4.725625 -0.024791 0.150916
v -4.716041 -0.009359 0.149897
v -4.705853 0.006429 0.148851
v -4.695191 0.022385 0.147790
v -4.684182 0.038326 0.146727
v -4.672952 0.054068 0.145674
v -4.661631 0.069429 0.144643
v -4.650346 0.084225 0.143646
v -4.621277 0.120955 0.141162
v -4.725547 0.154666 0.140104
v -4.206413 0.087453 0.139310
v -4.198748 0.070487 0.140261
v -4.190508 0.053465 0.141210
v -4.181725 0.036495 0.142150
v -4.172431 0.019690 0.143076
v -4.162658 0.003160 0.143980
v -4.152435 -0.012983 0.144858
v -4.141790 -0.028630 0.145701
v -4.130747 -0.043670 0.146504
v -4.119326 -0.057992 0.147260
v -4.107542 -0.071485 0.147963
v -4.086343 -0.093411 0.149086
v -3.982401 -0.050416 0.145526
v -4.015261 -0.019167 0.143950
v -4.025468 -0.008358 0.143394
v -4.035622 0.003470 0.142777
v -4.045631 0.016191 0.142104
v -4.055416 0.029678 0.141382
v -4.064898 0.043806 0.140620
v -4.074002 0.058449 0.139823
v -4.082659 0.073482 0.138998
v -4.090798 0.088778 0.138152
v -4.098351 0.104211 0.137293
v -4.105252 0.119652 0.136427
v -4.118094 0.151466 0.134630
v -4.222367 0.125440 0.137171
v -4.131862 0.360359 0.122174
v -4.033766 0.360359 0.121259
v -4.033823 0.462274 0.115120
v -4.131919 0.462274 0.116035
v -4.131944 0.505896 0.113407
v -4.160023 0.537245 0.111781
v -4.153052 0.529654 0.112173
v -4.146054 0.522221 0.112555
v -4.139034 0.514949 0.112928
v -4.132000 0.507841 0.113291
v -4.124956 0.500899 0.113643
v -4.117909 0.494127 0.113985
v -4.110865 0.487527 0.114317
v -4.103828 0.481103 0.114639
v -4.096806 0.474856 0.114949
v -4.089804 0.468790 0.115250
v -4.069079 0.451319 0.116109
v -4.053023 0.466900 0.115020
v -4.049545 0.470125 0.114794
v -4.045557 0.473695 0.114541
v -4.041175 0.477501 0.114271
v -4.036508 0.481446 0.113990
v -4.031658 0.485438 0.113704
v -4.026727 0.489387 0.113420
v -4.021820 0.493201 0.113145
v -4.017043 0.496790 0.112884
v -4.012512 0.500058 0.112645
v -4.008362 0.502900 0.112435
v -3.980537 0.520666 0.111105
v -4.021572 0.552533 0.109568
v -4.039713 0.567969 0.108807
v -4.057581 0.584518 0.107977
v -4.075073 0.602077 0.107082
v -4.092091 0.620541 0.106129
v -4.108535 0.639806 0.105122
v -4.124309 0.659765 0.104066
v -4.139316 0.680311 0.102969
v -4.153463 0.701337 0.101834
v -4.166656 0.722734 0.100668
v -4.178804 0.744393 0.099476
v -4.197488 0.781401 0.097421
v -4.302341 0.751286 0.100214
v -4.287717 0.722493 0.101812
v -4.283907 0.715178 0.102217
v -4.280022 0.707900 0.102619
v -4.276063 0.700654 0.103019
v -4.272028 0.693438 0.103416
v -4.267920 0.686249 0.103811
v -4.263739 0.679083 0.104203
v -4.259481 0.671938 0.104594
v -4.255152 0.664811 0.104983
v -4.250749 0.657698 0.105370
v -4.246272 0.650597 0.105756
v -4.261469 0.674290 0.104471
v -4.818209 0.674290 0.109665
v -4.818151 0.573273 0.115750
v -4.722756 0.573273 0.114860
v -4.722693 0.462274 0.121546
v -4.820789 0.462274 0.122461
v -4.820732 0.360359 0.128600
v -4.722636 0.360359 0.127685
v -4.722573 0.247563 0.134480
v -4.845867 0.247563 0.135630
v -4.845810 0.145648 0.141769
v -4.007546 0.145648 0.133949
v -4.007604 0.247563 0.127810
v -4.131799 0.247563 0.128969
v -4.232215 0.462274 0.116971
v -4.292112 0.462274 0.117529
v -4.292174 0.573273 0.110843
v -4.232278 0.573273 0.110284
v -4.455005 0.462274 0.119049
v -4.455068 0.573273 0.112363
v -4.391570 0.573273 0.111770
v -4.391508 0.462274 0.118457
v -4.619698 0.462274 0.120585
v -4.619761 0.573273 0.113899
v -4.553563 0.573273 0.113281
v -4.553500 0.462274 0.119968
v -4.232095 0.247563 0.129904
v -4.291991 0.247563 0.130463
v -4.292055 0.360359 0.123669
v -4.232158 0.360359 0.123110
v -4.454885 0.247563 0.131983
v -4.454947 0.360359 0.125188
v -4.391451 0.360359 0.124596
v -4.391387 0.247563 0.131390
v -4.619577 0.247563 0.133519
v -4.619640 0.360359 0.126725
v -4.553443 0.360359 0.126107
v -4.553380 0.247563 0.132902
v -4.372182 0.101280 0.140024
v -4.375010 0.086982 0.140912
v -4.377706 0.072356 0.141818
v -4.380246 0.057540 0.142734
v -4.382610 0.042674 0.143652
v -4.384771 0.027896 0.144562
v -4.386707 0.013346 0.145457
v -4.388392 -0.000842 0.146327
v -4.389802 -0.014532 0.147165
v -4.390912 -0.027596 0.147963
v -4.391694 -0.039915 0.148712
v -4.392774 -0.069119 0.150481
v -4.287089 -0.083569 0.150366
v -4.286100 -0.050433 0.148361
v -4.285559 -0.038620 0.147644
v -4.284795 -0.025931 0.146872
v -4.283810 -0.012537 0.146056
v -4.282602 0.001397 0.145206
v -4.281175 0.015706 0.144330
v -4.279527 0.030226 0.143440
v -4.277661 0.044795 0.142545
v -4.275578 0.059246 0.141655
v -4.273284 0.073413 0.140780
v -4.270782 0.087127 0.139931
v -4.263549 0.122151 0.137753
v -4.365557 0.132481 0.138082
v -4.558561 0.110957 0.141180
v -4.564742 0.096752 0.142093
v -4.570828 0.082158 0.143029
v -4.576766 0.067320 0.143978
v -4.582500 0.052382 0.144932
v -4.587973 0.037489 0.145880
v -4.593128 0.022783 0.146814
v -4.597911 0.008407 0.147725
v -4.602263 -0.005502 0.148603
v -4.606131 -0.018812 0.149441
v -4.609457 -0.031403 0.150231
v -4.616674 -0.062532 0.152173
v -4.510793 -0.085382 0.152562
v -4.504017 -0.054925 0.150664
v -4.501084 -0.043053 0.149922
v -4.497668 -0.030301 0.149121
v -4.493816 -0.016844 0.148275
v -4.489574 -0.002852 0.147392
v -4.484991 0.011513 0.146484
v -4.480109 0.026087 0.145561
v -4.474978 0.040710 0.144632
v -4.469643 0.055222 0.143708
v -4.464151 0.069461 0.142799
v -4.458554 0.083262 0.141915
v -4.442993 0.119596 0.139581
v -4.545951 0.138681 0.139392
v -3.497417 0.598358 0.101918
v -3.516175 0.584769 0.102911
v -3.523838 0.578952 0.103333
v -3.532089 0.572462 0.103801
v -3.540799 0.565407 0.104307
v -3.549827 0.557902 0.104844
v -3.559026 0.550066 0.105402
v -3.568247 0.542017 0.105973
v -3.577338 0.533875 0.106548
v -3.586152 0.525758 0.107119
v -3.594543 0.517778 0.107678
v -3.602371 0.510039 0.108217
v -3.624631 0.486922 0.109818
v -3.543351 0.423516 0.112879
v -3.524210 0.443589 0.111491
v -3.517251 0.450644 0.111002
v -3.509908 0.457859 0.110498
v -3.502243 0.465169 0.109986
v -3.494317 0.472508 0.109470
v -3.486189 0.479813 0.108954
v -3.477922 0.487022 0.108443
v -3.469578 0.494072 0.107941
v -3.461217 0.500898 0.107451
v -3.452905 0.507437 0.106980
v -3.444706 0.513626 0.106530
v -3.414637 0.535283 0.104945
v -3.241889 0.333128 0.115512
v -3.248468 0.335775 0.115414
v -3.255295 0.338563 0.115310
v -3.262354 0.341485 0.115200
v -3.269635 0.344534 0.115084
v -3.277122 0.347704 0.114963
v -3.284801 0.350989 0.114837
v -3.292660 0.354381 0.114706
v -3.300686 0.357875 0.114570
v -3.308866 0.361463 0.114430
v -3.317186 0.365140 0.114286
v -3.306727 0.360486 0.114469
v -3.312045 0.349620 0.115173
v -3.308342 0.357080 0.114689
v -3.304697 0.364321 0.114219
v -3.301119 0.371325 0.113764
v -3.297619 0.378075 0.113324
v -3.294207 0.384555 0.112902
v -3.290892 0.390747 0.112498
v -3.287687 0.396634 0.112114
v -3.284602 0.402199 0.111750
v -3.281648 0.407421 0.111407
v -3.278837 0.412283 0.111088
v -3.276252 0.416645 0.110801
v -3.274057 0.420139 0.110571
v -3.271557 0.424079 0.110310
v -3.268895 0.428216 0.110036
v -3.266092 0.432493 0.109752
v -3.263174 0.436854 0.109462
v -3.260164 0.441240 0.109170
v -3.257090 0.445591 0.108879
v -3.253979 0.449845 0.108594
v -3.250865 0.453938 0.108318
v -3.247781 0.457803 0.108056
v -3.244770 0.461371 0.107813
v -3.222182 0.486392 0.106095
v -3.338980 0.531562 0.104464
v -3.348296 0.510772 0.105803
v -3.349892 0.507355 0.106024
v -3.351581 0.503863 0.106250
v -3.353341 0.500326 0.106479
v -3.355151 0.496771 0.106710
v -3.356994 0.493222 0.106941
v -3.358849 0.489703 0.107171
v -3.360698 0.486238 0.107397
v -3.362521 0.482848 0.107618
v -3.364303 0.479554 0.107833
v -3.366025 0.476376 0.108041
v -3.367766 0.473153 0.108251
v -3.403465 0.403261 0.112795
v -3.409748 0.405918 0.112693
v -3.433552 0.415760 0.112322
v -3.457539 0.425375 0.111967
v -3.481572 0.434617 0.111634
v -3.505516 0.443344 0.111332
v -3.529241 0.451411 0.111067
v -3.552622 0.458674 0.110848
v -3.575541 0.464987 0.110681
v -3.597887 0.470199 0.110576
v -3.619566 0.474152 0.110540
v -3.640495 0.476675 0.110583
v -3.660605 0.477569 0.110717
v -3.690996 0.476044 0.111092
v -3.718944 0.471565 0.111623
v -3.744401 0.464293 0.112298
v -3.767326 0.454402 0.113108
v -3.787649 0.442094 0.114039
v -3.805289 0.427612 0.115076
v -3.820177 0.411241 0.116201
v -3.832273 0.393297 0.117395
v -3.841581 0.374104 0.118638
v -3.848141 0.353976 0.119912
v -3.852016 0.333206 0.121199
v -3.853278 0.312131 0.122481
v -3.851978 0.287381 0.123960
v -3.848028 0.263857 0.125340
v -3.841287 0.241606 0.126618
v -3.831635 0.220851 0.127778
v -3.819000 0.201869 0.128804
v -3.803398 0.184957 0.129677
v -3.784924 0.170380 0.130383
v -3.763714 0.158320 0.130911
v -3.739890 0.148881 0.131258
v -3.713525 0.142105 0.131420
v -3.684632 0.138017 0.131397
v -3.653361 0.136654 0.131187
v -3.642062 0.136916 0.131066
v -3.630944 0.137648 0.130918
v -3.619882 0.138802 0.130745
v -3.608944 0.140328 0.130551
v -3.598194 0.142178 0.130340
v -3.587701 0.144308 0.130113
v -3.577535 0.146673 0.129876
v -3.567763 0.149232 0.129631
v -3.558453 0.151944 0.129381
v -3.549670 0.154770 0.129128
v -3.541473 0.157679 0.128877
v -3.521011 0.165701 0.128203
v -3.525583 0.275252 0.121645
v -3.559598 0.259633 0.122904
v -3.566685 0.256688 0.123147
v -3.574230 0.253851 0.123389
v -3.582152 0.251164 0.123624
v -3.590371 0.248669 0.123851
v -3.598809 0.246403 0.124067
v -3.607387 0.244401 0.124267
v -3.616028 0.242698 0.124450
v -3.624652 0.241327 0.124613
v -3.633177 0.240318 0.124754
v -3.641520 0.239696 0.124869
v -3.649434 0.239490 0.124955
v -3.668362 0.240326 0.125081
v -3.684543 0.242658 0.125092
v -3.698256 0.246257 0.125003
v -3.709673 0.250885 0.124831
v -3.719028 0.256330 0.124590
v -3.726597 0.262447 0.124292
v -3.732661 0.269174 0.123943
v -3.737447 0.276521 0.123545
v -3.741096 0.284516 0.123098
v -3.743677 0.293156 0.122601
v -3.745214 0.302382 0.122060
v -3.745719 0.311964 0.121487
v -3.745288 0.319168 0.121049
v -3.743956 0.326361 0.120604
v -3.741667 0.333447 0.120155
v -3.738367 0.340299 0.119712
v -3.733977 0.346830 0.119277
v -3.728371 0.352974 0.118855
v -3.721370 0.358663 0.118447
v -3.712748 0.363788 0.118058
v -3.702272 0.368185 0.117695
v -3.689727 0.371638 0.117370
v -3.674937 0.373899 0.117096
v -3.657765 0.374712 0.116887
v -3.643936 0.374093 0.116795
v -3.628559 0.372241 0.116763
v -3.611821 0.369203 0.116790
v -3.593929 0.365058 0.116873
v -3.575067 0.359895 0.117008
v -3.555408 0.353812 0.117191
v -3.535110 0.346911 0.117417
v -3.514329 0.339293 0.117682
v -3.493214 0.331064 0.117981
v -3.471910 0.322325 0.118309
v -3.450559 0.313182 0.118661
v -3.447481 0.311815 0.118714
v -3.469065 0.263440 0.121830
v -3.479178 0.239801 0.123348
v -3.489419 0.214653 0.124959
v -3.499682 0.188393 0.126637
v -3.509889 0.161359 0.128360
v -3.519957 0.133895 0.130109
v -3.529803 0.106346 0.131860
v -3.539340 0.079060 0.133593
v -3.548484 0.052386 0.135285
v -3.557148 0.026674 0.136915
v -3.565246 0.002274 0.138461
v -3.572692 -0.020463 0.139900
v -3.585795 -0.060952 0.142461
v -3.475175 -0.091699 0.143282
v -3.464043 -0.050394 0.140689
v -3.457592 -0.027480 0.139249
v -3.450603 -0.003613 0.137746
v -3.443126 0.021000 0.136193
v -3.435215 0.046150 0.134604
v -3.426919 0.071631 0.132992
v -3.418291 0.097235 0.131369
v -3.409382 0.122756 0.129748
v -3.400244 0.147985 0.128143
v -3.390929 0.172715 0.126566
v -3.381493 0.196736 0.125031
v -3.372030 0.219736 0.123558
v -3.350861 0.267183 0.120502
v -3.354098 0.268737 0.120438
v -3.339198 0.261518 0.120734
v -3.324727 0.254454 0.121025
v -3.310738 0.247588 0.121308
v -3.297282 0.240964 0.121581
v -3.284410 0.234623 0.121843
v -3.272172 0.228609 0.122091
v -3.260617 0.222962 0.122324
v -3.249790 0.217723 0.122538
v -3.239735 0.212932 0.122733
v -3.230486 0.208624 0.122906
v -3.204535 0.196938 0.123368
v -3.151072 0.306612 0.116262
v -3.181421 0.314133 0.116093
v -3.187566 0.315736 0.116053
v -3.193587 0.317379 0.116010
v -3.199446 0.319044 0.115965
v -3.205108 0.320711 0.115917
v -3.210536 0.322361 0.115868
v -3.215693 0.323975 0.115819
v -3.220544 0.325535 0.115771
v -3.225053 0.327022 0.115723
v -3.229182 0.328416 0.115678
v -3.232897 0.329698 0.115635
v -3.235865 0.330744 0.115600
v -2.744971 0.429587 0.105066
v -2.730401 0.458886 0.103165
v -2.724185 0.471070 0.102373
v -2.717703 0.483460 0.101566
v -2.710992 0.495966 0.100750
v -2.704088 0.508501 0.099930
v -2.697027 0.520980 0.099113
v -2.689847 0.533312 0.098303
v -2.682585 0.545411 0.097506
v -2.675280 0.557188 0.096728
v -2.667970 0.568552 0.095976
v -2.660699 0.579412 0.095253
v -2.639181 0.610128 0.093202
v -2.728377 0.647609 0.091776
v -2.743663 0.625271 0.093265
v -2.750475 0.615056 0.093944
v -2.757812 0.603818 0.094689
v -2.765541 0.591750 0.095488
v -2.773530 0.579049 0.096328
v -2.781640 0.565913 0.097195
v -2.789737 0.552542 0.098076
v -2.797684 0.539133 0.098958
v -2.805346 0.525881 0.099828
v -2.812587 0.512980 0.100672
v -2.819277 0.500613 0.101480
v -2.834756 0.470593 0.103433
v -2.865048 0.476926 0.103334
v -2.850195 0.506060 0.101440
v -2.843916 0.517950 0.100665
v -2.837311 0.530049 0.099875
v -2.830426 0.542265 0.099075
v -2.823309 0.554505 0.098271
v -2.816005 0.566679 0.097469
v -2.808560 0.578693 0.096676
v -2.801024 0.590457 0.095897
v -2.793445 0.601876 0.095138
v -2.785872 0.612858 0.094406
v -2.778356 0.623307 0.093707
v -2.755931 0.653053 0.091705
v -2.843477 0.693617 0.090078
v -2.859760 0.671943 0.091536
v -2.867061 0.661789 0.092216
v -2.874818 0.650628 0.092961
v -2.882912 0.638651 0.093758
v -2.891215 0.626057 0.094594
v -2.899594 0.613051 0.095456
v -2.907914 0.599837 0.096329
v -2.916041 0.586623 0.097201
v -2.923840 0.573613 0.098058
v -2.931179 0.561007 0.098885
v -2.937926 0.549000 0.099672
v -2.953696 0.519634 0.101588
v -2.482675 0.577736 0.093694
v -2.481577 0.546359 0.095574
v -2.480402 0.511636 0.097655
v -2.479188 0.474232 0.099897
v -2.477973 0.434813 0.102260
v -2.476795 0.394043 0.104705
v -2.475692 0.352588 0.107192
v -2.474701 0.311116 0.109681
v -2.473861 0.270293 0.112133
v -2.473209 0.230789 0.114507
v -2.472783 0.193277 0.116763
v -2.472623 0.158925 0.118831
v -2.473784 0.137335 0.120142
v -2.477035 0.119087 0.121272
v -2.482141 0.103534 0.122256
v -2.488882 0.090395 0.123111
v -2.497142 0.079326 0.123855
v -2.506934 0.070003 0.124508
v -2.518351 0.062204 0.125084
v -2.531473 0.055831 0.125590
v -2.546313 0.050871 0.126028
v -2.562800 0.047339 0.126394
v -2.580809 0.045236 0.126689
v -2.600036 0.044548 0.126910
v -2.637937 0.046337 0.127155
v -2.672854 0.051458 0.127173
v -2.705105 0.059591 0.126984
v -2.734903 0.070432 0.126608
v -2.762452 0.083698 0.126066
v -2.787941 0.099122 0.125375
v -2.811539 0.116440 0.124552
v -2.833392 0.135387 0.123614
v -2.853634 0.155687 0.122580
v -2.872390 0.177056 0.121468
v -2.889783 0.199199 0.120296
v -2.921163 0.243138 0.117942
v -2.999290 0.150036 0.124279
v -2.972618 0.115115 0.126134
v -2.952917 0.091805 0.127355
v -2.930644 0.068258 0.128565
v -2.905689 0.044980 0.129735
v -2.877944 0.022484 0.130831
v -2.847305 0.001289 0.131822
v -2.813676 -0.018079 0.132676
v -2.776974 -0.035091 0.133358
v -2.737132 -0.049215 0.133837
v -2.694096 -0.059928 0.134081
v -2.647827 -0.066716 0.134058
v -2.598402 -0.069080 0.133740
v -2.565197 -0.067874 0.133357
v -2.533705 -0.064139 0.132839
v -2.503935 -0.057651 0.132170
v -2.476073 -0.048174 0.131339
v -2.450368 -0.035458 0.130333
v -2.427149 -0.019291 0.129143
v -2.406811 0.000455 0.127763
v -2.389754 0.023776 0.126199
v -2.376284 0.050579 0.124459
v -2.366584 0.080758 0.122550
v -2.360738 0.114280 0.120476
v -2.358818 0.150764 0.118261
v -2.359037 0.186524 0.116108
v -2.359599 0.224928 0.113800
v -2.360437 0.265659 0.111354
v -2.361483 0.307930 0.108817
v -2.362665 0.350950 0.106237
v -2.363916 0.393923 0.103659
v -2.365165 0.436051 0.101133
v -2.366345 0.476534 0.098705
v -2.367384 0.514567 0.096424
v -2.368215 0.549340 0.094337
v -2.368768 0.580030 0.092493
v -2.368976 0.605821 0.090941
v -2.368926 0.613830 0.090458
v -2.368768 0.621786 0.089977
v -2.368500 0.629662 0.089500
v -2.368125 0.637436 0.089029
v -2.367643 0.645087 0.088563
v -2.367053 0.652594 0.088105
v -2.366357 0.659937 0.087656
v -2.365556 0.667093 0.087218
v -2.364652 0.674040 0.086791
v -2.363646 0.680755 0.086377
v -2.362541 0.687215 0.085978
v -2.356628 0.717653 0.084089
v -2.494927 0.716286 0.085461
v -2.490535 0.686331 0.087225
v -2.489548 0.679035 0.087655
v -2.488632 0.671684 0.088089
v -2.487788 0.664289 0.088527
v -2.487017 0.656866 0.088967
v -2.486318 0.649427 0.089409
v -2.485693 0.641985 0.089851
v -2.485140 0.634555 0.090294
v -2.484661 0.627148 0.090735
v -2.484255 0.619780 0.091176
v -2.483922 0.612463 0.091613
v -2.483659 0.605111 0.092054
v -1.936115 0.574769 0.088774
v -1.891149 0.577829 0.088170
v -1.861557 0.580096 0.087757
v -1.829697 0.582767 0.087299
v -1.796123 0.585804 0.086803
v -1.761388 0.589166 0.086276
v -1.726049 0.592813 0.085727
v -1.690662 0.596705 0.085162
v -1.655782 0.600803 0.084590
v -1.621963 0.605069 0.084018
v -1.589754 0.609463 0.083452
v -1.559695 0.613950 0.082902
v -1.512721 0.621754 0.081993
v -1.531361 0.730178 0.075635
v -1.577986 0.720525 0.076652
v -1.607419 0.715332 0.077239
v -1.639571 0.710383 0.077837
v -1.673690 0.705735 0.078436
v -1.709042 0.701440 0.079024
v -1.744902 0.697543 0.079594
v -1.780550 0.694091 0.080134
v -1.815266 0.691130 0.080636
v -1.848327 0.688704 0.081091
v -1.879006 0.686857 0.081488
v -1.906560 0.685633 0.081819
v -1.953311 0.684524 0.082322
v -1.746642 0.410989 0.096873
v -1.722473 0.409371 0.096745
v -1.699035 0.406850 0.096678
v -1.676394 0.403569 0.096664
v -1.654612 0.399674 0.096696
v -1.633754 0.395311 0.096764
v -1.613884 0.390624 0.096861
v -1.595061 0.385760 0.096979
v -1.577344 0.380864 0.097108
v -1.560782 0.376080 0.097242
v -1.545419 0.371551 0.097372
v -1.531699 0.367540 0.097485
v -1.525131 0.365396 0.097553
v -1.518422 0.363150 0.097626
v -1.511803 0.360878 0.097701
v -1.505283 0.358587 0.097778
v -1.498871 0.356283 0.097857
v -1.492577 0.353973 0.097938
v -1.486413 0.351663 0.098019
v -1.480386 0.349359 0.098102
v -1.474507 0.347067 0.098185
v -1.468787 0.344795 0.098269
v -1.463234 0.342548 0.098352
v -1.436968 0.331725 0.098759
v -1.401048 0.460238 0.090682
v -1.431428 0.462715 0.090816
v -1.437676 0.463342 0.090837
v -1.444122 0.464099 0.090851
v -1.450728 0.464976 0.090860
v -1.457459 0.465965 0.090863
v -1.464277 0.467057 0.090861
v -1.471148 0.468241 0.090854
v -1.478037 0.469510 0.090842
v -1.484911 0.470852 0.090825
v -1.491734 0.472259 0.090804
v -1.498474 0.473721 0.090779
v -1.505138 0.475237 0.090749
v -1.521587 0.479081 0.090671
v -1.539623 0.483390 0.090580
v -1.559154 0.488025 0.090483
v -1.580027 0.492832 0.090388
v -1.602096 0.497655 0.090303
v -1.625223 0.502340 0.090237
v -1.649272 0.506733 0.090196
v -1.674110 0.510680 0.090190
v -1.699607 0.514026 0.090227
v -1.725635 0.516613 0.090314
v -1.752065 0.518283 0.090460
v -1.779002 0.518882 0.090675
v -1.811929 0.517332 0.091075
v -1.843649 0.512647 0.091654
v -1.873701 0.504837 0.092404
v -1.901839 0.493894 0.093326
v -1.927788 0.479810 0.094417
v -1.951244 0.462598 0.095672
v -1.971875 0.442305 0.097087
v -1.989338 0.419029 0.098653
v -2.003313 0.392923 0.100356
v -2.013526 0.364176 0.102183
v -2.019763 0.332978 0.104120
v -2.021867 0.299337 0.106167
v -2.018023 0.249386 0.109140
v -2.006743 0.202778 0.111843
v -1.988459 0.159811 0.114261
v -1.963697 0.120643 0.116389
v -1.933040 0.085346 0.118230
v -1.897063 0.053894 0.119789
v -1.856292 0.026194 0.121077
v -1.811203 0.002132 0.122106
v -1.762230 -0.018409 0.122887
v -1.709780 -0.035532 0.123429
v -1.654250 -0.049325 0.123742
v -1.582914 -0.062237 0.123854
v -1.520254 0.043502 0.116900
v -1.602337 0.055800 0.116924
v -1.651398 0.066054 0.116764
v -1.696979 0.078754 0.116425
v -1.738747 0.093901 0.115902
v -1.776379 0.111475 0.115194
v -1.809575 0.131434 0.114301
v -1.838081 0.153725 0.113224
v -1.861716 0.178311 0.111964
v -1.880370 0.205228 0.110516
v -1.893965 0.234642 0.108871
v -1.902358 0.266850 0.107009
v -1.905270 0.302296 0.104901
v -1.904220 0.317792 0.103957
v -1.901122 0.332370 0.103050
v -1.896105 0.345880 0.102190
v -1.889248 0.358326 0.101376
v -1.880593 0.369692 0.100610
v -1.870157 0.379934 0.099896
v -1.857950 0.388970 0.099238
v -1.843989 0.396690 0.098642
v -1.828303 0.402957 0.098118
v -1.810944 0.407624 0.097675
v -1.791976 0.410537 0.097323
v -1.771232 0.411555 0.097068
v -0.687407 0.167471 0.101662
v -0.668138 0.165642 0.101592
v -0.650782 0.162703 0.101607
v -0.635410 0.158760 0.101702
v -0.622088 0.153942 0.101868
v -0.610860 0.148402 0.102097
v -0.601726 0.142316 0.102378
v -0.594610 0.135854 0.102701
v -0.589346 0.129125 0.103057
v -0.585709 0.122099 0.103446
v -0.583518 0.114582 0.103879
v -0.582753 0.106279 0.104372
v -0.583471 0.098021 0.104876
v -0.585523 0.090719 0.105335
v -0.588866 0.084121 0.105764
v -0.593657 0.077943 0.106181
v -0.600142 0.072074 0.106595
v -0.608523 0.066572 0.107004
v -0.618897 0.061586 0.107402
v -0.631269 0.057272 0.107777
v -0.645587 0.053766 0.108122
v -0.661779 0.051174 0.108429
v -0.679761 0.049575 0.108693
v -0.699308 0.049034 0.108908
v -0.713435 0.049606 0.109005
v -0.725786 0.051253 0.109021
v -0.736456 0.053879 0.108963
v -0.745501 0.057370 0.108837
v -0.753057 0.061630 0.108651
v -0.759341 0.066637 0.108408
v -0.764593 0.072494 0.108104
v -0.768984 0.079414 0.107728
v -0.772559 0.087641 0.107265
v -0.775255 0.097364 0.106705
v -0.776958 0.108684 0.106039
v -0.777566 0.121889 0.105249
v -0.776949 0.162795 0.102779
v -0.785606 0.160998 0.102968
v -0.778752 0.162275 0.102827
v -0.771856 0.163418 0.102694
v -0.764924 0.164431 0.102568
v -0.757958 0.165314 0.102450
v -0.750960 0.166071 0.102339
v -0.743935 0.166704 0.102235
v -0.736885 0.167216 0.102139
v -0.729813 0.167610 0.102049
v -0.722723 0.167888 0.101966
v -0.715618 0.168052 0.101890
v -0.708724 0.168105 0.101823
v -0.878109 0.548171 0.080506
v -0.876155 0.548118 0.080491
v -0.896237 0.548744 0.080641
v -0.917581 0.549500 0.080794
v -0.939919 0.550396 0.080949
v -0.962983 0.551441 0.081101
v -0.986505 0.552643 0.081248
v -1.010215 0.554012 0.081387
v -1.033844 0.555556 0.081514
v -1.057120 0.557284 0.081627
v -1.079768 0.559204 0.081723
v -1.101512 0.561321 0.081798
v -1.143631 0.566077 0.081904
v -1.147887 0.458362 0.088433
v -1.108221 0.454600 0.088290
v -1.086118 0.452738 0.088196
v -1.063113 0.451005 0.088086
v -1.039463 0.449405 0.087961
v -1.015426 0.447945 0.087825
v -0.991264 0.446629 0.087679
v -0.967238 0.445464 0.087525
v -0.943610 0.444455 0.087365
v -0.920641 0.443610 0.087202
v -0.898592 0.442933 0.087037
v -0.877723 0.442432 0.086873
v -0.878049 0.442437 0.086875
v -0.878056 0.454049 0.086176
v -0.878137 0.439035 0.087081
v -0.878388 0.422976 0.088051
v -0.878794 0.405946 0.089081
v -0.879340 0.388085 0.090162
v -0.880011 0.369530 0.091286
v -0.880791 0.350416 0.092445
v -0.881665 0.330876 0.093630
v -0.882617 0.311044 0.094834
v -0.883632 0.291052 0.096047
v -0.884694 0.271033 0.097263
v -0.885787 0.251118 0.098473
v -0.886109 0.245411 0.098820
v -0.901570 0.240797 0.099242
v -0.930166 0.230824 0.100110
v -0.957933 0.219770 0.101035
v -0.984809 0.207763 0.102009
v -1.010729 0.194931 0.103024
v -1.035630 0.181399 0.104071
v -1.059450 0.167291 0.105143
v -1.082126 0.152732 0.106232
v -1.103596 0.137843 0.107329
v -1.123796 0.122745 0.108427
v -1.142667 0.107555 0.109518
v -1.172812 0.081403 0.111375
v -1.107177 -0.022245 0.117007
v -1.074855 0.009336 0.114803
v -1.059481 0.023300 0.113818
v -1.043163 0.037091 0.112835
v -1.025957 0.050624 0.111859
v -1.007918 0.063814 0.110897
v -0.989100 0.076576 0.109952
v -0.969557 0.088829 0.109032
v -0.949343 0.100490 0.108141
v -0.928515 0.111478 0.107284
v -0.907125 0.121713 0.106468
v -0.885229 0.131116 0.105697
v -0.890458 0.129129 0.105866
v -0.891371 0.098008 0.107749
v -0.890302 0.077898 0.108951
v -0.886965 0.058016 0.110117
v -0.881185 0.038776 0.111223
v -0.872787 0.020447 0.112248
v -0.861635 0.003350 0.113174
v -0.847667 -0.012168 0.113979
v -0.830897 -0.025779 0.114643
v -0.811389 -0.037217 0.115150
v -0.789209 -0.046300 0.115490
v -0.764379 -0.052905 0.115656
v -0.736869 -0.056937 0.115642
v -0.706750 -0.058295 0.115443
v -0.675070 -0.057421 0.115095
v -0.644962 -0.054737 0.114653
v -0.616399 -0.050113 0.114107
v -0.589551 -0.043398 0.113453
v -0.564603 -0.034415 0.112679
v -0.541777 -0.022953 0.111775
v -0.521373 -0.008794 0.110732
v -0.503797 0.008235 0.109542
v -0.489543 0.028173 0.108208
v -0.479081 0.050877 0.106742
v -0.472729 0.076087 0.105164
v -0.470619 0.103601 0.103487
v -0.472351 0.126555 0.102121
v -0.477594 0.148768 0.100831
v -0.486423 0.169944 0.099638
v -0.498831 0.189720 0.098562
v -0.514738 0.207772 0.097623
v -0.534028 0.223846 0.096835
v -0.556592 0.237761 0.096207
v -0.582363 0.249392 0.095747
v -0.611317 0.258633 0.095460
v -0.643468 0.265381 0.095353
v -0.678858 0.269524 0.095434
v -0.717252 0.270923 0.095708
v -0.724298 0.270883 0.095776
v -0.731003 0.270766 0.095846
v -0.737679 0.270572 0.095920
v -0.744328 0.270301 0.095998
v -0.750953 0.269951 0.096081
v -0.757557 0.269524 0.096168
v -0.764142 0.269019 0.096260
v -0.770711 0.268436 0.096356
v -0.777267 0.267776 0.096457
v -0.783812 0.267038 0.096563
v -0.790349 0.266223 0.096673
v -0.772906 0.268607 0.096367
v -0.773178 0.262983 0.096708
v -0.772302 0.281663 0.095574
v -0.771450 0.300486 0.094433
v -0.770636 0.319316 0.093291
v -0.769871 0.338017 0.092157
v -0.769169 0.356452 0.091040
v -0.768541 0.374487 0.089947
v -0.768001 0.391987 0.088888
v -0.767559 0.408818 0.087870
v -0.767230 0.424849 0.086901
v -0.767026 0.439951 0.085989
v -0.766961 0.453936 0.085146
v -0.766968 0.467635 0.084321
v -0.766972 0.481946 0.083459
v -0.766970 0.496727 0.082569
v -0.766960 0.511784 0.081661
v -0.766936 0.526924 0.080749
v -0.766898 0.541953 0.079843
v -0.766840 0.556677 0.078956
v -0.766760 0.570899 0.078098
v -0.766655 0.584424 0.077282
v -0.766522 0.597054 0.076520
v -0.766357 0.608588 0.075824
v -0.766155 0.619023 0.075193
v -0.766104 0.627263 0.074696
v -0.765948 0.635475 0.074200
v -0.765689 0.643806 0.073696
v -0.765330 0.652135 0.073191
v -0.764874 0.660340 0.072692
v -0.764327 0.668297 0.072208
v -0.763692 0.675879 0.071745
v -0.762979 0.682953 0.071312
v -0.762196 0.689375 0.070918
v -0.761363 0.694978 0.070573
v -0.760516 0.699550 0.070290
v -0.753658 0.728192 0.068500
v -0.887264 0.728192 0.069746
v -0.883679 0.700659 0.071372
v -0.883044 0.694916 0.071712
v -0.882408 0.688352 0.072101
v -0.881783 0.681144 0.072530
v -0.881179 0.673454 0.072987
v -0.880603 0.665434 0.073465
v -0.880063 0.657232 0.073954
v -0.879566 0.648996 0.074446
v -0.879118 0.640871 0.074931
v -0.878726 0.633002 0.075401
v -0.878397 0.625538 0.075848
v -0.878148 0.618920 0.076244
v -0.216505 0.100274 0.101317
v -0.208667 0.167141 0.097216
v -0.202406 0.208041 0.094693
v -0.194632 0.249140 0.092145
v -0.185369 0.290076 0.089592
v -0.174640 0.330485 0.087058
v -0.162474 0.370004 0.084564
v -0.148901 0.408267 0.082132
v -0.133958 0.444911 0.079785
v -0.117687 0.479567 0.077545
v -0.100141 0.511867 0.075436
v -0.081386 0.541448 0.073479
v -0.044529 0.590577 0.070175
v -0.154838 0.628686 0.068908
v -0.183564 0.588117 0.071620
v -0.203118 0.556118 0.073730
v -0.221636 0.521515 0.075988
v -0.239040 0.484710 0.078367
v -0.255233 0.446109 0.080844
v -0.270111 0.406122 0.083392
v -0.283562 0.365161 0.085985
v -0.295471 0.323641 0.088597
v -0.305718 0.281973 0.091203
v -0.314180 0.240569 0.093776
v -0.320733 0.199835 0.096292
v -0.326889 0.145716 0.099609
v 0.309138 0.528085 0.070641
v 0.309243 0.512621 0.071571
v 0.309250 0.496337 0.072552
v 0.309146 0.479345 0.073577
v 0.308918 0.461760 0.074638
v 0.308555 0.443697 0.075730
v 0.308042 0.425270 0.076845
v 0.307370 0.406594 0.077976
v 0.306524 0.387783 0.079117
v 0.305494 0.368952 0.080261
v 0.304267 0.350218 0.081401
v 0.302851 0.331934 0.082516
v 0.298749 0.296290 0.084702
v 0.293492 0.263009 0.086756
v 0.287131 0.232280 0.088666
v 0.279730 0.204311 0.090420
v 0.271372 0.179313 0.092004
v 0.262165 0.157510 0.093404
v 0.252266 0.139128 0.094603
v 0.241902 0.124366 0.095589
v 0.231376 0.113336 0.096352
v 0.221002 0.105934 0.096895
v 0.210854 0.101768 0.097240
v 0.200835 0.100448 0.097413
v 0.195256 0.101374 0.097410
v 0.188644 0.104592 0.097277
v 0.180649 0.110927 0.096970
v 0.171859 0.120477 0.096477
v 0.162771 0.132951 0.095810
v 0.153708 0.147946 0.094992
v 0.144877 0.165045 0.094044
v 0.136419 0.183851 0.092990
v 0.128439 0.203975 0.091852
v 0.121022 0.225046 0.090652
v 0.114241 0.246695 0.089411
v 0.098244 0.304253 0.086092
v 0.009199 0.204014 0.092962
v 0.027106 0.156256 0.095672
v 0.041056 0.123324 0.097526
v 0.055191 0.094105 0.099154
v 0.069573 0.068413 0.100568
v 0.084279 0.046068 0.101777
v 0.099402 0.026908 0.102790
v 0.115043 0.010807 0.103614
v 0.131291 -0.002306 0.104252
v 0.148178 -0.012443 0.104706
v 0.165629 -0.019586 0.104973
v 0.183457 -0.023758 0.105058
v 0.201567 -0.025105 0.104970
v 0.226164 -0.023028 0.104616
v 0.250501 -0.016590 0.104001
v 0.274071 -0.005616 0.103120
v 0.296476 0.009956 0.101973
v 0.317432 0.030134 0.100562
v 0.336765 0.054950 0.098886
v 0.354366 0.084501 0.096942
v 0.370147 0.118942 0.094720
v 0.384010 0.158476 0.092209
v 0.395842 0.203330 0.089396
v 0.405510 0.253745 0.086269
v 0.412835 0.309722 0.082828
v 0.414957 0.330331 0.081567
v 0.416747 0.351825 0.080255
v 0.418240 0.373947 0.078909
v 0.419463 0.396404 0.077544
v 0.420444 0.418898 0.076180
v 0.421211 0.441129 0.074834
v 0.421788 0.462793 0.073523
v 0.422202 0.483585 0.072267
v 0.422478 0.503200 0.071082
v 0.422641 0.521331 0.069989
v 0.422718 0.537670 0.069004
v 0.422733 0.551858 0.068149
v 0.422750 0.557260 0.067823
v 0.422816 0.563194 0.067465
v 0.422942 0.569589 0.067079
v 0.423140 0.576324 0.066671
v 0.423422 0.583278 0.066249
v 0.423799 0.590327 0.065821
v 0.424281 0.597342 0.065394
v 0.424875 0.604194 0.064976
v 0.425589 0.610743 0.064575
v 0.426422 0.616839 0.064200
v 0.427366 0.622314 0.063861
v 0.433970 0.652349 0.061990
v 0.298428 0.649559 0.063422
v 0.302803 0.621406 0.065078
v 0.303648 0.615213 0.065443
v 0.304480 0.608366 0.065848
v 0.305283 0.601033 0.066282
v 0.306040 0.593366 0.066737
v 0.306738 0.585515 0.067203
v 0.307362 0.577628 0.067673
v 0.307901 0.569852 0.068136
v 0.308339 0.562337 0.068585
v 0.308667 0.555237 0.069009
v 0.308870 0.548715 0.069400
v 0.308945 0.542685 0.069763
v 0.800384 0.618472 0.060613
v 0.767807 0.603513 0.061818
v 0.749298 0.594528 0.062532
v 0.729955 0.584719 0.063303
v 0.710095 0.574267 0.064118
v 0.690041 0.563359 0.064962
v 0.670121 0.552182 0.065821
v 0.650664 0.540922 0.066681
v 0.631995 0.529764 0.067528
v 0.614438 0.518889 0.068346
v 0.598306 0.508469 0.069125
v 0.583892 0.498659 0.069850
v 0.556243 0.478465 0.071325
v 0.619931 0.385299 0.076343
v 0.649597 0.409305 0.074620
v 0.663863 0.419936 0.073847
v 0.679668 0.430969 0.073035
v 0.696678 0.442216 0.072198
v 0.714575 0.453505 0.071351
v 0.733042 0.464672 0.070506
v 0.751769 0.475556 0.069676
v 0.770447 0.485999 0.068873
v 0.788766 0.495844 0.068109
v 0.806411 0.504934 0.067396
v 0.823063 0.513109 0.066749
v 0.859894 0.530164 0.065377
v 0.969914 0.144172 0.087605
v 0.983260 0.142548 0.087578
v 0.995477 0.139962 0.087620
v 1.006472 0.136523 0.087724
v 1.016163 0.132353 0.087885
v 1.024478 0.127590 0.088095
v 1.031378 0.122383 0.088344
v 1.036864 0.116877 0.088624
v 1.040993 0.111184 0.088929
v 1.043867 0.105344 0.089254
v 1.045588 0.099283 0.089603
v 1.046201 0.092626 0.089998
v 1.045706 0.085446 0.090436
v 1.044236 0.078817 0.090849
v 1.041871 0.072875 0.091229
v 1.038581 0.067461 0.091585
v 1.034240 0.062437 0.091929
v 1.028658 0.057745 0.092263
v 1.021643 0.053425 0.092589
v 1.013054 0.049588 0.092900
v 1.002805 0.046377 0.093189
v 0.990860 0.043933 0.093448
v 0.977214 0.042387 0.093668
v 0.962002 0.041852 0.093843
v 0.946186 0.042575 0.093947
v 0.932715 0.044594 0.093951
v 0.921402 0.047705 0.093869
v 0.912071 0.051701 0.093715
v 0.904471 0.056418 0.093502
v 0.898305 0.061784 0.093236
v 0.893294 0.067836 0.092918
v 0.889251 0.074676 0.092544
v 0.886095 0.082398 0.092108
v 0.883818 0.091035 0.091609
v 0.882442 0.100549 0.091049
v 0.881971 0.111032 0.090422
v 0.882518 0.136247 0.088897
v 0.875537 0.134175 0.089087
v 0.882370 0.136000 0.088914
v 0.889310 0.137654 0.088749
v 0.896352 0.139137 0.088594
v 0.903488 0.140448 0.088449
v 0.910712 0.141586 0.088313
v 0.918018 0.142550 0.088187
v 0.925399 0.143340 0.088070
v 0.932848 0.143956 0.087963
v 0.940359 0.144396 0.087867
v 0.947925 0.144660 0.087780
v 0.955263 0.144745 0.087707
v 0.779489 0.208310 0.085517
v 0.772343 0.205575 0.085749
v 0.753208 0.197387 0.086420
v 0.734732 0.188660 0.087119
v 0.716919 0.179469 0.087838
v 0.699775 0.169889 0.088575
v 0.683305 0.159996 0.089325
v 0.667512 0.149863 0.090083
v 0.652400 0.139566 0.090844
v 0.637976 0.129178 0.091605
v 0.624242 0.118773 0.092359
v 0.611204 0.108425 0.093105
v 0.585486 0.087125 0.094628
v 0.646141 -0.008539 0.099825
v 0.673529 0.015463 0.098123
v 0.683660 0.024182 0.097504
v 0.694159 0.033005 0.096874
v 0.705028 0.041873 0.096239
v 0.716265 0.050725 0.095601
v 0.727869 0.059502 0.094964
v 0.739839 0.068144 0.094331
v 0.752173 0.076592 0.093707
v 0.764868 0.084787 0.093095
v 0.777921 0.092670 0.092498
v 0.791330 0.100182 0.091921
v 0.775479 0.092023 0.092560
v 0.775366 0.087145 0.092855
v 0.776452 0.067531 0.094027
v 0.779834 0.048161 0.095162
v 0.785643 0.029521 0.096231
v 0.794009 0.011863 0.097216
v 0.805017 -0.004515 0.098100
v 0.818683 -0.019298 0.098864
v 0.834953 -0.032201 0.099489
v 0.853737 -0.043001 0.099964
v 0.874947 -0.051548 0.100281
v 0.898540 -0.057745 0.100435
v 0.924520 -0.061519 0.100420
v 0.952855 -0.062790 0.100232
v 0.978733 -0.061889 0.099936
v 1.003662 -0.059159 0.099539
v 1.027563 -0.054525 0.099037
v 1.050241 -0.047899 0.098426
v 1.071483 -0.039173 0.097702
v 1.091043 -0.028218 0.096860
v 1.108614 -0.014906 0.095894
v 1.123821 0.000850 0.094803
v 1.136227 0.019046 0.093591
v 1.145408 0.039546 0.092271
v 1.151036 0.062115 0.090858
v 1.152925 0.086577 0.089367
v 1.151055 0.109804 0.087985
v 1.145564 0.131698 0.086718
v 1.136671 0.151977 0.085579
v 1.124676 0.170402 0.084581
v 1.109917 0.186808 0.083730
v 1.092727 0.201109 0.083029
v 1.073401 0.213265 0.082477
v 1.052198 0.223264 0.082072
v 1.029339 0.231093 0.081814
v 1.005027 0.236730 0.081701
v 0.979450 0.240144 0.081734
v 0.953141 0.241278 0.081911
v 0.944852 0.241216 0.081992
v 0.936952 0.241037 0.082077
v 0.929083 0.240734 0.082168
v 0.921249 0.240303 0.082267
v 0.913453 0.239741 0.082374
v 0.905698 0.239044 0.082488
v 0.897986 0.238208 0.082611
v 0.890321 0.237228 0.082741
v 0.882705 0.236102 0.082880
v 0.875142 0.234825 0.083028
v 0.867635 0.233393 0.083184
v 0.885836 0.237281 0.082780
v 0.885486 0.230063 0.083218
v 0.886417 0.249273 0.082052
v 0.887361 0.268843 0.080864
v 0.888304 0.288635 0.079663
v 0.889236 0.308507 0.078457
v 0.890143 0.328320 0.077255
v 0.891012 0.347934 0.076065
v 0.891832 0.367209 0.074897
v 0.892590 0.386007 0.073757
v 0.893274 0.404189 0.072655
v 0.893871 0.421618 0.071600
v 0.894986 0.458681 0.069357
v 0.783235 0.458681 0.070399
v 0.784617 0.428842 0.072184
v 0.784958 0.420274 0.072697
v 0.785230 0.411992 0.073193
v 0.785438 0.403948 0.073676
v 0.785584 0.396092 0.074148
v 0.785672 0.388376 0.074612
v 0.785704 0.380749 0.075071
v 0.785684 0.373164 0.075528
v 0.785616 0.365569 0.075986
v 0.785500 0.357916 0.076448
v 0.785342 0.350158 0.076917
v 0.785146 0.342375 0.077388
v 1.043118 0.598633 0.059543
v 1.031560 0.600617 0.059532
v 1.019964 0.602754 0.059511
v 1.008348 0.605044 0.059482
v 0.996725 0.607492 0.059442
v 0.985114 0.610100 0.059394
v 0.973531 0.612871 0.059335
v 0.961991 0.615806 0.059266
v 0.950511 0.618909 0.059186
v 0.939108 0.622181 0.059095
v 0.927797 0.625626 0.058993
v 0.890984 0.637519 0.058620
v 0.888116 0.527834 0.065255
v 0.915454 0.520315 0.065452
v 0.928171 0.517000 0.065534
v 0.941208 0.513778 0.065606
v 0.954547 0.510655 0.065670
v 0.968168 0.507635 0.065725
v 0.982048 0.504726 0.065770
v 0.996168 0.501932 0.065807
v 1.010508 0.499260 0.065834
v 1.025045 0.496715 0.065852
v 1.039760 0.494304 0.065860
v 1.054631 0.492033 0.065858
v 1.057650 0.491605 0.065856
v 1.065399 0.470391 0.067061
v 1.078702 0.436804 0.068961
v 1.093194 0.402668 0.070882
v 1.108724 0.368271 0.072809
v 1.125145 0.333904 0.074726
v 1.142307 0.299859 0.076617
v 1.160061 0.266429 0.078466
v 1.178261 0.233905 0.080255
v 1.196762 0.202580 0.081970
v 1.215422 0.172744 0.083593
v 1.234104 0.144681 0.085109
v 1.262543 0.104861 0.087243
v 1.369035 0.160100 0.082922
v 1.335075 0.201697 0.080733
v 1.316893 0.226008 0.079438
v 1.298802 0.252094 0.078035
v 1.280956 0.279606 0.076544
v 1.263502 0.308198 0.074984
v 1.246580 0.337526 0.073375
v 1.230328 0.367249 0.071736
v 1.214881 0.397025 0.070087
v 1.200375 0.426513 0.068446
v 1.186944 0.455369 0.066832
v 1.174722 0.483248 0.065267
v 1.175829 0.480546 0.065419
v 1.150769 0.482144 0.065557
v 1.157626 0.481745 0.065517
v 1.164475 0.481383 0.065475
v 1.171316 0.481060 0.065430
v 1.178143 0.480775 0.065384
v 1.184956 0.480527 0.065335
v 1.191749 0.480318 0.065285
v 1.198522 0.480147 0.065232
v 1.205270 0.480014 0.065177
v 1.211991 0.479918 0.065120
v 1.218681 0.479861 0.065061
v 1.225332 0.479842 0.065000
v 1.233840 0.479861 0.064919
v 1.242499 0.479918 0.064835
v 1.251286 0.480012 0.064748
v 1.260176 0.480145 0.064657
v 1.269140 0.480315 0.064563
v 1.278152 0.480522 0.064466
v 1.287183 0.480768 0.064367
v 1.296207 0.481051 0.064266
v 1.305197 0.481373 0.064163
v 1.314124 0.481732 0.064058
v 1.322962 0.482129 0.063951
v 1.349403 0.483450 0.063625
v 1.356640 0.592732 0.056974
v 1.324277 0.588636 0.057523
v 1.315935 0.587711 0.057656
v 1.307389 0.586885 0.057786
v 1.298664 0.586157 0.057911
v 1.289784 0.585524 0.058032
v 1.280773 0.584985 0.058149
v 1.271655 0.584536 0.058261
v 1.262454 0.584175 0.058368
v 1.253193 0.583899 0.058471
v 1.243894 0.583706 0.058570
v 1.234582 0.583592 0.058663
v 1.225286 0.583554 0.058752
v 1.217322 0.583591 0.058824
v 1.209282 0.583697 0.058893
v 1.201164 0.583871 0.058958
v 1.192970 0.584109 0.059020
v 1.184704 0.584409 0.059079
v 1.176369 0.584768 0.059136
v 1.167969 0.585183 0.059189
v 1.159508 0.585650 0.059240
v 1.150989 0.586167 0.059288
v 1.142414 0.586731 0.059334
v 1.133789 0.587339 0.059378
v 1.139292 0.586928 0.059351
v 1.139596 0.585777 0.059418
v 1.136359 0.598497 0.058682
v 1.133233 0.611351 0.057937
v 1.130252 0.624288 0.057185
v 1.127449 0.637255 0.056430
v 1.124858 0.650198 0.055674
v 1.122512 0.663063 0.054921
v 1.120445 0.675794 0.054174
v 1.118689 0.688335 0.053434
v 1.117276 0.700627 0.052707
v 1.116235 0.712611 0.051995
v 1.114439 0.745257 0.050045
v 0.991394 0.734090 0.051865
v 0.999118 0.703010 0.053666
v 1.001407 0.693670 0.054207
v 1.003872 0.683541 0.054794
v 1.006502 0.672716 0.055422
v 1.009287 0.661286 0.056085
v 1.012217 0.649341 0.056777
v 1.015282 0.636969 0.057494
v 1.018473 0.624258 0.058230
v 1.021781 0.611295 0.058980
v 1.025197 0.598166 0.059739
v 1.028711 0.584957 0.060502
v 1.024151 0.601659 0.059538
v 2.064705 0.124988 0.078547
v 2.061434 0.112260 0.079345
v 2.056105 0.101081 0.080068
v 2.048560 0.091032 0.080744
v 2.038441 0.081839 0.081392
v 2.025372 0.073470 0.082018
v 2.009103 0.066057 0.082616
v 1.989523 0.059768 0.083178
v 1.966610 0.054747 0.083694
v 1.940377 0.051095 0.084159
v 1.910846 0.048876 0.084568
v 1.877881 0.048126 0.084921
v 1.857725 0.048238 0.085102
v 1.838108 0.048581 0.085264
v 1.819148 0.049164 0.085406
v 1.800783 0.049994 0.085527
v 1.782955 0.051080 0.085628
v 1.765600 0.052430 0.085709
v 1.748659 0.054053 0.085769
v 1.732067 0.055957 0.085809
v 1.715762 0.058152 0.085829
v 1.699680 0.060646 0.085829
v 1.683758 0.063449 0.085808
v 1.642916 0.071507 0.085704
v 1.647249 -0.042138 0.092510
v 1.679717 -0.046985 0.092499
v 1.696245 -0.049209 0.092479
v 1.713085 -0.051235 0.092444
v 1.730228 -0.053060 0.092394
v 1.747665 -0.054681 0.092329
v 1.765388 -0.056095 0.092249
v 1.783386 -0.057300 0.092153
v 1.801653 -0.058293 0.092043
v 1.820177 -0.059070 0.091917
v 1.838952 -0.059629 0.091775
v 1.857967 -0.059966 0.091618
v 1.877412 -0.060081 0.091444
v 1.920786 -0.058966 0.090972
v 1.961239 -0.055558 0.090389
v 1.998562 -0.049776 0.089693
v 2.032723 -0.041512 0.088876
v 2.063674 -0.030622 0.087931
v 2.091321 -0.016934 0.086849
v 2.115486 -0.000265 0.085619
v 2.135871 0.019505 0.084238
v 2.152102 0.042345 0.082711
v 2.163849 0.068035 0.081053
v 2.170954 0.096261 0.079287
v 2.173404 0.126262 0.077457
v 2.173259 0.140263 0.076614
v 2.172389 0.153391 0.075832
v 2.170842 0.166045 0.075084
v 2.168670 0.178254 0.074369
v 2.165932 0.190047 0.073684
v 2.162690 0.201459 0.073026
v 2.159006 0.212528 0.072394
v 2.154944 0.223295 0.071783
v 2.150567 0.233810 0.071191
v 2.145933 0.244123 0.070612
v 2.141098 0.254287 0.070045
v 2.129321 0.278103 0.068720
v 2.014800 0.254650 0.071202
v 2.036599 0.222287 0.072948
v 2.041338 0.214885 0.073350
v 2.045728 0.207565 0.073750
v 2.049739 0.200302 0.074150
v 2.053349 0.193064 0.074552
v 2.056537 0.185819 0.074959
v 2.059288 0.178528 0.075372
v 2.061587 0.171146 0.075796
v 2.063417 0.163620 0.076232
v 2.064760 0.155890 0.076685
v 2.065593 0.147892 0.077159
v 2.065867 0.139995 0.077632
v 1.801621 0.742304 0.043812
v 1.798343 0.713792 0.045560
v 1.797226 0.705463 0.046073
v 1.795943 0.697021 0.046593
v 1.794502 0.688479 0.047121
v 1.792911 0.679854 0.047656
v 1.791180 0.671158 0.048196
v 1.789318 0.662406 0.048740
v 1.787333 0.653612 0.049289
v 1.785235 0.644791 0.049840
v 1.783033 0.635954 0.050392
v 1.780735 0.627117 0.050946
v 1.782895 0.635113 0.050444
v 1.784471 0.634902 0.050442
v 1.768855 0.637218 0.050449
v 1.753311 0.639754 0.050441
v 1.737856 0.642509 0.050419
v 1.722505 0.645484 0.050383
v 1.707275 0.648677 0.050333
v 1.692182 0.652088 0.050268
v 1.677243 0.655717 0.050189
v 1.662474 0.659563 0.050095
v 1.647891 0.663626 0.049986
v 1.633512 0.667904 0.049863
v 1.596873 0.679528 0.049504
v 1.580809 0.574182 0.056000
v 1.611196 0.565883 0.056217
v 1.624990 0.562302 0.056304
v 1.639201 0.558795 0.056383
v 1.653781 0.555376 0.056453
v 1.668683 0.552060 0.056513
v 1.683859 0.548863 0.056564
v 1.699262 0.545798 0.056605
v 1.714844 0.542882 0.056636
v 1.730556 0.540130 0.056655
v 1.746352 0.537558 0.056662
v 1.762182 0.535180 0.056658
v 1.754305 0.536259 0.056666
v 1.741926 0.497433 0.059121
v 1.727090 0.458743 0.061590
v 1.724461 0.459084 0.061594
v 1.706907 0.461686 0.061601
v 1.689890 0.464516 0.061590
v 1.673442 0.467538 0.061561
v 1.657594 0.470719 0.061517
v 1.642379 0.474025 0.061460
v 1.627829 0.477422 0.061391
v 1.613977 0.480875 0.061312
v 1.600855 0.484351 0.061225
v 1.588495 0.487816 0.061132
v 1.576931 0.491233 0.061034
v 1.544012 0.501464 0.060724
v 1.526765 0.393481 0.067391
v 1.555469 0.385920 0.067578
v 1.567314 0.382954 0.067647
v 1.579659 0.380012 0.067709
v 1.592482 0.377103 0.067764
v 1.605760 0.374235 0.067813
v 1.619469 0.371418 0.067855
v 1.633587 0.368659 0.067889
v 1.648088 0.365968 0.067916
v 1.662950 0.363355 0.067935
v 1.678149 0.360827 0.067946
v 1.693660 0.358395 0.067947
v 1.682222 0.360080 0.067953
v 1.689603 0.375059 0.066981
v 1.684836 0.365555 0.067598
v 1.679996 0.356098 0.068213
v 1.675081 0.346702 0.068825
v 1.670090 0.337386 0.069433
v 1.665020 0.328163 0.070036
v 1.659869 0.319052 0.070633
v 1.654634 0.310066 0.071223
v 1.649315 0.301223 0.071805
v 1.643909 0.292539 0.072379
v 1.638415 0.284029 0.072943
v 1.632849 0.275737 0.073494
v 1.630607 0.272553 0.073707
v 1.628322 0.269449 0.073915
v 1.625990 0.266416 0.074120
v 1.623606 0.263438 0.074322
v 1.621163 0.260499 0.074521
v 1.618654 0.257587 0.074720
v 1.616073 0.254687 0.074919
v 1.613415 0.251785 0.075119
v 1.610674 0.248870 0.075320
v 1.607846 0.245927 0.075523
v 1.604926 0.242947 0.075730
v 1.590314 0.228257 0.076752
v 1.644206 0.148284 0.081067
v 1.670732 0.154795 0.080427
v 1.684660 0.157724 0.080121
v 1.699753 0.160499 0.079813
v 1.715779 0.163122 0.079505
v 1.732519 0.165599 0.079200
v 1.749760 0.167940 0.078898
v 1.767295 0.170160 0.078600
v 1.784923 0.172270 0.078309
v 1.802442 0.174286 0.078024
v 1.819656 0.176222 0.077747
v 1.836370 0.178095 0.077478
v 1.872229 0.182180 0.076897
v 1.861319 0.276620 0.071310
v 1.829370 0.273026 0.071824
v 1.816948 0.271638 0.072024
v 1.804353 0.270237 0.072226
v 1.791723 0.268836 0.072428
v 1.779202 0.267446 0.072629
v 1.766928 0.266081 0.072825
v 1.755042 0.264753 0.073016
v 1.743683 0.263474 0.073199
v 1.732990 0.262256 0.073372
v 1.723099 0.261111 0.073534
v 1.714144 0.260051 0.073681
v 1.748552 0.264256 0.073107
v 1.732340 0.239008 0.074779
v 1.739012 0.249743 0.074070
v 1.745526 0.260566 0.073357
v 1.751883 0.271470 0.072641
v 1.758083 0.282444 0.071922
v 1.764126 0.293479 0.071201
v 1.770014 0.304566 0.070478
v 1.775746 0.315697 0.069754
v 1.781323 0.326861 0.069029
v 1.786745 0.338050 0.068305
v 1.792013 0.349255 0.067581
v 1.791260 0.347605 0.067687
v 1.805626 0.346434 0.067624
v 1.835548 0.344463 0.067463
v 1.866699 0.342860 0.067269
v 1.898921 0.341636 0.067042
v 1.932058 0.340802 0.066783
v 1.965952 0.340370 0.066493
v 2.000444 0.340353 0.066172
v 2.035374 0.340764 0.065822
v 2.070584 0.341614 0.065442
v 2.105915 0.342917 0.065034
v 2.141206 0.344686 0.064598
v 2.193895 0.348061 0.063903
v 2.199620 0.456343 0.057327
v 2.142890 0.450833 0.058188
v 2.109528 0.448192 0.058658
v 2.076331 0.446131 0.059092
v 2.043431 0.444626 0.059490
v 2.010959 0.443651 0.059851
v 1.979047 0.443184 0.060177
v 1.947825 0.443198 0.060468
v 1.917425 0.443670 0.060723
v 1.887979 0.444573 0.060943
v 1.859620 0.445883 0.061129
v 1.832481 0.447574 0.061280
v 1.833211 0.447516 0.061277
v 1.841706 0.469598 0.059867
v 1.861154 0.525771 0.056302
v 1.868347 0.525381 0.056258
v 1.891669 0.524475 0.056095
v 1.915828 0.523879 0.055905
v 1.940748 0.523596 0.055690
v 1.966356 0.523628 0.055449
v 1.992578 0.523978 0.055184
v 2.019336 0.524649 0.054894
v 2.046555 0.525643 0.054580
v 2.074160 0.526965 0.054243
v 2.102073 0.528616 0.053883
v 2.130220 0.530601 0.053501
v 2.175545 0.534319 0.052854
v 2.182794 0.640835 0.046369
v 2.132291 0.635311 0.047173
v 2.105950 0.632800 0.047570
v 2.079907 0.630678 0.047941
v 2.054200 0.628935 0.048286
v 2.028867 0.627563 0.048605
v 2.003947 0.626553 0.048898
v 1.979478 0.625894 0.049166
v 1.955500 0.625578 0.049409
v 1.932051 0.625595 0.049626
v 1.909170 0.625935 0.049819
v 1.886896 0.626590 0.049988
v 1.890278 0.626440 0.049965
v 1.889809 0.624764 0.050071
v 1.891641 0.631514 0.049647
v 1.893497 0.638135 0.049231
v 1.895418 0.644777 0.048813
v 1.897396 0.651426 0.048394
v 1.899424 0.658070 0.047974
v 1.901498 0.664695 0.047556
v 1.903609 0.671288 0.047139
v 1.905753 0.677836 0.046725
v 1.907922 0.684325 0.046313
v 1.910110 0.690743 0.045906
v 1.912311 0.697075 0.045504
v 1.922781 0.726653 0.043625
v 3.056284 0.620270 0.039459
v 3.035111 0.622462 0.039525
v 3.010101 0.625003 0.039605
v 2.981652 0.627843 0.039699
v 2.950167 0.630932 0.039807
v 2.916046 0.634221 0.039927
v 2.879692 0.637660 0.040059
v 2.841506 0.641199 0.040202
v 2.801893 0.644788 0.040356
v 2.761252 0.648378 0.040518
v 2.719988 0.651918 0.040690
v 2.678514 0.655357 0.040870
v 2.654232 0.657326 0.040978
v 2.630541 0.659183 0.041087
v 2.607486 0.660928 0.041197
v 2.585107 0.662560 0.041307
v 2.563438 0.664080 0.041418
v 2.542518 0.665487 0.041528
v 2.522383 0.666783 0.041638
v 2.503070 0.667966 0.041747
v 2.484617 0.669036 0.041855
v 2.467058 0.669995 0.041961
v 2.450431 0.670841 0.042065
v 2.413879 0.672554 0.042303
v 2.413942 0.559835 0.049093
v 2.447220 0.559772 0.048786
v 2.461412 0.559669 0.048660
v 2.476297 0.559450 0.048534
v 2.491662 0.559074 0.048413
v 2.507289 0.558503 0.048302
v 2.522957 0.557699 0.048204
v 2.538441 0.556625 0.048125
v 2.553510 0.555247 0.048067
v 2.567926 0.553534 0.048036
v 2.581436 0.551464 0.048034
v 2.593771 0.549026 0.048066
v 2.604138 0.546366 0.048130
v 2.632707 0.535049 0.048545
v 2.659327 0.520440 0.049177
v 2.683961 0.502882 0.050005
v 2.706499 0.482755 0.051007
v 2.726814 0.460459 0.052161
v 2.744774 0.436411 0.053442
v 2.760251 0.411047 0.054825
v 2.773123 0.384817 0.056286
v 2.783276 0.358183 0.057795
v 2.790613 0.331618 0.059327
v 2.795053 0.305608 0.060853
v 2.796535 0.280810 0.062333
v 2.793498 0.242581 0.064664
v 2.784914 0.209446 0.066741
v 2.771426 0.180678 0.068600
v 2.753511 0.155725 0.070270
v 2.731531 0.134177 0.071773
v 2.705864 0.115791 0.073120
v 2.676978 0.100426 0.074315
v 2.645433 0.087970 0.075360
v 2.611850 0.078296 0.076256
v 2.576883 0.071248 0.077007
v 2.541198 0.066647 0.077617
v 2.478666 0.062522 0.078449
v 2.518586 -0.051347 0.084936
v 2.576761 -0.046759 0.084117
v 2.620639 -0.039636 0.083279
v 2.664073 -0.028704 0.082215
v 2.706355 -0.013822 0.080924
v 2.746764 0.005173 0.079403
v 2.784550 0.028460 0.077647
v 2.818921 0.056227 0.075654
v 2.849024 0.088641 0.073420
v 2.873949 0.125806 0.070949
v 2.892761 0.167720 0.068248
v 2.904583 0.214273 0.065333
v 2.908626 0.265033 0.062238
v 2.906761 0.301784 0.060041
v 2.901469 0.336947 0.057972
v 2.893065 0.370645 0.056020
v 2.881884 0.402731 0.054192
v 2.868254 0.433070 0.052491
v 2.852499 0.461532 0.050923
v 2.834934 0.487996 0.049493
v 2.815866 0.512342 0.048204
v 2.795596 0.534450 0.047061
v 2.774409 0.554203 0.046069
v 2.752581 0.571477 0.045232
v 2.799962 0.540188 0.046675
v 2.744689 0.546219 0.046827
v 2.776051 0.542893 0.046735
v 2.811080 0.539204 0.046631
v 2.848865 0.535190 0.046520
v 2.888486 0.530892 0.046409
v 2.929021 0.526351 0.046305
v 2.969543 0.521608 0.046212
v 3.009120 0.516706 0.046139
v 3.046815 0.511688 0.046089
v 3.081676 0.506601 0.046070
v 3.112724 0.501500 0.046088
v 3.160795 0.492249 0.046197
v 3.173290 0.613471 0.038778
v 3.143373 0.614332 0.039005
v 3.135288 0.614606 0.039064
v 3.127472 0.614910 0.039118
v 3.119949 0.615242 0.039169
v 3.112742 0.615598 0.039214
v 3.105874 0.615975 0.039256
v 3.099368 0.616369 0.039293
v 3.093250 0.616778 0.039325
v 3.087545 0.617198 0.039353
v 3.082278 0.617624 0.039376
v 3.077479 0.618054 0.039395
v 3.073126 0.618486 0.039410
v 2.545135 0.296371 0.063741
v 2.558988 0.324839 0.061897
v 2.564370 0.335578 0.061199
v 2.569941 0.346370 0.060497
v 2.575682 0.357164 0.059793
v 2.581578 0.367912 0.059091
v 2.587610 0.378565 0.058393
v 2.593761 0.389073 0.057702
v 2.600013 0.399387 0.057023
v 2.606346 0.409457 0.056357
v 2.612742 0.419233 0.055708
v 2.619180 0.428665 0.055080
v 2.640168 0.458029 0.053115
v 2.556374 0.494103 0.051724
v 2.541564 0.472495 0.053164
v 2.535524 0.463410 0.053767
v 2.529142 0.453559 0.054420
v 2.522510 0.443076 0.055114
v 2.515719 0.432097 0.055839
v 2.508867 0.420762 0.056585
v 2.502049 0.409211 0.057345
v 2.495361 0.397582 0.058108
v 2.488898 0.386013 0.058865
v 2.482754 0.374637 0.059608
v 2.477024 0.363583 0.060327
v 2.462933 0.334975 0.062182
v 2.443173 0.334038 0.062423
v 2.457383 0.362534 0.060573
v 2.462922 0.373270 0.059875
v 2.468625 0.383964 0.059178
v 2.474484 0.394592 0.058483
v 2.480486 0.405131 0.057792
v 2.486623 0.415557 0.057106
v 2.492884 0.425848 0.056428
v 2.499259 0.435982 0.055758
v 2.505737 0.445934 0.055098
v 2.512306 0.455682 0.054450
v 2.518956 0.465202 0.053814
v 2.539943 0.494155 0.051874
v 2.458894 0.532121 0.050343
v 2.443463 0.510618 0.051782
v 2.437164 0.501620 0.052383
v 2.430486 0.491872 0.053033
v 2.423526 0.481506 0.053722
v 2.416381 0.470653 0.054442
v 2.409150 0.459449 0.055185
v 2.401934 0.448028 0.055940
v 2.394830 0.436523 0.056700
v 2.387938 0.425067 0.057454
v 2.381357 0.413788 0.058195
v 2.375180 0.402811 0.058914
v 2.359732 0.374072 0.060789
v 3.678230 0.400602 0.046891
v 3.657642 0.414494 0.046246
v 3.637366 0.429029 0.045560
v 3.617531 0.444073 0.044839
v 3.598263 0.459489 0.044090
v 3.579689 0.475141 0.043320
v 3.561935 0.490892 0.042537
v 3.545129 0.506602 0.041747
v 3.529398 0.522131 0.040958
v 3.514870 0.537332 0.040178
v 3.501675 0.552055 0.039414
v 3.475880 0.583033 0.037788
v 3.390485 0.500493 0.043558
v 3.416024 0.473291 0.044958
v 3.429499 0.459686 0.045652
v 3.444079 0.445649 0.046362
v 3.459681 0.431268 0.047082
v 3.476222 0.416634 0.047810
v 3.493618 0.401839 0.048539
v 3.511784 0.386978 0.049265
v 3.530633 0.372147 0.049982
v 3.550080 0.357442 0.050687
v 3.570039 0.342961 0.051373
v 3.590424 0.328799 0.052036
v 3.602025 0.321107 0.052391
v 3.602198 0.012018 0.071010
v 3.602183 0.004972 0.071435
v 3.602124 -0.002302 0.071873
v 3.602017 -0.009718 0.072321
v 3.601855 -0.017160 0.072771
v 3.601633 -0.024512 0.073216
v 3.601345 -0.031656 0.073649
v 3.600987 -0.038469 0.074063
v 3.600557 -0.044819 0.074449
v 3.600055 -0.050562 0.074800
v 3.599490 -0.055527 0.075105
v 3.598891 -0.059489 0.075349
v 3.593153 -0.087030 0.077061
v 3.722888 -0.087030 0.075851
v 3.719985 -0.061021 0.074311
v 3.719571 -0.056486 0.074042
v 3.719156 -0.051141 0.073724
v 3.718754 -0.045136 0.073366
v 3.718373 -0.038603 0.072976
v 3.718021 -0.031663 0.072561
v 3.717705 -0.024435 0.072129
v 3.717432 -0.017034 0.071685
v 3.717208 -0.009575 0.071238
v 3.717040 -0.002175 0.070794
v 3.716933 0.005052 0.070359
v 3.716893 0.012041 0.069939
v 3.716758 0.253839 0.055373
v 3.707060 0.258928 0.055157
v 3.727897 0.248384 0.055598
v 3.749711 0.237735 0.056036
v 3.772396 0.227053 0.056468
v 3.795848 0.216411 0.056890
v 3.819960 0.205882 0.057300
v 3.844627 0.195540 0.057692
v 3.869743 0.185460 0.058065
v 3.895202 0.175715 0.058415
v 3.920900 0.166379 0.058738
v 3.946732 0.157527 0.059030
v 3.988546 0.144118 0.059448
v 4.041883 0.247914 0.052697
v 3.988025 0.261695 0.052369
v 3.958437 0.270437 0.052119
v 3.928709 0.280274 0.051803
v 3.899115 0.291022 0.051432
v 3.869920 0.302499 0.051013
v 3.841393 0.314516 0.050555
v 3.813798 0.326889 0.050067
v 3.787398 0.339429 0.049558
v 3.762459 0.351946 0.049037
v 3.739248 0.364250 0.048512
v 3.718035 0.376143 0.047993
v 3.699059 0.387449 0.047489
v 4.306539 0.596952 0.029201
v 4.306545 0.585825 0.029871
v 4.306552 0.573613 0.030607
v 4.306560 0.560596 0.031391
v 4.306567 0.547055 0.032207
v 4.306575 0.533270 0.033037
v 4.306582 0.519523 0.033865
v 4.306590 0.506095 0.034674
v 4.306597 0.493265 0.035447
v 4.306603 0.481315 0.036167
v 4.306610 0.470525 0.036817
v 4.306615 0.461055 0.037387
v 4.307271 0.409667 0.040477
v 4.309201 0.363541 0.043238
v 4.312441 0.322236 0.045696
v 4.317030 0.285208 0.047884
v 4.323018 0.251926 0.049833
v 4.330457 0.221882 0.051573
v 4.339388 0.194601 0.053134
v 4.349834 0.169649 0.054539
v 4.361773 0.146608 0.055816
v 4.375152 0.125057 0.056989
v 4.389897 0.104540 0.058088
v 4.406080 0.084396 0.059151
v 4.422226 0.066542 0.060075
v 4.439624 0.049953 0.060913
v 4.457904 0.034725 0.061659
v 4.476859 0.020786 0.062322
v 4.496286 0.008061 0.062908
v 4.515987 -0.003521 0.063422
v 4.535768 -0.014028 0.063870
v 4.555433 -0.023528 0.064259
v 4.574793 -0.032085 0.064594
v 4.593653 -0.039761 0.064880
v 4.611818 -0.046617 0.065124
v 4.641215 -0.056983 0.065474
v 4.731557 0.038806 0.058861
v 4.678972 0.052847 0.058505
v 4.659415 0.058804 0.058329
v 4.640268 0.065432 0.058108
v 4.621580 0.072766 0.057841
v 4.603398 0.080837 0.057524
v 4.585770 0.089680 0.057156
v 4.568734 0.099327 0.056734
v 4.552338 0.109812 0.056255
v 4.536615 0.121171 0.055717
v 4.521605 0.133442 0.055118
v 4.507342 0.146664 0.054455
v 4.493989 0.160747 0.053731
v 4.480103 0.178136 0.052813
v 4.468186 0.195706 0.051865
v 4.458126 0.213711 0.050875
v 4.449698 0.232590 0.049816
v 4.442719 0.252805 0.048663
v 4.437044 0.274799 0.047391
v 4.432556 0.298983 0.045976
v 4.429151 0.325723 0.044397
v 4.426717 0.355357 0.042634
v 4.425136 0.388204 0.040670
v 4.424278 0.424576 0.038487
v 4.424008 0.464831 0.036064
v 4.424003 0.474133 0.035504
v 4.423997 0.484954 0.034852
v 4.423990 0.496928 0.034131
v 4.423983 0.509755 0.033358
v 4.423975 0.523130 0.032553
v 4.423967 0.536752 0.031732
v 4.423960 0.550317 0.030915
v 4.423952 0.563524 0.030119
v 4.423945 0.576069 0.029364
v 4.423939 0.587651 0.028666
v 4.423933 0.597966 0.028045
v 4.423928 0.606664 0.027521
v 4.423960 0.614041 0.027076
v 4.424062 0.621151 0.026647
v 4.424231 0.628053 0.026229
v 4.424462 0.634757 0.025823
v 4.424755 0.641273 0.025428
v 4.425105 0.647611 0.025043
v 4.425510 0.653782 0.024667
v 4.425966 0.659796 0.024301
v 4.426470 0.665664 0.023943
v 4.427019 0.671396 0.023592
v 4.427611 0.677002 0.023249
v 4.430813 0.704834 0.021542
v 4.302204 0.704834 0.022742
v 4.304276 0.677767 0.024353
v 4.304662 0.672130 0.024689
v 4.305013 0.666358 0.025034
v 4.305326 0.660440 0.025387
v 4.305605 0.654367 0.025751
v 4.305847 0.648129 0.026124
v 4.306053 0.641716 0.026509
v 4.306222 0.635121 0.026904
v 4.306355 0.628331 0.027312
v 4.306451 0.621339 0.027733
v 4.306511 0.614136 0.028166
v 4.306533 0.606688 0.028614
v 4.725018 0.602156 0.024983
v 4.725028 0.584037 0.026075
v 4.725041 0.560053 0.027520
v 4.725058 0.531615 0.029233
v 4.725075 0.500133 0.031129
v 4.725094 0.467016 0.033124
v 4.725112 0.433674 0.035133
v 4.725130 0.401518 0.037070
v 4.725147 0.371957 0.038850
v 4.725162 0.346401 0.040390
v 4.725173 0.326260 0.041603
v 4.725181 0.313008 0.042401
v 4.725148 0.307430 0.042738
v 4.725050 0.301660 0.043086
v 4.724891 0.295707 0.043446
v 4.724675 0.289652 0.043813
v 4.724411 0.283572 0.044182
v 4.724105 0.277545 0.044548
v 4.723762 0.271648 0.044906
v 4.723389 0.265958 0.045252
v 4.722992 0.260554 0.045582
v 4.722579 0.255514 0.045889
v 4.722159 0.250926 0.046170
v 4.719445 0.224705 0.047775
v 4.847119 0.224705 0.046583
v 4.843799 0.250745 0.045046
v 4.843328 0.254790 0.044806
v 4.842842 0.259374 0.044535
v 4.842353 0.264425 0.044235
v 4.841873 0.269876 0.043911
v 4.841418 0.275662 0.043567
v 4.840999 0.281718 0.043206
v 4.840629 0.287983 0.042832
v 4.840319 0.294392 0.042449
v 4.840082 0.300880 0.042060
v 4.839931 0.307384 0.041670
v 4.839874 0.313923 0.041276
v 4.839868 0.327141 0.040480
v 4.839856 0.347233 0.039270
v 4.839842 0.372715 0.037735
v 4.839825 0.402183 0.035960
v 4.839808 0.434234 0.034029
v 4.839788 0.467465 0.032027
v 4.839770 0.500470 0.030039
v 4.839752 0.531848 0.028149
v 4.839736 0.560193 0.026441
v 4.839723 0.584103 0.025001
v 4.839713 0.602174 0.023912
v 4.839706 0.612918 0.023265
v 4.839739 0.617046 0.023016
v 4.839837 0.621691 0.022735
v 4.839996 0.626818 0.022425
v 4.840211 0.632303 0.022093
v 4.840475 0.638031 0.021745
v 4.840783 0.643888 0.021389
v 4.841127 0.649767 0.021032
v 4.841502 0.655558 0.020680
v 4.841901 0.661150 0.020339
v 4.842316 0.666432 0.020017
v 4.842738 0.671284 0.019721
v 4.845326 0.697647 0.018108
v 4.719249 0.697647 0.019285
v 4.721920 0.671317 0.020846
v 4.722351 0.666698 0.021120
v 4.722772 0.661790 0.021412
v 4.723175 0.656645 0.021718
v 4.723554 0.651313 0.022036
v 4.723903 0.645844 0.022362
v 4.724215 0.640289 0.022694
v 4.724484 0.634698 0.023028
v 4.724705 0.629123 0.023362
v 4.724870 0.623614 0.023692
v 4.724974 0.618224 0.024016
v 4.725012 0.612935 0.024334
v 5.532817 0.604758 0.017291
v 5.539783 0.579329 0.018758
v 5.541221 0.574069 0.019061
v 5.542689 0.568654 0.019374
v 5.544172 0.563130 0.019693
v 5.545650 0.557538 0.020016
v 5.547104 0.551926 0.020340
v 5.548514 0.546338 0.020664
v 5.549862 0.540823 0.020984
v 5.551128 0.535428 0.021297
v 5.552296 0.530206 0.021601
v 5.553341 0.525212 0.021892
v 5.554352 0.519962 0.022198
v 5.557987 0.504102 0.023120
v 5.562304 0.485716 0.024187
v 5.567327 0.464914 0.025394
v 5.573015 0.442107 0.026715
v 5.579324 0.417703 0.028126
v 5.586210 0.392111 0.029603
v 5.593636 0.365737 0.031123
v 5.601558 0.338986 0.032661
v 5.609937 0.312257 0.034193
v 5.618740 0.285947 0.035696
v 5.627935 0.260449 0.037146
v 5.637431 0.236312 0.038512
v 5.646219 0.215121 0.039706
v 5.655602 0.193632 0.040913
v 5.665531 0.171956 0.042126
v 5.675959 0.150196 0.043340
v 5.686841 0.128452 0.044548
v 5.698133 0.106827 0.045746
v 5.709790 0.085422 0.046927
v 5.721769 0.064339 0.048085
v 5.734025 0.043681 0.049215
v 5.746515 0.023548 0.050312
v 5.759200 0.004042 0.051368
v 5.781135 -0.028045 0.053097
v 5.896016 0.020536 0.049098
v 5.867104 0.059707 0.047008
v 5.853662 0.078999 0.045971
v 5.840533 0.098876 0.044896
v 5.827771 0.119198 0.043791
v 5.815424 0.139825 0.042664
v 5.803540 0.160619 0.041522
v 5.792169 0.181441 0.040374
v 5.781355 0.202152 0.039227
v 5.771145 0.222613 0.038089
v 5.761589 0.242684 0.036969
v 5.752730 0.262225 0.035875
v 5.744630 0.281065 0.034815
v 5.735159 0.304614 0.033485
v 5.725798 0.329734 0.032059
v 5.716623 0.356196 0.030551
v 5.707731 0.383720 0.028975
v 5.699214 0.412029 0.027349
v 5.691163 0.440846 0.025688
v 5.683668 0.469897 0.024008
v 5.676821 0.498905 0.022325
v 5.670708 0.527594 0.020653
v 5.665418 0.555683 0.019010
v 5.661038 0.582888 0.017412
v 5.654815 0.630760 0.014586
v 5.152873 0.590250 0.021709
v 5.147847 0.591296 0.021693
v 5.143040 0.592989 0.021636
v 5.138492 0.595291 0.021540
v 5.134263 0.598159 0.021406
v 5.130421 0.601541 0.021239
v 5.127029 0.605376 0.021039
v 5.124153 0.609595 0.020812
v 5.121845 0.614133 0.020560
v 5.120147 0.618931 0.020287
v 5.119097 0.623947 0.019994
v 5.118731 0.629189 0.019682
v 5.119098 0.634663 0.019349
v 5.120162 0.639891 0.019024
v 5.121877 0.644845 0.018710
v 5.124197 0.649492 0.018408
v 5.127077 0.653783 0.018123
v 5.130462 0.657660 0.017857
v 5.134292 0.661066 0.017616
v 5.138501 0.663945 0.017404
v 5.143029 0.666252 0.017223
v 5.147820 0.667945 0.017076
v 5.152833 0.668991 0.016966
v 5.158077 0.669352 0.016895
v 5.163527 0.668985 0.016867
v 5.168675 0.667929 0.016882
v 5.173513 0.666234 0.016939
v 5.178025 0.663944 0.017035
v 5.182180 0.661097 0.017168
v 5.185938 0.657733 0.017336
v 5.189249 0.653896 0.017536
v 5.192065 0.649634 0.017766
v 5.194338 0.644995 0.018025
v 5.196023 0.640019 0.018309
v 5.197074 0.634739 0.018617
v 5.197439 0.629190 0.018948
v 5.197085 0.623871 0.019271
v 5.196059 0.618801 0.019586
v 5.194402 0.613982 0.019892
v 5.192150 0.609452 0.020186
v 5.189348 0.605263 0.020465
v 5.186042 0.601470 0.020724
v 5.182280 0.598129 0.020960
v 5.178112 0.595292 0.021170
v 5.173586 0.593006 0.021350
v 5.168734 0.591313 0.021497
v 5.163575 0.590256 0.021609
v 5.158121 0.589889 0.021682
v 5.141749 0.749575 0.012215
v 5.126080 0.746302 0.012558
v 5.111199 0.741040 0.013014
v 5.097270 0.733952 0.013571
v 5.084438 0.725195 0.014218
v 5.072839 0.714918 0.014946
v 5.062612 0.703260 0.015743
v 5.053895 0.690356 0.016602
v 5.046841 0.676343 0.017512
v 5.041606 0.661363 0.018463
v 5.038353 0.645577 0.019445
v 5.037243 0.629171 0.020443
v 5.038372 0.612776 0.021420
v 5.041649 0.597021 0.022339
v 5.046912 0.582094 0.023189
v 5.054003 0.568153 0.023963
v 5.062757 0.555340 0.024653
v 5.073021 0.543788 0.025253
v 5.084650 0.533628 0.025757
v 5.097501 0.524991 0.026157
v 5.111433 0.518016 0.026448
v 5.126297 0.512850 0.026620
v 5.141933 0.509643 0.026667
v 5.158142 0.508545 0.026582
v 5.174529 0.509640 0.026364
v 5.190279 0.512841 0.026024
v 5.205217 0.518006 0.025573
v 5.219185 0.524990 0.025022
v 5.232033 0.533646 0.024381
v 5.243624 0.543830 0.023659
v 5.253819 0.555406 0.022867
v 5.262484 0.568236 0.022013
v 5.269471 0.582183 0.021108
v 5.274638 0.597097 0.020161
v 5.277835 0.612821 0.019184
v 5.278923 0.629170 0.018189
v 5.277819 0.645531 0.017213
v 5.274609 0.661287 0.016294
v 5.269438 0.676255 0.015441
v 5.262454 0.690273 0.014661
v 5.253799 0.703194 0.013964
v 5.243614 0.714876 0.013355
v 5.232030 0.725177 0.012842
v 5.219180 0.733953 0.012434
v 5.205200 0.741050 0.012136
v 5.190234 0.746312 0.011959
v 5.174444 0.749579 0.011910
v 5.158006 0.750699 0.011995
v 5.331182 0.639930 0.017053
v 5.313701 0.607709 0.019157
v 5.303392 0.587924 0.020445
v 5.292500 0.566329 0.021848
v 5.281160 0.543212 0.023346
v 5.269506 0.518866 0.024922
v 5.257679 0.493589 0.026555
v 5.245817 0.467681 0.028226
v 5.234064 0.441441 0.029917
v 5.222560 0.415170 0.031607
v 5.211446 0.389168 0.033277
v 5.200861 0.363732 0.034908
v 5.191005 0.339299 0.036472
v 5.181552 0.316025 0.037962
v 5.171728 0.290980 0.039563
v 5.161713 0.264673 0.041241
v 5.151623 0.237460 0.042974
v 5.141577 0.209697 0.044741
v 5.131693 0.181744 0.046517
v 5.122092 0.153960 0.048280
v 5.112893 0.126706 0.050008
v 5.104217 0.100338 0.051677
v 5.096181 0.075214 0.053266
v 5.088905 0.051686 0.054751
v 5.077024 0.011608 0.057276
v 5.195952 -0.027069 0.058497
v 5.207169 0.016911 0.055743
v 5.213787 0.041149 0.054221
v 5.221044 0.066282 0.052639
v 5.228858 0.092110 0.051010
v 5.237152 0.118436 0.049347
v 5.245846 0.145063 0.047662
v 5.254861 0.171796 0.045967
v 5.264118 0.198440 0.044276
v 5.273538 0.224803 0.042600
v 5.283040 0.250689 0.040951
v 5.292547 0.275906 0.039344
v 5.301992 0.300292 0.037786
v 5.311297 0.323908 0.036277
v 5.321259 0.348530 0.034701
v 5.331771 0.373875 0.033076
v 5.342711 0.399620 0.031423
v 5.353958 0.425445 0.029762
v 5.365393 0.451030 0.028114
v 5.376890 0.476052 0.026499
v 5.388329 0.500187 0.024939
v 5.399581 0.523108 0.023453
v 5.410517 0.544483 0.022063
v 5.421000 0.563969 0.020791
v 5.443173 0.602672 0.018253
v 5.152873 0.590250 0.021709
v 5.151942 0.584237 -0.078105
v 5.147847 0.591296 0.021693
v 5.146916 0.585283 -0.078121
v 5.143040 0.592989 0.021636
v 5.142109 0.586976 -0.078179
v 5.138492 0.595291 0.021540
v 5.137561 0.589278 -0.078275
v 5.134263 0.598159 0.021406
v 5.133332 0.592146 -0.078408
v 5.130421 0.601541 0.021239
v 5.129490 0.595528 -0.078576
v 5.127029 0.605376 0.021039
v 5.126099 0.599363 -0.078775
v 5.124153 0.609595 0.020812
v 5.123222 0.603582 -0.079003
v 5.121845 0.614133 0.020560
v 5.120914 0.608120 -0.079255
v 5.120147 0.618931 0.020287
v 5.119216 0.612918 -0.079528
v 5.119097 0.623947 0.019994
v 5.118166 0.617934 -0.079820
v 5.118731 0.629189 0.019682
v 5.117801 0.623176 -0.080133
v 5.119098 0.634663 0.019349
v 5.118167 0.628650 -0.080466
v 5.120162 0.639891 0.019024
v 5.119231 0.633878 -0.080791
v 5.121877 0.644845 0.018710
v 5.120946 0.638832 -0.081105
v 5.124197 0.649492 0.018408
v 5.123266 0.643479 -0.081407
v 5.127077 0.653783 0.018123
v 5.126146 0.647770 -0.081692
v 5.130462 0.657660 0.017857
v 5.129531 0.651647 -0.081957
v 5.134292 0.661066 0.017616
v 5.133361 0.655053 -0.082198
v 5.138501 0.663945 0.017404
v 5.137570 0.657932 -0.082411
v 5.143029 0.666252 0.017223
v 5.142098 0.660238 -0.082592
v 5.147820 0.667945 0.017076
v 5.146889 0.661932 -0.082739
v 5.152833 0.668991 0.016966
v 5.151902 0.662978 -0.082849
v 5.158077 0.669352 0.016895
v 5.157146 0.663339 -0.082919
v 5.163527 0.668985 0.016867
v 5.162596 0.662972 -0.082948
v 5.168675 0.667929 0.016882
v 5.167745 0.661915 -0.082932
v 5.173513 0.666234 0.016939
v 5.172583 0.660221 -0.082875
v 5.178025 0.663944 0.017035
v 5.177094 0.657931 -0.082780
v 5.182180 0.661097 0.017168
v 5.181250 0.655084 -0.082647
v 5.185938 0.657733 0.017336
v 5.185007 0.651720 -0.082479
v 5.189249 0.653896 0.017536
v 5.188318 0.647883 -0.082279
v 5.192065 0.649634 0.017766
v 5.191134 0.643621 -0.082048
v 5.194338 0.644995 0.018025
v 5.193407 0.638981 -0.081790
v 5.196023 0.640019 0.018309
v 5.195092 0.634006 -0.081506
v 5.197074 0.634739 0.018617
v 5.196143 0.628726 -0.081198
v 5.197439 0.629190 0.018948
v 5.196508 0.623176 -0.080867
v 5.197085 0.623871 0.019271
v 5.196155 0.617858 -0.080543
v 5.196059 0.618801 0.019586
v 5.195128 0.612788 -0.080228
v 5.194402 0.613982 0.019892
v 5.193471 0.607969 -0.079922
v 5.192150 0.609452 0.020186
v 5.191219 0.603439 -0.079629
v 5.189348 0.605263 0.020465
v 5.188417 0.599250 -0.079350
v 5.186042 0.601470 0.020724
v 5.185111 0.595456 -0.079091
v 5.182280 0.598129 0.020960
v 5.181349 0.592116 -0.078854
v 5.178112 0.595292 0.021170
v 5.177181 0.589279 -0.078645
v 5.173586 0.593006 0.021350
v 5.172655 0.586993 -0.078465
v 5.168734 0.591313 0.021497
v 5.167803 0.585299 -0.078317
v 5.163575 0.590256 0.021609
v 5.162644 0.584243 -0.078206
v 5.158121 0.589889 0.021682
v 5.157190 0.583876 -0.078133
v 5.141749 0.749575 0.012215
v 5.140819 0.743562 -0.087600
v 5.126080 0.746302 0.012558
v 5.125149 0.740289 -0.087257
v 5.111199 0.741040 0.013014
v 5.110269 0.735027 -0.086801
v 5.097270 0.733952 0.013571
v 5.096339 0.727939 -0.086244
v 5.084438 0.725195 0.014218
v 5.083508 0.719182 -0.085597
v 5.072839 0.714918 0.014946
v 5.071908 0.708905 -0.084869
v 5.062612 0.703260 0.015743
v 5.061681 0.697247 -0.084071
v 5.053895 0.690356 0.016602
v 5.052964 0.684343 -0.083213
v 5.046841 0.676343 0.017512
v 5.045910 0.670330 -0.082303
v 5.041606 0.661363 0.018463
v 5.040675 0.655350 -0.081351
v 5.038353 0.645577 0.019445
v 5.037422 0.639564 -0.080370
v 5.037243 0.629171 0.020443
v 5.036312 0.623158 -0.079371
v 5.038372 0.612776 0.021420
v 5.037441 0.606763 -0.078394
v 5.041649 0.597021 0.022339
v 5.040718 0.591008 -0.077476
v 5.046912 0.582094 0.023189
v 5.045981 0.576081 -0.076625
v 5.054003 0.568153 0.023963
v 5.053072 0.562140 -0.075852
v 5.062757 0.555340 0.024653
v 5.061826 0.549327 -0.075162
v 5.073021 0.543788 0.025253
v 5.072090 0.537775 -0.074561
v 5.084650 0.533628 0.025757
v 5.083719 0.527615 -0.074058
v 5.097501 0.524991 0.026157
v 5.096570 0.518978 -0.073657
v 5.111433 0.518016 0.026448
v 5.110502 0.512003 -0.073367
v 5.126297 0.512850 0.026620
v 5.125366 0.506837 -0.073195
v 5.141933 0.509643 0.026667
v 5.141003 0.503630 -0.073147
v 5.158142 0.508545 0.026582
v 5.157211 0.502532 -0.073232
v 5.174529 0.509640 0.026364
v 5.173598 0.503627 -0.073451
v 5.190279 0.512841 0.026024
v 5.189348 0.506828 -0.073791
v 5.205217 0.518006 0.025573
v 5.204287 0.511993 -0.074241
v 5.219185 0.524990 0.025022
v 5.218254 0.518977 -0.074792
v 5.232033 0.533646 0.024381
v 5.231102 0.527632 -0.075434
v 5.243624 0.543830 0.023659
v 5.242693 0.537817 -0.076155
v 5.253819 0.555406 0.022867
v 5.252889 0.549393 -0.076948
v 5.262484 0.568236 0.022013
v 5.261553 0.562223 -0.077802
v 5.269471 0.582183 0.021108
v 5.268540 0.576169 -0.078707
v 5.274638 0.597097 0.020161
v 5.273707 0.591084 -0.079654
v 5.277835 0.612821 0.019184
v 5.276904 0.606808 -0.080631
v 5.278923 0.629170 0.018189
v 5.277992 0.623157 -0.081626
v 5.277819 0.645531 0.017213
v 5.276888 0.639518 -0.082601
v 5.274609 0.661287 0.016294
v 5.273678 0.655274 -0.083521
v 5.269438 0.676255 0.015441
v 5.268507 0.670241 -0.084374
v 5.262454 0.690273 0.014661
v 5.261523 0.684260 -0.085153
v 5.253799 0.703194 0.013964
v 5.252869 0.697181 -0.085851
v 5.243614 0.714876 0.013355
v 5.242683 0.708862 -0.086460
v 5.232030 0.725177 0.012842
v 5.231099 0.719164 -0.086972
v 5.219180 0.733953 0.012434
v 5.218249 0.727939 -0.087381
v 5.205200 0.741050 0.012136
v 5.204269 0.735037 -0.087678
v 5.190234 0.746312 0.011959
v 5.189303 0.740298 -0.087856
v 5.174444 0.749579 0.011910
v 5.173513 0.743565 -0.087905
v 5.158006 0.750699 0.011995
v 5.157075 0.744685 -0.087819
v 5.532817 0.604758 0.017291
v 5.531886 0.598745 -0.082524
v 5.539783 0.579329 0.018758
v 5.538853 0.573316 -0.081057
v 5.541221 0.574069 0.019061
v 5.540290 0.568056 -0.080753
v 5.542689 0.568654 0.019374
v 5.541759 0.562641 -0.080441
v 5.544172 0.563130 0.019693
v 5.543242 0.557117 -0.080122
v 5.545650 0.557538 0.020016
v 5.544719 0.551525 -0.079799
v 5.547104 0.551926 0.020340
v 5.546173 0.545913 -0.079474
v 5.548514 0.546338 0.020664
v 5.547584 0.540325 -0.079151
v 5.549862 0.540823 0.020984
v 5.548931 0.534809 -0.078831
v 5.551128 0.535428 0.021297
v 5.550198 0.529415 -0.078518
v 5.552296 0.530206 0.021601
v 5.551365 0.524193 -0.078214
v 5.553341 0.525212 0.021892
v 5.552410 0.519199 -0.077923
v 5.554352 0.519962 0.022198
v 5.553421 0.513948 -0.077616
v 5.557987 0.504102 0.023120
v 5.557056 0.498089 -0.076695
v 5.562304 0.485716 0.024187
v 5.561373 0.479703 -0.075627
v 5.567327 0.464914 0.025394
v 5.566397 0.458901 -0.074421
v 5.573015 0.442107 0.026715
v 5.572084 0.436093 -0.073100
v 5.579324 0.417703 0.028126
v 5.578393 0.411690 -0.071689
v 5.586210 0.392111 0.029603
v 5.585279 0.386098 -0.070211
v 5.593636 0.365737 0.031123
v 5.592705 0.359724 -0.068692
v 5.601558 0.338986 0.032661
v 5.600627 0.332972 -0.067154
v 5.609937 0.312257 0.034193
v 5.609006 0.306243 -0.065622
v 5.618740 0.285947 0.035696
v 5.617809 0.279934 -0.064119
v 5.627935 0.260449 0.037146
v 5.627005 0.254436 -0.062669
v 5.637431 0.236312 0.038512
v 5.636500 0.230298 -0.061303
v 5.646219 0.215121 0.039706
v 5.645288 0.209108 -0.060108
v 5.655602 0.193632 0.040913
v 5.654672 0.187618 -0.058901
v 5.665531 0.171956 0.042126
v 5.664600 0.165943 -0.057688
v 5.675959 0.150196 0.043340
v 5.675028 0.144183 -0.056475
v 5.686841 0.128452 0.044548
v 5.685910 0.122439 -0.055266
v 5.698133 0.106827 0.045746
v 5.697203 0.100814 -0.054069
v 5.709790 0.085422 0.046927
v 5.708859 0.079409 -0.052888
v 5.721769 0.064339 0.048085
v 5.720839 0.058326 -0.051730
v 5.734025 0.043681 0.049215
v 5.733094 0.037668 -0.050599
v 5.746515 0.023548 0.050312
v 5.745584 0.017535 -0.049503
v 5.759200 0.004042 0.051368
v 5.758269 -0.001971 -0.048446
v 5.781135 -0.028045 0.053097
v 5.780204 -0.034058 -0.046718
v 5.896016 0.020536 0.049098
v 5.895085 0.014523 -0.050716
v 5.867104 0.059707 0.047008
v 5.866173 0.053694 -0.052806
v 5.853662 0.078999 0.045971
v 5.852731 0.072986 -0.053843
v 5.840533 0.098876 0.044896
v 5.839602 0.092863 -0.054918
v 5.827771 0.119198 0.043791
v 5.826840 0.113185 -0.056023
v 5.815424 0.139825 0.042664
v 5.814493 0.133812 -0.057151
v 5.803540 0.160619 0.041522
v 5.802609 0.154606 -0.058293
v 5.792169 0.181441 0.040374
v 5.791238 0.175428 -0.059441
v 5.781355 0.202152 0.039227
v 5.780424 0.196139 -0.060588
v 5.771145 0.222613 0.038089
v 5.770214 0.216600 -0.061725
v 5.761589 0.242684 0.036969
v 5.760658 0.236671 -0.062845
v 5.752730 0.262225 0.035875
v 5.751800 0.256211 -0.063940
v 5.744630 0.281065 0.034815
v 5.743699 0.275052 -0.064999
v 5.735159 0.304614 0.033485
v 5.734228 0.298600 -0.066330
v 5.725798 0.329734 0.032059
v 5.724867 0.323721 -0.067756
v 5.716623 0.356196 0.030551
v 5.715693 0.350183 -0.069264
v 5.707731 0.383720 0.028975
v 5.706800 0.377707 -0.070839
v 5.699214 0.412029 0.027349
v 5.698283 0.406015 -0.072465
v 5.691163 0.440846 0.025688
v 5.690232 0.434833 -0.074126
v 5.683668 0.469897 0.024008
v 5.682737 0.463884 -0.075806
v 5.676821 0.498905 0.022325
v 5.675890 0.492892 -0.077490
v 5.670708 0.527594 0.020653
v 5.669777 0.521581 -0.079161
v 5.665418 0.555683 0.019010
v 5.664487 0.549670 -0.080804
v 5.661038 0.582888 0.017412
v 5.660108 0.576875 -0.082402
v 5.654815 0.630760 0.014586
v 5.653884 0.624747 -0.085228
v 5.331182 0.639930 0.017053
v 5.330252 0.633917 -0.082762
v 5.313701 0.607709 0.019157
v 5.312770 0.601696 -0.080657
v 5.303392 0.587924 0.020445
v 5.302462 0.581911 -0.079369
v 5.292500 0.566329 0.021848
v 5.291570 0.560316 -0.077967
v 5.281160 0.543212 0.023346
v 5.280230 0.537199 -0.076468
v 5.269506 0.518866 0.024922
v 5.268576 0.512853 -0.074893
v 5.257679 0.493589 0.026555
v 5.256748 0.487576 -0.073260
v 5.245817 0.467681 0.028226
v 5.244886 0.461668 -0.071588
v 5.234064 0.441441 0.029917
v 5.233133 0.435428 -0.069898
v 5.222560 0.415170 0.031607
v 5.221629 0.409157 -0.068208
v 5.211446 0.389168 0.033277
v 5.210515 0.383155 -0.066538
v 5.200861 0.363732 0.034908
v 5.199930 0.357719 -0.064907
v 5.191005 0.339299 0.036472
v 5.190074 0.333286 -0.063343
v 5.181552 0.316025 0.037962
v 5.180621 0.310012 -0.061853
v 5.171728 0.290980 0.039563
v 5.170797 0.284967 -0.060252
v 5.161713 0.264673 0.041241
v 5.160782 0.258660 -0.058574
v 5.151623 0.237460 0.042974
v 5.150692 0.231446 -0.056840
v 5.141577 0.209697 0.044741
v 5.140646 0.203684 -0.055074
v 5.131693 0.181744 0.046517
v 5.130762 0.175731 -0.053298
v 5.122092 0.153960 0.048280
v 5.121161 0.147947 -0.051534
v 5.112893 0.126706 0.050008
v 5.111962 0.120692 -0.049807
v 5.104217 0.100338 0.051677
v 5.103286 0.094325 -0.048137
v 5.096181 0.075214 0.053266
v 5.095250 0.069201 -0.046549
v 5.088905 0.051686 0.054751
v 5.087975 0.045673 -0.045064
v 5.077024 0.011608 0.057276
v 5.076094 0.005594 -0.042538
v 5.195952 -0.027069 0.058497
v 5.195022 -0.033082 -0.041318
v 5.207169 0.016911 0.055743
v 5.206238 0.010898 -0.044072
v 5.213787 0.041149 0.054221
v 5.212856 0.035136 -0.045594
v 5.221044 0.066282 0.052639
v 5.220113 0.060269 -0.047176
v 5.228858 0.092110 0.051010
v 5.227927 0.086097 -0.048804
v 5.237152 0.118436 0.049347
v 5.236221 0.112423 -0.050468
v 5.245846 0.145063 0.047662
v 5.244915 0.139049 -0.052153
v 5.254861 0.171796 0.045967
v 5.253930 0.165782 -0.053848
v 5.264118 0.198440 0.044276
v 5.263187 0.192427 -0.055539
v 5.273538 0.224803 0.042600
v 5.272607 0.218790 -0.057215
v 5.283040 0.250689 0.040951
v 5.282109 0.244676 -0.058863
v 5.292547 0.275906 0.039344
v 5.291616 0.269893 -0.060471
v 5.301992 0.300292 0.037786
v 5.301062 0.294279 -0.062028
v 5.311297 0.323908 0.036277
v 5.310367 0.317895 -0.063538
v 5.321259 0.348530 0.034701
v 5.320328 0.342517 -0.065114
v 5.331771 0.373875 0.033076
v 5.330840 0.367861 -0.066739
v 5.342711 0.399620 0.031423
v 5.341781 0.393607 -0.068392
v 5.353958 0.425445 0.029762
v 5.353027 0.419432 -0.070053
v 5.365393 0.451030 0.028114
v 5.364462 0.445017 -0.071701
v 5.376890 0.476052 0.026499
v 5.375959 0.470038 -0.073315
v 5.388329 0.500187 0.024939
v 5.387398 0.494174 -0.074876
v 5.399581 0.523108 0.023453
v 5.398650 0.517095 -0.076362
v 5.410517 0.544483 0.022063
v 5.409586 0.538469 -0.077752
v 5.421000 0.563969 0.020791
v 5.420069 0.557956 -0.079023
v 5.443173 0.602672 0.018253
v 5.442243 0.596659 -0.081562
v 4.306539 0.596952 0.029201
v 4.305608 0.590939 -0.070614
v 4.306545 0.585825 0.029871
v 4.305614 0.579812 -0.069944
v 4.306552 0.573613 0.030607
v 4.305621 0.567600 -0.069208
v 4.306560 0.560596 0.031391
v 4.305629 0.554583 -0.068424
v 4.306567 0.547055 0.032207
v 4.305636 0.541042 -0.067608
v 4.306575 0.533270 0.033037
v 4.305644 0.527257 -0.066778
v 4.306582 0.519523 0.033865
v 4.305652 0.513510 -0.065950
v 4.306590 0.506095 0.034674
v 4.305659 0.500081 -0.065141
v 4.306597 0.493265 0.035447
v 4.305666 0.487252 -0.064368
v 4.306603 0.481315 0.036167
v 4.305673 0.475301 -0.063648
v 4.306610 0.470525 0.036817
v 4.305679 0.464512 -0.062998
v 4.306615 0.461055 0.037387
v 4.305684 0.455041 -0.062428
v 4.307271 0.409667 0.040477
v 4.306340 0.403654 -0.059338
v 4.309201 0.363541 0.043238
v 4.308270 0.357528 -0.056577
v 4.312441 0.322236 0.045696
v 4.311510 0.316223 -0.054119
v 4.317030 0.285208 0.047884
v 4.316099 0.279195 -0.051931
v 4.323018 0.251926 0.049833
v 4.322087 0.245913 -0.049982
v 4.330457 0.221882 0.051573
v 4.329526 0.215868 -0.048241
v 4.339388 0.194601 0.053134
v 4.338457 0.188588 -0.046681
v 4.349834 0.169649 0.054539
v 4.348904 0.163635 -0.045275
v 4.361773 0.146608 0.055816
v 4.360843 0.140595 -0.043999
v 4.375152 0.125057 0.056989
v 4.374221 0.119044 -0.042825
v 4.389897 0.104540 0.058088
v 4.388967 0.098527 -0.041727
v 4.406080 0.084396 0.059151
v 4.405149 0.078383 -0.040664
v 4.422226 0.066542 0.060075
v 4.421295 0.060529 -0.039739
v 4.439624 0.049953 0.060913
v 4.438693 0.043940 -0.038902
v 4.457904 0.034725 0.061659
v 4.456973 0.028712 -0.038155
v 4.476859 0.020786 0.062322
v 4.475928 0.014773 -0.037492
v 4.496286 0.008061 0.062908
v 4.495356 0.002048 -0.036907
v 4.515987 -0.003521 0.063422
v 4.515057 -0.009534 -0.036393
v 4.535768 -0.014028 0.063870
v 4.534837 -0.020041 -0.035945
v 4.555433 -0.023528 0.064259
v 4.554502 -0.029541 -0.035556
v 4.574793 -0.032085 0.064594
v 4.573862 -0.038098 -0.035221
v 4.593653 -0.039761 0.064880
v 4.592722 -0.045775 -0.034934
v 4.611818 -0.046617 0.065124
v 4.610888 -0.052630 -0.034691
v 4.641215 -0.056983 0.065474
v 4.640285 -0.062997 -0.034340
v 4.731557 0.038806 0.058861
v 4.730626 0.032793 -0.040954
v 4.678972 0.052847 0.058505
v 4.678041 0.046834 -0.041309
v 4.659415 0.058804 0.058329
v 4.658484 0.052791 -0.041486
v 4.640268 0.065432 0.058108
v 4.639338 0.059419 -0.041706
v 4.621580 0.072766 0.057841
v 4.620649 0.066752 -0.041974
v 4.603398 0.080837 0.057524
v 4.602468 0.074824 -0.042291
v 4.585770 0.089680 0.057156
v 4.584839 0.083667 -0.042659
v 4.568734 0.099327 0.056734
v 4.567803 0.093314 -0.043081
v 4.552338 0.109812 0.056255
v 4.551407 0.103799 -0.043560
v 4.536615 0.121171 0.055717
v 4.535685 0.115158 -0.044097
v 4.521605 0.133442 0.055118
v 4.520675 0.127428 -0.044697
v 4.507342 0.146664 0.054455
v 4.506412 0.140651 -0.045360
v 4.493989 0.160747 0.053731
v 4.493058 0.154734 -0.046084
v 4.480103 0.178136 0.052813
v 4.479173 0.172122 -0.047002
v 4.468186 0.195706 0.051865
v 4.467256 0.189693 -0.047949
v 4.458126 0.213711 0.050875
v 4.457195 0.207697 -0.048940
v 4.449698 0.232590 0.049816
v 4.448768 0.226577 -0.049999
v 4.442719 0.252805 0.048663
v 4.441789 0.246792 -0.051152
v 4.437044 0.274799 0.047391
v 4.436113 0.268786 -0.052424
v 4.432556 0.298983 0.045976
v 4.431625 0.292970 -0.053839
v 4.429151 0.325723 0.044397
v 4.428220 0.319710 -0.055418
v 4.426717 0.355357 0.042634
v 4.425786 0.349344 -0.057180
v 4.425136 0.388204 0.040670
v 4.424205 0.382191 -0.059144
v 4.424278 0.424576 0.038487
v 4.423347 0.418563 -0.061328
v 4.424008 0.464831 0.036064
v 4.423078 0.458818 -0.063750
v 4.424003 0.474133 0.035504
v 4.423072 0.468120 -0.064311
v 4.423997 0.484954 0.034852
v 4.423066 0.478941 -0.064962
v 4.423990 0.496928 0.034131
v 4.423059 0.490915 -0.065684
v 4.423983 0.509755 0.033358
v 4.423052 0.503742 -0.066456
v 4.423975 0.523130 0.032553
v 4.423044 0.517117 -0.067262
v 4.423967 0.536752 0.031732
v 4.423037 0.530738 -0.068083
v 4.423960 0.550317 0.030915
v 4.423029 0.544304 -0.068900
v 4.423952 0.563524 0.030119
v 4.423021 0.557511 -0.069695
v 4.423945 0.576069 0.029364
v 4.423015 0.570056 -0.070451
v 4.423939 0.587651 0.028666
v 4.423008 0.581638 -0.071149
v 4.423933 0.597966 0.028045
v 4.423002 0.591953 -0.071770
v 4.423928 0.606664 0.027521
v 4.422997 0.600650 -0.072294
v 4.423960 0.614041 0.027076
v 4.423029 0.608028 -0.072739
v 4.424062 0.621151 0.026647
v 4.423131 0.615138 -0.073168
v 4.424231 0.628053 0.026229
v 4.423300 0.622040 -0.073585
v 4.424462 0.634757 0.025823
v 4.423532 0.628744 -0.073991
v 4.424755 0.641273 0.025428
v 4.423824 0.635259 -0.074387
v 4.425105 0.647611 0.025043
v 4.424174 0.641597 -0.074772
v 4.425510 0.653782 0.024667
v 4.424580 0.647769 -0.075147
v 4.425966 0.659796 0.024301
v 4.425035 0.653783 -0.075514
v 4.426470 0.665664 0.023943
v 4.425539 0.659651 -0.075872
v 4.427019 0.671396 0.023592
v 4.426088 0.665383 -0.076223
v 4.427611 0.677002 0.023249
v 4.426681 0.670989 -0.076566
v 4.430813 0.704834 0.021542
v 4.429882 0.698821 -0.078272
v 4.302204 0.704834 0.022742
v 4.301273 0.698821 -0.077073
v 4.304276 0.677767 0.024353
v 4.303346 0.671754 -0.075461
v 4.304662 0.672130 0.024689
v 4.303731 0.666117 -0.075125
v 4.305013 0.666358 0.025034
v 4.304082 0.660345 -0.074781
v 4.305326 0.660440 0.025387
v 4.304396 0.654427 -0.074427
v 4.305605 0.654367 0.025751
v 4.304674 0.648354 -0.074064
v 4.305847 0.648129 0.026124
v 4.304916 0.642115 -0.073690
v 4.306053 0.641716 0.026509
v 4.305122 0.635703 -0.073306
v 4.306222 0.635121 0.026904
v 4.305291 0.629108 -0.072910
v 4.306355 0.628331 0.027312
v 4.305424 0.622318 -0.072502
v 4.306451 0.621339 0.027733
v 4.305520 0.615326 -0.072082
v 4.306511 0.614136 0.028166
v 4.305580 0.608123 -0.071649
v 4.306533 0.606688 0.028614
v 4.305602 0.600674 -0.071200
v 4.725018 0.602156 0.024983
v 4.724087 0.596143 -0.074831
v 4.725028 0.584037 0.026075
v 4.724097 0.578023 -0.073740
v 4.725041 0.560053 0.027520
v 4.724111 0.554040 -0.072295
v 4.725058 0.531615 0.029233
v 4.724127 0.525602 -0.070582
v 4.725075 0.500133 0.031129
v 4.724144 0.494119 -0.068685
v 4.725094 0.467016 0.033124
v 4.724163 0.461002 -0.066691
v 4.725112 0.433674 0.035133
v 4.724181 0.427661 -0.064682
v 4.725130 0.401518 0.037070
v 4.724199 0.395504 -0.062745
v 4.725147 0.371957 0.038850
v 4.724216 0.365943 -0.060964
v 4.725162 0.346401 0.040390
v 4.724231 0.340388 -0.059425
v 4.725173 0.326260 0.041603
v 4.724242 0.320247 -0.058212
v 4.725181 0.313008 0.042401
v 4.724250 0.306994 -0.057413
v 4.725148 0.307430 0.042738
v 4.724217 0.301417 -0.057077
v 4.725050 0.301660 0.043086
v 4.724119 0.295647 -0.056729
v 4.724891 0.295707 0.043446
v 4.723960 0.289694 -0.056368
v 4.724675 0.289652 0.043813
v 4.723744 0.283639 -0.056002
v 4.724411 0.283572 0.044182
v 4.723480 0.277559 -0.055633
v 4.724105 0.277545 0.044548
v 4.723174 0.271532 -0.055267
v 4.723762 0.271648 0.044906
v 4.722831 0.265635 -0.054908
v 4.723389 0.265958 0.045252
v 4.722458 0.259945 -0.054562
v 4.722992 0.260554 0.045582
v 4.722061 0.254540 -0.054233
v 4.722579 0.255514 0.045889
v 4.721648 0.249501 -0.053925
v 4.722159 0.250926 0.046170
v 4.721229 0.244913 -0.053645
v 4.719445 0.224705 0.047775
v 4.718514 0.218692 -0.052040
v 4.847119 0.224705 0.046583
v 4.846189 0.218692 -0.053231
v 4.843799 0.250745 0.045046
v 4.842868 0.244731 -0.054769
v 4.843328 0.254790 0.044806
v 4.842398 0.248777 -0.055008
v 4.842842 0.259374 0.044535
v 4.841911 0.253361 -0.055280
v 4.842353 0.264425 0.044235
v 4.841422 0.258412 -0.055580
v 4.841873 0.269876 0.043911
v 4.840942 0.263863 -0.055904
v 4.841418 0.275662 0.043567
v 4.840487 0.269649 -0.056248
v 4.840999 0.281718 0.043206
v 4.840068 0.275705 -0.056609
v 4.840629 0.287983 0.042832
v 4.839698 0.281970 -0.056983
v 4.840319 0.294392 0.042449
v 4.839388 0.288379 -0.057366
v 4.840082 0.300880 0.042060
v 4.839151 0.294867 -0.057755
v 4.839931 0.307384 0.041670
v 4.839000 0.301371 -0.058145
v 4.839874 0.313923 0.041276
v 4.838943 0.307910 -0.058539
v 4.839868 0.327141 0.040480
v 4.838937 0.321128 -0.059335
v 4.839856 0.347233 0.039270
v 4.838925 0.341219 -0.060545
v 4.839842 0.372715 0.037735
v 4.838911 0.366701 -0.062080
v 4.839825 0.402183 0.035960
v 4.838894 0.396170 -0.063855
v 4.839808 0.434234 0.034029
v 4.838877 0.428221 -0.065786
v 4.839788 0.467465 0.032027
v 4.838858 0.461451 -0.067788
v 4.839770 0.500470 0.030039
v 4.838840 0.494457 -0.069776
v 4.839752 0.531848 0.028149
v 4.838821 0.525835 -0.071666
v 4.839736 0.560193 0.026441
v 4.838805 0.554180 -0.073373
v 4.839723 0.584103 0.025001
v 4.838792 0.578090 -0.074814
v 4.839713 0.602174 0.023912
v 4.838782 0.596160 -0.075902
v 4.839706 0.612918 0.023265
v 4.838776 0.606905 -0.076549
v 4.839739 0.617046 0.023016
v 4.838808 0.611033 -0.076798
v 4.839837 0.621691 0.022735
v 4.838906 0.615678 -0.077079
v 4.839996 0.626818 0.022425
v 4.839066 0.620805 -0.077390
v 4.840211 0.632303 0.022093
v 4.839280 0.626290 -0.077722
v 4.840475 0.638031 0.021745
v 4.839544 0.632018 -0.078070
v 4.840783 0.643888 0.021389
v 4.839852 0.637875 -0.078425
v 4.841127 0.649767 0.021032
v 4.840197 0.643754 -0.078783
v 4.841502 0.655558 0.020680
v 4.840571 0.649545 -0.079135
v 4.841901 0.661150 0.020339
v 4.840970 0.655137 -0.079476
v 4.842316 0.666432 0.020017
v 4.841385 0.660419 -0.079798
v 4.842738 0.671284 0.019721
v 4.841807 0.665271 -0.080094
v 4.845326 0.697647 0.018108
v 4.844396 0.691634 -0.081706
v 4.719249 0.697647 0.019285
v 4.718318 0.691634 -0.080530
v 4.721920 0.671317 0.020846
v 4.720989 0.665304 -0.078969
v 4.722351 0.666698 0.021120
v 4.721420 0.660685 -0.078695
v 4.722772 0.661790 0.021412
v 4.721841 0.655777 -0.078403
v 4.723175 0.656645 0.021718
v 4.722244 0.650632 -0.078097
v 4.723554 0.651313 0.022036
v 4.722623 0.645300 -0.077779
v 4.723903 0.645844 0.022362
v 4.722972 0.639831 -0.077453
v 4.724215 0.640289 0.022694
v 4.723284 0.634276 -0.077121
v 4.724484 0.634698 0.023028
v 4.723554 0.628685 -0.076787
v 4.724705 0.629123 0.023362
v 4.723774 0.623110 -0.076453
v 4.724870 0.623614 0.023692
v 4.723939 0.617600 -0.076123
v 4.724974 0.618224 0.024016
v 4.724043 0.612211 -0.075799
v 4.725012 0.612935 0.024334
v 4.724081 0.606922 -0.075481
v 3.678230 0.400602 0.046891
v 3.677298 0.394589 -0.052924
v 3.657642 0.414494 0.046246
v 3.656711 0.408481 -0.053568
v 3.637366 0.429029 0.045560
v 3.636435 0.423016 -0.054255
v 3.617531 0.444073 0.044839
v 3.616599 0.438059 -0.054976
v 3.598263 0.459489 0.044090
v 3.597331 0.453475 -0.055725
v 3.579689 0.475141 0.043320
v 3.578758 0.469128 -0.056495
v 3.561935 0.490892 0.042537
v 3.561004 0.484879 -0.057278
v 3.545129 0.506602 0.041747
v 3.544198 0.500589 -0.058068
v 3.529398 0.522131 0.040958
v 3.528467 0.516118 -0.058857
v 3.514870 0.537332 0.040178
v 3.513938 0.531319 -0.059637
v 3.501675 0.552055 0.039414
v 3.500744 0.546042 -0.060401
v 3.475880 0.583033 0.037788
v 3.474949 0.577019 -0.062026
v 3.390485 0.500493 0.043558
v 3.389554 0.494480 -0.056257
v 3.416024 0.473291 0.044958
v 3.415093 0.467278 -0.054857
v 3.429499 0.459686 0.045652
v 3.428568 0.453673 -0.054163
v 3.444079 0.445649 0.046362
v 3.443148 0.439636 -0.053453
v 3.459681 0.431268 0.047082
v 3.458749 0.425255 -0.052732
v 3.476222 0.416634 0.047810
v 3.475291 0.410621 -0.052005
v 3.493618 0.401839 0.048539
v 3.492687 0.395826 -0.051276
v 3.511784 0.386978 0.049265
v 3.510853 0.380965 -0.050550
v 3.530633 0.372147 0.049982
v 3.529702 0.366134 -0.049832
v 3.550080 0.357442 0.050687
v 3.549148 0.351429 -0.049128
v 3.570039 0.342961 0.051373
v 3.569108 0.336947 -0.048442
v 3.590424 0.328799 0.052036
v 3.589493 0.322786 -0.047779
v 3.602025 0.321107 0.052391
v 3.601093 0.315094 -0.047424
v 3.602198 0.012018 0.071010
v 3.601267 0.006005 -0.028805
v 3.602183 0.004972 0.071435
v 3.601251 -0.001041 -0.028380
v 3.602124 -0.002302 0.071873
v 3.601193 -0.008315 -0.027941
v 3.602017 -0.009718 0.072321
v 3.601086 -0.015731 -0.027493
v 3.601855 -0.017160 0.072771
v 3.600924 -0.023173 -0.027044
v 3.601633 -0.024512 0.073216
v 3.600701 -0.030525 -0.026599
v 3.601345 -0.031656 0.073649
v 3.600413 -0.037669 -0.026166
v 3.600987 -0.038469 0.074063
v 3.600055 -0.044482 -0.025752
v 3.600557 -0.044819 0.074449
v 3.599625 -0.050832 -0.025365
v 3.600055 -0.050562 0.074800
v 3.599123 -0.056575 -0.025015
v 3.599490 -0.055527 0.075105
v 3.598559 -0.061541 -0.024710
v 3.598891 -0.059489 0.075349
v 3.597960 -0.065502 -0.024466
v 3.593153 -0.087030 0.077061
v 3.592222 -0.093043 -0.022753
v 3.722888 -0.087030 0.075851
v 3.721957 -0.093043 -0.023963
v 3.719985 -0.061021 0.074311
v 3.719054 -0.067034 -0.025503
v 3.719571 -0.056486 0.074042
v 3.718639 -0.062499 -0.025773
v 3.719156 -0.051141 0.073724
v 3.718225 -0.057154 -0.026091
v 3.718754 -0.045136 0.073366
v 3.717822 -0.051149 -0.026449
v 3.718373 -0.038603 0.072976
v 3.717442 -0.044616 -0.026839
v 3.718021 -0.031663 0.072561
v 3.717090 -0.037676 -0.027254
v 3.717705 -0.024435 0.072129
v 3.716774 -0.030448 -0.027686
v 3.717432 -0.017034 0.071685
v 3.716501 -0.023047 -0.028129
v 3.717208 -0.009575 0.071238
v 3.716277 -0.015589 -0.028577
v 3.717040 -0.002175 0.070794
v 3.716109 -0.008188 -0.029021
v 3.716933 0.005052 0.070359
v 3.716002 -0.000962 -0.029455
v 3.716893 0.012041 0.069939
v 3.715962 0.006028 -0.029876
v 3.716758 0.253839 0.055373
v 3.715826 0.247826 -0.044441
v 3.707060 0.258928 0.055157
v 3.706128 0.252915 -0.044658
v 3.727897 0.248384 0.055598
v 3.726965 0.242371 -0.044217
v 3.749711 0.237735 0.056036
v 3.748780 0.231722 -0.043779
v 3.772396 0.227053 0.056468
v 3.771465 0.221039 -0.043347
v 3.795848 0.216411 0.056890
v 3.794917 0.210397 -0.042924
v 3.819960 0.205882 0.057300
v 3.819029 0.199869 -0.042515
v 3.844627 0.195540 0.057692
v 3.843696 0.189527 -0.042122
v 3.869743 0.185460 0.058065
v 3.868812 0.179447 -0.041749
v 3.895202 0.175715 0.058415
v 3.894271 0.169702 -0.041400
v 3.920900 0.166379 0.058738
v 3.919969 0.160366 -0.041077
v 3.946732 0.157527 0.059030
v 3.945801 0.151514 -0.040785
v 3.988546 0.144118 0.059448
v 3.987615 0.138105 -0.040367
v 4.041883 0.247914 0.052697
v 4.040952 0.241901 -0.047118
v 3.988025 0.261695 0.052369
v 3.987094 0.255682 -0.047445
v 3.958437 0.270437 0.052119
v 3.957506 0.264423 -0.047696
v 3.928709 0.280274 0.051803
v 3.927778 0.274260 -0.048011
v 3.899115 0.291022 0.051432
v 3.898183 0.285009 -0.048383
v 3.869920 0.302499 0.051013
v 3.868989 0.296485 -0.048802
v 3.841393 0.314516 0.050555
v 3.840462 0.308503 -0.049260
v 3.813798 0.326889 0.050067
v 3.812866 0.320876 -0.049748
v 3.787398 0.339429 0.049558
v 3.786467 0.333415 -0.050257
v 3.762459 0.351946 0.049037
v 3.761528 0.345933 -0.050778
v 3.739248 0.364250 0.048512
v 3.738317 0.358236 -0.051303
v 3.718035 0.376143 0.047993
v 3.717104 0.370130 -0.051821
v 3.699059 0.387449 0.047489
v 3.698127 0.381436 -0.052326
v 3.056284 0.620270 0.039459
v 3.055353 0.614257 -0.060355
v 3.035111 0.622462 0.039525
v 3.034180 0.616449 -0.060290
v 3.010101 0.625003 0.039605
v 3.009170 0.618990 -0.060210
v 2.981652 0.627843 0.039699
v 2.980721 0.621830 -0.060115
v 2.950167 0.630932 0.039807
v 2.949236 0.624919 -0.060008
v 2.916046 0.634221 0.039927
v 2.915114 0.628208 -0.059887
v 2.879692 0.637660 0.040059
v 2.878760 0.631647 -0.059755
v 2.841506 0.641199 0.040202
v 2.840575 0.635186 -0.059612
v 2.801893 0.644788 0.040356
v 2.800961 0.638775 -0.059459
v 2.761252 0.648378 0.040518
v 2.760321 0.642365 -0.059296
v 2.719988 0.651918 0.040690
v 2.719057 0.645904 -0.059125
v 2.678514 0.655357 0.040870
v 2.677583 0.649344 -0.058945
v 2.654232 0.657326 0.040978
v 2.653301 0.651313 -0.058837
v 2.630541 0.659183 0.041087
v 2.629609 0.653170 -0.058728
v 2.607486 0.660928 0.041197
v 2.606555 0.654914 -0.058618
v 2.585107 0.662560 0.041307
v 2.584175 0.656547 -0.058507
v 2.563438 0.664080 0.041418
v 2.562507 0.658067 -0.058397
v 2.542518 0.665487 0.041528
v 2.541586 0.659474 -0.058286
v 2.522383 0.666783 0.041638
v 2.521451 0.660770 -0.058177
v 2.503070 0.667966 0.041747
v 2.502139 0.661952 -0.058068
v 2.484617 0.669036 0.041855
v 2.483685 0.663023 -0.057960
v 2.467058 0.669995 0.041961
v 2.466127 0.663982 -0.057854
v 2.450431 0.670841 0.042065
v 2.449500 0.664828 -0.057750
v 2.413879 0.672554 0.042303
v 2.412948 0.666541 -0.057512
v 2.413942 0.559835 0.049093
v 2.413011 0.553822 -0.050722
v 2.447220 0.559772 0.048786
v 2.446289 0.553759 -0.051029
v 2.461412 0.559669 0.048660
v 2.460481 0.553656 -0.051155
v 2.476297 0.559450 0.048534
v 2.475366 0.553437 -0.051281
v 2.491662 0.559074 0.048413
v 2.490731 0.553061 -0.051401
v 2.507289 0.558503 0.048302
v 2.506358 0.552490 -0.051513
v 2.522957 0.557699 0.048204
v 2.522026 0.551686 -0.051610
v 2.538441 0.556625 0.048125
v 2.537510 0.550612 -0.051690
v 2.553510 0.555247 0.048067
v 2.552579 0.549234 -0.051748
v 2.567926 0.553534 0.048036
v 2.566995 0.547521 -0.051779
v 2.581436 0.551464 0.048034
v 2.580505 0.545451 -0.051780
v 2.593771 0.549026 0.048066
v 2.592840 0.543013 -0.051749
v 2.604138 0.546366 0.048130
v 2.603206 0.540353 -0.051685
v 2.632707 0.535049 0.048545
v 2.631776 0.529036 -0.051270
v 2.659327 0.520440 0.049177
v 2.658396 0.514427 -0.050638
v 2.683961 0.502882 0.050005
v 2.683030 0.496869 -0.049810
v 2.706499 0.482755 0.051007
v 2.705568 0.476742 -0.048808
v 2.726814 0.460459 0.052161
v 2.725882 0.454446 -0.047654
v 2.744774 0.436411 0.053442
v 2.743843 0.430398 -0.046373
v 2.760251 0.411047 0.054825
v 2.759320 0.405034 -0.044989
v 2.773123 0.384817 0.056286
v 2.772191 0.378804 -0.043529
v 2.783276 0.358183 0.057795
v 2.782345 0.352170 -0.042019
v 2.790613 0.331618 0.059327
v 2.789681 0.325605 -0.040487
v 2.795053 0.305608 0.060853
v 2.794122 0.299595 -0.038962
v 2.796535 0.280810 0.062333
v 2.795604 0.274797 -0.037482
v 2.793498 0.242581 0.064664
v 2.792567 0.236568 -0.035150
v 2.784914 0.209446 0.066741
v 2.783983 0.203433 -0.033074
v 2.771426 0.180678 0.068600
v 2.770495 0.174665 -0.031215
v 2.753511 0.155725 0.070270
v 2.752579 0.149712 -0.029545
v 2.731531 0.134177 0.071773
v 2.730600 0.128164 -0.028042
v 2.705864 0.115791 0.073120
v 2.704933 0.109778 -0.026695
v 2.676978 0.100426 0.074315
v 2.676047 0.094413 -0.025499
v 2.645433 0.087970 0.075360
v 2.644501 0.081957 -0.024455
v 2.611850 0.078296 0.076256
v 2.610918 0.072282 -0.023559
v 2.576883 0.071248 0.077007
v 2.575952 0.065235 -0.022808
v 2.541198 0.066647 0.077617
v 2.540267 0.060633 -0.022198
v 2.478666 0.062522 0.078449
v 2.477735 0.056508 -0.021366
v 2.518586 -0.051347 0.084936
v 2.517655 -0.057360 -0.014878
v 2.576761 -0.046759 0.084117
v 2.575830 -0.052773 -0.015698
v 2.620639 -0.039636 0.083279
v 2.619708 -0.045649 -0.016536
v 2.664073 -0.028704 0.082215
v 2.663141 -0.034717 -0.017600
v 2.706355 -0.013822 0.080924
v 2.705423 -0.019835 -0.018891
v 2.746764 0.005173 0.079403
v 2.745832 -0.000841 -0.020412
v 2.784550 0.028460 0.077647
v 2.783618 0.022447 -0.022167
v 2.818921 0.056227 0.075654
v 2.817989 0.050214 -0.024161
v 2.849024 0.088641 0.073420
v 2.848093 0.082627 -0.026394
v 2.873949 0.125806 0.070949
v 2.873017 0.119793 -0.028866
v 2.892761 0.167720 0.068248
v 2.891830 0.161707 -0.031566
v 2.904583 0.214273 0.065333
v 2.903652 0.208260 -0.034481
v 2.908626 0.265033 0.062238
v 2.907695 0.259019 -0.037577
v 2.906761 0.301784 0.060041
v 2.905830 0.295771 -0.039774
v 2.901469 0.336947 0.057972
v 2.900537 0.330933 -0.041843
v 2.893065 0.370645 0.056020
v 2.892134 0.364631 -0.043794
v 2.881884 0.402731 0.054192
v 2.880953 0.396718 -0.045623
v 2.868254 0.433070 0.052491
v 2.867323 0.427057 -0.047323
v 2.852499 0.461532 0.050923
v 2.851568 0.455519 -0.048891
v 2.834934 0.487996 0.049493
v 2.834002 0.481983 -0.050322
v 2.815866 0.512342 0.048204
v 2.814935 0.506329 -0.051610
v 2.795596 0.534450 0.047061
v 2.794665 0.528437 -0.052753
v 2.774409 0.554203 0.046069
v 2.773478 0.548190 -0.053746
v 2.752581 0.571477 0.045232
v 2.751649 0.565464 -0.054583
v 2.799962 0.540188 0.046675
v 2.799030 0.534175 -0.053140
v 2.744689 0.546219 0.046827
v 2.743757 0.540206 -0.052987
v 2.776051 0.542893 0.046735
v 2.775119 0.536880 -0.053080
v 2.811080 0.539204 0.046631
v 2.810149 0.533191 -0.053184
v 2.848865 0.535190 0.046520
v 2.847934 0.529177 -0.053295
v 2.888486 0.530892 0.046409
v 2.887555 0.524879 -0.053405
v 2.929021 0.526351 0.046305
v 2.928090 0.520338 -0.053510
v 2.969543 0.521608 0.046212
v 2.968611 0.515595 -0.053602
v 3.009120 0.516706 0.046139
v 3.008189 0.510692 -0.053676
v 3.046815 0.511688 0.046089
v 3.045884 0.505675 -0.053725
v 3.081676 0.506601 0.046070
v 3.080745 0.500588 -0.053744
v 3.112724 0.501500 0.046088
v 3.111792 0.495487 -0.053727
v 3.160795 0.492249 0.046197
v 3.159864 0.486236 -0.053618
v 3.173290 0.613471 0.038778
v 3.172359 0.607458 -0.061037
v 3.143373 0.614332 0.039005
v 3.142442 0.608319 -0.060810
v 3.135288 0.614606 0.039064
v 3.134357 0.608592 -0.060751
v 3.127472 0.614910 0.039118
v 3.126541 0.608897 -0.060696
v 3.119949 0.615242 0.039169
v 3.119018 0.609228 -0.060646
v 3.112742 0.615598 0.039214
v 3.111811 0.609584 -0.060600
v 3.105874 0.615975 0.039256
v 3.104942 0.609961 -0.060559
v 3.099368 0.616369 0.039293
v 3.098437 0.610356 -0.060522
v 3.093250 0.616778 0.039325
v 3.092319 0.610765 -0.060490
v 3.087545 0.617198 0.039353
v 3.086613 0.611185 -0.060462
v 3.082278 0.617624 0.039376
v 3.081347 0.611611 -0.060438
v 3.077479 0.618054 0.039395
v 3.076548 0.612040 -0.060419
v 3.073126 0.618486 0.039410
v 3.072195 0.612473 -0.060405
v 2.545135 0.296371 0.063741
v 2.544203 0.290358 -0.036074
v 2.558988 0.324839 0.061897
v 2.558056 0.318825 -0.037918
v 2.564370 0.335578 0.061199
v 2.563439 0.329565 -0.038615
v 2.569941 0.346370 0.060497
v 2.569010 0.340357 -0.039317
v 2.575682 0.357164 0.059793
v 2.574751 0.351151 -0.040021
v 2.581578 0.367912 0.059091
v 2.580647 0.361899 -0.040724
v 2.587610 0.378565 0.058393
v 2.586679 0.372551 -0.041422
v 2.593761 0.389073 0.057702
v 2.592830 0.383060 -0.042112
v 2.600013 0.399387 0.057023
v 2.599082 0.393373 -0.042792
v 2.606346 0.409457 0.056357
v 2.605415 0.403444 -0.043458
v 2.612742 0.419233 0.055708
v 2.611811 0.413220 -0.044106
v 2.619180 0.428665 0.055080
v 2.618249 0.422652 -0.044735
v 2.640168 0.458029 0.053115
v 2.639236 0.452016 -0.046699
v 2.556374 0.494103 0.051724
v 2.555443 0.488090 -0.048091
v 2.541564 0.472495 0.053164
v 2.540633 0.466482 -0.046651
v 2.535524 0.463410 0.053767
v 2.534592 0.457397 -0.046047
v 2.529142 0.453559 0.054420
v 2.528211 0.447546 -0.045394
v 2.522510 0.443076 0.055114
v 2.521578 0.437063 -0.044701
v 2.515719 0.432097 0.055839
v 2.514788 0.426084 -0.043976
v 2.508867 0.420762 0.056585
v 2.507936 0.414749 -0.043229
v 2.502049 0.409211 0.057345
v 2.501118 0.403198 -0.042470
v 2.495361 0.397582 0.058108
v 2.494429 0.391569 -0.041707
v 2.488898 0.386013 0.058865
v 2.487966 0.379999 -0.040950
v 2.482754 0.374637 0.059608
v 2.481823 0.368624 -0.040207
v 2.477024 0.363583 0.060327
v 2.476092 0.357570 -0.039488
v 2.462933 0.334975 0.062182
v 2.462002 0.328962 -0.037633
v 2.443173 0.334038 0.062423
v 2.442242 0.328024 -0.037392
v 2.457383 0.362534 0.060573
v 2.456452 0.356520 -0.039241
v 2.462922 0.373270 0.059875
v 2.461990 0.367257 -0.039940
v 2.468625 0.383964 0.059178
v 2.467694 0.377951 -0.040637
v 2.474484 0.394592 0.058483
v 2.473552 0.388579 -0.041332
v 2.480486 0.405131 0.057792
v 2.479555 0.399117 -0.042023
v 2.486623 0.415557 0.057106
v 2.485692 0.409544 -0.042708
v 2.492884 0.425848 0.056428
v 2.491953 0.419835 -0.043387
v 2.499259 0.435982 0.055758
v 2.498328 0.429968 -0.044057
v 2.505737 0.445934 0.055098
v 2.504805 0.439921 -0.044717
v 2.512306 0.455682 0.054450
v 2.511375 0.449669 -0.045365
v 2.518956 0.465202 0.053814
v 2.518024 0.459189 -0.046001
v 2.539943 0.494155 0.051874
v 2.539012 0.488142 -0.047941
v 2.458894 0.532121 0.050343
v 2.457963 0.526108 -0.049472
v 2.443463 0.510618 0.051782
v 2.442532 0.504605 -0.048033
v 2.437164 0.501620 0.052383
v 2.436232 0.495606 -0.047432
v 2.430486 0.491872 0.053033
v 2.429555 0.485859 -0.046782
v 2.423526 0.481506 0.053722
v 2.422595 0.475492 -0.046093
v 2.416381 0.470653 0.054442
v 2.415450 0.464640 -0.045372
v 2.409150 0.459449 0.055185
v 2.408219 0.453436 -0.044630
v 2.401934 0.448028 0.055940
v 2.401002 0.442015 -0.043874
v 2.394830 0.436523 0.056700
v 2.393899 0.430510 -0.043115
v 2.387938 0.425067 0.057454
v 2.387007 0.419053 -0.042361
v 2.381357 0.413788 0.058195
v 2.380425 0.407775 -0.041620
v 2.375180 0.402811 0.058914
v 2.374249 0.396798 -0.040901
v 2.359732 0.374072 0.060789
v 2.358801 0.368059 -0.039025
v 2.064705 0.124988 0.078547
v 2.063774 0.118975 -0.021267
v 2.061434 0.112260 0.079345
v 2.060503 0.106246 -0.020470
v 2.056105 0.101081 0.080068
v 2.055173 0.095068 -0.019747
v 2.048560 0.091032 0.080744
v 2.047629 0.085018 -0.019071
v 2.038441 0.081839 0.081392
v 2.037510 0.075825 -0.018423
v 2.025372 0.073470 0.082018
v 2.024441 0.067457 -0.017797
v 2.009103 0.066057 0.082616
v 2.008171 0.060044 -0.017198
v 1.989523 0.059768 0.083178
v 1.988592 0.053755 -0.016637
v 1.966610 0.054747 0.083694
v 1.965679 0.048734 -0.016121
v 1.940377 0.051095 0.084159
v 1.939446 0.045081 -0.015656
v 1.910846 0.048876 0.084568
v 1.909914 0.042862 -0.015247
v 1.877881 0.048126 0.084921
v 1.876949 0.042113 -0.014894
v 1.857725 0.048238 0.085102
v 1.856793 0.042224 -0.014713
v 1.838108 0.048581 0.085264
v 1.837177 0.042568 -0.014550
v 1.819148 0.049164 0.085406
v 1.818216 0.043150 -0.014409
v 1.800783 0.049994 0.085527
v 1.799852 0.043981 -0.014287
v 1.782955 0.051080 0.085628
v 1.782023 0.045067 -0.014186
v 1.765600 0.052430 0.085709
v 1.764669 0.046417 -0.014106
v 1.748659 0.054053 0.085769
v 1.747727 0.048040 -0.014046
v 1.732067 0.055957 0.085809
v 1.731136 0.049944 -0.014006
v 1.715762 0.058152 0.085829
v 1.714831 0.052139 -0.013986
v 1.699680 0.060646 0.085829
v 1.698749 0.054633 -0.013986
v 1.683758 0.063449 0.085808
v 1.682827 0.057436 -0.014006
v 1.642916 0.071507 0.085704
v 1.641985 0.065494 -0.014111
v 1.647249 -0.042138 0.092510
v 1.646318 -0.048151 -0.007305
v 1.679717 -0.046985 0.092499
v 1.678785 -0.052998 -0.007316
v 1.696245 -0.049209 0.092479
v 1.695314 -0.055222 -0.007336
v 1.713085 -0.051235 0.092444
v 1.712154 -0.057248 -0.007371
v 1.730228 -0.053060 0.092394
v 1.729297 -0.059073 -0.007421
v 1.747665 -0.054681 0.092329
v 1.746734 -0.060694 -0.007486
v 1.765388 -0.056095 0.092249
v 1.764456 -0.062109 -0.007566
v 1.783386 -0.057300 0.092153
v 1.782455 -0.063313 -0.007661
v 1.801653 -0.058293 0.092043
v 1.800721 -0.064306 -0.007772
v 1.820177 -0.059070 0.091917
v 1.819246 -0.065083 -0.007898
v 1.838952 -0.059629 0.091775
v 1.838020 -0.065642 -0.008039
v 1.857967 -0.059966 0.091618
v 1.857036 -0.065979 -0.008196
v 1.877412 -0.060081 0.091444
v 1.876481 -0.066094 -0.008371
v 1.920786 -0.058966 0.090972
v 1.919855 -0.064979 -0.008843
v 1.961239 -0.055558 0.090389
v 1.960307 -0.061571 -0.009425
v 1.998562 -0.049776 0.089693
v 1.997630 -0.055790 -0.010122
v 2.032723 -0.041512 0.088876
v 2.031792 -0.047525 -0.010938
v 2.063674 -0.030622 0.087931
v 2.062742 -0.036636 -0.011883
v 2.091321 -0.016934 0.086849
v 2.090390 -0.022947 -0.012966
v 2.115486 -0.000265 0.085619
v 2.114554 -0.006279 -0.014195
v 2.135871 0.019505 0.084238
v 2.134940 0.013491 -0.015577
v 2.152102 0.042345 0.082711
v 2.151171 0.036332 -0.017104
v 2.163849 0.068035 0.081053
v 2.162918 0.062022 -0.018761
v 2.170954 0.096261 0.079287
v 2.170023 0.090248 -0.020528
v 2.173404 0.126262 0.077457
v 2.172473 0.120249 -0.022358
v 2.173259 0.140263 0.076614
v 2.172327 0.134250 -0.023200
v 2.172389 0.153391 0.075832
v 2.171458 0.147378 -0.023983
v 2.170842 0.166045 0.075084
v 2.169911 0.160032 -0.024731
v 2.168670 0.178254 0.074369
v 2.167739 0.172240 -0.025446
v 2.165932 0.190047 0.073684
v 2.165001 0.184034 -0.026131
v 2.162690 0.201459 0.073026
v 2.161758 0.195446 -0.026788
v 2.159006 0.212528 0.072394
v 2.158075 0.206515 -0.027421
v 2.154944 0.223295 0.071783
v 2.154013 0.217282 -0.028032
v 2.150567 0.233810 0.071191
v 2.149635 0.227797 -0.028624
v 2.145933 0.244123 0.070612
v 2.145002 0.238109 -0.029202
v 2.141098 0.254287 0.070045
v 2.140167 0.248274 -0.029769
v 2.129321 0.278103 0.068720
v 2.128390 0.272090 -0.031094
v 2.014800 0.254650 0.071202
v 2.013869 0.248637 -0.028613
v 2.036599 0.222287 0.072948
v 2.035667 0.216274 -0.026867
v 2.041338 0.214885 0.073350
v 2.040407 0.208871 -0.026465
v 2.045728 0.207565 0.073750
v 2.044797 0.201552 -0.026065
v 2.049739 0.200302 0.074150
v 2.048808 0.194288 -0.025665
v 2.053349 0.193064 0.074552
v 2.052418 0.187051 -0.025263
v 2.056537 0.185819 0.074959
v 2.055606 0.179806 -0.024856
v 2.059288 0.178528 0.075372
v 2.058357 0.172515 -0.024442
v 2.061587 0.171146 0.075796
v 2.060656 0.165133 -0.024019
v 2.063417 0.163620 0.076232
v 2.062486 0.157607 -0.023583
v 2.064760 0.155890 0.076685
v 2.063829 0.149877 -0.023130
v 2.065593 0.147892 0.077159
v 2.064661 0.141879 -0.022656
v 2.065867 0.139995 0.077632
v 2.064935 0.133982 -0.022182
v 1.801621 0.742304 0.043812
v 1.800689 0.736291 -0.056002
v 1.798343 0.713792 0.045560
v 1.797412 0.707779 -0.054254
v 1.797226 0.705463 0.046073
v 1.796295 0.699450 -0.053742
v 1.795943 0.697021 0.046593
v 1.795012 0.691008 -0.053222
v 1.794502 0.688479 0.047121
v 1.793570 0.682466 -0.052693
v 1.792911 0.679854 0.047656
v 1.791980 0.673840 -0.052159
v 1.791180 0.671158 0.048196
v 1.790249 0.665145 -0.051619
v 1.789318 0.662406 0.048740
v 1.788387 0.656393 -0.051074
v 1.787333 0.653612 0.049289
v 1.786402 0.647599 -0.050526
v 1.785235 0.644791 0.049840
v 1.784304 0.638777 -0.049975
v 1.783033 0.635954 0.050392
v 1.782102 0.629941 -0.049422
v 1.780735 0.627117 0.050946
v 1.779804 0.621104 -0.048868
v 1.782895 0.635113 0.050444
v 1.781964 0.629100 -0.049370
v 1.784471 0.634902 0.050442
v 1.783540 0.628889 -0.049372
v 1.768855 0.637218 0.050449
v 1.767924 0.631205 -0.049366
v 1.753311 0.639754 0.050441
v 1.752380 0.633741 -0.049374
v 1.737856 0.642509 0.050419
v 1.736924 0.636496 -0.049396
v 1.722505 0.645484 0.050383
v 1.721573 0.639471 -0.049432
v 1.707275 0.648677 0.050333
v 1.706344 0.642664 -0.049482
v 1.692182 0.652088 0.050268
v 1.691251 0.646075 -0.049547
v 1.677243 0.655717 0.050189
v 1.676312 0.649704 -0.049626
v 1.662474 0.659563 0.050095
v 1.661543 0.653550 -0.049720
v 1.647891 0.663626 0.049986
v 1.646960 0.657613 -0.049829
v 1.633512 0.667904 0.049863
v 1.632580 0.661891 -0.049952
v 1.596873 0.679528 0.049504
v 1.595942 0.673515 -0.050311
v 1.580809 0.574182 0.056000
v 1.579878 0.568169 -0.043814
v 1.611196 0.565883 0.056217
v 1.610265 0.559870 -0.043598
v 1.624990 0.562302 0.056304
v 1.624059 0.556289 -0.043511
v 1.639201 0.558795 0.056383
v 1.638270 0.552782 -0.043432
v 1.653781 0.555376 0.056453
v 1.652850 0.549363 -0.043362
v 1.668683 0.552060 0.056513
v 1.667752 0.546047 -0.043301
v 1.683859 0.548863 0.056564
v 1.682928 0.542849 -0.043250
v 1.699262 0.545798 0.056605
v 1.698331 0.539785 -0.043209
v 1.714844 0.542882 0.056636
v 1.713913 0.536869 -0.043179
v 1.730556 0.540130 0.056655
v 1.729625 0.534117 -0.043160
v 1.746352 0.537558 0.056662
v 1.745420 0.531545 -0.043152
v 1.762182 0.535180 0.056658
v 1.761251 0.529167 -0.043157
v 1.754305 0.536259 0.056666
v 1.753374 0.530246 -0.043148
v 1.741926 0.497433 0.059121
v 1.740994 0.491420 -0.040694
v 1.727090 0.458743 0.061590
v 1.726159 0.452730 -0.038224
v 1.724461 0.459084 0.061594
v 1.723529 0.453071 -0.038220
v 1.706907 0.461686 0.061601
v 1.705976 0.455673 -0.038214
v 1.689890 0.464516 0.061590
v 1.688959 0.458502 -0.038225
v 1.673442 0.467538 0.061561
v 1.672510 0.461524 -0.038254
v 1.657594 0.470719 0.061517
v 1.656662 0.464706 -0.038298
v 1.642379 0.474025 0.061460
v 1.641448 0.468012 -0.038355
v 1.627829 0.477422 0.061391
v 1.626898 0.471408 -0.038424
v 1.613977 0.480875 0.061312
v 1.613046 0.474862 -0.038503
v 1.600855 0.484351 0.061225
v 1.599923 0.478338 -0.038590
v 1.588495 0.487816 0.061132
v 1.587564 0.481802 -0.038683
v 1.576931 0.491233 0.061034
v 1.575999 0.485220 -0.038781
v 1.544012 0.501464 0.060724
v 1.543081 0.495450 -0.039090
v 1.526765 0.393481 0.067391
v 1.525834 0.387468 -0.032424
v 1.555469 0.385920 0.067578
v 1.554538 0.379907 -0.032236
v 1.567314 0.382954 0.067647
v 1.566383 0.376941 -0.032168
v 1.579659 0.380012 0.067709
v 1.578728 0.373999 -0.032106
v 1.592482 0.377103 0.067764
v 1.591551 0.371090 -0.032050
v 1.605760 0.374235 0.067813
v 1.604829 0.368222 -0.032002
v 1.619469 0.371418 0.067855
v 1.618538 0.365404 -0.031960
v 1.633587 0.368659 0.067889
v 1.632655 0.362646 -0.031925
v 1.648088 0.365968 0.067916
v 1.647157 0.359955 -0.031898
v 1.662950 0.363355 0.067935
v 1.662019 0.357342 -0.031880
v 1.678149 0.360827 0.067946
v 1.677217 0.354814 -0.031869
v 1.693660 0.358395 0.067947
v 1.692728 0.352382 -0.031867
v 1.682222 0.360080 0.067953
v 1.681291 0.354067 -0.031862
v 1.689603 0.375059 0.066981
v 1.688672 0.369046 -0.032833
v 1.684836 0.365555 0.067598
v 1.683904 0.359542 -0.032216
v 1.679996 0.356098 0.068213
v 1.679065 0.350084 -0.031601
v 1.675081 0.346702 0.068825
v 1.674150 0.340689 -0.030990
v 1.670090 0.337386 0.069433
v 1.669159 0.331373 -0.030382
v 1.665020 0.328163 0.070036
v 1.664089 0.322150 -0.029779
v 1.659869 0.319052 0.070633
v 1.658938 0.313038 -0.029182
v 1.654634 0.310066 0.071223
v 1.653703 0.304053 -0.028592
v 1.649315 0.301223 0.071805
v 1.648384 0.295210 -0.028009
v 1.643909 0.292539 0.072379
v 1.642978 0.286526 -0.027436
v 1.638415 0.284029 0.072943
v 1.637483 0.278016 -0.026872
v 1.632849 0.275737 0.073494
v 1.631918 0.269723 -0.026320
v 1.630607 0.272553 0.073707
v 1.629676 0.266540 -0.026108
v 1.628322 0.269449 0.073915
v 1.627391 0.263436 -0.025899
v 1.625990 0.266416 0.074120
v 1.625059 0.260403 -0.025695
v 1.623606 0.263438 0.074322
v 1.622675 0.257424 -0.025493
v 1.621163 0.260499 0.074521
v 1.620232 0.254486 -0.025293
v 1.618654 0.257587 0.074720
v 1.617722 0.251574 -0.025095
v 1.616073 0.254687 0.074919
v 1.615142 0.248674 -0.024896
v 1.613415 0.251785 0.075119
v 1.612484 0.245772 -0.024696
v 1.610674 0.248870 0.075320
v 1.609743 0.242856 -0.024495
v 1.607846 0.245927 0.075523
v 1.606915 0.239914 -0.024291
v 1.604926 0.242947 0.075730
v 1.603995 0.236933 -0.024084
v 1.590314 0.228257 0.076752
v 1.589383 0.222244 -0.023063
v 1.644206 0.148284 0.081067
v 1.643275 0.142271 -0.018748
v 1.670732 0.154795 0.080427
v 1.669800 0.148782 -0.019388
v 1.684660 0.157724 0.080121
v 1.683729 0.151711 -0.019694
v 1.699753 0.160499 0.079813
v 1.698822 0.154486 -0.020002
v 1.715779 0.163122 0.079505
v 1.714848 0.157108 -0.020310
v 1.732519 0.165599 0.079200
v 1.731587 0.159585 -0.020615
v 1.749760 0.167940 0.078898
v 1.748828 0.161927 -0.020917
v 1.767295 0.170160 0.078600
v 1.766364 0.164146 -0.021214
v 1.784923 0.172270 0.078309
v 1.783992 0.166257 -0.021506
v 1.802442 0.174286 0.078024
v 1.801511 0.168272 -0.021791
v 1.819656 0.176222 0.077747
v 1.818725 0.170209 -0.022068
v 1.836370 0.178095 0.077478
v 1.835438 0.172082 -0.022337
v 1.872229 0.182180 0.076897
v 1.871298 0.176167 -0.022917
v 1.861319 0.276620 0.071310
v 1.860388 0.270607 -0.028505
v 1.829370 0.273026 0.071824
v 1.828439 0.267012 -0.027990
v 1.816948 0.271638 0.072024
v 1.816017 0.265625 -0.027791
v 1.804353 0.270237 0.072226
v 1.803421 0.264224 -0.027589
v 1.791723 0.268836 0.072428
v 1.790792 0.262822 -0.027387
v 1.779202 0.267446 0.072629
v 1.778271 0.261433 -0.027186
v 1.766928 0.266081 0.072825
v 1.765997 0.260068 -0.026989
v 1.755042 0.264753 0.073016
v 1.754111 0.258740 -0.026799
v 1.743683 0.263474 0.073199
v 1.742752 0.257460 -0.026616
v 1.732990 0.262256 0.073372
v 1.732059 0.256242 -0.026442
v 1.723099 0.261111 0.073534
v 1.722167 0.255098 -0.026281
v 1.714144 0.260051 0.073681
v 1.713213 0.254038 -0.026134
v 1.748552 0.264256 0.073107
v 1.747621 0.258243 -0.026708
v 1.732340 0.239008 0.074779
v 1.731409 0.232995 -0.025036
v 1.739012 0.249743 0.074070
v 1.738081 0.243730 -0.025745
v 1.745526 0.260566 0.073357
v 1.744594 0.254553 -0.026458
v 1.751883 0.271470 0.072641
v 1.750951 0.265457 -0.027174
v 1.758083 0.282444 0.071922
v 1.757151 0.276431 -0.027893
v 1.764126 0.293479 0.071201
v 1.763195 0.287466 -0.028614
v 1.770014 0.304566 0.070478
v 1.769083 0.298553 -0.029337
v 1.775746 0.315697 0.069754
v 1.774815 0.309684 -0.030061
v 1.781323 0.326861 0.069029
v 1.780392 0.320848 -0.030785
v 1.786745 0.338050 0.068305
v 1.785814 0.332037 -0.031510
v 1.792013 0.349255 0.067581
v 1.791082 0.343242 -0.032234
v 1.791260 0.347605 0.067687
v 1.790329 0.341592 -0.032128
v 1.805626 0.346434 0.067624
v 1.804695 0.340420 -0.032191
v 1.835548 0.344463 0.067463
v 1.834617 0.338450 -0.032352
v 1.866699 0.342860 0.067269
v 1.865767 0.336847 -0.032546
v 1.898921 0.341636 0.067042
v 1.897990 0.335623 -0.032772
v 1.932058 0.340802 0.066783
v 1.931127 0.334789 -0.033031
v 1.965952 0.340370 0.066493
v 1.965021 0.334357 -0.033322
v 2.000444 0.340353 0.066172
v 1.999512 0.334340 -0.033642
v 2.035374 0.340764 0.065822
v 2.034443 0.334751 -0.033993
v 2.070584 0.341614 0.065442
v 2.069653 0.335601 -0.034373
v 2.105915 0.342917 0.065034
v 2.104983 0.336904 -0.034781
v 2.141206 0.344686 0.064598
v 2.140275 0.338673 -0.035216
v 2.193895 0.348061 0.063903
v 2.192964 0.342047 -0.035911
v 2.199620 0.456343 0.057327
v 2.198688 0.450330 -0.042488
v 2.142890 0.450833 0.058188
v 2.141959 0.444820 -0.041627
v 2.109528 0.448192 0.058658
v 2.108597 0.442179 -0.041157
v 2.076331 0.446131 0.059092
v 2.075400 0.440118 -0.040723
v 2.043431 0.444626 0.059490
v 2.042500 0.438612 -0.040325
v 2.010959 0.443651 0.059851
v 2.010028 0.437638 -0.039963
v 1.979047 0.443184 0.060177
v 1.978116 0.437171 -0.039638
v 1.947825 0.443198 0.060468
v 1.946894 0.437185 -0.039347
v 1.917425 0.443670 0.060723
v 1.916494 0.437657 -0.039092
v 1.887979 0.444573 0.060943
v 1.887048 0.438560 -0.038872
v 1.859620 0.445883 0.061129
v 1.858688 0.439870 -0.038686
v 1.832481 0.447574 0.061280
v 1.831549 0.441561 -0.038535
v 1.833211 0.447516 0.061277
v 1.832279 0.441503 -0.038538
v 1.841706 0.469598 0.059867
v 1.840775 0.463585 -0.039948
v 1.861154 0.525771 0.056302
v 1.860222 0.519758 -0.043513
v 1.868347 0.525381 0.056258
v 1.867416 0.519368 -0.043557
v 1.891669 0.524475 0.056095
v 1.890738 0.518462 -0.043720
v 1.915828 0.523879 0.055905
v 1.914896 0.517866 -0.043909
v 1.940748 0.523596 0.055690
v 1.939817 0.517583 -0.044125
v 1.966356 0.523628 0.055449
v 1.965425 0.517615 -0.044365
v 1.992578 0.523978 0.055184
v 1.991646 0.517965 -0.044631
v 2.019336 0.524649 0.054894
v 2.018404 0.518636 -0.044921
v 2.046555 0.525643 0.054580
v 2.045624 0.519630 -0.045235
v 2.074160 0.526965 0.054243
v 2.073229 0.520952 -0.045572
v 2.102073 0.528616 0.053883
v 2.101142 0.522603 -0.045932
v 2.130220 0.530601 0.053501
v 2.129288 0.524588 -0.046314
v 2.175545 0.534319 0.052854
v 2.174614 0.528306 -0.046961
v 2.182794 0.640835 0.046369
v 2.181862 0.634822 -0.053446
v 2.132291 0.635311 0.047173
v 2.131360 0.629298 -0.052642
v 2.105950 0.632800 0.047570
v 2.105019 0.626787 -0.052245
v 2.079907 0.630678 0.047941
v 2.078976 0.624665 -0.051874
v 2.054200 0.628935 0.048286
v 2.053269 0.622922 -0.051529
v 2.028867 0.627563 0.048605
v 2.027936 0.621550 -0.051210
v 2.003947 0.626553 0.048898
v 2.003016 0.620540 -0.050917
v 1.979478 0.625894 0.049166
v 1.978547 0.619881 -0.050649
v 1.955500 0.625578 0.049409
v 1.954569 0.619565 -0.050406
v 1.932051 0.625595 0.049626
v 1.931120 0.619582 -0.050188
v 1.909170 0.625935 0.049819
v 1.908239 0.619922 -0.049995
v 1.886896 0.626590 0.049988
v 1.885965 0.620577 -0.049827
v 1.890278 0.626440 0.049965
v 1.889347 0.620427 -0.049849
v 1.889809 0.624764 0.050071
v 1.888878 0.618751 -0.049744
v 1.891641 0.631514 0.049647
v 1.890709 0.625500 -0.050168
v 1.893497 0.638135 0.049231
v 1.892566 0.632122 -0.050584
v 1.895418 0.644777 0.048813
v 1.894487 0.638763 -0.051002
v 1.897396 0.651426 0.048394
v 1.896464 0.645413 -0.051421
v 1.899424 0.658070 0.047974
v 1.898493 0.652057 -0.051840
v 1.901498 0.664695 0.047556
v 1.900566 0.658682 -0.052259
v 1.903609 0.671288 0.047139
v 1.902678 0.665275 -0.052676
v 1.905753 0.677836 0.046725
v 1.904822 0.671823 -0.053090
v 1.907922 0.684325 0.046313
v 1.906991 0.678312 -0.053501
v 1.910110 0.690743 0.045906
v 1.909179 0.684729 -0.053908
v 1.912311 0.697075 0.045504
v 1.911380 0.691062 -0.054310
v 1.922781 0.726653 0.043625
v 1.921850 0.720640 -0.056190
v 0.800384 0.618472 0.060613
v 0.799453 0.612459 -0.039202
v 0.767807 0.603513 0.061818
v 0.766876 0.597499 -0.037997
v 0.749298 0.594528 0.062532
v 0.748367 0.588515 -0.037283
v 0.729955 0.584719 0.063303
v 0.729024 0.578705 -0.036512
v 0.710095 0.574267 0.064118
v 0.709163 0.568254 -0.035697
v 0.690041 0.563359 0.064962
v 0.689110 0.557346 -0.034852
v 0.670121 0.552182 0.065821
v 0.669190 0.546169 -0.033993
v 0.650664 0.540922 0.066681
v 0.649733 0.534909 -0.033133
v 0.631995 0.529764 0.067528
v 0.631064 0.523751 -0.032287
v 0.614438 0.518889 0.068346
v 0.613507 0.512876 -0.031468
v 0.598306 0.508469 0.069125
v 0.597375 0.502456 -0.030690
v 0.583892 0.498659 0.069850
v 0.582961 0.492646 -0.029964
v 0.556243 0.478465 0.071325
v 0.555312 0.472452 -0.028490
v 0.619931 0.385299 0.076343
v 0.619000 0.379286 -0.023471
v 0.649597 0.409305 0.074620
v 0.648666 0.403292 -0.025194
v 0.663863 0.419936 0.073847
v 0.662932 0.413923 -0.025968
v 0.679668 0.430969 0.073035
v 0.678737 0.424956 -0.026780
v 0.696678 0.442216 0.072198
v 0.695747 0.436203 -0.027616
v 0.714575 0.453505 0.071351
v 0.713643 0.447492 -0.028463
v 0.733042 0.464672 0.070506
v 0.732111 0.458659 -0.029308
v 0.751769 0.475556 0.069676
v 0.750838 0.469543 -0.030139
v 0.770447 0.485999 0.068873
v 0.769516 0.479986 -0.030942
v 0.788766 0.495844 0.068109
v 0.787834 0.489831 -0.031706
v 0.806411 0.504934 0.067396
v 0.805480 0.498921 -0.032418
v 0.823063 0.513109 0.066749
v 0.822132 0.507096 -0.033066
v 0.859894 0.530164 0.065377
v 0.858963 0.524151 -0.034437
v 0.969914 0.144172 0.087605
v 0.968983 0.138159 -0.012210
v 0.983260 0.142548 0.087578
v 0.982329 0.136535 -0.012237
v 0.995477 0.139962 0.087620
v 0.994546 0.133949 -0.012195
v 1.006472 0.136523 0.087724
v 1.005541 0.130509 -0.012090
v 1.016163 0.132353 0.087885
v 1.015231 0.126340 -0.011929
v 1.024478 0.127590 0.088095
v 1.023547 0.121577 -0.011720
v 1.031378 0.122383 0.088344
v 1.030447 0.116370 -0.011471
v 1.036864 0.116877 0.088624
v 1.035932 0.110863 -0.011190
v 1.040993 0.111184 0.088929
v 1.040062 0.105171 -0.010886
v 1.043867 0.105344 0.089254
v 1.042936 0.099330 -0.010561
v 1.045588 0.099283 0.089603
v 1.044657 0.093270 -0.010212
v 1.046201 0.092626 0.089998
v 1.045269 0.086612 -0.009816
v 1.045706 0.085446 0.090436
v 1.044775 0.079433 -0.009379
v 1.044236 0.078817 0.090849
v 1.043305 0.072803 -0.008966
v 1.041871 0.072875 0.091229
v 1.040940 0.066862 -0.008586
v 1.038581 0.067461 0.091585
v 1.037650 0.061448 -0.008229
v 1.034240 0.062437 0.091929
v 1.033309 0.056424 -0.007886
v 1.028658 0.057745 0.092263
v 1.027726 0.051732 -0.007551
v 1.021643 0.053425 0.092589
v 1.020712 0.047412 -0.007226
v 1.013054 0.049588 0.092900
v 1.012123 0.043575 -0.006914
v 1.002805 0.046377 0.093189
v 1.001874 0.040364 -0.006625
v 0.990860 0.043933 0.093448
v 0.989929 0.037920 -0.006367
v 0.977214 0.042387 0.093668
v 0.976283 0.036373 -0.006146
v 0.962002 0.041852 0.093843
v 0.961070 0.035839 -0.005972
v 0.946186 0.042575 0.093947
v 0.945255 0.036561 -0.005868
v 0.932715 0.044594 0.093951
v 0.931783 0.038581 -0.005864
v 0.921402 0.047705 0.093869
v 0.920470 0.041692 -0.005946
v 0.912071 0.051701 0.093715
v 0.911139 0.045688 -0.006100
v 0.904471 0.056418 0.093502
v 0.903540 0.050405 -0.006313
v 0.898305 0.061784 0.093236
v 0.897373 0.055771 -0.006579
v 0.893294 0.067836 0.092918
v 0.892363 0.061823 -0.006897
v 0.889251 0.074676 0.092544
v 0.888320 0.068663 -0.007271
v 0.886095 0.082398 0.092108
v 0.885164 0.076384 -0.007707
v 0.883818 0.091035 0.091609
v 0.882887 0.085022 -0.008206
v 0.882442 0.100549 0.091049
v 0.881511 0.094536 -0.008766
v 0.881971 0.111032 0.090422
v 0.881039 0.105019 -0.009393
v 0.882518 0.136247 0.088897
v 0.881586 0.130234 -0.010917
v 0.875537 0.134175 0.089087
v 0.874605 0.128162 -0.010727
v 0.882370 0.136000 0.088914
v 0.881439 0.129987 -0.010901
v 0.889310 0.137654 0.088749
v 0.888379 0.131641 -0.011065
v 0.896352 0.139137 0.088594
v 0.895421 0.133124 -0.011220
v 0.903488 0.140448 0.088449
v 0.902557 0.134435 -0.011366
v 0.910712 0.141586 0.088313
v 0.909781 0.135573 -0.011502
v 0.918018 0.142550 0.088187
v 0.917087 0.136537 -0.011628
v 0.925399 0.143340 0.088070
v 0.924467 0.137327 -0.011745
v 0.932848 0.143956 0.087963
v 0.931917 0.137943 -0.011851
v 0.940359 0.144396 0.087867
v 0.939427 0.138383 -0.011948
v 0.947925 0.144660 0.087780
v 0.946993 0.138647 -0.012034
v 0.955263 0.144745 0.087707
v 0.954332 0.138732 -0.012108
v 0.779489 0.208310 0.085517
v 0.778558 0.202296 -0.014297
v 0.772343 0.205575 0.085749
v 0.771412 0.199562 -0.014066
v 0.753208 0.197387 0.086420
v 0.752277 0.191374 -0.013394
v 0.734732 0.188660 0.087119
v 0.733800 0.182647 -0.012696
v 0.716919 0.179469 0.087838
v 0.715988 0.173455 -0.011976
v 0.699775 0.169889 0.088575
v 0.698844 0.163876 -0.011239
v 0.683305 0.159996 0.089325
v 0.682374 0.153982 -0.010490
v 0.667512 0.149863 0.090083
v 0.666580 0.143850 -0.009732
v 0.652400 0.139566 0.090844
v 0.651469 0.133553 -0.008971
v 0.637976 0.129178 0.091605
v 0.637045 0.123165 -0.008210
v 0.624242 0.118773 0.092359
v 0.623311 0.112760 -0.007455
v 0.611204 0.108425 0.093105
v 0.610272 0.102412 -0.006710
v 0.585486 0.087125 0.094628
v 0.584555 0.081112 -0.005187
v 0.646141 -0.008539 0.099825
v 0.645210 -0.014553 0.000010
v 0.673529 0.015463 0.098123
v 0.672598 0.009450 -0.001691
v 0.683660 0.024182 0.097504
v 0.682729 0.018169 -0.002311
v 0.694159 0.033005 0.096874
v 0.693228 0.026992 -0.002940
v 0.705028 0.041873 0.096239
v 0.704097 0.035859 -0.003576
v 0.716265 0.050725 0.095601
v 0.715334 0.044711 -0.004214
v 0.727869 0.059502 0.094964
v 0.726938 0.053488 -0.004851
v 0.739839 0.068144 0.094331
v 0.738908 0.062131 -0.005484
v 0.752173 0.076592 0.093707
v 0.751242 0.070579 -0.006108
v 0.764868 0.084787 0.093095
v 0.763937 0.078774 -0.006720
v 0.777921 0.092670 0.092498
v 0.776990 0.086657 -0.007316
v 0.791330 0.100182 0.091921
v 0.790399 0.094169 -0.007894
v 0.775479 0.092023 0.092560
v 0.774548 0.086009 -0.007255
v 0.775366 0.087145 0.092855
v 0.774435 0.081132 -0.006960
v 0.776452 0.067531 0.094027
v 0.775520 0.061518 -0.005788
v 0.779834 0.048161 0.095162
v 0.778902 0.042148 -0.004653
v 0.785643 0.029521 0.096231
v 0.784711 0.023507 -0.003584
v 0.794009 0.011863 0.097216
v 0.793077 0.005849 -0.002598
v 0.805017 -0.004515 0.098100
v 0.804085 -0.010528 -0.001714
v 0.818683 -0.019298 0.098864
v 0.817751 -0.025312 -0.000951
v 0.834953 -0.032201 0.099489
v 0.834022 -0.038214 -0.000326
v 0.853737 -0.043001 0.099964
v 0.852805 -0.049014 0.000150
v 0.874947 -0.051548 0.100281
v 0.874016 -0.057561 0.000467
v 0.898540 -0.057745 0.100435
v 0.897609 -0.063759 0.000620
v 0.924520 -0.061519 0.100420
v 0.923588 -0.067532 0.000605
v 0.952855 -0.062790 0.100232
v 0.951923 -0.068803 0.000417
v 0.978733 -0.061889 0.099936
v 0.977802 -0.067902 0.000122
v 1.003662 -0.059159 0.099539
v 1.002730 -0.065172 -0.000275
v 1.027563 -0.054525 0.099037
v 1.026632 -0.060538 -0.000778
v 1.050241 -0.047899 0.098426
v 1.049310 -0.053912 -0.001388
v 1.071483 -0.039173 0.097702
v 1.070552 -0.045186 -0.002112
v 1.091043 -0.028218 0.096860
v 1.090111 -0.034231 -0.002955
v 1.108614 -0.014906 0.095894
v 1.107683 -0.020919 -0.003920
v 1.123821 0.000850 0.094803
v 1.122890 -0.005163 -0.005012
v 1.136227 0.019046 0.093591
v 1.135296 0.013033 -0.006224
v 1.145408 0.039546 0.092271
v 1.144477 0.033533 -0.007544
v 1.151036 0.062115 0.090858
v 1.150105 0.056102 -0.008956
v 1.152925 0.086577 0.089367
v 1.151993 0.080563 -0.010448
v 1.151055 0.109804 0.087985
v 1.150124 0.103791 -0.011829
v 1.145564 0.131698 0.086718
v 1.144633 0.125685 -0.013097
v 1.136671 0.151977 0.085579
v 1.135739 0.145964 -0.014236
v 1.124676 0.170402 0.084581
v 1.123744 0.164388 -0.015234
v 1.109917 0.186808 0.083730
v 1.108986 0.180795 -0.016085
v 1.092727 0.201109 0.083029
v 1.091795 0.195095 -0.016786
v 1.073401 0.213265 0.082477
v 1.072470 0.207252 -0.017338
v 1.052198 0.223264 0.082072
v 1.051267 0.217251 -0.017742
v 1.029339 0.231093 0.081814
v 1.028408 0.225079 -0.018001
v 1.005027 0.236730 0.081701
v 1.004096 0.230717 -0.018114
v 0.979450 0.240144 0.081734
v 0.978519 0.234131 -0.018081
v 0.953141 0.241278 0.081911
v 0.952210 0.235265 -0.017904
v 0.944852 0.241216 0.081992
v 0.943921 0.235203 -0.017823
v 0.936952 0.241037 0.082077
v 0.936021 0.235024 -0.017738
v 0.929083 0.240734 0.082168
v 0.928152 0.234721 -0.017646
v 0.921249 0.240303 0.082267
v 0.920318 0.234290 -0.017547
v 0.913453 0.239741 0.082374
v 0.912522 0.233728 -0.017441
v 0.905698 0.239044 0.082488
v 0.904767 0.233031 -0.017326
v 0.897986 0.238208 0.082611
v 0.897055 0.232195 -0.017204
v 0.890321 0.237228 0.082741
v 0.889390 0.231215 -0.017074
v 0.882705 0.236102 0.082880
v 0.881774 0.230089 -0.016935
v 0.875142 0.234825 0.083028
v 0.874211 0.228812 -0.016787
v 0.867635 0.233393 0.083184
v 0.866703 0.227380 -0.016631
v 0.885836 0.237281 0.082780
v 0.884905 0.231268 -0.017035
v 0.885486 0.230063 0.083218
v 0.884555 0.224050 -0.016597
v 0.886417 0.249273 0.082052
v 0.885486 0.243260 -0.017763
v 0.887361 0.268843 0.080864
v 0.886430 0.262830 -0.018951
v 0.888304 0.288635 0.079663
v 0.887373 0.282622 -0.020152
v 0.889236 0.308507 0.078457
v 0.888305 0.302494 -0.021358
v 0.890143 0.328320 0.077255
v 0.889211 0.322307 -0.022560
v 0.891012 0.347934 0.076065
v 0.890081 0.341920 -0.023749
v 0.891832 0.367209 0.074897
v 0.890901 0.361196 -0.024918
v 0.892590 0.386007 0.073757
v 0.891659 0.379993 -0.026058
v 0.893274 0.404189 0.072655
v 0.892343 0.398176 -0.027159
v 0.893871 0.421618 0.071600
v 0.892940 0.415605 -0.028215
v 0.894986 0.458681 0.069357
v 0.894055 0.452667 -0.030458
v 0.783235 0.458681 0.070399
v 0.782304 0.452667 -0.029416
v 0.784617 0.428842 0.072184
v 0.783686 0.422829 -0.027631
v 0.784958 0.420274 0.072697
v 0.784027 0.414261 -0.027118
v 0.785230 0.411992 0.073193
v 0.784299 0.405979 -0.026622
v 0.785438 0.403948 0.073676
v 0.784507 0.397935 -0.026139
v 0.785584 0.396092 0.074148
v 0.784653 0.390079 -0.025667
v 0.785672 0.388376 0.074612
v 0.784741 0.382363 -0.025203
v 0.785704 0.380749 0.075071
v 0.784773 0.374736 -0.024744
v 0.785684 0.373164 0.075528
v 0.784753 0.367150 -0.024287
v 0.785616 0.365569 0.075986
v 0.784684 0.359556 -0.023828
v 0.785500 0.357916 0.076448
v 0.784569 0.351903 -0.023366
v 0.785342 0.350158 0.076917
v 0.784410 0.344144 -0.022898
v 0.785146 0.342375 0.077388
v 0.784215 0.336361 -0.022427
v 1.043118 0.598633 0.059543
v 1.042187 0.592620 -0.040271
v 1.031560 0.600617 0.059532
v 1.030629 0.594604 -0.040283
v 1.019964 0.602754 0.059511
v 1.019033 0.596740 -0.040304
v 1.008348 0.605044 0.059482
v 1.007416 0.599031 -0.040333
v 0.996725 0.607492 0.059442
v 0.995794 0.601479 -0.040372
v 0.985114 0.610100 0.059394
v 0.984183 0.604087 -0.040421
v 0.973531 0.612871 0.059335
v 0.972599 0.606857 -0.040480
v 0.961991 0.615806 0.059266
v 0.961060 0.609793 -0.040549
v 0.950511 0.618909 0.059186
v 0.949580 0.612896 -0.040629
v 0.939108 0.622181 0.059095
v 0.938176 0.616168 -0.040720
v 0.927797 0.625626 0.058993
v 0.926866 0.619613 -0.040822
v 0.890984 0.637519 0.058620
v 0.890053 0.631506 -0.041195
v 0.888116 0.527834 0.065255
v 0.887185 0.521821 -0.034560
v 0.915454 0.520315 0.065452
v 0.914523 0.514302 -0.034362
v 0.928171 0.517000 0.065534
v 0.927239 0.510987 -0.034281
v 0.941208 0.513778 0.065606
v 0.940277 0.507765 -0.034209
v 0.954547 0.510655 0.065670
v 0.953616 0.504641 -0.034145
v 0.968168 0.507635 0.065725
v 0.967236 0.501622 -0.034090
v 0.982048 0.504726 0.065770
v 0.981117 0.498713 -0.034044
v 0.996168 0.501932 0.065807
v 0.995237 0.495919 -0.034008
v 1.010508 0.499260 0.065834
v 1.009576 0.493247 -0.033981
v 1.025045 0.496715 0.065852
v 1.024114 0.490702 -0.033963
v 1.039760 0.494304 0.065860
v 1.038829 0.488291 -0.033955
v 1.054631 0.492033 0.065858
v 1.053700 0.486020 -0.033957
v 1.057650 0.491605 0.065856
v 1.056719 0.485592 -0.033959
v 1.065399 0.470391 0.067061
v 1.064468 0.464377 -0.032753
v 1.078702 0.436804 0.068961
v 1.077771 0.430790 -0.030854
v 1.093194 0.402668 0.070882
v 1.092262 0.396655 -0.028933
v 1.108724 0.368271 0.072809
v 1.107793 0.362258 -0.027006
v 1.125145 0.333904 0.074726
v 1.124214 0.327891 -0.025088
v 1.142307 0.299859 0.076617
v 1.141375 0.293846 -0.023197
v 1.160061 0.266429 0.078466
v 1.159130 0.260415 -0.021349
v 1.178261 0.233905 0.080255
v 1.177330 0.227892 -0.019560
v 1.196762 0.202580 0.081970
v 1.195831 0.196567 -0.017845
v 1.215422 0.172744 0.083593
v 1.214491 0.166731 -0.016222
v 1.234104 0.144681 0.085109
v 1.233172 0.138668 -0.014705
v 1.262543 0.104861 0.087243
v 1.261612 0.098848 -0.012572
v 1.369035 0.160100 0.082922
v 1.368104 0.154087 -0.016893
v 1.335075 0.201697 0.080733
v 1.334144 0.195684 -0.019082
v 1.316893 0.226008 0.079438
v 1.315961 0.219995 -0.020377
v 1.298802 0.252094 0.078035
v 1.297871 0.246081 -0.021780
v 1.280956 0.279606 0.076544
v 1.280025 0.273593 -0.023271
v 1.263502 0.308198 0.074984
v 1.262571 0.302185 -0.024830
v 1.246580 0.337526 0.073375
v 1.245649 0.331513 -0.026439
v 1.230328 0.367249 0.071736
v 1.229396 0.361236 -0.028078
v 1.214881 0.397025 0.070087
v 1.213950 0.391012 -0.029728
v 1.200375 0.426513 0.068446
v 1.199444 0.420499 -0.031369
v 1.186944 0.455369 0.066832
v 1.186013 0.449356 -0.032982
v 1.174722 0.483248 0.065267
v 1.173791 0.477234 -0.034548
v 1.175829 0.480546 0.065419
v 1.174898 0.474533 -0.034395
v 1.150769 0.482144 0.065557
v 1.149838 0.476131 -0.034258
v 1.157626 0.481745 0.065517
v 1.156695 0.475731 -0.034298
v 1.164475 0.481383 0.065475
v 1.163544 0.475370 -0.034340
v 1.171316 0.481060 0.065430
v 1.170384 0.475047 -0.034384
v 1.178143 0.480775 0.065384
v 1.177212 0.474761 -0.034431
v 1.184956 0.480527 0.065335
v 1.184024 0.474514 -0.034479
v 1.191749 0.480318 0.065285
v 1.190818 0.474305 -0.034530
v 1.198522 0.480147 0.065232
v 1.197591 0.474134 -0.034583
v 1.205270 0.480014 0.065177
v 1.204339 0.474000 -0.034638
v 1.211991 0.479918 0.065120
v 1.211060 0.473905 -0.034695
v 1.218681 0.479861 0.065061
v 1.217750 0.473848 -0.034754
v 1.225332 0.479842 0.065000
v 1.224401 0.473829 -0.034815
v 1.233840 0.479861 0.064919
v 1.232909 0.473848 -0.034895
v 1.242499 0.479918 0.064835
v 1.241567 0.473905 -0.034979
v 1.251286 0.480012 0.064748
v 1.250355 0.473999 -0.035067
v 1.260176 0.480145 0.064657
v 1.259245 0.474131 -0.035158
v 1.269140 0.480315 0.064563
v 1.268209 0.474301 -0.035252
v 1.278152 0.480522 0.064466
v 1.277220 0.474509 -0.035348
v 1.287183 0.480768 0.064367
v 1.286252 0.474755 -0.035448
v 1.296207 0.481051 0.064266
v 1.295276 0.475038 -0.035549
v 1.305197 0.481373 0.064163
v 1.304265 0.475359 -0.035652
v 1.314124 0.481732 0.064058
v 1.313193 0.475719 -0.035757
v 1.322962 0.482129 0.063951
v 1.322031 0.476116 -0.035863
v 1.349403 0.483450 0.063625
v 1.348472 0.477437 -0.036190
v 1.356640 0.592732 0.056974
v 1.355709 0.586719 -0.042841
v 1.324277 0.588636 0.057523
v 1.323346 0.582623 -0.042292
v 1.315935 0.587711 0.057656
v 1.315004 0.581698 -0.042158
v 1.307389 0.586885 0.057786
v 1.306458 0.580872 -0.042029
v 1.298664 0.586157 0.057911
v 1.297733 0.580144 -0.041904
v 1.289784 0.585524 0.058032
v 1.288853 0.579511 -0.041783
v 1.280773 0.584985 0.058149
v 1.279842 0.578972 -0.041666
v 1.271655 0.584536 0.058261
v 1.270724 0.578523 -0.041554
v 1.262454 0.584175 0.058368
v 1.261523 0.578162 -0.041446
v 1.253193 0.583899 0.058471
v 1.252262 0.577886 -0.041343
v 1.243894 0.583706 0.058570
v 1.242963 0.577692 -0.041245
v 1.234582 0.583592 0.058663
v 1.233651 0.577579 -0.041151
v 1.225286 0.583554 0.058752
v 1.224354 0.577541 -0.041062
v 1.217322 0.583591 0.058824
v 1.216390 0.577577 -0.040990
v 1.209282 0.583697 0.058893
v 1.208351 0.577684 -0.040922
v 1.201164 0.583871 0.058958
v 1.200232 0.577858 -0.040856
v 1.192970 0.584109 0.059020
v 1.192038 0.578096 -0.040794
v 1.184704 0.584409 0.059079
v 1.183772 0.578396 -0.040735
v 1.176369 0.584768 0.059136
v 1.175438 0.578755 -0.040679
v 1.167969 0.585183 0.059189
v 1.167038 0.579170 -0.040626
v 1.159508 0.585650 0.059240
v 1.158577 0.579637 -0.040575
v 1.150989 0.586167 0.059288
v 1.150058 0.580154 -0.040527
v 1.142414 0.586731 0.059334
v 1.141483 0.580718 -0.040481
v 1.133789 0.587339 0.059378
v 1.132857 0.581326 -0.040437
v 1.139292 0.586928 0.059351
v 1.138361 0.580914 -0.040463
v 1.139596 0.585777 0.059418
v 1.138665 0.579764 -0.040397
v 1.136359 0.598497 0.058682
v 1.135428 0.592483 -0.041133
v 1.133233 0.611351 0.057937
v 1.132302 0.605338 -0.041878
v 1.130252 0.624288 0.057185
v 1.129321 0.618275 -0.042630
v 1.127449 0.637255 0.056430
v 1.126517 0.631242 -0.043385
v 1.124858 0.650198 0.055674
v 1.123926 0.644185 -0.044140
v 1.122512 0.663063 0.054921
v 1.121581 0.657050 -0.044893
v 1.120445 0.675794 0.054174
v 1.119514 0.669781 -0.045641
v 1.118689 0.688335 0.053434
v 1.117758 0.682322 -0.046380
v 1.117276 0.700627 0.052707
v 1.116344 0.694614 -0.047108
v 1.116235 0.712611 0.051995
v 1.115304 0.706598 -0.047820
v 1.114439 0.745257 0.050045
v 1.113508 0.739244 -0.049770
v 0.991394 0.734090 0.051865
v 0.990463 0.728077 -0.047949
v 0.999118 0.703010 0.053666
v 0.998187 0.696997 -0.046149
v 1.001407 0.693670 0.054207
v 1.000476 0.687657 -0.045608
v 1.003872 0.683541 0.054794
v 1.002941 0.677528 -0.045020
v 1.006502 0.672716 0.055422
v 1.005571 0.666703 -0.044393
v 1.009287 0.661286 0.056085
v 1.008356 0.655273 -0.043730
v 1.012217 0.649341 0.056777
v 1.011286 0.643328 -0.043038
v 1.015282 0.636969 0.057494
v 1.014351 0.630956 -0.042321
v 1.018473 0.624258 0.058230
v 1.017542 0.618245 -0.041585
v 1.021781 0.611295 0.058980
v 1.020850 0.605282 -0.040835
v 1.025197 0.598166 0.059739
v 1.024265 0.592152 -0.040076
v 1.028711 0.584957 0.060502
v 1.027780 0.578943 -0.039313
v 1.024151 0.601659 0.059538
v 1.023220 0.595646 -0.040277
v 0.309138 0.528085 0.070641
v 0.308206 0.522071 -0.029174
v 0.309243 0.512621 0.071571
v 0.308312 0.506608 -0.028244
v 0.309250 0.496337 0.072552
v 0.308319 0.490324 -0.027263
v 0.309146 0.479345 0.073577
v 0.308215 0.473332 -0.026238
v 0.308918 0.461760 0.074638
v 0.307987 0.455747 -0.025176
v 0.308555 0.443697 0.075730
v 0.307623 0.437684 -0.024085
v 0.308042 0.425270 0.076845
v 0.307111 0.419257 -0.022970
v 0.307370 0.406594 0.077976
v 0.306438 0.400581 -0.021839
v 0.306524 0.387783 0.079117
v 0.305593 0.381769 -0.020697
v 0.305494 0.368952 0.080261
v 0.304563 0.362939 -0.019553
v 0.304267 0.350218 0.081401
v 0.303336 0.344205 -0.018413
v 0.302851 0.331934 0.082516
v 0.301920 0.325921 -0.017299
v 0.298749 0.296290 0.084702
v 0.297818 0.290276 -0.015113
v 0.293492 0.263009 0.086756
v 0.292560 0.256995 -0.013059
v 0.287131 0.232280 0.088666
v 0.286200 0.226267 -0.011148
v 0.279730 0.204311 0.090420
v 0.278799 0.198297 -0.009394
v 0.271372 0.179313 0.092004
v 0.270441 0.173300 -0.007810
v 0.262165 0.157510 0.093404
v 0.261234 0.151497 -0.006411
v 0.252266 0.139128 0.094603
v 0.251335 0.133115 -0.005211
v 0.241902 0.124366 0.095589
v 0.240971 0.118353 -0.004225
v 0.231376 0.113336 0.096352
v 0.230445 0.107322 -0.003463
v 0.221002 0.105934 0.096895
v 0.220071 0.099921 -0.002920
v 0.210854 0.101768 0.097240
v 0.209923 0.095755 -0.002574
v 0.200835 0.100448 0.097413
v 0.199904 0.094435 -0.002401
v 0.195256 0.101374 0.097410
v 0.194325 0.095361 -0.002405
v 0.188644 0.104592 0.097277
v 0.187713 0.098579 -0.002537
v 0.180649 0.110927 0.096970
v 0.179718 0.104914 -0.002844
v 0.171859 0.120477 0.096477
v 0.170928 0.114464 -0.003338
v 0.162771 0.132951 0.095810
v 0.161840 0.126938 -0.004004
v 0.153708 0.147946 0.094992
v 0.152777 0.141932 -0.004823
v 0.144877 0.165045 0.094044
v 0.143946 0.159032 -0.005771
v 0.136419 0.183851 0.092990
v 0.135488 0.177837 -0.006825
v 0.128439 0.203975 0.091852
v 0.127508 0.197962 -0.007963
v 0.121022 0.225046 0.090652
v 0.120090 0.219033 -0.009163
v 0.114241 0.246695 0.089411
v 0.113310 0.240682 -0.010404
v 0.098244 0.304253 0.086092
v 0.097313 0.298240 -0.013722
v 0.009199 0.204014 0.092962
v 0.008267 0.198001 -0.006853
v 0.027106 0.156256 0.095672
v 0.026175 0.150243 -0.004143
v 0.041056 0.123324 0.097526
v 0.040124 0.117311 -0.002289
v 0.055191 0.094105 0.099154
v 0.054260 0.088092 -0.000661
v 0.069573 0.068413 0.100568
v 0.068642 0.062400 0.000753
v 0.084279 0.046068 0.101777
v 0.083348 0.040055 0.001962
v 0.099402 0.026908 0.102790
v 0.098471 0.020895 0.002975
v 0.115043 0.010807 0.103614
v 0.114112 0.004794 0.003799
v 0.131291 -0.002306 0.104252
v 0.130360 -0.008320 0.004438
v 0.148178 -0.012443 0.104706
v 0.147247 -0.018457 0.004891
v 0.165629 -0.019586 0.104973
v 0.164698 -0.025599 0.005158
v 0.183457 -0.023758 0.105058
v 0.182526 -0.029771 0.005243
v 0.201567 -0.025105 0.104970
v 0.200636 -0.031119 0.005156
v 0.226164 -0.023028 0.104616
v 0.225233 -0.029041 0.004801
v 0.250501 -0.016590 0.104001
v 0.249570 -0.022603 0.004186
v 0.274071 -0.005616 0.103120
v 0.273140 -0.011629 0.003305
v 0.296476 0.009956 0.101973
v 0.295545 0.003942 0.002158
v 0.317432 0.030134 0.100562
v 0.316501 0.024121 0.000747
v 0.336765 0.054950 0.098886
v 0.335834 0.048937 -0.000928
v 0.354366 0.084501 0.096942
v 0.353435 0.078487 -0.002873
v 0.370147 0.118942 0.094720
v 0.369216 0.112928 -0.005095
v 0.384010 0.158476 0.092209
v 0.383079 0.152463 -0.007606
v 0.395842 0.203330 0.089396
v 0.394911 0.197317 -0.010419
v 0.405510 0.253745 0.086269
v 0.404579 0.247732 -0.013546
v 0.412835 0.309722 0.082828
v 0.411904 0.303708 -0.016986
v 0.414957 0.330331 0.081567
v 0.414026 0.324318 -0.018248
v 0.416747 0.351825 0.080255
v 0.415816 0.345812 -0.019559
v 0.418240 0.373947 0.078909
v 0.417308 0.367934 -0.020906
v 0.419463 0.396404 0.077544
v 0.418532 0.390391 -0.022270
v 0.420444 0.418898 0.076180
v 0.419513 0.412885 -0.023635
v 0.421211 0.441129 0.074834
v 0.420280 0.435116 -0.024981
v 0.421788 0.462793 0.073523
v 0.420857 0.456780 -0.026292
v 0.422202 0.483585 0.072267
v 0.421271 0.477572 -0.027548
v 0.422478 0.503200 0.071082
v 0.421546 0.497187 -0.028732
v 0.422641 0.521331 0.069989
v 0.421710 0.515318 -0.029826
v 0.422718 0.537670 0.069004
v 0.421787 0.531657 -0.030811
v 0.422733 0.551858 0.068149
v 0.421802 0.545845 -0.031666
v 0.422750 0.557260 0.067823
v 0.421819 0.551247 -0.031992
v 0.422816 0.563194 0.067465
v 0.421885 0.557180 -0.032350
v 0.422942 0.569589 0.067079
v 0.422011 0.563576 -0.032736
v 0.423140 0.576324 0.066671
v 0.422209 0.570311 -0.033144
v 0.423422 0.583278 0.066249
v 0.422491 0.577265 -0.033565
v 0.423799 0.590327 0.065821
v 0.422868 0.584314 -0.033993
v 0.424281 0.597342 0.065394
v 0.423349 0.591329 -0.034421
v 0.424875 0.604194 0.064976
v 0.423944 0.598181 -0.034839
v 0.425589 0.610743 0.064575
v 0.424658 0.604730 -0.035240
v 0.426422 0.616839 0.064200
v 0.425491 0.610826 -0.035615
v 0.427366 0.622314 0.063861
v 0.426435 0.616301 -0.035954
v 0.433970 0.652349 0.061990
v 0.433039 0.646336 -0.037825
v 0.298428 0.649559 0.063422
v 0.297496 0.643546 -0.036392
v 0.302803 0.621406 0.065078
v 0.301872 0.615393 -0.034737
v 0.303648 0.615213 0.065443
v 0.302716 0.609199 -0.034372
v 0.304480 0.608366 0.065848
v 0.303549 0.602353 -0.033967
v 0.305283 0.601033 0.066282
v 0.304352 0.595020 -0.033533
v 0.306040 0.593366 0.066737
v 0.305109 0.587353 -0.033078
v 0.306738 0.585515 0.067203
v 0.305807 0.579502 -0.032612
v 0.307362 0.577628 0.067673
v 0.306431 0.571615 -0.032142
v 0.307901 0.569852 0.068136
v 0.306969 0.563839 -0.031679
v 0.308339 0.562337 0.068585
v 0.307408 0.556324 -0.031230
v 0.308667 0.555237 0.069009
v 0.307735 0.549224 -0.030805
v 0.308870 0.548715 0.069400
v 0.307939 0.542702 -0.030414
v 0.308945 0.542685 0.069763
v 0.308013 0.536672 -0.030052
v -0.216505 0.100274 0.101317
v -0.217437 0.094261 0.001502
v -0.208667 0.167141 0.097216
v -0.209598 0.161128 -0.002599
v -0.202406 0.208041 0.094693
v -0.203337 0.202027 -0.005121
v -0.194632 0.249140 0.092145
v -0.195564 0.243127 -0.007670
v -0.185369 0.290076 0.089592
v -0.186300 0.284063 -0.010222
v -0.174640 0.330485 0.087058
v -0.175572 0.324472 -0.012757
v -0.162474 0.370004 0.084564
v -0.163405 0.363990 -0.015251
v -0.148901 0.408267 0.082132
v -0.149832 0.402254 -0.017683
v -0.133958 0.444911 0.079785
v -0.134889 0.438898 -0.020030
v -0.117687 0.479567 0.077545
v -0.118618 0.473553 -0.022269
v -0.100141 0.511867 0.075436
v -0.101072 0.505854 -0.024379
v -0.081386 0.541448 0.073479
v -0.082317 0.535435 -0.026336
v -0.044529 0.590577 0.070175
v -0.045461 0.584564 -0.029640
v -0.154838 0.628686 0.068908
v -0.155769 0.622673 -0.030906
v -0.183564 0.588117 0.071620
v -0.184496 0.582104 -0.028194
v -0.203118 0.556118 0.073730
v -0.204049 0.550105 -0.026084
v -0.221636 0.521515 0.075988
v -0.222567 0.515502 -0.023827
v -0.239040 0.484710 0.078367
v -0.239971 0.478697 -0.021447
v -0.255233 0.446109 0.080844
v -0.256164 0.440096 -0.018971
v -0.270111 0.406122 0.083392
v -0.271042 0.400109 -0.016423
v -0.283562 0.365161 0.085985
v -0.284493 0.359148 -0.013830
v -0.295471 0.323641 0.088597
v -0.296402 0.317627 -0.011217
v -0.305718 0.281973 0.091203
v -0.306649 0.275960 -0.008612
v -0.314180 0.240569 0.093776
v -0.315111 0.234555 -0.006038
v -0.320733 0.199835 0.096292
v -0.321664 0.193822 -0.003523
v -0.326889 0.145716 0.099609
v -0.327820 0.139703 -0.000205
v -0.687407 0.167471 0.101662
v -0.688338 0.161457 0.001847
v -0.668138 0.165642 0.101592
v -0.669069 0.159629 0.001778
v -0.650782 0.162703 0.101607
v -0.651713 0.156690 0.001793
v -0.635410 0.158760 0.101702
v -0.636341 0.152747 0.001887
v -0.622088 0.153942 0.101868
v -0.623019 0.147928 0.002053
v -0.610860 0.148402 0.102097
v -0.611791 0.142389 0.002282
v -0.601726 0.142316 0.102378
v -0.602657 0.136303 0.002563
v -0.594610 0.135854 0.102701
v -0.595541 0.129841 0.002886
v -0.589346 0.129125 0.103057
v -0.590277 0.123112 0.003242
v -0.585709 0.122099 0.103446
v -0.586640 0.116086 0.003632
v -0.583518 0.114582 0.103879
v -0.584449 0.108568 0.004064
v -0.582753 0.106279 0.104372
v -0.583684 0.100266 0.004557
v -0.583471 0.098021 0.104876
v -0.584402 0.092008 0.005061
v -0.585523 0.090719 0.105335
v -0.586454 0.084706 0.005521
v -0.588866 0.084121 0.105764
v -0.589797 0.078108 0.005949
v -0.593657 0.077943 0.106181
v -0.594588 0.071930 0.006366
v -0.600142 0.072074 0.106595
v -0.601073 0.066060 0.006780
v -0.608523 0.066572 0.107004
v -0.609455 0.060559 0.007190
v -0.618897 0.061586 0.107402
v -0.619828 0.055572 0.007587
v -0.631269 0.057272 0.107777
v -0.632200 0.051258 0.007962
v -0.645587 0.053766 0.108122
v -0.646519 0.047753 0.008307
v -0.661779 0.051174 0.108429
v -0.662710 0.045161 0.008614
v -0.679761 0.049575 0.108693
v -0.680692 0.043562 0.008878
v -0.699308 0.049034 0.108908
v -0.700239 0.043021 0.009093
v -0.713435 0.049606 0.109005
v -0.714366 0.043593 0.009191
v -0.725786 0.051253 0.109021
v -0.726717 0.045240 0.009207
v -0.736456 0.053879 0.108963
v -0.737388 0.047866 0.009148
v -0.745501 0.057370 0.108837
v -0.746432 0.051357 0.009022
v -0.753057 0.061630 0.108651
v -0.753988 0.055617 0.008836
v -0.759341 0.066637 0.108408
v -0.760272 0.060623 0.008593
v -0.764593 0.072494 0.108104
v -0.765524 0.066481 0.008289
v -0.768984 0.079414 0.107728
v -0.769915 0.073401 0.007913
v -0.772559 0.087641 0.107265
v -0.773490 0.081628 0.007451
v -0.775255 0.097364 0.106705
v -0.776186 0.091351 0.006890
v -0.776958 0.108684 0.106039
v -0.777889 0.102671 0.006224
v -0.777566 0.121889 0.105249
v -0.778497 0.115876 0.005434
v -0.776949 0.162795 0.102779
v -0.777880 0.156781 0.002964
v -0.785606 0.160998 0.102968
v -0.786538 0.154985 0.003153
v -0.778752 0.162275 0.102827
v -0.779683 0.156262 0.003012
v -0.771856 0.163418 0.102694
v -0.772788 0.157405 0.002879
v -0.764924 0.164431 0.102568
v -0.765855 0.158417 0.002753
v -0.757958 0.165314 0.102450
v -0.758889 0.159301 0.002635
v -0.750960 0.166071 0.102339
v -0.751891 0.160057 0.002524
v -0.743935 0.166704 0.102235
v -0.744866 0.160691 0.002421
v -0.736885 0.167216 0.102139
v -0.737816 0.161203 0.002324
v -0.729813 0.167610 0.102049
v -0.730744 0.161597 0.002234
v -0.722723 0.167888 0.101966
v -0.723654 0.161875 0.002152
v -0.715618 0.168052 0.101890
v -0.716549 0.162039 0.002075
v -0.708724 0.168105 0.101823
v -0.709655 0.162092 0.002008
v -0.878109 0.548171 0.080506
v -0.879040 0.542158 -0.019309
v -0.876155 0.548118 0.080491
v -0.877086 0.542105 -0.019324
v -0.896237 0.548744 0.080641
v -0.897168 0.542731 -0.019174
v -0.917581 0.549500 0.080794
v -0.918512 0.543487 -0.019020
v -0.939919 0.550396 0.080949
v -0.940850 0.544383 -0.018866
v -0.962983 0.551441 0.081101
v -0.963914 0.545428 -0.018714
v -0.986505 0.552643 0.081248
v -0.987436 0.546630 -0.018567
v -1.010215 0.554012 0.081387
v -1.011147 0.547999 -0.018428
v -1.033844 0.555556 0.081514
v -1.034775 0.549543 -0.018301
v -1.057120 0.557284 0.081627
v -1.058051 0.551271 -0.018188
v -1.079768 0.559204 0.081723
v -1.080699 0.553190 -0.018092
v -1.101512 0.561321 0.081798
v -1.102443 0.555308 -0.018017
v -1.143631 0.566077 0.081904
v -1.144563 0.560064 -0.017910
v -1.147887 0.458362 0.088433
v -1.148818 0.452348 -0.011381
v -1.108221 0.454600 0.088290
v -1.109152 0.448587 -0.011525
v -1.086118 0.452738 0.088196
v -1.087050 0.446725 -0.011619
v -1.063113 0.451005 0.088086
v -1.064045 0.444992 -0.011729
v -1.039463 0.449405 0.087961
v -1.040394 0.443392 -0.011853
v -1.015426 0.447945 0.087825
v -1.016357 0.441931 -0.011990
v -0.991264 0.446629 0.087679
v -0.992195 0.440616 -0.012136
v -0.967238 0.445464 0.087525
v -0.968169 0.439451 -0.012290
v -0.943610 0.444455 0.087365
v -0.944541 0.438442 -0.012449
v -0.920641 0.443610 0.087202
v -0.921572 0.437597 -0.012613
v -0.898592 0.442933 0.087037
v -0.899523 0.436920 -0.012778
v -0.877723 0.442432 0.086873
v -0.878654 0.436419 -0.012942
v -0.878049 0.442437 0.086875
v -0.878980 0.436424 -0.012939
v -0.878056 0.454049 0.086176
v -0.878987 0.448036 -0.013639
v -0.878137 0.439035 0.087081
v -0.879069 0.433021 -0.012734
v -0.878388 0.422976 0.088051
v -0.879320 0.416962 -0.011764
v -0.878794 0.405946 0.089081
v -0.879726 0.399933 -0.010734
v -0.879340 0.388085 0.090162
v -0.880272 0.382072 -0.009653
v -0.880011 0.369530 0.091286
v -0.880942 0.363517 -0.008529
v -0.880791 0.350416 0.092445
v -0.881722 0.344403 -0.007370
v -0.881665 0.330876 0.093630
v -0.882596 0.324863 -0.006185
v -0.882617 0.311044 0.094834
v -0.883548 0.305031 -0.004981
v -0.883632 0.291052 0.096047
v -0.884563 0.285039 -0.003767
v -0.884694 0.271033 0.097263
v -0.885625 0.265020 -0.002551
v -0.885787 0.251118 0.098473
v -0.886719 0.245105 -0.001341
v -0.886109 0.245411 0.098820
v -0.887040 0.239398 -0.000995
v -0.901570 0.240797 0.099242
v -0.902501 0.234784 -0.000572
v -0.930166 0.230824 0.100110
v -0.931097 0.224810 0.000295
v -0.957933 0.219770 0.101035
v -0.958865 0.213756 0.001220
v -0.984809 0.207763 0.102009
v -0.985740 0.201750 0.002194
v -1.010729 0.194931 0.103024
v -1.011660 0.188918 0.003209
v -1.035630 0.181399 0.104071
v -1.036561 0.175385 0.004257
v -1.059450 0.167291 0.105143
v -1.060382 0.161278 0.005329
v -1.082126 0.152732 0.106232
v -1.083058 0.146719 0.006417
v -1.103596 0.137843 0.107329
v -1.104527 0.131830 0.007515
v -1.123796 0.122745 0.108427
v -1.124728 0.116732 0.008613
v -1.142667 0.107555 0.109518
v -1.143598 0.101542 0.009704
v -1.172812 0.081403 0.111375
v -1.173744 0.075389 0.011560
v -1.107177 -0.022245 0.117007
v -1.108108 -0.028258 0.017192
v -1.074855 0.009336 0.114803
v -1.075786 0.003323 0.014988
v -1.059481 0.023300 0.113818
v -1.060412 0.017287 0.014004
v -1.043163 0.037091 0.112835
v -1.044094 0.031078 0.013020
v -1.025957 0.050624 0.111859
v -1.026889 0.044611 0.012045
v -1.007918 0.063814 0.110897
v -1.008850 0.057800 0.011082
v -0.989100 0.076576 0.109952
v -0.990031 0.070563 0.010137
v -0.969557 0.088829 0.109032
v -0.970488 0.082816 0.009217
v -0.949343 0.100490 0.108141
v -0.950275 0.094476 0.008326
v -0.928515 0.111478 0.107284
v -0.929446 0.105465 0.007470
v -0.907125 0.121713 0.106468
v -0.908056 0.115700 0.006653
v -0.885229 0.131116 0.105697
v -0.886160 0.125103 0.005883
v -0.890458 0.129129 0.105866
v -0.891389 0.123116 0.006051
v -0.891371 0.098008 0.107749
v -0.892302 0.091995 0.007935
v -0.890302 0.077898 0.108951
v -0.891233 0.071885 0.009136
v -0.886965 0.058016 0.110117
v -0.887896 0.052003 0.010303
v -0.881185 0.038776 0.111223
v -0.882116 0.032763 0.011408
v -0.872787 0.020447 0.112248
v -0.873718 0.014434 0.012434
v -0.861635 0.003350 0.113174
v -0.862567 -0.002663 0.013360
v -0.847667 -0.012168 0.113979
v -0.848598 -0.018182 0.014164
v -0.830897 -0.025779 0.114643
v -0.831828 -0.031792 0.014828
v -0.811389 -0.037217 0.115150
v -0.812321 -0.043230 0.015335
v -0.789209 -0.046300 0.115490
v -0.790140 -0.052313 0.015675
v -0.764379 -0.052905 0.115656
v -0.765311 -0.058918 0.015841
v -0.736869 -0.056937 0.115642
v -0.737801 -0.062950 0.015828
v -0.706750 -0.058295 0.115443
v -0.707682 -0.064308 0.015629
v -0.675070 -0.057421 0.115095
v -0.676001 -0.063434 0.015280
v -0.644962 -0.054737 0.114653
v -0.645893 -0.060751 0.014838
v -0.616399 -0.050113 0.114107
v -0.617330 -0.056126 0.014293
v -0.589551 -0.043398 0.113453
v -0.590482 -0.049411 0.013638
v -0.564603 -0.034415 0.112679
v -0.565534 -0.040428 0.012864
v -0.541777 -0.022953 0.111775
v -0.542708 -0.028966 0.011960
v -0.521373 -0.008794 0.110732
v -0.522304 -0.014808 0.010917
v -0.503797 0.008235 0.109542
v -0.504729 0.002221 0.009727
v -0.489543 0.028173 0.108208
v -0.490474 0.022160 0.008393
v -0.479081 0.050877 0.106742
v -0.480012 0.044864 0.006928
v -0.472729 0.076087 0.105164
v -0.473660 0.070073 0.005350
v -0.470619 0.103601 0.103487
v -0.471550 0.097587 0.003673
v -0.472351 0.126555 0.102121
v -0.473282 0.120541 0.002306
v -0.477594 0.148768 0.100831
v -0.478525 0.142755 0.001017
v -0.486423 0.169944 0.099638
v -0.487354 0.163930 -0.000177
v -0.498831 0.189720 0.098562
v -0.499762 0.183707 -0.001252
v -0.514738 0.207772 0.097623
v -0.515669 0.201759 -0.002192
v -0.534028 0.223846 0.096835
v -0.534959 0.217832 -0.002980
v -0.556592 0.237761 0.096207
v -0.557524 0.231748 -0.003608
v -0.582363 0.249392 0.095747
v -0.583295 0.243379 -0.004068
v -0.611317 0.258633 0.095460
v -0.612248 0.252620 -0.004355
v -0.643468 0.265381 0.095353
v -0.644399 0.259368 -0.004461
v -0.678858 0.269524 0.095434
v -0.679789 0.263510 -0.004381
v -0.717252 0.270923 0.095708
v -0.718184 0.264910 -0.004107
v -0.724298 0.270883 0.095776
v -0.725229 0.264869 -0.004039
v -0.731003 0.270766 0.095846
v -0.731934 0.264753 -0.003969
v -0.737679 0.270572 0.095920
v -0.738610 0.264559 -0.003895
v -0.744328 0.270301 0.095998
v -0.745259 0.264287 -0.003817
v -0.750953 0.269951 0.096081
v -0.751884 0.263938 -0.003734
v -0.757557 0.269524 0.096168
v -0.758488 0.263511 -0.003646
v -0.764142 0.269019 0.096260
v -0.765073 0.263006 -0.003555
v -0.770711 0.268436 0.096356
v -0.771643 0.262423 -0.003458
v -0.777267 0.267776 0.096457
v -0.778198 0.261763 -0.003357
v -0.783812 0.267038 0.096563
v -0.784743 0.261025 -0.003252
v -0.790349 0.266223 0.096673
v -0.791281 0.260210 -0.003142
v -0.772906 0.268607 0.096367
v -0.773837 0.262594 -0.003448
v -0.773178 0.262983 0.096708
v -0.774109 0.256970 -0.003107
v -0.772302 0.281663 0.095574
v -0.773233 0.275650 -0.004240
v -0.771450 0.300486 0.094433
v -0.772381 0.294473 -0.005382
v -0.770636 0.319316 0.093291
v -0.771567 0.313303 -0.006524
v -0.769871 0.338017 0.092157
v -0.770803 0.332004 -0.007658
v -0.769169 0.356452 0.091040
v -0.770100 0.350439 -0.008775
v -0.768541 0.374487 0.089947
v -0.769472 0.368474 -0.009867
v -0.768001 0.391987 0.088888
v -0.768932 0.385974 -0.010927
v -0.767559 0.408818 0.087870
v -0.768491 0.402805 -0.011945
v -0.767230 0.424849 0.086901
v -0.768162 0.418836 -0.012914
v -0.767026 0.439951 0.085989
v -0.767957 0.433937 -0.013825
v -0.766961 0.453936 0.085146
v -0.767892 0.447923 -0.014668
v -0.766968 0.467635 0.084321
v -0.767899 0.461622 -0.015494
v -0.766972 0.481946 0.083459
v -0.767903 0.475933 -0.016356
v -0.766970 0.496727 0.082569
v -0.767902 0.490713 -0.017246
v -0.766960 0.511784 0.081661
v -0.767891 0.505771 -0.018153
v -0.766936 0.526924 0.080749
v -0.767868 0.520911 -0.019066
v -0.766898 0.541953 0.079843
v -0.767829 0.535940 -0.019971
v -0.766840 0.556677 0.078956
v -0.767771 0.550664 -0.020859
v -0.766760 0.570899 0.078098
v -0.767691 0.564886 -0.021717
v -0.766655 0.584424 0.077282
v -0.767586 0.578411 -0.022532
v -0.766522 0.597054 0.076520
v -0.767453 0.591041 -0.023294
v -0.766357 0.608588 0.075824
v -0.767288 0.602574 -0.023991
v -0.766155 0.619023 0.075193
v -0.767086 0.613010 -0.024621
v -0.766104 0.627263 0.074696
v -0.767035 0.621250 -0.025118
v -0.765948 0.635475 0.074200
v -0.766879 0.629461 -0.025614
v -0.765689 0.643806 0.073696
v -0.766620 0.637793 -0.026119
v -0.765330 0.652135 0.073191
v -0.766261 0.646122 -0.026624
v -0.764874 0.660340 0.072692
v -0.765805 0.654327 -0.027122
v -0.764327 0.668297 0.072208
v -0.765258 0.662284 -0.027607
v -0.763692 0.675879 0.071745
v -0.764623 0.669866 -0.028070
v -0.762979 0.682953 0.071312
v -0.763910 0.676940 -0.028502
v -0.762196 0.689375 0.070918
v -0.763127 0.683362 -0.028897
v -0.761363 0.694978 0.070573
v -0.762294 0.688965 -0.029242
v -0.760516 0.699550 0.070290
v -0.761447 0.693537 -0.029525
v -0.753658 0.728192 0.068500
v -0.754589 0.722179 -0.031315
v -0.887264 0.728192 0.069746
v -0.888196 0.722179 -0.030068
v -0.883679 0.700659 0.071372
v -0.884611 0.694646 -0.028443
v -0.883044 0.694916 0.071712
v -0.883975 0.688902 -0.028103
v -0.882408 0.688352 0.072101
v -0.883339 0.682338 -0.027713
v -0.881783 0.681144 0.072530
v -0.882714 0.675131 -0.027285
v -0.881179 0.673454 0.072987
v -0.882110 0.667441 -0.026827
v -0.880603 0.665434 0.073465
v -0.881534 0.659421 -0.026350
v -0.880063 0.657232 0.073954
v -0.880994 0.651219 -0.025861
v -0.879566 0.648996 0.074446
v -0.880497 0.642983 -0.025369
v -0.879118 0.640871 0.074931
v -0.880049 0.634857 -0.024884
v -0.878726 0.633002 0.075401
v -0.879658 0.626989 -0.024413
v -0.878397 0.625538 0.075848
v -0.879329 0.619525 -0.023967
v -0.878148 0.618920 0.076244
v -0.879079 0.612907 -0.023570
v -1.746642 0.410989 0.096873
v -1.747574 0.404976 -0.002942
v -1.722473 0.409371 0.096745
v -1.723404 0.403358 -0.003070
v -1.699035 0.406850 0.096678
v -1.699967 0.400836 -0.003137
v -1.676394 0.403569 0.096664
v -1.677325 0.397556 -0.003150
v -1.654612 0.399674 0.096696
v -1.655543 0.393661 -0.003119
v -1.633754 0.395311 0.096764
v -1.634685 0.389297 -0.003050
v -1.613884 0.390624 0.096861
v -1.614815 0.384611 -0.002953
v -1.595061 0.385760 0.096979
v -1.595992 0.379747 -0.002836
v -1.577344 0.380864 0.097108
v -1.578275 0.374851 -0.002706
v -1.560782 0.376080 0.097242
v -1.561714 0.370067 -0.002573
v -1.545419 0.371551 0.097372
v -1.546351 0.365538 -0.002443
v -1.531699 0.367540 0.097485
v -1.532630 0.361526 -0.002329
v -1.525131 0.365396 0.097553
v -1.526062 0.359383 -0.002262
v -1.518422 0.363150 0.097626
v -1.519354 0.357137 -0.002189
v -1.511803 0.360878 0.097701
v -1.512734 0.354865 -0.002114
v -1.505283 0.358587 0.097778
v -1.506214 0.352574 -0.002037
v -1.498871 0.356283 0.097857
v -1.499802 0.350270 -0.001958
v -1.492577 0.353973 0.097938
v -1.493509 0.347960 -0.001877
v -1.486413 0.351663 0.098019
v -1.487344 0.345650 -0.001795
v -1.480386 0.349359 0.098102
v -1.481317 0.343346 -0.001713
v -1.474507 0.347067 0.098185
v -1.475438 0.341054 -0.001630
v -1.468787 0.344795 0.098269
v -1.469718 0.338782 -0.001546
v -1.463234 0.342548 0.098352
v -1.464165 0.336535 -0.001463
v -1.436968 0.331725 0.098759
v -1.437899 0.325712 -0.001056
v -1.401048 0.460238 0.090682
v -1.401980 0.454224 -0.009133
v -1.431428 0.462715 0.090816
v -1.432359 0.456702 -0.008999
v -1.437676 0.463342 0.090837
v -1.438607 0.457329 -0.008978
v -1.444122 0.464099 0.090851
v -1.445053 0.458086 -0.008964
v -1.450728 0.464976 0.090860
v -1.451660 0.458963 -0.008955
v -1.457459 0.465965 0.090863
v -1.458390 0.459952 -0.008952
v -1.464277 0.467057 0.090861
v -1.465208 0.461043 -0.008954
v -1.471148 0.468241 0.090854
v -1.472079 0.462228 -0.008961
v -1.478037 0.469510 0.090842
v -1.478968 0.463496 -0.008973
v -1.484911 0.470852 0.090825
v -1.485842 0.464839 -0.008990
v -1.491734 0.472259 0.090804
v -1.492665 0.466246 -0.009011
v -1.498474 0.473721 0.090779
v -1.499405 0.467708 -0.009036
v -1.505138 0.475237 0.090749
v -1.506069 0.469224 -0.009065
v -1.521587 0.479081 0.090671
v -1.522518 0.473068 -0.009143
v -1.539623 0.483390 0.090580
v -1.540554 0.477377 -0.009235
v -1.559154 0.488025 0.090483
v -1.560085 0.482012 -0.009332
v -1.580027 0.492832 0.090388
v -1.580958 0.486819 -0.009427
v -1.602096 0.497655 0.090303
v -1.603027 0.491642 -0.009511
v -1.625223 0.502340 0.090237
v -1.626154 0.496327 -0.009578
v -1.649272 0.506733 0.090196
v -1.650203 0.500720 -0.009618
v -1.674110 0.510680 0.090190
v -1.675042 0.504667 -0.009624
v -1.699607 0.514026 0.090227
v -1.700539 0.508013 -0.009588
v -1.725635 0.516613 0.090314
v -1.726566 0.510600 -0.009501
v -1.752065 0.518283 0.090460
v -1.752996 0.512270 -0.009355
v -1.779002 0.518882 0.090675
v -1.779933 0.512869 -0.009140
v -1.811929 0.517332 0.091075
v -1.812860 0.511319 -0.008739
v -1.843649 0.512647 0.091654
v -1.844580 0.506634 -0.008161
v -1.873701 0.504837 0.092404
v -1.874633 0.498824 -0.007410
v -1.901839 0.493894 0.093326
v -1.902770 0.487880 -0.006489
v -1.927788 0.479810 0.094417
v -1.928720 0.473797 -0.005398
v -1.951244 0.462598 0.095672
v -1.952176 0.456585 -0.004142
v -1.971875 0.442305 0.097087
v -1.972806 0.436292 -0.002727
v -1.989338 0.419029 0.098653
v -1.990269 0.413016 -0.001162
v -2.003313 0.392923 0.100356
v -2.004244 0.386910 0.000541
v -2.013526 0.364176 0.102183
v -2.014457 0.358163 0.002368
v -2.019763 0.332978 0.104120
v -2.020694 0.326965 0.004306
v -2.021867 0.299337 0.106167
v -2.022798 0.293324 0.006352
v -2.018023 0.249386 0.109140
v -2.018955 0.243373 0.009325
v -2.006743 0.202778 0.111843
v -2.007674 0.196765 0.012028
v -1.988459 0.159811 0.114261
v -1.989390 0.153797 0.014446
v -1.963697 0.120643 0.116389
v -1.964628 0.114630 0.016574
v -1.933040 0.085346 0.118230
v -1.933971 0.079333 0.018415
v -1.897063 0.053894 0.119789
v -1.897994 0.047880 0.019974
v -1.856292 0.026194 0.121077
v -1.857224 0.020181 0.021262
v -1.811203 0.002132 0.122106
v -1.812135 -0.003881 0.022291
v -1.762230 -0.018409 0.122887
v -1.763161 -0.024422 0.023072
v -1.709780 -0.035532 0.123429
v -1.710711 -0.041545 0.023614
v -1.654250 -0.049325 0.123742
v -1.655181 -0.055338 0.023927
v -1.582914 -0.062237 0.123854
v -1.583845 -0.068250 0.024040
v -1.520254 0.043502 0.116900
v -1.521185 0.037489 0.017085
v -1.602337 0.055800 0.116924
v -1.603268 0.049787 0.017110
v -1.651398 0.066054 0.116764
v -1.652329 0.060040 0.016950
v -1.696979 0.078754 0.116425
v -1.697910 0.072741 0.016610
v -1.738747 0.093901 0.115902
v -1.739678 0.087888 0.016087
v -1.776379 0.111475 0.115194
v -1.777310 0.105462 0.015379
v -1.809575 0.131434 0.114301
v -1.810506 0.125421 0.014487
v -1.838081 0.153725 0.113224
v -1.839013 0.147712 0.013410
v -1.861716 0.178311 0.111964
v -1.862647 0.172298 0.012149
v -1.880370 0.205228 0.110516
v -1.881301 0.199215 0.010701
v -1.893965 0.234642 0.108871
v -1.894897 0.228629 0.009056
v -1.902358 0.266850 0.107009
v -1.903289 0.260837 0.007194
v -1.905270 0.302296 0.104901
v -1.906201 0.296283 0.005086
v -1.904220 0.317792 0.103957
v -1.905151 0.311779 0.004143
v -1.901122 0.332370 0.103050
v -1.902053 0.326356 0.003236
v -1.896105 0.345880 0.102190
v -1.897037 0.339867 0.002375
v -1.889248 0.358326 0.101376
v -1.890179 0.352313 0.001561
v -1.880593 0.369692 0.100610
v -1.881524 0.363679 0.000796
v -1.870157 0.379934 0.099896
v -1.871088 0.373921 0.000081
v -1.857950 0.388970 0.099238
v -1.858882 0.382957 -0.000577
v -1.843989 0.396690 0.098642
v -1.844920 0.390677 -0.001172
v -1.828303 0.402957 0.098118
v -1.829234 0.396944 -0.001696
v -1.810944 0.407624 0.097675
v -1.811875 0.401611 -0.002139
v -1.791976 0.410537 0.097323
v -1.792907 0.404523 -0.002492
v -1.771232 0.411555 0.097068
v -1.772163 0.405542 -0.002747
v -1.936115 0.574769 0.088774
v -1.937046 0.568756 -0.011041
v -1.891149 0.577829 0.088170
v -1.892080 0.571816 -0.011645
v -1.861557 0.580096 0.087757
v -1.862488 0.574082 -0.012057
v -1.829697 0.582767 0.087299
v -1.830629 0.576754 -0.012516
v -1.796123 0.585804 0.086803
v -1.797054 0.579791 -0.013012
v -1.761388 0.589166 0.086276
v -1.762319 0.583153 -0.013538
v -1.726049 0.592813 0.085727
v -1.726980 0.586800 -0.014088
v -1.690662 0.596705 0.085162
v -1.691593 0.590692 -0.014652
v -1.655782 0.600803 0.084590
v -1.656713 0.594790 -0.015225
v -1.621963 0.605069 0.084018
v -1.622895 0.599055 -0.015797
v -1.589754 0.609463 0.083452
v -1.590685 0.603450 -0.016362
v -1.559695 0.613950 0.082902
v -1.560626 0.607937 -0.016913
v -1.512721 0.621754 0.081993
v -1.513653 0.615741 -0.017821
v -1.531361 0.730178 0.075635
v -1.532292 0.724165 -0.024179
v -1.577986 0.720525 0.076652
v -1.578917 0.714512 -0.023163
v -1.607419 0.715332 0.077239
v -1.608350 0.709319 -0.022575
v -1.639571 0.710383 0.077837
v -1.640502 0.704370 -0.021977
v -1.673690 0.705735 0.078436
v -1.674621 0.699722 -0.021379
v -1.709042 0.701440 0.079024
v -1.709973 0.695426 -0.020790
v -1.744902 0.697543 0.079594
v -1.745834 0.691530 -0.020221
v -1.780550 0.694091 0.080134
v -1.781482 0.688078 -0.019681
v -1.815266 0.691130 0.080636
v -1.816197 0.685117 -0.019178
v -1.848327 0.688704 0.081091
v -1.849259 0.682691 -0.018724
v -1.879006 0.686857 0.081488
v -1.879938 0.680844 -0.018326
v -1.906560 0.685633 0.081819
v -1.907491 0.679619 -0.017996
v -1.953311 0.684524 0.082322
v -1.954242 0.678511 -0.017493
v -2.744971 0.429587 0.105066
v -2.745903 0.423574 0.005251
v -2.730401 0.458886 0.103165
v -2.731332 0.452873 0.003350
v -2.724185 0.471070 0.102373
v -2.725116 0.465057 0.002558
v -2.717703 0.483460 0.101566
v -2.718634 0.477446 0.001751
v -2.710992 0.495966 0.100750
v -2.711923 0.489952 0.000935
v -2.704088 0.508501 0.099930
v -2.705019 0.502488 0.000115
v -2.697027 0.520980 0.099113
v -2.697959 0.514967 -0.000702
v -2.689847 0.533312 0.098303
v -2.690779 0.527299 -0.001512
v -2.682585 0.545411 0.097506
v -2.683517 0.539398 -0.002309
v -2.675280 0.557188 0.096728
v -2.676211 0.551175 -0.003086
v -2.667970 0.568552 0.095976
v -2.668902 0.562539 -0.003839
v -2.660699 0.579412 0.095253
v -2.661630 0.573399 -0.004561
v -2.639181 0.610128 0.093202
v -2.640112 0.604115 -0.006612
v -2.728377 0.647609 0.091776
v -2.729308 0.641596 -0.008038
v -2.743663 0.625271 0.093265
v -2.744594 0.619257 -0.006550
v -2.750475 0.615056 0.093944
v -2.751407 0.609042 -0.005871
v -2.757812 0.603818 0.094689
v -2.758743 0.597805 -0.005126
v -2.765541 0.591750 0.095488
v -2.766473 0.585737 -0.004327
v -2.773530 0.579049 0.096328
v -2.774461 0.573036 -0.003487
v -2.781640 0.565913 0.097195
v -2.782572 0.559900 -0.002620
v -2.789737 0.552542 0.098076
v -2.790668 0.546529 -0.001739
v -2.797684 0.539133 0.098958
v -2.798615 0.533119 -0.000857
v -2.805346 0.525881 0.099828
v -2.806277 0.519868 0.000013
v -2.812587 0.512980 0.100672
v -2.813518 0.506967 0.000858
v -2.819277 0.500613 0.101480
v -2.820209 0.494600 0.001665
v -2.834756 0.470593 0.103433
v -2.835688 0.464579 0.003618
v -2.865048 0.476926 0.103334
v -2.865979 0.470913 0.003519
v -2.850195 0.506060 0.101440
v -2.851127 0.500047 0.001625
v -2.843916 0.517950 0.100665
v -2.844847 0.511937 0.000851
v -2.837311 0.530049 0.099875
v -2.838242 0.524036 0.000060
v -2.830426 0.542265 0.099075
v -2.831357 0.536252 -0.000740
v -2.823309 0.554505 0.098271
v -2.824240 0.548492 -0.001544
v -2.816005 0.566679 0.097469
v -2.816936 0.560666 -0.002345
v -2.808560 0.578693 0.096676
v -2.809492 0.572680 -0.003139
v -2.801024 0.590457 0.095897
v -2.801956 0.584444 -0.003918
v -2.793445 0.601876 0.095138
v -2.794376 0.595863 -0.004676
v -2.785872 0.612858 0.094406
v -2.786803 0.606845 -0.005408
v -2.778356 0.623307 0.093707
v -2.779287 0.617294 -0.006108
v -2.755931 0.653053 0.091705
v -2.756862 0.647040 -0.008109
v -2.843477 0.693617 0.090078
v -2.844408 0.687604 -0.009736
v -2.859760 0.671943 0.091536
v -2.860691 0.665930 -0.008279
v -2.867061 0.661789 0.092216
v -2.867992 0.655775 -0.007599
v -2.874818 0.650628 0.092961
v -2.875749 0.644615 -0.006854
v -2.882912 0.638651 0.093758
v -2.883843 0.632638 -0.006057
v -2.891215 0.626057 0.094594
v -2.892146 0.620044 -0.005221
v -2.899594 0.613051 0.095456
v -2.900525 0.607038 -0.004359
v -2.907914 0.599837 0.096329
v -2.908845 0.593824 -0.003486
v -2.916041 0.586623 0.097201
v -2.916972 0.580610 -0.002614
v -2.923840 0.573613 0.098058
v -2.924772 0.567600 -0.001757
v -2.931179 0.561007 0.098885
v -2.932110 0.554994 -0.000929
v -2.937926 0.549000 0.099672
v -2.938857 0.542987 -0.000143
v -2.953696 0.519634 0.101588
v -2.954627 0.513621 0.001773
v -2.482675 0.577736 0.093694
v -2.483606 0.571722 -0.006121
v -2.481577 0.546359 0.095574
v -2.482508 0.540345 -0.004241
v -2.480402 0.511636 0.097655
v -2.481333 0.505623 -0.002160
v -2.479188 0.474232 0.099897
v -2.480119 0.468219 0.000082
v -2.477973 0.434813 0.102260
v -2.478904 0.428800 0.002445
v -2.476795 0.394043 0.104705
v -2.477726 0.388029 0.004890
v -2.475692 0.352588 0.107192
v -2.476623 0.346575 0.007378
v -2.474701 0.311116 0.109681
v -2.475632 0.305102 0.009867
v -2.473861 0.270293 0.112133
v -2.474792 0.264280 0.012318
v -2.473209 0.230789 0.114507
v -2.474140 0.224776 0.014692
v -2.472783 0.193277 0.116763
v -2.473715 0.187264 0.016948
v -2.472623 0.158925 0.118831
v -2.473554 0.152912 0.019016
v -2.473784 0.137335 0.120142
v -2.474715 0.131321 0.020327
v -2.477035 0.119087 0.121272
v -2.477967 0.113074 0.021457
v -2.482141 0.103534 0.122256
v -2.483072 0.097521 0.022442
v -2.488882 0.090395 0.123111
v -2.489813 0.084381 0.023296
v -2.497142 0.079326 0.123855
v -2.498073 0.073313 0.024040
v -2.506934 0.070003 0.124508
v -2.507866 0.063990 0.024693
v -2.518351 0.062204 0.125084
v -2.519282 0.056191 0.025269
v -2.531473 0.055831 0.125590
v -2.532404 0.049818 0.025776
v -2.546313 0.050871 0.126028
v -2.547244 0.044858 0.026213
v -2.562800 0.047339 0.126394
v -2.563731 0.041326 0.026579
v -2.580809 0.045236 0.126689
v -2.581740 0.039223 0.026874
v -2.600036 0.044548 0.126910
v -2.600968 0.038535 0.027095
v -2.637937 0.046337 0.127155
v -2.638868 0.040324 0.027341
v -2.672854 0.051458 0.127173
v -2.673786 0.045445 0.027358
v -2.705105 0.059591 0.126984
v -2.706037 0.053578 0.027169
v -2.734903 0.070432 0.126608
v -2.735834 0.064419 0.026794
v -2.762452 0.083698 0.126066
v -2.763383 0.077685 0.026252
v -2.787941 0.099122 0.125375
v -2.788872 0.093109 0.025560
v -2.811539 0.116440 0.124552
v -2.812470 0.110427 0.024737
v -2.833392 0.135387 0.123614
v -2.834323 0.129374 0.023799
v -2.853634 0.155687 0.122580
v -2.854565 0.149674 0.022765
v -2.872390 0.177056 0.121468
v -2.873322 0.171043 0.021653
v -2.889783 0.199199 0.120296
v -2.890714 0.193185 0.020481
v -2.921163 0.243138 0.117942
v -2.922094 0.237125 0.018127
v -2.999290 0.150036 0.124279
v -3.000221 0.144023 0.024465
v -2.972618 0.115115 0.126134
v -2.973549 0.109102 0.026320
v -2.952917 0.091805 0.127355
v -2.953848 0.085792 0.027540
v -2.930644 0.068258 0.128565
v -2.931575 0.062245 0.028751
v -2.905689 0.044980 0.129735
v -2.906621 0.038967 0.029920
v -2.877944 0.022484 0.130831
v -2.878875 0.016471 0.031017
v -2.847305 0.001289 0.131822
v -2.848236 -0.004724 0.032008
v -2.813676 -0.018079 0.132676
v -2.814607 -0.024093 0.032861
v -2.776974 -0.035091 0.133358
v -2.777905 -0.041104 0.033543
v -2.737132 -0.049215 0.133837
v -2.738063 -0.055228 0.034023
v -2.694096 -0.059928 0.134081
v -2.695028 -0.065941 0.034266
v -2.647827 -0.066716 0.134058
v -2.648758 -0.072730 0.034244
v -2.598402 -0.069080 0.133740
v -2.599334 -0.075093 0.033925
v -2.565197 -0.067874 0.133357
v -2.566128 -0.073888 0.033543
v -2.533705 -0.064139 0.132839
v -2.534637 -0.070152 0.033024
v -2.503935 -0.057651 0.132170
v -2.504866 -0.063665 0.032355
v -2.476073 -0.048174 0.131339
v -2.477005 -0.054187 0.031524
v -2.450368 -0.035458 0.130333
v -2.451299 -0.041471 0.030519
v -2.427149 -0.019291 0.129143
v -2.428080 -0.025304 0.029328
v -2.406811 0.000455 0.127763
v -2.407743 -0.005559 0.027949
v -2.389754 0.023776 0.126199
v -2.390685 0.017763 0.026385
v -2.376284 0.050579 0.124459
v -2.377215 0.044566 0.024644
v -2.366584 0.080758 0.122550
v -2.367515 0.074745 0.022736
v -2.360738 0.114280 0.120476
v -2.361669 0.108267 0.020662
v -2.358818 0.150764 0.118261
v -2.359749 0.144751 0.018446
v -2.359037 0.186524 0.116108
v -2.359968 0.180511 0.016294
v -2.359599 0.224928 0.113800
v -2.360530 0.218915 0.013985
v -2.360437 0.265659 0.111354
v -2.361369 0.259646 0.011539
v -2.361483 0.307930 0.108817
v -2.362414 0.301917 0.009002
v -2.362665 0.350950 0.106237
v -2.363596 0.344937 0.006422
v -2.363916 0.393923 0.103659
v -2.364847 0.387910 0.003845
v -2.365165 0.436051 0.101133
v -2.366097 0.430038 0.001318
v -2.366345 0.476534 0.098705
v -2.367276 0.470521 -0.001109
v -2.367384 0.514567 0.096424
v -2.368316 0.508554 -0.003391
v -2.368215 0.549340 0.094337
v -2.369147 0.543327 -0.005478
v -2.368768 0.580030 0.092493
v -2.369699 0.574017 -0.007322
v -2.368976 0.605821 0.090941
v -2.369907 0.599808 -0.008874
v -2.368926 0.613830 0.090458
v -2.369858 0.607817 -0.009357
v -2.368768 0.621786 0.089977
v -2.369699 0.615773 -0.009837
v -2.368500 0.629662 0.089500
v -2.369431 0.623649 -0.010314
v -2.368125 0.637436 0.089029
v -2.369057 0.631422 -0.010786
v -2.367643 0.645087 0.088563
v -2.368574 0.639074 -0.011252
v -2.367053 0.652594 0.088105
v -2.367984 0.646581 -0.011709
v -2.366357 0.659937 0.087656
v -2.367288 0.653924 -0.012158
v -2.365556 0.667093 0.087218
v -2.366487 0.661080 -0.012597
v -2.364652 0.674040 0.086791
v -2.365583 0.668027 -0.013024
v -2.363646 0.680755 0.086377
v -2.364578 0.674742 -0.013438
v -2.362541 0.687215 0.085978
v -2.363472 0.681202 -0.013837
v -2.356628 0.717653 0.084089
v -2.357560 0.711640 -0.015726
v -2.494927 0.716286 0.085461
v -2.495858 0.710273 -0.014353
v -2.490535 0.686331 0.087225
v -2.491467 0.680318 -0.012590
v -2.489548 0.679035 0.087655
v -2.490479 0.673022 -0.012160
v -2.488632 0.671684 0.088089
v -2.489563 0.665670 -0.011725
v -2.487788 0.664289 0.088527
v -2.488719 0.658276 -0.011288
v -2.487017 0.656866 0.088967
v -2.487948 0.650853 -0.010848
v -2.486318 0.649427 0.089409
v -2.487250 0.643414 -0.010406
v -2.485693 0.641985 0.089851
v -2.486624 0.635972 -0.009963
v -2.485140 0.634555 0.090294
v -2.486072 0.628541 -0.009521
v -2.484661 0.627148 0.090735
v -2.485592 0.621135 -0.009079
v -2.484255 0.619780 0.091176
v -2.485186 0.613767 -0.008639
v -2.483922 0.612463 0.091613
v -2.484853 0.606449 -0.008201
v -2.483659 0.605111 0.092054
v -2.484590 0.599097 -0.007761
v -3.497417 0.598358 0.101918
v -3.498348 0.592345 0.002103
v -3.516175 0.584769 0.102911
v -3.517106 0.578755 0.003097
v -3.523838 0.578952 0.103333
v -3.524769 0.572939 0.003518
v -3.532089 0.572462 0.103801
v -3.533020 0.566449 0.003986
v -3.540799 0.565407 0.104307
v -3.541731 0.559394 0.004493
v -3.549827 0.557902 0.104844
v -3.550759 0.551889 0.005029
v -3.559026 0.550066 0.105402
v -3.559958 0.544052 0.005587
v -3.568247 0.542017 0.105973
v -3.569178 0.536004 0.006158
v -3.577338 0.533875 0.106548
v -3.578270 0.527862 0.006733
v -3.586152 0.525758 0.107119
v -3.587084 0.519745 0.007304
v -3.594543 0.517778 0.107678
v -3.595474 0.511765 0.007863
v -3.602371 0.510039 0.108217
v -3.603302 0.504025 0.008403
v -3.624631 0.486922 0.109818
v -3.625562 0.480909 0.010003
v -3.543351 0.423516 0.112879
v -3.544282 0.417503 0.013065
v -3.524210 0.443589 0.111491
v -3.525141 0.437575 0.011677
v -3.517251 0.450644 0.111002
v -3.518183 0.444631 0.011187
v -3.509908 0.457859 0.110498
v -3.510840 0.451846 0.010684
v -3.502243 0.465169 0.109986
v -3.503175 0.459155 0.010172
v -3.494317 0.472508 0.109470
v -3.495248 0.466495 0.009656
v -3.486189 0.479813 0.108954
v -3.487121 0.473800 0.009140
v -3.477922 0.487022 0.108443
v -3.478854 0.481009 0.008628
v -3.469578 0.494072 0.107941
v -3.470509 0.488058 0.008126
v -3.461217 0.500898 0.107451
v -3.462148 0.494884 0.007637
v -3.452905 0.507437 0.106980
v -3.453836 0.501424 0.007165
v -3.444706 0.513626 0.106530
v -3.445637 0.507613 0.006716
v -3.414637 0.535283 0.104945
v -3.415568 0.529270 0.005131
v -3.241889 0.333128 0.115512
v -3.242820 0.327115 0.015698
v -3.248468 0.335775 0.115414
v -3.249399 0.329762 0.015599
v -3.255295 0.338563 0.115310
v -3.256226 0.332550 0.015495
v -3.262354 0.341485 0.115200
v -3.263286 0.335471 0.015385
v -3.269635 0.344534 0.115084
v -3.270566 0.338521 0.015269
v -3.277122 0.347704 0.114963
v -3.278053 0.341691 0.015148
v -3.284801 0.350989 0.114837
v -3.285732 0.344975 0.015022
v -3.292660 0.354381 0.114706
v -3.293591 0.348368 0.014891
v -3.300686 0.357875 0.114570
v -3.301618 0.351861 0.014755
v -3.308866 0.361463 0.114430
v -3.309797 0.355450 0.014615
v -3.317186 0.365140 0.114286
v -3.318118 0.359127 0.014471
v -3.306727 0.360486 0.114469
v -3.307658 0.354473 0.014654
v -3.312045 0.349620 0.115173
v -3.312976 0.343607 0.015359
v -3.308342 0.357080 0.114689
v -3.309273 0.351067 0.014875
v -3.304697 0.364321 0.114219
v -3.305628 0.358308 0.014404
v -3.301119 0.371325 0.113764
v -3.302050 0.365312 0.013949
v -3.297619 0.378075 0.113324
v -3.298550 0.372062 0.013510
v -3.294207 0.384555 0.112902
v -3.295138 0.378541 0.013088
v -3.290892 0.390747 0.112498
v -3.291824 0.384734 0.012684
v -3.287687 0.396634 0.112114
v -3.288619 0.390621 0.012299
v -3.284602 0.402199 0.111750
v -3.285533 0.396185 0.011935
v -3.281648 0.407421 0.111407
v -3.282579 0.401408 0.011593
v -3.278837 0.412283 0.111088
v -3.279768 0.406270 0.011274
v -3.276252 0.416645 0.110801
v -3.277184 0.410632 0.010987
v -3.274057 0.420139 0.110571
v -3.274989 0.414126 0.010756
v -3.271557 0.424079 0.110310
v -3.272489 0.418066 0.010495
v -3.268895 0.428216 0.110036
v -3.269826 0.422202 0.010221
v -3.266092 0.432493 0.109752
v -3.267024 0.426480 0.009937
v -3.263174 0.436854 0.109462
v -3.264105 0.430841 0.009647
v -3.260164 0.441240 0.109170
v -3.261095 0.435227 0.009355
v -3.257090 0.445591 0.108879
v -3.258021 0.439578 0.009064
v -3.253979 0.449845 0.108594
v -3.254910 0.443832 0.008779
v -3.250865 0.453938 0.108318
v -3.251796 0.447924 0.008503
v -3.247781 0.457803 0.108056
v -3.248712 0.451790 0.008242
v -3.244770 0.461371 0.107813
v -3.245702 0.455358 0.007999
v -3.222182 0.486392 0.106095
v -3.223113 0.480379 0.006281
v -3.338980 0.531562 0.104464
v -3.339911 0.525548 0.004649
v -3.348296 0.510772 0.105803
v -3.349227 0.504758 0.005988
v -3.349892 0.507355 0.106024
v -3.350824 0.501341 0.006209
v -3.351581 0.503863 0.106250
v -3.352512 0.497850 0.006435
v -3.353341 0.500326 0.106479
v -3.354272 0.494313 0.006665
v -3.355151 0.496771 0.106710
v -3.356083 0.490757 0.006896
v -3.356994 0.493222 0.106941
v -3.357925 0.487208 0.007127
v -3.358849 0.489703 0.107171
v -3.359780 0.483690 0.007356
v -3.360698 0.486238 0.107397
v -3.361629 0.480225 0.007582
v -3.362521 0.482848 0.107618
v -3.363453 0.476835 0.007803
v -3.364303 0.479554 0.107833
v -3.365234 0.473541 0.008018
v -3.366025 0.476376 0.108041
v -3.366956 0.470363 0.008226
v -3.367766 0.473153 0.108251
v -3.368698 0.467140 0.008436
v -3.403465 0.403261 0.112795
v -3.404396 0.397248 0.012980
v -3.409748 0.405918 0.112693
v -3.410679 0.399904 0.012878
v -3.433552 0.415760 0.112322
v -3.434483 0.409747 0.012507
v -3.457539 0.425375 0.111967
v -3.458471 0.419361 0.012152
v -3.481572 0.434617 0.111634
v -3.482503 0.428604 0.011819
v -3.505516 0.443344 0.111332
v -3.506447 0.437330 0.011517
v -3.529241 0.451411 0.111067
v -3.530172 0.445398 0.011252
v -3.552622 0.458674 0.110848
v -3.553553 0.452661 0.011033
v -3.575541 0.464987 0.110681
v -3.576472 0.458974 0.010866
v -3.597887 0.470199 0.110576
v -3.598819 0.464186 0.010761
v -3.619566 0.474152 0.110540
v -3.620497 0.468139 0.010725
v -3.640495 0.476675 0.110583
v -3.641427 0.470662 0.010768
v -3.660605 0.477569 0.110717
v -3.661537 0.471556 0.010902
v -3.690996 0.476044 0.111092
v -3.691927 0.470031 0.011277
v -3.718944 0.471565 0.111623
v -3.719875 0.465552 0.011808
v -3.744401 0.464293 0.112298
v -3.745332 0.458280 0.012484
v -3.767326 0.454402 0.113108
v -3.768257 0.448389 0.013293
v -3.787649 0.442094 0.114039
v -3.788580 0.436081 0.014224
v -3.805289 0.427612 0.115076
v -3.806221 0.421599 0.015261
v -3.820177 0.411241 0.116201
v -3.821108 0.405228 0.016387
v -3.832273 0.393297 0.117395
v -3.833204 0.387283 0.017580
v -3.841581 0.374104 0.118638
v -3.842513 0.368090 0.018823
v -3.848141 0.353976 0.119912
v -3.849072 0.347963 0.020097
v -3.852016 0.333206 0.121199
v -3.852947 0.327193 0.021385
v -3.853278 0.312131 0.122481
v -3.854209 0.306117 0.022666
v -3.851978 0.287381 0.123960
v -3.852909 0.281368 0.024145
v -3.848028 0.263857 0.125340
v -3.848959 0.257844 0.025525
v -3.841287 0.241606 0.126618
v -3.842219 0.235593 0.026803
v -3.831635 0.220851 0.127778
v -3.832566 0.214838 0.027963
v -3.819000 0.201869 0.128804
v -3.819932 0.195856 0.028989
v -3.803398 0.184957 0.129677
v -3.804330 0.178944 0.029862
v -3.784924 0.170380 0.130383
v -3.785855 0.164366 0.030568
v -3.763714 0.158320 0.130911
v -3.764645 0.152307 0.031097
v -3.739890 0.148881 0.131258
v -3.740821 0.142867 0.031443
v -3.713525 0.142105 0.131420
v -3.714456 0.136091 0.031605
v -3.684632 0.138017 0.131397
v -3.685563 0.132003 0.031582
v -3.653361 0.136654 0.131187
v -3.654292 0.130641 0.031372
v -3.642062 0.136916 0.131066
v -3.642993 0.130902 0.031251
v -3.630944 0.137648 0.130918
v -3.631875 0.131635 0.031103
v -3.619882 0.138802 0.130745
v -3.620814 0.132789 0.030931
v -3.608944 0.140328 0.130551
v -3.609875 0.134314 0.030737
v -3.598194 0.142178 0.130340
v -3.599125 0.136165 0.030525
v -3.587701 0.144308 0.130113
v -3.588633 0.138295 0.030299
v -3.577535 0.146673 0.129876
v -3.578466 0.140660 0.030061
v -3.567763 0.149232 0.129631
v -3.568694 0.143219 0.029816
v -3.558453 0.151944 0.129381
v -3.559384 0.145930 0.029566
v -3.549670 0.154770 0.129128
v -3.550601 0.148757 0.029314
v -3.541473 0.157679 0.128877
v -3.542404 0.151666 0.029062
v -3.521011 0.165701 0.128203
v -3.521942 0.159688 0.028388
v -3.525583 0.275252 0.121645
v -3.526514 0.269239 0.021831
v -3.559598 0.259633 0.122904
v -3.560530 0.253620 0.023089
v -3.566685 0.256688 0.123147
v -3.567616 0.250675 0.023333
v -3.574230 0.253851 0.123389
v -3.575161 0.247838 0.023574
v -3.582152 0.251164 0.123624
v -3.583083 0.245151 0.023810
v -3.590371 0.248669 0.123851
v -3.591302 0.242656 0.024037
v -3.598809 0.246403 0.124067
v -3.599740 0.240389 0.024252
v -3.607387 0.244401 0.124267
v -3.608319 0.238388 0.024452
v -3.616028 0.242698 0.124450
v -3.616960 0.236685 0.024636
v -3.624652 0.241327 0.124613
v -3.625583 0.235314 0.024799
v -3.633177 0.240318 0.124754
v -3.634108 0.234304 0.024939
v -3.641520 0.239696 0.124869
v -3.642451 0.233683 0.025054
v -3.649434 0.239490 0.124955
v -3.650365 0.233476 0.025141
v -3.668362 0.240326 0.125081
v -3.669293 0.234313 0.025267
v -3.684543 0.242658 0.125092
v -3.685474 0.236645 0.025277
v -3.698256 0.246257 0.125003
v -3.699187 0.240244 0.025188
v -3.709673 0.250885 0.124831
v -3.710604 0.244871 0.025016
v -3.719028 0.256330 0.124590
v -3.719959 0.250317 0.024775
v -3.726597 0.262447 0.124292
v -3.727528 0.256433 0.024477
v -3.732661 0.269174 0.123943
v -3.733593 0.263161 0.024129
v -3.737447 0.276521 0.123545
v -3.738378 0.270508 0.023731
v -3.741096 0.284516 0.123098
v -3.742028 0.278503 0.023283
v -3.743677 0.293156 0.122601
v -3.744608 0.287143 0.022787
v -3.745214 0.302382 0.122060
v -3.746145 0.296369 0.022245
v -3.745719 0.311964 0.121487
v -3.746651 0.305951 0.021673
v -3.745288 0.319168 0.121049
v -3.746219 0.313155 0.021235
v -3.743956 0.326361 0.120604
v -3.744887 0.320348 0.020789
v -3.741667 0.333447 0.120155
v -3.742598 0.327434 0.020341
v -3.738367 0.340299 0.119712
v -3.739298 0.334286 0.019897
v -3.733977 0.346830 0.119277
v -3.734908 0.340816 0.019463
v -3.728371 0.352974 0.118855
v -3.729303 0.346961 0.019040
v -3.721370 0.358663 0.118447
v -3.722301 0.352650 0.018632
v -3.712748 0.363788 0.118058
v -3.713679 0.357775 0.018243
v -3.702272 0.368185 0.117695
v -3.703203 0.362172 0.017880
v -3.689727 0.371638 0.117370
v -3.690658 0.365625 0.017555
v -3.674937 0.373899 0.117096
v -3.675868 0.367886 0.017281
v -3.657765 0.374712 0.116887
v -3.658696 0.368698 0.017072
v -3.643936 0.374093 0.116795
v -3.644867 0.368079 0.016980
v -3.628559 0.372241 0.116763
v -3.629490 0.366227 0.016948
v -3.611821 0.369203 0.116790
v -3.612752 0.363190 0.016975
v -3.593929 0.365058 0.116873
v -3.594860 0.359045 0.017058
v -3.575067 0.359895 0.117008
v -3.575999 0.353882 0.017193
v -3.555408 0.353812 0.117191
v -3.556339 0.347799 0.017376
v -3.535110 0.346911 0.117417
v -3.536041 0.340898 0.017603
v -3.514329 0.339293 0.117682
v -3.515260 0.333280 0.017868
v -3.493214 0.331064 0.117981
v -3.494145 0.325050 0.018167
v -3.471910 0.322325 0.118309
v -3.472841 0.316312 0.018494
v -3.450559 0.313182 0.118661
v -3.451490 0.307169 0.018846
v -3.447481 0.311815 0.118714
v -3.448412 0.305802 0.018900
v -3.469065 0.263440 0.121830
v -3.469996 0.257427 0.022015
v -3.479178 0.239801 0.123348
v -3.480110 0.233788 0.023534
v -3.489419 0.214653 0.124959
v -3.490350 0.208640 0.025144
v -3.499682 0.188393 0.126637
v -3.500613 0.182380 0.026822
v -3.509889 0.161359 0.128360
v -3.510820 0.155346 0.028546
v -3.519957 0.133895 0.130109
v -3.520888 0.127881 0.030294
v -3.529803 0.106346 0.131860
v -3.530734 0.100332 0.032046
v -3.539340 0.079060 0.133593
v -3.540271 0.073047 0.033778
v -3.548484 0.052386 0.135285
v -3.549415 0.046373 0.035471
v -3.557148 0.026674 0.136915
v -3.558079 0.020661 0.037100
v -3.565246 0.002274 0.138461
v -3.566177 -0.003739 0.038646
v -3.572692 -0.020463 0.139900
v -3.573623 -0.026476 0.040085
v -3.585795 -0.060952 0.142461
v -3.586726 -0.066965 0.042647
v -3.475175 -0.091699 0.143282
v -3.476106 -0.097712 0.043467
v -3.464043 -0.050394 0.140689
v -3.464974 -0.056407 0.040875
v -3.457592 -0.027480 0.139249
v -3.458523 -0.033494 0.039434
v -3.450603 -0.003613 0.137746
v -3.451534 -0.009626 0.037931
v -3.443126 0.021000 0.136193
v -3.444058 0.014987 0.036379
v -3.435215 0.046150 0.134604
v -3.436146 0.040137 0.034790
v -3.426919 0.071631 0.132992
v -3.427850 0.065618 0.033177
v -3.418291 0.097235 0.131369
v -3.419222 0.091222 0.031554
v -3.409382 0.122756 0.129748
v -3.410313 0.116742 0.029934
v -3.400244 0.147985 0.128143
v -3.401175 0.141972 0.028329
v -3.390929 0.172715 0.126566
v -3.391860 0.166702 0.026752
v -3.381493 0.196736 0.125031
v -3.382424 0.190723 0.025217
v -3.372030 0.219736 0.123558
v -3.372962 0.213723 0.023743
v -3.350861 0.267183 0.120502
v -3.351792 0.261170 0.020687
v -3.354098 0.268737 0.120438
v -3.355030 0.262723 0.020624
v -3.339198 0.261518 0.120734
v -3.340129 0.255504 0.020919
v -3.324727 0.254454 0.121025
v -3.325659 0.248440 0.021210
v -3.310738 0.247588 0.121308
v -3.311669 0.241575 0.021493
v -3.297282 0.240964 0.121581
v -3.298213 0.234951 0.021767
v -3.284410 0.234623 0.121843
v -3.285341 0.228610 0.022029
v -3.272172 0.228609 0.122091
v -3.273103 0.222596 0.022277
v -3.260617 0.222962 0.122324
v -3.261548 0.216949 0.022509
v -3.249790 0.217723 0.122538
v -3.250722 0.211710 0.022724
v -3.239735 0.212932 0.122733
v -3.240666 0.206918 0.022919
v -3.230486 0.208624 0.122906
v -3.231418 0.202611 0.023092
v -3.204535 0.196938 0.123368
v -3.205466 0.190925 0.023554
v -3.151072 0.306612 0.116262
v -3.152003 0.300599 0.016448
v -3.181421 0.314133 0.116093
v -3.182352 0.308120 0.016278
v -3.187566 0.315736 0.116053
v -3.188497 0.309723 0.016239
v -3.193587 0.317379 0.116010
v -3.194518 0.311366 0.016196
v -3.199446 0.319044 0.115965
v -3.200378 0.313031 0.016150
v -3.205108 0.320711 0.115917
v -3.206040 0.314697 0.016103
v -3.210536 0.322361 0.115868
v -3.211468 0.316347 0.016054
v -3.215693 0.323975 0.115819
v -3.216625 0.317962 0.016005
v -3.220544 0.325535 0.115771
v -3.221475 0.319522 0.015956
v -3.225053 0.327022 0.115723
v -3.225984 0.321009 0.015908
v -3.229182 0.328416 0.115678
v -3.230114 0.322403 0.015863
v -3.232897 0.329698 0.115635
v -3.233828 0.323684 0.015820
v -3.235865 0.330744 0.115600
v -3.236796 0.324731 0.015785
v -4.372182 0.101280 0.140024
v -4.373113 0.095267 0.040209
v -4.375010 0.086982 0.140912
v -4.375940 0.080969 0.041097
v -4.377706 0.072356 0.141818
v -4.378636 0.066343 0.042003
v -4.380246 0.057540 0.142734
v -4.381177 0.051527 0.042919
v -4.382610 0.042674 0.143652
v -4.383541 0.036661 0.043837
v -4.384771 0.027896 0.144562
v -4.385702 0.021883 0.044748
v -4.386707 0.013346 0.145457
v -4.387638 0.007332 0.045642
v -4.388392 -0.000842 0.146327
v -4.389323 -0.006855 0.046513
v -4.389802 -0.014532 0.147165
v -4.390733 -0.020545 0.047351
v -4.390912 -0.027596 0.147963
v -4.391843 -0.033609 0.048148
v -4.391694 -0.039915 0.148712
v -4.392625 -0.045928 0.048897
v -4.392774 -0.069119 0.150481
v -4.393704 -0.075132 0.050667
v -4.287089 -0.083569 0.150366
v -4.288020 -0.089583 0.050551
v -4.286100 -0.050433 0.148361
v -4.287031 -0.056446 0.048546
v -4.285559 -0.038620 0.147644
v -4.286489 -0.044633 0.047829
v -4.284795 -0.025931 0.146872
v -4.285726 -0.031945 0.047058
v -4.283810 -0.012537 0.146056
v -4.284740 -0.018550 0.046242
v -4.282602 0.001397 0.145206
v -4.283533 -0.004617 0.045391
v -4.281175 0.015706 0.144330
v -4.282105 0.009692 0.044516
v -4.279527 0.030226 0.143440
v -4.280457 0.024213 0.043625
v -4.277661 0.044795 0.142545
v -4.278592 0.038781 0.042730
v -4.275578 0.059246 0.141655
v -4.276509 0.053233 0.041840
v -4.273284 0.073413 0.140780
v -4.274215 0.067400 0.040965
v -4.270782 0.087127 0.139931
v -4.271712 0.081114 0.040116
v -4.263549 0.122151 0.137753
v -4.264480 0.116138 0.037938
v -4.365557 0.132481 0.138082
v -4.366488 0.126468 0.038268
v -4.558561 0.110957 0.141180
v -4.559492 0.104944 0.041365
v -4.564742 0.096752 0.142093
v -4.565673 0.090739 0.042278
v -4.570828 0.082158 0.143029
v -4.571759 0.076145 0.043214
v -4.576766 0.067320 0.143978
v -4.577697 0.061307 0.044164
v -4.582500 0.052382 0.144932
v -4.583430 0.046369 0.045117
v -4.587973 0.037489 0.145880
v -4.588903 0.031475 0.046065
v -4.593128 0.022783 0.146814
v -4.594059 0.016770 0.046999
v -4.597911 0.008407 0.147725
v -4.598842 0.002394 0.047910
v -4.602263 -0.005502 0.148603
v -4.603194 -0.011515 0.048789
v -4.606131 -0.018812 0.149441
v -4.607061 -0.024825 0.049626
v -4.609457 -0.031403 0.150231
v -4.610388 -0.037416 0.050416
v -4.616674 -0.062532 0.152173
v -4.617605 -0.068545 0.052359
v -4.510793 -0.085382 0.152562
v -4.511724 -0.091396 0.052748
v -4.504017 -0.054925 0.150664
v -4.504948 -0.060938 0.050849
v -4.501084 -0.043053 0.149922
v -4.502015 -0.049066 0.050107
v -4.497668 -0.030301 0.149121
v -4.498599 -0.036314 0.049307
v -4.493816 -0.016844 0.148275
v -4.494747 -0.022858 0.048460
v -4.489574 -0.002852 0.147392
v -4.490505 -0.008865 0.047578
v -4.484991 0.011513 0.146484
v -4.485922 0.005499 0.046669
v -4.480109 0.026087 0.145561
v -4.481040 0.020074 0.045746
v -4.474978 0.040710 0.144632
v -4.475909 0.034697 0.044817
v -4.469643 0.055222 0.143708
v -4.470573 0.049209 0.043893
v -4.464151 0.069461 0.142799
v -4.465082 0.063447 0.042984
v -4.458554 0.083262 0.141915
v -4.459485 0.077249 0.042100
v -4.442993 0.119596 0.139581
v -4.443924 0.113583 0.039766
v -4.545951 0.138681 0.139392
v -4.546882 0.132668 0.039577
v -4.745682 0.130098 0.141772
v -4.746613 0.124084 0.041957
v -4.757470 0.115225 0.142778
v -4.758401 0.109212 0.042963
v -4.769320 0.099802 0.143818
v -4.770251 0.093788 0.044003
v -4.781108 0.083987 0.144881
v -4.782039 0.077974 0.045066
v -4.792706 0.067942 0.145955
v -4.793637 0.061928 0.046141
v -4.803990 0.051826 0.147031
v -4.804921 0.045813 0.047217
v -4.814834 0.035799 0.148098
v -4.815764 0.029786 0.048283
v -4.825112 0.020018 0.149145
v -4.826043 0.014005 0.049330
v -4.834702 0.004633 0.150161
v -4.835633 -0.001380 0.050346
v -4.843483 -0.010210 0.151137
v -4.844414 -0.016223 0.051322
v -4.851336 -0.024381 0.152064
v -4.852267 -0.030395 0.052249
v -4.868149 -0.057438 0.154212
v -4.869080 -0.063451 0.054398
v -4.763403 -0.095581 0.155533
v -4.764334 -0.101594 0.055718
v -4.749461 -0.067013 0.153682
v -4.750392 -0.073027 0.053867
v -4.742468 -0.053823 0.152822
v -4.743399 -0.059836 0.053007
v -4.734478 -0.039679 0.151896
v -4.735409 -0.045692 0.052081
v -4.725625 -0.024791 0.150916
v -4.726556 -0.030804 0.051101
v -4.716041 -0.009359 0.149897
v -4.716971 -0.015372 0.050082
v -4.705853 0.006429 0.148851
v -4.706783 0.000416 0.049036
v -4.695191 0.022385 0.147790
v -4.696122 0.016372 0.047975
v -4.684182 0.038326 0.146727
v -4.685113 0.032313 0.046912
v -4.672952 0.054068 0.145674
v -4.673882 0.048055 0.045859
v -4.661631 0.069429 0.144643
v -4.662561 0.063416 0.044828
v -4.650346 0.084225 0.143646
v -4.651277 0.078212 0.043832
v -4.621277 0.120955 0.141162
v -4.622208 0.114941 0.041348
v -4.725547 0.154666 0.140104
v -4.726478 0.148653 0.040290
v -4.206413 0.087453 0.139310
v -4.207344 0.081440 0.039496
v -4.198748 0.070487 0.140261
v -4.199678 0.064474 0.040446
v -4.190508 0.053465 0.141210
v -4.191439 0.047452 0.041395
v -4.181725 0.036495 0.142150
v -4.182655 0.030482 0.042335
v -4.172431 0.019690 0.143076
v -4.173362 0.013677 0.043261
v -4.162658 0.003160 0.143980
v -4.163589 -0.002853 0.044166
v -4.152435 -0.012983 0.144858
v -4.153366 -0.018997 0.045043
v -4.141790 -0.028630 0.145701
v -4.142721 -0.034644 0.045886
v -4.130747 -0.043670 0.146504
v -4.131678 -0.049683 0.046689
v -4.119326 -0.057992 0.147260
v -4.120256 -0.064005 0.047445
v -4.107542 -0.071485 0.147963
v -4.108473 -0.077499 0.048148
v -4.086343 -0.093411 0.149086
v -4.087274 -0.099424 0.049272
v -3.982401 -0.050416 0.145526
v -3.983332 -0.056429 0.045712
v -4.015261 -0.019167 0.143950
v -4.016191 -0.025180 0.044136
v -4.025468 -0.008358 0.143394
v -4.026399 -0.014371 0.043580
v -4.035622 0.003470 0.142777
v -4.036552 -0.002543 0.042962
v -4.045631 0.016191 0.142104
v -4.046562 0.010178 0.042289
v -4.055416 0.029678 0.141382
v -4.056347 0.023665 0.041568
v -4.064898 0.043806 0.140620
v -4.065828 0.037793 0.040805
v -4.074002 0.058449 0.139823
v -4.074933 0.052436 0.040008
v -4.082659 0.073482 0.138998
v -4.083590 0.067469 0.039183
v -4.090798 0.088778 0.138152
v -4.091729 0.082765 0.038337
v -4.098351 0.104211 0.137293
v -4.099282 0.098197 0.037478
v -4.105252 0.119652 0.136427
v -4.106183 0.113638 0.036612
v -4.118094 0.151466 0.134630
v -4.119025 0.145452 0.034816
v -4.222367 0.125440 0.137171
v -4.223298 0.119427 0.037356
v -4.131862 0.360359 0.122174
v -4.132792 0.354346 0.022359
v -4.033766 0.360359 0.121259
v -4.034697 0.354346 0.021444
v -4.033823 0.462274 0.115120
v -4.034754 0.456261 0.015305
v -4.131919 0.462274 0.116035
v -4.132850 0.456261 0.016220
v -4.131944 0.505896 0.113407
v -4.132874 0.499883 0.013593
v -4.160023 0.537245 0.111781
v -4.160954 0.531232 0.011966
v -4.153052 0.529654 0.112173
v -4.153983 0.523641 0.012358
v -4.146054 0.522221 0.112555
v -4.146985 0.516208 0.012741
v -4.139034 0.514949 0.112928
v -4.139965 0.508936 0.013113
v -4.132000 0.507841 0.113291
v -4.132931 0.501828 0.013476
v -4.124956 0.500899 0.113643
v -4.125887 0.494886 0.013828
v -4.117909 0.494127 0.113985
v -4.118840 0.488114 0.014171
v -4.110865 0.487527 0.114317
v -4.111795 0.481514 0.014502
v -4.103828 0.481103 0.114639
v -4.104759 0.475089 0.014824
v -4.096806 0.474856 0.114949
v -4.097736 0.468843 0.015135
v -4.089804 0.468790 0.115250
v -4.090734 0.462777 0.015435
v -4.069079 0.451319 0.116109
v -4.070010 0.445306 0.016294
v -4.053023 0.466900 0.115020
v -4.053954 0.460886 0.015206
v -4.049545 0.470125 0.114794
v -4.050476 0.464112 0.014979
v -4.045557 0.473695 0.114541
v -4.046488 0.467682 0.014727
v -4.041175 0.477501 0.114271
v -4.042106 0.471488 0.014456
v -4.036508 0.481446 0.113990
v -4.037438 0.475433 0.014175
v -4.031658 0.485438 0.113704
v -4.032589 0.479425 0.013889
v -4.026727 0.489387 0.113420
v -4.027658 0.483373 0.013606
v -4.021820 0.493201 0.113145
v -4.022751 0.487188 0.013330
v -4.017043 0.496790 0.112884
v -4.017974 0.490777 0.013069
v -4.012512 0.500058 0.112645
v -4.013443 0.494044 0.012830
v -4.008362 0.502900 0.112435
v -4.009293 0.496887 0.012620
v -3.980537 0.520666 0.111105
v -3.981468 0.514653 0.011290
v -4.021572 0.552533 0.109568
v -4.022503 0.546520 0.009753
v -4.039713 0.567969 0.108807
v -4.040644 0.561955 0.008993
v -4.057581 0.584518 0.107977
v -4.058512 0.578505 0.008162
v -4.075073 0.602077 0.107082
v -4.076004 0.596064 0.007268
v -4.092091 0.620541 0.106129
v -4.093021 0.614528 0.006314
v -4.108535 0.639806 0.105122
v -4.109466 0.633793 0.005307
v -4.124309 0.659765 0.104066
v -4.125239 0.653752 0.004252
v -4.139316 0.680311 0.102969
v -4.140246 0.674298 0.003154
v -4.153463 0.701337 0.101834
v -4.154394 0.695324 0.002019
v -4.166656 0.722734 0.100668
v -4.167587 0.716721 0.000853
v -4.178804 0.744393 0.099476
v -4.179735 0.738380 -0.000338
v -4.197488 0.781401 0.097421
v -4.198419 0.775387 -0.002393
v -4.302341 0.751286 0.100214
v -4.303272 0.745273 0.000399
v -4.287717 0.722493 0.101812
v -4.288648 0.716479 0.001997
v -4.283907 0.715178 0.102217
v -4.284838 0.709165 0.002402
v -4.280022 0.707900 0.102619
v -4.280952 0.701887 0.002804
v -4.276063 0.700654 0.103019
v -4.276994 0.694641 0.003204
v -4.272028 0.693438 0.103416
v -4.272959 0.687425 0.003601
v -4.267920 0.686249 0.103811
v -4.268850 0.680236 0.003996
v -4.263739 0.679083 0.104203
v -4.264669 0.673070 0.004389
v -4.259481 0.671938 0.104594
v -4.260412 0.665925 0.004779
v -4.255152 0.664811 0.104983
v -4.256083 0.658797 0.005168
v -4.250749 0.657698 0.105370
v -4.251679 0.651685 0.005556
v -4.246272 0.650597 0.105756
v -4.247203 0.644584 0.005942
v -4.261469 0.674290 0.104471
v -4.262400 0.668277 0.004656
v -4.818209 0.674290 0.109665
v -4.819139 0.668277 0.009850
v -4.818151 0.573273 0.115750
v -4.819082 0.567260 0.015935
v -4.722756 0.573273 0.114860
v -4.723687 0.567260 0.015045
v -4.722693 0.462274 0.121546
v -4.723624 0.456261 0.021731
v -4.820789 0.462274 0.122461
v -4.821720 0.456261 0.022647
v -4.820732 0.360359 0.128600
v -4.821663 0.354346 0.028786
v -4.722636 0.360359 0.127685
v -4.723567 0.354346 0.027871
v -4.722573 0.247563 0.134480
v -4.723504 0.241550 0.034665
v -4.845867 0.247563 0.135630
v -4.846798 0.241550 0.035815
v -4.845810 0.145648 0.141769
v -4.846741 0.139635 0.041955
v -4.007546 0.145648 0.133949
v -4.008477 0.139635 0.034135
v -4.007604 0.247563 0.127810
v -4.008534 0.241550 0.027996
v -4.131799 0.247563 0.128969
v -4.132730 0.241550 0.029154
v -4.232215 0.462274 0.116971
v -4.233146 0.456261 0.017156
v -4.292112 0.462274 0.117529
v -4.293043 0.456261 0.017715
v -4.292174 0.573273 0.110843
v -4.293105 0.567260 0.011028
v -4.232278 0.573273 0.110284
v -4.233209 0.567260 0.010470
v -4.455005 0.462274 0.119049
v -4.455935 0.456261 0.019234
v -4.455068 0.573273 0.112363
v -4.455998 0.567260 0.012548
v -4.391570 0.573273 0.111770
v -4.392501 0.567260 0.011956
v -4.391508 0.462274 0.118457
v -4.392439 0.456261 0.018642
v -4.619698 0.462274 0.120585
v -4.620628 0.456261 0.020771
v -4.619761 0.573273 0.113899
v -4.620691 0.567260 0.014084
v -4.553563 0.573273 0.113281
v -4.554494 0.567260 0.013467
v -4.553500 0.462274 0.119968
v -4.554431 0.456261 0.020153
v -4.232095 0.247563 0.129904
v -4.233026 0.241550 0.030090
v -4.291991 0.247563 0.130463
v -4.292922 0.241550 0.030649
v -4.292055 0.360359 0.123669
v -4.292986 0.354346 0.023854
v -4.232158 0.360359 0.123110
v -4.233088 0.354346 0.023295
v -4.454885 0.247563 0.131983
v -4.455815 0.241550 0.032168
v -4.454947 0.360359 0.125188
v -4.455878 0.354346 0.025373
v -4.391451 0.360359 0.124596
v -4.392382 0.354346 0.024781
v -4.391387 0.247563 0.131390
v -4.392318 0.241550 0.031576
v -4.619577 0.247563 0.133519
v -4.620508 0.241550 0.033704
v -4.619640 0.360359 0.126725
v -4.620571 0.354346 0.026910
v -4.553443 0.360359 0.126107
v -4.554374 0.354346 0.026292
v -4.553380 0.247563 0.132902
v -4.554311 0.241550 0.033087
v -5.423324 0.392201 0.132304
v -5.424254 0.386188 0.032489
v -5.423367 0.468163 0.127728
v -5.424297 0.462150 0.027913
v -5.325670 0.468163 0.126816
v -5.326601 0.462150 0.027002
v -5.325628 0.392201 0.131392
v -5.326559 0.386188 0.031578
v -5.619515 0.392201 0.134134
v -5.620446 0.386188 0.034319
v -5.619558 0.468163 0.129558
v -5.620489 0.462150 0.029743
v -5.521862 0.468163 0.128647
v -5.522793 0.462150 0.028832
v -5.521819 0.392201 0.133222
v -5.522750 0.386188 0.033408
v -5.423420 0.562892 0.122022
v -5.424351 0.556879 0.022207
v -5.423461 0.637057 0.117554
v -5.424392 0.631044 0.017739
v -5.325766 0.637057 0.116643
v -5.326696 0.631044 0.016828
v -5.325724 0.562892 0.121110
v -5.326654 0.556879 0.021295
v -5.619612 0.562892 0.123852
v -5.620543 0.556879 0.024037
v -5.619653 0.637057 0.119384
v -5.620584 0.631044 0.019569
v -5.521956 0.637057 0.118473
v -5.522887 0.631044 0.018658
v -5.521915 0.562892 0.122940
v -5.522846 0.556879 0.023126
v -5.417775 0.126782 0.148242
v -5.418706 0.120769 0.048427
v -5.212584 0.126782 0.146327
v -5.213514 0.120769 0.046513
v -5.212641 0.227799 0.140242
v -5.213572 0.221786 0.040428
v -5.417832 0.227799 0.142157
v -5.418763 0.221786 0.042342
v -5.417870 0.293879 0.138176
v -5.418800 0.287866 0.038361
v -5.223477 0.293879 0.136363
v -5.224408 0.287866 0.036548
v -5.223725 0.736277 0.109713
v -5.224656 0.730264 0.009899
v -5.724504 0.736277 0.114385
v -5.725435 0.730264 0.014570
v -5.724256 0.293879 0.141034
v -5.725186 0.287866 0.041220
v -5.527164 0.293879 0.139196
v -5.528095 0.287866 0.039381
v -5.527127 0.227799 0.143176
v -5.528058 0.221786 0.043361
v -5.736817 0.227799 0.145132
v -5.737748 0.221786 0.045318
v -5.736761 0.126782 0.151217
v -5.737692 0.120769 0.051403
v -5.527071 0.126782 0.149261
v -5.528002 0.120769 0.049447
v -5.527023 0.042735 0.154324
v -5.527954 0.036721 0.054509
v -5.767313 0.042735 0.156566
v -5.768244 0.036721 0.056751
v -5.767256 -0.059181 0.162705
v -5.768187 -0.065194 0.062890
v -5.143183 -0.059181 0.156883
v -5.144114 -0.065194 0.057068
v -5.143240 0.042735 0.150744
v -5.144171 0.036721 0.050929
v -5.417728 0.042735 0.153305
v -5.418659 0.036721 0.053490
v -5.010221 0.354070 0.130747
v -5.011151 0.348057 0.030932
v -4.907625 0.354070 0.129790
v -4.908556 0.348057 0.029975
v -4.907682 0.456884 0.123597
v -4.908613 0.450871 0.023782
v -5.010279 0.456884 0.124554
v -5.011209 0.450871 0.024739
v -5.010366 0.613700 0.115107
v -5.011297 0.607686 0.015293
v -4.898771 0.613700 0.114066
v -4.899702 0.607686 0.014252
v -4.898829 0.716513 0.107873
v -4.899759 0.710500 0.008058
v -5.219615 0.716513 0.110866
v -5.220546 0.710500 0.011051
v -5.219557 0.613700 0.117059
v -5.220488 0.607686 0.017244
v -5.115162 0.613700 0.116085
v -5.116093 0.607686 0.016270
v -5.115073 0.456884 0.125531
v -5.116004 0.450871 0.025717
v -5.205970 0.456884 0.126379
v -5.206901 0.450871 0.026565
v -5.205912 0.354070 0.132573
v -5.206842 0.348057 0.032758
v -5.115016 0.354070 0.131725
v -5.115947 0.348057 0.031910
v -5.114917 0.178118 0.142324
v -5.115848 0.172104 0.042509
v -5.209552 0.209887 0.141293
v -5.210483 0.203874 0.041478
v -5.228290 0.104521 0.147815
v -5.229220 0.098508 0.048000
v -5.187490 0.090929 0.148253
v -5.188421 0.084916 0.048439
v -5.162929 0.082727 0.148518
v -5.163859 0.076713 0.048704
v -5.138313 0.074492 0.148785
v -5.139244 0.068479 0.048970
v -5.113752 0.066265 0.149051
v -5.114683 0.060252 0.049237
v -5.089349 0.058087 0.149316
v -5.090280 0.052074 0.049502
v -5.065210 0.049998 0.149578
v -5.066141 0.043985 0.049764
v -5.041444 0.042040 0.149836
v -5.042375 0.036026 0.050021
v -5.018155 0.034251 0.150088
v -5.019086 0.028238 0.050273
v -4.995450 0.026673 0.150333
v -4.996381 0.020660 0.050518
v -4.973433 0.019346 0.150569
v -4.974363 0.013333 0.050754
v -4.952209 0.012310 0.150795
v -4.953140 0.006297 0.050980
v -4.911448 -0.001136 0.151225
v -4.912378 -0.007149 0.051410
v -4.884514 0.106644 0.144480
v -4.885445 0.100631 0.044665
v -4.911677 0.114532 0.144258
v -4.912608 0.108519 0.044444
v -4.920620 0.117153 0.144184
v -4.921551 0.111140 0.044369
v -4.929848 0.119882 0.144106
v -4.930779 0.113869 0.044291
v -4.939351 0.122714 0.144024
v -4.940282 0.116701 0.044209
v -4.949120 0.125647 0.143938
v -4.950050 0.119634 0.044123
v -4.959144 0.128677 0.143849
v -4.960074 0.122664 0.044034
v -4.969414 0.131802 0.143757
v -4.970345 0.125789 0.043942
v -4.979920 0.135017 0.143661
v -4.980851 0.129004 0.043846
v -4.990654 0.138320 0.143562
v -4.991585 0.132307 0.043747
v -5.001604 0.141708 0.143460
v -5.002535 0.135695 0.043645
v -5.012762 0.145178 0.143355
v -5.013693 0.139165 0.043540
v -5.010103 0.144347 0.143380
v -5.011034 0.138334 0.043566
v -6.562976 0.225683 0.152967
v -6.563907 0.219669 0.053152
v -6.548951 0.271952 0.150049
v -6.549882 0.265939 0.050234
v -6.540090 0.297993 0.148397
v -6.541020 0.291980 0.048582
v -6.529730 0.325812 0.146625
v -6.530661 0.319799 0.046810
v -6.518057 0.354850 0.144766
v -6.518988 0.348837 0.044952
v -6.505254 0.384563 0.142857
v -6.506185 0.378550 0.043042
v -6.491508 0.414411 0.140931
v -6.492438 0.408398 0.041116
v -6.477001 0.443854 0.139021
v -6.477932 0.437841 0.039207
v -6.461928 0.472353 0.137164
v -6.462859 0.466340 0.037349
v -6.446486 0.499362 0.135393
v -6.447417 0.493349 0.035578
v -6.430887 0.524326 0.133743
v -6.431818 0.518313 0.033929
v -6.415369 0.546675 0.132252
v -6.416300 0.540662 0.032437
v -6.383823 0.586527 0.129557
v -6.384754 0.580514 0.029742
v -6.487815 0.633442 0.127701
v -6.488746 0.627429 0.027886
v -6.512005 0.599732 0.129957
v -6.512936 0.593719 0.030143
v -6.527514 0.575766 0.131546
v -6.528445 0.569753 0.031731
v -6.543341 0.549318 0.133287
v -6.544271 0.543305 0.033472
v -6.559292 0.520935 0.135145
v -6.560223 0.514922 0.035331
v -6.575158 0.491186 0.137086
v -6.576089 0.485173 0.037271
v -6.590712 0.460650 0.139070
v -6.591642 0.454637 0.039256
v -6.605721 0.429914 0.141062
v -6.606651 0.423901 0.041247
v -6.619951 0.399568 0.143023
v -6.620882 0.393554 0.043208
v -6.633169 0.370199 0.144916
v -6.634100 0.364186 0.045101
v -6.645139 0.342392 0.146702
v -6.646070 0.336378 0.046888
v -6.655627 0.316717 0.148347
v -6.656558 0.310704 0.048532
v -6.670887 0.276767 0.150896
v -6.671818 0.270754 0.051081
v -5.934606 0.527236 0.128938
v -5.935536 0.521222 0.029124
v -5.943197 0.527660 0.128993
v -5.944128 0.521647 0.029178
v -5.952658 0.528211 0.129048
v -5.953588 0.522197 0.029233
v -5.962896 0.528875 0.129103
v -5.963827 0.522861 0.029289
v -5.973824 0.529640 0.129159
v -5.974754 0.523627 0.029345
v -5.985355 0.530493 0.129215
v -5.986286 0.524480 0.029401
v -5.997410 0.531423 0.129272
v -5.998341 0.525410 0.029457
v -6.009907 0.532416 0.129329
v -6.010838 0.526403 0.029514
v -6.022764 0.533460 0.129386
v -6.023695 0.527446 0.029571
v -6.035906 0.534541 0.129443
v -6.036837 0.528528 0.029628
v -6.049249 0.535649 0.129501
v -6.050179 0.529636 0.029686
v -6.047922 0.535539 0.129495
v -6.048853 0.529526 0.029681
v -6.048272 0.537167 0.129400
v -6.049203 0.531154 0.029586
v -6.051467 0.553303 0.128458
v -6.052398 0.547290 0.028643
v -6.054417 0.569563 0.127506
v -6.055347 0.563550 0.027691
v -6.057109 0.585893 0.126547
v -6.058040 0.579880 0.026733
v -6.059530 0.602241 0.125585
v -6.060461 0.596227 0.025770
v -6.061669 0.618554 0.124622
v -6.062600 0.612541 0.024808
v -6.063512 0.634779 0.123662
v -6.064443 0.628766 0.023847
v -6.065046 0.650864 0.122707
v -6.065977 0.644851 0.022893
v -6.066260 0.666754 0.121761
v -6.067191 0.660741 0.021947
v -6.067145 0.682396 0.120827
v -6.068076 0.676383 0.021013
v -6.067686 0.697734 0.119908
v -6.068617 0.691721 0.020094
v -6.068153 0.734917 0.117673
v -6.069084 0.728904 0.017858
v -6.195880 0.721207 0.119690
v -6.196811 0.715193 0.019875
v -6.190210 0.695420 0.121191
v -6.191141 0.689407 0.021376
v -6.189333 0.691294 0.121431
v -6.190264 0.685280 0.021616
v -6.188449 0.687031 0.121680
v -6.189380 0.681018 0.021865
v -6.187559 0.682662 0.121935
v -6.188490 0.676649 0.022120
v -6.186666 0.678211 0.122194
v -6.187596 0.672198 0.022380
v -6.185768 0.673700 0.122458
v -6.186699 0.667687 0.022643
v -6.184868 0.669153 0.122723
v -6.185799 0.663140 0.022909
v -6.183963 0.664591 0.122990
v -6.184894 0.658578 0.023175
v -6.183054 0.660036 0.123256
v -6.183985 0.654022 0.023441
v -6.182142 0.655508 0.123520
v -6.183073 0.649495 0.023705
v -6.181226 0.651028 0.123781
v -6.182157 0.645015 0.023967
v -6.180367 0.646914 0.124021
v -6.181297 0.640901 0.024206
v -6.161627 0.544342 0.130026
v -6.162558 0.538329 0.030211
v -6.146100 0.543040 0.129959
v -6.147031 0.537026 0.030145
v -6.156399 0.543879 0.130005
v -6.157330 0.537866 0.030190
v -6.166436 0.544669 0.130051
v -6.167367 0.538655 0.030236
v -6.176176 0.545403 0.130097
v -6.177107 0.539390 0.030283
v -6.185577 0.546075 0.130145
v -6.186508 0.540062 0.030330
v -6.194605 0.546680 0.130192
v -6.195536 0.540667 0.030378
v -6.203219 0.547210 0.130241
v -6.204150 0.541197 0.030426
v -6.211387 0.547660 0.130290
v -6.212317 0.541647 0.030475
v -6.219074 0.548023 0.130340
v -6.220005 0.542010 0.030525
v -6.226253 0.548292 0.130391
v -6.227183 0.542279 0.030576
v -6.232896 0.548460 0.130442
v -6.233827 0.542447 0.030628
v -6.239222 0.548521 0.130498
v -6.240152 0.542508 0.030683
v -6.260147 0.547808 0.130736
v -6.261078 0.541795 0.030921
v -6.280822 0.545455 0.131071
v -6.281753 0.539442 0.031256
v -6.300893 0.541159 0.131517
v -6.301824 0.535146 0.031702
v -6.320161 0.534581 0.132093
v -6.321092 0.528568 0.032278
v -6.338340 0.525378 0.132817
v -6.339271 0.519364 0.033002
v -6.355036 0.513263 0.133702
v -6.355967 0.507250 0.033887
v -6.369796 0.498087 0.134754
v -6.370727 0.492074 0.034939
v -6.382203 0.479849 0.135969
v -6.383134 0.473836 0.036154
v -6.391990 0.458623 0.137339
v -6.392920 0.452610 0.037524
v -6.399030 0.434436 0.138861
v -6.399961 0.428423 0.039047
v -6.403278 0.407210 0.140541
v -6.404209 0.401196 0.040727
v -6.404678 0.377087 0.142369
v -6.405609 0.371074 0.042554
v -6.404348 0.348877 0.144065
v -6.405279 0.342863 0.044251
v -6.403382 0.319895 0.145802
v -6.404313 0.313882 0.045988
v -6.401742 0.290131 0.147580
v -6.402673 0.284118 0.047765
v -6.399397 0.259934 0.149377
v -6.400328 0.253920 0.049563
v -6.396312 0.229648 0.151173
v -6.397243 0.223635 0.051359
v -6.392450 0.199620 0.152946
v -6.393381 0.193607 0.053131
v -6.387772 0.170190 0.154676
v -6.388702 0.164177 0.054861
v -6.382235 0.141692 0.156341
v -6.383165 0.135679 0.056526
v -6.375782 0.114453 0.157921
v -6.376713 0.108440 0.058107
v -6.368350 0.088785 0.159398
v -6.369281 0.082772 0.059584
v -6.359844 0.064982 0.160753
v -6.360775 0.058969 0.060938
v -6.350267 0.043647 0.161949
v -6.351198 0.037634 0.062134
v -6.341983 0.028094 0.162809
v -6.342914 0.022081 0.062994
v -6.332730 0.014078 0.163567
v -6.333661 0.008064 0.063752
v -6.322560 0.001704 0.164217
v -6.323491 -0.004310 0.064403
v -6.311488 -0.009034 0.164761
v -6.312419 -0.015047 0.064946
v -6.299574 -0.018137 0.165198
v -6.300505 -0.024151 0.065384
v -6.286923 -0.025631 0.165532
v -6.287854 -0.031644 0.065717
v -6.273657 -0.031583 0.165767
v -6.274588 -0.037596 0.065952
v -6.259888 -0.036109 0.165911
v -6.260818 -0.042122 0.066096
v -6.245696 -0.039357 0.165974
v -6.246627 -0.045370 0.066159
v -6.231125 -0.041486 0.165966
v -6.232056 -0.047500 0.066152
v -6.216187 -0.042656 0.165897
v -6.217118 -0.048670 0.066083
v -6.200933 -0.043013 0.165777
v -6.201864 -0.049027 0.065962
v -6.191563 -0.042876 0.165681
v -6.192493 -0.048889 0.065866
v -6.182047 -0.042484 0.165569
v -6.182978 -0.048498 0.065754
v -6.172376 -0.041860 0.165441
v -6.173306 -0.047873 0.065626
v -6.162614 -0.041024 0.165299
v -6.163545 -0.047037 0.065485
v -6.152831 -0.039996 0.165146
v -6.153762 -0.046009 0.065331
v -6.143100 -0.038795 0.164983
v -6.144031 -0.044808 0.065168
v -6.133492 -0.037440 0.164812
v -6.134422 -0.043453 0.064997
v -6.124080 -0.035948 0.164634
v -6.125010 -0.041961 0.064819
v -6.114936 -0.034337 0.164452
v -6.115867 -0.040350 0.064637
v -6.106130 -0.032622 0.164266
v -6.107060 -0.038635 0.064452
v -6.097729 -0.030818 0.164079
v -6.098660 -0.036831 0.064265
v -6.076979 -0.025898 0.163589
v -6.077909 -0.031911 0.063775
v -6.058395 0.092965 0.156255
v -6.059326 0.086952 0.056440
v -6.097976 0.081435 0.157319
v -6.098907 0.075421 0.057504
v -6.107373 0.078995 0.157554
v -6.108304 0.072982 0.057739
v -6.117014 0.076759 0.157778
v -6.117945 0.070746 0.057964
v -6.126768 0.074736 0.157991
v -6.127699 0.068723 0.058176
v -6.136513 0.072936 0.158191
v -6.137444 0.066923 0.058376
v -6.146122 0.071365 0.158375
v -6.147053 0.065351 0.058560
v -6.155471 0.070028 0.158543
v -6.156402 0.064015 0.058728
v -6.164433 0.068931 0.158692
v -6.165364 0.062918 0.058878
v -6.172881 0.068077 0.158823
v -6.173812 0.062064 0.059008
v -6.180676 0.067471 0.158932
v -6.181606 0.061457 0.059117
v -6.187666 0.067111 0.159019
v -6.188597 0.061098 0.059204
v -6.193701 0.066994 0.159082
v -6.194632 0.060981 0.059267
v -6.201009 0.067141 0.159141
v -6.201940 0.061127 0.059327
v -6.207808 0.067611 0.159176
v -6.208738 0.061597 0.059362
v -6.214045 0.068439 0.159185
v -6.214975 0.062426 0.059370
v -6.219719 0.069650 0.159165
v -6.220650 0.063636 0.059350
v -6.224862 0.071258 0.159116
v -6.225793 0.065244 0.059301
v -6.229550 0.073292 0.159037
v -6.230481 0.067279 0.059222
v -6.233900 0.075817 0.158925
v -6.234831 0.069804 0.059111
v -6.238041 0.078955 0.158775
v -6.238972 0.072942 0.058960
v -6.242080 0.082878 0.158576
v -6.243011 0.076865 0.058762
v -6.246075 0.087786 0.158318
v -6.247005 0.081773 0.058503
v -6.250023 0.093871 0.157988
v -6.250954 0.087858 0.058174
v -6.253900 0.101322 0.157576
v -6.254830 0.095308 0.057761
v -6.260227 0.116329 0.156730
v -6.261158 0.110316 0.056916
v -6.266136 0.133606 0.155745
v -6.267067 0.127593 0.055930
v -6.271580 0.152900 0.154633
v -6.272511 0.146887 0.054818
v -6.276505 0.173887 0.153415
v -6.277435 0.167874 0.053600
v -6.280885 0.196261 0.152108
v -6.281816 0.190247 0.052293
v -6.284700 0.219728 0.150730
v -6.285631 0.213714 0.050915
v -6.287943 0.244002 0.149298
v -6.288874 0.237989 0.049483
v -6.290604 0.268803 0.147828
v -6.291534 0.262790 0.048014
v -6.292680 0.293853 0.146338
v -6.293611 0.287840 0.046524
v -6.294167 0.318877 0.144845
v -6.295097 0.312864 0.045030
v -6.295063 0.343599 0.143364
v -6.295994 0.337585 0.043549
v -6.295367 0.367457 0.141929
v -6.296298 0.361443 0.042115
v -6.294645 0.385237 0.140852
v -6.295576 0.379224 0.041037
v -6.292624 0.399724 0.139960
v -6.293554 0.393711 0.040145
v -6.289526 0.411326 0.139232
v -6.290457 0.405312 0.039417
v -6.285618 0.420319 0.138654
v -6.286549 0.414306 0.038839
v -6.281101 0.427156 0.138200
v -6.282032 0.421143 0.038385
v -6.275971 0.432413 0.137835
v -6.276902 0.426400 0.038021
v -6.269979 0.436591 0.137528
v -6.270909 0.430578 0.037713
v -6.262785 0.439952 0.137258
v -6.263716 0.433938 0.037443
v -6.254172 0.442544 0.137022
v -6.255103 0.436531 0.037207
v -6.244102 0.444349 0.136819
v -6.245032 0.438336 0.037004
v -6.232655 0.445379 0.136650
v -6.233585 0.439365 0.036835
v -6.219863 0.445702 0.136511
v -6.220794 0.439689 0.036697
v -6.214680 0.445652 0.136466
v -6.215611 0.439638 0.036651
v -6.208713 0.445498 0.136420
v -6.209643 0.439485 0.036605
v -6.202162 0.445246 0.136374
v -6.203093 0.439232 0.036559
v -6.195081 0.444900 0.136328
v -6.196012 0.438887 0.036514
v -6.187516 0.444467 0.136284
v -6.188447 0.438454 0.036469
v -6.179516 0.443953 0.136240
v -6.180447 0.437939 0.036426
v -6.171119 0.443362 0.136198
v -6.172050 0.437349 0.036383
v -6.162369 0.442703 0.136156
v -6.163300 0.436690 0.036341
v -6.153305 0.441980 0.136115
v -6.154236 0.435967 0.036300
v -6.143969 0.441201 0.136074
v -6.144899 0.435188 0.036260
v -6.134397 0.440371 0.136035
v -6.135327 0.434358 0.036220
v -6.138590 0.440747 0.136052
v -6.139521 0.434733 0.036237
v -6.133209 0.420376 0.137229
v -6.134140 0.414363 0.037414
v -6.123028 0.383681 0.139344
v -6.123959 0.377668 0.039530
v -6.111631 0.344752 0.141583
v -6.112562 0.338739 0.041769
v -6.099000 0.304019 0.143919
v -6.099931 0.298006 0.044105
v -6.085112 0.261913 0.146326
v -6.086042 0.255900 0.046512
v -6.069942 0.218862 0.148778
v -6.070873 0.212849 0.048964
v -6.053471 0.175295 0.151249
v -6.054401 0.169282 0.051435
v -6.035668 0.131638 0.153713
v -6.036599 0.125625 0.053899
v -6.016508 0.088317 0.156144
v -6.017439 0.082303 0.056330
v -5.995958 0.045754 0.158517
v -5.996889 0.039741 0.058702
v -5.973984 0.004374 0.160805
v -5.974915 -0.001639 0.060990
v -5.942160 -0.049626 0.163761
v -5.943090 -0.055639 0.063946
v -5.828939 -0.005511 0.160047
v -5.829870 -0.011524 0.060232
v -5.865456 0.047144 0.157216
v -5.866386 0.041131 0.057401
v -5.886286 0.081413 0.155346
v -5.887217 0.075400 0.055531
v -5.906154 0.118073 0.153322
v -5.907084 0.112060 0.053508
v -5.924975 0.156519 0.151182
v -5.925906 0.150506 0.051367
v -5.942679 0.196153 0.148959
v -5.943610 0.190140 0.049145
v -5.959204 0.236379 0.146690
v -5.960135 0.230366 0.046875
v -5.974490 0.276605 0.144409
v -5.975421 0.270592 0.044595
v -5.988485 0.316241 0.142152
v -5.989416 0.310228 0.042337
v -6.001139 0.354699 0.139953
v -6.002069 0.348686 0.040139
v -6.012400 0.391389 0.137848
v -6.013330 0.385375 0.038033
v -6.022219 0.425721 0.135871
v -6.023149 0.419708 0.036057
v -6.023131 0.429160 0.135673
v -6.024062 0.423147 0.035858
v -5.937996 0.419792 0.135443
v -5.938927 0.413779 0.035628
v -5.932673 0.419105 0.135434
v -5.933604 0.413092 0.035620
v -5.926587 0.418327 0.135425
v -5.927518 0.412314 0.035610
v -5.920046 0.417495 0.135414
v -5.920977 0.411482 0.035599
v -5.913150 0.416618 0.135402
v -5.914081 0.410605 0.035587
v -5.906001 0.415705 0.135391
v -5.906932 0.409691 0.035576
v -5.898704 0.414764 0.135379
v -5.899634 0.408751 0.035564
v -5.891359 0.413807 0.135368
v -5.892290 0.407793 0.035554
v -5.884074 0.412841 0.135358
v -5.885005 0.406828 0.035544
v -5.876953 0.411878 0.135350
v -5.877884 0.405865 0.035535
v -5.870104 0.410927 0.135343
v -5.871035 0.404914 0.035529
v -5.863636 0.409998 0.135339
v -5.864567 0.403985 0.035524
v -5.836637 0.405956 0.135331
v -5.837567 0.399943 0.035516
v -5.825439 0.528253 0.127859
v -5.826370 0.522240 0.028044
v -5.855374 0.526537 0.128241
v -5.856305 0.520524 0.028427
v -5.861835 0.526258 0.128318
v -5.862765 0.520244 0.028504
v -5.868191 0.526067 0.128389
v -5.869122 0.520054 0.028574
v -5.874481 0.525958 0.128454
v -5.875412 0.519944 0.028640
v -5.880746 0.525920 0.128515
v -5.881677 0.519907 0.028700
v -5.887023 0.525946 0.128572
v -5.887954 0.519932 0.028757
v -5.893349 0.526026 0.128626
v -5.894279 0.520013 0.028812
v -5.899762 0.526153 0.128678
v -5.900693 0.520140 0.028864
v -5.906295 0.526318 0.128729
v -5.907226 0.520305 0.028915
v -5.912983 0.526511 0.128780
v -5.913914 0.520498 0.028966
v -5.919860 0.526724 0.128832
v -5.920791 0.520711 0.029017
v -5.926886 0.526945 0.128884
v -5.927816 0.520932 0.029069
v -6.781987 0.230456 0.154722
v -6.782918 0.224443 0.054908
v -6.811779 0.205876 0.156481
v -6.812710 0.199863 0.056666
v -6.829123 0.190917 0.157544
v -6.830054 0.184903 0.057729
v -6.846811 0.175069 0.158664
v -6.847742 0.169056 0.058849
v -6.864710 0.158484 0.159830
v -6.865641 0.152471 0.060015
v -6.882686 0.141315 0.161032
v -6.883616 0.135302 0.061217
v -6.900602 0.123716 0.162259
v -6.901533 0.117703 0.062445
v -6.918322 0.105842 0.163501
v -6.919252 0.099829 0.063687
v -6.935703 0.087846 0.164748
v -6.936634 0.081833 0.064933
v -6.952610 0.069883 0.165988
v -6.953541 0.063870 0.066173
v -6.968903 0.052107 0.167211
v -6.969833 0.046094 0.067396
v -6.984443 0.034671 0.168406
v -6.985373 0.028657 0.068591
v -7.012124 0.002649 0.170593
v -7.013055 -0.003365 0.070779
v -6.920125 -0.075645 0.174452
v -6.921056 -0.081658 0.074637
v -6.892530 -0.042315 0.172186
v -6.893461 -0.048328 0.072372
v -6.877275 -0.024581 0.170976
v -6.878205 -0.030594 0.071161
v -6.861414 -0.006781 0.169755
v -6.862345 -0.012794 0.069941
v -6.845066 0.010971 0.168533
v -6.845997 0.004957 0.068719
v -6.828354 0.028559 0.167318
v -6.829285 0.022546 0.067503
v -6.811393 0.045870 0.166117
v -6.812324 0.039857 0.066302
v -6.794305 0.062791 0.164938
v -6.795236 0.056778 0.065123
v -6.777208 0.079208 0.163790
v -6.778139 0.073195 0.063975
v -6.760224 0.095009 0.162679
v -6.761155 0.088996 0.062865
v -6.743476 0.110079 0.161615
v -6.744407 0.104066 0.061800
v -6.727084 0.124304 0.160605
v -6.728015 0.118291 0.060791
v -6.693074 0.152663 0.158580
v -6.694005 0.146649 0.058765
vn -0.0093 -0.0601 -0.9981
vn -0.0094 -0.0601 -0.9981
vn -0.0092 -0.0601 -0.9981
vn -0.0101 -0.0601 -0.9981
vn -0.0090 -0.0601 -0.9981
vn 0.0093 0.0601 0.9981
vn 0.0092 0.0601 0.9981
vn 0.0094 0.0601 0.9981
vn 0.0086 0.0601 0.9982
vn 0.0096 0.0601 0.9981
vn 0.1362 0.9888 -0.0608
vn 0.2684 0.9614 -0.0604
vn 0.3928 0.9177 -0.0590
vn 0.5078 0.8596 -0.0565
vn 0.6126 0.7886 -0.0532
vn 0.7067 0.7058 -0.0491
vn 0.7896 0.6120 -0.0442
vn 0.8608 0.5074 -0.0386
vn 0.9191 0.3926 -0.0322
vn 0.9629 0.2685 -0.0252
vn 0.9905 0.1365 -0.0175
vn 1.0000 0.0009 -0.0094
vn 0.9910 -0.1335 -0.0012
vn 0.9646 -0.2635 0.0069
vn 0.9220 -0.3869 0.0147
vn 0.8647 -0.5019 0.0222
vn 0.7940 -0.6072 0.0292
vn 0.7111 -0.7022 0.0357
vn 0.6167 -0.7861 0.0416
vn 0.5112 -0.8582 0.0469
vn 0.3954 -0.9171 0.0516
vn 0.2703 -0.9612 0.0554
vn 0.1376 -0.9888 0.0583
vn 0.0014 -0.9982 0.0601
vn -0.1341 -0.9891 0.0608
vn -0.2663 -0.9620 0.0604
vn -0.3926 -0.9178 0.0590
vn -0.5103 -0.8581 0.0565
vn -0.6178 -0.7845 0.0530
vn -0.7139 -0.6985 0.0487
vn -0.7977 -0.6015 0.0437
vn -0.8682 -0.4948 0.0379
vn -0.9247 -0.3795 0.0315
vn -0.9661 -0.2571 0.0245
vn -0.9914 -0.1296 0.0171
vn -1.0000 0.0009 0.0093
vn -0.9912 0.1327 0.0013
vn -0.9650 0.2620 -0.0068
vn -0.9227 0.3852 -0.0146
vn -0.8656 0.5003 -0.0221
vn -0.7947 0.6063 -0.0291
vn -0.7111 0.7022 -0.0357
vn -0.6155 0.7870 -0.0417
vn -0.5088 0.8596 -0.0470
vn -0.3920 0.9185 -0.0517
vn -0.2666 0.9622 -0.0555
vn -0.1350 0.9891 -0.0583
vn 0.0002 0.9982 -0.0601
vn -0.1378 0.9887 -0.0583
vn -0.2705 0.9611 -0.0554
vn -0.3953 0.9171 -0.0516
vn -0.5106 0.8585 -0.0470
vn -0.6156 0.7870 -0.0417
vn -0.7096 0.7037 -0.0358
vn -0.7924 0.6093 -0.0293
vn -0.8631 0.5045 -0.0223
vn -0.9208 0.3897 -0.0149
vn -0.9639 0.2660 -0.0070
vn -0.9908 0.1351 0.0011
vn -1.0000 -0.0000 0.0093
vn -0.9906 -0.1355 0.0174
vn -0.9633 -0.2673 0.0251
vn -0.9194 -0.3921 0.0322
vn -0.8606 -0.5078 0.0386
vn -0.7886 -0.6134 0.0443
vn -0.7045 -0.7080 0.0492
vn -0.6095 -0.7910 0.0533
vn -0.5040 -0.8618 0.0566
vn -0.3889 -0.9194 0.0590
vn -0.2651 -0.9623 0.0604
vn -0.1343 -0.9891 0.0608
vn 0.0001 -0.9982 0.0601
vn 0.1340 -0.9893 0.0583
vn 0.2645 -0.9628 0.0555
vn 0.3888 -0.9199 0.0518
vn 0.5050 -0.8618 0.0472
vn 0.6116 -0.7901 0.0419
vn 0.7075 -0.7058 0.0359
vn 0.7918 -0.6101 0.0294
vn 0.8636 -0.5036 0.0223
vn 0.9217 -0.3877 0.0148
vn 0.9911 -0.1332 -0.0012
vn 1.0000 -0.0001 -0.0093
vn 0.9910 0.1328 -0.0172
vn 0.9647 0.2622 -0.0248
vn 0.9222 0.3853 -0.0318
vn 0.8650 0.5003 -0.0382
vn 0.7942 0.6060 -0.0439
vn 0.7109 0.7015 -0.0489
vn 0.6159 0.7861 -0.0531
vn 0.5097 0.8585 -0.0565
vn 0.3932 0.9176 -0.0589
vn 0.2677 0.9616 -0.0604
vn 0.1353 0.9889 -0.0608
vn -0.0010 0.9982 -0.0601
vn -0.8543 0.5192 -0.0233
vn -0.9646 -0.2625 0.0248
vn -0.9649 -0.2613 0.0247
vn -0.9655 -0.2591 0.0246
vn -0.9664 -0.2559 0.0244
vn -0.9675 -0.2517 0.0242
vn -0.9689 -0.2463 0.0239
vn -0.9705 -0.2398 0.0235
vn -0.9725 -0.2317 0.0230
vn -0.9748 -0.2220 0.0225
vn -0.9774 -0.2102 0.0218
vn -0.9804 -0.1957 0.0209
vn -0.9785 -0.2050 0.0215
vn -0.9742 -0.2247 0.0226
vn -0.9728 -0.2303 0.0230
vn -0.9712 -0.2370 0.0233
vn -0.9693 -0.2448 0.0238
vn -0.9670 -0.2537 0.0243
vn -0.9642 -0.2640 0.0249
vn -0.9608 -0.2760 0.0256
vn -0.9566 -0.2901 0.0264
vn -0.9514 -0.3067 0.0274
vn -0.9447 -0.3267 0.0285
vn -0.9359 -0.3511 0.0299
vn -0.9273 -0.3729 0.0311
vn -0.9203 -0.3899 0.0321
vn -0.9130 -0.4066 0.0330
vn -0.9057 -0.4225 0.0339
vn -0.8983 -0.4380 0.0348
vn -0.8906 -0.4534 0.0356
vn -0.8826 -0.4687 0.0365
vn -0.8741 -0.4843 0.0373
vn -0.8651 -0.5002 0.0382
vn -0.8552 -0.5168 0.0391
vn -0.8444 -0.5342 0.0401
vn -0.8323 -0.5528 0.0411
vn -0.2815 -0.9577 0.0603
vn 0.9645 -0.2641 0.0069
vn 0.8129 0.5808 -0.0426
vn 0.8278 0.5594 -0.0414
vn 0.8410 0.5395 -0.0403
vn 0.8528 0.5208 -0.0393
vn 0.8634 0.5030 -0.0384
vn 0.8732 0.4859 -0.0374
vn 0.8823 0.4692 -0.0365
vn 0.8909 0.4528 -0.0356
vn 0.8991 0.4364 -0.0347
vn 0.9071 0.4196 -0.0337
vn 0.9150 0.4022 -0.0328
vn 0.9235 0.3824 -0.0317
vn 0.9326 0.3595 -0.0304
vn 0.9411 0.3368 -0.0291
vn 0.9484 0.3160 -0.0279
vn 0.9547 0.2963 -0.0268
vn 0.9605 0.2772 -0.0257
vn 0.9658 0.2580 -0.0246
vn 0.9709 0.2384 -0.0234
vn 0.9757 0.2178 -0.0222
vn 0.9805 0.1955 -0.0209
vn 0.9851 0.1709 -0.0195
vn 0.9896 0.1429 -0.0178
vn 0.5773 0.8147 -0.0545
vn -0.3678 0.9284 -0.0525
vn -0.8833 0.4684 -0.0200
vn -0.8902 0.4551 -0.0191
vn -0.8957 0.4443 -0.0184
vn -0.9002 0.4351 -0.0178
vn -0.9042 0.4268 -0.0173
vn -0.9078 0.4191 -0.0168
vn -0.9112 0.4116 -0.0163
vn -0.9146 0.4041 -0.0158
vn -0.9180 0.3962 -0.0153
vn -0.9216 0.3878 -0.0148
vn -0.9256 0.3783 -0.0142
vn -0.9272 0.3744 -0.0139
vn -0.9290 0.3700 -0.0136
vn -0.9330 0.3597 -0.0130
vn -0.9363 0.3510 -0.0124
vn -0.9392 0.3433 -0.0119
vn -0.9417 0.3361 -0.0115
vn -0.9441 0.3293 -0.0110
vn -0.9465 0.3226 -0.0106
vn -0.9488 0.3156 -0.0102
vn -0.9513 0.3080 -0.0097
vn -0.9541 0.2995 -0.0091
vn -0.9572 0.2893 -0.0085
vn -0.8849 -0.4643 0.0362
vn 0.4825 -0.8746 0.0482
vn 0.9669 -0.2549 0.0063
vn 0.9628 -0.2700 0.0073
vn 0.9591 -0.2830 0.0081
vn 0.9556 -0.2945 0.0088
vn 0.9523 -0.3049 0.0095
vn 0.9492 -0.3144 0.0101
vn 0.9463 -0.3232 0.0106
vn 0.9433 -0.3317 0.0112
vn 0.9404 -0.3399 0.0117
vn 0.9374 -0.3480 0.0122
vn 0.9343 -0.3562 0.0127
vn 0.9317 -0.3631 0.0132
vn 0.9289 -0.3700 0.0136
vn 0.9256 -0.3783 0.0142
vn 0.9223 -0.3863 0.0147
vn 0.9188 -0.3943 0.0152
vn 0.9152 -0.4028 0.0157
vn 0.9111 -0.4119 0.0163
vn 0.9065 -0.4219 0.0170
vn 0.9010 -0.4335 0.0177
vn 0.8943 -0.4470 0.0186
vn 0.8859 -0.4635 0.0197
vn 0.8746 -0.4843 0.0210
vn 0.9340 0.3559 -0.0302
vn -0.9999 -0.0061 0.0097
vn -0.9996 -0.0266 0.0109
vn -0.9982 -0.0592 0.0129
vn -0.9949 -0.0997 0.0153
vn -0.9887 -0.1490 0.0182
vn -0.9780 -0.2075 0.0216
vn -0.9613 -0.2745 0.0255
vn -0.9373 -0.3473 0.0297
vn -0.9061 -0.4217 0.0339
vn -0.8697 -0.4922 0.0378
vn -0.8316 -0.5538 0.0411
vn -0.7965 -0.6031 0.0438
vn -0.7614 -0.6467 0.0461
vn -0.7168 -0.6956 0.0486
vn -0.6658 -0.7444 0.0511
vn -0.6169 -0.7853 0.0531
vn -0.5707 -0.8193 0.0547
vn -0.5278 -0.8475 0.0560
vn -0.4883 -0.8708 0.0570
vn -0.4524 -0.8900 0.0578
vn -0.4199 -0.9057 0.0585
vn -0.3908 -0.9186 0.0590
vn -0.3651 -0.9291 0.0594
vn -0.3429 -0.9375 0.0597
vn 0.2361 -0.9701 0.0562
vn 0.9617 0.2729 -0.0254
vn 0.2746 0.9596 -0.0604
vn 0.3093 0.9491 -0.0601
vn 0.3463 0.9362 -0.0596
vn 0.3857 0.9207 -0.0591
vn 0.4274 0.9022 -0.0583
vn 0.4710 0.8803 -0.0574
vn 0.5162 0.8546 -0.0563
vn 0.5627 0.8248 -0.0549
vn 0.6099 0.7907 -0.0533
vn 0.6571 0.7521 -0.0514
vn 0.7035 0.7090 -0.0493
vn 0.7546 0.6545 -0.0465
vn 0.8055 0.5911 -0.0431
vn 0.8514 0.5231 -0.0395
vn 0.8942 0.4463 -0.0352
vn 0.9302 0.3657 -0.0307
vn 0.9576 0.2869 -0.0262
vn 0.9764 0.2150 -0.0221
vn 0.9880 0.1534 -0.0185
vn 0.9945 0.1032 -0.0155
vn 0.9979 0.0642 -0.0132
vn 0.9993 0.0351 -0.0114
vn 0.9998 0.0145 -0.0102
vn 1.0000 0.0031 -0.0095
vn 1.0000 -0.0000 -0.0093
vn 1.0000 -0.0024 -0.0092
vn 0.9999 -0.0098 -0.0087
vn 0.9998 -0.0199 -0.0081
vn 0.9995 -0.0300 -0.0075
vn 0.9992 -0.0402 -0.0069
vn 0.9987 -0.0504 -0.0063
vn 0.9981 -0.0606 -0.0057
vn 0.9975 -0.0708 -0.0050
vn 0.9967 -0.0809 -0.0044
vn 0.9959 -0.0907 -0.0038
vn 0.9949 -0.1004 -0.0032
vn 0.9940 -0.1098 -0.0027
vn 0.7461 0.6642 -0.0470
vn -0.7337 0.6786 -0.0340
vn -0.9973 -0.0715 0.0136
vn -0.9979 -0.0637 0.0131
vn -0.9983 -0.0560 0.0127
vn -0.9987 -0.0486 0.0122
vn -0.9991 -0.0415 0.0118
vn -0.9993 -0.0348 0.0114
vn -0.9995 -0.0282 0.0110
vn -0.9997 -0.0220 0.0106
vn -0.9998 -0.0160 0.0103
vn -0.9999 -0.0104 0.0100
vn -0.9999 -0.0051 0.0096
vn -1.0000 -0.0012 0.0094
vn -1.0000 0.0032 0.0091
vn -0.9999 0.0119 0.0086
vn -0.9997 0.0224 0.0080
vn -0.9995 0.0315 0.0074
vn -0.9992 0.0399 0.0069
vn -0.9989 0.0475 0.0065
vn -0.9985 0.0548 0.0060
vn -0.9981 0.0621 0.0056
vn -0.9976 0.0696 0.0051
vn -0.9970 0.0777 0.0046
vn -0.9962 0.0867 0.0041
vn -0.9952 0.0973 0.0034
vn -0.7423 -0.6684 0.0472
vn 0.7506 -0.6600 0.0328
vn 0.9926 0.1200 -0.0165
vn 0.9939 0.1095 -0.0159
vn 0.9949 0.1001 -0.0153
vn 0.9957 0.0911 -0.0148
vn 0.9965 0.0822 -0.0142
vn 0.9972 0.0730 -0.0137
vn 0.9979 0.0632 -0.0131
vn 0.9985 0.0529 -0.0125
vn 0.9991 0.0416 -0.0118
vn 0.9995 0.0292 -0.0111
vn 0.9998 0.0153 -0.0102
vn 0.9999 0.0040 -0.0096
vn 1.0000 -0.0041 -0.0091
vn 0.9999 -0.0149 -0.0084
vn 0.9996 -0.0265 -0.0077
vn 0.9993 -0.0355 -0.0072
vn 0.9991 -0.0430 -0.0067
vn 0.9987 -0.0497 -0.0063
vn 0.9984 -0.0558 -0.0059
vn 0.9981 -0.0619 -0.0056
vn 0.9977 -0.0682 -0.0052
vn 0.9972 -0.0750 -0.0048
vn 0.9966 -0.0828 -0.0043
vn 0.9957 -0.0925 -0.0037
vn 0.7406 0.6703 -0.0473
vn -0.7420 0.6695 -0.0334
vn -0.9953 -0.0960 0.0151
vn -0.9960 -0.0883 0.0146
vn -0.9966 -0.0809 0.0142
vn -0.9972 -0.0737 0.0137
vn -0.9977 -0.0665 0.0133
vn -0.9982 -0.0591 0.0129
vn -0.9986 -0.0514 0.0124
vn -0.9990 -0.0431 0.0119
vn -0.9994 -0.0340 0.0114
vn -0.9997 -0.0240 0.0108
vn -0.9999 -0.0126 0.0101
vn -0.9999 -0.0033 0.0095
vn 0.5470 0.8353 -0.0554
vn 0.5714 0.8189 -0.0547
vn 0.5939 0.8028 -0.0539
vn 0.6149 0.7868 -0.0531
vn 0.6350 0.7707 -0.0524
vn 0.6545 0.7543 -0.0515
vn 0.6737 0.7372 -0.0507
vn 0.6932 0.7191 -0.0498
vn 0.7132 0.6993 -0.0488
vn 0.7343 0.6772 -0.0476
vn 0.7571 0.6517 -0.0463
vn 0.0537 0.9967 -0.0605
vn -0.9997 0.0245 0.0078
vn -0.7202 -0.6920 0.0484
vn -0.7025 -0.7100 0.0493
vn -0.6861 -0.7258 0.0501
vn -0.6706 -0.7401 0.0508
vn -0.6557 -0.7533 0.0515
vn -0.6409 -0.7658 0.0521
vn -0.6262 -0.7779 0.0527
vn -0.6111 -0.7897 0.0533
vn -0.5956 -0.8015 0.0538
vn -0.5793 -0.8133 0.0544
vn -0.5620 -0.8253 0.0550
vn -0.8810 -0.4717 0.0366
vn -1.0000 0.0014 0.0092
vn -0.9999 0.0057 0.0090
vn -0.9999 0.0118 0.0086
vn -0.9998 0.0186 0.0082
vn -0.9996 0.0265 0.0077
vn -0.9993 0.0357 0.0072
vn -0.9989 0.0468 0.0065
vn -0.9982 0.0604 0.0057
vn -0.9970 0.0776 0.0046
vn -0.9950 0.1002 0.0032
vn -0.9913 0.1313 0.0013
vn -0.9843 0.1767 -0.0015
vn -0.7755 -0.6297 0.0452
vn 0.7454 -0.6658 0.0332
vn 0.9964 0.0833 -0.0143
vn 0.9974 0.0713 -0.0136
vn 0.9980 0.0617 -0.0130
vn 0.9985 0.0537 -0.0125
vn 0.9988 0.0464 -0.0121
vn 0.9991 0.0396 -0.0117
vn 0.9994 0.0328 -0.0113
vn 0.9996 0.0257 -0.0109
vn 0.9998 0.0181 -0.0104
vn 0.9999 0.0096 -0.0099
vn 1.0000 0.0025 -0.0095
vn 0.8557 0.5161 -0.0391
vn 0.8887 -0.4580 0.0193
vn -0.4453 -0.8935 0.0580
vn -0.4326 -0.8997 0.0582
vn -0.4198 -0.9057 0.0585
vn -0.4069 -0.9116 0.0587
vn -0.3935 -0.9174 0.0589
vn -0.3797 -0.9232 0.0592
vn -0.3495 -0.9350 0.0596
vn -0.3329 -0.9411 0.0598
vn -0.3148 -0.9473 0.0600
vn 0.3832 -0.9222 0.0520
vn 0.9117 0.4095 -0.0332
vn 0.2656 0.9622 -0.0604
vn 0.2988 0.9524 -0.0602
vn 0.3278 0.9428 -0.0599
vn 0.3537 0.9335 -0.0595
vn 0.3772 0.9242 -0.0592
vn 0.3988 0.9151 -0.0589
vn 0.4193 0.9060 -0.0585
vn 0.4390 0.8966 -0.0581
vn 0.4587 0.8867 -0.0577
vn 0.4790 0.8760 -0.0572
vn 0.5008 0.8637 -0.0567
vn 0.5232 0.8504 -0.0561
vn 0.1038 0.9927 -0.0608
vn 0.1016 0.9930 -0.0608
vn 0.0998 0.9931 -0.0608
vn 0.0981 0.9933 -0.0608
vn 0.0964 0.9935 -0.0608
vn 0.0947 0.9937 -0.0607
vn 0.0928 0.9938 -0.0607
vn 0.0909 0.9940 -0.0607
vn 0.0887 0.9942 -0.0607
vn 0.0863 0.9944 -0.0607
vn 0.0836 0.9946 -0.0607
vn 0.0813 0.9948 -0.0607
vn 0.0791 0.9950 -0.0607
vn 0.0764 0.9952 -0.0607
vn 0.0737 0.9954 -0.0607
vn 0.0709 0.9956 -0.0606
vn 0.0681 0.9958 -0.0606
vn 0.0652 0.9960 -0.0606
vn 0.0622 0.9962 -0.0606
vn 0.0591 0.9964 -0.0606
vn 0.0558 0.9966 -0.0606
vn 0.0522 0.9968 -0.0605
vn 0.0483 0.9970 -0.0605
vn -0.6907 0.7222 -0.0371
vn -0.7074 -0.7052 0.0491
vn -0.0040 -0.9982 0.0602
vn -0.0104 -0.9981 0.0602
vn -0.0191 -0.9980 0.0603
vn -0.0300 -0.9977 0.0604
vn -0.0434 -0.9972 0.0605
vn -0.0598 -0.9964 0.0606
vn -0.0797 -0.9950 0.0607
vn -0.1042 -0.9927 0.0608
vn -0.1344 -0.9891 0.0608
vn -0.1725 -0.9831 0.0608
vn -0.2211 -0.9734 0.0607
vn -0.3090 -0.9492 0.0601
vn -0.4257 -0.9030 0.0584
vn -0.5320 -0.8449 0.0559
vn -0.6246 -0.7792 0.0528
vn -0.7040 -0.7085 0.0493
vn -0.7715 -0.6346 0.0454
vn -0.8286 -0.5582 0.0414
vn -0.8769 -0.4793 0.0371
vn -0.9172 -0.3970 0.0325
vn -0.9503 -0.3100 0.0275
vn -0.9761 -0.2163 0.0221
vn -0.9934 -0.1132 0.0161
vn -0.9999 0.0103 0.0087
vn -0.9862 0.1656 -0.0008
vn -0.9409 0.3384 -0.0116
vn -0.8629 0.5048 -0.0224
vn -0.7597 0.6495 -0.0320
vn -0.6440 0.7640 -0.0400
vn -0.5281 0.8479 -0.0462
vn -0.4201 0.9061 -0.0507
vn -0.3234 0.9447 -0.0539
vn -0.2383 0.9696 -0.0562
vn -0.1636 0.9848 -0.0578
vn -0.0976 0.9935 -0.0589
vn -0.8344 0.5506 -0.0254
vn -0.5458 -0.8361 0.0555
vn 0.1203 -0.9910 0.0586
vn 0.2032 -0.9775 0.0570
vn 0.2893 -0.9557 0.0549
vn 0.3802 -0.9234 0.0521
vn 0.4768 -0.8777 0.0484
vn 0.5787 -0.8144 0.0437
vn 0.6831 -0.7293 0.0376
vn 0.7847 -0.6192 0.0300
vn 0.8749 -0.4838 0.0210
vn 0.9445 -0.3284 0.0110
vn 0.9866 -0.1633 0.0006
vn 0.9950 0.0990 -0.0152
vn 0.9807 0.1944 -0.0209
vn 0.9584 0.2843 -0.0261
vn 0.9293 0.3681 -0.0308
vn 0.8945 0.4456 -0.0352
vn 0.8550 0.5171 -0.0391
vn 0.8112 0.5832 -0.0427
vn 0.7631 0.6446 -0.0460
vn 0.7104 0.7021 -0.0489
vn 0.6522 0.7563 -0.0516
vn 0.8097 -0.5861 0.0278
vn -0.9406 0.3392 -0.0117
vn 0.9943 -0.1069 -0.0028
vn -0.1047 -0.9926 0.0608
vn -0.1048 -0.9926 0.0608
vn -0.1064 -0.9925 0.0608
vn -0.1092 -0.9922 0.0608
vn -0.1134 -0.9917 0.0608
vn -0.1192 -0.9910 0.0608
vn -0.1271 -0.9900 0.0608
vn -0.1379 -0.9886 0.0608
vn -0.1530 -0.9864 0.0608
vn -0.1753 -0.9826 0.0608
vn 0.5965 -0.8015 0.0427
vn 0.7518 0.6578 -0.0466
vn 0.0308 0.9977 -0.0604
vn 0.0359 0.9975 -0.0604
vn 0.0410 0.9973 -0.0605
vn 0.0462 0.9971 -0.0605
vn 0.0516 0.9968 -0.0605
vn 0.0572 0.9965 -0.0606
vn 0.0632 0.9962 -0.0606
vn 0.0696 0.9957 -0.0606
vn 0.0766 0.9952 -0.0607
vn 0.0845 0.9946 -0.0607
vn 0.0936 0.9938 -0.0607
vn 0.1017 0.9930 -0.0608
vn 0.3332 -0.9413 0.0536
vn 0.8969 -0.4418 0.0182
vn 0.8917 -0.4523 0.0189
vn 0.8861 -0.4631 0.0196
vn 0.8802 -0.4742 0.0204
vn 0.8739 -0.4857 0.0211
vn 0.8670 -0.4978 0.0219
vn 0.8596 -0.5105 0.0227
vn 0.8513 -0.5241 0.0236
vn 0.8422 -0.5386 0.0246
vn 0.8319 -0.5543 0.0256
vn 0.8203 -0.5712 0.0268
vn 0.9631 0.2679 -0.0251
vn -0.2784 0.9589 -0.0552
vn -0.8293 0.5582 -0.0259
vn -0.8365 0.5474 -0.0252
vn -0.8427 0.5379 -0.0245
vn -0.8483 0.5290 -0.0240
vn -0.8536 0.5204 -0.0234
vn -0.8589 0.5116 -0.0228
vn -0.8644 0.5022 -0.0222
vn -0.8704 0.4920 -0.0215
vn -0.8769 0.4803 -0.0208
vn -0.8842 0.4666 -0.0199
vn -0.8928 0.4500 -0.0188
vn -0.9436 -0.3298 0.0287
vn 0.3247 -0.9443 0.0539
vn 0.8922 -0.4513 0.0189
vn 0.8859 -0.4634 0.0197
vn 0.8794 -0.4756 0.0204
vn 0.8728 -0.4877 0.0212
vn 0.8658 -0.4999 0.0220
vn 0.8585 -0.5123 0.0229
vn 0.8509 -0.5249 0.0237
vn 0.8428 -0.5377 0.0245
vn 0.8342 -0.5508 0.0254
vn 0.8251 -0.5644 0.0263
vn 0.8153 -0.5784 0.0272
vn 0.9681 0.2495 -0.0241
vn -0.2527 0.9659 -0.0558
vn -0.8164 0.5769 -0.0271
vn -0.8226 0.5679 -0.0265
vn -0.8281 0.5599 -0.0260
vn -0.8333 0.5523 -0.0255
vn -0.8382 0.5447 -0.0250
vn -0.8433 0.5369 -0.0245
vn -0.8486 0.5285 -0.0239
vn -0.8544 0.5192 -0.0233
vn -0.8608 0.5085 -0.0226
vn -0.8681 0.4960 -0.0218
vn -0.8766 0.4808 -0.0208
vn -0.9506 -0.3091 0.0275
vn -0.9865 0.1636 -0.0007
vn -0.9402 0.3405 -0.0117
vn -0.8559 0.5167 -0.0231
vn -0.7401 0.6717 -0.0336
vn -0.6089 0.7921 -0.0420
vn -0.4792 0.8764 -0.0483
vn -0.3618 0.9307 -0.0527
vn -0.2611 0.9637 -0.0556
vn -0.1769 0.9825 -0.0575
vn -0.1072 0.9925 -0.0588
vn -0.0495 0.9970 -0.0596
vn -0.0092 0.9982 -0.0600
vn 0.0110 0.9981 -0.0602
vn 0.0236 0.9979 -0.0603
vn 0.0374 0.9975 -0.0604
vn 0.0525 0.9968 -0.0605
vn 0.0688 0.9958 -0.0606
vn 0.0861 0.9944 -0.0607
vn 0.1043 0.9927 -0.0608
vn 0.1234 0.9905 -0.0608
vn 0.1430 0.9878 -0.0608
vn 0.1631 0.9847 -0.0608
vn 0.1833 0.9812 -0.0608
vn -0.6496 0.7592 -0.0397
vn -0.7448 -0.6656 0.0470
vn -0.1402 -0.9883 0.0608
vn -0.1261 -0.9902 0.0608
vn -0.1123 -0.9918 0.0608
vn -0.0988 -0.9932 0.0608
vn -0.0857 -0.9945 0.0607
vn -0.0727 -0.9955 0.0607
vn -0.0601 -0.9964 0.0606
vn -0.0476 -0.9970 0.0605
vn -0.0353 -0.9975 0.0604
vn -0.0232 -0.9979 0.0603
vn -0.0113 -0.9981 0.0602
vn 0.0105 -0.9981 0.0600
vn 0.0555 -0.9967 0.0595
vn 0.1193 -0.9911 0.0586
vn 0.1951 -0.9791 0.0572
vn 0.2848 -0.9570 0.0550
vn 0.3895 -0.9196 0.0518
vn 0.5081 -0.8600 0.0471
vn 0.6351 -0.7714 0.0405
vn 0.7595 -0.6497 0.0321
vn 0.8666 -0.4986 0.0220
vn 0.9437 -0.3307 0.0111
vn 0.9993 -0.0360 -0.0072
vn 0.9992 0.0376 -0.0116
vn 0.9956 0.0929 -0.0149
vn 0.9889 0.1472 -0.0181
vn 0.9797 0.1995 -0.0212
vn 0.9684 0.2484 -0.0240
vn 0.9557 0.2931 -0.0266
vn 0.9425 0.3328 -0.0288
vn 0.9297 0.3670 -0.0308
vn 0.9179 0.3954 -0.0324
vn 0.9079 0.4179 -0.0336
vn 0.9000 0.4346 -0.0346
vn 0.4391 0.8966 -0.0581
vn -0.9257 0.3781 -0.0141
vn -0.8362 -0.5470 0.0408
vn -0.8503 -0.5248 0.0396
vn -0.8669 -0.4970 0.0380
vn -0.8856 -0.4631 0.0362
vn -0.9055 -0.4229 0.0339
vn -0.9259 -0.3764 0.0313
vn -0.9457 -0.3237 0.0283
vn -0.9638 -0.2655 0.0250
vn -0.9790 -0.2027 0.0213
vn -0.9905 -0.1364 0.0175
vn -0.9976 -0.0683 0.0134
vn -0.9997 0.0218 0.0080
vn -0.6164 0.7863 -0.0416
vn -0.9923 0.1237 0.0018
vn -0.9899 0.1417 0.0007
vn -0.9874 0.1583 -0.0003
vn -0.9848 0.1738 -0.0013
vn -0.9821 0.1881 -0.0022
vn -0.9795 0.2015 -0.0030
vn -0.9768 0.2139 -0.0038
vn -0.9742 0.2255 -0.0045
vn -0.9717 0.2363 -0.0052
vn -0.9692 0.2464 -0.0058
vn -0.2557 -0.9649 0.0605
vn 0.5542 -0.8312 0.0449
vn 0.9902 -0.1396 -0.0008
vn 0.1536 0.9863 -0.0608
vn 0.1680 0.9839 -0.0608
vn 0.1826 0.9813 -0.0608
vn 0.1975 0.9784 -0.0608
vn 0.2127 0.9752 -0.0607
vn 0.2281 0.9717 -0.0607
vn 0.2439 0.9679 -0.0606
vn 0.2601 0.9637 -0.0605
vn 0.2767 0.9591 -0.0604
vn 0.2938 0.9540 -0.0602
vn -0.5280 0.8480 -0.0462
vn -0.8383 -0.5437 0.0406
vn -0.2573 -0.9644 0.0605
vn -0.2453 -0.9675 0.0606
vn -0.2338 -0.9704 0.0606
vn -0.2226 -0.9730 0.0607
vn -0.2115 -0.9755 0.0607
vn -0.2005 -0.9778 0.0608
vn -0.1893 -0.9800 0.0608
vn -0.1780 -0.9821 0.0608
vn -0.1664 -0.9842 0.0608
vn -0.1544 -0.9861 0.0608
vn -0.9898 0.1421 0.0007
vn -0.5341 0.8442 -0.0459
vn -0.9438 0.3304 -0.0111
vn -0.5127 0.8573 -0.0469
vn 0.1373 0.9887 -0.0608
vn 0.1551 0.9860 -0.0608
vn 0.1721 0.9832 -0.0608
vn 0.1885 0.9802 -0.0608
vn 0.2044 0.9770 -0.0608
vn 0.2197 0.9737 -0.0607
vn 0.2345 0.9702 -0.0606
vn 0.2489 0.9666 -0.0606
vn 0.2629 0.9629 -0.0605
vn 0.2766 0.9591 -0.0604
vn 0.2901 0.9551 -0.0602
vn -0.5275 0.8483 -0.0462
vn -0.8377 -0.5446 0.0406
vn -0.2487 -0.9667 0.0606
vn -0.2372 -0.9696 0.0606
vn -0.2264 -0.9721 0.0607
vn -0.2160 -0.9745 0.0607
vn -0.2060 -0.9767 0.0608
vn -0.1963 -0.9786 0.0608
vn -0.1869 -0.9805 0.0608
vn -0.1776 -0.9822 0.0608
vn -0.1684 -0.9838 0.0608
vn -0.1592 -0.9854 0.0608
vn -0.9886 0.1503 0.0002
vn 0.8851 0.4639 -0.0362
vn 0.4444 0.8939 -0.0580
vn -0.8924 0.4509 -0.0188
vn -0.8885 0.4584 -0.0193
vn -0.8842 0.4668 -0.0199
vn -0.8793 0.4759 -0.0205
vn -0.8738 0.4858 -0.0211
vn -0.8677 0.4966 -0.0218
vn -0.8609 0.5082 -0.0226
vn -0.8534 0.5207 -0.0234
vn -0.8450 0.5341 -0.0243
vn -0.8358 0.5485 -0.0252
vn -0.8246 0.5652 -0.0264
vn -0.8120 0.5829 -0.0275
vn -0.7997 0.5997 -0.0287
vn -0.7874 0.6157 -0.0297
vn -0.7755 0.6306 -0.0308
vn -0.7640 0.6445 -0.0317
vn -0.7531 0.6571 -0.0326
vn -0.7430 0.6685 -0.0333
vn -0.7256 0.6873 -0.0346
vn -0.7184 0.6947 -0.0351
vn -0.7125 0.7008 -0.0356
vn -0.9955 0.0949 0.0036
vn -0.3601 -0.9310 0.0594
vn 0.2230 -0.9732 0.0565
vn 0.1942 -0.9793 0.0572
vn 0.1720 -0.9834 0.0576
vn 0.1547 -0.9863 0.0580
vn 0.1413 -0.9883 0.0582
vn 0.1308 -0.9897 0.0584
vn 0.1230 -0.9907 0.0585
vn 0.1173 -0.9914 0.0586
vn 0.1138 -0.9918 0.0587
vn 0.1123 -0.9919 0.0587
vn 0.1130 -0.9919 0.0587
vn 0.7832 -0.6210 0.0301
vn 0.6222 0.7811 -0.0529
vn -0.1122 0.9920 -0.0587
vn -0.1115 0.9920 -0.0587
vn -0.1111 0.9921 -0.0587
vn -0.1110 0.9921 -0.0587
vn -0.1122 0.9919 -0.0587
vn -0.1133 0.9918 -0.0587
vn -0.1148 0.9917 -0.0587
vn -0.1170 0.9914 -0.0586
vn 0.9927 0.1194 -0.0165
vn -0.8463 -0.5312 0.0399
vn 0.5333 0.8441 -0.0558
vn 0.8535 -0.5205 0.0234
vn 0.8608 -0.5084 0.0226
vn 0.8677 -0.4966 0.0218
vn 0.8743 -0.4850 0.0211
vn 0.8805 -0.4736 0.0203
vn 0.8865 -0.4624 0.0196
vn 0.8976 -0.4405 0.0182
vn 0.9028 -0.4298 0.0175
vn -0.4195 -0.9059 0.0585
vn -0.8621 -0.5053 0.0385
vn -0.0731 -0.9955 0.0607
vn -0.0581 -0.9965 0.0606
vn -0.0442 -0.9972 0.0605
vn -0.0311 -0.9977 0.0604
vn -0.0184 -0.9980 0.0603
vn -0.0061 -0.9982 0.0602
vn 0.0062 -0.9982 0.0601
vn 0.0185 -0.9980 0.0600
vn 0.0311 -0.9977 0.0598
vn 0.0441 -0.9972 0.0597
vn 0.0576 -0.9966 0.0595
vn 0.7113 -0.7020 0.0357
vn 0.6910 0.7211 -0.0499
vn -0.0885 0.9943 -0.0591
vn -0.0711 0.9957 -0.0593
vn -0.0545 0.9967 -0.0595
vn -0.0385 0.9975 -0.0597
vn -0.0229 0.9979 -0.0599
vn -0.0077 0.9982 -0.0601
vn 0.0074 0.9982 -0.0602
vn 0.0226 0.9979 -0.0603
vn 0.0379 0.9975 -0.0604
vn -0.9975 0.0706 0.0051
vn 0.5335 -0.8446 0.0459
vn 0.9395 -0.3425 0.0119
vn 0.5582 -0.8285 0.0447
vn -0.0460 -0.9971 0.0605
vn -0.0312 -0.9977 0.0604
vn -0.0175 -0.9980 0.0603
vn -0.0045 -0.9982 0.0602
vn 0.0079 -0.9982 0.0601
vn 0.0198 -0.9980 0.0599
vn 0.0314 -0.9977 0.0598
vn 0.0428 -0.9973 0.0597
vn 0.0541 -0.9968 0.0595
vn 0.0654 -0.9961 0.0594
vn 0.0767 -0.9953 0.0592
vn 0.7123 -0.7010 0.0356
vn 0.6921 0.7201 -0.0498
vn -0.1025 0.9930 -0.0589
vn -0.0888 0.9943 -0.0591
vn -0.0751 0.9954 -0.0593
vn -0.0615 0.9963 -0.0594
vn -0.0479 0.9971 -0.0596
vn -0.0343 0.9976 -0.0598
vn -0.0206 0.9980 -0.0599
vn -0.0068 0.9982 -0.0601
vn 0.0073 0.9982 -0.0602
vn 0.0216 0.9979 -0.0603
vn -0.9993 0.0368 0.0071
vn -0.8096 -0.5854 0.0428
vn 0.2652 0.9623 -0.0604
vn 0.9641 -0.2655 0.0070
vn 0.9619 -0.2735 0.0075
vn 0.9597 -0.2809 0.0080
vn 0.9576 -0.2881 0.0084
vn 0.9555 -0.2948 0.0088
vn 0.9535 -0.3013 0.0093
vn 0.9515 -0.3075 0.0096
vn 0.9495 -0.3135 0.0100
vn 0.9476 -0.3193 0.0104
vn 0.9457 -0.3249 0.0107
vn 0.9438 -0.3303 0.0111
vn 0.8517 0.5226 -0.0394
vn 0.2700 0.9610 -0.0604
vn -0.4280 0.9024 -0.0504
vn -0.4455 0.8939 -0.0497
vn -0.4600 0.8865 -0.0491
vn -0.4728 0.8798 -0.0486
vn -0.4846 0.8734 -0.0481
vn -0.4961 0.8670 -0.0476
vn -0.5080 0.8601 -0.0471
vn -0.5208 0.8524 -0.0465
vn -0.5356 0.8432 -0.0458
vn -0.5536 0.8315 -0.0449
vn -0.5773 0.8154 -0.0437
vn -0.9856 0.1693 -0.0010
vn -0.1446 -0.9876 0.0608
vn 0.6143 -0.7879 0.0417
vn 0.5860 -0.8092 0.0433
vn 0.5630 -0.8253 0.0445
vn 0.5435 -0.8382 0.0454
vn 0.5265 -0.8489 0.0462
vn 0.5110 -0.8583 0.0469
vn 0.4963 -0.8669 0.0476
vn 0.4817 -0.8750 0.0482
vn 0.4667 -0.8831 0.0488
vn 0.4503 -0.8915 0.0495
vn 0.4315 -0.9007 0.0502
vn 0.9632 -0.2685 0.0072
vn -0.0796 -0.9950 0.0607
vn -0.1638 -0.9846 0.0608
vn -0.2530 -0.9656 0.0605
vn -0.3474 -0.9358 0.0596
vn -0.4471 -0.8926 0.0579
vn -0.5511 -0.8326 0.0553
vn -0.6574 -0.7518 0.0514
vn -0.7616 -0.6464 0.0460
vn -0.8567 -0.5143 0.0390
vn -0.9335 -0.3572 0.0302
vn -0.9831 -0.1820 0.0201
vn -0.9999 -0.0109 0.0100
vn -0.9897 0.1430 0.0006
vn -0.9559 0.2936 -0.0088
vn -0.8953 0.4451 -0.0185
vn -0.8090 0.5871 -0.0278
vn -0.7031 0.7102 -0.0362
vn -0.5864 0.8088 -0.0433
vn -0.4681 0.8823 -0.0488
vn -0.3550 0.9334 -0.0529
vn -0.2509 0.9664 -0.0559
vn -0.1575 0.9858 -0.0579
vn -0.0746 0.9955 -0.0593
vn 0.0047 0.9982 -0.0602
vn 0.0967 0.9935 -0.0608
vn 0.2069 0.9765 -0.0608
vn 0.3302 0.9420 -0.0598
vn 0.4620 0.8850 -0.0576
vn 0.5942 0.8025 -0.0539
vn 0.7162 0.6962 -0.0486
vn 0.8184 0.5730 -0.0422
vn 0.8958 0.4430 -0.0350
vn 0.9484 0.3157 -0.0279
vn 0.9800 0.1981 -0.0211
vn 0.9955 0.0933 -0.0149
vn 0.9999 0.0110 -0.0100
vn 0.6064 0.7934 -0.0535
vn -0.9622 -0.2712 0.0253
vn 0.2458 -0.9677 0.0560
vn 0.2199 -0.9739 0.0566
vn 0.1690 -0.9839 0.0577
vn 0.1440 -0.9879 0.0582
vn 0.1194 -0.9911 0.0586
vn 0.0951 -0.9937 0.0590
vn 0.0711 -0.9957 0.0593
vn 0.0473 -0.9971 0.0596
vn 0.0238 -0.9979 0.0599
vn -0.0132 -0.9981 0.0603
vn -0.8120 0.5830 -0.0275
vn -0.3765 0.9250 -0.0522
vn -0.4113 0.9101 -0.0510
vn -0.4439 0.8947 -0.0498
vn -0.4743 0.8791 -0.0485
vn -0.5024 0.8633 -0.0473
vn -0.5285 0.8477 -0.0461
vn -0.5526 0.8322 -0.0450
vn -0.5748 0.8171 -0.0439
vn -0.5951 0.8025 -0.0428
vn -0.6137 0.7884 -0.0418
vn -0.6307 0.7749 -0.0408
vn -0.9877 0.1564 -0.0002
vn -0.1423 -0.9880 0.0608
vn 0.6566 -0.7532 0.0393
vn 0.6487 -0.7600 0.0397
vn 0.6387 -0.7684 0.0403
vn 0.6264 -0.7784 0.0411
vn 0.6120 -0.7898 0.0419
vn 0.5953 -0.8024 0.0428
vn 0.5762 -0.8161 0.0438
vn 0.5548 -0.8308 0.0449
vn 0.5307 -0.8463 0.0460
vn 0.5039 -0.8625 0.0473
vn 0.8803 0.4730 -0.0367
vn -0.8479 0.5296 -0.0240
vn -0.9998 -0.0154 0.0103
vn -0.9935 -0.1129 0.0161
vn -0.9720 -0.2339 0.0232
vn -0.9317 -0.3621 0.0305
vn -0.8695 -0.4925 0.0378
vn -0.7848 -0.6181 0.0446
vn -0.6802 -0.7313 0.0504
vn -0.5618 -0.8255 0.0550
vn -0.4374 -0.8974 0.0581
vn -0.3145 -0.9473 0.0600
vn -0.1990 -0.9781 0.0608
vn -0.0940 -0.9937 0.0607
vn 0.0726 -0.9956 0.0593
vn 0.1505 -0.9869 0.0581
vn 0.2365 -0.9700 0.0562
vn 0.3317 -0.9419 0.0536
vn 0.4361 -0.8985 0.0501
vn 0.5485 -0.8349 0.0452
vn 0.6645 -0.7462 0.0388
vn 0.7763 -0.6296 0.0307
vn 0.8733 -0.4868 0.0212
vn 0.9453 -0.3260 0.0108
vn 0.9871 -0.1600 0.0004
vn 1.0000 0.0011 -0.0094
vn 0.9867 0.1612 -0.0189
vn 0.9463 0.3220 -0.0282
vn 0.8801 0.4733 -0.0367
vn 0.7935 0.6070 -0.0440
vn 0.6937 0.7186 -0.0498
vn 0.5876 0.8073 -0.0541
vn 0.4806 0.8751 -0.0572
vn 0.3759 0.9247 -0.0592
vn 0.2752 0.9595 -0.0604
vn 0.1791 0.9820 -0.0608
vn 0.0874 0.9943 -0.0607
vn 0.0173 0.9980 -0.0603
vn -0.0156 0.9981 -0.0600
vn -0.0312 0.9977 -0.0598
vn -0.0473 0.9971 -0.0596
vn -0.0641 0.9962 -0.0594
vn -0.0814 0.9949 -0.0592
vn -0.0994 0.9933 -0.0589
vn -0.1180 0.9913 -0.0586
vn -0.1373 0.9888 -0.0583
vn -0.1572 0.9859 -0.0579
vn -0.1778 0.9824 -0.0575
vn 0.9799 0.1981 -0.0211
vn -0.6471 -0.7606 0.0519
vn -0.0477 -0.9970 0.0605
vn 0.9988 -0.0487 -0.0064
vn 0.9988 -0.0483 -0.0064
vn 0.9988 -0.0476 -0.0064
vn 0.9989 -0.0467 -0.0065
vn 0.9989 -0.0454 -0.0066
vn 0.9990 -0.0438 -0.0067
vn 0.9991 -0.0418 -0.0068
vn 0.9992 -0.0394 -0.0070
vn 0.9993 -0.0363 -0.0071
vn 0.9994 -0.0326 -0.0074
vn 0.7174 0.6949 -0.0486
vn -0.7234 0.6895 -0.0348
vn -0.9990 -0.0423 0.0119
vn -0.9993 -0.0356 0.0115
vn -0.9995 -0.0287 0.0111
vn -0.9997 -0.0216 0.0106
vn -0.9998 -0.0144 0.0102
vn -0.9999 -0.0072 0.0098
vn -1.0000 -0.0003 0.0093
vn -0.9999 0.0064 0.0089
vn -0.9999 0.0126 0.0086
vn -0.9998 0.0182 0.0082
vn -0.9997 0.0233 0.0079
vn -0.9994 0.0341 0.0073
vn 0.9866 -0.1634 0.0006
vn 0.1749 0.9827 -0.0608
vn 0.1871 0.9805 -0.0608
vn 0.1996 0.9780 -0.0608
vn 0.2125 0.9753 -0.0607
vn 0.2257 0.9723 -0.0607
vn 0.2394 0.9690 -0.0606
vn 0.2536 0.9654 -0.0605
vn 0.2683 0.9614 -0.0604
vn 0.2836 0.9571 -0.0603
vn 0.2994 0.9522 -0.0602
vn -0.5778 0.8150 -0.0437
vn -0.8031 -0.5942 0.0433
vn -0.2586 -0.9641 0.0605
vn -0.2460 -0.9674 0.0606
vn -0.2221 -0.9731 0.0607
vn -0.2106 -0.9757 0.0607
vn -0.1994 -0.9780 0.0608
vn -0.1884 -0.9802 0.0608
vn -0.1668 -0.9841 0.0608
vn -0.1561 -0.9859 0.0608
vn -0.1453 -0.9875 0.0608
vn -0.6294 -0.7753 0.0526
vn -0.9347 -0.3540 0.0300
vn -0.9253 -0.3778 0.0314
vn -0.9162 -0.3994 0.0326
vn -0.9071 -0.4196 0.0337
vn -0.8979 -0.4388 0.0348
vn -0.8884 -0.4577 0.0359
vn -0.8782 -0.4768 0.0369
vn -0.8672 -0.4965 0.0380
vn -0.8548 -0.5175 0.0391
vn -0.8405 -0.5403 0.0404
vn -0.8235 -0.5657 0.0418
vn -0.2336 -0.9704 0.0606
vn 0.9793 -0.2023 0.0031
vn 0.7883 0.6137 -0.0443
vn 0.8117 0.5825 -0.0427
vn 0.8308 0.5551 -0.0412
vn 0.8466 0.5307 -0.0399
vn 0.8602 0.5085 -0.0387
vn 0.8721 0.4879 -0.0375
vn 0.8828 0.4683 -0.0364
vn 0.8928 0.4491 -0.0354
vn 0.9022 0.4299 -0.0343
vn 0.9115 0.4100 -0.0332
vn -0.3898 0.9194 -0.0518
vn -0.8122 0.5828 -0.0275
vn 0.9981 -0.0609 -0.0056
vn -0.0550 -0.9967 0.0606
vn -0.0495 -0.9969 0.0605
vn -0.0440 -0.9972 0.0605
vn -0.0385 -0.9974 0.0604
vn -0.0330 -0.9976 0.0604
vn -0.0275 -0.9978 0.0604
vn -0.0220 -0.9979 0.0603
vn -0.0164 -0.9980 0.0603
vn -0.0108 -0.9981 0.0602
vn -0.0051 -0.9982 0.0602
vn 0.0002 -0.9982 0.0601
vn 0.0050 -0.9982 0.0601
vn 0.0092 -0.9982 0.0600
vn 0.0134 -0.9981 0.0600
vn 0.0175 -0.9980 0.0600
vn 0.0216 -0.9980 0.0599
vn 0.0257 -0.9979 0.0599
vn 0.0299 -0.9978 0.0598
vn 0.0342 -0.9976 0.0598
vn 0.0386 -0.9975 0.0597
vn 0.0432 -0.9973 0.0597
vn 0.0480 -0.9971 0.0596
vn 0.7016 -0.7117 0.0363
vn 0.6853 0.7265 -0.0502
vn -0.1187 0.9912 -0.0586
vn -0.1040 0.9928 -0.0588
vn -0.0904 0.9942 -0.0590
vn -0.0778 0.9952 -0.0592
vn -0.0661 0.9960 -0.0594
vn -0.0551 0.9967 -0.0595
vn -0.0448 0.9972 -0.0597
vn -0.0351 0.9976 -0.0598
vn -0.0259 0.9979 -0.0599
vn -0.0171 0.9981 -0.0600
vn -0.0087 0.9982 -0.0601
vn -0.0003 0.9982 -0.0601
vn 0.0083 0.9982 -0.0602
vn 0.0168 0.9980 -0.0603
vn 0.0247 0.9979 -0.0603
vn 0.0322 0.9977 -0.0604
vn 0.0392 0.9974 -0.0605
vn 0.0457 0.9971 -0.0605
vn 0.0518 0.9968 -0.0605
vn 0.0574 0.9965 -0.0606
vn 0.0627 0.9962 -0.0606
vn 0.0675 0.9959 -0.0606
vn -0.9974 0.0724 0.0049
vn -0.6391 -0.7673 0.0522
vn 0.2508 -0.9664 0.0559
vn 0.9705 0.2401 -0.0235
vn 0.9731 0.2291 -0.0229
vn 0.9760 0.2167 -0.0222
vn 0.9790 0.2026 -0.0213
vn 0.9822 0.1866 -0.0204
vn 0.9855 0.1687 -0.0194
vn 0.9888 0.1484 -0.0182
vn 0.9920 0.1255 -0.0168
vn 0.9949 0.0995 -0.0153
vn 0.9975 0.0699 -0.0135
vn 0.6536 0.7551 -0.0516
vn -0.8149 0.5790 -0.0273
vn -0.9709 -0.2383 0.0234
vn -0.9715 -0.2359 0.0233
vn -0.9717 -0.2349 0.0232
vn -0.9717 -0.2351 0.0232
vn -0.9714 -0.2361 0.0233
vn -0.9710 -0.2380 0.0234
vn -0.9703 -0.2406 0.0235
vn -0.9695 -0.2440 0.0237
vn -0.9684 -0.2481 0.0240
vn -0.9671 -0.2531 0.0243
vn -0.2599 0.9640 -0.0557
vn 0.7443 -0.6670 0.0332
vn -0.9999 -0.0094 0.0099
vn -1.0000 -0.0031 0.0095
vn -1.0000 0.0034 0.0091
vn -0.9999 0.0101 0.0087
vn -0.9998 0.0170 0.0083
vn -0.9997 0.0244 0.0079
vn -0.9994 0.0323 0.0074
vn -0.9991 0.0409 0.0069
vn -0.9987 0.0501 0.0063
vn -0.9982 0.0603 0.0057
vn -0.9974 0.0716 0.0050
vn -0.9954 0.0960 0.0035
vn -0.9908 0.1353 0.0011
vn -0.9838 0.1793 -0.0016
vn -0.9734 0.2290 -0.0047
vn -0.9582 0.2861 -0.0083
vn -0.9357 0.3526 -0.0125
vn -0.9022 0.4311 -0.0176
vn -0.8514 0.5240 -0.0236
vn -0.7738 0.6327 -0.0309
vn -0.6559 0.7538 -0.0393
vn -0.4845 0.8735 -0.0481
vn -0.2582 0.9645 -0.0557
vn 0.0162 0.9980 -0.0603
vn 0.3038 0.9508 -0.0601
vn 0.5328 0.8444 -0.0558
vn 0.6809 0.7306 -0.0504
vn 0.7737 0.6320 -0.0453
vn 0.8331 0.5516 -0.0410
vn 0.8729 0.4864 -0.0374
vn 0.9008 0.4329 -0.0345
vn 0.9212 0.3878 -0.0320
vn 0.9367 0.3488 -0.0297
vn 0.9490 0.3140 -0.0278
vn 0.9591 0.2819 -0.0259
vn 0.2253 0.9724 -0.0607
vn -0.9832 0.1827 -0.0018
vn -0.9289 -0.3690 0.0309
vn -0.9110 -0.4111 0.0333
vn -0.8870 -0.4603 0.0360
vn -0.8112 -0.5832 0.0427
vn -0.7525 -0.6570 0.0466
vn -0.6743 -0.7367 0.0507
vn -0.5731 -0.8177 0.0546
vn -0.4482 -0.8920 0.0579
vn -0.3043 -0.9507 0.0601
vn -0.1512 -0.9866 0.0608
vn 0.0056 -0.9982 0.0601
vn 0.1714 -0.9835 0.0577
vn 0.3412 -0.9385 0.0534
vn 0.4992 -0.8652 0.0475
vn 0.7438 -0.6675 0.0333
vn 0.8261 -0.5629 0.0262
vn 0.8858 -0.4637 0.0197
vn 0.9276 -0.3733 0.0138
vn 0.9562 -0.2927 0.0087
vn 0.9751 -0.2216 0.0043
vn 0.9873 -0.1591 0.0004
vn 0.9932 -0.1162 -0.0023
vn 0.9957 -0.0929 -0.0037
vn 0.9971 -0.0754 -0.0048
vn 0.9981 -0.0612 -0.0056
vn 0.9988 -0.0494 -0.0063
vn 0.9992 -0.0394 -0.0069
vn 0.9995 -0.0310 -0.0075
vn 0.9997 -0.0237 -0.0079
vn 0.9998 -0.0175 -0.0083
vn 0.9999 -0.0121 -0.0086
vn 0.9999 -0.0074 -0.0089
vn 1.0000 -0.0034 -0.0091
vn 1.0000 -0.0027 -0.0092
vn 0.9999 -0.0077 -0.0089
vn 0.9998 -0.0159 -0.0084
vn 0.9997 -0.0250 -0.0078
vn 0.9993 -0.0354 -0.0072
vn 0.9989 -0.0474 -0.0065
vn 0.9981 -0.0613 -0.0056
vn 0.9970 -0.0778 -0.0046
vn 0.9952 -0.0976 -0.0034
vn 0.9925 -0.1220 -0.0019
vn 0.9883 -0.1526 -0.0000
vn 0.9814 -0.1922 0.0024
vn 0.7725 0.6334 -0.0454
vn -0.7662 0.6418 -0.0315
vn -0.9895 -0.1433 0.0179
vn -0.9918 -0.1269 0.0169
vn -0.9934 -0.1138 0.0161
vn -0.9946 -0.1026 0.0155
vn -0.9956 -0.0925 0.0149
vn -0.9965 -0.0829 0.0143
vn -0.9972 -0.0732 0.0137
vn -0.9979 -0.0629 0.0131
vn -0.9992 -0.0379 0.0116
vn -0.9997 -0.0211 0.0106
vn -0.9999 -0.0122 0.0101
vn 0.5071 -0.8606 0.0471
vn 0.9910 -0.1340 -0.0012
vn 0.9857 -0.1686 0.0010
vn 0.9791 -0.2031 0.0031
vn 0.9712 -0.2384 0.0053
vn 0.9614 -0.2750 0.0076
vn 0.9495 -0.3138 0.0100
vn 0.9347 -0.3553 0.0127
vn 0.9161 -0.4005 0.0156
vn 0.8927 -0.4503 0.0188
vn 0.8626 -0.5055 0.0224
vn 0.8234 -0.5668 0.0265
vn 0.9560 0.2923 -0.0265
vn -0.3065 0.9503 -0.0544
vn -0.8357 0.5486 -0.0253
vn -0.8683 0.4956 -0.0218
vn -0.8935 0.4488 -0.0187
vn -0.9136 0.4063 -0.0160
vn -0.9301 0.3671 -0.0134
vn -0.9440 0.3298 -0.0111
vn -0.9560 0.2934 -0.0088
vn -0.9664 0.2569 -0.0065
vn -0.9756 0.2193 -0.0041
vn -0.9838 0.1795 -0.0016
vn -0.9907 0.1360 0.0010
vn -0.8610 -0.5072 0.0386
vn -0.0617 -0.9963 0.0606
vn -0.1305 -0.9896 0.0608
vn -0.2077 -0.9763 0.0608
vn -0.2946 -0.9537 0.0602
vn -0.3920 -0.9181 0.0590
vn -0.4998 -0.8643 0.0567
vn -0.6155 -0.7864 0.0531
vn -0.7330 -0.6786 0.0477
vn -0.8418 -0.5383 0.0403
vn -0.9286 -0.3698 0.0309
vn -0.9824 -0.1854 0.0203
vn -1.0000 -0.0020 0.0095
vn -0.9320 0.3622 -0.0131
vn -0.8454 0.5335 -0.0243
vn -0.7342 0.6781 -0.0340
vn -0.6126 0.7893 -0.0418
vn -0.4931 0.8687 -0.0477
vn -0.3829 0.9223 -0.0520
vn -0.2848 0.9570 -0.0550
vn -0.1990 0.9783 -0.0571
vn -0.1242 0.9905 -0.0585
vn -0.0588 0.9965 -0.0595
vn 0.0059 0.9982 -0.0602
vn 0.0860 0.9944 -0.0607
vn 0.1856 0.9807 -0.0608
vn 0.3001 0.9520 -0.0602
vn 0.4269 0.9024 -0.0583
vn 0.5592 0.8272 -0.0551
vn 0.6866 0.7253 -0.0501
vn 0.7975 0.6017 -0.0437
vn 0.8837 0.4667 -0.0364
vn 0.9428 0.3321 -0.0288
vn 0.9781 0.2071 -0.0216
vn 0.9952 0.0966 -0.0151
vn 0.9998 0.0149 -0.0102
vn 0.6366 0.7694 -0.0523
vn -0.9809 -0.1932 0.0208
vn 0.1742 -0.9830 0.0576
vn 0.1548 -0.9862 0.0580
vn 0.1359 -0.9890 0.0583
vn 0.1174 -0.9914 0.0586
vn 0.0994 -0.9933 0.0589
vn 0.0818 -0.9949 0.0592
vn 0.0647 -0.9961 0.0594
vn 0.0318 -0.9977 0.0598
vn 0.0160 -0.9981 0.0600
vn -0.0105 -0.9981 0.0602
vn -0.7163 -0.6961 0.0486
vn 0.9995 -0.0292 -0.0076
vn 0.0328 0.9976 -0.0604
vn 0.0373 0.9975 -0.0604
vn 0.0422 0.9973 -0.0605
vn 0.0477 0.9970 -0.0605
vn 0.0539 0.9967 -0.0605
vn 0.0610 0.9963 -0.0606
vn 0.0692 0.9958 -0.0606
vn 0.0788 0.9950 -0.0607
vn 0.0903 0.9941 -0.0607
vn 0.1042 0.9927 -0.0608
vn -0.6515 0.7576 -0.0396
vn -0.7527 -0.6567 0.0466
vn -0.0888 -0.9942 0.0607
vn -0.0791 -0.9950 0.0607
vn -0.0709 -0.9956 0.0606
vn -0.0636 -0.9961 0.0606
vn -0.0571 -0.9965 0.0606
vn -0.0509 -0.9969 0.0605
vn -0.0451 -0.9972 0.0605
vn -0.0392 -0.9974 0.0605
vn -0.0332 -0.9976 0.0604
vn -0.0268 -0.9978 0.0604
vn -0.9998 0.0203 0.0081
vn 0.7125 0.7000 -0.0488
vn 0.0024 0.9982 -0.0602
vn -0.9999 0.0111 0.0087
vn -0.9998 0.0202 0.0081
vn -0.9996 0.0277 0.0077
vn -0.9994 0.0338 0.0073
vn -0.9992 0.0389 0.0070
vn -0.9990 0.0431 0.0067
vn -0.9989 0.0467 0.0065
vn -0.9987 0.0497 0.0063
vn -0.9986 0.0522 0.0062
vn -0.9985 0.0543 0.0060
vn -0.9984 0.0559 0.0059
vn -0.7850 0.6187 -0.0300
vn -0.3087 0.9496 -0.0543
vn -0.3507 0.9350 -0.0531
vn -0.3900 0.9194 -0.0517
vn -0.4269 0.9029 -0.0504
vn -0.4617 0.8857 -0.0491
vn -0.4946 0.8678 -0.0477
vn -0.5260 0.8492 -0.0463
vn -0.5561 0.8299 -0.0448
vn -0.5853 0.8096 -0.0433
vn -0.6139 0.7883 -0.0418
vn -0.6422 0.7655 -0.0401
vn -0.9894 0.1453 0.0005
vn -0.1157 -0.9914 0.0608
vn 0.6865 -0.7261 0.0373
vn 0.6599 -0.7503 0.0390
vn 0.6329 -0.7732 0.0407
vn 0.6052 -0.7949 0.0422
vn 0.5768 -0.8157 0.0438
vn 0.5473 -0.8357 0.0452
vn 0.5165 -0.8550 0.0467
vn 0.4842 -0.8736 0.0481
vn 0.4502 -0.8915 0.0495
vn 0.4142 -0.9088 0.0509
vn 0.9266 0.3748 -0.0312
vn -0.8151 0.5787 -0.0273
vn -0.9999 -0.0113 0.0100
vn -0.9940 -0.1085 0.0158
vn -0.9739 -0.2258 0.0227
vn -0.9358 -0.3513 0.0299
vn -0.8760 -0.4809 0.0371
vn -0.7932 -0.6074 0.0440
vn -0.6892 -0.7229 0.0500
vn -0.5700 -0.8199 0.0547
vn -0.4437 -0.8943 0.0580
vn -0.3187 -0.9460 0.0600
vn -0.2012 -0.9777 0.0608
vn -0.0948 -0.9936 0.0607
vn -0.0082 -0.9982 0.0602
vn 0.0589 -0.9965 0.0595
vn 0.1251 -0.9904 0.0585
vn 0.2023 -0.9777 0.0570
vn 0.2920 -0.9548 0.0548
vn 0.3955 -0.9170 0.0516
vn 0.5117 -0.8579 0.0469
vn 0.6360 -0.7706 0.0405
vn 0.7584 -0.6510 0.0321
vn 0.8651 -0.5011 0.0221
vn 0.9431 -0.3322 0.0112
vn 0.9870 -0.1609 0.0005
vn 1.0000 -0.0012 -0.0093
vn 0.9882 0.1519 -0.0184
vn 0.9514 0.3068 -0.0274
vn 0.8883 0.4579 -0.0359
vn 0.8016 0.5962 -0.0434
vn 0.6977 0.7147 -0.0496
vn 0.5844 0.8097 -0.0542
vn 0.4693 0.8811 -0.0575
vn 0.3584 0.9317 -0.0595
vn 0.2550 0.9651 -0.0605
vn 0.1607 0.9851 -0.0608
vn 0.0760 0.9953 -0.0607
vn 0.0148 0.9981 -0.0603
vn -0.0121 0.9981 -0.0600
vn -0.0238 0.9979 -0.0599
vn -0.0356 0.9976 -0.0598
vn -0.0474 0.9971 -0.0596
vn -0.0593 0.9965 -0.0595
vn -0.0712 0.9957 -0.0593
vn -0.0831 0.9948 -0.0592
vn -0.0950 0.9937 -0.0590
vn -0.1068 0.9925 -0.0588
vn -0.1186 0.9912 -0.0586
vn 0.9914 0.1296 -0.0171
vn -0.6751 -0.7360 0.0506
vn 0.0475 0.9970 -0.0605
vn 0.9989 -0.0464 -0.0065
vn 0.9990 -0.0446 -0.0066
vn 0.9991 -0.0424 -0.0068
vn 0.9992 -0.0399 -0.0069
vn 0.9993 -0.0369 -0.0071
vn 0.9994 -0.0333 -0.0073
vn 0.9996 -0.0290 -0.0076
vn 0.9997 -0.0238 -0.0079
vn 0.9999 -0.0096 -0.0087
vn 1.0000 -0.0026 -0.0092
vn 1.0000 -0.0005 -0.0093
vn 1.0000 -0.0010 -0.0093
vn 1.0000 -0.0017 -0.0092
vn 1.0000 -0.0038 -0.0091
vn 0.9999 -0.0053 -0.0090
vn 0.9999 -0.0072 -0.0089
vn 0.9999 -0.0097 -0.0087
vn 0.9999 -0.0129 -0.0085
vn 0.9998 -0.0173 -0.0083
vn 0.9999 -0.0133 -0.0085
vn 0.9999 -0.0131 -0.0085
vn 0.9996 -0.0255 -0.0078
vn 0.9993 -0.0375 -0.0071
vn 0.9987 -0.0496 -0.0063
vn 0.9980 -0.0624 -0.0056
vn 0.9971 -0.0763 -0.0047
vn 0.9957 -0.0921 -0.0037
vn 0.9938 -0.1108 -0.0026
vn 0.9910 -0.1341 -0.0012
vn 0.9864 -0.1646 0.0007
vn 0.9783 -0.2074 0.0034
vn 0.7848 0.6182 -0.0446
vn -0.7515 0.6590 -0.0327
vn -0.9928 -0.1186 0.0164
vn -0.9946 -0.1023 0.0154
vn -0.9958 -0.0906 0.0147
vn -0.9966 -0.0815 0.0142
vn -0.9972 -0.0741 0.0138
vn -0.9976 -0.0678 0.0134
vn -0.9980 -0.0622 0.0131
vn -0.9983 -0.0569 0.0127
vn -0.9986 -0.0516 0.0124
vn -0.9989 -0.0462 0.0121
vn -0.9991 -0.0401 0.0117
vn -0.9998 -0.0185 0.0104
vn -0.0444 -0.9972 0.0605
vn -0.0865 -0.9944 0.0607
vn -0.1249 -0.9903 0.0608
vn -0.1595 -0.9853 0.0608
vn -0.1902 -0.9799 0.0608
vn -0.2170 -0.9743 0.0607
vn -0.2398 -0.9689 0.0606
vn -0.2582 -0.9642 0.0605
vn -0.2719 -0.9604 0.0604
vn -0.2801 -0.9581 0.0603
vn -0.2816 -0.9576 0.0603
vn -0.2954 -0.9535 0.0602
vn -0.3139 -0.9476 0.0600
vn -0.3211 -0.9451 0.0599
vn -0.3281 -0.9428 0.0599
vn -0.3349 -0.9404 0.0598
vn -0.3414 -0.9380 0.0597
vn -0.3478 -0.9357 0.0596
vn -0.3541 -0.9333 0.0595
vn -0.3602 -0.9310 0.0594
vn -0.3663 -0.9286 0.0594
vn -0.3722 -0.9262 0.0593
vn -0.3782 -0.9238 0.0592
vn 0.4384 -0.8974 0.0500
vn 0.8202 0.5705 -0.0420
vn 0.0902 0.9941 -0.0607
vn 0.1079 0.9923 -0.0608
vn 0.1238 0.9904 -0.0608
vn 0.1382 0.9885 -0.0608
vn 0.1514 0.9866 -0.0608
vn 0.1637 0.9846 -0.0608
vn 0.1752 0.9826 -0.0608
vn 0.1862 0.9806 -0.0608
vn 0.1966 0.9786 -0.0608
vn 0.2068 0.9765 -0.0608
vn 0.2168 0.9743 -0.0607
vn 0.2245 0.9726 -0.0607
vn 0.2298 0.9713 -0.0607
vn 0.2315 0.9709 -0.0607
vn 0.2275 0.9719 -0.0607
vn 0.2188 0.9739 -0.0607
vn 0.2058 0.9767 -0.0608
vn 0.1889 0.9801 -0.0608
vn 0.1681 0.9839 -0.0608
vn 0.1432 0.9878 -0.0608
vn 0.1142 0.9916 -0.0608
vn 0.0806 0.9949 -0.0607
vn -0.0130 0.9981 -0.0600
vn -0.0974 0.9935 -0.0589
vn -0.2000 0.9781 -0.0571
vn -0.3085 0.9497 -0.0543
vn -0.4216 0.9054 -0.0506
vn -0.5365 0.8426 -0.0458
vn -0.6490 0.7598 -0.0397
vn -0.7534 0.6568 -0.0325
vn -0.8437 0.5363 -0.0244
vn -0.9148 0.4036 -0.0158
vn -0.9640 0.2657 -0.0070
vn -0.9916 0.1296 0.0014
vn -0.9999 -0.0066 0.0097
vn -0.9877 -0.1554 0.0186
vn -0.9494 -0.3129 0.0277
vn -0.8858 -0.4626 0.0361
vn -0.8028 -0.5947 0.0433
vn -0.7086 -0.7039 0.0490
vn -0.6116 -0.7894 0.0533
vn -0.5174 -0.8539 0.0563
vn -0.4295 -0.9012 0.0583
vn -0.3489 -0.9353 0.0596
vn -0.2758 -0.9593 0.0604
vn -0.2095 -0.9759 0.0607
vn 0.4159 -0.9080 0.0508
vn 0.9029 0.4284 -0.0342
vn 0.1762 0.9825 -0.0608
vn 0.2365 0.9697 -0.0606
vn 0.3049 0.9505 -0.0601
vn 0.3825 0.9221 -0.0591
vn 0.4701 0.8807 -0.0574
vn 0.5670 0.8219 -0.0548
vn 0.6705 0.7402 -0.0508
vn 0.7742 0.6313 -0.0453
vn 0.8683 0.4945 -0.0379
vn 0.9416 0.3356 -0.0290
vn 0.9858 0.1665 -0.0192
vn 0.9999 0.0066 -0.0097
vn 0.9904 -0.1382 -0.0009
vn 0.9605 -0.2783 0.0078
vn 0.9094 -0.4155 0.0165
vn 0.8385 -0.5443 0.0250
vn 0.7507 -0.6599 0.0328
vn 0.6501 -0.7588 0.0396
vn 0.5416 -0.8394 0.0455
vn 0.4293 -0.9018 0.0503
vn 0.3168 -0.9469 0.0541
vn 0.2069 -0.9767 0.0569
vn 0.1013 -0.9931 0.0589
vn 0.0136 -0.9981 0.0600
vn -0.6237 -0.7799 0.0528
vn 0.0728 -0.9956 0.0593
vn 0.0807 -0.9950 0.0592
vn 0.0875 -0.9944 0.0591
vn 0.0939 -0.9938 0.0590
vn 0.1002 -0.9932 0.0589
vn 0.1067 -0.9925 0.0588
vn 0.1217 -0.9908 0.0586
vn 0.1309 -0.9897 0.0584
vn 0.1422 -0.9881 0.0582
vn 0.1566 -0.9860 0.0579
vn 0.8152 -0.5786 0.0272
vn 0.5629 0.8247 -0.0549
vn -0.1891 0.9803 -0.0573
vn -0.1638 0.9848 -0.0578
vn -0.1443 0.9878 -0.0582
vn -0.1286 0.9900 -0.0584
vn -0.1151 0.9916 -0.0587
vn -0.1029 0.9929 -0.0589
vn -0.0914 0.9941 -0.0590
vn -0.0798 0.9951 -0.0592
vn -0.0673 0.9960 -0.0594
vn -0.0529 0.9968 -0.0596
vn -0.0347 0.9976 -0.0598
vn -0.7676 0.6402 -0.0314
vn 0.3342 -0.9410 0.0536
vn 0.8934 -0.4488 0.0187
vn 0.8888 -0.4579 0.0193
vn 0.8840 -0.4671 0.0199
vn 0.8789 -0.4765 0.0205
vn 0.8735 -0.4863 0.0211
vn 0.8613 -0.5077 0.0225
vn 0.8541 -0.5196 0.0233
vn 0.8459 -0.5328 0.0242
vn 0.8365 -0.5473 0.0252
vn 0.8256 -0.5637 0.0263
vn 0.9606 0.2766 -0.0256
vn -0.2829 0.9576 -0.0550
vn -0.8292 0.5584 -0.0259
vn -0.8352 0.5494 -0.0253
vn -0.8402 0.5417 -0.0248
vn -0.8448 0.5346 -0.0243
vn -0.8492 0.5276 -0.0239
vn -0.8583 0.5127 -0.0229
vn -0.8634 0.5040 -0.0223
vn -0.8693 0.4938 -0.0216
vn -0.8762 0.4815 -0.0208
vn -0.8846 0.4660 -0.0198
vn -0.9449 -0.3262 0.0285
vn 0.3198 -0.9460 0.0540
vn 0.8880 -0.4595 0.0194
vn 0.8814 -0.4720 0.0202
vn 0.8749 -0.4839 0.0210
vn 0.8683 -0.4956 0.0218
vn 0.8614 -0.5074 0.0225
vn 0.8542 -0.5193 0.0233
vn 0.8465 -0.5318 0.0241
vn 0.8381 -0.5449 0.0250
vn 0.8288 -0.5590 0.0259
vn 0.8181 -0.5744 0.0270
vn 0.8058 -0.5915 0.0281
vn 0.9699 0.2424 -0.0237
vn -0.2442 0.9681 -0.0560
vn -0.8063 0.5908 -0.0281
vn -0.8171 0.5759 -0.0271
vn -0.8254 0.5640 -0.0263
vn -0.8322 0.5538 -0.0256
vn -0.8383 0.5447 -0.0250
vn -0.8439 0.5359 -0.0244
vn -0.8495 0.5271 -0.0238
vn -0.8552 0.5178 -0.0232
vn -0.8614 0.5074 -0.0225
vn -0.8684 0.4953 -0.0217
vn -0.8768 0.4804 -0.0208
vn -0.9508 -0.3086 0.0275
vn -0.9994 -0.0337 0.0114
vn -0.9994 -0.0324 0.0113
vn -0.9995 -0.0309 0.0112
vn -0.9995 -0.0292 0.0111
vn -0.9996 -0.0271 0.0110
vn -0.9996 -0.0246 0.0108
vn -0.9998 -0.0179 0.0104
vn -0.9999 -0.0133 0.0101
vn -0.9999 -0.0074 0.0098
vn -0.9997 0.0250 0.0078
vn -0.9934 0.1149 0.0023
vn -0.9698 0.2439 -0.0056
vn -0.9230 0.3845 -0.0146
vn -0.8490 0.5278 -0.0239
vn -0.7488 0.6619 -0.0329
vn -0.6298 0.7757 -0.0409
vn -0.5028 0.8631 -0.0473
vn -0.3787 0.9240 -0.0521
vn -0.2646 0.9628 -0.0555
vn -0.1637 0.9848 -0.0578
vn -0.0766 0.9953 -0.0592
vn 0.0052 0.9982 -0.0602
vn 0.0959 0.9935 -0.0607
vn 0.1949 0.9789 -0.0608
vn 0.2936 0.9540 -0.0602
vn 0.3885 0.9196 -0.0590
vn 0.4766 0.8773 -0.0573
vn 0.5556 0.8296 -0.0552
vn 0.6243 0.7794 -0.0528
vn 0.6824 0.7292 -0.0503
vn 0.7306 0.6811 -0.0478
vn 0.7696 0.6368 -0.0455
vn 0.8007 0.5975 -0.0435
vn 0.0388 0.9974 -0.0604
vn -0.9997 0.0232 0.0079
vn -0.7798 -0.6244 0.0449
vn -0.7458 -0.6645 0.0470
vn -0.7050 -0.7075 0.0492
vn -0.6567 -0.7524 0.0515
vn -0.6002 -0.7981 0.0537
vn -0.5348 -0.8432 0.0558
vn -0.4605 -0.8858 0.0577
vn -0.3778 -0.9240 0.0592
vn -0.2881 -0.9557 0.0603
vn -0.1934 -0.9792 0.0608
vn -0.0962 -0.9935 0.0607
vn -0.0052 -0.9982 0.0602
vn 0.0778 -0.9952 0.0592
vn 0.1664 -0.9844 0.0578
vn 0.2688 -0.9616 0.0554
vn 0.3845 -0.9216 0.0519
vn 0.5098 -0.8590 0.0470
vn 0.6370 -0.7698 0.0404
vn 0.7552 -0.6546 0.0324
vn 0.8537 -0.5202 0.0234
vn 0.9258 -0.3778 0.0141
vn 0.9710 -0.2392 0.0053
vn 0.9936 -0.1125 -0.0025
vn 0.9999 0.0098 -0.0099
vn 0.9998 0.0170 -0.0104
vn 0.9997 0.0220 -0.0107
vn 0.9996 0.0254 -0.0109
vn 0.9996 0.0276 -0.0110
vn 0.9995 0.0287 -0.0111
vn 0.9996 0.0250 -0.0108
vn 0.9997 0.0203 -0.0106
vn 0.9999 0.0124 -0.0101
vn 1.0000 0.0004 -0.0094
vn 0.9999 -0.0136 -0.0085
vn 0.9996 -0.0274 -0.0077
vn 0.9991 -0.0415 -0.0068
vn 0.9984 -0.0559 -0.0059
vn 0.9975 -0.0710 -0.0050
vn 0.9962 -0.0866 -0.0041
vn 0.9947 -0.1030 -0.0031
vn 0.9927 -0.1203 -0.0020
vn 0.9903 -0.1387 -0.0009
vn 0.9874 -0.1583 0.0003
vn 0.9837 -0.1796 0.0016
vn 0.7681 0.6387 -0.0456
vn -0.7600 0.6492 -0.0320
vn -0.9902 -0.1386 0.0176
vn -0.9916 -0.1279 0.0170
vn -0.9929 -0.1175 0.0163
vn -0.9941 -0.1074 0.0157
vn -0.9951 -0.0975 0.0152
vn -0.9960 -0.0877 0.0146
vn -0.9968 -0.0781 0.0140
vn -0.9976 -0.0686 0.0134
vn -0.9987 -0.0495 0.0123
vn -0.9991 -0.0399 0.0117
vn -0.9993 -0.0352 0.0114
vn 0.0117 0.9981 -0.0602
vn -0.5966 0.8014 -0.0427
vn -0.6124 0.7895 -0.0418
vn -0.6247 0.7798 -0.0411
vn -0.6352 0.7712 -0.0405
vn -0.6448 0.7633 -0.0400
vn -0.6539 0.7555 -0.0394
vn -0.6632 0.7474 -0.0388
vn -0.6731 0.7385 -0.0382
vn -0.6842 0.7284 -0.0375
vn -0.6970 0.7162 -0.0366
vn -0.7125 0.7007 -0.0356
vn -0.9974 -0.0705 0.0135
vn 0.0736 -0.9955 0.0593
vn 0.7186 -0.6945 0.0351
vn 0.7072 -0.7061 0.0359
vn 0.6963 -0.7168 0.0367
vn 0.6856 -0.7270 0.0374
vn 0.6748 -0.7370 0.0381
vn 0.6638 -0.7469 0.0388
vn 0.6522 -0.7570 0.0395
vn 0.6398 -0.7675 0.0403
vn 0.6263 -0.7785 0.0411
vn 0.6113 -0.7903 0.0419
vn 0.5944 -0.8030 0.0428
vn 0.3707 0.9269 -0.0593
vn 0.3758 0.9248 -0.0592
vn 0.3803 0.9230 -0.0592
vn 0.3845 0.9212 -0.0591
vn 0.3882 0.9197 -0.0590
vn 0.3917 0.9182 -0.0590
vn 0.3949 0.9168 -0.0589
vn 0.3978 0.9156 -0.0589
vn 0.4006 0.9144 -0.0588
vn 0.4032 0.9132 -0.0588
vn -0.9140 0.4053 -0.0159
vn -0.9397 -0.3406 0.0293
vn -0.4413 -0.8955 0.0581
vn 0.8948 -0.4461 0.0185
vn 0.8895 -0.4565 0.0192
vn 0.8866 -0.4620 0.0196
vn 0.8836 -0.4678 0.0199
vn 0.8804 -0.4739 0.0203
vn 0.8768 -0.4804 0.0208
vn 0.8729 -0.4875 0.0212
vn 0.8685 -0.4953 0.0217
vn 0.8635 -0.5039 0.0223
vn 0.8461 -0.5326 0.0242
vn 0.8431 -0.5372 0.0245
vn 0.8392 -0.5433 0.0249
vn 0.8343 -0.5508 0.0254
vn 0.8283 -0.5596 0.0260
vn 0.8212 -0.5700 0.0267
vn 0.8126 -0.5822 0.0275
vn 0.8021 -0.5965 0.0285
vn 0.7894 -0.6132 0.0296
vn 0.7737 -0.6328 0.0309
vn 0.7541 -0.6560 0.0325
vn 0.9727 0.2311 -0.0230
vn -0.3807 0.9232 -0.0521
vn -0.9096 0.4152 -0.0165
vn -0.9034 0.4284 -0.0174
vn -0.8981 0.4394 -0.0181
vn -0.8936 0.4486 -0.0187
vn -0.8897 0.4562 -0.0192
vn -0.8864 0.4625 -0.0196
vn -0.8838 0.4674 -0.0199
vn -0.8818 0.4712 -0.0202
vn -0.8805 0.4737 -0.0203
vn -0.8798 0.4749 -0.0204
vn -0.8799 0.4748 -0.0204
vn -0.8856 0.4641 -0.0197
vn -0.3425 0.9380 -0.0533
vn 0.3859 0.9207 -0.0591
vn 0.3656 0.9289 -0.0594
vn 0.3508 0.9346 -0.0596
vn 0.3322 0.9413 -0.0598
vn 0.2811 0.9578 -0.0603
vn 0.2463 0.9673 -0.0606
vn 0.2031 0.9773 -0.0608
vn 0.1493 0.9869 -0.0608
vn 0.0817 0.9948 -0.0607
vn -0.0034 0.9982 -0.0601
vn -0.1051 0.9927 -0.0588
vn -0.2177 0.9744 -0.0567
vn -0.3371 0.9400 -0.0535
vn -0.4592 0.8870 -0.0492
vn -0.5787 0.8144 -0.0437
vn -0.6898 0.7230 -0.0371
vn -0.7872 0.6160 -0.0298
vn -0.8671 0.4977 -0.0219
vn -0.9277 0.3732 -0.0138
vn -0.9690 0.2468 -0.0058
vn -0.9925 0.1219 0.0019
vn -1.0000 0.0042 0.0091
vn -0.9940 -0.1083 0.0158
vn -0.9736 -0.2269 0.0228
vn -0.9344 -0.3551 0.0301
vn -0.8724 -0.4874 0.0375
vn -0.7865 -0.6159 0.0444
vn -0.6797 -0.7317 0.0504
vn -0.5588 -0.8275 0.0551
vn -0.3093 -0.9491 0.0601
vn -0.1946 -0.9790 0.0608
vn -0.0915 -0.9939 0.0607
vn -0.0097 -0.9981 0.0602
vn 0.0451 -0.9972 0.0597
vn 0.0855 -0.9946 0.0591
vn 0.1851 -0.9810 0.0574
vn 0.2137 -0.9753 0.0568
vn 0.2409 -0.9689 0.0561
vn 0.2674 -0.9620 0.0555
vn 0.2940 -0.9542 0.0547
vn 0.3214 -0.9454 0.0540
vn 0.3507 -0.9350 0.0531
vn 0.8379 -0.5452 0.0250
vn 0.5216 0.8513 -0.0562
vn -0.4016 0.9144 -0.0513
vn -0.3689 0.9280 -0.0525
vn -0.3376 0.9398 -0.0535
vn -0.3068 0.9502 -0.0544
vn -0.2759 0.9596 -0.0552
vn -0.2112 0.9758 -0.0568
vn -0.1760 0.9827 -0.0576
vn -0.1381 0.9887 -0.0583
vn -0.0967 0.9936 -0.0590
vn -0.0509 0.9969 -0.0596
vn 0.0085 0.9981 -0.0602
vn 0.0931 0.9938 -0.0607
vn 0.1984 0.9782 -0.0608
vn 0.3154 0.9471 -0.0600
vn 0.4407 0.8958 -0.0581
vn 0.5678 0.8213 -0.0548
vn 0.6882 0.7238 -0.0500
vn 0.7931 0.6075 -0.0440
vn 0.8765 0.4800 -0.0371
vn 0.9363 0.3499 -0.0298
vn 0.9742 0.2244 -0.0226
vn 0.9941 0.1078 -0.0158
vn 0.9926 -0.1213 -0.0020
vn 0.9695 -0.2449 0.0057
vn 0.9286 -0.3707 0.0137
vn 0.8681 -0.4960 0.0218
vn 0.7871 -0.6161 0.0298
vn 0.6874 -0.7253 0.0373
vn 0.5733 -0.8182 0.0439
vn 0.4511 -0.8911 0.0495
vn 0.3278 -0.9432 0.0538
vn 0.2095 -0.9762 0.0569
vn 0.1001 -0.9932 0.0589
vn 0.0018 -0.9982 0.0601
vn -0.0818 -0.9948 0.0607
vn -0.1488 -0.9870 0.0608
vn -0.2020 -0.9775 0.0608
vn -0.2448 -0.9677 0.0606
vn -0.2798 -0.9582 0.0603
vn -0.3088 -0.9492 0.0601
vn -0.3331 -0.9410 0.0598
vn -0.3537 -0.9334 0.0595
vn -0.3714 -0.9266 0.0593
vn -0.3867 -0.9203 0.0591
vn -0.4000 -0.9146 0.0588
vn -0.9334 -0.3575 0.0302
vn -0.9166 0.3995 -0.0155
vn -0.9230 0.3844 -0.0145
vn -0.9290 0.3698 -0.0136
vn -0.9337 0.3579 -0.0129
vn -0.9374 0.3480 -0.0122
vn -0.9405 0.3397 -0.0117
vn -0.9430 0.3326 -0.0112
vn -0.9451 0.3265 -0.0109
vn -0.9470 0.3212 -0.0105
vn -0.9485 0.3166 -0.0102
vn -0.9499 0.3125 -0.0100
vn -0.9510 0.3090 -0.0097
vn -0.8806 -0.4725 0.0367
vn 0.4955 -0.8673 0.0476
vn 0.9642 -0.2652 0.0070
vn 0.9613 -0.2756 0.0076
vn 0.9584 -0.2853 0.0082
vn 0.9525 -0.3043 0.0094
vn 0.9494 -0.3139 0.0101
vn 0.9460 -0.3239 0.0107
vn 0.9424 -0.3344 0.0114
vn 0.9382 -0.3458 0.0121
vn 0.9335 -0.3583 0.0129
vn 0.9280 -0.3723 0.0138
vn 0.9194 -0.3931 0.0151
vn 0.9386 0.3437 -0.0295
vn -0.9006 0.4343 -0.0178
vn -0.4375 -0.8973 0.0581
vn -0.4398 -0.8962 0.0581
vn -0.4420 -0.8951 0.0580
vn -0.4417 -0.8953 0.0581
vn -0.4403 -0.8960 0.0581
vn -0.4331 -0.8995 0.0582
vn -0.4264 -0.9027 0.0584
vn -0.4166 -0.9072 0.0585
vn 0.3404 -0.9388 0.0534
vn 0.9057 0.4225 -0.0339
vn 0.2464 0.9673 -0.0606
vn 0.2578 0.9643 -0.0605
vn 0.2682 0.9615 -0.0604
vn 0.2778 0.9588 -0.0603
vn 0.2866 0.9562 -0.0603
vn 0.2948 0.9537 -0.0602
vn 0.3025 0.9513 -0.0601
vn 0.3097 0.9489 -0.0601
vn 0.3165 0.9467 -0.0600
vn 0.3230 0.9445 -0.0599
vn 0.3294 0.9423 -0.0598
vn 0.3504 0.9347 -0.0596
vn -0.9797 0.2007 -0.0030
vn -0.9823 0.1875 -0.0021
vn -0.9846 0.1751 -0.0014
vn -0.9866 0.1630 -0.0006
vn -0.9886 0.1509 0.0001
vn -0.9904 0.1384 0.0009
vn -0.9922 0.1250 0.0017
vn -0.9939 0.1104 0.0026
vn -0.9956 0.0938 0.0036
vn -0.9972 0.0743 0.0048
vn -0.9987 0.0505 0.0063
vn -0.7654 -0.6420 0.0458
vn 0.6463 -0.7621 0.0399
vn 0.9992 -0.0382 -0.0070
vn 0.9986 -0.0533 -0.0061
vn 0.9977 -0.0671 -0.0053
vn 0.9968 -0.0801 -0.0045
vn 0.9957 -0.0930 -0.0037
vn 0.9943 -0.1062 -0.0029
vn 0.9928 -0.1200 -0.0020
vn 0.9909 -0.1349 -0.0011
vn 0.9885 -0.1513 -0.0001
vn 0.9855 -0.1696 0.0010
vn 0.9816 -0.1907 0.0023
vn 0.8059 0.5904 -0.0431
vn -0.5897 0.8065 -0.0431
vn -0.9139 0.4056 -0.0159
vn -0.9202 0.3911 -0.0150
vn -0.9259 0.3774 -0.0141
vn -0.9312 0.3642 -0.0133
vn -0.9363 0.3509 -0.0124
vn -0.9414 0.3372 -0.0115
vn -0.9465 0.3227 -0.0106
vn -0.9518 0.3066 -0.0096
vn -0.9575 0.2883 -0.0084
vn -0.9637 0.2668 -0.0071
vn -0.9707 0.2403 -0.0054
vn -0.8443 -0.5344 0.0401
vn 0.5396 -0.8407 0.0456
vn 0.9736 -0.2282 0.0047
vn 0.9685 -0.2489 0.0060
vn 0.9638 -0.2666 0.0071
vn 0.9593 -0.2822 0.0080
vn 0.9550 -0.2965 0.0090
vn 0.9506 -0.3102 0.0098
vn 0.9461 -0.3237 0.0107
vn 0.9413 -0.3374 0.0115
vn 0.9360 -0.3517 0.0125
vn 0.9301 -0.3671 0.0134
vn 0.9232 -0.3839 0.0145
vn 0.8814 0.4710 -0.0366
vn -0.4625 0.8853 -0.0490
vn -0.7792 0.6260 -0.0304
vn -0.7890 0.6137 -0.0296
vn -0.7980 0.6020 -0.0288
vn -0.8067 0.5903 -0.0280
vn -0.8154 0.5783 -0.0272
vn -0.8243 0.5656 -0.0264
vn -0.8336 0.5517 -0.0255
vn -0.8438 0.5361 -0.0244
vn -0.8552 0.5179 -0.0232
vn -0.8682 0.4958 -0.0218
vn -0.8835 0.4680 -0.0200
vn -0.9301 -0.3659 0.0307
vn 0.3748 -0.9257 0.0523
vn 0.8916 -0.4525 0.0189
vn 0.8775 -0.4790 0.0207
vn 0.8656 -0.5003 0.0221
vn 0.8550 -0.5181 0.0232
vn 0.8454 -0.5336 0.0243
vn 0.8364 -0.5476 0.0252
vn 0.8277 -0.5606 0.0260
vn 0.8190 -0.5731 0.0269
vn 0.8101 -0.5856 0.0277
vn 0.8007 -0.5984 0.0286
vn 0.7903 -0.6120 0.0295
vn 0.9568 0.2895 -0.0264
vn -0.2824 0.9577 -0.0551
vn -0.9169 -0.3978 0.0325
vn -0.9060 -0.4220 0.0339
vn -0.8944 -0.4459 0.0352
vn -0.8819 -0.4700 0.0365
vn -0.8683 -0.4946 0.0379
vn -0.8532 -0.5200 0.0393
vn -0.8363 -0.5468 0.0407
vn -0.8169 -0.5752 0.0423
vn -0.7944 -0.6057 0.0439
vn -0.7681 -0.6387 0.0456
vn -0.7367 -0.6745 0.0475
vn -0.2033 -0.9772 0.0608
vn 0.9831 -0.1830 0.0019
vn 0.7087 0.7038 -0.0490
vn 0.7435 0.6671 -0.0471
vn 0.7729 0.6329 -0.0453
vn 0.7981 0.6009 -0.0436
vn 0.8204 0.5703 -0.0420
vn 0.8402 0.5407 -0.0404
vn 0.8583 0.5117 -0.0388
vn 0.8751 0.4825 -0.0372
vn 0.8909 0.4529 -0.0356
vn 0.9059 0.4221 -0.0339
vn 0.9205 0.3895 -0.0321
vn 0.4538 0.8892 -0.0578
vn -0.8942 0.4473 -0.0186
vn 0.9340 0.3560 -0.0302
vn 0.6713 -0.7402 0.0383
vn -0.7327 -0.6789 0.0477
vn -0.7242 -0.6879 0.0482
vn -0.7156 -0.6969 0.0487
vn -0.7068 -0.7058 0.0491
vn -0.6978 -0.7146 0.0496
vn -0.6887 -0.7233 0.0500
vn -0.6794 -0.7320 0.0504
vn -0.6699 -0.7407 0.0509
vn -0.6601 -0.7494 0.0513
vn -0.6500 -0.7581 0.0517
vn 0.0353 -0.9976 0.0598
vn 0.6890 -0.7238 0.0372
vn 0.6743 -0.7375 0.0381
vn 0.6623 -0.7483 0.0389
vn 0.6516 -0.7576 0.0396
vn 0.6414 -0.7661 0.0402
vn 0.6312 -0.7745 0.0408
vn 0.6203 -0.7833 0.0414
vn 0.6082 -0.7927 0.0421
vn 0.5938 -0.8035 0.0429
vn 0.5760 -0.8163 0.0438
vn 0.5527 -0.8322 0.0450
vn 0.9989 -0.0461 -0.0065
vn 0.6312 0.7738 -0.0525
vn 0.6643 0.7457 -0.0511
vn 0.6945 0.7178 -0.0497
vn 0.7224 0.6898 -0.0483
vn 0.7485 0.6615 -0.0468
vn 0.7731 0.6327 -0.0453
vn 0.7965 0.6030 -0.0438
vn 0.8191 0.5721 -0.0421
vn 0.8409 0.5397 -0.0404
vn 0.8622 0.5052 -0.0385
vn 0.8829 0.4682 -0.0364
vn 0.4001 0.9146 -0.0588
vn -0.9169 0.3988 -0.0155
vn -0.8895 -0.4556 0.0357
vn -0.8848 -0.4646 0.0362
vn -0.8801 -0.4733 0.0367
vn -0.8755 -0.4819 0.0372
vn -0.8708 -0.4902 0.0377
vn -0.8662 -0.4982 0.0381
vn -0.8617 -0.5060 0.0385
vn -0.8572 -0.5135 0.0389
vn -0.8528 -0.5208 0.0393
vn -0.8484 -0.5278 0.0397
vn -0.5360 0.8430 -0.0458
vn 0.4797 0.8756 -0.0572
vn -0.7075 0.7058 -0.0359
vn -0.7067 -0.7058 0.0491
vn -0.5840 0.8106 -0.0434
vn -0.5103 0.8587 -0.0470
vn -0.8593 -0.5099 0.0387
vn -0.3164 -0.9467 0.0600
vn -0.3170 -0.9465 0.0600
vn -0.3174 -0.9464 0.0600
vn -0.3177 -0.9463 0.0600
vn -0.3178 -0.9463 0.0600
vn -0.3176 -0.9463 0.0600
vn -0.3169 -0.9466 0.0600
vn -0.3162 -0.9468 0.0600
vn -0.3152 -0.9471 0.0600
vn -0.3140 -0.9475 0.0600
vn 0.4828 -0.8744 0.0482
vn 0.8668 0.4971 -0.0380
vn 0.2800 0.9581 -0.0603
vn 0.2824 0.9574 -0.0603
vn 0.2845 0.9568 -0.0603
vn 0.2865 0.9562 -0.0603
vn 0.2884 0.9556 -0.0603
vn 0.2902 0.9551 -0.0602
vn 0.2918 0.9546 -0.0602
vn 0.2934 0.9541 -0.0602
vn 0.2962 0.9532 -0.0602
vn -0.9547 0.2975 -0.0090
vn 0.5926 -0.8044 0.0429
vn 0.4053 -0.9127 0.0512
vn 0.9521 -0.3056 0.0095
vn 0.9422 -0.3349 0.0114
vn 0.9328 -0.3603 0.0130
vn 0.9234 -0.3835 0.0145
vn 0.9137 -0.4061 0.0159
vn 0.9030 -0.4292 0.0174
vn 0.8909 -0.4537 0.0190
vn 0.8766 -0.4809 0.0208
vn 0.8587 -0.5120 0.0228
vn 0.8355 -0.5490 0.0253
vn 0.8037 -0.5943 0.0283
vn 0.9715 0.2359 -0.0233
vn -0.2597 0.9641 -0.0557
vn -0.8268 0.5619 -0.0261
vn -0.8494 0.5272 -0.0238
vn -0.8654 0.5006 -0.0221
vn -0.8775 0.4791 -0.0207
vn -0.8871 0.4611 -0.0195
vn -0.8952 0.4453 -0.0185
vn -0.9023 0.4307 -0.0175
vn -0.9090 0.4166 -0.0166
vn -0.9155 0.4020 -0.0157
vn -0.9224 0.3859 -0.0146
vn -0.9302 0.3668 -0.0134
vn -0.9278 -0.3717 0.0310
vn 0.0430 0.9972 -0.0605
vn 0.0532 0.9967 -0.0605
vn 0.0668 0.9959 -0.0606
vn 0.0714 0.9956 -0.0606
vn 0.0749 0.9953 -0.0607
vn 0.0776 0.9951 -0.0607
vn 0.0796 0.9950 -0.0607
vn 0.0811 0.9949 -0.0607
vn 0.0820 0.9948 -0.0607
vn -0.9965 0.0831 0.0043
vn 0.7511 -0.6594 0.0327
vn 0.9794 0.2010 -0.0212
vn 0.9825 0.1852 -0.0203
vn 0.9853 0.1695 -0.0194
vn 0.9880 0.1535 -0.0185
vn 0.9904 0.1372 -0.0175
vn 0.9926 0.1204 -0.0165
vn 0.9946 0.1030 -0.0155
vn 0.9963 0.0848 -0.0144
vn 0.9978 0.0655 -0.0133
vn 0.9989 0.0451 -0.0120
vn 0.9997 0.0233 -0.0107
vn 0.6633 0.7466 -0.0512
vn -0.8118 0.5833 -0.0276
vn -0.9774 -0.2101 0.0218
vn -0.9787 -0.2043 0.0214
vn -0.9795 -0.2001 0.0212
vn -0.9802 -0.1969 0.0210
vn -0.9806 -0.1948 0.0209
vn -0.9809 -0.1935 0.0208
vn -0.9808 -0.1939 0.0208
vn -0.9805 -0.1953 0.0209
vn -0.9800 -0.1977 0.0211
vn -0.9793 -0.2013 0.0213
vn -0.9814 -0.1909 0.0207
vn -0.6719 -0.7389 0.0508
vn -0.9966 0.0824 0.0043
vn 0.0794 0.9950 -0.0607
vn 0.0728 0.9955 -0.0607
vn 0.0686 0.9958 -0.0606
vn 0.0637 0.9961 -0.0606
vn 0.0578 0.9965 -0.0606
vn 0.0506 0.9969 -0.0605
vn 0.0418 0.9973 -0.0605
vn 0.0309 0.9977 -0.0604
vn 0.0169 0.9980 -0.0603
vn -0.0128 0.9981 -0.0600
vn -0.0743 0.9955 -0.0593
vn -0.1622 0.9851 -0.0578
vn -0.2676 0.9619 -0.0555
vn -0.3893 0.9196 -0.0518
vn -0.5221 0.8516 -0.0464
vn -0.6553 0.7543 -0.0393
vn -0.7754 0.6307 -0.0308
vn -0.8708 0.4911 -0.0215
vn -0.9369 0.3493 -0.0123
vn -0.9762 0.2170 -0.0040
vn -0.9949 0.1007 0.0032
vn -0.9998 0.0179 0.0083
vn -0.9997 -0.0219 0.0106
vn -0.9990 -0.0435 0.0119
vn -0.9978 -0.0654 0.0132
vn -0.9960 -0.0885 0.0146
vn -0.9934 -0.1135 0.0161
vn -0.9898 -0.1412 0.0177
vn -0.9848 -0.1728 0.0196
vn -0.9776 -0.2094 0.0217
vn -0.9672 -0.2530 0.0243
vn -0.9517 -0.3059 0.0273
vn -0.9279 -0.3716 0.0310
vn -0.8982 -0.4382 0.0348
vn -0.8598 -0.5091 0.0387
vn -0.8050 -0.5917 0.0432
vn -0.7359 -0.6754 0.0476
vn -0.6532 -0.7554 0.0516
vn -0.5597 -0.8269 0.0550
vn -0.3614 -0.9305 0.0594
vn -0.2679 -0.9616 0.0604
vn -0.1838 -0.9811 0.0608
vn -0.1111 -0.9920 0.0608
vn -0.0503 -0.9969 0.0605
vn -0.0038 -0.9982 0.0602
vn 0.0285 -0.9978 0.0598
vn 0.0534 -0.9968 0.0596
vn 0.0756 -0.9954 0.0593
vn 0.0956 -0.9937 0.0590
vn 0.1142 -0.9917 0.0587
vn 0.1318 -0.9896 0.0584
vn 0.1489 -0.9871 0.0581
vn 0.1659 -0.9845 0.0578
vn 0.1832 -0.9814 0.0574
vn 0.2014 -0.9778 0.0570
vn 0.2212 -0.9736 0.0566
vn 0.7344 -0.6778 0.0340
vn 0.6598 0.7497 -0.0513
vn -0.2664 0.9623 -0.0555
vn -0.2395 0.9693 -0.0562
vn -0.2154 0.9749 -0.0567
vn -0.1932 0.9795 -0.0572
vn -0.1724 0.9833 -0.0576
vn -0.1523 0.9866 -0.0580
vn -0.1323 0.9895 -0.0584
vn -0.1118 0.9920 -0.0587
vn -0.0898 0.9942 -0.0591
vn -0.0652 0.9961 -0.0594
vn -0.0360 0.9976 -0.0598
vn -0.0002 0.9982 -0.0601
vn 0.0440 0.9972 -0.0605
vn 0.1000 0.9931 -0.0608
vn 0.1701 0.9836 -0.0608
vn 0.2537 0.9654 -0.0605
vn 0.3487 0.9353 -0.0596
vn 0.4511 0.8906 -0.0579
vn 0.5544 0.8304 -0.0552
vn 0.6519 0.7565 -0.0517
vn 0.7378 0.6734 -0.0474
vn 0.8087 0.5866 -0.0429
vn 0.8643 0.5016 -0.0383
vn 0.9052 0.4236 -0.0340
vn 0.9345 0.3546 -0.0301
vn 0.9548 0.2962 -0.0268
vn 0.9683 0.2487 -0.0240
vn 0.9777 0.2091 -0.0217
vn 0.9843 0.1752 -0.0197
vn 0.9892 0.1454 -0.0180
vn 0.9928 0.1186 -0.0164
vn 0.9955 0.0937 -0.0149
vn 0.9974 0.0701 -0.0135
vn 0.9988 0.0471 -0.0122
vn 0.9997 0.0239 -0.0108
vn 0.9999 -0.0144 -0.0085
vn 0.9960 -0.0898 -0.0039
vn 0.9801 -0.1983 0.0028
vn 0.9444 -0.3285 0.0110
vn 0.8795 -0.4755 0.0204
vn 0.7792 -0.6261 0.0304
vn 0.6475 -0.7610 0.0398
vn 0.5004 -0.8645 0.0474
vn 0.3577 -0.9323 0.0528
vn 0.2336 -0.9707 0.0563
vn 0.1339 -0.9893 0.0583
vn 0.0581 -0.9965 0.0595
vn 0.0084 -0.9982 0.0601
vn -0.0172 -0.9980 0.0603
vn -0.0316 -0.9977 0.0604
vn -0.0431 -0.9972 0.0605
vn -0.0525 -0.9968 0.0605
vn -0.0602 -0.9963 0.0606
vn -0.0667 -0.9959 0.0606
vn -0.0722 -0.9955 0.0606
vn -0.0769 -0.9952 0.0607
vn -0.0809 -0.9949 0.0607
vn -0.0844 -0.9946 0.0607
vn 0.9961 -0.0878 -0.0040
vn -0.7642 0.6442 -0.0317
vn -0.9653 -0.2600 0.0247
vn -0.9618 -0.2727 0.0254
vn -0.9575 -0.2871 0.0262
vn -0.9525 -0.3032 0.0272
vn -0.9466 -0.3212 0.0282
vn -0.9395 -0.3414 0.0293
vn -0.9309 -0.3640 0.0306
vn -0.9205 -0.3894 0.0320
vn -0.9079 -0.4179 0.0336
vn -0.8923 -0.4501 0.0354
vn -0.8728 -0.4866 0.0375
vn -0.3270 -0.9431 0.0599
vn 0.9564 -0.2919 0.0087
vn 0.8388 0.5429 -0.0405
vn 0.8674 0.4962 -0.0380
vn 0.8891 0.4563 -0.0358
vn 0.9059 0.4220 -0.0339
vn 0.9193 0.3922 -0.0322
vn 0.9301 0.3660 -0.0307
vn 0.9391 0.3425 -0.0294
vn 0.9466 0.3212 -0.0282
vn 0.9531 0.3015 -0.0271
vn 0.9588 0.2827 -0.0260
vn 0.9641 0.2643 -0.0249
vn 0.7580 -0.6515 0.0322
vn -0.1184 -0.9911 0.0608
vn -0.1261 -0.9901 0.0608
vn -0.1259 -0.9902 0.0608
vn -0.1262 -0.9901 0.0608
vn -0.1269 -0.9900 0.0608
vn -0.1282 -0.9899 0.0608
vn -0.1300 -0.9896 0.0608
vn -0.1324 -0.9893 0.0608
vn -0.1355 -0.9889 0.0608
vn -0.1395 -0.9884 0.0608
vn -0.1448 -0.9876 0.0608
vn 0.6176 -0.7854 0.0416
vn 0.7187 0.6936 -0.0485
vn -0.0372 0.9975 -0.0597
vn -0.0243 0.9979 -0.0599
vn -0.0123 0.9981 -0.0600
vn -0.0015 0.9982 -0.0601
vn 0.0079 0.9982 -0.0602
vn 0.0157 0.9981 -0.0603
vn 0.0220 0.9979 -0.0603
vn 0.0265 0.9978 -0.0604
vn 0.0294 0.9977 -0.0604
vn 0.0307 0.9977 -0.0604
vn 0.0340 0.9976 -0.0604
vn 0.0142 0.9981 -0.0603
vn -0.6457 0.7626 -0.0399
vn -0.6611 0.7493 -0.0390
vn -0.6744 0.7374 -0.0381
vn -0.6860 0.7266 -0.0374
vn -0.6965 0.7166 -0.0367
vn -0.7063 0.7070 -0.0360
vn -0.7155 0.6977 -0.0354
vn -0.7245 0.6884 -0.0347
vn -0.7334 0.6789 -0.0341
vn -0.7426 0.6689 -0.0334
vn -0.7523 0.6581 -0.0326
vn -0.9970 -0.0760 0.0139
vn 0.0872 -0.9944 0.0591
vn 0.7649 -0.6434 0.0316
vn 0.7531 -0.6571 0.0326
vn 0.7419 -0.6697 0.0334
vn 0.7310 -0.6815 0.0342
vn 0.7204 -0.6927 0.0350
vn 0.7098 -0.7035 0.0358
vn 0.6990 -0.7142 0.0365
vn 0.6877 -0.7250 0.0373
vn 0.6759 -0.7360 0.0380
vn 0.6630 -0.7476 0.0389
vn 0.6488 -0.7599 0.0397
vt 1.000000 0.000000
vt 0.040000 0.000000
vt 0.000000 0.000000
vt 0.080000 0.000000
vt 0.120000 0.000000
vt 0.160000 0.000000
vt 0.200000 0.000000
vt 0.960000 0.000000
vt 0.240000 0.000000
vt 0.920000 0.000000
vt 0.280000 0.000000
vt 0.880000 0.000000
vt 0.320000 0.000000
vt 0.840000 0.000000
vt 0.360000 0.000000
vt 0.800000 0.000000
vt 0.400000 0.000000
vt 0.760000 0.000000
vt 0.440000 0.000000
vt 0.720000 0.000000
vt 0.480000 0.000000
vt 0.680000 0.000000
vt 0.640000 0.000000
vt 0.600000 0.000000
vt 0.560000 0.000000
vt 0.520000 0.000000
vt 0.204255 0.000000
vt 0.212766 0.000000
vt 0.208511 0.000000
vt 0.217021 0.000000
vt 0.221277 0.000000
vt 0.225532 0.000000
vt 0.229787 0.000000
vt 0.234043 0.000000
vt 0.195745 0.000000
vt 0.238298 0.000000
vt 0.242553 0.000000
vt 0.246809 0.000000
vt 0.191489 0.000000
vt 0.251064 0.000000
vt 0.255319 0.000000
vt 0.259574 0.000000
vt 0.263830 0.000000
vt 0.187234 0.000000
vt 0.268085 0.000000
vt 0.182979 0.000000
vt 0.051064 0.000000
vt 0.059574 0.000000
vt 0.055319 0.000000
vt 0.178723 0.000000
vt 0.174468 0.000000
vt 0.063830 0.000000
vt 0.046809 0.000000
vt 0.170213 0.000000
vt 0.068085 0.000000
vt 0.165957 0.000000
vt 0.161702 0.000000
vt 0.072340 0.000000
vt 0.314894 0.000000
vt 0.323404 0.000000
vt 0.319149 0.000000
vt 0.310638 0.000000
vt 0.306383 0.000000
vt 0.302128 0.000000
vt 0.327660 0.000000
vt 0.297872 0.000000
vt 0.293617 0.000000
vt 0.289362 0.000000
vt 0.042553 0.000000
vt 0.285106 0.000000
vt 0.331915 0.000000
vt 0.280851 0.000000
vt 0.276596 0.000000
vt 0.272340 0.000000
vt 0.336170 0.000000
vt 0.157447 0.000000
vt 0.153191 0.000000
vt 0.148936 0.000000
vt 0.340426 0.000000
vt 0.144681 0.000000
vt 0.140426 0.000000
vt 0.136170 0.000000
vt 0.131915 0.000000
vt 0.127660 0.000000
vt 0.123404 0.000000
vt 0.119149 0.000000
vt 0.944681 0.000000
vt 0.953192 0.000000
vt 0.948936 0.000000
vt 0.114894 0.000000
vt 0.110638 0.000000
vt 0.995745 0.000000
vt 0.991489 0.000000
vt 0.957447 0.000000
vt 0.987234 0.000000
vt 0.982979 0.000000
vt 0.961702 0.000000
vt 0.978723 0.000000
vt 0.965957 0.000000
vt 0.974468 0.000000
vt 0.970213 0.000000
vt 0.344681 0.000000
vt 0.038298 0.000000
vt 0.076596 0.000000
vt 0.348936 0.000000
vt 0.034043 0.000000
vt 0.940426 0.000000
vt 0.936170 0.000000
vt 0.931915 0.000000
vt 0.927660 0.000000
vt 0.353191 0.000000
vt 0.080851 0.000000
vt 0.923404 0.000000
vt 0.919149 0.000000
vt 0.914894 0.000000
vt 0.910638 0.000000
vt 0.893617 0.000000
vt 0.889362 0.000000
vt 0.778723 0.000000
vt 0.782979 0.000000
vt 0.774468 0.000000
vt 0.770213 0.000000
vt 0.765957 0.000000
vt 0.761702 0.000000
vt 0.757447 0.000000
vt 0.357447 0.000000
vt 0.029787 0.000000
vt 0.085106 0.000000
vt 0.753191 0.000000
vt 0.748936 0.000000
vt 0.744681 0.000000
vt 0.740426 0.000000
vt 0.736170 0.000000
vt 0.731915 0.000000
vt 0.727660 0.000000
vt 0.361702 0.000000
vt 0.723404 0.000000
vt 0.719149 0.000000
vt 0.025532 0.000000
vt 0.714894 0.000000
vt 0.787234 0.000000
vt 0.710638 0.000000
vt 0.706383 0.000000
vt 0.365957 0.000000
vt 0.702128 0.000000
vt 0.089362 0.000000
vt 0.885106 0.000000
vt 0.697872 0.000000
vt 0.880851 0.000000
vt 0.791489 0.000000
vt 0.693617 0.000000
vt 0.897872 0.000000
vt 0.906383 0.000000
vt 0.902128 0.000000
vt 0.021277 0.000000
vt 0.689362 0.000000
vt 0.370213 0.000000
vt 0.685106 0.000000
vt 0.093617 0.000000
vt 0.876596 0.000000
vt 0.680851 0.000000
vt 0.017021 0.000000
vt 0.795745 0.000000
vt 0.374468 0.000000
vt 0.097872 0.000000
vt 0.676596 0.000000
vt 0.012766 0.000000
vt 0.872340 0.000000
vt 0.378723 0.000000
vt 0.672340 0.000000
vt 0.102128 0.000000
vt 0.008511 0.000000
vt 0.382979 0.000000
vt 0.668085 0.000000
vt 0.106383 0.000000
vt 0.868085 0.000000
vt 0.804255 0.000000
vt 0.004255 0.000000
vt 0.663830 0.000000
vt 0.387234 0.000000
vt 0.863830 0.000000
vt 0.659574 0.000000
vt 0.808511 0.000000
vt 0.391489 0.000000
vt 0.655319 0.000000
vt 0.859574 0.000000
vt 0.395745 0.000000
vt 0.651064 0.000000
vt 0.812766 0.000000
vt 0.646809 0.000000
vt 0.855319 0.000000
vt 0.817021 0.000000
vt 0.642553 0.000000
vt 0.404255 0.000000
vt 0.851064 0.000000
vt 0.638298 0.000000
vt 0.408511 0.000000
vt 0.634043 0.000000
vt 0.821277 0.000000
vt 0.846808 0.000000
vt 0.629787 0.000000
vt 0.412766 0.000000
vt 0.625532 0.000000
vt 0.621277 0.000000
vt 0.523404 0.000000
vt 0.531915 0.000000
vt 0.527660 0.000000
vt 0.417021 0.000000
vt 0.825532 0.000000
vt 0.617021 0.000000
vt 0.612766 0.000000
vt 0.536170 0.000000
vt 0.842553 0.000000
vt 0.540426 0.000000
vt 0.608511 0.000000
vt 0.544681 0.000000
vt 0.604255 0.000000
vt 0.548936 0.000000
vt 0.553191 0.000000
vt 0.557447 0.000000
vt 0.595745 0.000000
vt 0.561702 0.000000
vt 0.591489 0.000000
vt 0.565957 0.000000
vt 0.587234 0.000000
vt 0.570213 0.000000
vt 0.582979 0.000000
vt 0.574468 0.000000
vt 0.578723 0.000000
vt 0.421277 0.000000
vt 0.838298 0.000000
vt 0.829787 0.000000
vt 0.425532 0.000000
vt 0.429787 0.000000
vt 0.434043 0.000000
vt 0.834043 0.000000
vt 0.438298 0.000000
vt 0.442553 0.000000
vt 0.446809 0.000000
vt 0.451064 0.000000
vt 0.519149 0.000000
vt 0.514894 0.000000
vt 0.455319 0.000000
vt 0.510638 0.000000
vt 0.506383 0.000000
vt 0.502128 0.000000
vt 0.459574 0.000000
vt 0.497872 0.000000
vt 0.493617 0.000000
vt 0.463830 0.000000
vt 0.489362 0.000000
vt 0.485106 0.000000
vt 0.468085 0.000000
vt 0.480851 0.000000
vt 0.476596 0.000000
vt 0.472340 0.000000
vt 0.272727 0.000000
vt 0.129870 0.000000
vt 0.285714 0.000000
vt 0.298701 0.000000
vt 0.116883 0.000000
vt 0.181818 0.000000
vt 0.168831 0.000000
vt 0.311688 0.000000
vt 0.532468 0.000000
vt 0.558442 0.000000
vt 0.545455 0.000000
vt 0.571429 0.000000
vt 0.142857 0.000000
vt 0.103896 0.000000
vt 0.194805 0.000000
vt 0.155844 0.000000
vt 0.519481 0.000000
vt 0.506494 0.000000
vt 0.584416 0.000000
vt 0.597403 0.000000
vt 0.025974 0.000000
vt 0.012987 0.000000
vt 0.077922 0.000000
vt 0.064935 0.000000
vt 0.038961 0.000000
vt 0.090909 0.000000
vt 0.051948 0.000000
vt 0.480519 0.000000
vt 0.493506 0.000000
vt 0.610390 0.000000
vt 0.623377 0.000000
vt 0.467532 0.000000
vt 0.636364 0.000000
vt 0.649351 0.000000
vt 0.259740 0.000000
vt 0.246753 0.000000
vt 0.324675 0.000000
vt 0.337662 0.000000
vt 0.220779 0.000000
vt 0.233766 0.000000
vt 0.350649 0.000000
vt 0.363636 0.000000
vt 0.662338 0.000000
vt 0.675325 0.000000
vt 0.987013 0.000000
vt 0.974026 0.000000
vt 0.961039 0.000000
vt 0.948052 0.000000
vt 0.935065 0.000000
vt 0.922078 0.000000
vt 0.909091 0.000000
vt 0.207792 0.000000
vt 0.454545 0.000000
vt 0.896104 0.000000
vt 0.883117 0.000000
vt 0.870130 0.000000
vt 0.857143 0.000000
vt 0.844156 0.000000
vt 0.831169 0.000000
vt 0.688312 0.000000
vt 0.701299 0.000000
vt 0.714286 0.000000
vt 0.727273 0.000000
vt 0.740260 0.000000
vt 0.753247 0.000000
vt 0.766234 0.000000
vt 0.779221 0.000000
vt 0.792208 0.000000
vt 0.805195 0.000000
vt 0.818182 0.000000
vt 0.860825 0.000000
vt 0.737113 0.000000
vt 0.865979 0.000000
vt 0.855670 0.000000
vt 0.742268 0.000000
vt 0.850515 0.000000
vt 0.747423 0.000000
vt 0.845361 0.000000
vt 0.752577 0.000000
vt 0.840206 0.000000
vt 0.757732 0.000000
vt 0.835052 0.000000
vt 0.762887 0.000000
vt 0.829897 0.000000
vt 0.768041 0.000000
vt 0.824742 0.000000
vt 0.773196 0.000000
vt 0.819588 0.000000
vt 0.778351 0.000000
vt 0.814433 0.000000
vt 0.783505 0.000000
vt 0.809278 0.000000
vt 0.788660 0.000000
vt 0.804124 0.000000
vt 0.793814 0.000000
vt 0.798969 0.000000
vt 0.994845 0.000000
vt 0.871134 0.000000
vt 0.989691 0.000000
vt 0.876289 0.000000
vt 0.881443 0.000000
vt 0.984536 0.000000
vt 0.886598 0.000000
vt 0.979381 0.000000
vt 0.891753 0.000000
vt 0.974227 0.000000
vt 0.896907 0.000000
vt 0.969072 0.000000
vt 0.902062 0.000000
vt 0.963918 0.000000
vt 0.907216 0.000000
vt 0.958763 0.000000
vt 0.912371 0.000000
vt 0.953608 0.000000
vt 0.917526 0.000000
vt 0.948454 0.000000
vt 0.922680 0.000000
vt 0.943299 0.000000
vt 0.927835 0.000000
vt 0.938144 0.000000
vt 0.932990 0.000000
vt 0.469072 0.000000
vt 0.479381 0.000000
vt 0.474227 0.000000
vt 0.484536 0.000000
vt 0.463918 0.000000
vt 0.458763 0.000000
vt 0.489691 0.000000
vt 0.494845 0.000000
vt 0.500000 0.000000
vt 0.453608 0.000000
vt 0.505155 0.000000
vt 0.510309 0.000000
vt 0.515464 0.000000
vt 0.448454 0.000000
vt 0.520619 0.000000
vt 0.536082 0.000000
vt 0.546392 0.000000
vt 0.541237 0.000000
vt 0.551546 0.000000
vt 0.525773 0.000000
vt 0.530928 0.000000
vt 0.443299 0.000000
vt 0.438144 0.000000
vt 0.432990 0.000000
vt 0.427835 0.000000
vt 0.422680 0.000000
vt 0.628866 0.000000
vt 0.293814 0.000000
vt 0.613402 0.000000
vt 0.623711 0.000000
vt 0.618557 0.000000
vt 0.644330 0.000000
vt 0.649485 0.000000
vt 0.639175 0.000000
vt 0.634021 0.000000
vt 0.664948 0.000000
vt 0.670103 0.000000
vt 0.659794 0.000000
vt 0.654639 0.000000
vt 0.556701 0.000000
vt 0.561856 0.000000
vt 0.417526 0.000000
vt 0.412371 0.000000
vt 0.298969 0.000000
vt 0.288660 0.000000
vt 0.304124 0.000000
vt 0.309278 0.000000
vt 0.407216 0.000000
vt 0.314433 0.000000
vt 0.319588 0.000000
vt 0.283505 0.000000
vt 0.402062 0.000000
vt 0.324742 0.000000
vt 0.396907 0.000000
vt 0.391753 0.000000
vt 0.329897 0.000000
vt 0.386598 0.000000
vt 0.381443 0.000000
vt 0.335052 0.000000
vt 0.376289 0.000000
vt 0.371134 0.000000
vt 0.340206 0.000000
vt 0.365979 0.000000
vt 0.345361 0.000000
vt 0.360825 0.000000
vt 0.355670 0.000000
vt 0.350515 0.000000
vt 0.273196 0.000000
vt 0.278351 0.000000
vt 0.567010 0.000000
vt 0.572165 0.000000
vt 0.268041 0.000000
vt 0.608247 0.000000
vt 0.690722 0.000000
vt 0.675258 0.000000
vt 0.685567 0.000000
vt 0.680412 0.000000
vt 0.706186 0.000000
vt 0.711340 0.000000
vt 0.701031 0.000000
vt 0.695876 0.000000
vt 0.726804 0.000000
vt 0.731959 0.000000
vt 0.721649 0.000000
vt 0.716495 0.000000
vt 0.577320 0.000000
vt 0.582474 0.000000
vt 0.597938 0.000000
vt 0.603093 0.000000
vt 0.587629 0.000000
vt 0.257732 0.000000
vt 0.128866 0.000000
vt 0.592784 0.000000
vt 0.123711 0.000000
vt 0.252577 0.000000
vt 0.262887 0.000000
vt 0.005155 0.000000
vt 0.134021 0.000000
vt 0.118557 0.000000
vt 0.247423 0.000000
vt 0.010309 0.000000
vt 0.242268 0.000000
vt 0.015464 0.000000
vt 0.237113 0.000000
vt 0.139175 0.000000
vt 0.113402 0.000000
vt 0.020619 0.000000
vt 0.231959 0.000000
vt 0.144330 0.000000
vt 0.108247 0.000000
vt 0.025773 0.000000
vt 0.226804 0.000000
vt 0.103093 0.000000
vt 0.149485 0.000000
vt 0.030928 0.000000
vt 0.221649 0.000000
vt 0.097938 0.000000
vt 0.154639 0.000000
vt 0.036082 0.000000
vt 0.216495 0.000000
vt 0.092784 0.000000
vt 0.041237 0.000000
vt 0.159794 0.000000
vt 0.211340 0.000000
vt 0.087629 0.000000
vt 0.046392 0.000000
vt 0.206186 0.000000
vt 0.164948 0.000000
vt 0.201031 0.000000
vt 0.082474 0.000000
vt 0.051546 0.000000
vt 0.170103 0.000000
vt 0.195876 0.000000
vt 0.056701 0.000000
vt 0.077320 0.000000
vt 0.175258 0.000000
vt 0.072165 0.000000
vt 0.180412 0.000000
vt 0.190722 0.000000
vt 0.067010 0.000000
vt 0.061856 0.000000
vt 0.185567 0.000000
vt 0.111607 0.000000
vt 0.004464 0.000000
vt 0.008929 0.000000
vt 0.013393 0.000000
vt 0.017857 0.000000
vt 0.022321 0.000000
vt 0.026786 0.000000
vt 0.031250 0.000000
vt 0.035714 0.000000
vt 0.107143 0.000000
vt 0.040179 0.000000
vt 0.272321 0.000000
vt 0.281250 0.000000
vt 0.276786 0.000000
vt 0.044643 0.000000
vt 0.049107 0.000000
vt 0.102679 0.000000
vt 0.053571 0.000000
vt 0.098214 0.000000
vt 0.290179 0.000000
vt 0.294643 0.000000
vt 0.093750 0.000000
vt 0.299107 0.000000
vt 0.303571 0.000000
vt 0.089286 0.000000
vt 0.308036 0.000000
vt 0.312500 0.000000
vt 0.084821 0.000000
vt 0.375000 0.000000
vt 0.058036 0.000000
vt 0.267857 0.000000
vt 0.316964 0.000000
vt 0.321429 0.000000
vt 0.080357 0.000000
vt 0.325893 0.000000
vt 0.383929 0.000000
vt 0.392857 0.000000
vt 0.388393 0.000000
vt 0.379464 0.000000
vt 0.330357 0.000000
vt 0.397321 0.000000
vt 0.334821 0.000000
vt 0.075893 0.000000
vt 0.401786 0.000000
vt 0.370536 0.000000
vt 0.071429 0.000000
vt 0.366071 0.000000
vt 0.406250 0.000000
vt 0.263393 0.000000
vt 0.361607 0.000000
vt 0.066964 0.000000
vt 0.258929 0.000000
vt 0.410714 0.000000
vt 0.254464 0.000000
vt 0.357143 0.000000
vt 0.062500 0.000000
vt 0.250000 0.000000
vt 0.245536 0.000000
vt 0.352679 0.000000
vt 0.415179 0.000000
vt 0.241071 0.000000
vt 0.236607 0.000000
vt 0.348214 0.000000
vt 0.232143 0.000000
vt 0.227679 0.000000
vt 0.419643 0.000000
vt 0.343750 0.000000
vt 0.223214 0.000000
vt 0.218750 0.000000
vt 0.214286 0.000000
vt 0.339286 0.000000
vt 0.209821 0.000000
vt 0.424107 0.000000
vt 0.205357 0.000000
vt 0.200893 0.000000
vt 0.196429 0.000000
vt 0.428571 0.000000
vt 0.191964 0.000000
vt 0.187500 0.000000
vt 0.183036 0.000000
vt 0.718750 0.000000
vt 0.709821 0.000000
vt 0.433036 0.000000
vt 0.723214 0.000000
vt 0.705357 0.000000
vt 0.727679 0.000000
vt 0.700893 0.000000
vt 0.178571 0.000000
vt 0.160714 0.000000
vt 0.732143 0.000000
vt 0.696429 0.000000
vt 0.156250 0.000000
vt 0.165179 0.000000
vt 0.736607 0.000000
vt 0.174107 0.000000
vt 0.691964 0.000000
vt 0.151786 0.000000
vt 0.169643 0.000000
vt 0.687500 0.000000
vt 0.437500 0.000000
vt 0.683036 0.000000
vt 0.678571 0.000000
vt 0.674107 0.000000
vt 0.669643 0.000000
vt 0.441964 0.000000
vt 0.665179 0.000000
vt 0.660714 0.000000
vt 0.446429 0.000000
vt 0.656250 0.000000
vt 0.651786 0.000000
vt 0.647321 0.000000
vt 0.450893 0.000000
vt 0.642857 0.000000
vt 0.638393 0.000000
vt 0.549107 0.000000
vt 0.558036 0.000000
vt 0.553571 0.000000
vt 0.633929 0.000000
vt 0.888393 0.000000
vt 0.897321 0.000000
vt 0.892857 0.000000
vt 0.883929 0.000000
vt 0.455357 0.000000
vt 0.629464 0.000000
vt 0.901786 0.000000
vt 0.562500 0.000000
vt 0.566964 0.000000
vt 0.625000 0.000000
vt 0.906250 0.000000
vt 0.575893 0.000000
vt 0.620536 0.000000
vt 0.580357 0.000000
vt 0.910714 0.000000
vt 0.584821 0.000000
vt 0.616071 0.000000
vt 0.589286 0.000000
vt 0.593750 0.000000
vt 0.611607 0.000000
vt 0.459821 0.000000
vt 0.598214 0.000000
vt 0.915179 0.000000
vt 0.607143 0.000000
vt 0.602679 0.000000
vt 0.919643 0.000000
vt 0.924107 0.000000
vt 0.928571 0.000000
vt 0.464286 0.000000
vt 0.879464 0.000000
vt 0.933036 0.000000
vt 0.937500 0.000000
vt 0.468750 0.000000
vt 0.473214 0.000000
vt 0.477679 0.000000
vt 0.544643 0.000000
vt 0.482143 0.000000
vt 0.540179 0.000000
vt 0.535714 0.000000
vt 0.531250 0.000000
vt 0.526786 0.000000
vt 0.486607 0.000000
vt 0.522321 0.000000
vt 0.517857 0.000000
vt 0.513393 0.000000
vt 0.491071 0.000000
vt 0.508929 0.000000
vt 0.504464 0.000000
vt 0.495536 0.000000
vt 0.906040 0.000000
vt 0.919463 0.000000
vt 0.912752 0.000000
vt 0.926175 0.000000
vt 0.255034 0.000000
vt 0.268456 0.000000
vt 0.261745 0.000000
vt 0.899329 0.000000
vt 0.932886 0.000000
vt 0.892617 0.000000
vt 0.939597 0.000000
vt 0.885906 0.000000
vt 0.275168 0.000000
vt 0.946309 0.000000
vt 0.879195 0.000000
vt 0.953020 0.000000
vt 0.281879 0.000000
vt 0.872483 0.000000
vt 0.959732 0.000000
vt 0.248322 0.000000
vt 0.865772 0.000000
vt 0.288591 0.000000
vt 0.966443 0.000000
vt 0.080537 0.000000
vt 0.093960 0.000000
vt 0.087248 0.000000
vt 0.859060 0.000000
vt 0.973154 0.000000
vt 0.295302 0.000000
vt 0.852349 0.000000
vt 0.979866 0.000000
vt 0.845638 0.000000
vt 0.986577 0.000000
vt 0.302013 0.000000
vt 0.100671 0.000000
vt 0.241611 0.000000
vt 0.838926 0.000000
vt 0.993289 0.000000
vt 0.107383 0.000000
vt 0.832215 0.000000
vt 0.308725 0.000000
vt 0.234899 0.000000
vt 0.073826 0.000000
vt 0.825503 0.000000
vt 0.348993 0.000000
vt 0.114094 0.000000
vt 0.228188 0.000000
vt 0.315436 0.000000
vt 0.120805 0.000000
vt 0.221477 0.000000
vt 0.322148 0.000000
vt 0.818792 0.000000
vt 0.067114 0.000000
vt 0.127517 0.000000
vt 0.214765 0.000000
vt 0.355705 0.000000
vt 0.328859 0.000000
vt 0.060403 0.000000
vt 0.208054 0.000000
vt 0.134228 0.000000
vt 0.335570 0.000000
vt 0.053691 0.000000
vt 0.201342 0.000000
vt 0.140940 0.000000
vt 0.812081 0.000000
vt 0.342282 0.000000
vt 0.362416 0.000000
vt 0.046980 0.000000
vt 0.194631 0.000000
vt 0.147651 0.000000
vt 0.040268 0.000000
vt 0.187919 0.000000
vt 0.154362 0.000000
vt 0.033557 0.000000
vt 0.181208 0.000000
vt 0.174497 0.000000
vt 0.805369 0.000000
vt 0.161074 0.000000
vt 0.369128 0.000000
vt 0.026846 0.000000
vt 0.167785 0.000000
vt 0.020134 0.000000
vt 0.013423 0.000000
vt 0.798658 0.000000
vt 0.375839 0.000000
vt 0.006711 0.000000
vt 0.791946 0.000000
vt 0.382550 0.000000
vt 0.389262 0.000000
vt 0.785235 0.000000
vt 0.395973 0.000000
vt 0.778524 0.000000
vt 0.402685 0.000000
vt 0.771812 0.000000
vt 0.409396 0.000000
vt 0.765101 0.000000
vt 0.577181 0.000000
vt 0.590604 0.000000
vt 0.583893 0.000000
vt 0.416107 0.000000
vt 0.758389 0.000000
vt 0.570470 0.000000
vt 0.422819 0.000000
vt 0.751678 0.000000
vt 0.563758 0.000000
vt 0.429530 0.000000
vt 0.557047 0.000000
vt 0.744966 0.000000
vt 0.597315 0.000000
vt 0.436242 0.000000
vt 0.550336 0.000000
vt 0.442953 0.000000
vt 0.543624 0.000000
vt 0.604027 0.000000
vt 0.738255 0.000000
vt 0.449664 0.000000
vt 0.536913 0.000000
vt 0.610738 0.000000
vt 0.456376 0.000000
vt 0.530201 0.000000
vt 0.731544 0.000000
vt 0.463087 0.000000
vt 0.523490 0.000000
vt 0.469799 0.000000
vt 0.617450 0.000000
vt 0.476510 0.000000
vt 0.516779 0.000000
vt 0.483221 0.000000
vt 0.510067 0.000000
vt 0.489933 0.000000
vt 0.724832 0.000000
vt 0.496644 0.000000
vt 0.503356 0.000000
vt 0.624161 0.000000
vt 0.718121 0.000000
vt 0.630872 0.000000
vt 0.637584 0.000000
vt 0.711409 0.000000
vt 0.644295 0.000000
vt 0.704698 0.000000
vt 0.651007 0.000000
vt 0.697987 0.000000
vt 0.691275 0.000000
vt 0.657718 0.000000
vt 0.684564 0.000000
vt 0.664430 0.000000
vt 0.677852 0.000000
vt 0.671141 0.000000
vt 0.593496 0.000000
vt 0.609756 0.000000
vt 0.601626 0.000000
vt 0.585366 0.000000
vt 0.617886 0.000000
vt 0.577236 0.000000
vt 0.569106 0.000000
vt 0.626016 0.000000
vt 0.560976 0.000000
vt 0.552846 0.000000
vt 0.634146 0.000000
vt 0.544715 0.000000
vt 0.536585 0.000000
vt 0.642276 0.000000
vt 0.528455 0.000000
vt 0.520325 0.000000
vt 0.512195 0.000000
vt 0.650406 0.000000
vt 0.504065 0.000000
vt 0.495935 0.000000
vt 0.487805 0.000000
vt 0.479675 0.000000
vt 0.471545 0.000000
vt 0.463415 0.000000
vt 0.455285 0.000000
vt 0.447154 0.000000
vt 0.439024 0.000000
vt 0.430894 0.000000
vt 0.422764 0.000000
vt 0.414634 0.000000
vt 0.406504 0.000000
vt 0.658537 0.000000
vt 0.398374 0.000000
vt 0.390244 0.000000
vt 0.382114 0.000000
vt 0.373984 0.000000
vt 0.365854 0.000000
vt 0.357724 0.000000
vt 0.349593 0.000000
vt 0.341463 0.000000
vt 0.333333 0.000000
vt 0.325203 0.000000
vt 0.317073 0.000000
vt 0.308943 0.000000
vt 0.300813 0.000000
vt 0.284553 0.000000
vt 0.276423 0.000000
vt 0.268293 0.000000
vt 0.260163 0.000000
vt 0.252033 0.000000
vt 0.243902 0.000000
vt 0.235772 0.000000
vt 0.227642 0.000000
vt 0.219512 0.000000
vt 0.211382 0.000000
vt 0.666667 0.000000
vt 0.991870 0.000000
vt 0.674797 0.000000
vt 0.983740 0.000000
vt 0.975610 0.000000
vt 0.967480 0.000000
vt 0.959350 0.000000
vt 0.682927 0.000000
vt 0.951219 0.000000
vt 0.943089 0.000000
vt 0.292683 0.000000
vt 0.934959 0.000000
vt 0.691057 0.000000
vt 0.926829 0.000000
vt 0.918699 0.000000
vt 0.699187 0.000000
vt 0.910569 0.000000
vt 0.902439 0.000000
vt 0.894309 0.000000
vt 0.707317 0.000000
vt 0.886179 0.000000
vt 0.715447 0.000000
vt 0.878049 0.000000
vt 0.869919 0.000000
vt 0.723577 0.000000
vt 0.861789 0.000000
vt 0.731707 0.000000
vt 0.853659 0.000000
vt 0.845528 0.000000
vt 0.739837 0.000000
vt 0.837398 0.000000
vt 0.829268 0.000000
vt 0.747967 0.000000
vt 0.821138 0.000000
vt 0.813008 0.000000
vt 0.804878 0.000000
vt 0.756098 0.000000
vt 0.796748 0.000000
vt 0.764228 0.000000
vt 0.772358 0.000000
vt 0.780488 0.000000
vt 0.788618 0.000000
vt 0.097561 0.000000
vt 0.113821 0.000000
vt 0.105691 0.000000
vt 0.121951 0.000000
vt 0.130081 0.000000
vt 0.138211 0.000000
vt 0.146341 0.000000
vt 0.154472 0.000000
vt 0.162602 0.000000
vt 0.170732 0.000000
vt 0.178862 0.000000
vt 0.186992 0.000000
vt 0.195122 0.000000
vt 0.203252 0.000000
vt 0.089431 0.000000
vt 0.081301 0.000000
vt 0.073171 0.000000
vt 0.065041 0.000000
vt 0.056911 0.000000
vt 0.048780 0.000000
vt 0.040650 0.000000
vt 0.032520 0.000000
vt 0.024390 0.000000
vt 0.016260 0.000000
vt 0.008130 0.000000
vt 0.933333 0.000000
vt 0.942857 0.000000
vt 0.938095 0.000000
vt 0.947619 0.000000
vt 0.952381 0.000000
vt 0.923810 0.000000
vt 0.957143 0.000000
vt 0.919048 0.000000
vt 0.961905 0.000000
vt 0.914286 0.000000
vt 0.966667 0.000000
vt 0.909524 0.000000
vt 0.971429 0.000000
vt 0.904762 0.000000
vt 0.976190 0.000000
vt 0.900000 0.000000
vt 0.980952 0.000000
vt 0.895238 0.000000
vt 0.985714 0.000000
vt 0.890476 0.000000
vt 0.990476 0.000000
vt 0.885714 0.000000
vt 0.995238 0.000000
vt 0.880952 0.000000
vt 0.876190 0.000000
vt 0.233333 0.000000
vt 0.871429 0.000000
vt 0.866667 0.000000
vt 0.861905 0.000000
vt 0.295238 0.000000
vt 0.290476 0.000000
vt 0.280952 0.000000
vt 0.276190 0.000000
vt 0.271429 0.000000
vt 0.852381 0.000000
vt 0.238095 0.000000
vt 0.266667 0.000000
vt 0.261905 0.000000
vt 0.257143 0.000000
vt 0.252381 0.000000
vt 0.247619 0.000000
vt 0.242857 0.000000
vt 0.847619 0.000000
vt 0.842857 0.000000
vt 0.838095 0.000000
vt 0.833333 0.000000
vt 0.828571 0.000000
vt 0.823810 0.000000
vt 0.300000 0.000000
vt 0.304762 0.000000
vt 0.352381 0.000000
vt 0.361905 0.000000
vt 0.342857 0.000000
vt 0.819048 0.000000
vt 0.347619 0.000000
vt 0.309524 0.000000
vt 0.314286 0.000000
vt 0.319048 0.000000
vt 0.323810 0.000000
vt 0.328571 0.000000
vt 0.338095 0.000000
vt 0.814286 0.000000
vt 0.366667 0.000000
vt 0.809524 0.000000
vt 0.371429 0.000000
vt 0.804762 0.000000
vt 0.376190 0.000000
vt 0.380952 0.000000
vt 0.795238 0.000000
vt 0.385714 0.000000
vt 0.790476 0.000000
vt 0.390476 0.000000
vt 0.785714 0.000000
vt 0.395238 0.000000
vt 0.780952 0.000000
vt 0.776190 0.000000
vt 0.404762 0.000000
vt 0.771429 0.000000
vt 0.752381 0.000000
vt 0.757143 0.000000
vt 0.761905 0.000000
vt 0.409524 0.000000
vt 0.704762 0.000000
vt 0.709524 0.000000
vt 0.719048 0.000000
vt 0.723810 0.000000
vt 0.728571 0.000000
vt 0.733333 0.000000
vt 0.738095 0.000000
vt 0.742857 0.000000
vt 0.700000 0.000000
vt 0.747619 0.000000
vt 0.766667 0.000000
vt 0.695238 0.000000
vt 0.690476 0.000000
vt 0.414286 0.000000
vt 0.685714 0.000000
vt 0.419048 0.000000
vt 0.423810 0.000000
vt 0.680952 0.000000
vt 0.676190 0.000000
vt 0.433333 0.000000
vt 0.671429 0.000000
vt 0.438095 0.000000
vt 0.442857 0.000000
vt 0.447619 0.000000
vt 0.661905 0.000000
vt 0.228571 0.000000
vt 0.223810 0.000000
vt 0.219048 0.000000
vt 0.209524 0.000000
vt 0.004762 0.000000
vt 0.452381 0.000000
vt 0.204762 0.000000
vt 0.195238 0.000000
vt 0.009524 0.000000
vt 0.190476 0.000000
vt 0.185714 0.000000
vt 0.180952 0.000000
vt 0.171429 0.000000
vt 0.166667 0.000000
vt 0.176190 0.000000
vt 0.014286 0.000000
vt 0.019048 0.000000
vt 0.023810 0.000000
vt 0.657143 0.000000
vt 0.028571 0.000000
vt 0.033333 0.000000
vt 0.038095 0.000000
vt 0.523810 0.000000
vt 0.533333 0.000000
vt 0.528571 0.000000
vt 0.538095 0.000000
vt 0.042857 0.000000
vt 0.652381 0.000000
vt 0.047619 0.000000
vt 0.519048 0.000000
vt 0.052381 0.000000
vt 0.514286 0.000000
vt 0.057143 0.000000
vt 0.647619 0.000000
vt 0.509524 0.000000
vt 0.061905 0.000000
vt 0.542857 0.000000
vt 0.066667 0.000000
vt 0.504762 0.000000
vt 0.076190 0.000000
vt 0.547619 0.000000
vt 0.080952 0.000000
vt 0.085714 0.000000
vt 0.495238 0.000000
vt 0.090476 0.000000
vt 0.552381 0.000000
vt 0.095238 0.000000
vt 0.100000 0.000000
vt 0.104762 0.000000
vt 0.638095 0.000000
vt 0.490476 0.000000
vt 0.557143 0.000000
vt 0.485714 0.000000
vt 0.480952 0.000000
vt 0.561905 0.000000
vt 0.956376 0.000000
vt 0.963087 0.000000
vt 0.949664 0.000000
vt 0.969799 0.000000
vt 0.942953 0.000000
vt 0.976510 0.000000
vt 0.936242 0.000000
vt 0.983221 0.000000
vt 0.620805 0.000000
vt 0.627517 0.000000
vt 0.929530 0.000000
vt 0.989933 0.000000
vt 0.614094 0.000000
vt 0.083893 0.000000
vt 0.003356 0.000000
vt 0.607383 0.000000
vt 0.922819 0.000000
vt 0.600671 0.000000
vt 0.593960 0.000000
vt 0.587248 0.000000
vt 0.996644 0.000000
vt 0.916107 0.000000
vt 0.010067 0.000000
vt 0.835570 0.000000
vt 0.842282 0.000000
vt 0.909396 0.000000
vt 0.848993 0.000000
vt 0.902685 0.000000
vt 0.855705 0.000000
vt 0.895973 0.000000
vt 0.862416 0.000000
vt 0.889262 0.000000
vt 0.869128 0.000000
vt 0.882550 0.000000
vt 0.875839 0.000000
vt 0.016779 0.000000
vt 0.023490 0.000000
vt 0.030201 0.000000
vt 0.634228 0.000000
vt 0.640940 0.000000
vt 0.077181 0.000000
vt 0.036913 0.000000
vt 0.647651 0.000000
vt 0.654362 0.000000
vt 0.661074 0.000000
vt 0.070470 0.000000
vt 0.667785 0.000000
vt 0.748322 0.000000
vt 0.755034 0.000000
vt 0.828859 0.000000
vt 0.768456 0.000000
vt 0.761745 0.000000
vt 0.822148 0.000000
vt 0.815436 0.000000
vt 0.775168 0.000000
vt 0.808725 0.000000
vt 0.781879 0.000000
vt 0.802013 0.000000
vt 0.788591 0.000000
vt 0.795302 0.000000
vt 0.063758 0.000000
vt 0.057047 0.000000
vt 0.050336 0.000000
vt 0.043624 0.000000
vt 0.674497 0.000000
vt 0.540268 0.000000
vt 0.546980 0.000000
vt 0.741611 0.000000
vt 0.533557 0.000000
vt 0.553691 0.000000
vt 0.560403 0.000000
vt 0.681208 0.000000
vt 0.734899 0.000000
vt 0.567114 0.000000
vt 0.526846 0.000000
vt 0.573825 0.000000
vt 0.580537 0.000000
vt 0.520134 0.000000
vt 0.251678 0.000000
vt 0.728188 0.000000
vt 0.687919 0.000000
vt 0.513423 0.000000
vt 0.721476 0.000000
vt 0.506711 0.000000
vt 0.694631 0.000000
vt 0.459732 0.000000
vt 0.466443 0.000000
vt 0.473154 0.000000
vt 0.453020 0.000000
vt 0.479866 0.000000
vt 0.486577 0.000000
vt 0.493289 0.000000
vt 0.446309 0.000000
vt 0.714765 0.000000
vt 0.439597 0.000000
vt 0.258389 0.000000
vt 0.701342 0.000000
vt 0.265101 0.000000
vt 0.432886 0.000000
vt 0.271812 0.000000
vt 0.708054 0.000000
vt 0.426174 0.000000
vt 0.244966 0.000000
vt 0.278524 0.000000
vt 0.238255 0.000000
vt 0.090604 0.000000
vt 0.231544 0.000000
vt 0.224832 0.000000
vt 0.097315 0.000000
vt 0.218121 0.000000
vt 0.204698 0.000000
vt 0.211409 0.000000
vt 0.104027 0.000000
vt 0.110738 0.000000
vt 0.117450 0.000000
vt 0.419463 0.000000
vt 0.332215 0.000000
vt 0.124161 0.000000
vt 0.325503 0.000000
vt 0.338926 0.000000
vt 0.130872 0.000000
vt 0.318792 0.000000
vt 0.137584 0.000000
vt 0.345638 0.000000
vt 0.144295 0.000000
vt 0.412752 0.000000
vt 0.312081 0.000000
vt 0.151007 0.000000
vt 0.157718 0.000000
vt 0.305369 0.000000
vt 0.352349 0.000000
vt 0.298658 0.000000
vt 0.283019 0.000000
vt 0.279245 0.000000
vt 0.996226 0.000000
vt 0.286792 0.000000
vt 0.290566 0.000000
vt 0.992453 0.000000
vt 0.294340 0.000000
vt 0.988679 0.000000
vt 0.298113 0.000000
vt 0.984906 0.000000
vt 0.301887 0.000000
vt 0.366038 0.000000
vt 0.373585 0.000000
vt 0.369811 0.000000
vt 0.981132 0.000000
vt 0.977359 0.000000
vt 0.305660 0.000000
vt 0.362264 0.000000
vt 0.973585 0.000000
vt 0.358491 0.000000
vt 0.309434 0.000000
vt 0.354717 0.000000
vt 0.969811 0.000000
vt 0.350943 0.000000
vt 0.313208 0.000000
vt 0.347170 0.000000
vt 0.966038 0.000000
vt 0.343396 0.000000
vt 0.339623 0.000000
vt 0.316981 0.000000
vt 0.962264 0.000000
vt 0.335849 0.000000
vt 0.901887 0.000000
vt 0.909434 0.000000
vt 0.905660 0.000000
vt 0.332075 0.000000
vt 0.958491 0.000000
vt 0.328302 0.000000
vt 0.324528 0.000000
vt 0.320755 0.000000
vt 0.913208 0.000000
vt 0.916981 0.000000
vt 0.954717 0.000000
vt 0.947170 0.000000
vt 0.920755 0.000000
vt 0.924528 0.000000
vt 0.928302 0.000000
vt 0.943396 0.000000
vt 0.950943 0.000000
vt 0.932076 0.000000
vt 0.939623 0.000000
vt 0.935849 0.000000
vt 0.377358 0.000000
vt 0.381132 0.000000
vt 0.384906 0.000000
vt 0.388679 0.000000
vt 0.392453 0.000000
vt 0.396226 0.000000
vt 0.403774 0.000000
vt 0.407547 0.000000
vt 0.411321 0.000000
vt 0.415094 0.000000
vt 0.422642 0.000000
vt 0.418868 0.000000
vt 0.856604 0.000000
vt 0.898113 0.000000
vt 0.894340 0.000000
vt 0.890566 0.000000
vt 0.886792 0.000000
vt 0.860377 0.000000
vt 0.852830 0.000000
vt 0.883019 0.000000
vt 0.864151 0.000000
vt 0.879245 0.000000
vt 0.867925 0.000000
vt 0.875472 0.000000
vt 0.871698 0.000000
vt 0.467925 0.000000
vt 0.475472 0.000000
vt 0.471698 0.000000
vt 0.426415 0.000000
vt 0.464151 0.000000
vt 0.460377 0.000000
vt 0.456604 0.000000
vt 0.452830 0.000000
vt 0.449057 0.000000
vt 0.445283 0.000000
vt 0.441509 0.000000
vt 0.849057 0.000000
vt 0.437736 0.000000
vt 0.433962 0.000000
vt 0.430189 0.000000
vt 0.845283 0.000000
vt 0.807547 0.000000
vt 0.803774 0.000000
vt 0.811321 0.000000
vt 0.815094 0.000000
vt 0.841509 0.000000
vt 0.818868 0.000000
vt 0.837736 0.000000
vt 0.822641 0.000000
vt 0.833962 0.000000
vt 0.830189 0.000000
vt 0.826415 0.000000
vt 0.479245 0.000000
vt 0.483019 0.000000
vt 0.524528 0.000000
vt 0.486792 0.000000
vt 0.490566 0.000000
vt 0.494340 0.000000
vt 0.520755 0.000000
vt 0.528302 0.000000
vt 0.498113 0.000000
vt 0.501887 0.000000
vt 0.505660 0.000000
vt 0.509434 0.000000
vt 0.532075 0.000000
vt 0.513208 0.000000
vt 0.516981 0.000000
vt 0.750943 0.000000
vt 0.535849 0.000000
vt 0.754717 0.000000
vt 0.747170 0.000000
vt 0.796226 0.000000
vt 0.758491 0.000000
vt 0.539623 0.000000
vt 0.762264 0.000000
vt 0.792453 0.000000
vt 0.766038 0.000000
vt 0.788679 0.000000
vt 0.769811 0.000000
vt 0.773585 0.000000
vt 0.784906 0.000000
vt 0.777358 0.000000
vt 0.781132 0.000000
vt 0.743396 0.000000
vt 0.543396 0.000000
vt 0.547170 0.000000
vt 0.739623 0.000000
vt 0.550943 0.000000
vt 0.735849 0.000000
vt 0.554717 0.000000
vt 0.732075 0.000000
vt 0.558491 0.000000
vt 0.728302 0.000000
vt 0.562264 0.000000
vt 0.566038 0.000000
vt 0.724528 0.000000
vt 0.222642 0.000000
vt 0.230189 0.000000
vt 0.226415 0.000000
vt 0.660377 0.000000
vt 0.667925 0.000000
vt 0.664151 0.000000
vt 0.569811 0.000000
vt 0.671698 0.000000
vt 0.573585 0.000000
vt 0.675472 0.000000
vt 0.720755 0.000000
vt 0.694340 0.000000
vt 0.679245 0.000000
vt 0.577358 0.000000
vt 0.683019 0.000000
vt 0.686792 0.000000
vt 0.581132 0.000000
vt 0.690566 0.000000
vt 0.713208 0.000000
vt 0.716981 0.000000
vt 0.709434 0.000000
vt 0.698113 0.000000
vt 0.701887 0.000000
vt 0.705660 0.000000
vt 0.584906 0.000000
vt 0.588679 0.000000
vt 0.592453 0.000000
vt 0.596226 0.000000
vt 0.233962 0.000000
vt 0.218868 0.000000
vt 0.603774 0.000000
vt 0.607547 0.000000
vt 0.215094 0.000000
vt 0.611321 0.000000
vt 0.211321 0.000000
vt 0.649057 0.000000
vt 0.645283 0.000000
vt 0.641509 0.000000
vt 0.637736 0.000000
vt 0.633962 0.000000
vt 0.630189 0.000000
vt 0.626415 0.000000
vt 0.622642 0.000000
vt 0.618868 0.000000
vt 0.615094 0.000000
vt 0.207547 0.000000
vt 0.237736 0.000000
vt 0.241509 0.000000
vt 0.203774 0.000000
vt 0.245283 0.000000
vt 0.249057 0.000000
vt 0.252830 0.000000
vt 0.196226 0.000000
vt 0.256604 0.000000
vt 0.656604 0.000000
vt 0.652830 0.000000
vt 0.260377 0.000000
vt 0.192453 0.000000
vt 0.264151 0.000000
vt 0.188679 0.000000
vt 0.267925 0.000000
vt 0.271698 0.000000
vt 0.184906 0.000000
vt 0.275472 0.000000
vt 0.181132 0.000000
vt 0.177358 0.000000
vt 0.003774 0.000000
vt 0.007547 0.000000
vt 0.011321 0.000000
vt 0.173585 0.000000
vt 0.015094 0.000000
vt 0.018868 0.000000
vt 0.022642 0.000000
vt 0.083019 0.000000
vt 0.090566 0.000000
vt 0.086792 0.000000
vt 0.169811 0.000000
vt 0.026415 0.000000
vt 0.079245 0.000000
vt 0.075472 0.000000
vt 0.030189 0.000000
vt 0.071698 0.000000
vt 0.067925 0.000000
vt 0.033962 0.000000
vt 0.064151 0.000000
vt 0.060377 0.000000
vt 0.037736 0.000000
vt 0.056604 0.000000
vt 0.052830 0.000000
vt 0.049057 0.000000
vt 0.041509 0.000000
vt 0.045283 0.000000
vt 0.166038 0.000000
vt 0.162264 0.000000
vt 0.158491 0.000000
vt 0.154717 0.000000
vt 0.150943 0.000000
vt 0.147170 0.000000
vt 0.094340 0.000000
vt 0.098113 0.000000
vt 0.101887 0.000000
vt 0.143396 0.000000
vt 0.105660 0.000000
vt 0.109434 0.000000
vt 0.113208 0.000000
vt 0.139623 0.000000
vt 0.116981 0.000000
vt 0.120755 0.000000
vt 0.124528 0.000000
vt 0.135849 0.000000
vt 0.128302 0.000000
vt 0.132075 0.000000
vt 0.135802 0.000000
vt 0.148148 0.000000
vt 0.141975 0.000000
vt 0.129630 0.000000
vt 0.123457 0.000000
vt 0.117284 0.000000
vt 0.111111 0.000000
vt 0.104938 0.000000
vt 0.098765 0.000000
vt 0.092593 0.000000
vt 0.086420 0.000000
vt 0.080247 0.000000
vt 0.074074 0.000000
vt 0.067901 0.000000
vt 0.061728 0.000000
vt 0.055556 0.000000
vt 0.049383 0.000000
vt 0.043210 0.000000
vt 0.037037 0.000000
vt 0.030864 0.000000
vt 0.024691 0.000000
vt 0.018519 0.000000
vt 0.012346 0.000000
vt 0.006173 0.000000
vt 0.679012 0.000000
vt 0.672840 0.000000
vt 0.660494 0.000000
vt 0.654321 0.000000
vt 0.648148 0.000000
vt 0.641975 0.000000
vt 0.635802 0.000000
vt 0.629630 0.000000
vt 0.623457 0.000000
vt 0.617284 0.000000
vt 0.611111 0.000000
vt 0.604938 0.000000
vt 0.598765 0.000000
vt 0.518519 0.000000
vt 0.592593 0.000000
vt 0.586420 0.000000
vt 0.580247 0.000000
vt 0.574074 0.000000
vt 0.567901 0.000000
vt 0.561728 0.000000
vt 0.555556 0.000000
vt 0.549383 0.000000
vt 0.543210 0.000000
vt 0.524691 0.000000
vt 0.512346 0.000000
vt 0.160494 0.000000
vt 0.154321 0.000000
vt 0.172840 0.000000
vt 0.179012 0.000000
vt 0.185185 0.000000
vt 0.191358 0.000000
vt 0.197531 0.000000
vt 0.203704 0.000000
vt 0.506173 0.000000
vt 0.537037 0.000000
vt 0.530864 0.000000
vt 0.209877 0.000000
vt 0.216049 0.000000
vt 0.222222 0.000000
vt 0.228395 0.000000
vt 0.234568 0.000000
vt 0.919753 0.000000
vt 0.932099 0.000000
vt 0.925926 0.000000
vt 0.240741 0.000000
vt 0.493827 0.000000
vt 0.938272 0.000000
vt 0.246914 0.000000
vt 0.944444 0.000000
vt 0.913580 0.000000
vt 0.759259 0.000000
vt 0.771605 0.000000
vt 0.765432 0.000000
vt 0.950617 0.000000
vt 0.487654 0.000000
vt 0.253086 0.000000
vt 0.956790 0.000000
vt 0.777778 0.000000
vt 0.962963 0.000000
vt 0.907407 0.000000
vt 0.783951 0.000000
vt 0.481481 0.000000
vt 0.259259 0.000000
vt 0.969136 0.000000
vt 0.753086 0.000000
vt 0.901235 0.000000
vt 0.790123 0.000000
vt 0.975309 0.000000
vt 0.895062 0.000000
vt 0.796296 0.000000
vt 0.981481 0.000000
vt 0.265432 0.000000
vt 0.888889 0.000000
vt 0.475309 0.000000
vt 0.802469 0.000000
vt 0.746914 0.000000
vt 0.882716 0.000000
vt 0.987654 0.000000
vt 0.808642 0.000000
vt 0.740741 0.000000
vt 0.876543 0.000000
vt 0.993827 0.000000
vt 0.271605 0.000000
vt 0.734568 0.000000
vt 0.814815 0.000000
vt 0.870370 0.000000
vt 0.469136 0.000000
vt 0.728395 0.000000
vt 0.820988 0.000000
vt 0.864198 0.000000
vt 0.722222 0.000000
vt 0.827160 0.000000
vt 0.277778 0.000000
vt 0.858025 0.000000
vt 0.716049 0.000000
vt 0.851852 0.000000
vt 0.845679 0.000000
vt 0.462963 0.000000
vt 0.709877 0.000000
vt 0.839506 0.000000
vt 0.283951 0.000000
vt 0.703704 0.000000
vt 0.697531 0.000000
vt 0.456790 0.000000
vt 0.691358 0.000000
vt 0.685185 0.000000
vt 0.290123 0.000000
vt 0.296296 0.000000
vt 0.450617 0.000000
vt 0.302469 0.000000
vt 0.444444 0.000000
vt 0.308642 0.000000
vt 0.438272 0.000000
vt 0.314815 0.000000
vt 0.320988 0.000000
vt 0.432099 0.000000
vt 0.327161 0.000000
vt 0.425926 0.000000
vt 0.339506 0.000000
vt 0.345679 0.000000
vt 0.419753 0.000000
vt 0.351852 0.000000
vt 0.358025 0.000000
vt 0.364198 0.000000
vt 0.370370 0.000000
vt 0.376543 0.000000
vt 0.413580 0.000000
vt 0.407407 0.000000
vt 0.401235 0.000000
vt 0.395062 0.000000
vt 0.388889 0.000000
vt 0.382716 0.000000
vt 0.131579 0.000000
vt 0.157895 0.000000
vt 0.144737 0.000000
vt 0.118421 0.000000
vt 0.105263 0.000000
vt 0.092105 0.000000
vt 0.078947 0.000000
vt 0.171053 0.000000
vt 0.065789 0.000000
vt 0.052632 0.000000
vt 0.184211 0.000000
vt 0.197368 0.000000
vt 0.039474 0.000000
vt 0.210526 0.000000
vt 0.026316 0.000000
vt 0.223684 0.000000
vt 0.013158 0.000000
vt 0.236842 0.000000
vt 0.986842 0.000000
vt 0.263158 0.000000
vt 0.973684 0.000000
vt 0.276316 0.000000
vt 0.960526 0.000000
vt 0.289474 0.000000
vt 0.947368 0.000000
vt 0.302632 0.000000
vt 0.934211 0.000000
vt 0.315789 0.000000
vt 0.921053 0.000000
vt 0.684211 0.000000
vt 0.328947 0.000000
vt 0.907895 0.000000
vt 0.894737 0.000000
vt 0.881579 0.000000
vt 0.868421 0.000000
vt 0.855263 0.000000
vt 0.842105 0.000000
vt 0.697368 0.000000
vt 0.671053 0.000000
vt 0.657895 0.000000
vt 0.710526 0.000000
vt 0.828947 0.000000
vt 0.723684 0.000000
vt 0.736842 0.000000
vt 0.750000 0.000000
vt 0.763158 0.000000
vt 0.776316 0.000000
vt 0.789474 0.000000
vt 0.802632 0.000000
vt 0.815789 0.000000
vt 0.644737 0.000000
vt 0.342105 0.000000
vt 0.631579 0.000000
vt 0.355263 0.000000
vt 0.618421 0.000000
vt 0.368421 0.000000
vt 0.605263 0.000000
vt 0.381579 0.000000
vt 0.592105 0.000000
vt 0.394737 0.000000
vt 0.578947 0.000000
vt 0.407895 0.000000
vt 0.421053 0.000000
vt 0.565789 0.000000
vt 0.434211 0.000000
vt 0.552632 0.000000
vt 0.447368 0.000000
vt 0.539474 0.000000
vt 0.460526 0.000000
vt 0.526316 0.000000
vt 0.473684 0.000000
vt 0.513158 0.000000
vt 0.486842 0.000000
vt 0.485380 0.000000
vt 0.497076 0.000000
vt 0.491228 0.000000
vt 0.502924 0.000000
vt 0.918129 0.000000
vt 0.929825 0.000000
vt 0.923977 0.000000
vt 0.935673 0.000000
vt 0.508772 0.000000
vt 0.479532 0.000000
vt 0.514620 0.000000
vt 0.941520 0.000000
vt 0.912281 0.000000
vt 0.906433 0.000000
vt 0.520468 0.000000
vt 0.467836 0.000000
vt 0.953216 0.000000
vt 0.900585 0.000000
vt 0.461988 0.000000
vt 0.959064 0.000000
vt 0.532164 0.000000
vt 0.456140 0.000000
vt 0.964912 0.000000
vt 0.538012 0.000000
vt 0.450292 0.000000
vt 0.970760 0.000000
vt 0.883041 0.000000
vt 0.543860 0.000000
vt 0.976608 0.000000
vt 0.877193 0.000000
vt 0.549708 0.000000
vt 0.438596 0.000000
vt 0.982456 0.000000
vt 0.871345 0.000000
vt 0.988304 0.000000
vt 0.432749 0.000000
vt 0.865497 0.000000
vt 0.994152 0.000000
vt 0.859649 0.000000
vt 0.561404 0.000000
vt 0.426901 0.000000
vt 0.853801 0.000000
vt 0.567251 0.000000
vt 0.573099 0.000000
vt 0.847953 0.000000
vt 0.415205 0.000000
vt 0.409357 0.000000
vt 0.005848 0.000000
vt 0.403509 0.000000
vt 0.011696 0.000000
vt 0.836257 0.000000
vt 0.584795 0.000000
vt 0.397661 0.000000
vt 0.017544 0.000000
vt 0.391813 0.000000
vt 0.023392 0.000000
vt 0.830409 0.000000
vt 0.590643 0.000000
vt 0.385965 0.000000
vt 0.029240 0.000000
vt 0.380117 0.000000
vt 0.035088 0.000000
vt 0.824561 0.000000
vt 0.596491 0.000000
vt 0.374269 0.000000
vt 0.040936 0.000000
vt 0.046784 0.000000
vt 0.818713 0.000000
vt 0.602339 0.000000
vt 0.362573 0.000000
vt 0.356725 0.000000
vt 0.058480 0.000000
vt 0.350877 0.000000
vt 0.064327 0.000000
vt 0.812865 0.000000
vt 0.608187 0.000000
vt 0.345029 0.000000
vt 0.070175 0.000000
vt 0.807018 0.000000
vt 0.614035 0.000000
vt 0.339181 0.000000
vt 0.076023 0.000000
vt 0.801170 0.000000
vt 0.619883 0.000000
vt 0.795322 0.000000
vt 0.625731 0.000000
vt 0.081871 0.000000
vt 0.327485 0.000000
vt 0.783626 0.000000
vt 0.637427 0.000000
vt 0.321637 0.000000
vt 0.087719 0.000000
vt 0.643275 0.000000
vt 0.649123 0.000000
vt 0.771930 0.000000
vt 0.654971 0.000000
vt 0.766082 0.000000
vt 0.660819 0.000000
vt 0.760234 0.000000
vt 0.754386 0.000000
vt 0.093567 0.000000
vt 0.672515 0.000000
vt 0.748538 0.000000
vt 0.678363 0.000000
vt 0.742690 0.000000
vt 0.309942 0.000000
vt 0.690058 0.000000
vt 0.730994 0.000000
vt 0.695906 0.000000
vt 0.725146 0.000000
vt 0.701754 0.000000
vt 0.719298 0.000000
vt 0.304094 0.000000
vt 0.099415 0.000000
vt 0.707602 0.000000
vt 0.713450 0.000000
vt 0.298246 0.000000
vt 0.292398 0.000000
vt 0.286550 0.000000
vt 0.280702 0.000000
vt 0.116959 0.000000
vt 0.274854 0.000000
vt 0.269006 0.000000
vt 0.122807 0.000000
vt 0.128655 0.000000
vt 0.257310 0.000000
vt 0.251462 0.000000
vt 0.134503 0.000000
vt 0.245614 0.000000
vt 0.239766 0.000000
vt 0.140351 0.000000
vt 0.233918 0.000000
vt 0.228070 0.000000
vt 0.146199 0.000000
vt 0.216374 0.000000
vt 0.152047 0.000000
vt 0.204678 0.000000
vt 0.163743 0.000000
vt 0.169591 0.000000
vt 0.175439 0.000000
vt 0.181287 0.000000
vt 0.187135 0.000000
vt 0.192982 0.000000
vt 0.198830 0.000000
vt 0.753623 0.000000
vt 0.531401 0.000000
vt 0.758454 0.000000
vt 0.748792 0.000000
vt 0.536232 0.000000
vt 0.743961 0.000000
vt 0.541063 0.000000
vt 0.739130 0.000000
vt 0.545894 0.000000
vt 0.734300 0.000000
vt 0.550725 0.000000
vt 0.729469 0.000000
vt 0.560386 0.000000
vt 0.724638 0.000000
vt 0.565217 0.000000
vt 0.719807 0.000000
vt 0.570048 0.000000
vt 0.714976 0.000000
vt 0.410628 0.000000
vt 0.574879 0.000000
vt 0.710145 0.000000
vt 0.415459 0.000000
vt 0.405797 0.000000
vt 0.400966 0.000000
vt 0.420290 0.000000
vt 0.396135 0.000000
vt 0.425121 0.000000
vt 0.391304 0.000000
vt 0.429952 0.000000
vt 0.386473 0.000000
vt 0.434783 0.000000
vt 0.579710 0.000000
vt 0.705314 0.000000
vt 0.439614 0.000000
vt 0.381643 0.000000
vt 0.376812 0.000000
vt 0.449275 0.000000
vt 0.371981 0.000000
vt 0.454106 0.000000
vt 0.367150 0.000000
vt 0.584541 0.000000
vt 0.700483 0.000000
vt 0.458937 0.000000
vt 0.362319 0.000000
vt 0.463768 0.000000
vt 0.768116 0.000000
vt 0.763285 0.000000
vt 0.357488 0.000000
vt 0.468599 0.000000
vt 0.352657 0.000000
vt 0.473430 0.000000
vt 0.347826 0.000000
vt 0.589372 0.000000
vt 0.695652 0.000000
vt 0.342995 0.000000
vt 0.478261 0.000000
vt 0.338164 0.000000
vt 0.483092 0.000000
vt 0.487923 0.000000
vt 0.690821 0.000000
vt 0.594203 0.000000
vt 0.328502 0.000000
vt 0.492754 0.000000
vt 0.772947 0.000000
vt 0.323671 0.000000
vt 0.497585 0.000000
vt 0.995169 0.000000
vt 0.318841 0.000000
vt 0.502415 0.000000
vt 0.314010 0.000000
vt 0.507246 0.000000
vt 0.685990 0.000000
vt 0.599034 0.000000
vt 0.512077 0.000000
vt 0.309179 0.000000
vt 0.516908 0.000000
vt 0.304348 0.000000
vt 0.521739 0.000000
vt 0.299517 0.000000
vt 0.526570 0.000000
vt 0.681159 0.000000
vt 0.603865 0.000000
vt 0.676328 0.000000
vt 0.608696 0.000000
vt 0.782609 0.000000
vt 0.990338 0.000000
vt 0.671498 0.000000
vt 0.613527 0.000000
vt 0.985507 0.000000
vt 0.618357 0.000000
vt 0.787440 0.000000
vt 0.661836 0.000000
vt 0.623188 0.000000
vt 0.628019 0.000000
vt 0.657005 0.000000
vt 0.980676 0.000000
vt 0.792271 0.000000
vt 0.632850 0.000000
vt 0.652174 0.000000
vt 0.637681 0.000000
vt 0.647343 0.000000
vt 0.642512 0.000000
vt 0.975845 0.000000
vt 0.797101 0.000000
vt 0.971014 0.000000
vt 0.801932 0.000000
vt 0.966184 0.000000
vt 0.806763 0.000000
vt 0.961353 0.000000
vt 0.811594 0.000000
vt 0.956522 0.000000
vt 0.816425 0.000000
vt 0.951691 0.000000
vt 0.821256 0.000000
vt 0.946860 0.000000
vt 0.826087 0.000000
vt 0.942029 0.000000
vt 0.830918 0.000000
vt 0.937198 0.000000
vt 0.835749 0.000000
vt 0.932367 0.000000
vt 0.840580 0.000000
vt 0.927536 0.000000
vt 0.845411 0.000000
vt 0.922705 0.000000
vt 0.850242 0.000000
vt 0.917874 0.000000
vt 0.855072 0.000000
vt 0.913043 0.000000
vt 0.859903 0.000000
vt 0.908213 0.000000
vt 0.864734 0.000000
vt 0.903382 0.000000
vt 0.869565 0.000000
vt 0.898551 0.000000
vt 0.874396 0.000000
vt 0.893720 0.000000
vt 0.879227 0.000000
vt 0.884058 0.000000
vt 0.289855 0.000000
vt 0.294686 0.000000
vt 0.004831 0.000000
vt 0.285024 0.000000
vt 0.009662 0.000000
vt 0.014493 0.000000
vt 0.019324 0.000000
vt 0.024155 0.000000
vt 0.028986 0.000000
vt 0.280193 0.000000
vt 0.033816 0.000000
vt 0.038647 0.000000
vt 0.043478 0.000000
vt 0.048309 0.000000
vt 0.053140 0.000000
vt 0.275362 0.000000
vt 0.057971 0.000000
vt 0.062802 0.000000
vt 0.067633 0.000000
vt 0.270531 0.000000
vt 0.072464 0.000000
vt 0.265700 0.000000
vt 0.077295 0.000000
vt 0.082126 0.000000
vt 0.260870 0.000000
vt 0.086957 0.000000
vt 0.256039 0.000000
vt 0.091787 0.000000
vt 0.251208 0.000000
vt 0.096618 0.000000
vt 0.246377 0.000000
vt 0.101449 0.000000
vt 0.241546 0.000000
vt 0.106280 0.000000
vt 0.236715 0.000000
vt 0.231884 0.000000
vt 0.227053 0.000000
vt 0.115942 0.000000
vt 0.120773 0.000000
vt 0.217391 0.000000
vt 0.125604 0.000000
vt 0.212560 0.000000
vt 0.130435 0.000000
vt 0.207729 0.000000
vt 0.135266 0.000000
vt 0.202899 0.000000
vt 0.140097 0.000000
vt 0.198068 0.000000
vt 0.144928 0.000000
vt 0.193237 0.000000
vt 0.149758 0.000000
vt 0.188406 0.000000
vt 0.154589 0.000000
vt 0.183575 0.000000
vt 0.159420 0.000000
vt 0.178744 0.000000
vt 0.164251 0.000000
vt 0.169082 0.000000
vt 0.173913 0.000000
vt 0.000000 1.000000
vt 0.020833 1.000000
vt 0.020833 0.000000
vt 0.041667 1.000000
vt 0.041667 0.000000
vt 0.062500 1.000000
vt 0.083333 1.000000
vt 0.083333 0.000000
vt 0.104167 1.000000
vt 0.104167 0.000000
vt 0.125000 1.000000
vt 0.125000 0.000000
vt 0.145833 1.000000
vt 0.145833 0.000000
vt 0.166667 1.000000
vt 0.187500 1.000000
vt 0.208333 1.000000
vt 0.208333 0.000000
vt 0.229167 1.000000
vt 0.229167 0.000000
vt 0.250000 1.000000
vt 0.270833 1.000000
vt 0.270833 0.000000
vt 0.291667 1.000000
vt 0.291667 0.000000
vt 0.312500 1.000000
vt 0.333333 1.000000
vt 0.354167 1.000000
vt 0.354167 0.000000
vt 0.375000 1.000000
vt 0.395833 1.000000
vt 0.395833 0.000000
vt 0.416667 1.000000
vt 0.416667 0.000000
vt 0.437500 1.000000
vt 0.458333 1.000000
vt 0.458333 0.000000
vt 0.479167 1.000000
vt 0.479167 0.000000
vt 0.500000 1.000000
vt 0.520833 1.000000
vt 0.520833 0.000000
vt 0.541667 1.000000
vt 0.541667 0.000000
vt 0.562500 1.000000
vt 0.583333 1.000000
vt 0.583333 0.000000
vt 0.604167 1.000000
vt 0.604167 0.000000
vt 0.625000 1.000000
vt 0.645833 1.000000
vt 0.645833 0.000000
vt 0.666667 1.000000
vt 0.687500 1.000000
vt 0.708333 1.000000
vt 0.708333 0.000000
vt 0.729167 1.000000
vt 0.729167 0.000000
vt 0.750000 1.000000
vt 0.770833 1.000000
vt 0.770833 0.000000
vt 0.791667 1.000000
vt 0.791667 0.000000
vt 0.812500 1.000000
vt 0.812500 0.000000
vt 0.833333 1.000000
vt 0.854167 1.000000
vt 0.854167 0.000000
vt 0.875000 1.000000
vt 0.875000 0.000000
vt 0.895833 1.000000
vt 0.895833 0.000000
vt 0.916667 1.000000
vt 0.916667 0.000000
vt 0.937500 1.000000
vt 0.958333 1.000000
vt 0.958333 0.000000
vt 0.979167 1.000000
vt 0.979167 0.000000
vt 1.000000 1.000000
vt 0.016129 1.000000
vt 0.016129 0.000000
vt 0.032258 1.000000
vt 0.032258 0.000000
vt 0.048387 1.000000
vt 0.048387 0.000000
vt 0.064516 1.000000
vt 0.064516 0.000000
vt 0.080645 1.000000
vt 0.080645 0.000000
vt 0.096774 1.000000
vt 0.096774 0.000000
vt 0.112903 1.000000
vt 0.112903 0.000000
vt 0.129032 1.000000
vt 0.129032 0.000000
vt 0.145161 1.000000
vt 0.145161 0.000000
vt 0.161290 1.000000
vt 0.161290 0.000000
vt 0.177419 1.000000
vt 0.177419 0.000000
vt 0.193548 1.000000
vt 0.193548 0.000000
vt 0.209677 1.000000
vt 0.209677 0.000000
vt 0.225806 1.000000
vt 0.225806 0.000000
vt 0.241935 1.000000
vt 0.241935 0.000000
vt 0.258065 1.000000
vt 0.258065 0.000000
vt 0.274194 1.000000
vt 0.274194 0.000000
vt 0.290323 1.000000
vt 0.290323 0.000000
vt 0.306452 1.000000
vt 0.306452 0.000000
vt 0.322581 1.000000
vt 0.322581 0.000000
vt 0.338710 1.000000
vt 0.338710 0.000000
vt 0.354839 1.000000
vt 0.354839 0.000000
vt 0.370968 1.000000
vt 0.370968 0.000000
vt 0.387097 1.000000
vt 0.387097 0.000000
vt 0.403226 1.000000
vt 0.403226 0.000000
vt 0.419355 1.000000
vt 0.419355 0.000000
vt 0.435484 1.000000
vt 0.435484 0.000000
vt 0.451613 1.000000
vt 0.451613 0.000000
vt 0.467742 1.000000
vt 0.467742 0.000000
vt 0.483871 1.000000
vt 0.483871 0.000000
vt 0.516129 1.000000
vt 0.516129 0.000000
vt 0.532258 1.000000
vt 0.532258 0.000000
vt 0.548387 1.000000
vt 0.548387 0.000000
vt 0.564516 1.000000
vt 0.564516 0.000000
vt 0.580645 1.000000
vt 0.580645 0.000000
vt 0.596774 1.000000
vt 0.596774 0.000000
vt 0.612903 1.000000
vt 0.612903 0.000000
vt 0.629032 1.000000
vt 0.629032 0.000000
vt 0.645161 1.000000
vt 0.645161 0.000000
vt 0.661290 1.000000
vt 0.661290 0.000000
vt 0.677419 1.000000
vt 0.677419 0.000000
vt 0.693548 1.000000
vt 0.693548 0.000000
vt 0.709677 1.000000
vt 0.709677 0.000000
vt 0.725806 1.000000
vt 0.725806 0.000000
vt 0.741935 1.000000
vt 0.741935 0.000000
vt 0.758065 1.000000
vt 0.758065 0.000000
vt 0.774194 1.000000
vt 0.774194 0.000000
vt 0.790323 1.000000
vt 0.790323 0.000000
vt 0.806452 1.000000
vt 0.806452 0.000000
vt 0.822581 1.000000
vt 0.822581 0.000000
vt 0.838710 1.000000
vt 0.838710 0.000000
vt 0.854839 1.000000
vt 0.854839 0.000000
vt 0.870968 1.000000
vt 0.870968 0.000000
vt 0.887097 1.000000
vt 0.887097 0.000000
vt 0.903226 1.000000
vt 0.903226 0.000000
vt 0.919355 1.000000
vt 0.919355 0.000000
vt 0.935484 1.000000
vt 0.935484 0.000000
vt 0.951613 1.000000
vt 0.951613 0.000000
vt 0.967742 1.000000
vt 0.967742 0.000000
vt 0.983871 1.000000
vt 0.983871 0.000000
vt 0.020000 1.000000
vt 0.020000 0.000000
vt 0.040000 1.000000
vt 0.060000 1.000000
vt 0.060000 0.000000
vt 0.080000 1.000000
vt 0.100000 1.000000
vt 0.120000 1.000000
vt 0.140000 1.000000
vt 0.140000 0.000000
vt 0.160000 1.000000
vt 0.180000 1.000000
vt 0.180000 0.000000
vt 0.200000 1.000000
vt 0.220000 1.000000
vt 0.220000 0.000000
vt 0.240000 1.000000
vt 0.260000 1.000000
vt 0.260000 0.000000
vt 0.280000 1.000000
vt 0.300000 1.000000
vt 0.320000 1.000000
vt 0.340000 1.000000
vt 0.340000 0.000000
vt 0.360000 1.000000
vt 0.380000 1.000000
vt 0.380000 0.000000
vt 0.400000 1.000000
vt 0.420000 1.000000
vt 0.420000 0.000000
vt 0.440000 1.000000
vt 0.460000 1.000000
vt 0.460000 0.000000
vt 0.480000 1.000000
vt 0.520000 1.000000
vt 0.540000 1.000000
vt 0.540000 0.000000
vt 0.560000 1.000000
vt 0.580000 1.000000
vt 0.580000 0.000000
vt 0.600000 1.000000
vt 0.620000 1.000000
vt 0.620000 0.000000
vt 0.640000 1.000000
vt 0.660000 1.000000
vt 0.660000 0.000000
vt 0.680000 1.000000
vt 0.700000 1.000000
vt 0.720000 1.000000
vt 0.740000 1.000000
vt 0.740000 0.000000
vt 0.760000 1.000000
vt 0.780000 1.000000
vt 0.780000 0.000000
vt 0.800000 1.000000
vt 0.820000 1.000000
vt 0.820000 0.000000
vt 0.840000 1.000000
vt 0.860000 1.000000
vt 0.860000 0.000000
vt 0.880000 1.000000
vt 0.900000 1.000000
vt 0.920000 1.000000
vt 0.940000 1.000000
vt 0.940000 0.000000
vt 0.960000 1.000000
vt 0.980000 1.000000
vt 0.980000 0.000000
vt 0.010204 1.000000
vt 0.010204 0.000000
vt 0.020408 1.000000
vt 0.020408 0.000000
vt 0.030612 1.000000
vt 0.030612 0.000000
vt 0.040816 1.000000
vt 0.040816 0.000000
vt 0.051020 1.000000
vt 0.051020 0.000000
vt 0.061224 1.000000
vt 0.061224 0.000000
vt 0.071429 1.000000
vt 0.081633 1.000000
vt 0.081633 0.000000
vt 0.091837 1.000000
vt 0.091837 0.000000
vt 0.102041 1.000000
vt 0.102041 0.000000
vt 0.112245 1.000000
vt 0.112245 0.000000
vt 0.122449 1.000000
vt 0.122449 0.000000
vt 0.132653 1.000000
vt 0.132653 0.000000
vt 0.142857 1.000000
vt 0.153061 1.000000
vt 0.153061 0.000000
vt 0.163265 1.000000
vt 0.163265 0.000000
vt 0.173469 1.000000
vt 0.173469 0.000000
vt 0.183673 1.000000
vt 0.183673 0.000000
vt 0.193878 1.000000
vt 0.193878 0.000000
vt 0.204082 1.000000
vt 0.204082 0.000000
vt 0.214286 1.000000
vt 0.224490 1.000000
vt 0.224490 0.000000
vt 0.234694 1.000000
vt 0.234694 0.000000
vt 0.244898 1.000000
vt 0.244898 0.000000
vt 0.255102 1.000000
vt 0.255102 0.000000
vt 0.265306 1.000000
vt 0.265306 0.000000
vt 0.275510 1.000000
vt 0.275510 0.000000
vt 0.285714 1.000000
vt 0.295918 1.000000
vt 0.295918 0.000000
vt 0.306122 1.000000
vt 0.306122 0.000000
vt 0.316327 1.000000
vt 0.316327 0.000000
vt 0.326531 1.000000
vt 0.326531 0.000000
vt 0.336735 1.000000
vt 0.336735 0.000000
vt 0.346939 1.000000
vt 0.346939 0.000000
vt 0.357143 1.000000
vt 0.367347 1.000000
vt 0.367347 0.000000
vt 0.377551 1.000000
vt 0.377551 0.000000
vt 0.387755 1.000000
vt 0.387755 0.000000
vt 0.397959 1.000000
vt 0.397959 0.000000
vt 0.408163 1.000000
vt 0.408163 0.000000
vt 0.418367 1.000000
vt 0.418367 0.000000
vt 0.428571 1.000000
vt 0.438776 1.000000
vt 0.438776 0.000000
vt 0.448980 1.000000
vt 0.448980 0.000000
vt 0.459184 1.000000
vt 0.459184 0.000000
vt 0.469388 1.000000
vt 0.469388 0.000000
vt 0.479592 1.000000
vt 0.479592 0.000000
vt 0.489796 1.000000
vt 0.489796 0.000000
vt 0.510204 1.000000
vt 0.510204 0.000000
vt 0.520408 1.000000
vt 0.520408 0.000000
vt 0.530612 1.000000
vt 0.530612 0.000000
vt 0.540816 1.000000
vt 0.540816 0.000000
vt 0.551020 1.000000
vt 0.551020 0.000000
vt 0.561224 1.000000
vt 0.561224 0.000000
vt 0.571429 1.000000
vt 0.581633 1.000000
vt 0.581633 0.000000
vt 0.591837 1.000000
vt 0.591837 0.000000
vt 0.602041 1.000000
vt 0.602041 0.000000
vt 0.612245 1.000000
vt 0.612245 0.000000
vt 0.622449 1.000000
vt 0.622449 0.000000
vt 0.632653 1.000000
vt 0.632653 0.000000
vt 0.642857 1.000000
vt 0.653061 1.000000
vt 0.653061 0.000000
vt 0.663265 1.000000
vt 0.663265 0.000000
vt 0.673469 1.000000
vt 0.673469 0.000000
vt 0.683673 1.000000
vt 0.683673 0.000000
vt 0.693878 1.000000
vt 0.693878 0.000000
vt 0.704082 1.000000
vt 0.704082 0.000000
vt 0.714286 1.000000
vt 0.724490 1.000000
vt 0.724490 0.000000
vt 0.734694 1.000000
vt 0.734694 0.000000
vt 0.744898 1.000000
vt 0.744898 0.000000
vt 0.755102 1.000000
vt 0.755102 0.000000
vt 0.765306 1.000000
vt 0.765306 0.000000
vt 0.775510 1.000000
vt 0.775510 0.000000
vt 0.785714 1.000000
vt 0.795918 1.000000
vt 0.795918 0.000000
vt 0.806122 1.000000
vt 0.806122 0.000000
vt 0.816327 1.000000
vt 0.816327 0.000000
vt 0.826531 1.000000
vt 0.826531 0.000000
vt 0.836735 1.000000
vt 0.836735 0.000000
vt 0.846939 1.000000
vt 0.846939 0.000000
vt 0.857143 1.000000
vt 0.867347 1.000000
vt 0.867347 0.000000
vt 0.877551 1.000000
vt 0.877551 0.000000
vt 0.887755 1.000000
vt 0.887755 0.000000
vt 0.897959 1.000000
vt 0.897959 0.000000
vt 0.908163 1.000000
vt 0.908163 0.000000
vt 0.918367 1.000000
vt 0.918367 0.000000
vt 0.928571 1.000000
vt 0.938776 1.000000
vt 0.938776 0.000000
vt 0.948980 1.000000
vt 0.948980 0.000000
vt 0.959184 1.000000
vt 0.959184 0.000000
vt 0.969388 1.000000
vt 0.969388 0.000000
vt 0.979592 1.000000
vt 0.979592 0.000000
vt 0.989796 1.000000
vt 0.989796 0.000000
vt 0.013514 1.000000
vt 0.013514 0.000000
vt 0.027027 1.000000
vt 0.027027 0.000000
vt 0.040541 1.000000
vt 0.040541 0.000000
vt 0.054054 1.000000
vt 0.054054 0.000000
vt 0.067568 1.000000
vt 0.067568 0.000000
vt 0.081081 1.000000
vt 0.081081 0.000000
vt 0.094595 1.000000
vt 0.094595 0.000000
vt 0.108108 1.000000
vt 0.108108 0.000000
vt 0.121622 1.000000
vt 0.121622 0.000000
vt 0.135135 1.000000
vt 0.135135 0.000000
vt 0.148649 1.000000
vt 0.148649 0.000000
vt 0.162162 1.000000
vt 0.162162 0.000000
vt 0.175676 1.000000
vt 0.175676 0.000000
vt 0.189189 1.000000
vt 0.189189 0.000000
vt 0.202703 1.000000
vt 0.202703 0.000000
vt 0.216216 1.000000
vt 0.216216 0.000000
vt 0.229730 1.000000
vt 0.229730 0.000000
vt 0.243243 1.000000
vt 0.243243 0.000000
vt 0.256757 1.000000
vt 0.256757 0.000000
vt 0.270270 1.000000
vt 0.270270 0.000000
vt 0.283784 1.000000
vt 0.283784 0.000000
vt 0.297297 1.000000
vt 0.297297 0.000000
vt 0.310811 1.000000
vt 0.310811 0.000000
vt 0.324324 1.000000
vt 0.324324 0.000000
vt 0.337838 1.000000
vt 0.337838 0.000000
vt 0.351351 1.000000
vt 0.351351 0.000000
vt 0.364865 1.000000
vt 0.364865 0.000000
vt 0.378378 1.000000
vt 0.378378 0.000000
vt 0.391892 1.000000
vt 0.391892 0.000000
vt 0.405405 1.000000
vt 0.405405 0.000000
vt 0.418919 1.000000
vt 0.418919 0.000000
vt 0.432432 1.000000
vt 0.432432 0.000000
vt 0.445946 1.000000
vt 0.445946 0.000000
vt 0.459459 1.000000
vt 0.459459 0.000000
vt 0.472973 1.000000
vt 0.472973 0.000000
vt 0.486486 1.000000
vt 0.486486 0.000000
vt 0.513514 1.000000
vt 0.513514 0.000000
vt 0.527027 1.000000
vt 0.527027 0.000000
vt 0.540541 1.000000
vt 0.540541 0.000000
vt 0.554054 1.000000
vt 0.554054 0.000000
vt 0.567568 1.000000
vt 0.567568 0.000000
vt 0.581081 1.000000
vt 0.581081 0.000000
vt 0.594595 1.000000
vt 0.594595 0.000000
vt 0.608108 1.000000
vt 0.608108 0.000000
vt 0.621622 1.000000
vt 0.621622 0.000000
vt 0.635135 1.000000
vt 0.635135 0.000000
vt 0.648649 1.000000
vt 0.648649 0.000000
vt 0.662162 1.000000
vt 0.662162 0.000000
vt 0.675676 1.000000
vt 0.675676 0.000000
vt 0.689189 1.000000
vt 0.689189 0.000000
vt 0.702703 1.000000
vt 0.702703 0.000000
vt 0.716216 1.000000
vt 0.716216 0.000000
vt 0.729730 1.000000
vt 0.729730 0.000000
vt 0.743243 1.000000
vt 0.743243 0.000000
vt 0.756757 1.000000
vt 0.756757 0.000000
vt 0.770270 1.000000
vt 0.770270 0.000000
vt 0.783784 1.000000
vt 0.783784 0.000000
vt 0.797297 1.000000
vt 0.797297 0.000000
vt 0.810811 1.000000
vt 0.810811 0.000000
vt 0.824324 1.000000
vt 0.824324 0.000000
vt 0.837838 1.000000
vt 0.837838 0.000000
vt 0.851351 1.000000
vt 0.851351 0.000000
vt 0.864865 1.000000
vt 0.864865 0.000000
vt 0.878378 1.000000
vt 0.878378 0.000000
vt 0.891892 1.000000
vt 0.891892 0.000000
vt 0.905405 1.000000
vt 0.905405 0.000000
vt 0.918919 1.000000
vt 0.918919 0.000000
vt 0.932432 1.000000
vt 0.932432 0.000000
vt 0.945946 1.000000
vt 0.945946 0.000000
vt 0.959459 1.000000
vt 0.959459 0.000000
vt 0.972973 1.000000
vt 0.972973 0.000000
vt 0.986486 1.000000
vt 0.986486 0.000000
vt 0.012987 1.000000
vt 0.025974 1.000000
vt 0.038961 1.000000
vt 0.051948 1.000000
vt 0.064935 1.000000
vt 0.077922 1.000000
vt 0.090909 1.000000
vt 0.103896 1.000000
vt 0.116883 1.000000
vt 0.129870 1.000000
vt 0.155844 1.000000
vt 0.168831 1.000000
vt 0.181818 1.000000
vt 0.194805 1.000000
vt 0.207792 1.000000
vt 0.220779 1.000000
vt 0.233766 1.000000
vt 0.246753 1.000000
vt 0.259740 1.000000
vt 0.272727 1.000000
vt 0.298701 1.000000
vt 0.311688 1.000000
vt 0.324675 1.000000
vt 0.337662 1.000000
vt 0.350649 1.000000
vt 0.363636 1.000000
vt 0.376623 1.000000
vt 0.376623 0.000000
vt 0.389610 1.000000
vt 0.389610 0.000000
vt 0.402597 1.000000
vt 0.402597 0.000000
vt 0.415584 1.000000
vt 0.415584 0.000000
vt 0.441558 1.000000
vt 0.441558 0.000000
vt 0.454545 1.000000
vt 0.467532 1.000000
vt 0.480519 1.000000
vt 0.493506 1.000000
vt 0.506494 1.000000
vt 0.519481 1.000000
vt 0.532468 1.000000
vt 0.545455 1.000000
vt 0.558442 1.000000
vt 0.584416 1.000000
vt 0.597403 1.000000
vt 0.610390 1.000000
vt 0.623377 1.000000
vt 0.636364 1.000000
vt 0.649351 1.000000
vt 0.662338 1.000000
vt 0.675325 1.000000
vt 0.688312 1.000000
vt 0.701299 1.000000
vt 0.727273 1.000000
vt 0.740260 1.000000
vt 0.753247 1.000000
vt 0.766234 1.000000
vt 0.779221 1.000000
vt 0.792208 1.000000
vt 0.805195 1.000000
vt 0.818182 1.000000
vt 0.831169 1.000000
vt 0.844156 1.000000
vt 0.870130 1.000000
vt 0.883117 1.000000
vt 0.896104 1.000000
vt 0.909091 1.000000
vt 0.922078 1.000000
vt 0.935065 1.000000
vt 0.948052 1.000000
vt 0.961039 1.000000
vt 0.974026 1.000000
vt 0.987013 1.000000
vt 0.009009 1.000000
vt 0.009009 0.000000
vt 0.018018 1.000000
vt 0.018018 0.000000
vt 0.036036 1.000000
vt 0.036036 0.000000
vt 0.045045 1.000000
vt 0.045045 0.000000
vt 0.063063 1.000000
vt 0.063063 0.000000
vt 0.072072 1.000000
vt 0.072072 0.000000
vt 0.090090 1.000000
vt 0.090090 0.000000
vt 0.099099 1.000000
vt 0.099099 0.000000
vt 0.117117 1.000000
vt 0.117117 0.000000
vt 0.126126 1.000000
vt 0.126126 0.000000
vt 0.144144 1.000000
vt 0.144144 0.000000
vt 0.153153 1.000000
vt 0.153153 0.000000
vt 0.171171 1.000000
vt 0.171171 0.000000
vt 0.180180 1.000000
vt 0.180180 0.000000
vt 0.198198 1.000000
vt 0.198198 0.000000
vt 0.207207 1.000000
vt 0.207207 0.000000
vt 0.225225 1.000000
vt 0.225225 0.000000
vt 0.234234 1.000000
vt 0.234234 0.000000
vt 0.252252 1.000000
vt 0.252252 0.000000
vt 0.261261 1.000000
vt 0.261261 0.000000
vt 0.279279 1.000000
vt 0.279279 0.000000
vt 0.288288 1.000000
vt 0.288288 0.000000
vt 0.306306 1.000000
vt 0.306306 0.000000
vt 0.315315 1.000000
vt 0.315315 0.000000
vt 0.342342 1.000000
vt 0.342342 0.000000
vt 0.360360 1.000000
vt 0.360360 0.000000
vt 0.369369 1.000000
vt 0.369369 0.000000
vt 0.387387 1.000000
vt 0.387387 0.000000
vt 0.396396 1.000000
vt 0.396396 0.000000
vt 0.414414 1.000000
vt 0.414414 0.000000
vt 0.423423 1.000000
vt 0.423423 0.000000
vt 0.441441 1.000000
vt 0.441441 0.000000
vt 0.450450 1.000000
vt 0.450450 0.000000
vt 0.468468 1.000000
vt 0.468468 0.000000
vt 0.477477 1.000000
vt 0.477477 0.000000
vt 0.495495 1.000000
vt 0.495495 0.000000
vt 0.504505 1.000000
vt 0.504505 0.000000
vt 0.522523 1.000000
vt 0.522523 0.000000
vt 0.531532 1.000000
vt 0.531532 0.000000
vt 0.549550 1.000000
vt 0.549550 0.000000
vt 0.558559 1.000000
vt 0.558559 0.000000
vt 0.576577 1.000000
vt 0.576577 0.000000
vt 0.585586 1.000000
vt 0.585586 0.000000
vt 0.603604 1.000000
vt 0.603604 0.000000
vt 0.612613 1.000000
vt 0.612613 0.000000
vt 0.630631 1.000000
vt 0.630631 0.000000
vt 0.639640 1.000000
vt 0.639640 0.000000
vt 0.657658 1.000000
vt 0.657658 0.000000
vt 0.684685 1.000000
vt 0.684685 0.000000
vt 0.693694 1.000000
vt 0.693694 0.000000
vt 0.711712 1.000000
vt 0.711712 0.000000
vt 0.720721 1.000000
vt 0.720721 0.000000
vt 0.738739 1.000000
vt 0.738739 0.000000
vt 0.747748 1.000000
vt 0.747748 0.000000
vt 0.765766 1.000000
vt 0.765766 0.000000
vt 0.774775 1.000000
vt 0.774775 0.000000
vt 0.792793 1.000000
vt 0.792793 0.000000
vt 0.801802 1.000000
vt 0.801802 0.000000
vt 0.819820 1.000000
vt 0.819820 0.000000
vt 0.828829 1.000000
vt 0.828829 0.000000
vt 0.846847 1.000000
vt 0.846847 0.000000
vt 0.855856 1.000000
vt 0.855856 0.000000
vt 0.873874 1.000000
vt 0.873874 0.000000
vt 0.882883 1.000000
vt 0.882883 0.000000
vt 0.900901 1.000000
vt 0.900901 0.000000
vt 0.909910 1.000000
vt 0.909910 0.000000
vt 0.927928 1.000000
vt 0.927928 0.000000
vt 0.936937 1.000000
vt 0.936937 0.000000
vt 0.954955 1.000000
vt 0.954955 0.000000
vt 0.963964 1.000000
vt 0.963964 0.000000
vt 0.981982 1.000000
vt 0.981982 0.000000
vt 0.990991 1.000000
vt 0.990991 0.000000
vt 0.038462 1.000000
vt 0.038462 0.000000
vt 0.076923 1.000000
vt 0.076923 0.000000
vt 0.115385 1.000000
vt 0.115385 0.000000
vt 0.153846 1.000000
vt 0.153846 0.000000
vt 0.192308 1.000000
vt 0.192308 0.000000
vt 0.230769 1.000000
vt 0.230769 0.000000
vt 0.269231 1.000000
vt 0.269231 0.000000
vt 0.307692 1.000000
vt 0.307692 0.000000
vt 0.346154 1.000000
vt 0.346154 0.000000
vt 0.384615 1.000000
vt 0.384615 0.000000
vt 0.423077 1.000000
vt 0.423077 0.000000
vt 0.461538 1.000000
vt 0.461538 0.000000
vt 0.538462 1.000000
vt 0.538462 0.000000
vt 0.576923 1.000000
vt 0.576923 0.000000
vt 0.615385 1.000000
vt 0.615385 0.000000
vt 0.653846 1.000000
vt 0.653846 0.000000
vt 0.692308 1.000000
vt 0.692308 0.000000
vt 0.730769 1.000000
vt 0.730769 0.000000
vt 0.769231 1.000000
vt 0.769231 0.000000
vt 0.807692 1.000000
vt 0.807692 0.000000
vt 0.846154 1.000000
vt 0.846154 0.000000
vt 0.884615 1.000000
vt 0.884615 0.000000
vt 0.923077 1.000000
vt 0.923077 0.000000
vt 0.961538 1.000000
vt 0.961538 0.000000
vt 0.005208 1.000000
vt 0.005208 0.000000
vt 0.010417 1.000000
vt 0.010417 0.000000
vt 0.015625 1.000000
vt 0.015625 0.000000
vt 0.026042 1.000000
vt 0.026042 0.000000
vt 0.031250 1.000000
vt 0.036458 1.000000
vt 0.036458 0.000000
vt 0.046875 1.000000
vt 0.046875 0.000000
vt 0.052083 1.000000
vt 0.052083 0.000000
vt 0.057292 1.000000
vt 0.057292 0.000000
vt 0.067708 1.000000
vt 0.067708 0.000000
vt 0.072917 1.000000
vt 0.072917 0.000000
vt 0.078125 1.000000
vt 0.078125 0.000000
vt 0.088542 1.000000
vt 0.088542 0.000000
vt 0.093750 1.000000
vt 0.098958 1.000000
vt 0.098958 0.000000
vt 0.109375 1.000000
vt 0.109375 0.000000
vt 0.114583 1.000000
vt 0.114583 0.000000
vt 0.119792 1.000000
vt 0.119792 0.000000
vt 0.130208 1.000000
vt 0.130208 0.000000
vt 0.135417 1.000000
vt 0.135417 0.000000
vt 0.140625 1.000000
vt 0.140625 0.000000
vt 0.151042 1.000000
vt 0.151042 0.000000
vt 0.156250 1.000000
vt 0.161458 1.000000
vt 0.161458 0.000000
vt 0.171875 1.000000
vt 0.171875 0.000000
vt 0.177083 1.000000
vt 0.177083 0.000000
vt 0.182292 1.000000
vt 0.182292 0.000000
vt 0.192708 1.000000
vt 0.192708 0.000000
vt 0.197917 1.000000
vt 0.197917 0.000000
vt 0.203125 1.000000
vt 0.203125 0.000000
vt 0.213542 1.000000
vt 0.213542 0.000000
vt 0.218750 1.000000
vt 0.223958 1.000000
vt 0.223958 0.000000
vt 0.234375 1.000000
vt 0.234375 0.000000
vt 0.239583 1.000000
vt 0.239583 0.000000
vt 0.244792 1.000000
vt 0.244792 0.000000
vt 0.255208 1.000000
vt 0.255208 0.000000
vt 0.260417 1.000000
vt 0.260417 0.000000
vt 0.265625 1.000000
vt 0.265625 0.000000
vt 0.276042 1.000000
vt 0.276042 0.000000
vt 0.281250 1.000000
vt 0.286458 1.000000
vt 0.286458 0.000000
vt 0.296875 1.000000
vt 0.296875 0.000000
vt 0.302083 1.000000
vt 0.302083 0.000000
vt 0.307292 1.000000
vt 0.307292 0.000000
vt 0.317708 1.000000
vt 0.317708 0.000000
vt 0.322917 1.000000
vt 0.322917 0.000000
vt 0.328125 1.000000
vt 0.328125 0.000000
vt 0.338542 1.000000
vt 0.338542 0.000000
vt 0.343750 1.000000
vt 0.348958 1.000000
vt 0.348958 0.000000
vt 0.359375 1.000000
vt 0.359375 0.000000
vt 0.364583 1.000000
vt 0.364583 0.000000
vt 0.369792 1.000000
vt 0.369792 0.000000
vt 0.380208 1.000000
vt 0.380208 0.000000
vt 0.385417 1.000000
vt 0.385417 0.000000
vt 0.390625 1.000000
vt 0.390625 0.000000
vt 0.401042 1.000000
vt 0.401042 0.000000
vt 0.406250 1.000000
vt 0.411458 1.000000
vt 0.411458 0.000000
vt 0.421875 1.000000
vt 0.421875 0.000000
vt 0.427083 1.000000
vt 0.427083 0.000000
vt 0.432292 1.000000
vt 0.432292 0.000000
vt 0.442708 1.000000
vt 0.442708 0.000000
vt 0.447917 1.000000
vt 0.447917 0.000000
vt 0.453125 1.000000
vt 0.453125 0.000000
vt 0.463542 1.000000
vt 0.463542 0.000000
vt 0.468750 1.000000
vt 0.473958 1.000000
vt 0.473958 0.000000
vt 0.484375 1.000000
vt 0.484375 0.000000
vt 0.489583 1.000000
vt 0.489583 0.000000
vt 0.494792 1.000000
vt 0.494792 0.000000
vt 0.505208 1.000000
vt 0.505208 0.000000
vt 0.510417 1.000000
vt 0.510417 0.000000
vt 0.515625 1.000000
vt 0.515625 0.000000
vt 0.526042 1.000000
vt 0.526042 0.000000
vt 0.531250 1.000000
vt 0.536458 1.000000
vt 0.536458 0.000000
vt 0.546875 1.000000
vt 0.546875 0.000000
vt 0.552083 1.000000
vt 0.552083 0.000000
vt 0.557292 1.000000
vt 0.557292 0.000000
vt 0.567708 1.000000
vt 0.567708 0.000000
vt 0.572917 1.000000
vt 0.572917 0.000000
vt 0.578125 1.000000
vt 0.578125 0.000000
vt 0.588542 1.000000
vt 0.588542 0.000000
vt 0.593750 1.000000
vt 0.598958 1.000000
vt 0.598958 0.000000
vt 0.609375 1.000000
vt 0.609375 0.000000
vt 0.614583 1.000000
vt 0.614583 0.000000
vt 0.619792 1.000000
vt 0.619792 0.000000
vt 0.630208 1.000000
vt 0.630208 0.000000
vt 0.635417 1.000000
vt 0.635417 0.000000
vt 0.640625 1.000000
vt 0.640625 0.000000
vt 0.651042 1.000000
vt 0.651042 0.000000
vt 0.656250 1.000000
vt 0.661458 1.000000
vt 0.661458 0.000000
vt 0.671875 1.000000
vt 0.671875 0.000000
vt 0.677083 1.000000
vt 0.677083 0.000000
vt 0.682292 1.000000
vt 0.682292 0.000000
vt 0.692708 1.000000
vt 0.692708 0.000000
vt 0.697917 1.000000
vt 0.697917 0.000000
vt 0.703125 1.000000
vt 0.703125 0.000000
vt 0.713542 1.000000
vt 0.713542 0.000000
vt 0.718750 1.000000
vt 0.723958 1.000000
vt 0.723958 0.000000
vt 0.734375 1.000000
vt 0.734375 0.000000
vt 0.739583 1.000000
vt 0.739583 0.000000
vt 0.744792 1.000000
vt 0.744792 0.000000
vt 0.755208 1.000000
vt 0.755208 0.000000
vt 0.760417 1.000000
vt 0.760417 0.000000
vt 0.765625 1.000000
vt 0.765625 0.000000
vt 0.776042 1.000000
vt 0.776042 0.000000
vt 0.781250 1.000000
vt 0.781250 0.000000
vt 0.786458 1.000000
vt 0.786458 0.000000
vt 0.796875 1.000000
vt 0.796875 0.000000
vt 0.802083 1.000000
vt 0.802083 0.000000
vt 0.807292 1.000000
vt 0.807292 0.000000
vt 0.817708 1.000000
vt 0.817708 0.000000
vt 0.822917 1.000000
vt 0.822917 0.000000
vt 0.828125 1.000000
vt 0.828125 0.000000
vt 0.838542 1.000000
vt 0.838542 0.000000
vt 0.843750 1.000000
vt 0.843750 0.000000
vt 0.848958 1.000000
vt 0.848958 0.000000
vt 0.859375 1.000000
vt 0.859375 0.000000
vt 0.864583 1.000000
vt 0.864583 0.000000
vt 0.869792 1.000000
vt 0.869792 0.000000
vt 0.880208 1.000000
vt 0.880208 0.000000
vt 0.885417 1.000000
vt 0.885417 0.000000
vt 0.890625 1.000000
vt 0.890625 0.000000
vt 0.901042 1.000000
vt 0.901042 0.000000
vt 0.906250 1.000000
vt 0.911458 1.000000
vt 0.911458 0.000000
vt 0.921875 1.000000
vt 0.921875 0.000000
vt 0.927083 1.000000
vt 0.927083 0.000000
vt 0.932292 1.000000
vt 0.932292 0.000000
vt 0.942708 1.000000
vt 0.942708 0.000000
vt 0.947917 1.000000
vt 0.947917 0.000000
vt 0.953125 1.000000
vt 0.953125 0.000000
vt 0.963542 1.000000
vt 0.963542 0.000000
vt 0.968750 1.000000
vt 0.968750 0.000000
vt 0.973958 1.000000
vt 0.973958 0.000000
vt 0.984375 1.000000
vt 0.984375 0.000000
vt 0.989583 1.000000
vt 0.989583 0.000000
vt 0.994792 1.000000
vt 0.994792 0.000000
vt 0.010000 1.000000
vt 0.010000 0.000000
vt 0.030000 1.000000
vt 0.030000 0.000000
vt 0.050000 1.000000
vt 0.050000 0.000000
vt 0.070000 1.000000
vt 0.070000 0.000000
vt 0.090000 1.000000
vt 0.090000 0.000000
vt 0.110000 1.000000
vt 0.110000 0.000000
vt 0.130000 1.000000
vt 0.130000 0.000000
vt 0.150000 1.000000
vt 0.150000 0.000000
vt 0.170000 1.000000
vt 0.170000 0.000000
vt 0.190000 1.000000
vt 0.190000 0.000000
vt 0.210000 1.000000
vt 0.210000 0.000000
vt 0.230000 1.000000
vt 0.230000 0.000000
vt 0.270000 1.000000
vt 0.270000 0.000000
vt 0.290000 1.000000
vt 0.290000 0.000000
vt 0.310000 1.000000
vt 0.310000 0.000000
vt 0.330000 1.000000
vt 0.330000 0.000000
vt 0.350000 1.000000
vt 0.350000 0.000000
vt 0.370000 1.000000
vt 0.370000 0.000000
vt 0.390000 1.000000
vt 0.390000 0.000000
vt 0.410000 1.000000
vt 0.410000 0.000000
vt 0.430000 1.000000
vt 0.430000 0.000000
vt 0.450000 1.000000
vt 0.450000 0.000000
vt 0.470000 1.000000
vt 0.470000 0.000000
vt 0.490000 1.000000
vt 0.490000 0.000000
vt 0.510000 1.000000
vt 0.510000 0.000000
vt 0.530000 1.000000
vt 0.530000 0.000000
vt 0.550000 1.000000
vt 0.550000 0.000000
vt 0.570000 1.000000
vt 0.570000 0.000000
vt 0.590000 1.000000
vt 0.590000 0.000000
vt 0.610000 1.000000
vt 0.610000 0.000000
vt 0.630000 1.000000
vt 0.630000 0.000000
vt 0.650000 1.000000
vt 0.650000 0.000000
vt 0.670000 1.000000
vt 0.670000 0.000000
vt 0.690000 1.000000
vt 0.690000 0.000000
vt 0.710000 1.000000
vt 0.710000 0.000000
vt 0.730000 1.000000
vt 0.730000 0.000000
vt 0.770000 1.000000
vt 0.770000 0.000000
vt 0.790000 1.000000
vt 0.790000 0.000000
vt 0.810000 1.000000
vt 0.810000 0.000000
vt 0.830000 1.000000
vt 0.830000 0.000000
vt 0.850000 1.000000
vt 0.850000 0.000000
vt 0.870000 1.000000
vt 0.870000 0.000000
vt 0.890000 1.000000
vt 0.890000 0.000000
vt 0.910000 1.000000
vt 0.910000 0.000000
vt 0.930000 1.000000
vt 0.930000 0.000000
vt 0.950000 1.000000
vt 0.950000 0.000000
vt 0.970000 1.000000
vt 0.970000 0.000000
vt 0.990000 1.000000
vt 0.990000 0.000000
vt 0.008065 1.000000
vt 0.008065 0.000000
vt 0.024194 1.000000
vt 0.024194 0.000000
vt 0.040323 1.000000
vt 0.040323 0.000000
vt 0.056452 1.000000
vt 0.056452 0.000000
vt 0.072581 1.000000
vt 0.072581 0.000000
vt 0.088710 1.000000
vt 0.088710 0.000000
vt 0.104839 1.000000
vt 0.104839 0.000000
vt 0.120968 1.000000
vt 0.120968 0.000000
vt 0.137097 1.000000
vt 0.137097 0.000000
vt 0.153226 1.000000
vt 0.153226 0.000000
vt 0.169355 1.000000
vt 0.169355 0.000000
vt 0.185484 1.000000
vt 0.185484 0.000000
vt 0.201613 1.000000
vt 0.201613 0.000000
vt 0.217742 1.000000
vt 0.217742 0.000000
vt 0.233871 1.000000
vt 0.233871 0.000000
vt 0.266129 1.000000
vt 0.266129 0.000000
vt 0.282258 1.000000
vt 0.282258 0.000000
vt 0.298387 1.000000
vt 0.298387 0.000000
vt 0.314516 1.000000
vt 0.314516 0.000000
vt 0.330645 1.000000
vt 0.330645 0.000000
vt 0.346774 1.000000
vt 0.346774 0.000000
vt 0.362903 1.000000
vt 0.362903 0.000000
vt 0.379032 1.000000
vt 0.379032 0.000000
vt 0.395161 1.000000
vt 0.395161 0.000000
vt 0.411290 1.000000
vt 0.411290 0.000000
vt 0.427419 1.000000
vt 0.427419 0.000000
vt 0.443548 1.000000
vt 0.443548 0.000000
vt 0.459677 1.000000
vt 0.459677 0.000000
vt 0.475806 1.000000
vt 0.475806 0.000000
vt 0.491935 1.000000
vt 0.491935 0.000000
vt 0.508065 1.000000
vt 0.508065 0.000000
vt 0.524194 1.000000
vt 0.524194 0.000000
vt 0.540323 1.000000
vt 0.540323 0.000000
vt 0.556452 1.000000
vt 0.556452 0.000000
vt 0.572581 1.000000
vt 0.572581 0.000000
vt 0.588710 1.000000
vt 0.588710 0.000000
vt 0.604839 1.000000
vt 0.604839 0.000000
vt 0.620968 1.000000
vt 0.620968 0.000000
vt 0.637097 1.000000
vt 0.637097 0.000000
vt 0.653226 1.000000
vt 0.653226 0.000000
vt 0.669355 1.000000
vt 0.669355 0.000000
vt 0.685484 1.000000
vt 0.685484 0.000000
vt 0.701613 1.000000
vt 0.701613 0.000000
vt 0.717742 1.000000
vt 0.717742 0.000000
vt 0.733871 1.000000
vt 0.733871 0.000000
vt 0.766129 1.000000
vt 0.766129 0.000000
vt 0.782258 1.000000
vt 0.782258 0.000000
vt 0.798387 1.000000
vt 0.798387 0.000000
vt 0.814516 1.000000
vt 0.814516 0.000000
vt 0.830645 1.000000
vt 0.830645 0.000000
vt 0.846774 1.000000
vt 0.846774 0.000000
vt 0.862903 1.000000
vt 0.862903 0.000000
vt 0.879032 1.000000
vt 0.879032 0.000000
vt 0.895161 1.000000
vt 0.895161 0.000000
vt 0.911290 1.000000
vt 0.911290 0.000000
vt 0.927419 1.000000
vt 0.927419 0.000000
vt 0.943548 1.000000
vt 0.943548 0.000000
vt 0.959677 1.000000
vt 0.959677 0.000000
vt 0.975806 1.000000
vt 0.975806 0.000000
vt 0.991935 1.000000
vt 0.991935 0.000000
vt 0.006173 1.000000
vt 0.012346 1.000000
vt 0.018519 1.000000
vt 0.024691 1.000000
vt 0.030864 1.000000
vt 0.037037 1.000000
vt 0.043210 1.000000
vt 0.049383 1.000000
vt 0.055556 1.000000
vt 0.061728 1.000000
vt 0.067901 1.000000
vt 0.074074 1.000000
vt 0.080247 1.000000
vt 0.086420 1.000000
vt 0.092593 1.000000
vt 0.098765 1.000000
vt 0.104938 1.000000
vt 0.111111 1.000000
vt 0.117284 1.000000
vt 0.123457 1.000000
vt 0.129630 1.000000
vt 0.135802 1.000000
vt 0.141975 1.000000
vt 0.148148 1.000000
vt 0.154321 1.000000
vt 0.160494 1.000000
vt 0.172840 1.000000
vt 0.179012 1.000000
vt 0.185185 1.000000
vt 0.191358 1.000000
vt 0.197531 1.000000
vt 0.203704 1.000000
vt 0.209877 1.000000
vt 0.216049 1.000000
vt 0.222222 1.000000
vt 0.228395 1.000000
vt 0.234568 1.000000
vt 0.240741 1.000000
vt 0.246914 1.000000
vt 0.253086 1.000000
vt 0.259259 1.000000
vt 0.265432 1.000000
vt 0.271605 1.000000
vt 0.277778 1.000000
vt 0.283951 1.000000
vt 0.290123 1.000000
vt 0.296296 1.000000
vt 0.302469 1.000000
vt 0.308642 1.000000
vt 0.314815 1.000000
vt 0.320988 1.000000
vt 0.327161 1.000000
vt 0.339506 1.000000
vt 0.345679 1.000000
vt 0.351852 1.000000
vt 0.358025 1.000000
vt 0.364198 1.000000
vt 0.370370 1.000000
vt 0.376543 1.000000
vt 0.382716 1.000000
vt 0.388889 1.000000
vt 0.395062 1.000000
vt 0.401235 1.000000
vt 0.407407 1.000000
vt 0.413580 1.000000
vt 0.419753 1.000000
vt 0.425926 1.000000
vt 0.432099 1.000000
vt 0.438272 1.000000
vt 0.444444 1.000000
vt 0.450617 1.000000
vt 0.456790 1.000000
vt 0.462963 1.000000
vt 0.469136 1.000000
vt 0.475309 1.000000
vt 0.481481 1.000000
vt 0.487654 1.000000
vt 0.493827 1.000000
vt 0.506173 1.000000
vt 0.512346 1.000000
vt 0.518519 1.000000
vt 0.524691 1.000000
vt 0.530864 1.000000
vt 0.537037 1.000000
vt 0.543210 1.000000
vt 0.549383 1.000000
vt 0.555556 1.000000
vt 0.561728 1.000000
vt 0.567901 1.000000
vt 0.574074 1.000000
vt 0.580247 1.000000
vt 0.586420 1.000000
vt 0.592593 1.000000
vt 0.598765 1.000000
vt 0.604938 1.000000
vt 0.611111 1.000000
vt 0.617284 1.000000
vt 0.623457 1.000000
vt 0.629630 1.000000
vt 0.635802 1.000000
vt 0.641975 1.000000
vt 0.648148 1.000000
vt 0.654321 1.000000
vt 0.660494 1.000000
vt 0.672840 1.000000
vt 0.679012 1.000000
vt 0.685185 1.000000
vt 0.691358 1.000000
vt 0.697531 1.000000
vt 0.703704 1.000000
vt 0.709877 1.000000
vt 0.716049 1.000000
vt 0.722222 1.000000
vt 0.728395 1.000000
vt 0.734568 1.000000
vt 0.740741 1.000000
vt 0.746914 1.000000
vt 0.753086 1.000000
vt 0.759259 1.000000
vt 0.765432 1.000000
vt 0.771605 1.000000
vt 0.777778 1.000000
vt 0.783951 1.000000
vt 0.790123 1.000000
vt 0.796296 1.000000
vt 0.802469 1.000000
vt 0.808642 1.000000
vt 0.814815 1.000000
vt 0.820988 1.000000
vt 0.827160 1.000000
vt 0.839506 1.000000
vt 0.845679 1.000000
vt 0.851852 1.000000
vt 0.858025 1.000000
vt 0.864198 1.000000
vt 0.870370 1.000000
vt 0.876543 1.000000
vt 0.882716 1.000000
vt 0.888889 1.000000
vt 0.895062 1.000000
vt 0.901235 1.000000
vt 0.907407 1.000000
vt 0.913580 1.000000
vt 0.919753 1.000000
vt 0.925926 1.000000
vt 0.932099 1.000000
vt 0.938272 1.000000
vt 0.944444 1.000000
vt 0.950617 1.000000
vt 0.956790 1.000000
vt 0.962963 1.000000
vt 0.969136 1.000000
vt 0.975309 1.000000
vt 0.981481 1.000000
vt 0.987654 1.000000
vt 0.993827 1.000000
vt 0.005025 1.000000
vt 0.005025 0.000000
vt 0.010050 1.000000
vt 0.010050 0.000000
vt 0.015075 1.000000
vt 0.015075 0.000000
vt 0.020101 1.000000
vt 0.020101 0.000000
vt 0.025126 1.000000
vt 0.025126 0.000000
vt 0.030151 1.000000
vt 0.030151 0.000000
vt 0.035176 1.000000
vt 0.035176 0.000000
vt 0.040201 1.000000
vt 0.040201 0.000000
vt 0.045226 1.000000
vt 0.045226 0.000000
vt 0.050251 1.000000
vt 0.050251 0.000000
vt 0.055276 1.000000
vt 0.055276 0.000000
vt 0.060302 1.000000
vt 0.060302 0.000000
vt 0.065327 1.000000
vt 0.065327 0.000000
vt 0.070352 1.000000
vt 0.070352 0.000000
vt 0.075377 1.000000
vt 0.075377 0.000000
vt 0.080402 1.000000
vt 0.080402 0.000000
vt 0.085427 1.000000
vt 0.085427 0.000000
vt 0.090452 1.000000
vt 0.090452 0.000000
vt 0.095477 1.000000
vt 0.095477 0.000000
vt 0.100503 1.000000
vt 0.100503 0.000000
vt 0.105528 1.000000
vt 0.105528 0.000000
vt 0.110553 1.000000
vt 0.110553 0.000000
vt 0.115578 1.000000
vt 0.115578 0.000000
vt 0.120603 1.000000
vt 0.120603 0.000000
vt 0.125628 1.000000
vt 0.125628 0.000000
vt 0.130653 1.000000
vt 0.130653 0.000000
vt 0.135678 1.000000
vt 0.135678 0.000000
vt 0.140704 1.000000
vt 0.140704 0.000000
vt 0.145729 1.000000
vt 0.145729 0.000000
vt 0.150754 1.000000
vt 0.150754 0.000000
vt 0.155779 1.000000
vt 0.155779 0.000000
vt 0.160804 1.000000
vt 0.160804 0.000000
vt 0.165829 1.000000
vt 0.165829 0.000000
vt 0.170854 1.000000
vt 0.170854 0.000000
vt 0.175879 1.000000
vt 0.175879 0.000000
vt 0.180905 1.000000
vt 0.180905 0.000000
vt 0.185930 1.000000
vt 0.185930 0.000000
vt 0.190955 1.000000
vt 0.190955 0.000000
vt 0.195980 1.000000
vt 0.195980 0.000000
vt 0.201005 1.000000
vt 0.201005 0.000000
vt 0.206030 1.000000
vt 0.206030 0.000000
vt 0.211055 1.000000
vt 0.211055 0.000000
vt 0.216080 1.000000
vt 0.216080 0.000000
vt 0.221106 1.000000
vt 0.221106 0.000000
vt 0.226131 1.000000
vt 0.226131 0.000000
vt 0.231156 1.000000
vt 0.231156 0.000000
vt 0.236181 1.000000
vt 0.236181 0.000000
vt 0.241206 1.000000
vt 0.241206 0.000000
vt 0.246231 1.000000
vt 0.246231 0.000000
vt 0.251256 1.000000
vt 0.251256 0.000000
vt 0.256281 1.000000
vt 0.256281 0.000000
vt 0.261307 1.000000
vt 0.261307 0.000000
vt 0.266332 1.000000
vt 0.266332 0.000000
vt 0.271357 1.000000
vt 0.271357 0.000000
vt 0.276382 1.000000
vt 0.276382 0.000000
vt 0.281407 1.000000
vt 0.281407 0.000000
vt 0.286432 1.000000
vt 0.286432 0.000000
vt 0.291457 1.000000
vt 0.291457 0.000000
vt 0.296482 1.000000
vt 0.296482 0.000000
vt 0.301508 1.000000
vt 0.301508 0.000000
vt 0.306533 1.000000
vt 0.306533 0.000000
vt 0.311558 1.000000
vt 0.311558 0.000000
vt 0.316583 1.000000
vt 0.316583 0.000000
vt 0.321608 1.000000
vt 0.321608 0.000000
vt 0.326633 1.000000
vt 0.326633 0.000000
vt 0.331658 1.000000
vt 0.331658 0.000000
vt 0.336683 1.000000
vt 0.336683 0.000000
vt 0.341709 1.000000
vt 0.341709 0.000000
vt 0.346734 1.000000
vt 0.346734 0.000000
vt 0.351759 1.000000
vt 0.351759 0.000000
vt 0.356784 1.000000
vt 0.356784 0.000000
vt 0.361809 1.000000
vt 0.361809 0.000000
vt 0.366834 1.000000
vt 0.366834 0.000000
vt 0.371859 1.000000
vt 0.371859 0.000000
vt 0.376884 1.000000
vt 0.376884 0.000000
vt 0.381910 1.000000
vt 0.381910 0.000000
vt 0.386935 1.000000
vt 0.386935 0.000000
vt 0.391960 1.000000
vt 0.391960 0.000000
vt 0.396985 1.000000
vt 0.396985 0.000000
vt 0.402010 1.000000
vt 0.402010 0.000000
vt 0.407035 1.000000
vt 0.407035 0.000000
vt 0.412060 1.000000
vt 0.412060 0.000000
vt 0.417085 1.000000
vt 0.417085 0.000000
vt 0.422111 1.000000
vt 0.422111 0.000000
vt 0.427136 1.000000
vt 0.427136 0.000000
vt 0.432161 1.000000
vt 0.432161 0.000000
vt 0.437186 1.000000
vt 0.437186 0.000000
vt 0.442211 1.000000
vt 0.442211 0.000000
vt 0.447236 1.000000
vt 0.447236 0.000000
vt 0.452261 1.000000
vt 0.452261 0.000000
vt 0.457286 1.000000
vt 0.457286 0.000000
vt 0.462312 1.000000
vt 0.462312 0.000000
vt 0.467337 1.000000
vt 0.467337 0.000000
vt 0.472362 1.000000
vt 0.472362 0.000000
vt 0.477387 1.000000
vt 0.477387 0.000000
vt 0.482412 1.000000
vt 0.482412 0.000000
vt 0.487437 1.000000
vt 0.487437 0.000000
vt 0.492462 1.000000
vt 0.492462 0.000000
vt 0.497487 1.000000
vt 0.497487 0.000000
vt 0.502513 1.000000
vt 0.502513 0.000000
vt 0.507538 1.000000
vt 0.507538 0.000000
vt 0.512563 1.000000
vt 0.512563 0.000000
vt 0.517588 1.000000
vt 0.517588 0.000000
vt 0.522613 1.000000
vt 0.522613 0.000000
vt 0.527638 1.000000
vt 0.527638 0.000000
vt 0.532663 1.000000
vt 0.532663 0.000000
vt 0.537688 1.000000
vt 0.537688 0.000000
vt 0.542714 1.000000
vt 0.542714 0.000000
vt 0.547739 1.000000
vt 0.547739 0.000000
vt 0.552764 1.000000
vt 0.552764 0.000000
vt 0.557789 1.000000
vt 0.557789 0.000000
vt 0.562814 1.000000
vt 0.562814 0.000000
vt 0.567839 1.000000
vt 0.567839 0.000000
vt 0.572864 1.000000
vt 0.572864 0.000000
vt 0.577889 1.000000
vt 0.577889 0.000000
vt 0.582915 1.000000
vt 0.582915 0.000000
vt 0.587940 1.000000
vt 0.587940 0.000000
vt 0.592965 1.000000
vt 0.592965 0.000000
vt 0.597990 1.000000
vt 0.597990 0.000000
vt 0.603015 1.000000
vt 0.603015 0.000000
vt 0.608040 1.000000
vt 0.608040 0.000000
vt 0.613065 1.000000
vt 0.613065 0.000000
vt 0.618090 1.000000
vt 0.618090 0.000000
vt 0.623116 1.000000
vt 0.623116 0.000000
vt 0.628141 1.000000
vt 0.628141 0.000000
vt 0.633166 1.000000
vt 0.633166 0.000000
vt 0.638191 1.000000
vt 0.638191 0.000000
vt 0.643216 1.000000
vt 0.643216 0.000000
vt 0.648241 1.000000
vt 0.648241 0.000000
vt 0.653266 1.000000
vt 0.653266 0.000000
vt 0.658291 1.000000
vt 0.658291 0.000000
vt 0.663317 1.000000
vt 0.663317 0.000000
vt 0.668342 1.000000
vt 0.668342 0.000000
vt 0.673367 1.000000
vt 0.673367 0.000000
vt 0.678392 1.000000
vt 0.678392 0.000000
vt 0.683417 1.000000
vt 0.683417 0.000000
vt 0.688442 1.000000
vt 0.688442 0.000000
vt 0.693467 1.000000
vt 0.693467 0.000000
vt 0.698492 1.000000
vt 0.698492 0.000000
vt 0.703518 1.000000
vt 0.703518 0.000000
vt 0.708543 1.000000
vt 0.708543 0.000000
vt 0.713568 1.000000
vt 0.713568 0.000000
vt 0.718593 1.000000
vt 0.718593 0.000000
vt 0.723618 1.000000
vt 0.723618 0.000000
vt 0.728643 1.000000
vt 0.728643 0.000000
vt 0.733668 1.000000
vt 0.733668 0.000000
vt 0.738693 1.000000
vt 0.738693 0.000000
vt 0.743719 1.000000
vt 0.743719 0.000000
vt 0.748744 1.000000
vt 0.748744 0.000000
vt 0.753769 1.000000
vt 0.753769 0.000000
vt 0.758794 1.000000
vt 0.758794 0.000000
vt 0.763819 1.000000
vt 0.763819 0.000000
vt 0.768844 1.000000
vt 0.768844 0.000000
vt 0.773869 1.000000
vt 0.773869 0.000000
vt 0.778894 1.000000
vt 0.778894 0.000000
vt 0.783920 1.000000
vt 0.783920 0.000000
vt 0.788945 1.000000
vt 0.788945 0.000000
vt 0.793970 1.000000
vt 0.793970 0.000000
vt 0.798995 1.000000
vt 0.798995 0.000000
vt 0.804020 1.000000
vt 0.804020 0.000000
vt 0.809045 1.000000
vt 0.809045 0.000000
vt 0.814070 1.000000
vt 0.814070 0.000000
vt 0.819095 1.000000
vt 0.819095 0.000000
vt 0.824121 1.000000
vt 0.824121 0.000000
vt 0.829146 1.000000
vt 0.829146 0.000000
vt 0.834171 1.000000
vt 0.834171 0.000000
vt 0.839196 1.000000
vt 0.839196 0.000000
vt 0.844221 1.000000
vt 0.844221 0.000000
vt 0.849246 1.000000
vt 0.849246 0.000000
vt 0.854271 1.000000
vt 0.854271 0.000000
vt 0.859297 1.000000
vt 0.859297 0.000000
vt 0.864322 1.000000
vt 0.864322 0.000000
vt 0.869347 1.000000
vt 0.869347 0.000000
vt 0.874372 1.000000
vt 0.874372 0.000000
vt 0.879397 1.000000
vt 0.879397 0.000000
vt 0.884422 1.000000
vt 0.884422 0.000000
vt 0.889447 1.000000
vt 0.889447 0.000000
vt 0.894472 1.000000
vt 0.894472 0.000000
vt 0.899498 1.000000
vt 0.899498 0.000000
vt 0.904523 1.000000
vt 0.904523 0.000000
vt 0.909548 1.000000
vt 0.909548 0.000000
vt 0.914573 1.000000
vt 0.914573 0.000000
vt 0.919598 1.000000
vt 0.919598 0.000000
vt 0.924623 1.000000
vt 0.924623 0.000000
vt 0.929648 1.000000
vt 0.929648 0.000000
vt 0.934673 1.000000
vt 0.934673 0.000000
vt 0.939699 1.000000
vt 0.939699 0.000000
vt 0.944724 1.000000
vt 0.944724 0.000000
vt 0.949749 1.000000
vt 0.949749 0.000000
vt 0.954774 1.000000
vt 0.954774 0.000000
vt 0.959799 1.000000
vt 0.959799 0.000000
vt 0.964824 1.000000
vt 0.964824 0.000000
vt 0.969849 1.000000
vt 0.969849 0.000000
vt 0.974874 1.000000
vt 0.974874 0.000000
vt 0.979900 1.000000
vt 0.979900 0.000000
vt 0.984925 1.000000
vt 0.984925 0.000000
vt 0.989950 1.000000
vt 0.989950 0.000000
vt 0.994975 1.000000
vt 0.994975 0.000000
vt 0.014925 1.000000
vt 0.014925 0.000000
vt 0.029851 1.000000
vt 0.029851 0.000000
vt 0.044776 1.000000
vt 0.044776 0.000000
vt 0.059701 1.000000
vt 0.059701 0.000000
vt 0.074627 1.000000
vt 0.074627 0.000000
vt 0.089552 1.000000
vt 0.089552 0.000000
vt 0.104478 1.000000
vt 0.104478 0.000000
vt 0.119403 1.000000
vt 0.119403 0.000000
vt 0.134328 1.000000
vt 0.134328 0.000000
vt 0.149254 1.000000
vt 0.149254 0.000000
vt 0.164179 1.000000
vt 0.164179 0.000000
vt 0.179104 1.000000
vt 0.179104 0.000000
vt 0.194030 1.000000
vt 0.194030 0.000000
vt 0.208955 1.000000
vt 0.208955 0.000000
vt 0.223881 1.000000
vt 0.223881 0.000000
vt 0.238806 1.000000
vt 0.238806 0.000000
vt 0.253731 1.000000
vt 0.253731 0.000000
vt 0.268657 1.000000
vt 0.268657 0.000000
vt 0.283582 1.000000
vt 0.283582 0.000000
vt 0.298507 1.000000
vt 0.298507 0.000000
vt 0.313433 1.000000
vt 0.313433 0.000000
vt 0.328358 1.000000
vt 0.328358 0.000000
vt 0.343284 1.000000
vt 0.343284 0.000000
vt 0.358209 1.000000
vt 0.358209 0.000000
vt 0.373134 1.000000
vt 0.373134 0.000000
vt 0.388060 1.000000
vt 0.388060 0.000000
vt 0.402985 1.000000
vt 0.402985 0.000000
vt 0.417910 1.000000
vt 0.417910 0.000000
vt 0.432836 1.000000
vt 0.432836 0.000000
vt 0.447761 1.000000
vt 0.447761 0.000000
vt 0.462687 1.000000
vt 0.462687 0.000000
vt 0.477612 1.000000
vt 0.477612 0.000000
vt 0.492537 1.000000
vt 0.492537 0.000000
vt 0.507463 1.000000
vt 0.507463 0.000000
vt 0.522388 1.000000
vt 0.522388 0.000000
vt 0.537313 1.000000
vt 0.537313 0.000000
vt 0.552239 1.000000
vt 0.552239 0.000000
vt 0.567164 1.000000
vt 0.567164 0.000000
vt 0.582090 1.000000
vt 0.582090 0.000000
vt 0.597015 1.000000
vt 0.597015 0.000000
vt 0.611940 1.000000
vt 0.611940 0.000000
vt 0.626866 1.000000
vt 0.626866 0.000000
vt 0.641791 1.000000
vt 0.641791 0.000000
vt 0.656716 1.000000
vt 0.656716 0.000000
vt 0.671642 1.000000
vt 0.671642 0.000000
vt 0.686567 1.000000
vt 0.686567 0.000000
vt 0.701493 1.000000
vt 0.701493 0.000000
vt 0.716418 1.000000
vt 0.716418 0.000000
vt 0.731343 1.000000
vt 0.731343 0.000000
vt 0.746269 1.000000
vt 0.746269 0.000000
vt 0.761194 1.000000
vt 0.761194 0.000000
vt 0.776119 1.000000
vt 0.776119 0.000000
vt 0.791045 1.000000
vt 0.791045 0.000000
vt 0.805970 1.000000
vt 0.805970 0.000000
vt 0.820895 1.000000
vt 0.820895 0.000000
vt 0.835821 1.000000
vt 0.835821 0.000000
vt 0.850746 1.000000
vt 0.850746 0.000000
vt 0.865672 1.000000
vt 0.865672 0.000000
vt 0.880597 1.000000
vt 0.880597 0.000000
vt 0.895522 1.000000
vt 0.895522 0.000000
vt 0.910448 1.000000
vt 0.910448 0.000000
vt 0.925373 1.000000
vt 0.925373 0.000000
vt 0.940298 1.000000
vt 0.940298 0.000000
vt 0.955224 1.000000
vt 0.955224 0.000000
vt 0.970149 1.000000
vt 0.970149 0.000000
vt 0.985075 1.000000
vt 0.985075 0.000000
vt 0.023810 1.000000
vt 0.047619 1.000000
vt 0.095238 1.000000
vt 0.119048 1.000000
vt 0.119048 0.000000
vt 0.190476 1.000000
vt 0.238095 1.000000
vt 0.261905 1.000000
vt 0.309524 1.000000
vt 0.380952 1.000000
vt 0.404762 1.000000
vt 0.452381 1.000000
vt 0.476190 1.000000
vt 0.476190 0.000000
vt 0.523810 1.000000
vt 0.547619 1.000000
vt 0.595238 1.000000
vt 0.595238 0.000000
vt 0.619048 1.000000
vt 0.619048 0.000000
vt 0.690476 1.000000
vt 0.738095 1.000000
vt 0.761905 1.000000
vt 0.809524 1.000000
vt 0.880952 1.000000
vt 0.904762 1.000000
vt 0.952381 1.000000
vt 0.976190 1.000000
vt 0.004762 1.000000
vt 0.009524 1.000000
vt 0.014286 1.000000
vt 0.019048 1.000000
vt 0.028571 1.000000
vt 0.033333 1.000000
vt 0.038095 1.000000
vt 0.042857 1.000000
vt 0.052381 1.000000
vt 0.057143 1.000000
vt 0.061905 1.000000
vt 0.066667 1.000000
vt 0.076190 1.000000
vt 0.080952 1.000000
vt 0.085714 1.000000
vt 0.090476 1.000000
vt 0.104762 1.000000
vt 0.109524 1.000000
vt 0.109524 0.000000
vt 0.114286 1.000000
vt 0.114286 0.000000
vt 0.123810 1.000000
vt 0.123810 0.000000
vt 0.128571 1.000000
vt 0.128571 0.000000
vt 0.133333 1.000000
vt 0.133333 0.000000
vt 0.138095 1.000000
vt 0.138095 0.000000
vt 0.147619 1.000000
vt 0.147619 0.000000
vt 0.152381 1.000000
vt 0.152381 0.000000
vt 0.157143 1.000000
vt 0.157143 0.000000
vt 0.161905 1.000000
vt 0.161905 0.000000
vt 0.171429 1.000000
vt 0.176190 1.000000
vt 0.180952 1.000000
vt 0.185714 1.000000
vt 0.195238 1.000000
vt 0.204762 1.000000
vt 0.209524 1.000000
vt 0.219048 1.000000
vt 0.223810 1.000000
vt 0.228571 1.000000
vt 0.233333 1.000000
vt 0.242857 1.000000
vt 0.247619 1.000000
vt 0.252381 1.000000
vt 0.257143 1.000000
vt 0.266667 1.000000
vt 0.271429 1.000000
vt 0.276190 1.000000
vt 0.280952 1.000000
vt 0.290476 1.000000
vt 0.295238 1.000000
vt 0.304762 1.000000
vt 0.314286 1.000000
vt 0.319048 1.000000
vt 0.323810 1.000000
vt 0.328571 1.000000
vt 0.338095 1.000000
vt 0.342857 1.000000
vt 0.347619 1.000000
vt 0.352381 1.000000
vt 0.361905 1.000000
vt 0.366667 1.000000
vt 0.371429 1.000000
vt 0.376190 1.000000
vt 0.385714 1.000000
vt 0.390476 1.000000
vt 0.395238 1.000000
vt 0.409524 1.000000
vt 0.414286 1.000000
vt 0.419048 1.000000
vt 0.423810 1.000000
vt 0.433333 1.000000
vt 0.438095 1.000000
vt 0.442857 1.000000
vt 0.447619 1.000000
vt 0.457143 1.000000
vt 0.457143 0.000000
vt 0.461905 1.000000
vt 0.461905 0.000000
vt 0.466667 1.000000
vt 0.466667 0.000000
vt 0.471429 1.000000
vt 0.471429 0.000000
vt 0.480952 1.000000
vt 0.485714 1.000000
vt 0.490476 1.000000
vt 0.495238 1.000000
vt 0.504762 1.000000
vt 0.509524 1.000000
vt 0.514286 1.000000
vt 0.519048 1.000000
vt 0.528571 1.000000
vt 0.533333 1.000000
vt 0.538095 1.000000
vt 0.542857 1.000000
vt 0.552381 1.000000
vt 0.557143 1.000000
vt 0.561905 1.000000
vt 0.566667 1.000000
vt 0.566667 0.000000
vt 0.576190 1.000000
vt 0.576190 0.000000
vt 0.580952 1.000000
vt 0.580952 0.000000
vt 0.585714 1.000000
vt 0.585714 0.000000
vt 0.590476 1.000000
vt 0.590476 0.000000
vt 0.604762 1.000000
vt 0.604762 0.000000
vt 0.609524 1.000000
vt 0.609524 0.000000
vt 0.614286 1.000000
vt 0.614286 0.000000
vt 0.623810 1.000000
vt 0.623810 0.000000
vt 0.628571 1.000000
vt 0.628571 0.000000
vt 0.633333 1.000000
vt 0.633333 0.000000
vt 0.638095 1.000000
vt 0.647619 1.000000
vt 0.652381 1.000000
vt 0.657143 1.000000
vt 0.661905 1.000000
vt 0.671429 1.000000
vt 0.676190 1.000000
vt 0.680952 1.000000
vt 0.685714 1.000000
vt 0.695238 1.000000
vt 0.704762 1.000000
vt 0.709524 1.000000
vt 0.719048 1.000000
vt 0.723810 1.000000
vt 0.728571 1.000000
vt 0.733333 1.000000
vt 0.742857 1.000000
vt 0.747619 1.000000
vt 0.752381 1.000000
vt 0.757143 1.000000
vt 0.766667 1.000000
vt 0.771429 1.000000
vt 0.776190 1.000000
vt 0.780952 1.000000
vt 0.790476 1.000000
vt 0.795238 1.000000
vt 0.804762 1.000000
vt 0.814286 1.000000
vt 0.819048 1.000000
vt 0.823810 1.000000
vt 0.828571 1.000000
vt 0.838095 1.000000
vt 0.842857 1.000000
vt 0.847619 1.000000
vt 0.852381 1.000000
vt 0.861905 1.000000
vt 0.866667 1.000000
vt 0.871429 1.000000
vt 0.876190 1.000000
vt 0.885714 1.000000
vt 0.890476 1.000000
vt 0.895238 1.000000
vt 0.909524 1.000000
vt 0.914286 1.000000
vt 0.919048 1.000000
vt 0.923810 1.000000
vt 0.933333 1.000000
vt 0.938095 1.000000
vt 0.942857 1.000000
vt 0.947619 1.000000
vt 0.957143 1.000000
vt 0.961905 1.000000
vt 0.966667 1.000000
vt 0.971429 1.000000
vt 0.980952 1.000000
vt 0.985714 1.000000
vt 0.990476 1.000000
vt 0.995238 1.000000
s 0
usemtl マテリアル.005
f 26/1/1 2/2/1 1/3/1
f 26/1/1 3/4/1 2/2/1
f 26/1/1 4/5/1 3/4/1
f 26/1/1 5/6/1 4/5/1
f 26/1/1 6/7/1 5/6/1
f 25/8/1 6/7/1 26/1/1
f 25/8/1 7/9/1 6/7/1
f 24/10/1 7/9/1 25/8/1
f 24/10/1 8/11/1 7/9/1
f 23/12/1 8/11/1 24/10/1
f 23/12/1 9/13/1 8/11/1
f 22/14/1 9/13/1 23/12/1
f 22/14/1 10/15/1 9/13/1
f 21/16/1 10/15/1 22/14/1
f 21/16/1 11/17/1 10/15/1
f 20/18/1 11/17/1 21/16/1
f 20/18/1 12/19/1 11/17/1
f 19/20/1 12/19/1 20/18/1
f 19/20/1 13/21/1 12/19/1
f 18/22/1 13/21/1 19/20/1
f 17/23/1 13/21/1 18/22/1
f 17/23/1 16/24/1 13/21/1
f 16/24/1 15/25/1 13/21/1
f 15/25/1 14/26/1 13/21/1
f 75/27/1 77/28/1 76/29/1
f 75/27/1 78/30/1 77/28/1
f 74/7/1 78/30/1 75/27/1
f 74/7/1 79/31/1 78/30/1
f 74/7/1 80/32/1 79/31/1
f 74/7/1 81/33/1 80/32/1
f 74/7/1 82/34/1 81/33/1
f 73/35/1 82/34/1 74/7/1
f 73/35/1 83/36/1 82/34/1
f 73/35/1 84/37/1 83/36/1
f 73/35/1 85/38/1 84/37/1
f 72/39/1 85/38/1 73/35/1
f 72/39/1 86/40/1 85/38/1
f 72/39/1 87/41/1 86/40/1
f 72/39/1 88/42/1 87/41/1
f 72/39/1 89/43/1 88/42/1
f 71/44/1 89/43/1 72/39/1
f 71/44/1 90/45/1 89/43/1
f 70/46/1 90/45/1 71/44/1
f 39/47/1 41/48/1 40/49/1
f 69/50/1 90/45/1 70/46/1
f 68/51/1 90/45/1 69/50/1
f 39/47/1 42/52/1 41/48/1
f 38/53/1 42/52/1 39/47/1
f 67/54/1 90/45/1 68/51/1
f 38/53/1 43/55/1 42/52/1
f 66/56/1 90/45/1 67/54/1
f 65/57/1 90/45/1 66/56/1
f 38/53/1 44/58/1 43/55/1
f 101/59/1 103/60/1 102/61/1
f 100/62/1 103/60/1 101/59/1
f 99/63/1 103/60/1 100/62/1
f 98/64/1 103/60/1 99/63/1
f 98/64/1 104/65/1 103/60/1
f 97/66/1 104/65/1 98/64/1
f 96/67/1 104/65/1 97/66/1
f 95/68/1 104/65/1 96/67/1
f 37/69/1 44/58/1 38/53/1
f 94/70/1 104/65/1 95/68/1
f 94/70/1 105/71/1 104/65/1
f 93/72/1 105/71/1 94/70/1
f 92/73/1 105/71/1 93/72/1
f 65/57/1 91/74/1 90/45/1
f 91/74/1 105/71/1 92/73/1
f 65/57/1 105/71/1 91/74/1
f 65/57/1 106/75/1 105/71/1
f 64/76/1 63/77/1 65/57/1
f 63/77/1 106/75/1 65/57/1
f 62/78/1 106/75/1 63/77/1
f 62/78/1 107/79/1 106/75/1
f 61/80/1 107/79/1 62/78/1
f 60/81/1 107/79/1 61/80/1
f 59/82/1 107/79/1 60/81/1
f 58/83/1 107/79/1 59/82/1
f 57/84/1 107/79/1 58/83/1
f 56/85/1 107/79/1 57/84/1
f 55/86/1 107/79/1 56/85/1
f 249/87/1 251/88/1 250/89/1
f 54/90/1 107/79/1 55/86/1
f 53/91/1 107/79/1 54/90/1
f 262/1/1 107/79/1 53/91/1
f 261/92/1 107/79/1 262/1/1
f 260/93/1 107/79/1 261/92/1
f 249/87/1 252/94/1 251/88/1
f 259/95/1 107/79/1 260/93/1
f 258/96/1 107/79/1 259/95/1
f 249/87/1 253/97/1 252/94/1
f 257/98/1 107/79/1 258/96/1
f 249/87/1 254/99/1 253/97/1
f 256/100/1 107/79/1 257/98/1
f 249/87/1 255/101/1 254/99/1
f 255/101/1 107/79/1 256/100/1
f 249/87/1 107/79/1 255/101/1
f 249/87/1 108/102/1 107/79/1
f 36/103/1 44/58/1 37/69/1
f 36/103/1 45/104/1 44/58/1
f 249/87/1 109/105/1 108/102/1
f 35/106/1 45/104/1 36/103/1
f 249/87/1 248/107/1 109/105/1
f 248/107/1 247/108/1 109/105/1
f 247/108/1 246/109/1 109/105/1
f 246/109/1 245/110/1 109/105/1
f 245/110/1 110/111/1 109/105/1
f 35/106/1 46/112/1 45/104/1
f 245/110/2 244/113/2 110/111/2
f 244/113/1 243/114/1 110/111/1
f 243/114/1 242/115/1 110/111/1
f 242/115/1 241/116/1 110/111/1
f 241/116/1 237/117/1 110/111/1
f 237/117/1 236/118/1 110/111/1
f 236/118/1 210/119/1 110/111/1
f 210/119/1 211/120/1 110/111/1
f 211/120/1 209/121/1 110/111/1
f 209/121/1 208/122/1 110/111/1
f 208/122/1 207/123/1 110/111/1
f 207/123/1 206/124/1 110/111/1
f 206/124/1 205/125/1 110/111/1
f 205/125/1 111/126/1 110/111/1
f 34/127/1 46/112/1 35/106/1
f 34/127/1 47/128/1 46/112/1
f 205/125/1 204/129/1 111/126/1
f 204/129/1 203/130/1 111/126/1
f 203/130/1 202/131/1 111/126/1
f 202/131/1 201/132/1 111/126/1
f 201/132/1 200/133/1 111/126/1
f 200/133/1 199/134/1 111/126/1
f 199/134/1 198/135/1 111/126/1
f 198/135/1 112/136/1 111/126/1
f 197/137/1 112/136/1 198/135/1
f 196/138/1 112/136/1 197/137/1
f 33/139/1 47/128/1 34/127/1
f 195/140/1 112/136/1 196/138/1
f 211/120/1 210/119/1 209/121/1
f 210/119/1 212/141/1 211/120/1
f 236/118/1 212/141/1 210/119/1
f 194/142/1 112/136/1 195/140/1
f 193/143/1 112/136/1 194/142/1
f 193/143/1 113/144/1 112/136/1
f 192/145/1 113/144/1 193/143/1
f 33/139/1 48/146/1 47/128/1
f 235/147/1 212/141/1 236/118/1
f 191/148/1 113/144/1 192/145/1
f 234/149/1 212/141/1 235/147/1
f 234/149/1 213/150/1 212/141/1
f 190/151/1 113/144/1 191/148/1
f 241/116/3 238/152/3 237/117/3
f 241/116/4 240/153/4 238/152/4
f 240/153/5 239/154/5 238/152/5
f 32/155/1 48/146/1 33/139/1
f 189/156/1 113/144/1 190/151/1
f 189/156/1 114/157/1 113/144/1
f 188/158/1 114/157/1 189/156/1
f 32/155/1 49/159/1 48/146/1
f 233/160/1 213/150/1 234/149/1
f 187/161/1 114/157/1 188/158/1
f 31/162/1 49/159/1 32/155/1
f 233/160/1 214/163/1 213/150/1
f 187/161/1 115/164/1 114/157/1
f 31/162/1 50/165/1 49/159/1
f 186/166/1 115/164/1 187/161/1
f 30/167/1 50/165/1 31/162/1
f 232/168/1 214/163/1 233/160/1
f 186/166/1 116/169/1 115/164/1
f 232/168/1 215/16/1 214/163/1
f 185/170/1 116/169/1 186/166/1
f 30/167/1 51/171/1 50/165/1
f 29/172/1 51/171/1 30/167/1
f 185/170/1 117/173/1 116/169/1
f 184/174/1 117/173/1 185/170/1
f 29/172/1 52/175/1 51/171/1
f 231/176/1 215/16/1 232/168/1
f 231/176/1 216/177/1 215/16/1
f 28/178/1 52/175/1 29/172/1
f 183/179/1 117/173/1 184/174/1
f 183/179/1 118/180/1 117/173/1
f 28/178/1 27/3/1 52/175/1
f 230/181/1 216/177/1 231/176/1
f 182/182/1 118/180/1 183/179/1
f 230/181/1 217/183/1 216/177/1
f 182/182/1 119/184/1 118/180/1
f 181/185/1 119/184/1 182/182/1
f 229/186/1 217/183/1 230/181/1
f 181/185/1 120/187/1 119/184/1
f 180/188/1 120/187/1 181/185/1
f 229/186/1 218/189/1 217/183/1
f 180/188/1 121/17/1 120/187/1
f 179/190/1 121/17/1 180/188/1
f 228/191/1 218/189/1 229/186/1
f 228/191/1 219/192/1 218/189/1
f 178/193/1 121/17/1 179/190/1
f 178/193/1 122/194/1 121/17/1
f 227/195/1 219/192/1 228/191/1
f 177/196/1 122/194/1 178/193/1
f 177/196/1 123/197/1 122/194/1
f 176/198/1 123/197/1 177/196/1
f 227/195/1 220/199/1 219/192/1
f 226/200/1 220/199/1 227/195/1
f 175/201/1 123/197/1 176/198/1
f 175/201/1 124/202/1 123/197/1
f 174/203/1 124/202/1 175/201/1
f 173/204/1 124/202/1 174/203/1
f 150/205/1 152/206/1 151/207/1
f 173/204/1 125/208/1 124/202/1
f 226/200/1 221/209/1 220/199/1
f 172/210/1 125/208/1 173/204/1
f 171/211/1 125/208/1 172/210/1
f 150/205/1 153/212/1 152/206/1
f 225/213/1 221/209/1 226/200/1
f 150/205/1 154/214/1 153/212/1
f 170/215/1 125/208/1 171/211/1
f 150/205/1 155/216/1 154/214/1
f 169/217/1 125/208/1 170/215/1
f 150/205/1 156/218/1 155/216/1
f 168/24/1 125/208/1 169/217/1
f 150/205/1 157/219/1 156/218/1
f 150/205/1 158/220/1 157/219/1
f 167/221/1 125/208/1 168/24/1
f 150/205/1 159/222/1 158/220/1
f 166/223/1 125/208/1 167/221/1
f 150/205/1 160/224/1 159/222/1
f 165/225/1 125/208/1 166/223/1
f 150/205/1 161/226/1 160/224/1
f 164/227/1 125/208/1 165/225/1
f 150/205/1 162/228/1 161/226/1
f 163/229/1 125/208/1 164/227/1
f 150/205/1 163/229/1 162/228/1
f 150/205/1 125/208/1 163/229/1
f 150/205/1 126/230/1 125/208/1
f 224/231/1 221/209/1 225/213/1
f 224/231/1 222/232/1 221/209/1
f 150/205/1 127/233/1 126/230/1
f 150/205/1 128/234/1 127/233/1
f 150/205/1 129/235/1 128/234/1
f 224/231/1 223/236/1 222/232/1
f 150/205/1 130/237/1 129/235/1
f 150/205/1 131/238/1 130/237/1
f 150/205/1 132/239/1 131/238/1
f 150/205/1 133/240/1 132/239/1
f 149/241/1 133/240/1 150/205/1
f 148/242/1 133/240/1 149/241/1
f 148/242/1 134/243/1 133/240/1
f 147/244/1 134/243/1 148/242/1
f 146/245/1 134/243/1 147/244/1
f 145/246/1 134/243/1 146/245/1
f 145/246/1 135/247/1 134/243/1
f 144/248/1 135/247/1 145/246/1
f 143/249/1 135/247/1 144/248/1
f 143/249/1 136/250/1 135/247/1
f 142/251/1 136/250/1 143/249/1
f 141/252/1 136/250/1 142/251/1
f 141/252/1 137/253/1 136/250/1
f 140/254/1 137/253/1 141/252/1
f 139/255/1 137/253/1 140/254/1
f 139/255/1 138/256/1 137/253/1
f 284/257/1 273/258/1 285/259/1
f 273/258/1 286/260/1 285/259/1
f 273/258/1 272/261/1 286/260/1
f 272/261/1 277/262/1 286/260/1
f 277/262/1 276/263/1 286/260/1
f 276/263/1 287/264/1 286/260/1
f 304/265/1 306/266/1 305/267/1
f 304/265/1 307/268/1 306/266/1
f 284/257/1 274/269/1 273/258/1
f 271/270/1 277/262/1 272/261/1
f 271/270/1 278/271/1 277/262/1
f 275/272/1 287/264/1 276/263/1
f 303/273/6 307/268/6 304/265/6
f 302/274/1 308/275/1 303/273/1
f 308/275/1 307/268/1 303/273/1
f 302/274/1 309/276/1 308/275/1
f 284/257/1 265/277/1 274/269/1
f 265/277/1 271/270/1 274/269/1
f 265/277/1 278/271/1 271/270/1
f 265/277/1 275/272/1 278/271/1
f 265/277/1 264/278/1 275/272/1
f 264/278/1 269/279/1 275/272/1
f 269/279/1 268/280/1 275/272/1
f 268/280/1 287/264/1 275/272/1
f 284/257/1 266/281/1 265/277/1
f 263/3/1 269/279/1 264/278/1
f 263/3/1 270/282/1 269/279/1
f 267/283/1 287/264/1 268/280/1
f 300/284/1 302/274/1 301/285/1
f 300/284/1 309/276/1 302/274/1
f 300/284/1 310/286/1 309/276/1
f 300/284/1 311/287/1 310/286/1
f 284/257/1 263/3/1 266/281/1
f 284/257/1 270/282/1 263/3/1
f 284/257/1 267/283/1 270/282/1
f 284/257/1 287/264/1 267/283/1
f 299/288/1 311/287/1 300/284/1
f 340/1/1 312/289/1 299/288/1
f 312/289/1 311/287/1 299/288/1
f 340/1/1 313/290/1 312/289/1
f 283/291/1 287/264/1 284/257/1
f 282/292/1 288/293/1 283/291/1
f 288/293/1 287/264/1 283/291/1
f 282/292/1 289/294/1 288/293/1
f 280/295/1 282/292/1 281/296/1
f 280/295/1 289/294/1 282/292/1
f 280/295/1 290/297/1 289/294/1
f 280/295/1 291/298/1 290/297/1
f 313/290/1 280/295/1 314/299/1
f 280/295/1 315/300/1 314/299/1
f 340/1/1 339/301/1 313/290/1
f 339/301/1 280/295/1 313/290/1
f 338/302/1 280/295/1 339/301/1
f 337/303/1 280/295/1 338/302/1
f 336/304/1 280/295/1 337/303/1
f 335/305/1 280/295/1 336/304/1
f 334/306/1 280/295/1 335/305/1
f 333/307/1 280/295/1 334/306/1
f 333/307/1 315/300/1 280/295/1
f 315/300/1 279/308/1 280/295/1
f 315/300/1 298/309/1 279/308/1
f 332/310/1 315/300/1 333/307/1
f 331/311/1 315/300/1 332/310/1
f 330/312/1 315/300/1 331/311/1
f 329/313/1 315/300/1 330/312/1
f 328/314/1 315/300/1 329/313/1
f 327/315/1 316/316/1 328/314/1
f 316/316/1 315/300/1 328/314/1
f 327/315/1 317/317/1 316/316/1
f 327/315/1 318/318/1 317/317/1
f 327/315/1 319/319/1 318/318/1
f 327/315/1 320/320/1 319/319/1
f 327/315/1 321/321/1 320/320/1
f 327/315/2 322/322/2 321/321/2
f 327/315/1 323/323/1 322/322/1
f 327/315/1 324/324/1 323/323/1
f 327/315/1 325/325/1 324/324/1
f 327/315/3 326/326/3 325/325/3
f 508/327/1 484/328/1 509/329/1
f 507/330/1 484/328/1 508/327/1
f 507/330/1 485/331/1 484/328/1
f 506/332/1 485/331/1 507/330/1
f 506/332/1 486/333/1 485/331/1
f 505/334/1 486/333/1 506/332/1
f 505/334/1 487/335/1 486/333/1
f 504/336/1 487/335/1 505/334/1
f 504/336/1 488/337/1 487/335/1
f 503/338/1 488/337/1 504/336/1
f 503/338/1 489/339/1 488/337/1
f 502/340/1 489/339/1 503/338/1
f 502/340/1 490/341/1 489/339/1
f 501/342/1 490/341/1 502/340/1
f 501/342/1 491/343/1 490/341/1
f 500/344/1 491/343/1 501/342/1
f 500/344/1 492/345/1 491/343/1
f 499/346/1 492/345/1 500/344/1
f 499/346/1 493/347/1 492/345/1
f 498/348/1 493/347/1 499/346/1
f 498/348/1 494/349/1 493/347/1
f 497/350/1 494/349/1 498/348/1
f 497/350/1 495/351/1 494/349/1
f 496/352/1 495/351/1 497/350/1
f 534/353/1 510/354/1 535/1/1
f 533/355/1 510/354/1 534/353/1
f 533/355/1 511/356/1 510/354/1
f 533/355/1 512/357/1 511/356/1
f 532/358/1 512/357/1 533/355/1
f 532/358/1 513/359/1 512/357/1
f 531/360/1 513/359/1 532/358/1
f 531/360/1 514/361/1 513/359/1
f 530/362/1 514/361/1 531/360/1
f 530/362/1 515/363/1 514/361/1
f 529/364/1 515/363/1 530/362/1
f 529/364/1 516/365/1 515/363/1
f 528/366/1 516/365/1 529/364/1
f 528/366/1 517/367/1 516/365/1
f 527/368/1 517/367/1 528/366/1
f 527/368/1 518/369/1 517/367/1
f 526/370/1 518/369/1 527/368/1
f 526/370/1 519/371/1 518/369/1
f 525/372/1 519/371/1 526/370/1
f 525/372/1 520/373/1 519/371/1
f 524/374/1 520/373/1 525/372/1
f 524/374/1 521/375/1 520/373/1
f 523/376/1 521/375/1 524/374/1
f 522/377/1 521/375/1 523/376/1
f 432/378/1 434/379/1 433/380/1
f 432/378/1 435/381/1 434/379/1
f 431/382/1 435/381/1 432/378/1
f 430/383/1 435/381/1 431/382/1
f 430/383/1 436/384/1 435/381/1
f 430/383/1 437/385/1 436/384/1
f 430/383/1 438/386/1 437/385/1
f 429/387/1 438/386/1 430/383/1
f 429/387/1 439/388/1 438/386/1
f 429/387/1 440/389/1 439/388/1
f 429/387/1 441/390/1 440/389/1
f 428/391/1 441/390/1 429/387/1
f 428/391/1 442/392/1 441/390/1
f 445/393/1 447/394/1 446/395/1
f 445/393/1 448/396/1 447/394/1
f 428/391/1 443/397/1 442/392/1
f 428/391/1 444/398/1 443/397/1
f 427/399/1 444/398/1 428/391/1
f 427/399/1 445/393/1 444/398/1
f 427/399/1 448/396/1 445/393/1
f 426/400/1 448/396/1 427/399/1
f 425/401/1 448/396/1 426/400/1
f 424/402/1 448/396/1 425/401/1
f 423/403/1 463/404/1 424/402/1
f 463/404/1 448/396/1 424/402/1
f 423/403/1 398/405/1 463/404/1
f 398/405/1 460/406/1 463/404/1
f 462/407/1 448/396/1 463/404/1
f 461/408/1 466/409/1 462/407/1
f 466/409/1 448/396/1 462/407/1
f 461/408/1 467/410/1 466/409/1
f 465/411/1 448/396/1 466/409/1
f 464/412/1 470/413/1 465/411/1
f 470/413/1 448/396/1 465/411/1
f 464/412/1 471/414/1 470/413/1
f 469/415/1 448/396/1 470/413/1
f 468/416/1 449/417/1 469/415/1
f 449/417/1 448/396/1 469/415/1
f 468/416/1 450/418/1 449/417/1
f 422/419/1 398/405/1 423/403/1
f 421/420/1 398/405/1 422/419/1
f 421/420/1 399/421/1 398/405/1
f 397/422/1 460/406/1 398/405/1
f 421/420/1 400/423/1 399/421/1
f 421/420/1 401/424/1 400/423/1
f 420/425/1 401/424/1 421/420/1
f 420/425/1 402/426/1 401/424/1
f 420/425/1 403/427/1 402/426/1
f 396/428/1 460/406/1 397/422/1
f 419/429/1 403/427/1 420/425/1
f 419/429/1 404/430/1 403/427/1
f 418/431/1 404/430/1 419/429/1
f 417/432/1 404/430/1 418/431/1
f 417/432/1 405/433/1 404/430/1
f 416/434/1 405/433/1 417/432/1
f 415/435/1 405/433/1 416/434/1
f 415/435/1 406/436/1 405/433/1
f 414/437/1 406/436/1 415/435/1
f 413/438/1 406/436/1 414/437/1
f 413/438/1 407/439/1 406/436/1
f 412/440/1 407/439/1 413/438/1
f 412/440/1 408/441/1 407/439/1
f 411/442/1 408/441/1 412/440/1
f 410/443/1 408/441/1 411/442/1
f 410/443/1 409/444/1 408/441/1
f 394/445/1 396/428/1 395/446/1
f 394/445/1 460/406/1 396/428/1
f 394/445/1 461/408/1 460/406/1
f 394/445/1 467/410/1 461/408/1
f 394/445/1 464/412/1 467/410/1
f 394/445/1 471/414/1 464/412/1
f 394/445/1 468/416/1 471/414/1
f 394/445/1 450/418/1 468/416/1
f 394/445/1 451/447/1 450/418/1
f 394/445/1 452/448/1 451/447/1
f 393/449/1 452/448/1 394/445/1
f 459/450/1 475/451/1 393/449/1
f 475/451/1 452/448/1 393/449/1
f 459/450/1 472/452/1 475/451/1
f 474/453/1 452/448/1 475/451/1
f 473/454/1 478/455/1 474/453/1
f 478/455/1 452/448/1 474/453/1
f 473/454/1 479/456/1 478/455/1
f 477/457/1 452/448/1 478/455/1
f 476/458/1 482/459/1 477/457/1
f 482/459/1 452/448/1 477/457/1
f 476/458/1 483/460/1 482/459/1
f 481/461/1 452/448/1 482/459/1
f 480/462/1 453/463/1 481/461/1
f 453/463/1 452/448/1 481/461/1
f 480/462/1 454/464/1 453/463/1
f 457/465/1 459/450/1 458/466/1
f 457/465/1 472/452/1 459/450/1
f 457/465/1 473/454/1 472/452/1
f 457/465/1 479/456/1 473/454/1
f 457/465/1 476/458/1 479/456/1
f 457/465/1 483/460/1 476/458/1
f 457/465/1 480/462/1 483/460/1
f 457/465/1 454/464/1 480/462/1
f 457/465/1 455/467/1 454/464/1
f 457/465/1 391/468/1 455/467/1
f 391/468/1 366/469/1 455/467/1
f 366/469/1 456/470/1 455/467/1
f 391/468/1 365/471/1 366/469/1
f 341/3/1 456/470/1 366/469/1
f 457/465/1 390/472/1 391/468/1
f 392/473/1 365/471/1 391/468/1
f 390/472/1 392/473/1 457/465/1
f 392/473/1 456/470/1 457/465/1
f 392/473/1 341/3/1 456/470/1
f 392/473/1 342/474/1 341/3/1
f 390/472/1 367/475/1 392/473/1
f 342/474/1 365/471/1 392/473/1
f 364/476/1 342/474/1 365/471/1
f 389/477/1 367/475/1 390/472/1
f 364/476/1 343/478/1 342/474/1
f 388/479/1 367/475/1 389/477/1
f 364/476/1 344/480/1 343/478/1
f 387/481/1 367/475/1 388/479/1
f 387/481/1 368/482/1 367/475/1
f 363/483/1 344/480/1 364/476/1
f 363/483/1 345/484/1 344/480/1
f 386/485/1 368/482/1 387/481/1
f 386/485/1 369/486/1 368/482/1
f 362/487/1 345/484/1 363/483/1
f 362/487/1 346/488/1 345/484/1
f 385/489/1 369/486/1 386/485/1
f 361/490/1 346/488/1 362/487/1
f 385/489/1 370/491/1 369/486/1
f 361/490/1 347/492/1 346/488/1
f 384/493/1 370/491/1 385/489/1
f 360/494/1 347/492/1 361/490/1
f 384/493/1 371/495/1 370/491/1
f 360/494/1 348/496/1 347/492/1
f 383/497/1 371/495/1 384/493/1
f 359/498/1 348/496/1 360/494/1
f 359/498/1 349/499/1 348/496/1
f 383/497/1 372/500/1 371/495/1
f 382/501/1 372/500/1 383/497/1
f 358/502/1 349/499/1 359/498/1
f 358/502/1 350/503/1 349/499/1
f 381/504/1 372/500/1 382/501/1
f 381/504/1 373/505/1 372/500/1
f 380/506/1 373/505/1 381/504/1
f 357/507/1 350/503/1 358/502/1
f 357/507/1 351/508/1 350/503/1
f 380/506/1 374/509/1 373/505/1
f 379/510/1 374/509/1 380/506/1
f 357/507/1 352/511/1 351/508/1
f 356/512/1 352/511/1 357/507/1
f 379/510/1 375/513/1 374/509/1
f 355/514/1 352/511/1 356/512/1
f 379/510/1 376/515/1 375/513/1
f 378/516/1 376/515/1 379/510/1
f 354/517/1 352/511/1 355/514/1
f 354/517/1 353/518/1 352/511/1
f 378/516/1 377/519/1 376/515/1
f 561/520/1 537/521/1 536/3/1
f 561/520/1 538/522/1 537/521/1
f 561/520/1 539/523/1 538/522/1
f 561/520/1 540/524/1 539/523/1
f 561/520/1 541/525/1 540/524/1
f 561/520/1 542/526/1 541/525/1
f 561/520/1 543/527/1 542/526/1
f 561/520/1 544/528/1 543/527/1
f 560/529/1 544/528/1 561/520/1
f 560/529/1 545/530/1 544/528/1
f 597/531/1 599/532/1 598/533/1
f 560/529/1 546/534/1 545/530/1
f 560/529/1 547/535/1 546/534/1
f 559/536/1 547/535/1 560/529/1
f 597/531/1 600/259/1 599/532/1
f 559/536/1 548/537/1 547/535/1
f 558/538/1 548/537/1 559/536/1
f 597/531/1 601/539/1 600/259/1
f 597/531/1 602/540/1 601/539/1
f 557/541/1 548/537/1 558/538/1
f 597/531/1 603/542/1 602/540/1
f 597/531/1 604/543/1 603/542/1
f 556/544/1 548/537/1 557/541/1
f 597/531/1 605/545/1 604/543/1
f 597/531/1 606/546/1 605/545/1
f 555/547/1 548/537/1 556/544/1
f 555/547/1 620/548/1 548/537/1
f 620/548/1 549/549/1 548/537/1
f 596/550/1 606/546/1 597/531/1
f 596/550/1 607/551/1 606/546/1
f 596/550/1 608/552/1 607/551/1
f 554/553/1 620/548/1 555/547/1
f 596/550/1 609/554/1 608/552/1
f 622/555/1 624/556/1 623/557/1
f 621/558/1 624/556/1 622/555/1
f 596/550/1 610/559/1 609/554/1
f 621/558/1 625/560/1 624/556/1
f 620/548/1 625/560/1 621/558/1
f 596/550/1 611/561/1 610/559/1
f 553/562/1 620/548/1 554/553/1
f 620/548/1 626/563/1 625/560/1
f 553/562/1 619/564/1 620/548/1
f 549/549/1 626/563/1 620/548/1
f 552/565/1 619/564/1 553/562/1
f 552/565/1 618/566/1 619/564/1
f 549/549/1 627/567/1 626/563/1
f 595/568/1 611/561/1 596/550/1
f 552/565/1 617/569/1 618/566/1
f 551/570/1 617/569/1 552/565/1
f 594/571/1 611/561/1 595/568/1
f 549/549/1 628/572/1 627/567/1
f 593/573/1 611/561/1 594/571/1
f 551/570/1 616/574/1 617/569/1
f 616/574/1 550/575/1 551/570/1
f 592/576/1 611/561/1 593/573/1
f 591/577/1 611/561/1 592/576/1
f 616/574/1 549/549/1 550/575/1
f 615/578/1 549/549/1 616/574/1
f 549/549/1 629/579/1 628/572/1
f 590/580/1 611/561/1 591/577/1
f 589/581/1 611/561/1 590/580/1
f 614/582/1 549/549/1 615/578/1
f 588/583/1 611/561/1 589/581/1
f 587/584/1 611/561/1 588/583/1
f 549/549/1 630/585/1 629/579/1
f 613/586/1 549/549/1 614/582/1
f 586/587/1 611/561/1 587/584/1
f 613/586/1 630/585/1 549/549/1
f 585/588/1 611/561/1 586/587/1
f 584/589/1 611/561/1 585/588/1
f 612/590/1 630/585/1 613/586/1
f 583/591/1 611/561/1 584/589/1
f 612/590/1 631/592/1 630/585/1
f 582/593/1 611/561/1 583/591/1
f 611/561/1 631/592/1 612/590/1
f 582/593/1 631/592/1 611/561/1
f 581/594/1 631/592/1 582/593/1
f 580/595/1 631/592/1 581/594/1
f 580/595/1 632/596/1 631/592/1
f 579/597/1 632/596/1 580/595/1
f 578/598/1 632/596/1 579/597/1
f 577/599/1 696/318/1 578/598/1
f 696/318/1 632/596/1 578/598/1
f 577/599/1 697/600/1 696/318/1
f 695/601/1 632/596/1 696/318/1
f 695/601/1 633/602/1 632/596/1
f 577/599/1 698/603/1 697/600/1
f 694/604/1 633/602/1 695/601/1
f 577/599/1 699/605/1 698/603/1
f 693/606/1 633/602/1 694/604/1
f 576/607/1 572/608/1 577/599/1
f 572/608/1 699/605/1 577/599/1
f 572/608/1 700/609/1 699/605/1
f 692/610/1 633/602/1 693/606/1
f 576/607/1 571/611/1 572/608/1
f 573/612/1 700/609/1 572/608/1
f 573/612/1 701/613/1 700/609/1
f 575/614/1 573/612/1 576/607/1
f 573/612/1 571/611/1 576/607/1
f 691/615/1 633/602/1 692/610/1
f 570/616/1 573/612/1 571/611/1
f 570/616/1 575/614/1 573/612/1
f 575/614/1 574/617/1 573/612/1
f 690/618/1 633/602/1 691/615/1
f 690/618/1 634/619/1 633/602/1
f 689/620/1 634/619/1 690/618/1
f 688/621/1 634/619/1 689/620/1
f 687/622/1 634/619/1 688/621/1
f 686/623/1 634/619/1 687/622/1
f 686/623/1 635/624/1 634/619/1
f 685/625/1 635/624/1 686/623/1
f 684/626/1 635/624/1 685/625/1
f 684/626/1 636/627/1 635/624/1
f 683/628/1 636/627/1 684/626/1
f 682/629/1 636/627/1 683/628/1
f 681/630/1 636/627/1 682/629/1
f 681/630/1 637/631/1 636/627/1
f 680/632/1 637/631/1 681/630/1
f 679/633/1 637/631/1 680/632/1
f 659/634/1 661/635/1 660/636/1
f 678/637/1 637/631/1 679/633/1
f 735/638/1 737/639/1 736/640/1
f 737/639/1 734/641/1 735/638/1
f 678/637/1 638/642/1 637/631/1
f 677/643/1 638/642/1 678/637/1
f 738/644/1 734/641/1 737/639/1
f 659/634/1 662/645/1 661/635/1
f 659/634/1 663/646/1 662/645/1
f 676/647/1 638/642/1 677/643/1
f 739/648/1 734/641/1 738/644/1
f 659/634/1 664/268/1 663/646/1
f 659/634/1 665/649/1 664/268/1
f 675/650/1 638/642/1 676/647/1
f 659/634/1 666/651/1 665/649/1
f 740/652/1 734/641/1 739/648/1
f 659/634/1 667/653/1 666/651/1
f 674/654/1 638/642/1 675/650/1
f 659/634/1 668/655/1 667/653/1
f 659/634/1 669/656/1 668/655/1
f 673/657/1 638/642/1 674/654/1
f 673/657/1 639/658/1 638/642/1
f 659/634/1 670/659/1 669/656/1
f 741/660/1 734/641/1 740/652/1
f 672/661/1 639/658/1 673/657/1
f 659/634/1 671/662/1 670/659/1
f 659/634/1 672/661/1 671/662/1
f 659/634/1 639/658/1 672/661/1
f 742/663/1 734/641/1 741/660/1
f 743/664/1 734/641/1 742/663/1
f 744/665/1 734/641/1 743/664/1
f 659/634/1 640/666/1 639/658/1
f 744/665/1 733/667/1 734/641/1
f 745/668/1 733/667/1 744/665/1
f 746/669/1 733/667/1 745/668/1
f 659/634/1 641/670/1 640/666/1
f 659/634/1 642/671/1 641/670/1
f 659/634/1 643/672/1 642/671/1
f 658/673/1 643/672/1 659/634/1
f 658/673/1 644/674/1 643/672/1
f 657/675/1 644/674/1 658/673/1
f 656/676/1 644/674/1 657/675/1
f 655/677/1 644/674/1 656/676/1
f 654/678/1 644/674/1 655/677/1
f 654/678/1 645/679/1 644/674/1
f 653/680/1 645/679/1 654/678/1
f 652/681/1 645/679/1 653/680/1
f 651/682/1 645/679/1 652/681/1
f 651/682/1 646/683/1 645/679/1
f 650/684/1 646/683/1 651/682/1
f 649/685/1 646/683/1 650/684/1
f 649/685/1 647/686/1 646/683/1
f 648/386/1 647/686/1 649/685/1
f 896/687/1 898/688/1 897/689/1
f 896/687/1 899/690/1 898/688/1
f 799/691/1 801/692/1 800/693/1
f 895/694/1 899/690/1 896/687/1
f 895/694/1 900/695/1 899/690/1
f 894/696/1 900/695/1 895/694/1
f 894/696/1 901/697/1 900/695/1
f 893/698/1 901/697/1 894/696/1
f 799/691/1 802/699/1 801/692/1
f 893/698/1 902/700/1 901/697/1
f 892/701/1 902/700/1 893/698/1
f 892/701/1 903/702/1 902/700/1
f 799/691/1 803/703/1 802/699/1
f 891/704/1 903/702/1 892/701/1
f 891/704/1 904/705/1 903/702/1
f 798/706/1 803/703/1 799/691/1
f 890/707/1 904/705/1 891/704/1
f 798/706/1 804/708/1 803/703/1
f 890/707/1 905/709/1 904/705/1
f 773/710/1 775/711/1 774/712/1
f 889/713/1 905/709/1 890/707/1
f 889/713/1 906/714/1 905/709/1
f 798/706/1 805/715/1 804/708/1
f 888/716/1 906/714/1 889/713/1
f 888/716/1 907/717/1 906/714/1
f 887/718/1 907/717/1 888/716/1
f 887/718/1 908/719/1 907/717/1
f 798/706/1 806/720/1 805/715/1
f 773/710/1 776/721/1 775/711/1
f 797/722/1 806/720/1 798/706/1
f 886/723/1 908/719/1 887/718/1
f 886/723/1 909/724/1 908/719/1
f 773/710/1 777/725/1 776/721/1
f 885/726/1 909/724/1 886/723/1
f 797/722/1 807/727/1 806/720/1
f 796/728/1 807/727/1 797/722/1
f 885/726/1 910/1/1 909/724/1
f 772/729/1 777/725/1 773/710/1
f 884/730/1 910/1/1 885/726/1
f 884/730/1 813/731/1 910/1/1
f 772/729/1 778/732/1 777/725/1
f 795/733/1 807/727/1 796/728/1
f 795/733/1 808/734/1 807/727/1
f 772/729/1 779/735/1 778/732/1
f 794/736/1 808/734/1 795/733/1
f 794/736/1 809/737/1 808/734/1
f 883/738/1 813/731/1 884/730/1
f 771/739/1 779/735/1 772/729/1
f 771/739/1 780/740/1 779/735/1
f 793/741/1 809/737/1 794/736/1
f 883/738/1 814/742/1 813/731/1
f 793/741/1 810/743/1 809/737/1
f 770/744/1 780/740/1 771/739/1
f 792/745/1 810/743/1 793/741/1
f 770/744/1 781/746/1 780/740/1
f 792/745/1 811/747/1 810/743/1
f 769/748/1 781/746/1 770/744/1
f 791/749/1 811/747/1 792/745/1
f 769/748/1 782/750/1 781/746/1
f 882/751/1 814/742/1 883/738/1
f 791/749/1 812/752/1 811/747/1
f 882/751/1 815/753/1 814/742/1
f 768/754/1 782/750/1 769/748/1
f 790/755/1 812/752/1 791/749/1
f 768/754/1 783/756/1 782/750/1
f 767/757/1 783/756/1 768/754/1
f 789/758/1 812/752/1 790/755/1
f 767/757/1 784/759/1 783/756/1
f 766/760/1 784/759/1 767/757/1
f 789/758/1 788/761/1 812/752/1
f 788/761/1 787/762/1 812/752/1
f 881/763/1 815/753/1 882/751/1
f 766/760/1 785/764/1 784/759/1
f 881/763/1 816/765/1 815/753/1
f 765/766/1 785/764/1 766/760/1
f 765/766/1 786/767/1 785/764/1
f 764/768/1 786/767/1 765/766/1
f 763/769/1 786/767/1 764/768/1
f 880/770/1 816/765/1 881/763/1
f 880/770/1 817/771/1 816/765/1
f 762/772/1 786/767/1 763/769/1
f 762/772/1 761/3/1 786/767/1
f 879/773/1 817/771/1 880/770/1
f 879/773/1 818/774/1 817/771/1
f 879/773/1 819/775/1 818/774/1
f 878/776/1 819/775/1 879/773/1
f 878/776/1 820/777/1 819/775/1
f 877/778/1 820/777/1 878/776/1
f 877/778/1 821/779/1 820/777/1
f 876/780/1 821/779/1 877/778/1
f 876/780/1 822/781/1 821/779/1
f 875/782/1 822/781/1 876/780/1
f 847/783/1 849/784/1 848/785/1
f 875/782/1 823/786/1 822/781/1
f 874/787/1 823/786/1 875/782/1
f 846/788/1 849/784/1 847/783/1
f 874/787/1 824/789/1 823/786/1
f 873/790/1 824/789/1 874/787/1
f 845/791/1 849/784/1 846/788/1
f 873/790/1 825/792/1 824/789/1
f 844/793/1 849/784/1 845/791/1
f 872/794/1 825/792/1 873/790/1
f 844/793/1 850/795/1 849/784/1
f 872/794/1 826/796/1 825/792/1
f 843/797/1 850/795/1 844/793/1
f 872/794/1 827/798/1 826/796/1
f 842/799/1 850/795/1 843/797/1
f 842/799/1 851/800/1 850/795/1
f 871/801/1 827/798/1 872/794/1
f 871/801/1 828/802/1 827/798/1
f 841/803/1 851/800/1 842/799/1
f 841/803/1 852/804/1 851/800/1
f 871/801/1 829/805/1 828/802/1
f 840/806/1 852/804/1 841/803/1
f 870/807/1 829/805/1 871/801/1
f 870/807/1 830/808/1 829/805/1
f 839/809/1 852/804/1 840/806/1
f 870/807/1 831/810/1 830/808/1
f 839/809/1 853/811/1 852/804/1
f 870/807/1 832/812/1 831/810/1
f 838/813/1 853/811/1 839/809/1
f 870/807/1 833/814/1 832/812/1
f 837/815/1 853/811/1 838/813/1
f 870/807/1 834/816/1 833/814/1
f 869/817/1 834/816/1 870/807/1
f 869/817/1 835/818/1 834/816/1
f 836/819/1 853/811/1 837/815/1
f 869/817/1 836/819/1 835/818/1
f 836/819/1 854/820/1 853/811/1
f 869/817/1 854/820/1 836/819/1
f 868/821/1 854/820/1 869/817/1
f 868/821/1 855/822/1 854/820/1
f 868/821/1 856/823/1 855/822/1
f 867/824/1 856/823/1 868/821/1
f 867/824/1 857/825/1 856/823/1
f 866/826/1 857/825/1 867/824/1
f 866/826/1 858/827/1 857/825/1
f 865/828/1 858/827/1 866/826/1
f 864/829/1 858/827/1 865/828/1
f 864/829/1 859/830/1 858/827/1
f 863/831/1 859/830/1 864/829/1
f 863/831/1 860/832/1 859/830/1
f 862/833/1 860/832/1 863/831/1
f 862/833/1 861/834/1 860/832/1
f 984/835/1 986/836/1 985/837/1
f 983/838/1 986/836/1 984/835/1
f 983/838/1 987/839/1 986/836/1
f 982/840/1 987/839/1 983/838/1
f 981/841/1 987/839/1 982/840/1
f 981/841/1 988/842/1 987/839/1
f 980/843/1 988/842/1 981/841/1
f 979/844/1 988/842/1 980/843/1
f 979/844/1 989/845/1 988/842/1
f 978/846/1 989/845/1 979/844/1
f 977/847/1 989/845/1 978/846/1
f 977/847/1 990/848/1 989/845/1
f 976/849/1 990/848/1 977/847/1
f 975/850/1 990/848/1 976/849/1
f 974/851/1 990/848/1 975/850/1
f 974/851/1 991/852/1 990/848/1
f 973/853/1 991/852/1 974/851/1
f 972/854/1 991/852/1 973/853/1
f 971/855/1 991/852/1 972/854/1
f 970/856/1 991/852/1 971/855/1
f 969/857/1 991/852/1 970/856/1
f 968/858/1 991/852/1 969/857/1
f 967/859/1 991/852/1 968/858/1
f 966/860/1 991/852/1 967/859/1
f 965/861/1 991/852/1 966/860/1
f 964/862/1 991/852/1 965/861/1
f 963/863/1 991/852/1 964/862/1
f 962/864/1 991/852/1 963/863/1
f 961/865/1 991/852/1 962/864/1
f 961/865/1 992/866/1 991/852/1
f 960/867/1 959/868/1 961/865/1
f 959/868/1 958/869/1 961/865/1
f 958/869/1 957/870/1 961/865/1
f 957/870/1 956/871/1 961/865/1
f 956/871/1 955/872/1 961/865/1
f 955/872/1 954/873/1 961/865/1
f 954/873/1 953/874/1 961/865/1
f 953/874/1 952/875/1 961/865/1
f 952/875/1 951/876/1 961/865/1
f 951/876/1 950/877/1 961/865/1
f 950/877/1 949/878/1 961/865/1
f 949/878/1 948/879/1 961/865/1
f 948/879/1 946/880/1 961/865/1
f 946/880/1 945/881/1 961/865/1
f 945/881/1 944/882/1 961/865/1
f 944/882/1 943/883/1 961/865/1
f 943/883/1 942/884/1 961/865/1
f 942/884/1 941/885/1 961/865/1
f 941/885/1 940/886/1 961/865/1
f 940/886/1 939/887/1 961/865/1
f 939/887/1 992/866/1 961/865/1
f 939/887/1 938/888/1 992/866/1
f 938/888/1 937/889/1 992/866/1
f 937/889/1 993/890/1 992/866/1
f 937/889/1 1034/1/1 993/890/1
f 1034/1/1 1033/891/1 993/890/1
f 1033/891/1 994/892/1 993/890/1
f 1032/893/1 994/892/1 1033/891/1
f 1031/894/1 994/892/1 1032/893/1
f 1030/895/1 994/892/1 1031/894/1
f 1029/896/1 994/892/1 1030/895/1
f 1029/896/1 995/897/1 994/892/1
f 1028/898/1 995/897/1 1029/896/1
f 1027/899/1 995/897/1 1028/898/1
f 948/879/1 947/900/1 946/880/1
f 1026/901/1 995/897/1 1027/899/1
f 1026/901/1 996/902/1 995/897/1
f 1025/903/1 996/902/1 1026/901/1
f 1024/904/1 996/902/1 1025/903/1
f 1024/904/1 997/905/1 996/902/1
f 1023/906/1 997/905/1 1024/904/1
f 1022/907/1 997/905/1 1023/906/1
f 1021/908/1 997/905/1 1022/907/1
f 1021/908/1 998/909/1 997/905/1
f 1020/910/1 998/909/1 1021/908/1
f 1020/910/1 999/911/1 998/909/1
f 1019/912/1 999/911/1 1020/910/1
f 1018/913/1 999/911/1 1019/912/1
f 1018/913/1 1000/914/1 999/911/1
f 1017/915/1 1000/914/1 1018/913/1
f 1017/915/1 1001/916/1 1000/914/1
f 1016/917/1 1001/916/1 1017/915/1
f 1015/918/1 1001/916/1 1016/917/1
f 1015/918/1 1002/919/1 1001/916/1
f 1014/920/1 1002/919/1 1015/918/1
f 1013/921/1 1002/919/1 1014/920/1
f 1013/921/1 1003/922/1 1002/919/1
f 1012/923/1 1003/922/1 1013/921/1
f 1011/924/1 1003/922/1 1012/923/1
f 1010/925/1 1003/922/1 1011/924/1
f 1010/925/1 1004/926/1 1003/922/1
f 1009/927/1 1004/926/1 1010/925/1
f 1009/927/1 1005/928/1 1004/926/1
f 1009/927/1 1006/929/1 1005/928/1
f 1009/927/1 1007/930/1 1006/929/1
f 1009/927/1 1008/931/1 1007/930/1
f 923/932/1 925/933/1 924/934/1
f 923/932/1 926/935/1 925/933/1
f 923/932/1 927/936/1 926/935/1
f 923/932/1 928/937/1 927/936/1
f 923/932/1 929/938/1 928/937/1
f 923/932/1 930/939/1 929/938/1
f 923/932/1 931/940/1 930/939/1
f 923/932/1 932/941/1 931/940/1
f 923/932/1 933/942/1 932/941/1
f 923/932/1 934/943/1 933/942/1
f 923/932/1 935/944/1 934/943/1
f 923/932/1 936/945/1 935/944/1
f 923/932/1 911/3/1 936/945/1
f 922/946/1 911/3/1 923/932/1
f 921/947/1 911/3/1 922/946/1
f 920/948/1 911/3/1 921/947/1
f 919/949/1 911/3/1 920/948/1
f 918/950/1 911/3/1 919/949/1
f 917/951/1 911/3/1 918/950/1
f 916/952/1 911/3/1 917/951/1
f 915/953/1 911/3/1 916/952/1
f 914/954/1 911/3/1 915/953/1
f 913/955/1 911/3/1 914/954/1
f 912/956/1 911/3/1 913/955/1
f 1231/957/1 1233/958/1 1232/959/1
f 1231/957/1 1234/960/1 1233/958/1
f 1231/957/1 1235/961/1 1234/960/1
f 1230/665/1 1235/961/1 1231/957/1
f 1229/962/1 1235/961/1 1230/665/1
f 1229/962/1 1236/963/1 1235/961/1
f 1228/964/1 1236/963/1 1229/962/1
f 1228/964/1 1237/965/1 1236/963/1
f 1227/966/1 1237/965/1 1228/964/1
f 1227/966/1 1238/967/1 1237/965/1
f 1226/968/1 1238/967/1 1227/966/1
f 1226/968/1 1239/969/1 1238/967/1
f 1225/970/1 1239/969/1 1226/968/1
f 1225/970/1 1240/971/1 1239/969/1
f 1224/972/1 1240/971/1 1225/970/1
f 1224/972/1 1241/973/1 1240/971/1
f 1223/974/1 1241/973/1 1224/972/1
f 1223/974/1 1242/975/1 1241/973/1
f 1222/976/1 1242/975/1 1223/974/1
f 1222/976/1 1243/977/1 1242/975/1
f 1221/978/1 1243/977/1 1222/976/1
f 1221/978/1 1244/979/1 1243/977/1
f 1220/980/1 1244/979/1 1221/978/1
f 1220/980/1 1245/1/1 1244/979/1
f 1219/981/1 1245/1/1 1220/980/1
f 1219/981/1 1084/982/1 1245/1/1
f 1218/983/1 1084/982/1 1219/981/1
f 1217/984/1 1084/982/1 1218/983/1
f 1216/985/1 1084/982/1 1217/984/1
f 1215/313/1 1084/982/1 1216/985/1
f 1095/259/1 1097/986/1 1096/987/1
f 1094/988/1 1097/986/1 1095/259/1
f 1093/989/1 1097/986/1 1094/988/1
f 1092/990/1 1097/986/1 1093/989/1
f 1214/991/1 1085/992/1 1215/313/1
f 1085/992/1 1084/982/1 1215/313/1
f 1091/993/1 1097/986/1 1092/990/1
f 1090/994/1 1097/986/1 1091/993/1
f 1089/995/1 1097/986/1 1090/994/1
f 1088/996/1 1097/986/1 1089/995/1
f 1087/997/1 1097/986/1 1088/996/1
f 1086/998/1 1097/986/1 1087/997/1
f 1085/992/1 1097/986/1 1086/998/1
f 1214/991/1 1097/986/1 1085/992/1
f 1213/999/1 1097/986/1 1214/991/1
f 1212/1000/1 1097/986/1 1213/999/1
f 1211/1001/1 1097/986/1 1212/1000/1
f 1210/1002/1 1097/986/1 1211/1001/1
f 1209/1003/1 1097/986/1 1210/1002/1
f 1208/1004/1 1097/986/1 1209/1003/1
f 1208/1004/1 1098/1005/1 1097/986/1
f 1208/1004/1 1110/574/1 1098/1005/1
f 1110/574/1 1099/1006/1 1098/1005/1
f 1208/1004/1 1109/1007/1 1110/574/1
f 1111/1008/1 1107/1009/1 1110/574/1
f 1107/1009/1 1099/1006/1 1110/574/1
f 1207/1010/1 1108/1011/1 1208/1004/1
f 1108/1011/1 1109/1007/1 1208/1004/1
f 1107/1009/1 1100/1012/1 1099/1006/1
f 1107/1009/1 1101/1013/1 1100/1012/1
f 1107/1009/1 1102/1014/1 1101/1013/1
f 1107/1009/1 1103/1015/1 1102/1014/1
f 1107/1009/1 1104/1016/1 1103/1015/1
f 1107/1009/1 1105/875/1 1104/1016/1
f 1107/1009/1 1106/1017/1 1105/875/1
f 1108/1011/1 1111/1008/1 1107/1009/1
f 1207/1010/1 1111/1008/1 1108/1011/1
f 1206/1018/1 1111/1008/1 1207/1010/1
f 1206/1018/1 1112/1019/1 1111/1008/1
f 1205/1020/1 1112/1019/1 1206/1018/1
f 1205/1020/1 1113/1021/1 1112/1019/1
f 1204/1022/1 1113/1021/1 1205/1020/1
f 1204/1022/1 1114/1023/1 1113/1021/1
f 1203/16/1 1114/1023/1 1204/1022/1
f 1203/16/1 1115/1024/1 1114/1023/1
f 1202/1025/1 1115/1024/1 1203/16/1
f 1202/1025/1 1116/1026/1 1115/1024/1
f 1201/1027/1 1116/1026/1 1202/1025/1
f 1201/1027/1 1117/1028/1 1116/1026/1
f 1200/1029/1 1117/1028/1 1201/1027/1
f 1200/1029/1 1118/1030/1 1117/1028/1
f 1199/1031/1 1118/1030/1 1200/1029/1
f 1199/1031/1 1119/17/1 1118/1030/1
f 1198/1032/1 1119/17/1 1199/1031/1
f 1198/1032/1 1120/1033/1 1119/17/1
f 1197/1034/1 1193/1035/1 1198/1032/1
f 1193/1035/1 1120/1033/1 1198/1032/1
f 1193/1035/1 1194/1036/1 1120/1033/1
f 1194/1036/1 1195/1037/1 1120/1033/1
f 1195/1037/1 1121/1038/1 1120/1033/1
f 1183/1039/1 1185/318/1 1184/1040/1
f 1183/1039/1 1186/1041/1 1185/318/1
f 1183/1039/1 1187/1042/1 1186/1041/1
f 1183/1039/1 1188/1043/1 1187/1042/1
f 1183/1039/1 1189/1044/1 1188/1043/1
f 1183/1039/1 1190/1045/1 1189/1044/1
f 1183/1039/1 1191/1046/1 1190/1045/1
f 1182/1047/1 1191/1046/1 1183/1039/1
f 1182/1047/1 1192/1048/1 1191/1046/1
f 1197/1034/1 1193/1035/1 1196/1049/1
f 1193/1035/1 1195/1037/1 1196/1049/1
f 1182/1047/1 1193/1035/1 1192/1048/1
f 1182/1047/1 1195/1037/1 1193/1035/1
f 1182/1047/1 1121/1038/1 1195/1037/1
f 1181/1050/1 1121/1038/1 1182/1047/1
f 1180/1051/1 1121/1038/1 1181/1050/1
f 1180/1051/1 1122/1052/1 1121/1038/1
f 1179/1053/1 1122/1052/1 1180/1051/1
f 1179/1053/1 1123/1054/1 1122/1052/1
f 1179/1053/1 1124/1055/1 1123/1054/1
f 1178/1056/1 1124/1055/1 1179/1053/1
f 1178/1056/1 1125/596/1 1124/1055/1
f 1177/1057/1 1125/596/1 1178/1056/1
f 1177/1057/1 1126/1058/1 1125/596/1
f 1176/1059/1 1126/1058/1 1177/1057/1
f 1176/1059/1 1127/1060/1 1126/1058/1
f 1176/1059/1 1128/1061/1 1127/1060/1
f 1175/890/1 1128/1061/1 1176/1059/1
f 1175/890/1 1129/1062/1 1128/1061/1
f 1174/1063/1 1035/3/1 1175/890/1
f 1035/3/1 1083/1064/1 1175/890/1
f 1083/1064/1 1129/1062/1 1175/890/1
f 1082/1065/1 1129/1062/1 1083/1064/1
f 1081/1066/1 1129/1062/1 1082/1065/1
f 1080/589/1 1129/1062/1 1081/1066/1
f 1079/1067/1 1129/1062/1 1080/589/1
f 1174/1063/1 1036/1068/1 1035/3/1
f 1079/1067/1 1130/1069/1 1129/1062/1
f 1078/1070/1 1130/1069/1 1079/1067/1
f 1077/7/1 1130/1069/1 1078/1070/1
f 1076/1071/1 1130/1069/1 1077/7/1
f 1174/1063/1 1037/1072/1 1036/1068/1
f 1075/1073/1 1130/1069/1 1076/1071/1
f 1074/1074/1 1130/1069/1 1075/1073/1
f 1073/1075/1 1071/1076/1 1074/1074/1
f 1071/1076/1 1130/1069/1 1074/1074/1
f 1070/1077/1 1073/1075/1 1071/1076/1
f 1073/1075/1 1072/1078/1 1071/1076/1
f 1174/1063/1 1038/1079/1 1037/1072/1
f 1174/1063/1 1039/1080/1 1038/1079/1
f 1174/1063/1 1040/1081/1 1039/1080/1
f 1173/1082/1 1040/1081/1 1174/1063/1
f 1173/1082/1 1041/1083/1 1040/1081/1
f 1173/1082/1 1042/1084/1 1041/1083/1
f 1173/1082/1 1043/1085/1 1042/1084/1
f 1145/1086/1 1147/1087/1 1146/1088/1
f 1148/1089/1 1145/1086/1 1147/1087/1
f 1173/1082/1 1044/1090/1 1043/1085/1
f 1172/1091/1 1044/1090/1 1173/1082/1
f 1172/1091/1 1045/1092/1 1044/1090/1
f 1148/1089/1 1144/1093/1 1145/1086/1
f 1172/1091/1 1046/1094/1 1045/1092/1
f 1148/1089/1 1143/1095/1 1144/1093/1
f 1172/1091/1 1047/1096/1 1046/1094/1
f 1171/1097/1 1047/1096/1 1172/1091/1
f 1148/1089/1 1142/1098/1 1143/1095/1
f 1171/1097/1 1048/1099/1 1047/1096/1
f 1149/1100/1 1142/1098/1 1148/1089/1
f 1171/1097/1 1049/1101/1 1048/1099/1
f 1149/1100/1 1141/1102/1 1142/1098/1
f 1171/1097/1 1050/565/1 1049/1101/1
f 1171/1097/1 1051/1103/1 1050/565/1
f 1150/1104/1 1141/1102/1 1149/1100/1
f 1150/1104/1 1140/386/1 1141/1102/1
f 1170/632/1 1051/1103/1 1171/1097/1
f 1170/632/1 1052/1105/1 1051/1103/1
f 1170/632/1 1053/1106/1 1052/1105/1
f 1150/1104/1 1139/1107/1 1140/386/1
f 1170/632/1 1054/1108/1 1053/1106/1
f 1151/1109/1 1139/1107/1 1150/1104/1
f 1170/632/1 1055/1110/1 1054/1108/1
f 1170/632/1 1056/1111/1 1055/1110/1
f 1170/632/1 1057/1112/1 1056/1111/1
f 1169/1113/1 1057/1112/1 1170/632/1
f 1151/1109/1 1138/1114/1 1139/1107/1
f 1152/1115/1 1138/1114/1 1151/1109/1
f 1152/1115/1 1137/1116/1 1138/1114/1
f 1152/1115/1 1136/1117/1 1137/1116/1
f 1153/1118/1 1136/1117/1 1152/1115/1
f 1355/910/1 1357/907/1 1356/908/1
f 1355/910/1 1358/906/1 1357/907/1
f 1354/912/1 1358/906/1 1355/910/1
f 1354/912/1 1359/904/1 1358/906/1
f 1353/913/1 1359/904/1 1354/912/1
f 1353/913/1 1360/903/1 1359/904/1
f 1352/915/1 1360/903/1 1353/913/1
f 1352/915/1 1361/901/1 1360/903/1
f 1351/917/1 1361/901/1 1352/915/1
f 1351/917/1 1362/899/1 1361/901/1
f 1350/918/1 1362/899/1 1351/917/1
f 1350/918/1 1363/898/1 1362/899/1
f 1349/920/1 1363/898/1 1350/918/1
f 1349/920/1 1364/896/1 1363/898/1
f 1348/921/1 1364/896/1 1349/920/1
f 1348/921/1 1365/895/1 1364/896/1
f 1347/923/1 1365/895/1 1348/921/1
f 1347/923/1 1366/894/1 1365/895/1
f 1346/924/1 1366/894/1 1347/923/1
f 1345/925/1 1366/894/1 1346/924/1
f 1345/925/1 1367/893/1 1366/894/1
f 1344/927/1 1367/893/1 1345/925/1
f 1344/927/1 1368/891/1 1367/893/1
f 1343/931/1 1368/891/1 1344/927/1
f 1343/931/1 1369/1/1 1368/891/1
f 1343/931/1 1272/889/1 1369/1/1
f 1342/930/1 1272/889/1 1343/931/1
f 1342/930/1 1273/888/1 1272/889/1
f 1341/929/1 1273/888/1 1342/930/1
f 1341/929/1 1274/887/1 1273/888/1
f 1340/928/1 1274/887/1 1341/929/1
f 1340/928/1 1275/886/1 1274/887/1
f 1339/926/1 1275/886/1 1340/928/1
f 1339/926/1 1276/885/1 1275/886/1
f 1338/922/1 1276/885/1 1339/926/1
f 1338/922/1 1277/884/1 1276/885/1
f 1338/922/1 1278/883/1 1277/884/1
f 1337/919/1 1278/883/1 1338/922/1
f 1337/919/1 1279/882/1 1278/883/1
f 1336/916/1 1279/882/1 1337/919/1
f 1336/916/1 1280/881/1 1279/882/1
f 1335/914/1 1280/881/1 1336/916/1
f 1335/914/1 1281/880/1 1280/881/1
f 1334/911/1 1281/880/1 1335/914/1
f 1334/911/1 1282/900/1 1281/880/1
f 1333/909/1 1282/900/1 1334/911/1
f 1333/909/1 1283/879/1 1282/900/1
f 1333/909/1 1284/878/1 1283/879/1
f 1332/905/1 1284/878/1 1333/909/1
f 1331/902/1 1284/878/1 1332/905/1
f 1306/855/1 1308/853/1 1307/854/1
f 1331/902/1 1285/877/1 1284/878/1
f 1331/902/1 1286/876/1 1285/877/1
f 1330/897/1 1286/876/1 1331/902/1
f 1305/856/1 1308/853/1 1306/855/1
f 1330/897/1 1287/875/1 1286/876/1
f 1304/857/1 1308/853/1 1305/856/1
f 1330/897/1 1288/874/1 1287/875/1
f 1304/857/1 1309/851/1 1308/853/1
f 1303/858/1 1309/851/1 1304/857/1
f 1329/892/1 1288/874/1 1330/897/1
f 1302/859/1 1309/851/1 1303/858/1
f 1329/892/1 1289/873/1 1288/874/1
f 1301/860/1 1309/851/1 1302/859/1
f 1328/890/1 1289/873/1 1329/892/1
f 1328/890/1 1290/872/1 1289/873/1
f 1301/860/1 1310/850/1 1309/851/1
f 1300/861/1 1310/850/1 1301/860/1
f 1328/890/1 1291/871/1 1290/872/1
f 1299/862/1 1310/850/1 1300/861/1
f 1328/890/1 1292/870/1 1291/871/1
f 1299/862/1 1311/849/1 1310/850/1
f 1298/863/1 1311/849/1 1299/862/1
f 1327/866/1 1292/870/1 1328/890/1
f 1327/866/1 1293/869/1 1292/870/1
f 1297/864/1 1311/849/1 1298/863/1
f 1327/866/1 1294/868/1 1293/869/1
f 1296/865/1 1311/849/1 1297/864/1
f 1327/866/1 1295/867/1 1294/868/1
f 1295/867/1 1311/849/1 1296/865/1
f 1327/866/1 1311/849/1 1295/867/1
f 1327/866/1 1312/847/1 1311/849/1
f 1326/852/1 1312/847/1 1327/866/1
f 1326/852/1 1313/846/1 1312/847/1
f 1325/848/1 1313/846/1 1326/852/1
f 1325/848/1 1314/844/1 1313/846/1
f 1324/845/1 1314/844/1 1325/848/1
f 1324/845/1 1315/843/1 1314/844/1
f 1324/845/1 1316/841/1 1315/843/1
f 1323/842/1 1316/841/1 1324/845/1
f 1323/842/1 1317/840/1 1316/841/1
f 1322/839/1 1317/840/1 1323/842/1
f 1322/839/1 1318/838/1 1317/840/1
f 1321/836/1 1318/838/1 1322/839/1
f 1321/836/1 1319/835/1 1318/838/1
f 1320/837/1 1319/835/1 1321/836/1
f 1258/932/1 1260/933/1 1259/934/1
f 1257/946/1 1260/933/1 1258/932/1
f 1257/946/1 1261/935/1 1260/933/1
f 1257/946/1 1262/936/1 1261/935/1
f 1256/947/1 1262/936/1 1257/946/1
f 1256/947/1 1263/937/1 1262/936/1
f 1255/948/1 1263/937/1 1256/947/1
f 1255/948/1 1264/938/1 1263/937/1
f 1254/949/1 1264/938/1 1255/948/1
f 1254/949/1 1265/939/1 1264/938/1
f 1253/950/1 1265/939/1 1254/949/1
f 1252/951/1 1265/939/1 1253/950/1
f 1252/951/1 1266/940/1 1265/939/1
f 1251/952/1 1266/940/1 1252/951/1
f 1251/952/1 1267/941/1 1266/940/1
f 1250/953/1 1267/941/1 1251/952/1
f 1250/953/1 1268/942/1 1267/941/1
f 1249/954/1 1268/942/1 1250/953/1
f 1249/954/1 1269/943/1 1268/942/1
f 1248/955/1 1269/943/1 1249/954/1
f 1248/955/1 1270/944/1 1269/943/1
f 1247/956/1 1270/944/1 1248/955/1
f 1247/956/1 1271/945/1 1270/944/1
f 1246/3/1 1271/945/1 1247/956/1
f 1654/702/1 1656/705/1 1655/1119/1
f 1654/702/1 1657/1120/1 1656/705/1
f 1653/1121/1 1657/1120/1 1654/702/1
f 1653/1121/1 1658/709/1 1657/1120/1
f 1652/700/1 1658/709/1 1653/1121/1
f 1652/700/1 1659/1122/1 1658/709/1
f 1651/1123/1 1659/1122/1 1652/700/1
f 1651/1123/1 1660/714/1 1659/1122/1
f 1650/697/1 1660/714/1 1651/1123/1
f 1650/697/1 1661/1124/1 1660/714/1
f 1649/1125/1 1661/1124/1 1650/697/1
f 1649/1125/1 1662/717/1 1661/1124/1
f 1648/695/1 1662/717/1 1649/1125/1
f 1648/695/1 1663/1126/1 1662/717/1
f 1555/1127/1 1557/1128/1 1556/820/1
f 1647/1129/1 1663/1126/1 1648/695/1
f 1647/1129/1 1664/719/1 1663/1126/1
f 1554/811/1 1557/1128/1 1555/1127/1
f 1646/690/1 1664/719/1 1647/1129/1
f 1646/690/1 1665/1130/1 1664/719/1
f 1553/1131/1 1557/1128/1 1554/811/1
f 1552/804/1 1557/1128/1 1553/1131/1
f 1395/1132/1 1371/1133/1 1370/3/1
f 1551/1134/1 1557/1128/1 1552/804/1
f 1550/800/1 1557/1128/1 1551/1134/1
f 1645/1135/1 1665/1130/1 1646/690/1
f 1645/1135/1 1546/784/1 1665/1130/1
f 1546/784/1 1666/724/1 1665/1130/1
f 1549/1136/1 1557/1128/1 1550/800/1
f 1548/795/1 1557/1128/1 1549/1136/1
f 1547/1137/1 1557/1128/1 1548/795/1
f 1395/1132/1 1372/772/1 1371/1133/1
f 1546/784/1 1668/1/1 1547/1137/1
f 1668/1/1 1557/1128/1 1547/1137/1
f 1546/784/1 1545/1138/1 1668/1/1
f 1667/1139/1 1557/1128/1 1668/1/1
f 1645/1135/1 1666/724/1 1546/784/1
f 1644/688/1 1643/1140/1 1645/1135/1
f 1643/1140/1 1666/724/1 1645/1135/1
f 1643/1140/1 1642/689/1 1666/724/1
f 1642/689/1 1667/1139/1 1666/724/1
f 1395/1132/1 1373/1141/1 1372/772/1
f 1618/726/1 1620/723/1 1619/1142/1
f 1618/726/1 1621/1143/1 1620/723/1
f 1618/726/1 1622/718/1 1621/1143/1
f 1641/1144/1 1667/1139/1 1642/689/1
f 1618/726/1 1623/1145/1 1622/718/1
f 1640/687/1 1667/1139/1 1641/1144/1
f 1639/1146/1 1667/1139/1 1640/687/1
f 1618/726/1 1624/716/1 1623/1145/1
f 1638/694/1 1667/1139/1 1639/1146/1
f 1618/726/1 1625/1147/1 1624/716/1
f 1637/1148/1 1667/1139/1 1638/694/1
f 1618/726/1 1626/713/1 1625/1147/1
f 1637/1148/1 1557/1128/1 1667/1139/1
f 1636/696/1 1557/1128/1 1637/1148/1
f 1395/1132/1 1374/769/1 1373/1141/1
f 1618/726/1 1627/1149/1 1626/713/1
f 1635/1150/1 1557/1128/1 1636/696/1
f 1618/726/1 1628/707/1 1627/1149/1
f 1634/698/1 1557/1128/1 1635/1150/1
f 1618/726/1 1629/1151/1 1628/707/1
f 1633/1152/1 1557/1128/1 1634/698/1
f 1618/726/1 1630/704/1 1629/1151/1
f 1632/701/1 1557/1128/1 1633/1152/1
f 1618/726/1 1631/1153/1 1630/704/1
f 1631/1153/1 1557/1128/1 1632/701/1
f 1618/726/1 1557/1128/1 1631/1153/1
f 1395/1132/1 1375/1154/1 1374/769/1
f 1395/1132/1 1376/768/1 1375/1154/1
f 1395/1132/1 1377/1155/1 1376/768/1
f 1395/1132/1 1378/766/1 1377/1155/1
f 1394/710/1 1378/766/1 1395/1132/1
f 1394/710/1 1379/1156/1 1378/766/1
f 1618/726/1 1558/822/1 1557/1128/1
f 1618/726/1 1559/1157/1 1558/822/1
f 1394/710/1 1380/760/1 1379/1156/1
f 1618/726/1 1560/823/1 1559/1157/1
f 1618/726/1 1561/1158/1 1560/823/1
f 1393/1159/1 1380/760/1 1394/710/1
f 1618/726/1 1562/825/1 1561/1158/1
f 1393/1159/1 1381/1160/1 1380/760/1
f 1618/726/1 1563/1161/1 1562/825/1
f 1392/729/1 1381/1160/1 1393/1159/1
f 1618/726/1 1564/827/1 1563/1161/1
f 1618/726/1 1565/1162/1 1564/827/1
f 1618/726/1 1566/830/1 1565/1162/1
f 1392/729/1 1382/757/1 1381/1160/1
f 1618/726/1 1567/1163/1 1566/830/1
f 1391/1164/1 1382/757/1 1392/729/1
f 1618/726/1 1568/832/1 1567/1163/1
f 1618/726/1 1569/1165/1 1568/832/1
f 1618/726/1 1593/1166/1 1569/1165/1
f 1593/1166/1 1595/1167/1 1569/1165/1
f 1595/1167/1 1570/834/1 1569/1165/1
f 1390/739/1 1382/757/1 1391/1164/1
f 1617/1168/1 1593/1166/1 1618/726/1
f 1617/1168/1 1599/1169/1 1593/1166/1
f 1599/1169/1 1592/794/1 1593/1166/1
f 1594/790/1 1598/782/1 1593/1166/1
f 1598/782/1 1595/1167/1 1593/1166/1
f 1598/782/1 1596/787/1 1595/1167/1
f 1594/790/1 1570/834/1 1595/1167/1
f 1616/730/1 1599/1169/1 1617/1168/1
f 1598/782/1 1597/1170/1 1596/787/1
f 1615/1171/1 1599/1169/1 1616/730/1
f 1614/738/1 1599/1169/1 1615/1171/1
f 1599/1169/1 1594/790/1 1598/782/1
f 1613/1172/1 1599/1169/1 1614/738/1
f 1613/1172/1 1600/780/1 1599/1169/1
f 1592/794/1 1594/790/1 1599/1169/1
f 1612/751/1 1600/780/1 1613/1172/1
f 1592/794/1 1570/834/1 1594/790/1
f 1612/751/1 1601/1173/1 1600/780/1
f 1611/1174/1 1601/1173/1 1612/751/1
f 1611/1174/1 1602/778/1 1601/1173/1
f 1610/763/1 1602/778/1 1611/1174/1
f 1610/763/1 1603/1175/1 1602/778/1
f 1609/1176/1 1603/1175/1 1610/763/1
f 1609/1176/1 1604/776/1 1603/1175/1
f 1608/770/1 1604/776/1 1609/1176/1
f 1608/770/1 1605/1177/1 1604/776/1
f 1607/1178/1 1605/1177/1 1608/770/1
f 1607/1178/1 1606/773/1 1605/1177/1
f 1390/739/1 1389/1179/1 1382/757/1
f 1389/1179/1 1388/744/1 1382/757/1
f 1388/744/1 1387/1180/1 1382/757/1
f 1387/1180/1 1386/748/1 1382/757/1
f 1386/748/1 1385/1181/1 1382/757/1
f 1385/1181/1 1384/754/1 1382/757/1
f 1384/754/1 1383/1182/1 1382/757/1
f 1592/794/1 1571/1183/1 1570/834/1
f 1530/803/1 1532/799/1 1531/1184/1
f 1530/803/1 1533/1185/1 1532/799/1
f 1591/1186/1 1571/1183/1 1592/794/1
f 1591/1186/1 1572/833/1 1571/1183/1
f 1530/803/1 1534/797/1 1533/1185/1
f 1590/801/1 1572/833/1 1591/1186/1
f 1529/1187/1 1534/797/1 1530/803/1
f 1529/1187/1 1535/1188/1 1534/797/1
f 1529/1187/1 1536/793/1 1535/1188/1
f 1528/806/1 1536/793/1 1529/1187/1
f 1528/806/1 1537/1189/1 1536/793/1
f 1590/801/1 1573/1190/1 1572/833/1
f 1589/1191/1 1573/1190/1 1590/801/1
f 1528/806/1 1538/791/1 1537/1189/1
f 1528/806/1 1539/1192/1 1538/791/1
f 1527/1193/1 1539/1192/1 1528/806/1
f 1527/1193/1 1540/788/1 1539/1192/1
f 1527/1193/1 1541/1194/1 1540/788/1
f 1589/1191/1 1574/831/1 1573/1190/1
f 1588/807/1 1574/831/1 1589/1191/1
f 1526/809/1 1541/1194/1 1527/1193/1
f 1526/809/1 1542/783/1 1541/1194/1
f 1526/809/1 1543/1195/1 1542/783/1
f 1526/809/1 1544/785/1 1543/1195/1
f 1525/1196/1 1544/785/1 1526/809/1
f 1525/1196/1 1445/1197/1 1544/785/1
f 1587/1198/1 1574/831/1 1588/807/1
f 1587/1198/1 1575/1199/1 1574/831/1
f 1524/813/1 1445/1197/1 1525/1196/1
f 1523/1200/1 1445/1197/1 1524/813/1
f 1586/817/1 1575/1199/1 1587/1198/1
f 1586/817/1 1576/829/1 1575/1199/1
f 1522/815/1 1445/1197/1 1523/1200/1
f 1585/1201/1 1576/829/1 1586/817/1
f 1521/1202/1 1445/1197/1 1522/815/1
f 1585/1201/1 1577/1203/1 1576/829/1
f 1584/821/1 1577/1203/1 1585/1201/1
f 1520/819/1 1519/386/1 1521/1202/1
f 1519/386/1 1518/818/1 1521/1202/1
f 1518/818/1 1445/1197/1 1521/1202/1
f 1506/805/1 1508/808/1 1507/1204/1
f 1506/805/1 1509/1205/1 1508/808/1
f 1506/805/1 1510/810/1 1509/1205/1
f 1506/805/1 1511/1206/1 1510/810/1
f 1506/805/1 1512/812/1 1511/1206/1
f 1505/1207/1 1512/812/1 1506/805/1
f 1505/1207/1 1513/1208/1 1512/812/1
f 1505/1207/1 1514/814/1 1513/1208/1
f 1505/1207/1 1515/1209/1 1514/814/1
f 1505/1207/1 1516/816/1 1515/1209/1
f 1504/802/1 1516/816/1 1505/1207/1
f 1504/802/1 1517/1210/1 1516/816/1
f 1504/802/1 1518/818/1 1517/1210/1
f 1584/821/1 1578/828/1 1577/1203/1
f 1504/802/1 1445/1197/1 1518/818/1
f 1503/1211/1 1445/1197/1 1504/802/1
f 1583/1212/1 1578/828/1 1584/821/1
f 1502/798/1 1445/1197/1 1503/1211/1
f 1501/1213/1 1445/1197/1 1502/798/1
f 1501/1213/1 1446/691/1 1445/1197/1
f 1501/1213/1 1447/1214/1 1446/691/1
f 1583/1212/1 1579/1215/1 1578/828/1
f 1582/824/1 1579/1215/1 1583/1212/1
f 1500/796/1 1447/1214/1 1501/1213/1
f 1500/796/1 1448/693/1 1447/1214/1
f 1500/796/1 1449/1216/1 1448/693/1
f 1499/1217/1 1449/1216/1 1500/796/1
f 1499/1217/1 1450/692/1 1449/1216/1
f 1582/824/1 1580/826/1 1579/1215/1
f 1498/792/1 1450/692/1 1499/1217/1
f 1498/792/1 1451/1218/1 1450/692/1
f 1581/1219/1 1580/826/1 1582/824/1
f 1498/792/1 1452/699/1 1451/1218/1
f 1497/1220/1 1396/712/1 1498/792/1
f 1396/712/1 1444/706/1 1498/792/1
f 1444/706/1 1452/699/1 1498/792/1
f 1444/706/1 1443/1221/1 1452/699/1
f 1443/1221/1 1453/1222/1 1452/699/1
f 1442/722/1 1453/1222/1 1443/1221/1
f 1441/1223/1 1453/1222/1 1442/722/1
f 1497/1220/1 1397/1224/1 1396/712/1
f 1440/728/1 1453/1222/1 1441/1223/1
f 1439/1225/1 1453/1222/1 1440/728/1
f 1438/733/1 1453/1222/1 1439/1225/1
f 1497/1220/1 1398/711/1 1397/1224/1
f 1437/1226/1 1453/1222/1 1438/733/1
f 1436/736/1 1453/1222/1 1437/1226/1
f 1497/1220/1 1399/1227/1 1398/711/1
f 1436/736/1 1454/703/1 1453/1222/1
f 1435/1228/1 1454/703/1 1436/736/1
f 1434/741/1 1432/745/1 1435/1228/1
f 1432/745/1 1454/703/1 1435/1228/1
f 1497/1220/1 1400/721/1 1399/1227/1
f 1431/1229/1 1434/741/1 1432/745/1
f 1434/741/1 1433/1230/1 1432/745/1
f 1497/1220/1 1401/1231/1 1400/721/1
f 1496/789/1 1401/1231/1 1497/1220/1
f 1496/789/1 1402/725/1 1401/1231/1
f 1496/789/1 1403/1232/1 1402/725/1
f 1496/789/1 1404/732/1 1403/1232/1
f 1496/789/1 1405/1233/1 1404/732/1
f 1495/1234/1 1405/1233/1 1496/789/1
f 1495/1234/1 1406/735/1 1405/1233/1
f 1468/743/1 1470/747/1 1469/1235/1
f 1495/1234/1 1407/1236/1 1406/735/1
f 1467/1237/1 1470/747/1 1468/743/1
f 1495/1234/1 1408/740/1 1407/1236/1
f 1471/1238/1 1467/1237/1 1470/747/1
f 1472/752/1 1467/1237/1 1471/1238/1
f 1494/786/1 1408/740/1 1495/1234/1
f 1494/786/1 1409/1239/1 1408/740/1
f 1472/752/1 1466/737/1 1467/1237/1
f 1494/786/1 1410/746/1 1409/1239/1
f 1472/752/1 1465/1240/1 1466/737/1
f 1494/786/1 1411/1241/1 1410/746/1
f 1472/752/1 1464/734/1 1465/1240/1
f 1473/1242/1 1464/734/1 1472/752/1
f 1494/786/1 1412/750/1 1411/1241/1
f 1494/786/1 1413/1243/1 1412/750/1
f 1493/1244/1 1413/1243/1 1494/786/1
f 1473/1242/1 1463/1245/1 1464/734/1
f 1493/1244/1 1414/756/1 1413/1243/1
f 1493/1244/1 1415/1246/1 1414/756/1
f 1473/1242/1 1462/727/1 1463/1245/1
f 1493/1244/1 1416/759/1 1415/1246/1
f 1474/731/1 1462/727/1 1473/1242/1
f 1493/1244/1 1417/1247/1 1416/759/1
f 1493/1244/1 1418/764/1 1417/1247/1
f 1474/731/1 1461/1248/1 1462/727/1
f 1474/731/1 1460/720/1 1461/1248/1
f 1475/1249/1 1460/720/1 1474/731/1
f 1475/1249/1 1459/1250/1 1460/720/1
f 1934/1/1 1744/1251/1 1743/1252/1
f 1933/1253/1 1744/1251/1 1934/1/1
f 1933/1253/1 1745/1254/1 1744/1251/1
f 1933/1253/1 1746/1255/1 1745/1254/1
f 1932/1256/1 1746/1255/1 1933/1253/1
f 1932/1256/1 1747/1257/1 1746/1255/1
f 1931/1258/1 1747/1257/1 1932/1256/1
f 1931/1258/1 1748/1259/1 1747/1257/1
f 1930/1260/1 1748/1259/1 1931/1258/1
f 1930/1260/1 1749/1261/1 1748/1259/1
f 1766/1262/1 1768/1263/1 1767/1264/1
f 1929/1265/1 1749/1261/1 1930/1260/1
f 1928/1266/1 1749/1261/1 1929/1265/1
f 1928/1266/1 1750/1267/1 1749/1261/1
f 1765/1268/1 1768/1263/1 1766/1262/1
f 1927/1269/1 1750/1267/1 1928/1266/1
f 1764/1270/1 1768/1263/1 1765/1268/1
f 1927/1269/1 1751/1271/1 1750/1267/1
f 1763/1272/1 1768/1263/1 1764/1270/1
f 1926/1273/1 1751/1271/1 1927/1269/1
f 1762/1274/1 1768/1263/1 1763/1272/1
f 1926/1273/1 1752/1275/1 1751/1271/1
f 1761/1276/1 1768/1263/1 1762/1274/1
f 1925/1277/1 1752/1275/1 1926/1273/1
f 1760/1278/1 1768/1263/1 1761/1276/1
f 1759/1279/1 1768/1263/1 1760/1278/1
f 1925/1277/1 1753/1280/1 1752/1275/1
f 1924/1281/1 1753/1280/1 1925/1277/1
f 1758/1282/1 1768/1263/1 1759/1279/1
f 1908/1283/1 1910/1284/1 1909/1285/1
f 1757/1286/1 1768/1263/1 1758/1282/1
f 1923/1287/1 1753/1280/1 1924/1281/1
f 1756/1288/2 1755/1289/2 1757/1286/2
f 1755/1289/1 1768/1263/1 1757/1286/1
f 1923/1287/1 1755/1289/1 1753/1280/1
f 1755/1289/1 1754/1290/1 1753/1280/1
f 1908/1283/1 1911/1291/1 1910/1284/1
f 1923/1287/1 1768/1263/1 1755/1289/1
f 1908/1283/1 1912/1292/1 1911/1291/1
f 1922/1293/1 1920/1294/1 1923/1287/1
f 1920/1294/1 1768/1263/1 1923/1287/1
f 1908/1283/1 1913/1295/1 1912/1292/1
f 1908/1283/1 1914/1296/1 1913/1295/1
f 1908/1283/1 1915/1297/1 1914/1296/1
f 1919/1298/1 1921/1299/1 1920/1294/1
f 1922/1293/1 1768/1263/1 1920/1294/1
f 1908/1283/1 1916/1300/1 1915/1297/1
f 1919/1298/1 1922/1293/1 1921/1299/1
f 1918/1301/1 1922/1293/1 1919/1298/1
f 1908/1283/1 1917/1302/1 1916/1300/1
f 1917/1302/1 1922/1293/1 1918/1301/1
f 1908/1283/1 1922/1293/1 1917/1302/1
f 1908/1283/1 1768/1263/1 1922/1293/1
f 1908/1283/1 1769/1303/1 1768/1263/1
f 1908/1283/1 1770/1304/1 1769/1303/1
f 1908/1283/1 1771/1305/1 1770/1304/1
f 1908/1283/1 1772/1306/1 1771/1305/1
f 1908/1283/1 1773/1307/1 1772/1306/1
f 1908/1283/1 1774/1308/1 1773/1307/1
f 1908/1283/1 1775/17/1 1774/1308/1
f 1908/1283/1 1776/1309/1 1775/17/1
f 1908/1283/1 1777/1310/1 1776/1309/1
f 1908/1283/1 1778/1311/1 1777/1310/1
f 1908/1283/1 1779/1312/1 1778/1311/1
f 1779/1312/1 1781/1313/1 1780/1314/1
f 1908/1283/1 1896/1315/1 1779/1312/1
f 1896/1315/1 1781/1313/1 1779/1312/1
f 1907/1316/1 1896/1315/1 1908/1283/1
f 1906/1317/1 1896/1315/1 1907/1316/1
f 1905/1318/1 1896/1315/1 1906/1317/1
f 1904/1319/1 1896/1315/1 1905/1318/1
f 1904/1319/1 1897/1320/1 1896/1315/1
f 1895/1321/1 1781/1313/1 1896/1315/1
f 1903/1322/1 1897/1320/1 1904/1319/1
f 1903/1322/1 1898/1323/1 1897/1320/1
f 1902/1324/1 1898/1323/1 1903/1322/1
f 1902/1324/1 1899/1325/1 1898/1323/1
f 1901/1326/1 1899/1325/1 1902/1324/1
f 1901/1326/1 1900/1327/1 1899/1325/1
f 1793/1328/1 1795/1329/1 1794/1330/1
f 1895/1321/1 1782/1331/1 1781/1313/1
f 1792/1332/1 1795/1329/1 1793/1328/1
f 1791/1333/1 1795/1329/1 1792/1332/1
f 1790/1334/1 1795/1329/1 1791/1333/1
f 1789/1335/1 1795/1329/1 1790/1334/1
f 1788/1336/1 1795/1329/1 1789/1335/1
f 1787/1337/1 1795/1329/1 1788/1336/1
f 1786/1338/1 1795/1329/1 1787/1337/1
f 1894/1339/1 1782/1331/1 1895/1321/1
f 1785/1340/1 1795/1329/1 1786/1338/1
f 1784/1341/1 1795/1329/1 1785/1340/1
f 1783/1342/1 1795/1329/1 1784/1341/1
f 1782/1331/1 1795/1329/1 1783/1342/1
f 1894/1339/1 1893/1343/1 1782/1331/1
f 1893/1343/1 1795/1329/1 1782/1331/1
f 1881/16/1 1883/1344/1 1882/1345/1
f 1881/16/1 1884/1346/1 1883/1344/1
f 1881/16/1 1885/1347/1 1884/1346/1
f 1892/1348/1 1795/1329/1 1893/1343/1
f 1881/16/1 1886/1349/1 1885/1347/1
f 1891/1350/1 1795/1329/1 1892/1348/1
f 1881/16/1 1887/1351/1 1886/1349/1
f 1890/1352/1 1795/1329/1 1891/1350/1
f 1889/1353/1 1795/1329/1 1890/1352/1
f 1881/16/1 1888/1354/1 1887/1351/1
f 1888/1354/1 1795/1329/1 1889/1353/1
f 1881/16/1 1795/1329/1 1888/1354/1
f 1881/16/1 1796/1355/1 1795/1329/1
f 1881/16/1 1797/1356/1 1796/1355/1
f 1881/16/1 1808/1357/1 1797/1356/1
f 1808/1357/1 1798/1358/1 1797/1356/1
f 1808/1357/1 1799/1359/1 1798/1358/1
f 1808/1357/1 1800/1360/1 1799/1359/1
f 1881/16/1 1807/1361/1 1808/1357/1
f 1809/1362/1 1800/1360/1 1808/1357/1
f 1809/1362/1 1801/1363/1 1800/1360/1
f 1809/1362/1 1802/1364/1 1801/1363/1
f 1809/1362/1 1803/1365/1 1802/1364/1
f 1809/1362/1 1804/1366/1 1803/1365/1
f 1810/1367/1 1805/1368/1 1809/1362/1
f 1805/1368/1 1804/1366/1 1809/1362/1
f 1806/1369/1 1807/1361/1 1805/1368/1
f 1807/1361/1 1810/1367/1 1805/1368/1
f 1881/16/1 1810/1367/1 1807/1361/1
f 1881/16/1 1868/1370/1 1810/1367/1
f 1868/1370/1 1811/1371/1 1810/1367/1
f 1881/16/1 1869/1372/1 1868/1370/1
f 1867/1373/1 1811/1371/1 1868/1370/1
f 1880/1374/1 1869/1372/1 1881/16/1
f 1880/1374/1 1870/1375/1 1869/1372/1
f 1867/1373/1 1812/1376/1 1811/1371/1
f 1880/1374/1 1871/1377/1 1870/1375/1
f 1879/1378/1 1871/1377/1 1880/1374/1
f 1879/1378/1 1872/1379/1 1871/1377/1
f 1878/1380/1 1872/1379/1 1879/1378/1
f 1878/1380/1 1873/1381/1 1872/1379/1
f 1878/1380/1 1874/1382/1 1873/1381/1
f 1877/1383/1 1874/1382/1 1878/1380/1
f 1877/1383/1 1875/1384/1 1874/1382/1
f 1876/1385/1 1875/1384/1 1877/1383/1
f 1866/1386/1 1812/1376/1 1867/1373/1
f 1866/1386/1 1813/1387/1 1812/1376/1
f 1866/1386/1 1814/1388/1 1813/1387/1
f 1865/1389/1 1814/1388/1 1866/1386/1
f 1865/1389/1 1815/1390/1 1814/1388/1
f 1864/1391/1 1815/1390/1 1865/1389/1
f 1864/1391/1 1816/1392/1 1815/1390/1
f 1863/1393/1 1816/1392/1 1864/1391/1
f 1863/1393/1 1817/1394/1 1816/1392/1
f 1862/1395/1 1817/1394/1 1863/1393/1
f 1862/1395/1 1818/1396/1 1817/1394/1
f 1862/1395/1 1819/1397/1 1818/1396/1
f 1861/1398/1 1819/1397/1 1862/1395/1
f 1728/1399/1 1730/1400/1 1729/1401/1
f 1844/1402/1 1846/1403/1 1845/1404/1
f 1861/1398/1 1820/1405/1 1819/1397/1
f 1844/1402/1 1847/1406/1 1846/1403/1
f 1861/1398/1 1821/1407/1 1820/1405/1
f 1844/1402/1 1848/1408/1 1847/1406/1
f 1860/1409/1 1853/1410/1 1861/1398/1
f 1853/1410/1 1821/1407/1 1861/1398/1
f 1844/1402/1 1849/1411/1 1848/1408/1
f 1853/1410/1 1822/1412/1 1821/1407/1
f 1844/1402/1 1850/1413/1 1849/1411/1
f 1844/1402/1 1851/1414/1 1850/1413/1
f 1853/1410/1 1823/1415/1 1822/1412/1
f 1844/1402/1 1852/1416/1 1851/1414/1
f 1844/1402/1 1853/1410/1 1852/1416/1
f 1858/1417/1 1859/1418/1 1857/1419/1
f 1859/1418/1 1860/1409/1 1857/1419/1
f 1860/1409/1 1853/1410/1 1857/1419/1
f 1853/1410/1 1854/1420/1 1857/1419/1
f 1854/1420/1 1855/1421/1 1857/1419/1
f 1855/1421/1 1856/1422/1 1857/1419/1
f 1844/1402/1 1823/1415/1 1853/1410/1
f 1844/1402/1 1824/1423/1 1823/1415/1
f 1844/1402/1 1825/1424/1 1824/1423/1
f 1844/1402/1 1826/1425/1 1825/1424/1
f 1844/1402/1 1827/1426/1 1826/1425/1
f 1728/1399/1 1731/1427/1 1730/1400/1
f 1727/1428/1 1731/1427/1 1728/1399/1
f 1844/1402/1 1828/24/1 1827/1426/1
f 1844/1402/1 1829/1429/1 1828/24/1
f 1844/1402/1 1830/1430/1 1829/1429/1
f 1726/1431/1 1731/1427/1 1727/1428/1
f 1844/1402/1 1831/1432/1 1830/1430/1
f 1725/1433/1 1731/1427/1 1726/1431/1
f 1844/1402/1 1841/1434/1 1831/1432/1
f 1841/1434/1 1840/1435/1 1831/1432/1
f 1840/1435/1 1839/1436/1 1831/1432/1
f 1839/1436/1 1838/1437/1 1831/1432/1
f 1838/1437/1 1837/1438/1 1831/1432/1
f 1837/1438/1 1836/1439/1 1831/1432/1
f 1836/1439/1 1835/1440/1 1831/1432/1
f 1835/1440/1 1834/1441/1 1831/1432/1
f 1834/1441/1 1833/1442/1 1831/1432/1
f 1833/1442/1 1832/1443/1 1831/1432/1
f 1724/1444/1 1731/1427/1 1725/1433/1
f 1724/1444/1 1732/1445/1 1731/1427/1
f 1724/1444/1 1733/1446/1 1732/1445/1
f 1723/1447/1 1733/1446/1 1724/1444/1
f 1723/1447/1 1734/1448/1 1733/1446/1
f 1722/7/1 1734/1448/1 1723/1447/1
f 1722/7/1 1735/1449/1 1734/1448/1
f 1722/7/1 1736/1450/1 1735/1449/1
f 1721/1451/1 1736/1450/1 1722/7/1
f 1721/1451/1 1737/1452/1 1736/1450/1
f 1843/1453/1 1842/1454/1 1844/1402/1
f 1842/1454/1 1841/1434/1 1844/1402/1
f 1721/1451/1 1738/1455/1 1737/1452/1
f 1720/1456/1 1738/1455/1 1721/1451/1
f 1720/1456/1 1739/1457/1 1738/1455/1
f 1719/1458/1 1739/1457/1 1720/1456/1
f 1719/1458/1 1740/1459/1 1739/1457/1
f 1719/1458/1 1741/1460/1 1740/1459/1
f 1718/1461/1 1741/1460/1 1719/1458/1
f 1718/1461/1 1742/1462/1 1741/1460/1
f 1717/1463/1 1742/1462/1 1718/1461/1
f 1717/1463/1 1669/3/1 1742/1462/1
f 1716/1464/1 1669/3/1 1717/1463/1
f 1716/1464/1 1670/1465/1 1669/3/1
f 1716/1464/1 1671/1466/1 1670/1465/1
f 1716/1464/1 1672/1467/1 1671/1466/1
f 1715/1468/1 1672/1467/1 1716/1464/1
f 1715/1468/1 1673/1469/1 1672/1467/1
f 1715/1468/1 1674/1470/1 1673/1469/1
f 1715/1468/1 1675/1471/1 1674/1470/1
f 1691/1472/1 1693/1473/1 1692/1474/1
f 1714/1475/1 1675/1471/1 1715/1468/1
f 1714/1475/1 1676/1476/1 1675/1471/1
f 1690/1477/1 1693/1473/1 1691/1472/1
f 1689/1478/1 1693/1473/1 1690/1477/1
f 1714/1475/1 1677/1479/1 1676/1476/1
f 1688/1480/1 1693/1473/1 1689/1478/1
f 1687/1481/1 1693/1473/1 1688/1480/1
f 1714/1475/1 1678/1482/1 1677/1479/1
f 1686/1483/1 1693/1473/1 1687/1481/1
f 1685/1484/1 1693/1473/1 1686/1483/1
f 1714/1475/1 1679/1485/1 1678/1482/1
f 1684/1486/1 1693/1473/1 1685/1484/1
f 1683/1487/1 1693/1473/1 1684/1486/1
f 1682/1488/1 1693/1473/1 1683/1487/1
f 1714/1475/1 1680/1489/1 1679/1485/1
f 1681/1490/1 1693/1473/1 1682/1488/1
f 1680/1489/1 1693/1473/1 1681/1490/1
f 1714/1475/1 1693/1473/1 1680/1489/1
f 1713/1491/1 1693/1473/1 1714/1475/1
f 1712/1492/1 1693/1473/1 1713/1491/1
f 1711/1493/1 1693/1473/1 1712/1492/1
f 1710/1494/1 1693/1473/1 1711/1493/1
f 1709/1495/1 1693/1473/1 1710/1494/1
f 1708/1496/1 1693/1473/1 1709/1495/1
f 1708/1496/1 1694/1497/1 1693/1473/1
f 1708/1496/1 1695/1498/1 1694/1497/1
f 1708/1496/1 1696/1499/1 1695/1498/1
f 1707/1500/1 1696/1499/1 1708/1496/1
f 1707/1500/1 1697/1501/1 1696/1499/1
f 1707/1500/1 1698/1502/1 1697/1501/1
f 1707/1500/1 1699/1503/1 1698/1502/1
f 1706/1504/1 1699/1503/1 1707/1500/1
f 1706/1504/1 1700/1505/1 1699/1503/1
f 1706/1504/1 1701/1506/1 1700/1505/1
f 1706/1504/1 1702/1507/1 1701/1506/1
f 1705/1508/1 1702/1507/1 1706/1504/1
f 1705/1508/1 1703/1509/1 1702/1507/1
f 1705/1508/1 1704/1510/1 1703/1509/1
f 1957/1511/1 1959/1512/1 1958/1513/1
f 1956/1514/1 1959/1512/1 1957/1511/1
f 1955/1515/1 1959/1512/1 1956/1514/1
f 1954/1516/1 1959/1512/1 1955/1515/1
f 1953/1517/1 1959/1512/1 1954/1516/1
f 1952/1518/1 1959/1512/1 1953/1517/1
f 1951/1519/1 1959/1512/1 1952/1518/1
f 1950/1520/1 1959/1512/1 1951/1519/1
f 1949/1521/1 1959/1512/1 1950/1520/1
f 1948/1522/1 1959/1512/1 1949/1521/1
f 1947/1523/1 1959/1512/1 1948/1522/1
f 1946/1524/1 1959/1512/1 1947/1523/1
f 1945/1525/1 1959/1512/1 1946/1524/1
f 1944/1526/1 1959/1512/1 1945/1525/1
f 1943/1527/1 1959/1512/1 1944/1526/1
f 1942/1528/1 1959/1512/1 1943/1527/1
f 1941/1529/1 1959/1512/1 1942/1528/1
f 1940/1530/1 1959/1512/1 1941/1529/1
f 1939/1531/1 1959/1512/1 1940/1530/1
f 1938/1532/1 1959/1512/1 1939/1531/1
f 1937/1533/1 1959/1512/1 1938/1532/1
f 1936/1534/1 1959/1512/1 1937/1533/1
f 1935/3/1 1959/1512/1 1936/1534/1
f 2045/1535/1 1959/1512/1 1935/3/1
f 2044/1536/1 1959/1512/1 2045/1535/1
f 2043/890/1 1959/1512/1 2044/1536/1
f 2042/1537/1 1959/1512/1 2043/890/1
f 2041/1538/1 1959/1512/1 2042/1537/1
f 2040/1539/1 1959/1512/1 2041/1538/1
f 2039/1540/1 1959/1512/1 2040/1539/1
f 2038/1541/1 1959/1512/1 2039/1540/1
f 2037/1542/1 1959/1512/1 2038/1541/1
f 2036/1543/1 1959/1512/1 2037/1542/1
f 2035/1544/1 1959/1512/1 2036/1543/1
f 2034/1545/1 1959/1512/1 2035/1544/1
f 2033/1546/1 1959/1512/1 2034/1545/1
f 2032/1547/1 2019/1548/1 2033/1546/1
f 2019/1548/1 1959/1512/1 2033/1546/1
f 2032/1547/1 2031/1549/1 2019/1548/1
f 2031/1549/1 2030/1550/1 2019/1548/1
f 2030/1550/1 2029/1551/1 2019/1548/1
f 2029/1551/1 2028/1552/1 2019/1548/1
f 2028/1552/1 2027/1553/1 2019/1548/1
f 2027/1553/1 2026/1554/1 2019/1548/1
f 2026/1554/1 2025/1555/1 2019/1548/1
f 2025/1555/1 2024/1556/1 2019/1548/1
f 2024/1556/1 2023/1557/1 2019/1548/1
f 2023/1557/1 2020/1558/1 2019/1548/1
f 2018/1559/1 1962/1077/1 2019/1548/1
f 1962/1077/1 1961/1560/1 2019/1548/1
f 1961/1560/1 1960/1561/1 2019/1548/1
f 1960/1561/1 1959/1512/1 2019/1548/1
f 2018/1559/1 1963/1562/1 1962/1077/1
f 2018/1559/1 1964/1563/1 1963/1562/1
f 2018/1559/1 1965/1564/1 1964/1563/1
f 2018/1559/1 1966/1565/1 1965/1564/1
f 2018/1559/1 1967/1566/1 1966/1565/1
f 2018/1559/1 1968/1567/1 1967/1566/1
f 2017/1568/1 2022/1569/1 2018/1559/1
f 2022/1569/1 2021/1570/1 2018/1559/1
f 2021/1570/1 1968/1567/1 2018/1559/1
f 2021/1570/1 1969/1571/1 1968/1567/1
f 2021/1570/1 1970/1572/1 1969/1571/1
f 2021/1570/1 1971/1573/1 1970/1572/1
f 2021/1570/1 1972/1574/1 1971/1573/1
f 2020/1558/1 1972/1574/1 2021/1570/1
f 2023/1557/1 2020/1558/1 2022/1569/1
f 2020/1558/1 2017/1568/1 2022/1569/1
f 2017/1568/1 1972/1574/1 2020/1558/1
f 2017/1568/1 1973/1575/1 1972/1574/1
f 2016/386/1 1973/1575/1 2017/1568/1
f 2084/1576/1 2086/1577/1 2085/1578/1
f 2016/386/1 1974/1579/1 1973/1575/1
f 2015/1580/1 1974/1579/1 2016/386/1
f 2084/1576/1 2087/1581/1 2086/1577/1
f 2015/1580/1 1975/1582/1 1974/1579/1
f 2084/1576/1 2088/1583/1 2087/1581/1
f 2083/1584/1 2088/1583/1 2084/1576/1
f 2058/1585/1 2060/1586/1 2059/1587/1
f 2083/1584/1 2089/1588/1 2088/1583/1
f 2014/1589/1 1975/1582/1 2015/1580/1
f 2014/1589/1 1976/1590/1 1975/1582/1
f 2083/1584/1 2090/1591/1 2089/1588/1
f 2058/1585/1 2061/1592/1 2060/1586/1
f 2083/1584/1 2091/1593/1 2090/1591/1
f 2082/1594/1 2091/1593/1 2083/1584/1
f 2058/1585/1 2062/1595/1 2061/1592/1
f 2013/1596/1 1976/1590/1 2014/1589/1
f 2013/1596/1 1977/1597/1 1976/1590/1
f 2082/1594/1 2092/1598/1 2091/1593/1
f 2057/1599/1 2062/1595/1 2058/1585/1
f 2081/1600/1 2092/1598/1 2082/1594/1
f 2057/1599/1 2063/1601/1 2062/1595/1
f 2081/1600/1 2093/1602/1 2092/1598/1
f 2080/1603/1 2093/1602/1 2081/1600/1
f 2057/1599/1 2064/1604/1 2063/1601/1
f 2080/1603/1 2094/1605/1 2093/1602/1
f 2013/1596/1 1978/1606/1 1977/1597/1
f 2079/1607/1 2094/1605/1 2080/1603/1
f 2012/1608/1 1978/1606/1 2013/1596/1
f 2057/1599/1 2065/1609/1 2064/1604/1
f 2056/1610/1 2065/1609/1 2057/1599/1
f 2078/1611/1 2094/1605/1 2079/1607/1
f 2078/1611/1 2095/1612/1 2094/1605/1
f 2056/1610/1 2066/1613/1 2065/1609/1
f 2055/1614/1 2066/1613/1 2056/1610/1
f 2077/1615/1 2095/1612/1 2078/1611/1
f 2077/1615/1 2096/1616/1 2095/1612/1
f 2012/1608/1 1979/1617/1 1978/1606/1
f 2054/1618/1 2066/1613/1 2055/1614/1
f 2054/1618/1 2067/1619/1 2066/1613/1
f 2076/1620/1 2096/1616/1 2077/1615/1
f 2076/1620/1 2097/1/1 2096/1616/1
f 2011/1621/1 1979/1617/1 2012/1608/1
f 2053/1622/1 2067/1619/1 2054/1618/1
f 2053/1622/1 2068/1623/1 2067/1619/1
f 2075/1624/1 2097/1/1 2076/1620/1
f 2052/1625/1 2068/1623/1 2053/1622/1
f 2052/1625/1 2069/1626/1 2068/1623/1
f 2011/1621/1 1980/1627/1 1979/1617/1
f 2074/1628/1 2097/1/1 2075/1624/1
f 2051/1629/1 2069/1626/1 2052/1625/1
f 2051/1629/1 2070/1002/1 2069/1626/1
f 2074/1628/1 2073/1630/1 2097/1/1
f 2073/1630/1 2072/1631/1 2097/1/1
f 2010/1632/1 1980/1627/1 2011/1621/1
f 2050/1633/1 2070/1002/1 2051/1629/1
f 2050/1633/1 2071/1634/1 2070/1002/1
f 2010/1632/1 1981/1635/1 1980/1627/1
f 2049/1636/1 2071/1634/1 2050/1633/1
f 2048/1637/1 2071/1634/1 2049/1636/1
f 2009/1638/1 1981/1635/1 2010/1632/1
f 2047/1639/1 2071/1634/1 2048/1637/1
f 2047/1639/1 2046/1640/1 2071/1634/1
f 2009/1638/1 1982/1641/1 1981/1635/1
f 2009/1638/1 1983/1642/1 1982/1641/1
f 2008/1643/1 1983/1642/1 2009/1638/1
f 2008/1643/1 1984/1644/1 1983/1642/1
f 2007/1645/1 1984/1644/1 2008/1643/1
f 2007/1645/1 1985/1646/1 1984/1644/1
f 2006/1647/1 1985/1646/1 2007/1645/1
f 2006/1647/1 1986/1648/1 1985/1646/1
f 2006/1647/1 1987/1649/1 1986/1648/1
f 2005/1650/1 1987/1649/1 2006/1647/1
f 2005/1650/1 1988/1651/1 1987/1649/1
f 2005/1650/1 1989/875/1 1988/1651/1
f 2004/1652/1 1989/875/1 2005/1650/1
f 2004/1652/1 1990/1653/1 1989/875/1
f 2004/1652/1 1991/1654/1 1990/1653/1
f 2003/1655/1 1991/1654/1 2004/1652/1
f 2003/1655/1 1992/1656/1 1991/1654/1
f 2003/1655/1 1993/1657/1 1992/1656/1
f 2003/1655/1 1994/1658/1 1993/1657/1
f 2003/1655/1 1995/1659/1 1994/1658/1
f 2003/1655/1 1996/1660/1 1995/1659/1
f 2002/1661/1 1996/1660/1 2003/1655/1
f 2001/1662/1 1996/1660/1 2002/1661/1
f 2000/1663/1 1996/1660/1 2001/1662/1
f 1999/1664/1 1996/1660/1 2000/1663/1
f 1998/1665/1 1996/1660/1 1999/1664/1
f 1997/1666/1 1996/1660/1 1998/1665/1
f 2108/1667/1 2110/1668/1 2109/1669/1
f 2107/1670/1 2110/1668/1 2108/1667/1
f 2106/1671/1 2110/1668/1 2107/1670/1
f 2105/1672/1 2110/1668/1 2106/1671/1
f 2104/1673/1 2110/1668/1 2105/1672/1
f 2104/1673/1 2111/1674/1 2110/1668/1
f 2103/1675/1 2111/1674/1 2104/1673/1
f 2102/1676/1 2111/1674/1 2103/1675/1
f 2102/1676/1 2112/1677/1 2111/1674/1
f 2102/1676/1 2113/1678/1 2112/1677/1
f 2101/1679/1 2113/1678/1 2102/1676/1
f 2101/1679/1 2114/1680/1 2113/1678/1
f 2100/1681/1 2114/1680/1 2101/1679/1
f 2100/1681/1 2115/1682/1 2114/1680/1
f 2099/1683/1 2115/1682/1 2100/1681/1
f 2099/1683/1 2116/1684/1 2115/1682/1
f 2098/3/1 2116/1684/1 2099/1683/1
f 2098/3/1 2117/576/1 2116/1684/1
f 2174/1/1 2117/576/1 2098/3/1
f 2173/1685/1 2117/576/1 2174/1/1
f 2173/1685/1 2118/1686/1 2117/576/1
f 2172/1687/1 2118/1686/1 2173/1685/1
f 2172/1687/1 2119/1688/1 2118/1686/1
f 2171/1689/1 2119/1688/1 2172/1687/1
f 2171/1689/1 2120/1690/1 2119/1688/1
f 2170/1691/1 2120/1690/1 2171/1689/1
f 2170/1691/1 2121/1692/1 2120/1690/1
f 2169/1693/1 2121/1692/1 2170/1691/1
f 2169/1693/1 2122/1694/1 2121/1692/1
f 2168/1695/1 2122/1694/1 2169/1693/1
f 2168/1695/1 2150/1696/1 2122/1694/1
f 2150/1696/1 2123/1697/1 2122/1694/1
f 2167/1698/1 2150/1696/1 2168/1695/1
f 2166/1699/1 2150/1696/1 2167/1698/1
f 2165/1700/1 2150/1696/1 2166/1699/1
f 2164/1701/1 2150/1696/1 2165/1700/1
f 2163/1702/1 2150/1696/1 2164/1701/1
f 2162/1703/1 2150/1696/1 2163/1702/1
f 2162/1703/1 2151/1704/1 2150/1696/1
f 2149/1705/1 2123/1697/1 2150/1696/1
f 2148/1706/1 2123/1697/1 2149/1705/1
f 2162/1703/1 2152/1707/1 2151/1704/1
f 2161/1708/1 2152/1707/1 2162/1703/1
f 2161/1708/1 2153/1709/1 2152/1707/1
f 2161/1708/1 2154/1710/1 2153/1709/1
f 2161/1708/1 2155/1711/1 2154/1710/1
f 2161/1708/1 2156/1712/1 2155/1711/1
f 2161/1708/1 2157/1713/1 2156/1712/1
f 2161/1708/1 2158/1714/1 2157/1713/1
f 2161/1708/1 2159/1715/1 2158/1714/1
f 2161/1708/1 2160/1716/1 2159/1715/1
f 2147/1717/1 2123/1697/1 2148/1706/1
f 2147/1717/1 2124/1718/1 2123/1697/1
f 2146/1719/1 2124/1718/1 2147/1717/1
f 2146/1719/1 2125/1720/1 2124/1718/1
f 2145/1721/1 2125/1720/1 2146/1719/1
f 2145/1721/1 2126/1722/1 2125/1720/1
f 2144/1723/1 2126/1722/1 2145/1721/1
f 2144/1723/1 2127/1724/1 2126/1722/1
f 2143/1725/1 2127/1724/1 2144/1723/1
f 2143/1725/1 2128/1726/1 2127/1724/1
f 2142/1727/1 2128/1726/1 2143/1725/1
f 2142/1727/1 2129/1728/1 2128/1726/1
f 2142/1727/1 2130/1729/1 2129/1728/1
f 2141/1730/1 2130/1729/1 2142/1727/1
f 2141/1730/1 2131/1731/1 2130/1729/1
f 2140/1732/1 2131/1731/1 2141/1730/1
f 2140/1732/1 2132/1733/1 2131/1731/1
f 2139/1734/1 2132/1733/1 2140/1732/1
f 2139/1734/1 2133/1735/1 2132/1733/1
f 2138/1736/1 2133/1735/1 2139/1734/1
f 2138/1736/1 2134/1737/1 2133/1735/1
f 2137/1738/1 2134/1737/1 2138/1736/1
f 2137/1738/1 2135/1739/1 2134/1737/1
f 2136/386/1 2135/1739/1 2137/1738/1
f 2258/1740/1 2260/1741/1 2259/1742/1
f 2258/1740/1 2261/1743/1 2260/1741/1
f 2332/1744/1 2334/1745/1 2333/1746/1
f 2332/1744/1 2335/1747/1 2334/1745/1
f 2258/1740/1 2262/1748/1 2261/1743/1
f 2257/1749/1 2262/1748/1 2258/1740/1
f 2257/1749/1 2263/1750/1 2262/1748/1
f 2256/1737/1 2263/1750/1 2257/1749/1
f 2332/1744/1 2336/1751/1 2335/1747/1
f 2331/1752/1 2336/1751/1 2332/1744/1
f 2331/1752/1 2337/1691/1 2336/1751/1
f 2330/1753/1 2337/1691/1 2331/1752/1
f 2256/1737/1 2264/1754/1 2263/1750/1
f 2255/1755/1 2264/1754/1 2256/1737/1
f 2330/1753/1 2338/1756/1 2337/1691/1
f 2329/1757/1 2338/1756/1 2330/1753/1
f 2255/1755/1 2265/1736/1 2264/1754/1
f 2254/1758/1 2265/1736/1 2255/1755/1
f 2329/1757/1 2339/1759/1 2338/1756/1
f 2328/1699/1 2339/1759/1 2329/1757/1
f 2254/1758/1 2266/1760/1 2265/1736/1
f 2253/1761/1 2266/1760/1 2254/1758/1
f 2328/1699/1 2340/1762/1 2339/1759/1
f 2327/1607/1 2340/1762/1 2328/1699/1
f 2253/1761/1 2267/1763/1 2266/1760/1
f 2252/1764/1 2267/1763/1 2253/1761/1
f 2327/1607/1 2341/1765/1 2340/1762/1
f 2326/1766/1 2341/1765/1 2327/1607/1
f 2252/1764/1 2268/1767/1 2267/1763/1
f 2251/1645/1 2268/1767/1 2252/1764/1
f 2326/1766/1 2342/1768/1 2341/1765/1
f 2325/1769/1 2342/1768/1 2326/1766/1
f 2251/1645/1 2269/1770/1 2268/1767/1
f 2250/1771/1 2269/1770/1 2251/1645/1
f 2325/1769/1 2343/1772/1 2342/1768/1
f 2324/1773/1 2343/1772/1 2325/1769/1
f 2324/1773/1 2344/1774/1 2343/1772/1
f 2250/1771/1 2270/1555/1 2269/1770/1
f 2249/1775/1 2270/1555/1 2250/1771/1
f 2323/1776/1 2344/1774/1 2324/1773/1
f 2323/1776/1 2345/1777/1 2344/1774/1
f 2322/1778/1 2345/1777/1 2323/1776/1
f 2249/1775/1 2271/1779/1 2270/1555/1
f 2248/1780/1 2271/1779/1 2249/1775/1
f 2322/1778/1 2346/1/1 2345/1777/1
f 2321/1781/1 2346/1/1 2322/1778/1
f 2248/1780/1 2272/1782/1 2271/1779/1
f 2247/1729/1 2272/1782/1 2248/1780/1
f 2321/1781/1 2273/1783/1 2346/1/1
f 2320/1784/1 2273/1783/1 2321/1781/1
f 2247/1729/1 2175/3/1 2272/1782/1
f 2246/1785/1 2175/3/1 2247/1729/1
f 2319/1703/1 2273/1783/1 2320/1784/1
f 2319/1703/1 2274/1727/1 2273/1783/1
f 2245/1786/1 2175/3/1 2246/1785/1
f 2245/1786/1 2176/1787/1 2175/3/1
f 2244/1788/1 2176/1787/1 2245/1786/1
f 2244/1788/1 2177/1789/1 2176/1787/1
f 2318/1790/1 2274/1727/1 2319/1703/1
f 2318/1790/1 2275/1791/1 2274/1727/1
f 2243/1792/1 2177/1789/1 2244/1788/1
f 2243/1792/1 2178/1793/1 2177/1789/1
f 2242/1794/1 2178/1793/1 2243/1792/1
f 2242/1794/1 2179/1795/1 2178/1793/1
f 2317/1796/1 2275/1791/1 2318/1790/1
f 2317/1796/1 2276/1797/1 2275/1791/1
f 2241/1798/1 2179/1795/1 2242/1794/1
f 2241/1798/1 2180/1799/1 2179/1795/1
f 2240/1800/1 2180/1799/1 2241/1798/1
f 2240/1800/1 2181/1801/1 2180/1799/1
f 2316/1802/1 2276/1797/1 2317/1796/1
f 2316/1802/1 2277/1803/1 2276/1797/1
f 2239/1804/1 2181/1801/1 2240/1800/1
f 2239/1804/1 2182/1805/1 2181/1801/1
f 2238/1722/1 2182/1805/1 2239/1804/1
f 2238/1722/1 2183/1806/1 2182/1805/1
f 2315/1807/1 2277/1803/1 2316/1802/1
f 2315/1807/1 2278/1808/1 2277/1803/1
f 2237/1809/1 2183/1806/1 2238/1722/1
f 2237/1809/1 2184/1676/1 2183/1806/1
f 2236/1810/1 2184/1676/1 2237/1809/1
f 2236/1810/1 2185/1811/1 2184/1676/1
f 2235/1812/1 2185/1811/1 2236/1810/1
f 2235/1812/1 2186/1813/1 2185/1811/1
f 2314/1814/1 2278/1808/1 2315/1807/1
f 2314/1814/1 2279/1815/1 2278/1808/1
f 2234/1816/1 2186/1813/1 2235/1812/1
f 2234/1816/1 2187/1817/1 2186/1813/1
f 2313/1818/1 2279/1815/1 2314/1814/1
f 2313/1818/1 2280/1819/1 2279/1815/1
f 2233/1820/1 2187/1817/1 2234/1816/1
f 2233/1820/1 2188/1821/1 2187/1817/1
f 2312/1822/1 2280/1819/1 2313/1818/1
f 2312/1822/1 2281/1823/1 2280/1819/1
f 2232/875/1 2188/1821/1 2233/1820/1
f 2311/1824/1 2281/1823/1 2312/1822/1
f 2311/1824/1 2282/1825/1 2281/1823/1
f 2232/875/1 2189/1826/1 2188/1821/1
f 2231/1827/1 2189/1826/1 2232/875/1
f 2310/1714/1 2282/1825/1 2311/1824/1
f 2310/1714/1 2283/1719/1 2282/1825/1
f 2309/1828/1 2283/1719/1 2310/1714/1
f 2309/1828/1 2284/1829/1 2283/1719/1
f 2230/1830/1 2189/1826/1 2231/1827/1
f 2230/1830/1 2190/1831/1 2189/1826/1
f 2308/1592/1 2284/1829/1 2309/1828/1
f 2308/1592/1 2285/1832/1 2284/1829/1
f 2308/1592/1 2286/1833/1 2285/1832/1
f 2307/1834/1 2286/1833/1 2308/1592/1
f 2307/1834/1 2287/1835/1 2286/1833/1
f 2306/1836/1 2287/1835/1 2307/1834/1
f 2229/1694/1 2190/1831/1 2230/1830/1
f 2306/1836/1 2288/1837/1 2287/1835/1
f 2305/1838/1 2288/1837/1 2306/1836/1
f 2305/1838/1 2289/890/1 2288/1837/1
f 2304/1839/1 2289/890/1 2305/1838/1
f 2229/1694/1 2191/1840/1 2190/1831/1
f 2304/1839/1 2290/1841/1 2289/890/1
f 2303/1842/1 2290/1841/1 2304/1839/1
f 2303/1842/1 2291/1843/1 2290/1841/1
f 2302/1844/1 2291/1843/1 2303/1842/1
f 2228/1845/1 2191/1840/1 2229/1694/1
f 2302/1844/1 2292/1696/1 2291/1843/1
f 2301/1710/1 2292/1696/1 2302/1844/1
f 2301/1710/1 2293/1846/1 2292/1696/1
f 2300/1847/1 2293/1846/1 2301/1710/1
f 2300/1847/1 2294/1848/1 2293/1846/1
f 2299/1849/1 2294/1848/1 2300/1847/1
f 2299/1849/1 2295/1850/1 2294/1848/1
f 2298/1851/1 2295/1850/1 2299/1849/1
f 2227/1852/1 2191/1840/1 2228/1845/1
f 2227/1852/1 2192/1853/1 2191/1840/1
f 2298/1851/1 2296/1854/1 2295/1850/1
f 2297/1855/1 2296/1854/1 2298/1851/1
f 2226/1856/1 2192/1853/1 2227/1852/1
f 2226/1856/1 2193/1671/1 2192/1853/1
f 2225/1857/1 2193/1671/1 2226/1856/1
f 2224/1858/1 2193/1671/1 2225/1857/1
f 2224/1858/1 2194/1517/1 2193/1671/1
f 2223/1859/1 2194/1517/1 2224/1858/1
f 2223/1859/1 2195/1860/1 2194/1517/1
f 2222/1861/1 2195/1860/1 2223/1859/1
f 2221/1862/1 2195/1860/1 2222/1861/1
f 2221/1862/1 2196/1863/1 2195/1860/1
f 2220/1686/1 2196/1863/1 2221/1862/1
f 2220/1686/1 2197/1864/1 2196/1863/1
f 2219/1865/1 2197/1864/1 2220/1686/1
f 2218/1866/1 2197/1864/1 2219/1865/1
f 2218/1866/1 2198/1867/1 2197/1864/1
f 2217/1868/1 2198/1867/1 2218/1866/1
f 2216/1869/1 2198/1867/1 2217/1868/1
f 2216/1869/1 2199/1870/1 2198/1867/1
f 2215/1871/1 2199/1870/1 2216/1869/1
f 2214/1872/1 2199/1870/1 2215/1871/1
f 2214/1872/1 2200/1873/1 2199/1870/1
f 2213/1573/1 2200/1873/1 2214/1872/1
f 2212/1874/1 2200/1873/1 2213/1573/1
f 2211/1680/1 2200/1873/1 2212/1874/1
f 2211/1680/1 2201/1875/1 2200/1873/1
f 2210/1876/1 2201/1875/1 2211/1680/1
f 2210/1876/1 2202/1668/1 2201/1875/1
f 2210/1876/1 2203/1877/1 2202/1668/1
f 2210/1876/1 2204/1878/1 2203/1877/1
f 2210/1876/1 2205/1879/1 2204/1878/1
f 2210/1876/1 2206/1880/1 2205/1879/1
f 2210/1876/1 2207/1881/1 2206/1880/1
f 2210/1876/1 2208/1882/1 2207/1881/1
f 2210/1876/1 2209/1883/1 2208/1882/1
f 2503/1884/1 2457/1885/1 2504/1886/1
f 2502/1887/1 2457/1885/1 2503/1884/1
f 2502/1887/1 2458/1888/1 2457/1885/1
f 2501/1889/1 2458/1888/1 2502/1887/1
f 2501/1889/1 2459/1890/1 2458/1888/1
f 2500/1891/1 2459/1890/1 2501/1889/1
f 2500/1891/1 2460/1892/1 2459/1890/1
f 2499/1893/1 2460/1892/1 2500/1891/1
f 2499/1893/1 2461/1894/1 2460/1892/1
f 2499/1893/1 2462/1555/1 2461/1894/1
f 2498/1895/1 2462/1555/1 2499/1893/1
f 2498/1895/1 2463/1896/1 2462/1555/1
f 2497/1897/1 2463/1896/1 2498/1895/1
f 2497/1897/1 2464/1898/1 2463/1896/1
f 2496/1899/1 2464/1898/1 2497/1897/1
f 2496/1899/1 2465/1900/1 2464/1898/1
f 2495/1901/1 2465/1900/1 2496/1899/1
f 2495/1901/1 2432/1902/1 2465/1900/1
f 2432/1902/1 2466/1903/1 2465/1900/1
f 2494/1904/1 2433/1905/1 2495/1901/1
f 2433/1905/1 2432/1902/1 2495/1901/1
f 2431/1906/1 2466/1903/1 2432/1902/1
f 2430/1907/1 2466/1903/1 2431/1906/1
f 2494/1904/1 2434/1908/1 2433/1905/1
f 2429/1909/1 2466/1903/1 2430/1907/1
f 2494/1904/1 2435/1910/1 2434/1908/1
f 2428/1911/1 2466/1903/1 2429/1909/1
f 2494/1904/1 2436/1912/1 2435/1910/1
f 2427/1913/1 2466/1903/1 2428/1911/1
f 2494/1904/1 2437/1914/1 2436/1912/1
f 2427/1913/1 2467/1915/1 2466/1903/1
f 2493/1916/1 2437/1914/1 2494/1904/1
f 2493/1916/1 2438/1917/1 2437/1914/1
f 2426/1918/1 2467/1915/1 2427/1913/1
f 2493/1916/1 2439/1645/1 2438/1917/1
f 2425/1919/1 2467/1915/1 2426/1918/1
f 2493/1916/1 2440/1920/1 2439/1645/1
f 2424/1921/1 2467/1915/1 2425/1919/1
f 2493/1916/1 2441/1922/1 2440/1920/1
f 2423/1923/1 2467/1915/1 2424/1921/1
f 2423/1923/1 2468/1924/1 2467/1915/1
f 2492/1925/1 2441/1922/1 2493/1916/1
f 2492/1925/1 2442/1926/1 2441/1922/1
f 2422/1927/1 2468/1924/1 2423/1923/1
f 2492/1925/1 2443/1928/1 2442/1926/1
f 2554/1/1 2506/1929/1 2505/1930/1
f 2421/1931/1 2468/1924/1 2422/1927/1
f 2492/1925/1 2444/1932/1 2443/1928/1
f 2420/1933/1 2468/1924/1 2421/1931/1
f 2492/1925/1 2445/1934/1 2444/1932/1
f 2419/1935/1 2468/1924/1 2420/1933/1
f 2419/1935/1 2469/1936/1 2468/1924/1
f 2491/1937/1 2445/1934/1 2492/1925/1
f 2418/1938/1 2469/1936/1 2419/1935/1
f 2491/1937/1 2446/1939/1 2445/1934/1
f 2417/1940/1 2469/1936/1 2418/1938/1
f 2491/1937/1 2447/1941/1 2446/1939/1
f 2416/875/1 2469/1936/1 2417/1940/1
f 2491/1937/1 2448/1942/1 2447/1941/1
f 2490/1943/1 2448/1942/1 2491/1937/1
f 2416/875/1 2470/1944/1 2469/1936/1
f 2415/1945/1 2470/1944/1 2416/875/1
f 2490/1943/1 2449/1946/1 2448/1942/1
f 2554/1/1 2507/1947/1 2506/1929/1
f 2414/1948/1 2470/1944/1 2415/1945/1
f 2490/1943/1 2450/1949/1 2449/1946/1
f 2553/1950/1 2507/1947/1 2554/1/1
f 2413/1951/1 2470/1944/1 2414/1948/1
f 2490/1943/1 2451/1952/1 2450/1949/1
f 2412/1953/1 2470/1944/1 2413/1951/1
f 2490/1943/1 2452/1954/1 2451/1952/1
f 2489/1955/1 2452/1954/1 2490/1943/1
f 2412/1953/1 2471/1956/1 2470/1944/1
f 2489/1955/1 2453/1957/1 2452/1954/1
f 2411/1958/1 2471/1956/1 2412/1953/1
f 2489/1955/1 2454/1959/1 2453/1957/1
f 2410/1960/1 2471/1956/1 2411/1958/1
f 2489/1955/1 2455/1961/1 2454/1959/1
f 2409/1962/1 2471/1956/1 2410/1960/1
f 2489/1955/1 2456/1963/1 2455/1961/1
f 2456/1963/1 2471/1956/1 2409/1962/1
f 2489/1955/1 2471/1956/1 2456/1963/1
f 2553/1950/1 2508/1592/1 2507/1947/1
f 2488/1964/1 2471/1956/1 2489/1955/1
f 2488/1964/1 2472/1965/1 2471/1956/1
f 2487/1966/1 2472/1965/1 2488/1964/1
f 2487/1966/1 2473/1967/1 2472/1965/1
f 2553/1950/1 2509/1968/1 2508/1592/1
f 2552/1969/1 2509/1968/1 2553/1950/1
f 2486/1970/1 2473/1967/1 2487/1966/1
f 2486/1970/1 2474/1971/1 2473/1967/1
f 2551/1972/1 2509/1968/1 2552/1969/1
f 2485/890/1 2474/1971/1 2486/1970/1
f 2485/890/1 2475/1973/1 2474/1971/1
f 2551/1972/1 2510/1974/1 2509/1968/1
f 2484/1975/1 2475/1973/1 2485/890/1
f 2484/1975/1 2476/1976/1 2475/1973/1
f 2484/1975/1 2477/1977/1 2476/1976/1
f 2483/1978/1 2477/1977/1 2484/1975/1
f 2550/1979/1 2510/1974/1 2551/1972/1
f 2550/1979/1 2511/1980/1 2510/1974/1
f 2483/1978/1 2478/1981/1 2477/1977/1
f 2482/1982/1 2478/1981/1 2483/1978/1
f 2482/1982/1 2479/1983/1 2478/1981/1
f 2481/1984/1 2479/1983/1 2482/1982/1
f 2481/1984/1 2480/1985/1 2479/1983/1
f 2549/1986/1 2511/1980/1 2550/1979/1
f 2549/1986/1 2512/1987/1 2511/1980/1
f 2548/1988/1 2512/1987/1 2549/1986/1
f 2548/1988/1 2513/1989/1 2512/1987/1
f 2547/1990/1 2513/1989/1 2548/1988/1
f 2547/1990/1 2514/1991/1 2513/1989/1
f 2546/1992/1 2514/1991/1 2547/1990/1
f 2546/1992/1 2515/1993/1 2514/1991/1
f 2545/1994/1 2515/1993/1 2546/1992/1
f 2545/1994/1 2516/1995/1 2515/1993/1
f 2544/1996/1 2516/1995/1 2545/1994/1
f 2544/1996/1 2517/1997/1 2516/1995/1
f 2543/1998/1 2517/1997/1 2544/1996/1
f 2543/1998/1 2518/1999/1 2517/1997/1
f 2542/2000/1 2518/1999/1 2543/1998/1
f 2542/2000/1 2519/2001/1 2518/1999/1
f 2541/2002/1 2519/2001/1 2542/2000/1
f 2541/2002/1 2520/2003/1 2519/2001/1
f 2540/2004/1 2520/2003/1 2541/2002/1
f 2540/2004/1 2521/2005/1 2520/2003/1
f 2539/2006/1 2521/2005/1 2540/2004/1
f 2539/2006/1 2522/2007/1 2521/2005/1
f 2538/2008/1 2522/2007/1 2539/2006/1
f 2538/2008/1 2523/2009/1 2522/2007/1
f 2537/2010/1 2523/2009/1 2538/2008/1
f 2537/2010/1 2524/2011/1 2523/2009/1
f 2536/2012/1 2524/2011/1 2537/2010/1
f 2536/2012/1 2525/2013/1 2524/2011/1
f 2535/2014/1 2525/2013/1 2536/2012/1
f 2535/2014/1 2526/2015/1 2525/2013/1
f 2534/2016/1 2526/2015/1 2535/2014/1
f 2534/2016/1 2527/2017/1 2526/2015/1
f 2533/2018/1 2527/2017/1 2534/2016/1
f 2533/2018/1 2528/2019/1 2527/2017/1
f 2532/2020/1 2528/2019/1 2533/2018/1
f 2532/2020/1 2529/2021/1 2528/2019/1
f 2531/1607/1 2529/2021/1 2532/2020/1
f 2530/2022/1 2529/2021/1 2531/1607/1
f 2407/2023/1 2347/3/1 2408/2024/1
f 2407/2023/1 2348/2025/1 2347/3/1
f 2406/2026/1 2348/2025/1 2407/2023/1
f 2406/2026/1 2349/2027/1 2348/2025/1
f 2406/2026/1 2350/2028/1 2349/2027/1
f 2406/2026/1 2351/2029/1 2350/2028/1
f 2406/2026/1 2352/2030/1 2351/2029/1
f 2406/2026/1 2353/2031/1 2352/2030/1
f 2405/2032/1 2353/2031/1 2406/2026/1
f 2405/2032/1 2354/2033/1 2353/2031/1
f 2405/2032/1 2355/2034/1 2354/2033/1
f 2405/2032/1 2356/2035/1 2355/2034/1
f 2405/2032/1 2357/2036/1 2356/2035/1
f 2405/2032/1 2358/2037/1 2357/2036/1
f 2404/2038/1 2358/2037/1 2405/2032/1
f 2404/2038/1 2359/2039/1 2358/2037/1
f 2404/2038/1 2360/2040/1 2359/2039/1
f 2404/2038/1 2361/2041/1 2360/2040/1
f 2403/2042/1 2361/2041/1 2404/2038/1
f 2403/2042/1 2362/2043/1 2361/2041/1
f 2402/2044/1 2362/2043/1 2403/2042/1
f 2402/2044/1 2363/2045/1 2362/2043/1
f 2402/2044/1 2364/2046/1 2363/2045/1
f 2401/2047/1 2364/2046/1 2402/2044/1
f 2401/2047/1 2365/2048/1 2364/2046/1
f 2400/2049/1 2365/2048/1 2401/2047/1
f 2400/2049/1 2366/2050/1 2365/2048/1
f 2399/2051/1 2366/2050/1 2400/2049/1
f 2399/2051/1 2367/2052/1 2366/2050/1
f 2398/2053/1 2367/2052/1 2399/2051/1
f 2398/2053/1 2368/2054/1 2367/2052/1
f 2397/2055/1 2368/2054/1 2398/2053/1
f 2397/2055/1 2369/2056/1 2368/2054/1
f 2396/2057/1 2369/2056/1 2397/2055/1
f 2396/2057/1 2370/1517/1 2369/2056/1
f 2395/2058/1 2370/1517/1 2396/2057/1
f 2394/2059/1 2370/1517/1 2395/2058/1
f 2394/2059/1 2371/2060/1 2370/1517/1
f 2393/1573/1 2371/2060/1 2394/2059/1
f 2393/1573/1 2372/2061/1 2371/2060/1
f 2392/2062/1 2372/2061/1 2393/1573/1
f 2392/2062/1 2373/2063/1 2372/2061/1
f 2391/2064/1 2373/2063/1 2392/2062/1
f 2391/2064/1 2374/2065/1 2373/2063/1
f 2390/2066/1 2374/2065/1 2391/2064/1
f 2390/2066/1 2375/2067/1 2374/2065/1
f 2389/2068/1 2375/2067/1 2390/2066/1
f 2389/2068/1 2376/2069/1 2375/2067/1
f 2388/2070/1 2376/2069/1 2389/2068/1
f 2388/2070/1 2377/2071/1 2376/2069/1
f 2387/2072/1 2377/2071/1 2388/2070/1
f 2387/2072/1 2378/2073/1 2377/2071/1
f 2386/2074/1 2378/2073/1 2387/2072/1
f 2386/2074/1 2379/2075/1 2378/2073/1
f 2385/2076/1 2379/2075/1 2386/2074/1
f 2385/2076/1 2380/2077/1 2379/2075/1
f 2384/2078/1 2380/2077/1 2385/2076/1
f 2384/2078/1 2381/2079/1 2380/2077/1
f 2384/2078/1 2382/2080/1 2381/2079/1
f 2383/2081/1 2382/2080/1 2384/2078/1
f 2580/1/6 2555/3/6 2556/2/6
f 2580/1/6 2556/2/6 2557/4/6
f 2580/1/6 2557/4/6 2558/5/6
f 2580/1/6 2558/5/6 2559/6/6
f 2580/1/6 2559/6/6 2560/7/6
f 2579/8/6 2580/1/6 2560/7/6
f 2579/8/6 2560/7/6 2561/9/6
f 2578/10/6 2579/8/6 2561/9/6
f 2578/10/6 2561/9/6 2562/11/6
f 2577/12/6 2578/10/6 2562/11/6
f 2577/12/6 2562/11/6 2563/13/6
f 2576/14/6 2577/12/6 2563/13/6
f 2576/14/6 2563/13/6 2564/15/6
f 2575/16/6 2576/14/6 2564/15/6
f 2575/16/6 2564/15/6 2565/17/6
f 2574/18/6 2575/16/6 2565/17/6
f 2574/18/6 2565/17/6 2566/19/6
f 2573/20/6 2574/18/6 2566/19/6
f 2573/20/6 2566/19/6 2567/21/6
f 2572/22/6 2573/20/6 2567/21/6
f 2571/23/6 2572/22/6 2567/21/6
f 2571/23/6 2567/21/6 2570/24/6
f 2570/24/6 2567/21/6 2569/25/6
f 2569/25/6 2567/21/6 2568/26/6
f 2629/27/6 2630/29/6 2631/28/6
f 2629/27/6 2631/28/6 2632/30/6
f 2628/7/6 2629/27/6 2632/30/6
f 2628/7/6 2632/30/6 2633/31/6
f 2628/7/6 2633/31/6 2634/32/6
f 2628/7/6 2634/32/6 2635/33/6
f 2628/7/6 2635/33/6 2636/34/6
f 2627/35/6 2628/7/6 2636/34/6
f 2627/35/6 2636/34/6 2637/36/6
f 2627/35/6 2637/36/6 2638/37/6
f 2627/35/6 2638/37/6 2639/38/6
f 2626/39/6 2627/35/6 2639/38/6
f 2626/39/6 2639/38/6 2640/40/6
f 2626/39/6 2640/40/6 2641/41/6
f 2626/39/6 2641/41/6 2642/42/6
f 2626/39/6 2642/42/6 2643/43/6
f 2625/44/6 2626/39/6 2643/43/6
f 2625/44/6 2643/43/6 2644/45/6
f 2624/46/6 2625/44/6 2644/45/6
f 2593/47/6 2594/49/6 2595/48/6
f 2623/50/6 2624/46/6 2644/45/6
f 2622/51/6 2623/50/6 2644/45/6
f 2593/47/6 2595/48/6 2596/52/6
f 2592/53/6 2593/47/6 2596/52/6
f 2621/54/6 2622/51/6 2644/45/6
f 2592/53/6 2596/52/6 2597/55/6
f 2620/56/6 2621/54/6 2644/45/6
f 2619/57/6 2620/56/6 2644/45/6
f 2592/53/6 2597/55/6 2598/58/6
f 2655/59/6 2656/61/6 2657/60/6
f 2654/62/6 2655/59/6 2657/60/6
f 2653/63/6 2654/62/6 2657/60/6
f 2652/64/6 2653/63/6 2657/60/6
f 2652/64/6 2657/60/6 2658/65/6
f 2651/66/6 2652/64/6 2658/65/6
f 2650/67/6 2651/66/6 2658/65/6
f 2649/68/6 2650/67/6 2658/65/6
f 2591/69/6 2592/53/6 2598/58/6
f 2648/70/6 2649/68/6 2658/65/6
f 2648/70/6 2658/65/6 2659/71/6
f 2647/72/6 2648/70/6 2659/71/6
f 2646/73/6 2647/72/6 2659/71/6
f 2619/57/6 2644/45/6 2645/74/6
f 2645/74/6 2646/73/6 2659/71/6
f 2619/57/6 2645/74/6 2659/71/6
f 2619/57/6 2659/71/6 2660/75/6
f 2618/76/6 2619/57/6 2617/77/6
f 2617/77/6 2619/57/6 2660/75/6
f 2616/78/6 2617/77/6 2660/75/6
f 2616/78/6 2660/75/6 2661/79/6
f 2615/80/6 2616/78/6 2661/79/6
f 2614/81/6 2615/80/6 2661/79/6
f 2613/82/6 2614/81/6 2661/79/6
f 2612/83/6 2613/82/6 2661/79/6
f 2611/84/6 2612/83/6 2661/79/6
f 2610/85/6 2611/84/6 2661/79/6
f 2609/86/6 2610/85/6 2661/79/6
f 2803/87/6 2804/89/6 2805/88/6
f 2608/90/6 2609/86/6 2661/79/6
f 2607/91/6 2608/90/6 2661/79/6
f 2816/1/6 2607/91/6 2661/79/6
f 2815/92/6 2816/1/6 2661/79/6
f 2814/93/6 2815/92/6 2661/79/6
f 2803/87/6 2805/88/6 2806/94/6
f 2813/95/6 2814/93/6 2661/79/6
f 2812/96/6 2813/95/6 2661/79/6
f 2803/87/6 2806/94/6 2807/97/6
f 2811/98/6 2812/96/6 2661/79/6
f 2803/87/6 2807/97/6 2808/99/6
f 2810/100/6 2811/98/6 2661/79/6
f 2803/87/6 2808/99/6 2809/101/6
f 2809/101/6 2810/100/6 2661/79/6
f 2803/87/6 2809/101/6 2661/79/6
f 2803/87/6 2661/79/6 2662/102/6
f 2590/103/6 2591/69/6 2598/58/6
f 2590/103/6 2598/58/6 2599/104/6
f 2803/87/6 2662/102/6 2663/105/6
f 2589/106/6 2590/103/6 2599/104/6
f 2803/87/6 2663/105/6 2802/107/6
f 2802/107/6 2663/105/6 2801/108/6
f 2801/108/6 2663/105/6 2800/109/6
f 2800/109/6 2663/105/6 2799/110/6
f 2799/110/6 2663/105/6 2664/111/6
f 2589/106/6 2599/104/6 2600/112/6
f 2799/110/7 2664/111/7 2798/113/7
f 2798/113/6 2664/111/6 2797/114/6
f 2797/114/6 2664/111/6 2796/115/6
f 2796/115/6 2664/111/6 2795/116/6
f 2795/116/6 2664/111/6 2791/117/6
f 2791/117/6 2664/111/6 2790/118/6
f 2790/118/6 2664/111/6 2764/119/6
f 2764/119/6 2664/111/6 2765/120/6
f 2765/120/6 2664/111/6 2763/121/6
f 2763/121/6 2664/111/6 2762/122/6
f 2762/122/6 2664/111/6 2761/123/6
f 2761/123/6 2664/111/6 2760/124/6
f 2760/124/6 2664/111/6 2759/125/6
f 2759/125/6 2664/111/6 2665/126/6
f 2588/127/6 2589/106/6 2600/112/6
f 2588/127/6 2600/112/6 2601/128/6
f 2759/125/6 2665/126/6 2758/129/6
f 2758/129/6 2665/126/6 2757/130/6
f 2757/130/6 2665/126/6 2756/131/6
f 2756/131/6 2665/126/6 2755/132/6
f 2755/132/6 2665/126/6 2754/133/6
f 2754/133/6 2665/126/6 2753/134/6
f 2753/134/6 2665/126/6 2752/135/6
f 2752/135/6 2665/126/6 2666/136/6
f 2751/137/6 2752/135/6 2666/136/6
f 2750/138/6 2751/137/6 2666/136/6
f 2587/139/6 2588/127/6 2601/128/6
f 2749/140/6 2750/138/6 2666/136/6
f 2765/120/6 2763/121/6 2764/119/6
f 2764/119/6 2765/120/6 2766/141/6
f 2790/118/6 2764/119/6 2766/141/6
f 2748/142/6 2749/140/6 2666/136/6
f 2747/143/6 2748/142/6 2666/136/6
f 2747/143/6 2666/136/6 2667/144/6
f 2746/145/6 2747/143/6 2667/144/6
f 2587/139/6 2601/128/6 2602/146/6
f 2789/147/6 2790/118/6 2766/141/6
f 2745/148/6 2746/145/6 2667/144/6
f 2788/149/6 2789/147/6 2766/141/6
f 2788/149/6 2766/141/6 2767/150/6
f 2744/151/6 2745/148/6 2667/144/6
f 2795/116/8 2791/117/8 2792/152/8
f 2795/116/9 2792/152/9 2794/153/9
f 2794/153/10 2792/152/10 2793/154/10
f 2586/155/6 2587/139/6 2602/146/6
f 2743/156/6 2744/151/6 2667/144/6
f 2743/156/6 2667/144/6 2668/157/6
f 2742/158/6 2743/156/6 2668/157/6
f 2586/155/6 2602/146/6 2603/159/6
f 2787/160/6 2788/149/6 2767/150/6
f 2741/161/6 2742/158/6 2668/157/6
f 2585/162/6 2586/155/6 2603/159/6
f 2787/160/6 2767/150/6 2768/163/6
f 2741/161/6 2668/157/6 2669/164/6
f 2585/162/6 2603/159/6 2604/165/6
f 2740/166/6 2741/161/6 2669/164/6
f 2584/167/6 2585/162/6 2604/165/6
f 2786/168/6 2787/160/6 2768/163/6
f 2740/166/6 2669/164/6 2670/169/6
f 2786/168/6 2768/163/6 2769/16/6
f 2739/170/6 2740/166/6 2670/169/6
f 2584/167/6 2604/165/6 2605/171/6
f 2583/172/6 2584/167/6 2605/171/6
f 2739/170/6 2670/169/6 2671/173/6
f 2738/174/6 2739/170/6 2671/173/6
f 2583/172/6 2605/171/6 2606/175/6
f 2785/176/6 2786/168/6 2769/16/6
f 2785/176/6 2769/16/6 2770/177/6
f 2582/178/6 2583/172/6 2606/175/6
f 2737/179/6 2738/174/6 2671/173/6
f 2737/179/6 2671/173/6 2672/180/6
f 2582/178/6 2606/175/6 2581/3/6
f 2784/181/6 2785/176/6 2770/177/6
f 2736/182/6 2737/179/6 2672/180/6
f 2784/181/6 2770/177/6 2771/183/6
f 2736/182/6 2672/180/6 2673/184/6
f 2735/185/6 2736/182/6 2673/184/6
f 2783/186/6 2784/181/6 2771/183/6
f 2735/185/6 2673/184/6 2674/187/6
f 2734/188/6 2735/185/6 2674/187/6
f 2783/186/6 2771/183/6 2772/189/6
f 2734/188/6 2674/187/6 2675/17/6
f 2733/190/6 2734/188/6 2675/17/6
f 2782/191/6 2783/186/6 2772/189/6
f 2782/191/6 2772/189/6 2773/192/6
f 2732/193/6 2733/190/6 2675/17/6
f 2732/193/6 2675/17/6 2676/194/6
f 2781/195/6 2782/191/6 2773/192/6
f 2731/196/6 2732/193/6 2676/194/6
f 2731/196/6 2676/194/6 2677/197/6
f 2730/198/6 2731/196/6 2677/197/6
f 2781/195/6 2773/192/6 2774/199/6
f 2780/200/6 2781/195/6 2774/199/6
f 2729/201/6 2730/198/6 2677/197/6
f 2729/201/6 2677/197/6 2678/202/6
f 2728/203/6 2729/201/6 2678/202/6
f 2727/204/6 2728/203/6 2678/202/6
f 2704/205/6 2705/207/6 2706/206/6
f 2727/204/6 2678/202/6 2679/208/6
f 2780/200/6 2774/199/6 2775/209/6
f 2726/210/6 2727/204/6 2679/208/6
f 2725/211/6 2726/210/6 2679/208/6
f 2704/205/6 2706/206/6 2707/212/6
f 2779/213/6 2780/200/6 2775/209/6
f 2704/205/6 2707/212/6 2708/214/6
f 2724/215/6 2725/211/6 2679/208/6
f 2704/205/6 2708/214/6 2709/216/6
f 2723/217/6 2724/215/6 2679/208/6
f 2704/205/6 2709/216/6 2710/218/6
f 2722/24/6 2723/217/6 2679/208/6
f 2704/205/6 2710/218/6 2711/219/6
f 2704/205/6 2711/219/6 2712/220/6
f 2721/221/6 2722/24/6 2679/208/6
f 2704/205/6 2712/220/6 2713/222/6
f 2720/223/6 2721/221/6 2679/208/6
f 2704/205/6 2713/222/6 2714/224/6
f 2719/225/6 2720/223/6 2679/208/6
f 2704/205/6 2714/224/6 2715/226/6
f 2718/227/6 2719/225/6 2679/208/6
f 2704/205/6 2715/226/6 2716/228/6
f 2717/229/6 2718/227/6 2679/208/6
f 2704/205/6 2716/228/6 2717/229/6
f 2704/205/6 2717/229/6 2679/208/6
f 2704/205/6 2679/208/6 2680/230/6
f 2778/231/6 2779/213/6 2775/209/6
f 2778/231/6 2775/209/6 2776/232/6
f 2704/205/6 2680/230/6 2681/233/6
f 2704/205/6 2681/233/6 2682/234/6
f 2704/205/6 2682/234/6 2683/235/6
f 2778/231/6 2776/232/6 2777/236/6
f 2704/205/6 2683/235/6 2684/237/6
f 2704/205/6 2684/237/6 2685/238/6
f 2704/205/6 2685/238/6 2686/239/6
f 2704/205/6 2686/239/6 2687/240/6
f 2703/241/6 2704/205/6 2687/240/6
f 2702/242/6 2703/241/6 2687/240/6
f 2702/242/6 2687/240/6 2688/243/6
f 2701/244/6 2702/242/6 2688/243/6
f 2700/245/6 2701/244/6 2688/243/6
f 2699/246/6 2700/245/6 2688/243/6
f 2699/246/6 2688/243/6 2689/247/6
f 2698/248/6 2699/246/6 2689/247/6
f 2697/249/6 2698/248/6 2689/247/6
f 2697/249/6 2689/247/6 2690/250/6
f 2696/251/6 2697/249/6 2690/250/6
f 2695/252/6 2696/251/6 2690/250/6
f 2695/252/6 2690/250/6 2691/253/6
f 2694/254/6 2695/252/6 2691/253/6
f 2693/255/6 2694/254/6 2691/253/6
f 2693/255/6 2691/253/6 2692/256/6
f 2838/257/6 2839/259/6 2827/258/6
f 2827/258/6 2839/259/6 2840/260/6
f 2827/258/6 2840/260/6 2826/261/6
f 2826/261/6 2840/260/6 2831/262/6
f 2831/262/6 2840/260/6 2830/263/6
f 2830/263/6 2840/260/6 2841/264/6
f 2858/265/6 2859/267/6 2860/266/6
f 2858/265/6 2860/266/6 2861/268/6
f 2838/257/6 2827/258/6 2828/269/6
f 2825/270/6 2826/261/6 2831/262/6
f 2825/270/6 2831/262/6 2832/271/6
f 2829/272/6 2830/263/6 2841/264/6
f 2857/273/1 2858/265/1 2861/268/1
f 2856/274/6 2857/273/6 2862/275/6
f 2862/275/6 2857/273/6 2861/268/6
f 2856/274/6 2862/275/6 2863/276/6
f 2838/257/6 2828/269/6 2819/277/6
f 2819/277/6 2828/269/6 2825/270/6
f 2819/277/6 2825/270/6 2832/271/6
f 2819/277/6 2832/271/6 2829/272/6
f 2819/277/6 2829/272/6 2818/278/6
f 2818/278/6 2829/272/6 2823/279/6
f 2823/279/6 2829/272/6 2822/280/6
f 2822/280/6 2829/272/6 2841/264/6
f 2838/257/6 2819/277/6 2820/281/6
f 2817/3/6 2818/278/6 2823/279/6
f 2817/3/6 2823/279/6 2824/282/6
f 2821/283/6 2822/280/6 2841/264/6
f 2854/284/6 2855/285/6 2856/274/6
f 2854/284/6 2856/274/6 2863/276/6
f 2854/284/6 2863/276/6 2864/286/6
f 2854/284/6 2864/286/6 2865/287/6
f 2838/257/6 2820/281/6 2817/3/6
f 2838/257/6 2817/3/6 2824/282/6
f 2838/257/6 2824/282/6 2821/283/6
f 2838/257/6 2821/283/6 2841/264/6
f 2853/288/1 2854/284/1 2865/287/1
f 2894/1/6 2853/288/6 2866/289/6
f 2866/289/1 2853/288/1 2865/287/1
f 2894/1/6 2866/289/6 2867/290/6
f 2837/291/6 2838/257/6 2841/264/6
f 2836/292/6 2837/291/6 2842/293/6
f 2842/293/1 2837/291/1 2841/264/1
f 2836/292/6 2842/293/6 2843/294/6
f 2834/295/6 2835/296/6 2836/292/6
f 2834/295/6 2836/292/6 2843/294/6
f 2834/295/6 2843/294/6 2844/297/6
f 2834/295/6 2844/297/6 2845/298/6
f 2867/290/6 2868/299/6 2834/295/6
f 2834/295/6 2868/299/6 2869/300/6
f 2894/1/6 2867/290/6 2893/301/6
f 2893/301/6 2867/290/6 2834/295/6
f 2892/302/6 2893/301/6 2834/295/6
f 2891/303/6 2892/302/6 2834/295/6
f 2890/304/6 2891/303/6 2834/295/6
f 2889/305/6 2890/304/6 2834/295/6
f 2888/306/6 2889/305/6 2834/295/6
f 2887/307/6 2888/306/6 2834/295/6
f 2887/307/6 2834/295/6 2869/300/6
f 2869/300/6 2834/295/6 2833/308/6
f 2869/300/6 2833/308/6 2852/309/6
f 2886/310/6 2887/307/6 2869/300/6
f 2885/311/6 2886/310/6 2869/300/6
f 2884/312/6 2885/311/6 2869/300/6
f 2883/313/6 2884/312/6 2869/300/6
f 2882/314/6 2883/313/6 2869/300/6
f 2881/315/6 2882/314/6 2870/316/6
f 2870/316/6 2882/314/6 2869/300/6
f 2881/315/6 2870/316/6 2871/317/6
f 2881/315/6 2871/317/6 2872/318/6
f 2881/315/8 2872/318/8 2873/319/8
f 2881/315/6 2873/319/6 2874/320/6
f 2881/315/6 2874/320/6 2875/321/6
f 2881/315/6 2875/321/6 2876/322/6
f 2881/315/8 2876/322/8 2877/323/8
f 2881/315/6 2877/323/6 2878/324/6
f 2881/315/6 2878/324/6 2879/325/6
f 2881/315/8 2879/325/8 2880/326/8
f 3062/327/6 3063/329/6 3038/328/6
f 3061/330/6 3062/327/6 3038/328/6
f 3061/330/6 3038/328/6 3039/331/6
f 3060/332/6 3061/330/6 3039/331/6
f 3060/332/6 3039/331/6 3040/333/6
f 3059/334/6 3060/332/6 3040/333/6
f 3059/334/6 3040/333/6 3041/335/6
f 3058/336/6 3059/334/6 3041/335/6
f 3058/336/6 3041/335/6 3042/337/6
f 3057/338/6 3058/336/6 3042/337/6
f 3057/338/6 3042/337/6 3043/339/6
f 3056/340/6 3057/338/6 3043/339/6
f 3056/340/6 3043/339/6 3044/341/6
f 3055/342/6 3056/340/6 3044/341/6
f 3055/342/6 3044/341/6 3045/343/6
f 3054/344/6 3055/342/6 3045/343/6
f 3054/344/6 3045/343/6 3046/345/6
f 3053/346/6 3054/344/6 3046/345/6
f 3053/346/6 3046/345/6 3047/347/6
f 3052/348/6 3053/346/6 3047/347/6
f 3052/348/6 3047/347/6 3048/349/6
f 3051/350/6 3052/348/6 3048/349/6
f 3051/350/6 3048/349/6 3049/351/6
f 3050/352/6 3051/350/6 3049/351/6
f 3088/353/6 3089/1/6 3064/354/6
f 3087/355/6 3088/353/6 3064/354/6
f 3087/355/6 3064/354/6 3065/356/6
f 3087/355/6 3065/356/6 3066/357/6
f 3086/358/6 3087/355/6 3066/357/6
f 3086/358/6 3066/357/6 3067/359/6
f 3085/360/6 3086/358/6 3067/359/6
f 3085/360/6 3067/359/6 3068/361/6
f 3084/362/6 3085/360/6 3068/361/6
f 3084/362/6 3068/361/6 3069/363/6
f 3083/364/6 3084/362/6 3069/363/6
f 3083/364/6 3069/363/6 3070/365/6
f 3082/366/6 3083/364/6 3070/365/6
f 3082/366/6 3070/365/6 3071/367/6
f 3081/368/6 3082/366/6 3071/367/6
f 3081/368/6 3071/367/6 3072/369/6
f 3080/370/6 3081/368/6 3072/369/6
f 3080/370/6 3072/369/6 3073/371/6
f 3079/372/6 3080/370/6 3073/371/6
f 3079/372/6 3073/371/6 3074/373/6
f 3078/374/6 3079/372/6 3074/373/6
f 3078/374/6 3074/373/6 3075/375/6
f 3077/376/6 3078/374/6 3075/375/6
f 3076/377/6 3077/376/6 3075/375/6
f 2986/378/6 2987/380/6 2988/379/6
f 2986/378/6 2988/379/6 2989/381/6
f 2985/382/6 2986/378/6 2989/381/6
f 2984/383/6 2985/382/6 2989/381/6
f 2984/383/6 2989/381/6 2990/384/6
f 2984/383/6 2990/384/6 2991/385/6
f 2984/383/6 2991/385/6 2992/386/6
f 2983/387/6 2984/383/6 2992/386/6
f 2983/387/6 2992/386/6 2993/388/6
f 2983/387/6 2993/388/6 2994/389/6
f 2983/387/6 2994/389/6 2995/390/6
f 2982/391/6 2983/387/6 2995/390/6
f 2982/391/6 2995/390/6 2996/392/6
f 2999/393/6 3000/395/6 3001/394/6
f 2999/393/6 3001/394/6 3002/396/6
f 2982/391/6 2996/392/6 2997/397/6
f 2982/391/6 2997/397/6 2998/398/6
f 2981/399/6 2982/391/6 2998/398/6
f 2981/399/6 2998/398/6 2999/393/6
f 2981/399/6 2999/393/6 3002/396/6
f 2980/400/6 2981/399/6 3002/396/6
f 2979/401/6 2980/400/6 3002/396/6
f 2978/402/6 2979/401/6 3002/396/6
f 2977/403/6 2978/402/6 3017/404/6
f 3017/404/6 2978/402/6 3002/396/6
f 2977/403/6 3017/404/6 2952/405/6
f 2952/405/6 3017/404/6 3014/406/6
f 3016/407/1 3017/404/1 3002/396/1
f 3015/408/6 3016/407/6 3020/409/6
f 3020/409/1 3016/407/1 3002/396/1
f 3015/408/6 3020/409/6 3021/410/6
f 3019/411/1 3020/409/1 3002/396/1
f 3018/412/6 3019/411/6 3024/413/6
f 3024/413/1 3019/411/1 3002/396/1
f 3018/412/6 3024/413/6 3025/414/6
f 3023/415/6 3024/413/6 3002/396/6
f 3022/416/6 3023/415/6 3003/417/6
f 3003/417/1 3023/415/1 3002/396/1
f 3022/416/6 3003/417/6 3004/418/6
f 2976/419/6 2977/403/6 2952/405/6
f 2975/420/6 2976/419/6 2952/405/6
f 2975/420/6 2952/405/6 2953/421/6
f 2951/422/6 2952/405/6 3014/406/6
f 2975/420/6 2953/421/6 2954/423/6
f 2975/420/6 2954/423/6 2955/424/6
f 2974/425/6 2975/420/6 2955/424/6
f 2974/425/6 2955/424/6 2956/426/6
f 2974/425/6 2956/426/6 2957/427/6
f 2950/428/6 2951/422/6 3014/406/6
f 2973/429/6 2974/425/6 2957/427/6
f 2973/429/6 2957/427/6 2958/430/6
f 2972/431/6 2973/429/6 2958/430/6
f 2971/432/6 2972/431/6 2958/430/6
f 2971/432/6 2958/430/6 2959/433/6
f 2970/434/6 2971/432/6 2959/433/6
f 2969/435/6 2970/434/6 2959/433/6
f 2969/435/6 2959/433/6 2960/436/6
f 2968/437/6 2969/435/6 2960/436/6
f 2967/438/6 2968/437/6 2960/436/6
f 2967/438/6 2960/436/6 2961/439/6
f 2966/440/6 2967/438/6 2961/439/6
f 2966/440/6 2961/439/6 2962/441/6
f 2965/442/6 2966/440/6 2962/441/6
f 2964/443/6 2965/442/6 2962/441/6
f 2964/443/6 2962/441/6 2963/444/6
f 2948/445/6 2949/446/6 2950/428/6
f 2948/445/6 2950/428/6 3014/406/6
f 2948/445/6 3014/406/6 3015/408/6
f 2948/445/6 3015/408/6 3021/410/6
f 2948/445/6 3021/410/6 3018/412/6
f 2948/445/6 3018/412/6 3025/414/6
f 2948/445/6 3025/414/6 3022/416/6
f 2948/445/6 3022/416/6 3004/418/6
f 2948/445/6 3004/418/6 3005/447/6
f 2948/445/6 3005/447/6 3006/448/6
f 2947/449/6 2948/445/6 3006/448/6
f 3013/450/6 2947/449/6 3029/451/6
f 3029/451/1 2947/449/1 3006/448/1
f 3013/450/6 3029/451/6 3026/452/6
f 3028/453/1 3029/451/1 3006/448/1
f 3027/454/6 3028/453/6 3032/455/6
f 3032/455/1 3028/453/1 3006/448/1
f 3027/454/6 3032/455/6 3033/456/6
f 3031/457/1 3032/455/1 3006/448/1
f 3030/458/6 3031/457/6 3036/459/6
f 3036/459/1 3031/457/1 3006/448/1
f 3030/458/6 3036/459/6 3037/460/6
f 3035/461/1 3036/459/1 3006/448/1
f 3034/462/6 3035/461/6 3007/463/6
f 3007/463/1 3035/461/1 3006/448/1
f 3034/462/6 3007/463/6 3008/464/6
f 3011/465/6 3012/466/6 3013/450/6
f 3011/465/6 3013/450/6 3026/452/6
f 3011/465/6 3026/452/6 3027/454/6
f 3011/465/6 3027/454/6 3033/456/6
f 3011/465/6 3033/456/6 3030/458/6
f 3011/465/6 3030/458/6 3037/460/6
f 3011/465/6 3037/460/6 3034/462/6
f 3011/465/6 3034/462/6 3008/464/6
f 3011/465/6 3008/464/6 3009/467/6
f 3011/465/6 3009/467/6 2945/468/6
f 2945/468/6 3009/467/6 2920/469/6
f 2920/469/6 3009/467/6 3010/470/6
f 2945/468/6 2920/469/6 2919/471/6
f 2895/3/6 2920/469/6 3010/470/6
f 3011/465/6 2945/468/6 2944/472/6
f 2946/473/6 2945/468/6 2919/471/6
f 2944/472/6 3011/465/6 2946/473/6
f 2946/473/6 3011/465/6 3010/470/6
f 2946/473/6 3010/470/6 2895/3/6
f 2946/473/6 2895/3/6 2896/474/6
f 2944/472/6 2946/473/6 2921/475/6
f 2896/474/6 2946/473/6 2919/471/6
f 2918/476/6 2919/471/6 2896/474/6
f 2943/477/6 2944/472/6 2921/475/6
f 2918/476/6 2896/474/6 2897/478/6
f 2942/479/6 2943/477/6 2921/475/6
f 2918/476/6 2897/478/6 2898/480/6
f 2941/481/6 2942/479/6 2921/475/6
f 2941/481/6 2921/475/6 2922/482/6
f 2917/483/6 2918/476/6 2898/480/6
f 2917/483/6 2898/480/6 2899/484/6
f 2940/485/6 2941/481/6 2922/482/6
f 2940/485/6 2922/482/6 2923/486/6
f 2916/487/6 2917/483/6 2899/484/6
f 2916/487/6 2899/484/6 2900/488/6
f 2939/489/6 2940/485/6 2923/486/6
f 2915/490/6 2916/487/6 2900/488/6
f 2939/489/6 2923/486/6 2924/491/6
f 2915/490/6 2900/488/6 2901/492/6
f 2938/493/6 2939/489/6 2924/491/6
f 2914/494/6 2915/490/6 2901/492/6
f 2938/493/6 2924/491/6 2925/495/6
f 2914/494/6 2901/492/6 2902/496/6
f 2937/497/6 2938/493/6 2925/495/6
f 2913/498/6 2914/494/6 2902/496/6
f 2913/498/6 2902/496/6 2903/499/6
f 2937/497/6 2925/495/6 2926/500/6
f 2936/501/6 2937/497/6 2926/500/6
f 2912/502/6 2913/498/6 2903/499/6
f 2912/502/6 2903/499/6 2904/503/6
f 2935/504/6 2936/501/6 2926/500/6
f 2935/504/6 2926/500/6 2927/505/6
f 2934/506/6 2935/504/6 2927/505/6
f 2911/507/6 2912/502/6 2904/503/6
f 2911/507/6 2904/503/6 2905/508/6
f 2934/506/6 2927/505/6 2928/509/6
f 2933/510/6 2934/506/6 2928/509/6
f 2911/507/6 2905/508/6 2906/511/6
f 2910/512/6 2911/507/6 2906/511/6
f 2933/510/6 2928/509/6 2929/513/6
f 2909/514/6 2910/512/6 2906/511/6
f 2933/510/6 2929/513/6 2930/515/6
f 2932/516/6 2933/510/6 2930/515/6
f 2908/517/6 2909/514/6 2906/511/6
f 2908/517/6 2906/511/6 2907/518/6
f 2932/516/6 2930/515/6 2931/519/6
f 3115/520/6 3090/3/6 3091/521/6
f 3115/520/6 3091/521/6 3092/522/6
f 3115/520/6 3092/522/6 3093/523/6
f 3115/520/6 3093/523/6 3094/524/6
f 3115/520/6 3094/524/6 3095/525/6
f 3115/520/6 3095/525/6 3096/526/6
f 3115/520/6 3096/526/6 3097/527/6
f 3115/520/6 3097/527/6 3098/528/6
f 3114/529/6 3115/520/6 3098/528/6
f 3114/529/6 3098/528/6 3099/530/6
f 3151/531/6 3152/533/6 3153/532/6
f 3114/529/6 3099/530/6 3100/534/6
f 3114/529/6 3100/534/6 3101/535/6
f 3113/536/6 3114/529/6 3101/535/6
f 3151/531/6 3153/532/6 3154/259/6
f 3113/536/6 3101/535/6 3102/537/6
f 3112/538/6 3113/536/6 3102/537/6
f 3151/531/6 3154/259/6 3155/539/6
f 3151/531/6 3155/539/6 3156/540/6
f 3111/541/6 3112/538/6 3102/537/6
f 3151/531/6 3156/540/6 3157/542/6
f 3151/531/6 3157/542/6 3158/543/6
f 3110/544/6 3111/541/6 3102/537/6
f 3151/531/6 3158/543/6 3159/545/6
f 3151/531/6 3159/545/6 3160/546/6
f 3109/547/6 3110/544/6 3102/537/6
f 3109/547/6 3102/537/6 3174/548/6
f 3174/548/6 3102/537/6 3103/549/6
f 3150/550/6 3151/531/6 3160/546/6
f 3150/550/6 3160/546/6 3161/551/6
f 3150/550/6 3161/551/6 3162/552/6
f 3108/553/6 3109/547/6 3174/548/6
f 3150/550/6 3162/552/6 3163/554/6
f 3176/555/6 3177/557/6 3178/556/6
f 3175/558/6 3176/555/6 3178/556/6
f 3150/550/6 3163/554/6 3164/559/6
f 3175/558/6 3178/556/6 3179/560/6
f 3174/548/6 3175/558/6 3179/560/6
f 3150/550/6 3164/559/6 3165/561/6
f 3107/562/6 3108/553/6 3174/548/6
f 3174/548/6 3179/560/6 3180/563/6
f 3107/562/6 3174/548/6 3173/564/6
f 3103/549/6 3174/548/6 3180/563/6
f 3106/565/6 3107/562/6 3173/564/6
f 3106/565/6 3173/564/6 3172/566/6
f 3103/549/6 3180/563/6 3181/567/6
f 3149/568/6 3150/550/6 3165/561/6
f 3106/565/6 3172/566/6 3171/569/6
f 3105/570/6 3106/565/6 3171/569/6
f 3148/571/6 3149/568/6 3165/561/6
f 3103/549/6 3181/567/6 3182/572/6
f 3147/573/6 3148/571/6 3165/561/6
f 3105/570/6 3171/569/6 3170/574/6
f 3170/574/6 3105/570/6 3104/575/6
f 3146/576/6 3147/573/6 3165/561/6
f 3145/577/6 3146/576/6 3165/561/6
f 3170/574/6 3104/575/6 3103/549/6
f 3169/578/6 3170/574/6 3103/549/6
f 3103/549/6 3182/572/6 3183/579/6
f 3144/580/6 3145/577/6 3165/561/6
f 3143/581/6 3144/580/6 3165/561/6
f 3168/582/6 3169/578/6 3103/549/6
f 3142/583/6 3143/581/6 3165/561/6
f 3141/584/6 3142/583/6 3165/561/6
f 3103/549/6 3183/579/6 3184/585/6
f 3167/586/6 3168/582/6 3103/549/6
f 3140/587/6 3141/584/6 3165/561/6
f 3167/586/6 3103/549/6 3184/585/6
f 3139/588/6 3140/587/6 3165/561/6
f 3138/589/6 3139/588/6 3165/561/6
f 3166/590/6 3167/586/6 3184/585/6
f 3137/591/6 3138/589/6 3165/561/6
f 3166/590/6 3184/585/6 3185/592/6
f 3136/593/6 3137/591/6 3165/561/6
f 3165/561/6 3166/590/6 3185/592/6
f 3136/593/6 3165/561/6 3185/592/6
f 3135/594/6 3136/593/6 3185/592/6
f 3134/595/6 3135/594/6 3185/592/6
f 3134/595/6 3185/592/6 3186/596/6
f 3133/597/6 3134/595/6 3186/596/6
f 3132/598/6 3133/597/6 3186/596/6
f 3131/599/6 3132/598/6 3250/318/6
f 3250/318/6 3132/598/6 3186/596/6
f 3131/599/6 3250/318/6 3251/600/6
f 3249/601/6 3250/318/6 3186/596/6
f 3249/601/6 3186/596/6 3187/602/6
f 3131/599/6 3251/600/6 3252/603/6
f 3248/604/6 3249/601/6 3187/602/6
f 3131/599/6 3252/603/6 3253/605/6
f 3247/606/6 3248/604/6 3187/602/6
f 3130/607/6 3131/599/6 3126/608/6
f 3126/608/6 3131/599/6 3253/605/6
f 3126/608/6 3253/605/6 3254/609/6
f 3246/610/6 3247/606/6 3187/602/6
f 3130/607/6 3126/608/6 3125/611/6
f 3127/612/6 3126/608/6 3254/609/6
f 3127/612/6 3254/609/6 3255/613/6
f 3129/614/8 3130/607/8 3127/612/8
f 3127/612/6 3130/607/6 3125/611/6
f 3245/615/6 3246/610/6 3187/602/6
f 3124/616/8 3125/611/8 3127/612/8
f 3124/616/6 3127/612/6 3129/614/6
f 3129/614/6 3127/612/6 3128/617/6
f 3244/618/6 3245/615/6 3187/602/6
f 3244/618/6 3187/602/6 3188/619/6
f 3243/620/6 3244/618/6 3188/619/6
f 3242/621/6 3243/620/6 3188/619/6
f 3241/622/6 3242/621/6 3188/619/6
f 3240/623/6 3241/622/6 3188/619/6
f 3240/623/6 3188/619/6 3189/624/6
f 3239/625/6 3240/623/6 3189/624/6
f 3238/626/6 3239/625/6 3189/624/6
f 3238/626/6 3189/624/6 3190/627/6
f 3237/628/6 3238/626/6 3190/627/6
f 3236/629/6 3237/628/6 3190/627/6
f 3235/630/6 3236/629/6 3190/627/6
f 3235/630/6 3190/627/6 3191/631/6
f 3234/632/6 3235/630/6 3191/631/6
f 3233/633/6 3234/632/6 3191/631/6
f 3213/634/6 3214/636/6 3215/635/6
f 3232/637/6 3233/633/6 3191/631/6
f 3289/638/6 3290/640/6 3291/639/6
f 3291/639/6 3289/638/6 3288/641/6
f 3232/637/6 3191/631/6 3192/642/6
f 3231/643/6 3232/637/6 3192/642/6
f 3292/644/6 3291/639/6 3288/641/6
f 3213/634/6 3215/635/6 3216/645/6
f 3213/634/6 3216/645/6 3217/646/6
f 3230/647/6 3231/643/6 3192/642/6
f 3293/648/6 3292/644/6 3288/641/6
f 3213/634/6 3217/646/6 3218/268/6
f 3213/634/6 3218/268/6 3219/649/6
f 3229/650/6 3230/647/6 3192/642/6
f 3213/634/6 3219/649/6 3220/651/6
f 3294/652/6 3293/648/6 3288/641/6
f 3213/634/6 3220/651/6 3221/653/6
f 3228/654/6 3229/650/6 3192/642/6
f 3213/634/6 3221/653/6 3222/655/6
f 3213/634/6 3222/655/6 3223/656/6
f 3227/657/6 3228/654/6 3192/642/6
f 3227/657/6 3192/642/6 3193/658/6
f 3213/634/6 3223/656/6 3224/659/6
f 3295/660/6 3294/652/6 3288/641/6
f 3226/661/6 3227/657/6 3193/658/6
f 3213/634/6 3224/659/6 3225/662/6
f 3213/634/6 3225/662/6 3226/661/6
f 3213/634/6 3226/661/6 3193/658/6
f 3296/663/6 3295/660/6 3288/641/6
f 3297/664/6 3296/663/6 3288/641/6
f 3298/665/6 3297/664/6 3288/641/6
f 3213/634/6 3193/658/6 3194/666/6
f 3298/665/6 3288/641/6 3287/667/6
f 3299/668/6 3298/665/6 3287/667/6
f 3300/669/6 3299/668/6 3287/667/6
f 3213/634/6 3194/666/6 3195/670/6
f 3213/634/6 3195/670/6 3196/671/6
f 3213/634/6 3196/671/6 3197/672/6
f 3212/673/6 3213/634/6 3197/672/6
f 3212/673/6 3197/672/6 3198/674/6
f 3211/675/6 3212/673/6 3198/674/6
f 3210/676/6 3211/675/6 3198/674/6
f 3209/677/6 3210/676/6 3198/674/6
f 3208/678/6 3209/677/6 3198/674/6
f 3208/678/6 3198/674/6 3199/679/6
f 3207/680/6 3208/678/6 3199/679/6
f 3206/681/6 3207/680/6 3199/679/6
f 3205/682/6 3206/681/6 3199/679/6
f 3205/682/6 3199/679/6 3200/683/6
f 3204/684/6 3205/682/6 3200/683/6
f 3203/685/6 3204/684/6 3200/683/6
f 3203/685/6 3200/683/6 3201/686/6
f 3202/386/6 3203/685/6 3201/686/6
f 3450/687/6 3451/689/6 3452/688/6
f 3450/687/6 3452/688/6 3453/690/6
f 3353/691/6 3354/693/6 3355/692/6
f 3449/694/6 3450/687/6 3453/690/6
f 3449/694/6 3453/690/6 3454/695/6
f 3448/696/6 3449/694/6 3454/695/6
f 3448/696/6 3454/695/6 3455/697/6
f 3447/698/6 3448/696/6 3455/697/6
f 3353/691/6 3355/692/6 3356/699/6
f 3447/698/6 3455/697/6 3456/700/6
f 3446/701/6 3447/698/6 3456/700/6
f 3446/701/6 3456/700/6 3457/702/6
f 3353/691/6 3356/699/6 3357/703/6
f 3445/704/6 3446/701/6 3457/702/6
f 3445/704/6 3457/702/6 3458/705/6
f 3352/706/6 3353/691/6 3357/703/6
f 3444/707/6 3445/704/6 3458/705/6
f 3352/706/6 3357/703/6 3358/708/6
f 3444/707/6 3458/705/6 3459/709/6
f 3327/710/6 3328/712/6 3329/711/6
f 3443/713/6 3444/707/6 3459/709/6
f 3443/713/6 3459/709/6 3460/714/6
f 3352/706/6 3358/708/6 3359/715/6
f 3442/716/6 3443/713/6 3460/714/6
f 3442/716/6 3460/714/6 3461/717/6
f 3441/718/6 3442/716/6 3461/717/6
f 3441/718/6 3461/717/6 3462/719/6
f 3352/706/6 3359/715/6 3360/720/6
f 3327/710/6 3329/711/6 3330/721/6
f 3351/722/6 3352/706/6 3360/720/6
f 3440/723/6 3441/718/6 3462/719/6
f 3440/723/6 3462/719/6 3463/724/6
f 3327/710/6 3330/721/6 3331/725/6
f 3439/726/6 3440/723/6 3463/724/6
f 3351/722/6 3360/720/6 3361/727/6
f 3350/728/6 3351/722/6 3361/727/6
f 3439/726/6 3463/724/6 3464/1/6
f 3326/729/6 3327/710/6 3331/725/6
f 3438/730/6 3439/726/6 3464/1/6
f 3438/730/6 3464/1/6 3367/731/6
f 3326/729/6 3331/725/6 3332/732/6
f 3349/733/6 3350/728/6 3361/727/6
f 3349/733/6 3361/727/6 3362/734/6
f 3326/729/6 3332/732/6 3333/735/6
f 3348/736/6 3349/733/6 3362/734/6
f 3348/736/6 3362/734/6 3363/737/6
f 3437/738/6 3438/730/6 3367/731/6
f 3325/739/6 3326/729/6 3333/735/6
f 3325/739/6 3333/735/6 3334/740/6
f 3347/741/6 3348/736/6 3363/737/6
f 3437/738/6 3367/731/6 3368/742/6
f 3347/741/6 3363/737/6 3364/743/6
f 3324/744/6 3325/739/6 3334/740/6
f 3346/745/6 3347/741/6 3364/743/6
f 3324/744/6 3334/740/6 3335/746/6
f 3346/745/6 3364/743/6 3365/747/6
f 3323/748/6 3324/744/6 3335/746/6
f 3345/749/6 3346/745/6 3365/747/6
f 3323/748/6 3335/746/6 3336/750/6
f 3436/751/6 3437/738/6 3368/742/6
f 3345/749/6 3365/747/6 3366/752/6
f 3436/751/6 3368/742/6 3369/753/6
f 3322/754/6 3323/748/6 3336/750/6
f 3344/755/6 3345/749/6 3366/752/6
f 3322/754/6 3336/750/6 3337/756/6
f 3321/757/6 3322/754/6 3337/756/6
f 3343/758/6 3344/755/6 3366/752/6
f 3321/757/6 3337/756/6 3338/759/6
f 3320/760/6 3321/757/6 3338/759/6
f 3343/758/6 3366/752/6 3342/761/6
f 3342/761/6 3366/752/6 3341/762/6
f 3435/763/6 3436/751/6 3369/753/6
f 3320/760/6 3338/759/6 3339/764/6
f 3435/763/6 3369/753/6 3370/765/6
f 3319/766/6 3320/760/6 3339/764/6
f 3319/766/6 3339/764/6 3340/767/6
f 3318/768/6 3319/766/6 3340/767/6
f 3317/769/6 3318/768/6 3340/767/6
f 3434/770/6 3435/763/6 3370/765/6
f 3434/770/6 3370/765/6 3371/771/6
f 3316/772/6 3317/769/6 3340/767/6
f 3316/772/6 3340/767/6 3315/3/6
f 3433/773/6 3434/770/6 3371/771/6
f 3433/773/6 3371/771/6 3372/774/6
f 3433/773/6 3372/774/6 3373/775/6
f 3432/776/6 3433/773/6 3373/775/6
f 3432/776/6 3373/775/6 3374/777/6
f 3431/778/6 3432/776/6 3374/777/6
f 3431/778/6 3374/777/6 3375/779/6
f 3430/780/6 3431/778/6 3375/779/6
f 3430/780/6 3375/779/6 3376/781/6
f 3429/782/6 3430/780/6 3376/781/6
f 3401/783/6 3402/785/6 3403/784/6
f 3429/782/6 3376/781/6 3377/786/6
f 3428/787/6 3429/782/6 3377/786/6
f 3400/788/6 3401/783/6 3403/784/6
f 3428/787/6 3377/786/6 3378/789/6
f 3427/790/6 3428/787/6 3378/789/6
f 3399/791/6 3400/788/6 3403/784/6
f 3427/790/6 3378/789/6 3379/792/6
f 3398/793/6 3399/791/6 3403/784/6
f 3426/794/6 3427/790/6 3379/792/6
f 3398/793/6 3403/784/6 3404/795/6
f 3426/794/6 3379/792/6 3380/796/6
f 3397/797/6 3398/793/6 3404/795/6
f 3426/794/6 3380/796/6 3381/798/6
f 3396/799/6 3397/797/6 3404/795/6
f 3396/799/6 3404/795/6 3405/800/6
f 3425/801/6 3426/794/6 3381/798/6
f 3425/801/6 3381/798/6 3382/802/6
f 3395/803/6 3396/799/6 3405/800/6
f 3395/803/6 3405/800/6 3406/804/6
f 3425/801/6 3382/802/6 3383/805/6
f 3394/806/6 3395/803/6 3406/804/6
f 3424/807/6 3425/801/6 3383/805/6
f 3424/807/6 3383/805/6 3384/808/6
f 3393/809/6 3394/806/6 3406/804/6
f 3424/807/6 3384/808/6 3385/810/6
f 3393/809/6 3406/804/6 3407/811/6
f 3424/807/6 3385/810/6 3386/812/6
f 3392/813/6 3393/809/6 3407/811/6
f 3424/807/6 3386/812/6 3387/814/6
f 3391/815/6 3392/813/6 3407/811/6
f 3424/807/6 3387/814/6 3388/816/6
f 3423/817/6 3424/807/6 3388/816/6
f 3423/817/6 3388/816/6 3389/818/6
f 3390/819/6 3391/815/6 3407/811/6
f 3423/817/6 3389/818/6 3390/819/6
f 3390/819/6 3407/811/6 3408/820/6
f 3423/817/6 3390/819/6 3408/820/6
f 3422/821/6 3423/817/6 3408/820/6
f 3422/821/6 3408/820/6 3409/822/6
f 3422/821/6 3409/822/6 3410/823/6
f 3421/824/6 3422/821/6 3410/823/6
f 3421/824/6 3410/823/6 3411/825/6
f 3420/826/6 3421/824/6 3411/825/6
f 3420/826/6 3411/825/6 3412/827/6
f 3419/828/6 3420/826/6 3412/827/6
f 3418/829/6 3419/828/6 3412/827/6
f 3418/829/6 3412/827/6 3413/830/6
f 3417/831/6 3418/829/6 3413/830/6
f 3417/831/6 3413/830/6 3414/832/6
f 3416/833/6 3417/831/6 3414/832/6
f 3416/833/6 3414/832/6 3415/834/6
f 3538/835/6 3539/837/6 3540/836/6
f 3537/838/6 3538/835/6 3540/836/6
f 3537/838/6 3540/836/6 3541/839/6
f 3536/840/6 3537/838/6 3541/839/6
f 3535/841/6 3536/840/6 3541/839/6
f 3535/841/6 3541/839/6 3542/842/6
f 3534/843/6 3535/841/6 3542/842/6
f 3533/844/6 3534/843/6 3542/842/6
f 3533/844/6 3542/842/6 3543/845/6
f 3532/846/6 3533/844/6 3543/845/6
f 3531/847/6 3532/846/6 3543/845/6
f 3531/847/6 3543/845/6 3544/848/6
f 3530/849/6 3531/847/6 3544/848/6
f 3529/850/6 3530/849/6 3544/848/6
f 3528/851/6 3529/850/6 3544/848/6
f 3528/851/6 3544/848/6 3545/852/6
f 3527/853/6 3528/851/6 3545/852/6
f 3526/854/6 3527/853/6 3545/852/6
f 3525/855/6 3526/854/6 3545/852/6
f 3524/856/6 3525/855/6 3545/852/6
f 3523/857/6 3524/856/6 3545/852/6
f 3522/858/6 3523/857/6 3545/852/6
f 3521/859/6 3522/858/6 3545/852/6
f 3520/860/6 3521/859/6 3545/852/6
f 3519/861/6 3520/860/6 3545/852/6
f 3518/862/6 3519/861/6 3545/852/6
f 3517/863/6 3518/862/6 3545/852/6
f 3516/864/6 3517/863/6 3545/852/6
f 3515/865/6 3516/864/6 3545/852/6
f 3515/865/6 3545/852/6 3546/866/6
f 3514/867/6 3515/865/6 3513/868/6
f 3513/868/6 3515/865/6 3512/869/6
f 3512/869/6 3515/865/6 3511/870/6
f 3511/870/6 3515/865/6 3510/871/6
f 3510/871/6 3515/865/6 3509/872/6
f 3509/872/6 3515/865/6 3508/873/6
f 3508/873/6 3515/865/6 3507/874/6
f 3507/874/6 3515/865/6 3506/875/6
f 3506/875/6 3515/865/6 3505/876/6
f 3505/876/6 3515/865/6 3504/877/6
f 3504/877/6 3515/865/6 3503/878/6
f 3503/878/6 3515/865/6 3502/879/6
f 3502/879/6 3515/865/6 3500/880/6
f 3500/880/6 3515/865/6 3499/881/6
f 3499/881/6 3515/865/6 3498/882/6
f 3498/882/6 3515/865/6 3497/883/6
f 3497/883/6 3515/865/6 3496/884/6
f 3496/884/6 3515/865/6 3495/885/6
f 3495/885/6 3515/865/6 3494/886/6
f 3494/886/6 3515/865/6 3493/887/6
f 3493/887/6 3515/865/6 3546/866/6
f 3493/887/6 3546/866/6 3492/888/6
f 3492/888/6 3546/866/6 3491/889/6
f 3491/889/6 3546/866/6 3547/890/6
f 3491/889/6 3547/890/6 3588/1/6
f 3588/1/6 3547/890/6 3587/891/6
f 3587/891/6 3547/890/6 3548/892/6
f 3586/893/6 3587/891/6 3548/892/6
f 3585/894/6 3586/893/6 3548/892/6
f 3584/895/6 3585/894/6 3548/892/6
f 3583/896/6 3584/895/6 3548/892/6
f 3583/896/6 3548/892/6 3549/897/6
f 3582/898/6 3583/896/6 3549/897/6
f 3581/899/6 3582/898/6 3549/897/6
f 3502/879/6 3500/880/6 3501/900/6
f 3580/901/6 3581/899/6 3549/897/6
f 3580/901/6 3549/897/6 3550/902/6
f 3579/903/6 3580/901/6 3550/902/6
f 3578/904/6 3579/903/6 3550/902/6
f 3578/904/6 3550/902/6 3551/905/6
f 3577/906/6 3578/904/6 3551/905/6
f 3576/907/6 3577/906/6 3551/905/6
f 3575/908/6 3576/907/6 3551/905/6
f 3575/908/6 3551/905/6 3552/909/6
f 3574/910/6 3575/908/6 3552/909/6
f 3574/910/6 3552/909/6 3553/911/6
f 3573/912/6 3574/910/6 3553/911/6
f 3572/913/6 3573/912/6 3553/911/6
f 3572/913/6 3553/911/6 3554/914/6
f 3571/915/6 3572/913/6 3554/914/6
f 3571/915/6 3554/914/6 3555/916/6
f 3570/917/6 3571/915/6 3555/916/6
f 3569/918/6 3570/917/6 3555/916/6
f 3569/918/6 3555/916/6 3556/919/6
f 3568/920/6 3569/918/6 3556/919/6
f 3567/921/6 3568/920/6 3556/919/6
f 3567/921/6 3556/919/6 3557/922/6
f 3566/923/6 3567/921/6 3557/922/6
f 3565/924/6 3566/923/6 3557/922/6
f 3564/925/6 3565/924/6 3557/922/6
f 3564/925/6 3557/922/6 3558/926/6
f 3563/927/6 3564/925/6 3558/926/6
f 3563/927/6 3558/926/6 3559/928/6
f 3563/927/6 3559/928/6 3560/929/6
f 3563/927/6 3560/929/6 3561/930/6
f 3563/927/6 3561/930/6 3562/931/6
f 3477/932/6 3478/934/6 3479/933/6
f 3477/932/6 3479/933/6 3480/935/6
f 3477/932/6 3480/935/6 3481/936/6
f 3477/932/6 3481/936/6 3482/937/6
f 3477/932/6 3482/937/6 3483/938/6
f 3477/932/6 3483/938/6 3484/939/6
f 3477/932/6 3484/939/6 3485/940/6
f 3477/932/6 3485/940/6 3486/941/6
f 3477/932/6 3486/941/6 3487/942/6
f 3477/932/6 3487/942/6 3488/943/6
f 3477/932/6 3488/943/6 3489/944/6
f 3477/932/6 3489/944/6 3490/945/6
f 3477/932/6 3490/945/6 3465/3/6
f 3476/946/6 3477/932/6 3465/3/6
f 3475/947/6 3476/946/6 3465/3/6
f 3474/948/6 3475/947/6 3465/3/6
f 3473/949/6 3474/948/6 3465/3/6
f 3472/950/6 3473/949/6 3465/3/6
f 3471/951/6 3472/950/6 3465/3/6
f 3470/952/6 3471/951/6 3465/3/6
f 3469/953/6 3470/952/6 3465/3/6
f 3468/954/6 3469/953/6 3465/3/6
f 3467/955/6 3468/954/6 3465/3/6
f 3466/956/6 3467/955/6 3465/3/6
f 3785/957/6 3786/959/6 3787/958/6
f 3785/957/6 3787/958/6 3788/960/6
f 3785/957/6 3788/960/6 3789/961/6
f 3784/665/6 3785/957/6 3789/961/6
f 3783/962/6 3784/665/6 3789/961/6
f 3783/962/6 3789/961/6 3790/963/6
f 3782/964/6 3783/962/6 3790/963/6
f 3782/964/6 3790/963/6 3791/965/6
f 3781/966/6 3782/964/6 3791/965/6
f 3781/966/6 3791/965/6 3792/967/6
f 3780/968/6 3781/966/6 3792/967/6
f 3780/968/6 3792/967/6 3793/969/6
f 3779/970/6 3780/968/6 3793/969/6
f 3779/970/6 3793/969/6 3794/971/6
f 3778/972/6 3779/970/6 3794/971/6
f 3778/972/6 3794/971/6 3795/973/6
f 3777/974/6 3778/972/6 3795/973/6
f 3777/974/6 3795/973/6 3796/975/6
f 3776/976/6 3777/974/6 3796/975/6
f 3776/976/6 3796/975/6 3797/977/6
f 3775/978/6 3776/976/6 3797/977/6
f 3775/978/6 3797/977/6 3798/979/6
f 3774/980/6 3775/978/6 3798/979/6
f 3774/980/6 3798/979/6 3799/1/6
f 3773/981/6 3774/980/6 3799/1/6
f 3773/981/6 3799/1/6 3638/982/6
f 3772/983/6 3773/981/6 3638/982/6
f 3771/984/6 3772/983/6 3638/982/6
f 3770/985/6 3771/984/6 3638/982/6
f 3769/313/6 3770/985/6 3638/982/6
f 3649/259/6 3650/987/6 3651/986/6
f 3648/988/6 3649/259/6 3651/986/6
f 3647/989/6 3648/988/6 3651/986/6
f 3646/990/6 3647/989/6 3651/986/6
f 3768/991/6 3769/313/6 3639/992/6
f 3639/992/6 3769/313/6 3638/982/6
f 3645/993/6 3646/990/6 3651/986/6
f 3644/994/6 3645/993/6 3651/986/6
f 3643/995/6 3644/994/6 3651/986/6
f 3642/996/6 3643/995/6 3651/986/6
f 3641/997/6 3642/996/6 3651/986/6
f 3640/998/6 3641/997/6 3651/986/6
f 3639/992/6 3640/998/6 3651/986/6
f 3768/991/6 3639/992/6 3651/986/6
f 3767/999/6 3768/991/6 3651/986/6
f 3766/1000/6 3767/999/6 3651/986/6
f 3765/1001/6 3766/1000/6 3651/986/6
f 3764/1002/6 3765/1001/6 3651/986/6
f 3763/1003/6 3764/1002/6 3651/986/6
f 3762/1004/6 3763/1003/6 3651/986/6
f 3762/1004/6 3651/986/6 3652/1005/6
f 3762/1004/6 3652/1005/6 3664/574/6
f 3664/574/6 3652/1005/6 3653/1006/6
f 3762/1004/6 3664/574/6 3663/1007/6
f 3665/1008/6 3664/574/6 3661/1009/6
f 3661/1009/6 3664/574/6 3653/1006/6
f 3761/1010/6 3762/1004/6 3662/1011/6
f 3662/1011/6 3762/1004/6 3663/1007/6
f 3661/1009/6 3653/1006/6 3654/1012/6
f 3661/1009/6 3654/1012/6 3655/1013/6
f 3661/1009/6 3655/1013/6 3656/1014/6
f 3661/1009/6 3656/1014/6 3657/1015/6
f 3661/1009/6 3657/1015/6 3658/1016/6
f 3661/1009/6 3658/1016/6 3659/875/6
f 3661/1009/6 3659/875/6 3660/1017/6
f 3662/1011/6 3661/1009/6 3665/1008/6
f 3761/1010/6 3662/1011/6 3665/1008/6
f 3760/1018/6 3761/1010/6 3665/1008/6
f 3760/1018/6 3665/1008/6 3666/1019/6
f 3759/1020/6 3760/1018/6 3666/1019/6
f 3759/1020/6 3666/1019/6 3667/1021/6
f 3758/1022/6 3759/1020/6 3667/1021/6
f 3758/1022/6 3667/1021/6 3668/1023/6
f 3757/16/6 3758/1022/6 3668/1023/6
f 3757/16/6 3668/1023/6 3669/1024/6
f 3756/1025/6 3757/16/6 3669/1024/6
f 3756/1025/6 3669/1024/6 3670/1026/6
f 3755/1027/6 3756/1025/6 3670/1026/6
f 3755/1027/6 3670/1026/6 3671/1028/6
f 3754/1029/6 3755/1027/6 3671/1028/6
f 3754/1029/6 3671/1028/6 3672/1030/6
f 3753/1031/6 3754/1029/6 3672/1030/6
f 3753/1031/6 3672/1030/6 3673/17/6
f 3752/1032/6 3753/1031/6 3673/17/6
f 3752/1032/6 3673/17/6 3674/1033/6
f 3751/1034/6 3752/1032/6 3747/1035/6
f 3747/1035/6 3752/1032/6 3674/1033/6
f 3747/1035/6 3674/1033/6 3748/1036/6
f 3748/1036/6 3674/1033/6 3749/1037/6
f 3749/1037/6 3674/1033/6 3675/1038/6
f 3737/1039/6 3738/1040/6 3739/318/6
f 3737/1039/6 3739/318/6 3740/1041/6
f 3737/1039/6 3740/1041/6 3741/1042/6
f 3737/1039/6 3741/1042/6 3742/1043/6
f 3737/1039/6 3742/1043/6 3743/1044/6
f 3737/1039/6 3743/1044/6 3744/1045/6
f 3737/1039/6 3744/1045/6 3745/1046/6
f 3736/1047/6 3737/1039/6 3745/1046/6
f 3736/1047/6 3745/1046/6 3746/1048/6
f 3751/1034/6 3750/1049/6 3747/1035/6
f 3747/1035/6 3750/1049/6 3749/1037/6
f 3736/1047/6 3746/1048/6 3747/1035/6
f 3736/1047/6 3747/1035/6 3749/1037/6
f 3736/1047/6 3749/1037/6 3675/1038/6
f 3735/1050/6 3736/1047/6 3675/1038/6
f 3734/1051/6 3735/1050/6 3675/1038/6
f 3734/1051/6 3675/1038/6 3676/1052/6
f 3733/1053/6 3734/1051/6 3676/1052/6
f 3733/1053/6 3676/1052/6 3677/1054/6
f 3733/1053/6 3677/1054/6 3678/1055/6
f 3732/1056/6 3733/1053/6 3678/1055/6
f 3732/1056/6 3678/1055/6 3679/596/6
f 3731/1057/6 3732/1056/6 3679/596/6
f 3731/1057/6 3679/596/6 3680/1058/6
f 3730/1059/6 3731/1057/6 3680/1058/6
f 3730/1059/6 3680/1058/6 3681/1060/6
f 3730/1059/6 3681/1060/6 3682/1061/6
f 3729/890/6 3730/1059/6 3682/1061/6
f 3729/890/6 3682/1061/6 3683/1062/6
f 3728/1063/6 3729/890/6 3589/3/6
f 3589/3/6 3729/890/6 3637/1064/6
f 3637/1064/6 3729/890/6 3683/1062/6
f 3636/1065/6 3637/1064/6 3683/1062/6
f 3635/1066/6 3636/1065/6 3683/1062/6
f 3634/589/6 3635/1066/6 3683/1062/6
f 3633/1067/6 3634/589/6 3683/1062/6
f 3728/1063/6 3589/3/6 3590/1068/6
f 3633/1067/6 3683/1062/6 3684/1069/6
f 3632/1070/6 3633/1067/6 3684/1069/6
f 3631/7/6 3632/1070/6 3684/1069/6
f 3630/1071/6 3631/7/6 3684/1069/6
f 3728/1063/6 3590/1068/6 3591/1072/6
f 3629/1073/6 3630/1071/6 3684/1069/6
f 3628/1074/6 3629/1073/6 3684/1069/6
f 3627/1075/6 3628/1074/6 3625/1076/6
f 3625/1076/6 3628/1074/6 3684/1069/6
f 3624/1077/6 3625/1076/6 3627/1075/6
f 3627/1075/6 3625/1076/6 3626/1078/6
f 3728/1063/6 3591/1072/6 3592/1079/6
f 3728/1063/6 3592/1079/6 3593/1080/6
f 3728/1063/6 3593/1080/6 3594/1081/6
f 3727/1082/6 3728/1063/6 3594/1081/6
f 3727/1082/6 3594/1081/6 3595/1083/6
f 3727/1082/6 3595/1083/6 3596/1084/6
f 3727/1082/6 3596/1084/6 3597/1085/6
f 3699/1086/6 3700/1088/6 3701/1087/6
f 3702/1089/6 3701/1087/6 3699/1086/6
f 3727/1082/6 3597/1085/6 3598/1090/6
f 3726/1091/6 3727/1082/6 3598/1090/6
f 3726/1091/6 3598/1090/6 3599/1092/6
f 3702/1089/6 3699/1086/6 3698/1093/6
f 3726/1091/6 3599/1092/6 3600/1094/6
f 3702/1089/6 3698/1093/6 3697/1095/6
f 3726/1091/6 3600/1094/6 3601/1096/6
f 3725/1097/6 3726/1091/6 3601/1096/6
f 3702/1089/6 3697/1095/6 3696/1098/6
f 3725/1097/6 3601/1096/6 3602/1099/6
f 3703/1100/6 3702/1089/6 3696/1098/6
f 3725/1097/6 3602/1099/6 3603/1101/6
f 3703/1100/6 3696/1098/6 3695/1102/6
f 3725/1097/6 3603/1101/6 3604/565/6
f 3725/1097/6 3604/565/6 3605/1103/6
f 3704/1104/6 3703/1100/6 3695/1102/6
f 3704/1104/6 3695/1102/6 3694/386/6
f 3724/632/6 3725/1097/6 3605/1103/6
f 3724/632/6 3605/1103/6 3606/1105/6
f 3724/632/6 3606/1105/6 3607/1106/6
f 3704/1104/6 3694/386/6 3693/1107/6
f 3724/632/6 3607/1106/6 3608/1108/6
f 3705/1109/6 3704/1104/6 3693/1107/6
f 3724/632/6 3608/1108/6 3609/1110/6
f 3724/632/6 3609/1110/6 3610/1111/6
f 3724/632/6 3610/1111/6 3611/1112/6
f 3723/1113/6 3724/632/6 3611/1112/6
f 3705/1109/6 3693/1107/6 3692/1114/6
f 3706/1115/6 3705/1109/6 3692/1114/6
f 3706/1115/6 3692/1114/6 3691/1116/6
f 3706/1115/6 3691/1116/6 3690/1117/6
f 3707/1118/6 3706/1115/6 3690/1117/6
f 3909/910/6 3910/908/6 3911/907/6
f 3909/910/6 3911/907/6 3912/906/6
f 3908/912/6 3909/910/6 3912/906/6
f 3908/912/6 3912/906/6 3913/904/6
f 3907/913/6 3908/912/6 3913/904/6
f 3907/913/6 3913/904/6 3914/903/6
f 3906/915/6 3907/913/6 3914/903/6
f 3906/915/6 3914/903/6 3915/901/6
f 3905/917/6 3906/915/6 3915/901/6
f 3905/917/6 3915/901/6 3916/899/6
f 3904/918/6 3905/917/6 3916/899/6
f 3904/918/6 3916/899/6 3917/898/6
f 3903/920/6 3904/918/6 3917/898/6
f 3903/920/6 3917/898/6 3918/896/6
f 3902/921/6 3903/920/6 3918/896/6
f 3902/921/6 3918/896/6 3919/895/6
f 3901/923/6 3902/921/6 3919/895/6
f 3901/923/6 3919/895/6 3920/894/6
f 3900/924/6 3901/923/6 3920/894/6
f 3899/925/6 3900/924/6 3920/894/6
f 3899/925/6 3920/894/6 3921/893/6
f 3898/927/6 3899/925/6 3921/893/6
f 3898/927/6 3921/893/6 3922/891/6
f 3897/931/6 3898/927/6 3922/891/6
f 3897/931/6 3922/891/6 3923/1/6
f 3897/931/6 3923/1/6 3826/889/6
f 3896/930/6 3897/931/6 3826/889/6
f 3896/930/6 3826/889/6 3827/888/6
f 3895/929/6 3896/930/6 3827/888/6
f 3895/929/6 3827/888/6 3828/887/6
f 3894/928/6 3895/929/6 3828/887/6
f 3894/928/6 3828/887/6 3829/886/6
f 3893/926/6 3894/928/6 3829/886/6
f 3893/926/6 3829/886/6 3830/885/6
f 3892/922/6 3893/926/6 3830/885/6
f 3892/922/6 3830/885/6 3831/884/6
f 3892/922/6 3831/884/6 3832/883/6
f 3891/919/6 3892/922/6 3832/883/6
f 3891/919/6 3832/883/6 3833/882/6
f 3890/916/6 3891/919/6 3833/882/6
f 3890/916/6 3833/882/6 3834/881/6
f 3889/914/6 3890/916/6 3834/881/6
f 3889/914/6 3834/881/6 3835/880/6
f 3888/911/6 3889/914/6 3835/880/6
f 3888/911/6 3835/880/6 3836/900/6
f 3887/909/6 3888/911/6 3836/900/6
f 3887/909/6 3836/900/6 3837/879/6
f 3887/909/6 3837/879/6 3838/878/6
f 3886/905/6 3887/909/6 3838/878/6
f 3885/902/6 3886/905/6 3838/878/6
f 3860/855/6 3861/854/6 3862/853/6
f 3885/902/6 3838/878/6 3839/877/6
f 3885/902/6 3839/877/6 3840/876/6
f 3884/897/6 3885/902/6 3840/876/6
f 3859/856/6 3860/855/6 3862/853/6
f 3884/897/6 3840/876/6 3841/875/6
f 3858/857/6 3859/856/6 3862/853/6
f 3884/897/6 3841/875/6 3842/874/6
f 3858/857/6 3862/853/6 3863/851/6
f 3857/858/6 3858/857/6 3863/851/6
f 3883/892/6 3884/897/6 3842/874/6
f 3856/859/6 3857/858/6 3863/851/6
f 3883/892/6 3842/874/6 3843/873/6
f 3855/860/6 3856/859/6 3863/851/6
f 3882/890/6 3883/892/6 3843/873/6
f 3882/890/6 3843/873/6 3844/872/6
f 3855/860/6 3863/851/6 3864/850/6
f 3854/861/6 3855/860/6 3864/850/6
f 3882/890/6 3844/872/6 3845/871/6
f 3853/862/6 3854/861/6 3864/850/6
f 3882/890/6 3845/871/6 3846/870/6
f 3853/862/6 3864/850/6 3865/849/6
f 3852/863/6 3853/862/6 3865/849/6
f 3881/866/6 3882/890/6 3846/870/6
f 3881/866/6 3846/870/6 3847/869/6
f 3851/864/6 3852/863/6 3865/849/6
f 3881/866/6 3847/869/6 3848/868/6
f 3850/865/6 3851/864/6 3865/849/6
f 3881/866/6 3848/868/6 3849/867/6
f 3849/867/6 3850/865/6 3865/849/6
f 3881/866/6 3849/867/6 3865/849/6
f 3881/866/6 3865/849/6 3866/847/6
f 3880/852/6 3881/866/6 3866/847/6
f 3880/852/6 3866/847/6 3867/846/6
f 3879/848/6 3880/852/6 3867/846/6
f 3879/848/6 3867/846/6 3868/844/6
f 3878/845/6 3879/848/6 3868/844/6
f 3878/845/6 3868/844/6 3869/843/6
f 3878/845/6 3869/843/6 3870/841/6
f 3877/842/6 3878/845/6 3870/841/6
f 3877/842/6 3870/841/6 3871/840/6
f 3876/839/6 3877/842/6 3871/840/6
f 3876/839/6 3871/840/6 3872/838/6
f 3875/836/6 3876/839/6 3872/838/6
f 3875/836/6 3872/838/6 3873/835/6
f 3874/837/6 3875/836/6 3873/835/6
f 3812/932/6 3813/934/6 3814/933/6
f 3811/946/6 3812/932/6 3814/933/6
f 3811/946/6 3814/933/6 3815/935/6
f 3811/946/6 3815/935/6 3816/936/6
f 3810/947/6 3811/946/6 3816/936/6
f 3810/947/6 3816/936/6 3817/937/6
f 3809/948/6 3810/947/6 3817/937/6
f 3809/948/6 3817/937/6 3818/938/6
f 3808/949/6 3809/948/6 3818/938/6
f 3808/949/6 3818/938/6 3819/939/6
f 3807/950/6 3808/949/6 3819/939/6
f 3806/951/6 3807/950/6 3819/939/6
f 3806/951/6 3819/939/6 3820/940/6
f 3805/952/6 3806/951/6 3820/940/6
f 3805/952/6 3820/940/6 3821/941/6
f 3804/953/6 3805/952/6 3821/941/6
f 3804/953/6 3821/941/6 3822/942/6
f 3803/954/6 3804/953/6 3822/942/6
f 3803/954/6 3822/942/6 3823/943/6
f 3802/955/6 3803/954/6 3823/943/6
f 3802/955/6 3823/943/6 3824/944/6
f 3801/956/6 3802/955/6 3824/944/6
f 3801/956/6 3824/944/6 3825/945/6
f 3800/3/6 3801/956/6 3825/945/6
f 4208/702/6 4209/1119/6 4210/705/6
f 4208/702/6 4210/705/6 4211/1120/6
f 4207/1121/6 4208/702/6 4211/1120/6
f 4207/1121/6 4211/1120/6 4212/709/6
f 4206/700/6 4207/1121/6 4212/709/6
f 4206/700/6 4212/709/6 4213/1122/6
f 4205/1123/6 4206/700/6 4213/1122/6
f 4205/1123/6 4213/1122/6 4214/714/6
f 4204/697/6 4205/1123/6 4214/714/6
f 4204/697/6 4214/714/6 4215/1124/6
f 4203/1125/6 4204/697/6 4215/1124/6
f 4203/1125/6 4215/1124/6 4216/717/6
f 4202/695/6 4203/1125/6 4216/717/6
f 4202/695/6 4216/717/6 4217/1126/6
f 4109/1127/6 4110/820/6 4111/1128/6
f 4201/1129/6 4202/695/6 4217/1126/6
f 4201/1129/6 4217/1126/6 4218/719/6
f 4108/811/6 4109/1127/6 4111/1128/6
f 4200/690/6 4201/1129/6 4218/719/6
f 4200/690/6 4218/719/6 4219/1130/6
f 4107/1131/6 4108/811/6 4111/1128/6
f 4106/804/6 4107/1131/6 4111/1128/6
f 3949/1132/6 3924/3/6 3925/1133/6
f 4105/1134/6 4106/804/6 4111/1128/6
f 4104/800/6 4105/1134/6 4111/1128/6
f 4199/1135/6 4200/690/6 4219/1130/6
f 4199/1135/6 4219/1130/6 4100/784/6
f 4100/784/6 4219/1130/6 4220/724/6
f 4103/1136/6 4104/800/6 4111/1128/6
f 4102/795/6 4103/1136/6 4111/1128/6
f 4101/1137/6 4102/795/6 4111/1128/6
f 3949/1132/6 3925/1133/6 3926/772/6
f 4100/784/6 4101/1137/6 4222/1/6
f 4222/1/6 4101/1137/6 4111/1128/6
f 4100/784/6 4222/1/6 4099/1138/6
f 4221/1139/6 4222/1/6 4111/1128/6
f 4199/1135/6 4100/784/6 4220/724/6
f 4198/688/6 4199/1135/6 4197/1140/6
f 4197/1140/6 4199/1135/6 4220/724/6
f 4197/1140/6 4220/724/6 4196/689/6
f 4196/689/6 4220/724/6 4221/1139/6
f 3949/1132/6 3926/772/6 3927/1141/6
f 4172/726/6 4173/1142/6 4174/723/6
f 4172/726/6 4174/723/6 4175/1143/6
f 4172/726/6 4175/1143/6 4176/718/6
f 4195/1144/6 4196/689/6 4221/1139/6
f 4172/726/6 4176/718/6 4177/1145/6
f 4194/687/6 4195/1144/6 4221/1139/6
f 4193/1146/6 4194/687/6 4221/1139/6
f 4172/726/6 4177/1145/6 4178/716/6
f 4192/694/6 4193/1146/6 4221/1139/6
f 4172/726/6 4178/716/6 4179/1147/6
f 4191/1148/6 4192/694/6 4221/1139/6
f 4172/726/6 4179/1147/6 4180/713/6
f 4191/1148/6 4221/1139/6 4111/1128/6
f 4190/696/6 4191/1148/6 4111/1128/6
f 3949/1132/6 3927/1141/6 3928/769/6
f 4172/726/6 4180/713/6 4181/1149/6
f 4189/1150/6 4190/696/6 4111/1128/6
f 4172/726/6 4181/1149/6 4182/707/6
f 4188/698/6 4189/1150/6 4111/1128/6
f 4172/726/6 4182/707/6 4183/1151/6
f 4187/1152/6 4188/698/6 4111/1128/6
f 4172/726/6 4183/1151/6 4184/704/6
f 4186/701/6 4187/1152/6 4111/1128/6
f 4172/726/6 4184/704/6 4185/1153/6
f 4185/1153/6 4186/701/6 4111/1128/6
f 4172/726/6 4185/1153/6 4111/1128/6
f 3949/1132/6 3928/769/6 3929/1154/6
f 3949/1132/6 3929/1154/6 3930/768/6
f 3949/1132/6 3930/768/6 3931/1155/6
f 3949/1132/6 3931/1155/6 3932/766/6
f 3948/710/6 3949/1132/6 3932/766/6
f 3948/710/6 3932/766/6 3933/1156/6
f 4172/726/6 4111/1128/6 4112/822/6
f 4172/726/6 4112/822/6 4113/1157/6
f 3948/710/6 3933/1156/6 3934/760/6
f 4172/726/6 4113/1157/6 4114/823/6
f 4172/726/6 4114/823/6 4115/1158/6
f 3947/1159/6 3948/710/6 3934/760/6
f 4172/726/6 4115/1158/6 4116/825/6
f 3947/1159/6 3934/760/6 3935/1160/6
f 4172/726/6 4116/825/6 4117/1161/6
f 3946/729/6 3947/1159/6 3935/1160/6
f 4172/726/6 4117/1161/6 4118/827/6
f 4172/726/6 4118/827/6 4119/1162/6
f 4172/726/6 4119/1162/6 4120/830/6
f 3946/729/6 3935/1160/6 3936/757/6
f 4172/726/6 4120/830/6 4121/1163/6
f 3945/1164/6 3946/729/6 3936/757/6
f 4172/726/6 4121/1163/6 4122/832/6
f 4172/726/6 4122/832/6 4123/1165/6
f 4172/726/6 4123/1165/6 4147/1166/6
f 4147/1166/6 4123/1165/6 4149/1167/6
f 4149/1167/6 4123/1165/6 4124/834/6
f 3944/739/6 3945/1164/6 3936/757/6
f 4171/1168/6 4172/726/6 4147/1166/6
f 4171/1168/6 4147/1166/6 4153/1169/6
f 4153/1169/6 4147/1166/6 4146/794/6
f 4148/790/6 4147/1166/6 4152/782/6
f 4152/782/6 4147/1166/6 4149/1167/6
f 4152/782/6 4149/1167/6 4150/787/6
f 4148/790/6 4149/1167/6 4124/834/6
f 4170/730/6 4171/1168/6 4153/1169/6
f 4152/782/6 4150/787/6 4151/1170/6
f 4169/1171/6 4170/730/6 4153/1169/6
f 4168/738/6 4169/1171/6 4153/1169/6
f 4153/1169/6 4152/782/6 4148/790/6
f 4167/1172/6 4168/738/6 4153/1169/6
f 4167/1172/6 4153/1169/6 4154/780/6
f 4146/794/6 4153/1169/6 4148/790/6
f 4166/751/6 4167/1172/6 4154/780/6
f 4146/794/6 4148/790/6 4124/834/6
f 4166/751/6 4154/780/6 4155/1173/6
f 4165/1174/6 4166/751/6 4155/1173/6
f 4165/1174/6 4155/1173/6 4156/778/6
f 4164/763/6 4165/1174/6 4156/778/6
f 4164/763/6 4156/778/6 4157/1175/6
f 4163/1176/6 4164/763/6 4157/1175/6
f 4163/1176/6 4157/1175/6 4158/776/6
f 4162/770/6 4163/1176/6 4158/776/6
f 4162/770/6 4158/776/6 4159/1177/6
f 4161/1178/6 4162/770/6 4159/1177/6
f 4161/1178/6 4159/1177/6 4160/773/6
f 3944/739/6 3936/757/6 3943/1179/6
f 3943/1179/6 3936/757/6 3942/744/6
f 3942/744/6 3936/757/6 3941/1180/6
f 3941/1180/6 3936/757/6 3940/748/6
f 3940/748/6 3936/757/6 3939/1181/6
f 3939/1181/6 3936/757/6 3938/754/6
f 3938/754/6 3936/757/6 3937/1182/6
f 4146/794/6 4124/834/6 4125/1183/6
f 4084/803/6 4085/1184/6 4086/799/6
f 4084/803/6 4086/799/6 4087/1185/6
f 4145/1186/6 4146/794/6 4125/1183/6
f 4145/1186/6 4125/1183/6 4126/833/6
f 4084/803/6 4087/1185/6 4088/797/6
f 4144/801/6 4145/1186/6 4126/833/6
f 4083/1187/6 4084/803/6 4088/797/6
f 4083/1187/6 4088/797/6 4089/1188/6
f 4083/1187/6 4089/1188/6 4090/793/6
f 4082/806/6 4083/1187/6 4090/793/6
f 4082/806/6 4090/793/6 4091/1189/6
f 4144/801/6 4126/833/6 4127/1190/6
f 4143/1191/6 4144/801/6 4127/1190/6
f 4082/806/6 4091/1189/6 4092/791/6
f 4082/806/6 4092/791/6 4093/1192/6
f 4081/1193/6 4082/806/6 4093/1192/6
f 4081/1193/6 4093/1192/6 4094/788/6
f 4081/1193/6 4094/788/6 4095/1194/6
f 4143/1191/6 4127/1190/6 4128/831/6
f 4142/807/6 4143/1191/6 4128/831/6
f 4080/809/6 4081/1193/6 4095/1194/6
f 4080/809/6 4095/1194/6 4096/783/6
f 4080/809/6 4096/783/6 4097/1195/6
f 4080/809/6 4097/1195/6 4098/785/6
f 4079/1196/6 4080/809/6 4098/785/6
f 4079/1196/6 4098/785/6 3999/1197/6
f 4141/1198/6 4142/807/6 4128/831/6
f 4141/1198/6 4128/831/6 4129/1199/6
f 4078/813/6 4079/1196/6 3999/1197/6
f 4077/1200/6 4078/813/6 3999/1197/6
f 4140/817/6 4141/1198/6 4129/1199/6
f 4140/817/6 4129/1199/6 4130/829/6
f 4076/815/6 4077/1200/6 3999/1197/6
f 4139/1201/6 4140/817/6 4130/829/6
f 4075/1202/6 4076/815/6 3999/1197/6
f 4139/1201/6 4130/829/6 4131/1203/6
f 4138/821/6 4139/1201/6 4131/1203/6
f 4074/819/6 4075/1202/6 4073/386/6
f 4073/386/6 4075/1202/6 4072/818/6
f 4072/818/6 4075/1202/6 3999/1197/6
f 4060/805/6 4061/1204/6 4062/808/6
f 4060/805/6 4062/808/6 4063/1205/6
f 4060/805/6 4063/1205/6 4064/810/6
f 4060/805/6 4064/810/6 4065/1206/6
f 4060/805/6 4065/1206/6 4066/812/6
f 4059/1207/6 4060/805/6 4066/812/6
f 4059/1207/6 4066/812/6 4067/1208/6
f 4059/1207/6 4067/1208/6 4068/814/6
f 4059/1207/6 4068/814/6 4069/1209/6
f 4059/1207/6 4069/1209/6 4070/816/6
f 4058/802/6 4059/1207/6 4070/816/6
f 4058/802/6 4070/816/6 4071/1210/6
f 4058/802/6 4071/1210/6 4072/818/6
f 4138/821/6 4131/1203/6 4132/828/6
f 4058/802/6 4072/818/6 3999/1197/6
f 4057/1211/6 4058/802/6 3999/1197/6
f 4137/1212/6 4138/821/6 4132/828/6
f 4056/798/6 4057/1211/6 3999/1197/6
f 4055/1213/6 4056/798/6 3999/1197/6
f 4055/1213/6 3999/1197/6 4000/691/6
f 4055/1213/6 4000/691/6 4001/1214/6
f 4137/1212/6 4132/828/6 4133/1215/6
f 4136/824/6 4137/1212/6 4133/1215/6
f 4054/796/6 4055/1213/6 4001/1214/6
f 4054/796/6 4001/1214/6 4002/693/6
f 4054/796/6 4002/693/6 4003/1216/6
f 4053/1217/6 4054/796/6 4003/1216/6
f 4053/1217/6 4003/1216/6 4004/692/6
f 4136/824/6 4133/1215/6 4134/826/6
f 4052/792/6 4053/1217/6 4004/692/6
f 4052/792/6 4004/692/6 4005/1218/6
f 4135/1219/6 4136/824/6 4134/826/6
f 4052/792/6 4005/1218/6 4006/699/6
f 4051/1220/6 4052/792/6 3950/712/6
f 3950/712/6 4052/792/6 3998/706/6
f 3998/706/6 4052/792/6 4006/699/6
f 3998/706/6 4006/699/6 3997/1221/6
f 3997/1221/6 4006/699/6 4007/1222/6
f 3996/722/6 3997/1221/6 4007/1222/6
f 3995/1223/6 3996/722/6 4007/1222/6
f 4051/1220/6 3950/712/6 3951/1224/6
f 3994/728/6 3995/1223/6 4007/1222/6
f 3993/1225/6 3994/728/6 4007/1222/6
f 3992/733/6 3993/1225/6 4007/1222/6
f 4051/1220/6 3951/1224/6 3952/711/6
f 3991/1226/6 3992/733/6 4007/1222/6
f 3990/736/6 3991/1226/6 4007/1222/6
f 4051/1220/6 3952/711/6 3953/1227/6
f 3990/736/6 4007/1222/6 4008/703/6
f 3989/1228/6 3990/736/6 4008/703/6
f 3988/741/6 3989/1228/6 3986/745/6
f 3986/745/6 3989/1228/6 4008/703/6
f 4051/1220/6 3953/1227/6 3954/721/6
f 3985/1229/6 3986/745/6 3988/741/6
f 3988/741/6 3986/745/6 3987/1230/6
f 4051/1220/6 3954/721/6 3955/1231/6
f 4050/789/6 4051/1220/6 3955/1231/6
f 4050/789/6 3955/1231/6 3956/725/6
f 4050/789/6 3956/725/6 3957/1232/6
f 4050/789/6 3957/1232/6 3958/732/6
f 4050/789/6 3958/732/6 3959/1233/6
f 4049/1234/6 4050/789/6 3959/1233/6
f 4049/1234/6 3959/1233/6 3960/735/6
f 4022/743/6 4023/1235/6 4024/747/6
f 4049/1234/6 3960/735/6 3961/1236/6
f 4021/1237/6 4022/743/6 4024/747/6
f 4049/1234/6 3961/1236/6 3962/740/6
f 4025/1238/6 4024/747/6 4021/1237/6
f 4026/752/6 4025/1238/6 4021/1237/6
f 4048/786/6 4049/1234/6 3962/740/6
f 4048/786/6 3962/740/6 3963/1239/6
f 4026/752/6 4021/1237/6 4020/737/6
f 4048/786/6 3963/1239/6 3964/746/6
f 4026/752/6 4020/737/6 4019/1240/6
f 4048/786/6 3964/746/6 3965/1241/6
f 4026/752/6 4019/1240/6 4018/734/6
f 4027/1242/6 4026/752/6 4018/734/6
f 4048/786/6 3965/1241/6 3966/750/6
f 4048/786/6 3966/750/6 3967/1243/6
f 4047/1244/6 4048/786/6 3967/1243/6
f 4027/1242/6 4018/734/6 4017/1245/6
f 4047/1244/6 3967/1243/6 3968/756/6
f 4047/1244/6 3968/756/6 3969/1246/6
f 4027/1242/6 4017/1245/6 4016/727/6
f 4047/1244/6 3969/1246/6 3970/759/6
f 4028/731/6 4027/1242/6 4016/727/6
f 4047/1244/6 3970/759/6 3971/1247/6
f 4047/1244/6 3971/1247/6 3972/764/6
f 4028/731/6 4016/727/6 4015/1248/6
f 4028/731/6 4015/1248/6 4014/720/6
f 4029/1249/6 4028/731/6 4014/720/6
f 4029/1249/6 4014/720/6 4013/1250/6
f 4488/1/6 4297/1252/6 4298/1251/6
f 4487/1253/6 4488/1/6 4298/1251/6
f 4487/1253/6 4298/1251/6 4299/1254/6
f 4487/1253/6 4299/1254/6 4300/1255/6
f 4486/1256/6 4487/1253/6 4300/1255/6
f 4486/1256/6 4300/1255/6 4301/1257/6
f 4485/1258/6 4486/1256/6 4301/1257/6
f 4485/1258/6 4301/1257/6 4302/1259/6
f 4484/1260/6 4485/1258/6 4302/1259/6
f 4484/1260/6 4302/1259/6 4303/1261/6
f 4320/1262/6 4321/1264/6 4322/1263/6
f 4483/1265/6 4484/1260/6 4303/1261/6
f 4482/1266/6 4483/1265/6 4303/1261/6
f 4482/1266/6 4303/1261/6 4304/1267/6
f 4319/1268/6 4320/1262/6 4322/1263/6
f 4481/1269/6 4482/1266/6 4304/1267/6
f 4318/1270/6 4319/1268/6 4322/1263/6
f 4481/1269/6 4304/1267/6 4305/1271/6
f 4317/1272/6 4318/1270/6 4322/1263/6
f 4480/1273/6 4481/1269/6 4305/1271/6
f 4316/1274/6 4317/1272/6 4322/1263/6
f 4480/1273/6 4305/1271/6 4306/1275/6
f 4315/1276/6 4316/1274/6 4322/1263/6
f 4479/1277/6 4480/1273/6 4306/1275/6
f 4314/1278/6 4315/1276/6 4322/1263/6
f 4313/1279/6 4314/1278/6 4322/1263/6
f 4479/1277/6 4306/1275/6 4307/1280/6
f 4478/1281/6 4479/1277/6 4307/1280/6
f 4312/1282/6 4313/1279/6 4322/1263/6
f 4462/1283/6 4463/1285/6 4464/1284/6
f 4311/1286/6 4312/1282/6 4322/1263/6
f 4477/1287/6 4478/1281/6 4307/1280/6
f 4310/1288/6 4311/1286/6 4309/1289/6
f 4309/1289/6 4311/1286/6 4322/1263/6
f 4477/1287/6 4307/1280/6 4309/1289/6
f 4309/1289/6 4307/1280/6 4308/1290/6
f 4462/1283/6 4464/1284/6 4465/1291/6
f 4477/1287/6 4309/1289/6 4322/1263/6
f 4462/1283/6 4465/1291/6 4466/1292/6
f 4476/1293/6 4477/1287/6 4474/1294/6
f 4474/1294/6 4477/1287/6 4322/1263/6
f 4462/1283/6 4466/1292/6 4467/1295/6
f 4462/1283/6 4467/1295/6 4468/1296/6
f 4462/1283/6 4468/1296/6 4469/1297/6
f 4473/1298/6 4474/1294/6 4475/1299/6
f 4476/1293/6 4474/1294/6 4322/1263/6
f 4462/1283/6 4469/1297/6 4470/1300/6
f 4473/1298/6 4475/1299/6 4476/1293/6
f 4472/1301/6 4473/1298/6 4476/1293/6
f 4462/1283/6 4470/1300/6 4471/1302/6
f 4471/1302/6 4472/1301/6 4476/1293/6
f 4462/1283/6 4471/1302/6 4476/1293/6
f 4462/1283/6 4476/1293/6 4322/1263/6
f 4462/1283/6 4322/1263/6 4323/1303/6
f 4462/1283/6 4323/1303/6 4324/1304/6
f 4462/1283/6 4324/1304/6 4325/1305/6
f 4462/1283/6 4325/1305/6 4326/1306/6
f 4462/1283/6 4326/1306/6 4327/1307/6
f 4462/1283/6 4327/1307/6 4328/1308/6
f 4462/1283/6 4328/1308/6 4329/17/6
f 4462/1283/6 4329/17/6 4330/1309/6
f 4462/1283/6 4330/1309/6 4331/1310/6
f 4462/1283/6 4331/1310/6 4332/1311/6
f 4462/1283/6 4332/1311/6 4333/1312/6
f 4333/1312/6 4334/1314/6 4335/1313/6
f 4462/1283/6 4333/1312/6 4450/1315/6
f 4450/1315/6 4333/1312/6 4335/1313/6
f 4461/1316/6 4462/1283/6 4450/1315/6
f 4460/1317/6 4461/1316/6 4450/1315/6
f 4459/1318/6 4460/1317/6 4450/1315/6
f 4458/1319/6 4459/1318/6 4450/1315/6
f 4458/1319/6 4450/1315/6 4451/1320/6
f 4449/1321/6 4450/1315/6 4335/1313/6
f 4457/1322/6 4458/1319/6 4451/1320/6
f 4457/1322/6 4451/1320/6 4452/1323/6
f 4456/1324/6 4457/1322/6 4452/1323/6
f 4456/1324/6 4452/1323/6 4453/1325/6
f 4455/1326/6 4456/1324/6 4453/1325/6
f 4455/1326/6 4453/1325/6 4454/1327/6
f 4347/1328/6 4348/1330/6 4349/1329/6
f 4449/1321/6 4335/1313/6 4336/1331/6
f 4346/1332/6 4347/1328/6 4349/1329/6
f 4345/1333/6 4346/1332/6 4349/1329/6
f 4344/1334/6 4345/1333/6 4349/1329/6
f 4343/1335/6 4344/1334/6 4349/1329/6
f 4342/1336/6 4343/1335/6 4349/1329/6
f 4341/1337/6 4342/1336/6 4349/1329/6
f 4340/1338/6 4341/1337/6 4349/1329/6
f 4448/1339/6 4449/1321/6 4336/1331/6
f 4339/1340/6 4340/1338/6 4349/1329/6
f 4338/1341/6 4339/1340/6 4349/1329/6
f 4337/1342/6 4338/1341/6 4349/1329/6
f 4336/1331/6 4337/1342/6 4349/1329/6
f 4448/1339/6 4336/1331/6 4447/1343/6
f 4447/1343/6 4336/1331/6 4349/1329/6
f 4435/16/6 4436/1345/6 4437/1344/6
f 4435/16/6 4437/1344/6 4438/1346/6
f 4435/16/6 4438/1346/6 4439/1347/6
f 4446/1348/6 4447/1343/6 4349/1329/6
f 4435/16/6 4439/1347/6 4440/1349/6
f 4445/1350/6 4446/1348/6 4349/1329/6
f 4435/16/6 4440/1349/6 4441/1351/6
f 4444/1352/6 4445/1350/6 4349/1329/6
f 4443/1353/6 4444/1352/6 4349/1329/6
f 4435/16/6 4441/1351/6 4442/1354/6
f 4442/1354/6 4443/1353/6 4349/1329/6
f 4435/16/6 4442/1354/6 4349/1329/6
f 4435/16/6 4349/1329/6 4350/1355/6
f 4435/16/6 4350/1355/6 4351/1356/6
f 4435/16/6 4351/1356/6 4362/1357/6
f 4362/1357/6 4351/1356/6 4352/1358/6
f 4362/1357/6 4352/1358/6 4353/1359/6
f 4362/1357/6 4353/1359/6 4354/1360/6
f 4435/16/6 4362/1357/6 4361/1361/6
f 4363/1362/6 4362/1357/6 4354/1360/6
f 4363/1362/6 4354/1360/6 4355/1363/6
f 4363/1362/6 4355/1363/6 4356/1364/6
f 4363/1362/6 4356/1364/6 4357/1365/6
f 4363/1362/6 4357/1365/6 4358/1366/6
f 4364/1367/6 4363/1362/6 4359/1368/6
f 4359/1368/6 4363/1362/6 4358/1366/6
f 4360/1369/6 4359/1368/6 4361/1361/6
f 4361/1361/6 4359/1368/6 4364/1367/6
f 4435/16/6 4361/1361/6 4364/1367/6
f 4435/16/6 4364/1367/6 4422/1370/6
f 4422/1370/6 4364/1367/6 4365/1371/6
f 4435/16/6 4422/1370/6 4423/1372/6
f 4421/1373/6 4422/1370/6 4365/1371/6
f 4434/1374/6 4435/16/6 4423/1372/6
f 4434/1374/6 4423/1372/6 4424/1375/6
f 4421/1373/6 4365/1371/6 4366/1376/6
f 4434/1374/6 4424/1375/6 4425/1377/6
f 4433/1378/6 4434/1374/6 4425/1377/6
f 4433/1378/6 4425/1377/6 4426/1379/6
f 4432/1380/6 4433/1378/6 4426/1379/6
f 4432/1380/6 4426/1379/6 4427/1381/6
f 4432/1380/6 4427/1381/6 4428/1382/6
f 4431/1383/6 4432/1380/6 4428/1382/6
f 4431/1383/6 4428/1382/6 4429/1384/6
f 4430/1385/6 4431/1383/6 4429/1384/6
f 4420/1386/6 4421/1373/6 4366/1376/6
f 4420/1386/6 4366/1376/6 4367/1387/6
f 4420/1386/6 4367/1387/6 4368/1388/6
f 4419/1389/6 4420/1386/6 4368/1388/6
f 4419/1389/6 4368/1388/6 4369/1390/6
f 4418/1391/6 4419/1389/6 4369/1390/6
f 4418/1391/6 4369/1390/6 4370/1392/6
f 4417/1393/6 4418/1391/6 4370/1392/6
f 4417/1393/6 4370/1392/6 4371/1394/6
f 4416/1395/6 4417/1393/6 4371/1394/6
f 4416/1395/6 4371/1394/6 4372/1396/6
f 4416/1395/6 4372/1396/6 4373/1397/6
f 4415/1398/6 4416/1395/6 4373/1397/6
f 4282/1399/6 4283/1401/6 4284/1400/6
f 4398/1402/6 4399/1404/6 4400/1403/6
f 4415/1398/6 4373/1397/6 4374/1405/6
f 4398/1402/6 4400/1403/6 4401/1406/6
f 4415/1398/6 4374/1405/6 4375/1407/6
f 4398/1402/6 4401/1406/6 4402/1408/6
f 4414/1409/6 4415/1398/6 4407/1410/6
f 4407/1410/6 4415/1398/6 4375/1407/6
f 4398/1402/6 4402/1408/6 4403/1411/6
f 4407/1410/6 4375/1407/6 4376/1412/6
f 4398/1402/6 4403/1411/6 4404/1413/6
f 4398/1402/6 4404/1413/6 4405/1414/6
f 4407/1410/6 4376/1412/6 4377/1415/6
f 4398/1402/6 4405/1414/6 4406/1416/6
f 4398/1402/6 4406/1416/6 4407/1410/6
f 4412/1417/6 4411/1419/6 4413/1418/6
f 4413/1418/6 4411/1419/6 4414/1409/6
f 4414/1409/6 4411/1419/6 4407/1410/6
f 4407/1410/6 4411/1419/6 4408/1420/6
f 4408/1420/6 4411/1419/6 4409/1421/6
f 4409/1421/6 4411/1419/6 4410/1422/6
f 4398/1402/6 4407/1410/6 4377/1415/6
f 4398/1402/6 4377/1415/6 4378/1423/6
f 4398/1402/6 4378/1423/6 4379/1424/6
f 4398/1402/6 4379/1424/6 4380/1425/6
f 4398/1402/6 4380/1425/6 4381/1426/6
f 4282/1399/6 4284/1400/6 4285/1427/6
f 4281/1428/6 4282/1399/6 4285/1427/6
f 4398/1402/6 4381/1426/6 4382/24/6
f 4398/1402/6 4382/24/6 4383/1429/6
f 4398/1402/6 4383/1429/6 4384/1430/6
f 4280/1431/6 4281/1428/6 4285/1427/6
f 4398/1402/6 4384/1430/6 4385/1432/6
f 4279/1433/6 4280/1431/6 4285/1427/6
f 4398/1402/6 4385/1432/6 4395/1434/6
f 4395/1434/6 4385/1432/6 4394/1435/6
f 4394/1435/6 4385/1432/6 4393/1436/6
f 4393/1436/6 4385/1432/6 4392/1437/6
f 4392/1437/6 4385/1432/6 4391/1438/6
f 4391/1438/6 4385/1432/6 4390/1439/6
f 4390/1439/6 4385/1432/6 4389/1440/6
f 4389/1440/6 4385/1432/6 4388/1441/6
f 4388/1441/6 4385/1432/6 4387/1442/6
f 4387/1442/6 4385/1432/6 4386/1443/6
f 4278/1444/6 4279/1433/6 4285/1427/6
f 4278/1444/6 4285/1427/6 4286/1445/6
f 4278/1444/6 4286/1445/6 4287/1446/6
f 4277/1447/6 4278/1444/6 4287/1446/6
f 4277/1447/6 4287/1446/6 4288/1448/6
f 4276/7/6 4277/1447/6 4288/1448/6
f 4276/7/6 4288/1448/6 4289/1449/6
f 4276/7/6 4289/1449/6 4290/1450/6
f 4275/1451/6 4276/7/6 4290/1450/6
f 4275/1451/6 4290/1450/6 4291/1452/6
f 4397/1453/6 4398/1402/6 4396/1454/6
f 4396/1454/6 4398/1402/6 4395/1434/6
f 4275/1451/6 4291/1452/6 4292/1455/6
f 4274/1456/6 4275/1451/6 4292/1455/6
f 4274/1456/6 4292/1455/6 4293/1457/6
f 4273/1458/6 4274/1456/6 4293/1457/6
f 4273/1458/6 4293/1457/6 4294/1459/6
f 4273/1458/6 4294/1459/6 4295/1460/6
f 4272/1461/6 4273/1458/6 4295/1460/6
f 4272/1461/6 4295/1460/6 4296/1462/6
f 4271/1463/6 4272/1461/6 4296/1462/6
f 4271/1463/6 4296/1462/6 4223/3/6
f 4270/1464/6 4271/1463/6 4223/3/6
f 4270/1464/6 4223/3/6 4224/1465/6
f 4270/1464/6 4224/1465/6 4225/1466/6
f 4270/1464/6 4225/1466/6 4226/1467/6
f 4269/1468/6 4270/1464/6 4226/1467/6
f 4269/1468/6 4226/1467/6 4227/1469/6
f 4269/1468/6 4227/1469/6 4228/1470/6
f 4269/1468/6 4228/1470/6 4229/1471/6
f 4245/1472/6 4246/1474/6 4247/1473/6
f 4268/1475/6 4269/1468/6 4229/1471/6
f 4268/1475/6 4229/1471/6 4230/1476/6
f 4244/1477/6 4245/1472/6 4247/1473/6
f 4243/1478/6 4244/1477/6 4247/1473/6
f 4268/1475/6 4230/1476/6 4231/1479/6
f 4242/1480/6 4243/1478/6 4247/1473/6
f 4241/1481/6 4242/1480/6 4247/1473/6
f 4268/1475/6 4231/1479/6 4232/1482/6
f 4240/1483/6 4241/1481/6 4247/1473/6
f 4239/1484/6 4240/1483/6 4247/1473/6
f 4268/1475/6 4232/1482/6 4233/1485/6
f 4238/1486/6 4239/1484/6 4247/1473/6
f 4237/1487/6 4238/1486/6 4247/1473/6
f 4236/1488/6 4237/1487/6 4247/1473/6
f 4268/1475/6 4233/1485/6 4234/1489/6
f 4235/1490/6 4236/1488/6 4247/1473/6
f 4234/1489/6 4235/1490/6 4247/1473/6
f 4268/1475/6 4234/1489/6 4247/1473/6
f 4267/1491/6 4268/1475/6 4247/1473/6
f 4266/1492/6 4267/1491/6 4247/1473/6
f 4265/1493/6 4266/1492/6 4247/1473/6
f 4264/1494/6 4265/1493/6 4247/1473/6
f 4263/1495/6 4264/1494/6 4247/1473/6
f 4262/1496/6 4263/1495/6 4247/1473/6
f 4262/1496/6 4247/1473/6 4248/1497/6
f 4262/1496/6 4248/1497/6 4249/1498/6
f 4262/1496/6 4249/1498/6 4250/1499/6
f 4261/1500/6 4262/1496/6 4250/1499/6
f 4261/1500/6 4250/1499/6 4251/1501/6
f 4261/1500/6 4251/1501/6 4252/1502/6
f 4261/1500/6 4252/1502/6 4253/1503/6
f 4260/1504/6 4261/1500/6 4253/1503/6
f 4260/1504/6 4253/1503/6 4254/1505/6
f 4260/1504/6 4254/1505/6 4255/1506/6
f 4260/1504/6 4255/1506/6 4256/1507/6
f 4259/1508/6 4260/1504/6 4256/1507/6
f 4259/1508/6 4256/1507/6 4257/1509/6
f 4259/1508/6 4257/1509/6 4258/1510/6
f 4511/1511/6 4512/1513/6 4513/1512/6
f 4510/1514/6 4511/1511/6 4513/1512/6
f 4509/1515/6 4510/1514/6 4513/1512/6
f 4508/1516/6 4509/1515/6 4513/1512/6
f 4507/1517/6 4508/1516/6 4513/1512/6
f 4506/1518/6 4507/1517/6 4513/1512/6
f 4505/1519/6 4506/1518/6 4513/1512/6
f 4504/1520/6 4505/1519/6 4513/1512/6
f 4503/1521/6 4504/1520/6 4513/1512/6
f 4502/1522/6 4503/1521/6 4513/1512/6
f 4501/1523/6 4502/1522/6 4513/1512/6
f 4500/1524/6 4501/1523/6 4513/1512/6
f 4499/1525/6 4500/1524/6 4513/1512/6
f 4498/1526/6 4499/1525/6 4513/1512/6
f 4497/1527/6 4498/1526/6 4513/1512/6
f 4496/1528/6 4497/1527/6 4513/1512/6
f 4495/1529/6 4496/1528/6 4513/1512/6
f 4494/1530/6 4495/1529/6 4513/1512/6
f 4493/1531/6 4494/1530/6 4513/1512/6
f 4492/1532/6 4493/1531/6 4513/1512/6
f 4491/1533/6 4492/1532/6 4513/1512/6
f 4490/1534/6 4491/1533/6 4513/1512/6
f 4489/3/6 4490/1534/6 4513/1512/6
f 4599/1535/6 4489/3/6 4513/1512/6
f 4598/1536/6 4599/1535/6 4513/1512/6
f 4597/890/6 4598/1536/6 4513/1512/6
f 4596/1537/6 4597/890/6 4513/1512/6
f 4595/1538/6 4596/1537/6 4513/1512/6
f 4594/1539/6 4595/1538/6 4513/1512/6
f 4593/1540/6 4594/1539/6 4513/1512/6
f 4592/1541/6 4593/1540/6 4513/1512/6
f 4591/1542/6 4592/1541/6 4513/1512/6
f 4590/1543/6 4591/1542/6 4513/1512/6
f 4589/1544/6 4590/1543/6 4513/1512/6
f 4588/1545/6 4589/1544/6 4513/1512/6
f 4587/1546/6 4588/1545/6 4513/1512/6
f 4586/1547/6 4587/1546/6 4573/1548/6
f 4573/1548/6 4587/1546/6 4513/1512/6
f 4586/1547/6 4573/1548/6 4585/1549/6
f 4585/1549/6 4573/1548/6 4584/1550/6
f 4584/1550/6 4573/1548/6 4583/1551/6
f 4583/1551/6 4573/1548/6 4582/1552/6
f 4582/1552/6 4573/1548/6 4581/1553/6
f 4581/1553/6 4573/1548/6 4580/1554/6
f 4580/1554/6 4573/1548/6 4579/1555/6
f 4579/1555/6 4573/1548/6 4578/1556/6
f 4578/1556/6 4573/1548/6 4577/1557/6
f 4577/1557/6 4573/1548/6 4574/1558/6
f 4572/1559/6 4573/1548/6 4516/1077/6
f 4516/1077/6 4573/1548/6 4515/1560/6
f 4515/1560/6 4573/1548/6 4514/1561/6
f 4514/1561/6 4573/1548/6 4513/1512/6
f 4572/1559/6 4516/1077/6 4517/1562/6
f 4572/1559/6 4517/1562/6 4518/1563/6
f 4572/1559/6 4518/1563/6 4519/1564/6
f 4572/1559/6 4519/1564/6 4520/1565/6
f 4572/1559/6 4520/1565/6 4521/1566/6
f 4572/1559/6 4521/1566/6 4522/1567/6
f 4571/1568/6 4572/1559/6 4576/1569/6
f 4576/1569/6 4572/1559/6 4575/1570/6
f 4575/1570/6 4572/1559/6 4522/1567/6
f 4575/1570/6 4522/1567/6 4523/1571/6
f 4575/1570/6 4523/1571/6 4524/1572/6
f 4575/1570/6 4524/1572/6 4525/1573/6
f 4575/1570/6 4525/1573/6 4526/1574/6
f 4574/1558/6 4575/1570/6 4526/1574/6
f 4577/1557/6 4576/1569/6 4574/1558/6
f 4574/1558/6 4576/1569/6 4571/1568/6
f 4571/1568/6 4574/1558/6 4526/1574/6
f 4571/1568/6 4526/1574/6 4527/1575/6
f 4570/386/6 4571/1568/6 4527/1575/6
f 4638/1576/6 4639/1578/6 4640/1577/6
f 4570/386/6 4527/1575/6 4528/1579/6
f 4569/1580/6 4570/386/6 4528/1579/6
f 4638/1576/6 4640/1577/6 4641/1581/6
f 4569/1580/6 4528/1579/6 4529/1582/6
f 4638/1576/6 4641/1581/6 4642/1583/6
f 4637/1584/6 4638/1576/6 4642/1583/6
f 4612/1585/6 4613/1587/6 4614/1586/6
f 4637/1584/6 4642/1583/6 4643/1588/6
f 4568/1589/6 4569/1580/6 4529/1582/6
f 4568/1589/6 4529/1582/6 4530/1590/6
f 4637/1584/6 4643/1588/6 4644/1591/6
f 4612/1585/6 4614/1586/6 4615/1592/6
f 4637/1584/6 4644/1591/6 4645/1593/6
f 4636/1594/6 4637/1584/6 4645/1593/6
f 4612/1585/6 4615/1592/6 4616/1595/6
f 4567/1596/6 4568/1589/6 4530/1590/6
f 4567/1596/6 4530/1590/6 4531/1597/6
f 4636/1594/6 4645/1593/6 4646/1598/6
f 4611/1599/6 4612/1585/6 4616/1595/6
f 4635/1600/6 4636/1594/6 4646/1598/6
f 4611/1599/6 4616/1595/6 4617/1601/6
f 4635/1600/6 4646/1598/6 4647/1602/6
f 4634/1603/6 4635/1600/6 4647/1602/6
f 4611/1599/6 4617/1601/6 4618/1604/6
f 4634/1603/6 4647/1602/6 4648/1605/6
f 4567/1596/6 4531/1597/6 4532/1606/6
f 4633/1607/6 4634/1603/6 4648/1605/6
f 4566/1608/6 4567/1596/6 4532/1606/6
f 4611/1599/6 4618/1604/6 4619/1609/6
f 4610/1610/6 4611/1599/6 4619/1609/6
f 4632/1611/6 4633/1607/6 4648/1605/6
f 4632/1611/6 4648/1605/6 4649/1612/6
f 4610/1610/6 4619/1609/6 4620/1613/6
f 4609/1614/6 4610/1610/6 4620/1613/6
f 4631/1615/6 4632/1611/6 4649/1612/6
f 4631/1615/6 4649/1612/6 4650/1616/6
f 4566/1608/6 4532/1606/6 4533/1617/6
f 4608/1618/6 4609/1614/6 4620/1613/6
f 4608/1618/6 4620/1613/6 4621/1619/6
f 4630/1620/6 4631/1615/6 4650/1616/6
f 4630/1620/6 4650/1616/6 4651/1/6
f 4565/1621/6 4566/1608/6 4533/1617/6
f 4607/1622/6 4608/1618/6 4621/1619/6
f 4607/1622/6 4621/1619/6 4622/1623/6
f 4629/1624/6 4630/1620/6 4651/1/6
f 4606/1625/6 4607/1622/6 4622/1623/6
f 4606/1625/6 4622/1623/6 4623/1626/6
f 4565/1621/6 4533/1617/6 4534/1627/6
f 4628/1628/6 4629/1624/6 4651/1/6
f 4605/1629/6 4606/1625/6 4623/1626/6
f 4605/1629/6 4623/1626/6 4624/1002/6
f 4628/1628/6 4651/1/6 4627/1630/6
f 4627/1630/6 4651/1/6 4626/1631/6
f 4564/1632/6 4565/1621/6 4534/1627/6
f 4604/1633/6 4605/1629/6 4624/1002/6
f 4604/1633/6 4624/1002/6 4625/1634/6
f 4564/1632/6 4534/1627/6 4535/1635/6
f 4603/1636/6 4604/1633/6 4625/1634/6
f 4602/1637/6 4603/1636/6 4625/1634/6
f 4563/1638/6 4564/1632/6 4535/1635/6
f 4601/1639/6 4602/1637/6 4625/1634/6
f 4601/1639/6 4625/1634/6 4600/1640/6
f 4563/1638/6 4535/1635/6 4536/1641/6
f 4563/1638/6 4536/1641/6 4537/1642/6
f 4562/1643/6 4563/1638/6 4537/1642/6
f 4562/1643/6 4537/1642/6 4538/1644/6
f 4561/1645/6 4562/1643/6 4538/1644/6
f 4561/1645/6 4538/1644/6 4539/1646/6
f 4560/1647/6 4561/1645/6 4539/1646/6
f 4560/1647/6 4539/1646/6 4540/1648/6
f 4560/1647/6 4540/1648/6 4541/1649/6
f 4559/1650/6 4560/1647/6 4541/1649/6
f 4559/1650/6 4541/1649/6 4542/1651/6
f 4559/1650/6 4542/1651/6 4543/875/6
f 4558/1652/6 4559/1650/6 4543/875/6
f 4558/1652/6 4543/875/6 4544/1653/6
f 4558/1652/6 4544/1653/6 4545/1654/6
f 4557/1655/6 4558/1652/6 4545/1654/6
f 4557/1655/6 4545/1654/6 4546/1656/6
f 4557/1655/6 4546/1656/6 4547/1657/6
f 4557/1655/6 4547/1657/6 4548/1658/6
f 4557/1655/6 4548/1658/6 4549/1659/6
f 4557/1655/6 4549/1659/6 4550/1660/6
f 4556/1661/6 4557/1655/6 4550/1660/6
f 4555/1662/6 4556/1661/6 4550/1660/6
f 4554/1663/6 4555/1662/6 4550/1660/6
f 4553/1664/6 4554/1663/6 4550/1660/6
f 4552/1665/6 4553/1664/6 4550/1660/6
f 4551/1666/6 4552/1665/6 4550/1660/6
f 4662/1667/6 4663/1669/6 4664/1668/6
f 4661/1670/6 4662/1667/6 4664/1668/6
f 4660/1671/6 4661/1670/6 4664/1668/6
f 4659/1672/6 4660/1671/6 4664/1668/6
f 4658/1673/6 4659/1672/6 4664/1668/6
f 4658/1673/6 4664/1668/6 4665/1674/6
f 4657/1675/6 4658/1673/6 4665/1674/6
f 4656/1676/6 4657/1675/6 4665/1674/6
f 4656/1676/6 4665/1674/6 4666/1677/6
f 4656/1676/6 4666/1677/6 4667/1678/6
f 4655/1679/6 4656/1676/6 4667/1678/6
f 4655/1679/6 4667/1678/6 4668/1680/6
f 4654/1681/6 4655/1679/6 4668/1680/6
f 4654/1681/6 4668/1680/6 4669/1682/6
f 4653/1683/6 4654/1681/6 4669/1682/6
f 4653/1683/6 4669/1682/6 4670/1684/6
f 4652/3/6 4653/1683/6 4670/1684/6
f 4652/3/6 4670/1684/6 4671/576/6
f 4728/1/6 4652/3/6 4671/576/6
f 4727/1685/6 4728/1/6 4671/576/6
f 4727/1685/6 4671/576/6 4672/1686/6
f 4726/1687/6 4727/1685/6 4672/1686/6
f 4726/1687/6 4672/1686/6 4673/1688/6
f 4725/1689/6 4726/1687/6 4673/1688/6
f 4725/1689/6 4673/1688/6 4674/1690/6
f 4724/1691/6 4725/1689/6 4674/1690/6
f 4724/1691/6 4674/1690/6 4675/1692/6
f 4723/1693/6 4724/1691/6 4675/1692/6
f 4723/1693/6 4675/1692/6 4676/1694/6
f 4722/1695/6 4723/1693/6 4676/1694/6
f 4722/1695/6 4676/1694/6 4704/1696/6
f 4704/1696/6 4676/1694/6 4677/1697/6
f 4721/1698/6 4722/1695/6 4704/1696/6
f 4720/1699/6 4721/1698/6 4704/1696/6
f 4719/1700/6 4720/1699/6 4704/1696/6
f 4718/1701/6 4719/1700/6 4704/1696/6
f 4717/1702/6 4718/1701/6 4704/1696/6
f 4716/1703/6 4717/1702/6 4704/1696/6
f 4716/1703/6 4704/1696/6 4705/1704/6
f 4703/1705/6 4704/1696/6 4677/1697/6
f 4702/1706/6 4703/1705/6 4677/1697/6
f 4716/1703/6 4705/1704/6 4706/1707/6
f 4715/1708/6 4716/1703/6 4706/1707/6
f 4715/1708/6 4706/1707/6 4707/1709/6
f 4715/1708/6 4707/1709/6 4708/1710/6
f 4715/1708/6 4708/1710/6 4709/1711/6
f 4715/1708/6 4709/1711/6 4710/1712/6
f 4715/1708/6 4710/1712/6 4711/1713/6
f 4715/1708/6 4711/1713/6 4712/1714/6
f 4715/1708/6 4712/1714/6 4713/1715/6
f 4715/1708/6 4713/1715/6 4714/1716/6
f 4701/1717/6 4702/1706/6 4677/1697/6
f 4701/1717/6 4677/1697/6 4678/1718/6
f 4700/1719/6 4701/1717/6 4678/1718/6
f 4700/1719/6 4678/1718/6 4679/1720/6
f 4699/1721/6 4700/1719/6 4679/1720/6
f 4699/1721/6 4679/1720/6 4680/1722/6
f 4698/1723/6 4699/1721/6 4680/1722/6
f 4698/1723/6 4680/1722/6 4681/1724/6
f 4697/1725/6 4698/1723/6 4681/1724/6
f 4697/1725/6 4681/1724/6 4682/1726/6
f 4696/1727/6 4697/1725/6 4682/1726/6
f 4696/1727/6 4682/1726/6 4683/1728/6
f 4696/1727/6 4683/1728/6 4684/1729/6
f 4695/1730/6 4696/1727/6 4684/1729/6
f 4695/1730/6 4684/1729/6 4685/1731/6
f 4694/1732/6 4695/1730/6 4685/1731/6
f 4694/1732/6 4685/1731/6 4686/1733/6
f 4693/1734/6 4694/1732/6 4686/1733/6
f 4693/1734/6 4686/1733/6 4687/1735/6
f 4692/1736/6 4693/1734/6 4687/1735/6
f 4692/1736/6 4687/1735/6 4688/1737/6
f 4691/1738/6 4692/1736/6 4688/1737/6
f 4691/1738/6 4688/1737/6 4689/1739/6
f 4690/386/6 4691/1738/6 4689/1739/6
f 4812/1740/6 4813/1742/6 4814/1741/6
f 4812/1740/6 4814/1741/6 4815/1743/6
f 4886/1744/6 4887/1746/6 4888/1745/6
f 4886/1744/6 4888/1745/6 4889/1747/6
f 4812/1740/6 4815/1743/6 4816/1748/6
f 4811/1749/6 4812/1740/6 4816/1748/6
f 4811/1749/6 4816/1748/6 4817/1750/6
f 4810/1737/6 4811/1749/6 4817/1750/6
f 4886/1744/6 4889/1747/6 4890/1751/6
f 4885/1752/6 4886/1744/6 4890/1751/6
f 4885/1752/6 4890/1751/6 4891/1691/6
f 4884/1753/6 4885/1752/6 4891/1691/6
f 4810/1737/6 4817/1750/6 4818/1754/6
f 4809/1755/6 4810/1737/6 4818/1754/6
f 4884/1753/6 4891/1691/6 4892/1756/6
f 4883/1757/6 4884/1753/6 4892/1756/6
f 4809/1755/6 4818/1754/6 4819/1736/6
f 4808/1758/6 4809/1755/6 4819/1736/6
f 4883/1757/6 4892/1756/6 4893/1759/6
f 4882/1699/6 4883/1757/6 4893/1759/6
f 4808/1758/6 4819/1736/6 4820/1760/6
f 4807/1761/6 4808/1758/6 4820/1760/6
f 4882/1699/6 4893/1759/6 4894/1762/6
f 4881/1607/6 4882/1699/6 4894/1762/6
f 4807/1761/6 4820/1760/6 4821/1763/6
f 4806/1764/6 4807/1761/6 4821/1763/6
f 4881/1607/6 4894/1762/6 4895/1765/6
f 4880/1766/6 4881/1607/6 4895/1765/6
f 4806/1764/6 4821/1763/6 4822/1767/6
f 4805/1645/6 4806/1764/6 4822/1767/6
f 4880/1766/6 4895/1765/6 4896/1768/6
f 4879/1769/6 4880/1766/6 4896/1768/6
f 4805/1645/6 4822/1767/6 4823/1770/6
f 4804/1771/6 4805/1645/6 4823/1770/6
f 4879/1769/6 4896/1768/6 4897/1772/6
f 4878/1773/6 4879/1769/6 4897/1772/6
f 4878/1773/6 4897/1772/6 4898/1774/6
f 4804/1771/6 4823/1770/6 4824/1555/6
f 4803/1775/6 4804/1771/6 4824/1555/6
f 4877/1776/6 4878/1773/6 4898/1774/6
f 4877/1776/6 4898/1774/6 4899/1777/6
f 4876/1778/6 4877/1776/6 4899/1777/6
f 4803/1775/6 4824/1555/6 4825/1779/6
f 4802/1780/6 4803/1775/6 4825/1779/6
f 4876/1778/6 4899/1777/6 4900/1/6
f 4875/1781/6 4876/1778/6 4900/1/6
f 4802/1780/6 4825/1779/6 4826/1782/6
f 4801/1729/6 4802/1780/6 4826/1782/6
f 4875/1781/6 4900/1/6 4827/1783/6
f 4874/1784/6 4875/1781/6 4827/1783/6
f 4801/1729/6 4826/1782/6 4729/3/6
f 4800/1785/6 4801/1729/6 4729/3/6
f 4873/1703/6 4874/1784/6 4827/1783/6
f 4873/1703/6 4827/1783/6 4828/1727/6
f 4799/1786/6 4800/1785/6 4729/3/6
f 4799/1786/6 4729/3/6 4730/1787/6
f 4798/1788/6 4799/1786/6 4730/1787/6
f 4798/1788/6 4730/1787/6 4731/1789/6
f 4872/1790/6 4873/1703/6 4828/1727/6
f 4872/1790/6 4828/1727/6 4829/1791/6
f 4797/1792/6 4798/1788/6 4731/1789/6
f 4797/1792/6 4731/1789/6 4732/1793/6
f 4796/1794/6 4797/1792/6 4732/1793/6
f 4796/1794/6 4732/1793/6 4733/1795/6
f 4871/1796/6 4872/1790/6 4829/1791/6
f 4871/1796/6 4829/1791/6 4830/1797/6
f 4795/1798/6 4796/1794/6 4733/1795/6
f 4795/1798/6 4733/1795/6 4734/1799/6
f 4794/1800/6 4795/1798/6 4734/1799/6
f 4794/1800/6 4734/1799/6 4735/1801/6
f 4870/1802/6 4871/1796/6 4830/1797/6
f 4870/1802/6 4830/1797/6 4831/1803/6
f 4793/1804/6 4794/1800/6 4735/1801/6
f 4793/1804/6 4735/1801/6 4736/1805/6
f 4792/1722/6 4793/1804/6 4736/1805/6
f 4792/1722/6 4736/1805/6 4737/1806/6
f 4869/1807/6 4870/1802/6 4831/1803/6
f 4869/1807/6 4831/1803/6 4832/1808/6
f 4791/1809/6 4792/1722/6 4737/1806/6
f 4791/1809/6 4737/1806/6 4738/1676/6
f 4790/1810/6 4791/1809/6 4738/1676/6
f 4790/1810/6 4738/1676/6 4739/1811/6
f 4789/1812/6 4790/1810/6 4739/1811/6
f 4789/1812/6 4739/1811/6 4740/1813/6
f 4868/1814/6 4869/1807/6 4832/1808/6
f 4868/1814/6 4832/1808/6 4833/1815/6
f 4788/1816/6 4789/1812/6 4740/1813/6
f 4788/1816/6 4740/1813/6 4741/1817/6
f 4867/1818/6 4868/1814/6 4833/1815/6
f 4867/1818/6 4833/1815/6 4834/1819/6
f 4787/1820/6 4788/1816/6 4741/1817/6
f 4787/1820/6 4741/1817/6 4742/1821/6
f 4866/1822/6 4867/1818/6 4834/1819/6
f 4866/1822/6 4834/1819/6 4835/1823/6
f 4786/875/6 4787/1820/6 4742/1821/6
f 4865/1824/6 4866/1822/6 4835/1823/6
f 4865/1824/6 4835/1823/6 4836/1825/6
f 4786/875/6 4742/1821/6 4743/1826/6
f 4785/1827/6 4786/875/6 4743/1826/6
f 4864/1714/6 4865/1824/6 4836/1825/6
f 4864/1714/6 4836/1825/6 4837/1719/6
f 4863/1828/6 4864/1714/6 4837/1719/6
f 4863/1828/6 4837/1719/6 4838/1829/6
f 4784/1830/6 4785/1827/6 4743/1826/6
f 4784/1830/6 4743/1826/6 4744/1831/6
f 4862/1592/6 4863/1828/6 4838/1829/6
f 4862/1592/6 4838/1829/6 4839/1832/6
f 4862/1592/6 4839/1832/6 4840/1833/6
f 4861/1834/6 4862/1592/6 4840/1833/6
f 4861/1834/6 4840/1833/6 4841/1835/6
f 4860/1836/6 4861/1834/6 4841/1835/6
f 4783/1694/6 4784/1830/6 4744/1831/6
f 4860/1836/6 4841/1835/6 4842/1837/6
f 4859/1838/6 4860/1836/6 4842/1837/6
f 4859/1838/6 4842/1837/6 4843/890/6
f 4858/1839/6 4859/1838/6 4843/890/6
f 4783/1694/6 4744/1831/6 4745/1840/6
f 4858/1839/6 4843/890/6 4844/1841/6
f 4857/1842/6 4858/1839/6 4844/1841/6
f 4857/1842/6 4844/1841/6 4845/1843/6
f 4856/1844/6 4857/1842/6 4845/1843/6
f 4782/1845/6 4783/1694/6 4745/1840/6
f 4856/1844/6 4845/1843/6 4846/1696/6
f 4855/1710/6 4856/1844/6 4846/1696/6
f 4855/1710/6 4846/1696/6 4847/1846/6
f 4854/1847/6 4855/1710/6 4847/1846/6
f 4854/1847/6 4847/1846/6 4848/1848/6
f 4853/1849/6 4854/1847/6 4848/1848/6
f 4853/1849/6 4848/1848/6 4849/1850/6
f 4852/1851/6 4853/1849/6 4849/1850/6
f 4781/1852/6 4782/1845/6 4745/1840/6
f 4781/1852/6 4745/1840/6 4746/1853/6
f 4852/1851/6 4849/1850/6 4850/1854/6
f 4851/1855/6 4852/1851/6 4850/1854/6
f 4780/1856/6 4781/1852/6 4746/1853/6
f 4780/1856/6 4746/1853/6 4747/1671/6
f 4779/1857/6 4780/1856/6 4747/1671/6
f 4778/1858/6 4779/1857/6 4747/1671/6
f 4778/1858/6 4747/1671/6 4748/1517/6
f 4777/1859/6 4778/1858/6 4748/1517/6
f 4777/1859/6 4748/1517/6 4749/1860/6
f 4776/1861/6 4777/1859/6 4749/1860/6
f 4775/1862/6 4776/1861/6 4749/1860/6
f 4775/1862/6 4749/1860/6 4750/1863/6
f 4774/1686/6 4775/1862/6 4750/1863/6
f 4774/1686/6 4750/1863/6 4751/1864/6
f 4773/1865/6 4774/1686/6 4751/1864/6
f 4772/1866/6 4773/1865/6 4751/1864/6
f 4772/1866/6 4751/1864/6 4752/1867/6
f 4771/1868/6 4772/1866/6 4752/1867/6
f 4770/1869/6 4771/1868/6 4752/1867/6
f 4770/1869/6 4752/1867/6 4753/1870/6
f 4769/1871/6 4770/1869/6 4753/1870/6
f 4768/1872/6 4769/1871/6 4753/1870/6
f 4768/1872/6 4753/1870/6 4754/1873/6
f 4767/1573/6 4768/1872/6 4754/1873/6
f 4766/1874/6 4767/1573/6 4754/1873/6
f 4765/1680/6 4766/1874/6 4754/1873/6
f 4765/1680/6 4754/1873/6 4755/1875/6
f 4764/1876/6 4765/1680/6 4755/1875/6
f 4764/1876/6 4755/1875/6 4756/1668/6
f 4764/1876/6 4756/1668/6 4757/1877/6
f 4764/1876/6 4757/1877/6 4758/1878/6
f 4764/1876/6 4758/1878/6 4759/1879/6
f 4764/1876/6 4759/1879/6 4760/1880/6
f 4764/1876/6 4760/1880/6 4761/1881/6
f 4764/1876/6 4761/1881/6 4762/1882/6
f 4764/1876/6 4762/1882/6 4763/1883/6
f 5057/1884/6 5058/1886/6 5011/1885/6
f 5056/1887/6 5057/1884/6 5011/1885/6
f 5056/1887/6 5011/1885/6 5012/1888/6
f 5055/1889/6 5056/1887/6 5012/1888/6
f 5055/1889/6 5012/1888/6 5013/1890/6
f 5054/1891/6 5055/1889/6 5013/1890/6
f 5054/1891/6 5013/1890/6 5014/1892/6
f 5053/1893/6 5054/1891/6 5014/1892/6
f 5053/1893/6 5014/1892/6 5015/1894/6
f 5053/1893/6 5015/1894/6 5016/1555/6
f 5052/1895/6 5053/1893/6 5016/1555/6
f 5052/1895/6 5016/1555/6 5017/1896/6
f 5051/1897/6 5052/1895/6 5017/1896/6
f 5051/1897/6 5017/1896/6 5018/1898/6
f 5050/1899/6 5051/1897/6 5018/1898/6
f 5050/1899/6 5018/1898/6 5019/1900/6
f 5049/1901/6 5050/1899/6 5019/1900/6
f 5049/1901/6 5019/1900/6 4986/1902/6
f 4986/1902/6 5019/1900/6 5020/1903/6
f 5048/1904/6 5049/1901/6 4987/1905/6
f 4987/1905/6 5049/1901/6 4986/1902/6
f 4985/1906/6 4986/1902/6 5020/1903/6
f 4984/1907/6 4985/1906/6 5020/1903/6
f 5048/1904/6 4987/1905/6 4988/1908/6
f 4983/1909/6 4984/1907/6 5020/1903/6
f 5048/1904/6 4988/1908/6 4989/1910/6
f 4982/1911/6 4983/1909/6 5020/1903/6
f 5048/1904/6 4989/1910/6 4990/1912/6
f 4981/1913/6 4982/1911/6 5020/1903/6
f 5048/1904/6 4990/1912/6 4991/1914/6
f 4981/1913/6 5020/1903/6 5021/1915/6
f 5047/1916/6 5048/1904/6 4991/1914/6
f 5047/1916/6 4991/1914/6 4992/1917/6
f 4980/1918/6 4981/1913/6 5021/1915/6
f 5047/1916/6 4992/1917/6 4993/1645/6
f 4979/1919/6 4980/1918/6 5021/1915/6
f 5047/1916/6 4993/1645/6 4994/1920/6
f 4978/1921/6 4979/1919/6 5021/1915/6
f 5047/1916/6 4994/1920/6 4995/1922/6
f 4977/1923/6 4978/1921/6 5021/1915/6
f 4977/1923/6 5021/1915/6 5022/1924/6
f 5046/1925/6 5047/1916/6 4995/1922/6
f 5046/1925/6 4995/1922/6 4996/1926/6
f 4976/1927/6 4977/1923/6 5022/1924/6
f 5046/1925/6 4996/1926/6 4997/1928/6
f 5108/1/6 5059/1930/6 5060/1929/6
f 4975/1931/6 4976/1927/6 5022/1924/6
f 5046/1925/6 4997/1928/6 4998/1932/6
f 4974/1933/6 4975/1931/6 5022/1924/6
f 5046/1925/6 4998/1932/6 4999/1934/6
f 4973/1935/6 4974/1933/6 5022/1924/6
f 4973/1935/6 5022/1924/6 5023/1936/6
f 5045/1937/6 5046/1925/6 4999/1934/6
f 4972/1938/6 4973/1935/6 5023/1936/6
f 5045/1937/6 4999/1934/6 5000/1939/6
f 4971/1940/6 4972/1938/6 5023/1936/6
f 5045/1937/6 5000/1939/6 5001/1941/6
f 4970/875/6 4971/1940/6 5023/1936/6
f 5045/1937/6 5001/1941/6 5002/1942/6
f 5044/1943/6 5045/1937/6 5002/1942/6
f 4970/875/6 5023/1936/6 5024/1944/6
f 4969/1945/6 4970/875/6 5024/1944/6
f 5044/1943/6 5002/1942/6 5003/1946/6
f 5108/1/6 5060/1929/6 5061/1947/6
f 4968/1948/6 4969/1945/6 5024/1944/6
f 5044/1943/6 5003/1946/6 5004/1949/6
f 5107/1950/6 5108/1/6 5061/1947/6
f 4967/1951/6 4968/1948/6 5024/1944/6
f 5044/1943/6 5004/1949/6 5005/1952/6
f 4966/1953/6 4967/1951/6 5024/1944/6
f 5044/1943/6 5005/1952/6 5006/1954/6
f 5043/1955/6 5044/1943/6 5006/1954/6
f 4966/1953/6 5024/1944/6 5025/1956/6
f 5043/1955/6 5006/1954/6 5007/1957/6
f 4965/1958/6 4966/1953/6 5025/1956/6
f 5043/1955/6 5007/1957/6 5008/1959/6
f 4964/1960/6 4965/1958/6 5025/1956/6
f 5043/1955/6 5008/1959/6 5009/1961/6
f 4963/1962/6 4964/1960/6 5025/1956/6
f 5043/1955/6 5009/1961/6 5010/1963/6
f 5010/1963/6 4963/1962/6 5025/1956/6
f 5043/1955/6 5010/1963/6 5025/1956/6
f 5107/1950/6 5061/1947/6 5062/1592/6
f 5042/1964/6 5043/1955/6 5025/1956/6
f 5042/1964/6 5025/1956/6 5026/1965/6
f 5041/1966/6 5042/1964/6 5026/1965/6
f 5041/1966/6 5026/1965/6 5027/1967/6
f 5107/1950/6 5062/1592/6 5063/1968/6
f 5106/1969/6 5107/1950/6 5063/1968/6
f 5040/1970/6 5041/1966/6 5027/1967/6
f 5040/1970/6 5027/1967/6 5028/1971/6
f 5105/1972/6 5106/1969/6 5063/1968/6
f 5039/890/6 5040/1970/6 5028/1971/6
f 5039/890/6 5028/1971/6 5029/1973/6
f 5105/1972/6 5063/1968/6 5064/1974/6
f 5038/1975/6 5039/890/6 5029/1973/6
f 5038/1975/6 5029/1973/6 5030/1976/6
f 5038/1975/6 5030/1976/6 5031/1977/6
f 5037/1978/6 5038/1975/6 5031/1977/6
f 5104/1979/6 5105/1972/6 5064/1974/6
f 5104/1979/6 5064/1974/6 5065/1980/6
f 5037/1978/6 5031/1977/6 5032/1981/6
f 5036/1982/6 5037/1978/6 5032/1981/6
f 5036/1982/6 5032/1981/6 5033/1983/6
f 5035/1984/6 5036/1982/6 5033/1983/6
f 5035/1984/6 5033/1983/6 5034/1985/6
f 5103/1986/6 5104/1979/6 5065/1980/6
f 5103/1986/6 5065/1980/6 5066/1987/6
f 5102/1988/6 5103/1986/6 5066/1987/6
f 5102/1988/6 5066/1987/6 5067/1989/6
f 5101/1990/6 5102/1988/6 5067/1989/6
f 5101/1990/6 5067/1989/6 5068/1991/6
f 5100/1992/6 5101/1990/6 5068/1991/6
f 5100/1992/6 5068/1991/6 5069/1993/6
f 5099/1994/6 5100/1992/6 5069/1993/6
f 5099/1994/6 5069/1993/6 5070/1995/6
f 5098/1996/6 5099/1994/6 5070/1995/6
f 5098/1996/6 5070/1995/6 5071/1997/6
f 5097/1998/6 5098/1996/6 5071/1997/6
f 5097/1998/6 5071/1997/6 5072/1999/6
f 5096/2000/6 5097/1998/6 5072/1999/6
f 5096/2000/6 5072/1999/6 5073/2001/6
f 5095/2002/6 5096/2000/6 5073/2001/6
f 5095/2002/6 5073/2001/6 5074/2003/6
f 5094/2004/6 5095/2002/6 5074/2003/6
f 5094/2004/6 5074/2003/6 5075/2005/6
f 5093/2006/6 5094/2004/6 5075/2005/6
f 5093/2006/6 5075/2005/6 5076/2007/6
f 5092/2008/6 5093/2006/6 5076/2007/6
f 5092/2008/6 5076/2007/6 5077/2009/6
f 5091/2010/6 5092/2008/6 5077/2009/6
f 5091/2010/6 5077/2009/6 5078/2011/6
f 5090/2012/6 5091/2010/6 5078/2011/6
f 5090/2012/6 5078/2011/6 5079/2013/6
f 5089/2014/6 5090/2012/6 5079/2013/6
f 5089/2014/6 5079/2013/6 5080/2015/6
f 5088/2016/6 5089/2014/6 5080/2015/6
f 5088/2016/6 5080/2015/6 5081/2017/6
f 5087/2018/6 5088/2016/6 5081/2017/6
f 5087/2018/6 5081/2017/6 5082/2019/6
f 5086/2020/6 5087/2018/6 5082/2019/6
f 5086/2020/6 5082/2019/6 5083/2021/6
f 5085/1607/6 5086/2020/6 5083/2021/6
f 5084/2022/6 5085/1607/6 5083/2021/6
f 4961/2023/6 4962/2024/6 4901/3/6
f 4961/2023/6 4901/3/6 4902/2025/6
f 4960/2026/6 4961/2023/6 4902/2025/6
f 4960/2026/6 4902/2025/6 4903/2027/6
f 4960/2026/6 4903/2027/6 4904/2028/6
f 4960/2026/6 4904/2028/6 4905/2029/6
f 4960/2026/6 4905/2029/6 4906/2030/6
f 4960/2026/6 4906/2030/6 4907/2031/6
f 4959/2032/6 4960/2026/6 4907/2031/6
f 4959/2032/6 4907/2031/6 4908/2033/6
f 4959/2032/6 4908/2033/6 4909/2034/6
f 4959/2032/6 4909/2034/6 4910/2035/6
f 4959/2032/6 4910/2035/6 4911/2036/6
f 4959/2032/6 4911/2036/6 4912/2037/6
f 4958/2038/6 4959/2032/6 4912/2037/6
f 4958/2038/6 4912/2037/6 4913/2039/6
f 4958/2038/6 4913/2039/6 4914/2040/6
f 4958/2038/6 4914/2040/6 4915/2041/6
f 4957/2042/6 4958/2038/6 4915/2041/6
f 4957/2042/6 4915/2041/6 4916/2043/6
f 4956/2044/6 4957/2042/6 4916/2043/6
f 4956/2044/6 4916/2043/6 4917/2045/6
f 4956/2044/6 4917/2045/6 4918/2046/6
f 4955/2047/6 4956/2044/6 4918/2046/6
f 4955/2047/6 4918/2046/6 4919/2048/6
f 4954/2049/6 4955/2047/6 4919/2048/6
f 4954/2049/6 4919/2048/6 4920/2050/6
f 4953/2051/6 4954/2049/6 4920/2050/6
f 4953/2051/6 4920/2050/6 4921/2052/6
f 4952/2053/6 4953/2051/6 4921/2052/6
f 4952/2053/6 4921/2052/6 4922/2054/6
f 4951/2055/6 4952/2053/6 4922/2054/6
f 4951/2055/6 4922/2054/6 4923/2056/6
f 4950/2057/6 4951/2055/6 4923/2056/6
f 4950/2057/6 4923/2056/6 4924/1517/6
f 4949/2058/6 4950/2057/6 4924/1517/6
f 4948/2059/6 4949/2058/6 4924/1517/6
f 4948/2059/6 4924/1517/6 4925/2060/6
f 4947/1573/6 4948/2059/6 4925/2060/6
f 4947/1573/6 4925/2060/6 4926/2061/6
f 4946/2062/6 4947/1573/6 4926/2061/6
f 4946/2062/6 4926/2061/6 4927/2063/6
f 4945/2064/6 4946/2062/6 4927/2063/6
f 4945/2064/6 4927/2063/6 4928/2065/6
f 4944/2066/6 4945/2064/6 4928/2065/6
f 4944/2066/6 4928/2065/6 4929/2067/6
f 4943/2068/6 4944/2066/6 4929/2067/6
f 4943/2068/6 4929/2067/6 4930/2069/6
f 4942/2070/6 4943/2068/6 4930/2069/6
f 4942/2070/6 4930/2069/6 4931/2071/6
f 4941/2072/6 4942/2070/6 4931/2071/6
f 4941/2072/6 4931/2071/6 4932/2073/6
f 4940/2074/6 4941/2072/6 4932/2073/6
f 4940/2074/6 4932/2073/6 4933/2075/6
f 4939/2076/6 4940/2074/6 4933/2075/6
f 4939/2076/6 4933/2075/6 4934/2077/6
f 4938/2078/6 4939/2076/6 4934/2077/6
f 4938/2078/6 4934/2077/6 4935/2079/6
f 4938/2078/6 4935/2079/6 4936/2080/6
f 4937/2081/6 4938/2078/6 4936/2080/6
s 1
f 5110/2082/11 5112/2083/12 5111/2084/12 5109/3/11
f 5112/2083/12 5114/2085/13 5113/2086/13 5111/2084/12
f 5114/2085/13 5116/2087/14 5115/575/14 5113/2086/13
f 5116/2087/14 5118/2088/15 5117/2089/15 5115/575/14
f 5118/2088/15 5120/2090/16 5119/2091/16 5117/2089/15
f 5120/2090/16 5122/2092/17 5121/2093/17 5119/2091/16
f 5122/2092/17 5124/2094/18 5123/2095/18 5121/2093/17
f 5124/2094/18 5126/2096/19 5125/1077/19 5123/2095/18
f 5126/2096/19 5128/2097/20 5127/598/20 5125/1077/19
f 5128/2097/20 5130/2098/21 5129/2099/21 5127/598/20
f 5130/2098/21 5132/2100/22 5131/2101/22 5129/2099/21
f 5132/2100/22 5134/2102/23 5133/576/23 5131/2101/22
f 5134/2102/23 5136/2103/24 5135/2104/24 5133/576/23
f 5136/2103/24 5138/2105/25 5137/2106/25 5135/2104/24
f 5138/2105/25 5140/2107/26 5139/546/26 5137/2106/25
f 5140/2107/26 5142/2108/27 5141/875/27 5139/546/26
f 5142/2108/27 5144/2109/28 5143/2110/28 5141/875/27
f 5144/2109/28 5146/2111/29 5145/548/29 5143/2110/28
f 5146/2111/29 5148/2112/30 5147/2113/30 5145/548/29
f 5148/2112/30 5150/2114/31 5149/2115/31 5147/2113/30
f 5150/2114/31 5152/2116/32 5151/619/32 5149/2115/31
f 5152/2116/32 5154/2117/33 5153/2118/33 5151/619/32
f 5154/2117/33 5156/2119/34 5155/2120/34 5153/2118/33
f 5156/2119/34 5158/2121/35 5157/386/35 5155/2120/34
f 5158/2121/35 5160/2122/36 5159/2123/36 5157/386/35
f 5160/2122/36 5162/2124/37 5161/2125/37 5159/2123/36
f 5162/2124/37 5164/2126/38 5163/645/38 5161/2125/37
f 5164/2126/38 5166/2127/39 5165/2128/39 5163/645/38
f 5166/2127/39 5168/2129/40 5167/2130/40 5165/2128/39
f 5168/2129/40 5170/2131/41 5169/647/41 5167/2130/40
f 5170/2131/41 5172/2132/42 5171/2133/42 5169/647/41
f 5172/2132/42 5174/2134/43 5173/890/43 5171/2133/42
f 5174/2134/43 5176/2135/44 5175/618/44 5173/890/43
f 5176/2135/44 5178/2136/45 5177/2137/45 5175/618/44
f 5178/2136/45 5180/2138/46 5179/2139/46 5177/2137/45
f 5180/2138/46 5182/2140/47 5181/1711/47 5179/2139/46
f 5182/2140/47 5184/2141/48 5183/2142/48 5181/1711/47
f 5184/2141/48 5186/2143/49 5185/2144/49 5183/2142/48
f 5186/2143/49 5188/2145/50 5187/2146/50 5185/2144/49
f 5188/2145/50 5190/2147/51 5189/1002/51 5187/2146/50
f 5190/2147/51 5192/2148/52 5191/2149/52 5189/1002/51
f 5192/2148/52 5194/2150/53 5193/2151/53 5191/2149/52
f 5194/2150/53 5196/2152/54 5195/2153/54 5193/2151/53
f 5196/2152/54 5198/2154/55 5197/2155/55 5195/2153/54
f 5198/2154/55 5200/2156/56 5199/669/56 5197/2155/55
f 5200/2156/56 5202/2157/57 5201/2158/57 5199/669/56
f 5202/2157/57 5204/2159/58 5203/2160/58 5201/2158/57
f 5204/2159/58 5110/2161/11 5109/1/11 5203/2160/58
f 5206/2082/59 5208/2083/60 5207/2084/60 5205/3/59
f 5208/2083/60 5210/2085/61 5209/2086/61 5207/2084/60
f 5210/2085/61 5212/2087/62 5211/575/62 5209/2086/61
f 5212/2087/62 5214/2088/63 5213/2089/63 5211/575/62
f 5214/2088/63 5216/2090/64 5215/2091/64 5213/2089/63
f 5216/2090/64 5218/2092/65 5217/2093/65 5215/2091/64
f 5218/2092/65 5220/2094/66 5219/2095/66 5217/2093/65
f 5220/2094/66 5222/2096/67 5221/1077/67 5219/2095/66
f 5222/2096/67 5224/2097/68 5223/598/68 5221/1077/67
f 5224/2097/68 5226/2098/69 5225/2099/69 5223/598/68
f 5226/2098/69 5228/2100/70 5227/2101/70 5225/2099/69
f 5228/2100/70 5230/2102/71 5229/576/71 5227/2101/70
f 5230/2102/71 5232/2103/72 5231/2104/72 5229/576/71
f 5232/2103/72 5234/2105/73 5233/2106/73 5231/2104/72
f 5234/2105/73 5236/2107/74 5235/546/74 5233/2106/73
f 5236/2107/74 5238/2108/75 5237/875/75 5235/546/74
f 5238/2108/75 5240/2109/76 5239/2110/76 5237/875/75
f 5240/2109/76 5242/2111/77 5241/548/77 5239/2110/76
f 5242/2111/77 5244/2112/78 5243/2113/78 5241/548/77
f 5244/2112/78 5246/2114/79 5245/2115/79 5243/2113/78
f 5246/2114/79 5248/2116/80 5247/619/80 5245/2115/79
f 5248/2116/80 5250/2117/81 5249/2118/81 5247/619/80
f 5250/2117/81 5252/2119/82 5251/2120/82 5249/2118/81
f 5252/2119/82 5254/2121/83 5253/386/83 5251/2120/82
f 5254/2121/83 5256/2122/84 5255/2123/84 5253/386/83
f 5256/2122/84 5258/2124/85 5257/2125/85 5255/2123/84
f 5258/2124/85 5260/2126/86 5259/645/86 5257/2125/85
f 5260/2126/86 5262/2127/87 5261/2128/87 5259/645/86
f 5262/2127/87 5264/2129/88 5263/2130/88 5261/2128/87
f 5264/2129/88 5266/2131/89 5265/647/89 5263/2130/88
f 5266/2131/89 5268/2132/90 5267/2133/90 5265/647/89
f 5268/2132/90 5270/2134/91 5269/890/91 5267/2133/90
f 5270/2134/91 5272/2135/24 5271/618/24 5269/890/91
f 5272/2135/24 5274/2136/92 5273/2137/92 5271/618/24
f 5274/2136/92 5276/2138/93 5275/2139/93 5273/2137/92
f 5276/2138/93 5278/2140/94 5277/1711/94 5275/2139/93
f 5278/2140/94 5280/2141/95 5279/2142/95 5277/1711/94
f 5280/2141/95 5282/2143/96 5281/2144/96 5279/2142/95
f 5282/2143/96 5284/2145/97 5283/2146/97 5281/2144/96
f 5284/2145/97 5286/2147/98 5285/1002/98 5283/2146/97
f 5286/2147/98 5288/2148/99 5287/2149/99 5285/1002/98
f 5288/2148/99 5290/2150/100 5289/2151/100 5287/2149/99
f 5290/2150/100 5292/2152/101 5291/2153/101 5289/2151/100
f 5292/2152/101 5294/2154/102 5293/2155/102 5291/2153/101
f 5294/2154/102 5296/2156/103 5295/669/103 5293/2155/102
f 5296/2156/103 5298/2157/104 5297/2158/104 5295/669/103
f 5298/2157/104 5300/2159/105 5299/2160/105 5297/2158/104
f 5300/2159/105 5206/2161/59 5205/1/59 5299/2160/105
f 5302/2082/106 5304/2162/107 5303/2163/107 5301/3/106
f 5304/2162/107 5306/2164/108 5305/2165/108 5303/2163/107
f 5306/2164/108 5308/2166/109 5307/2167/109 5305/2165/108
f 5308/2166/109 5310/2168/110 5309/2169/110 5307/2167/109
f 5310/2168/110 5312/2170/111 5311/2171/111 5309/2169/110
f 5312/2170/111 5314/2172/112 5313/2173/112 5311/2171/111
f 5314/2172/112 5316/2174/113 5315/2175/113 5313/2173/112
f 5316/2174/113 5318/2176/114 5317/2177/114 5315/2175/113
f 5318/2176/114 5320/2178/115 5319/2179/115 5317/2177/114
f 5320/2178/115 5322/2180/116 5321/2181/116 5319/2179/115
f 5322/2180/116 5324/2182/117 5323/2183/117 5321/2181/116
f 5324/2182/117 5326/2184/118 5325/2185/118 5323/2183/117
f 5326/2184/118 5328/2186/119 5327/2187/119 5325/2185/118
f 5328/2186/119 5330/2188/120 5329/2189/120 5327/2187/119
f 5330/2188/120 5332/2190/121 5331/2191/121 5329/2189/120
f 5332/2190/121 5334/2192/122 5333/2193/122 5331/2191/121
f 5334/2192/122 5336/2194/123 5335/2195/123 5333/2193/122
f 5336/2194/123 5338/2196/124 5337/2197/124 5335/2195/123
f 5338/2196/124 5340/2198/125 5339/2199/125 5337/2197/124
f 5340/2198/125 5342/2200/126 5341/2201/126 5339/2199/125
f 5342/2200/126 5344/2202/127 5343/2203/127 5341/2201/126
f 5344/2202/127 5346/2204/128 5345/2205/128 5343/2203/127
f 5346/2204/128 5348/2206/129 5347/2207/129 5345/2205/128
f 5348/2206/129 5350/2208/130 5349/2209/130 5347/2207/129
f 5350/2208/130 5352/2210/131 5351/2211/131 5349/2209/130
f 5352/2210/131 5354/2212/132 5353/2213/132 5351/2211/131
f 5354/2212/132 5356/2214/133 5355/2215/133 5353/2213/132
f 5356/2214/133 5358/2216/134 5357/2217/134 5355/2215/133
f 5358/2216/134 5360/2218/135 5359/2219/135 5357/2217/134
f 5360/2218/135 5362/2220/136 5361/2221/136 5359/2219/135
f 5362/2220/136 5364/2121/137 5363/386/137 5361/2221/136
f 5364/2121/137 5366/2222/138 5365/2223/138 5363/386/137
f 5366/2222/138 5368/2224/139 5367/2225/139 5365/2223/138
f 5368/2224/139 5370/2226/140 5369/2227/140 5367/2225/139
f 5370/2226/140 5372/2228/141 5371/2229/141 5369/2227/140
f 5372/2228/141 5374/2230/142 5373/2231/142 5371/2229/141
f 5374/2230/142 5376/2232/143 5375/2233/143 5373/2231/142
f 5376/2232/143 5378/2234/144 5377/2235/144 5375/2233/143
f 5378/2234/144 5380/2236/145 5379/2237/145 5377/2235/144
f 5380/2236/145 5382/2238/146 5381/2239/146 5379/2237/145
f 5382/2238/146 5384/2240/147 5383/2241/147 5381/2239/146
f 5384/2240/147 5386/2242/148 5385/2243/148 5383/2241/147
f 5386/2242/148 5388/2244/149 5387/2245/149 5385/2243/148
f 5388/2244/149 5390/2246/150 5389/2247/150 5387/2245/149
f 5390/2246/150 5392/2248/151 5391/2249/151 5389/2247/150
f 5392/2248/151 5394/2250/152 5393/2251/152 5391/2249/151
f 5394/2250/152 5396/2252/153 5395/2253/153 5393/2251/152
f 5396/2252/153 5398/2254/154 5397/2255/154 5395/2253/153
f 5398/2254/154 5400/2256/155 5399/2257/155 5397/2255/154
f 5400/2256/155 5402/2258/156 5401/2259/156 5399/2257/155
f 5402/2258/156 5404/2260/157 5403/2261/157 5401/2259/156
f 5404/2260/157 5406/2262/158 5405/2263/158 5403/2261/157
f 5406/2262/158 5408/2264/159 5407/2265/159 5405/2263/158
f 5408/2264/159 5410/2266/160 5409/2267/160 5407/2265/159
f 5410/2266/160 5412/2268/161 5411/2269/161 5409/2267/160
f 5412/2268/161 5414/2270/162 5413/2271/162 5411/2269/161
f 5414/2270/162 5416/2272/163 5415/2273/163 5413/2271/162
f 5416/2272/163 5418/2274/164 5417/2275/164 5415/2273/163
f 5418/2274/164 5420/2276/165 5419/2277/165 5417/2275/164
f 5420/2276/165 5422/2278/166 5421/2279/166 5419/2277/165
f 5422/2278/166 5424/2280/167 5423/2281/167 5421/2279/166
f 5424/2280/167 5302/2161/106 5301/1/106 5423/2281/167
f 5426/2082/168 5428/2282/169 5427/2283/169 5425/3/168
f 5428/2282/169 5430/2284/170 5429/2/170 5427/2283/169
f 5430/2284/170 5432/2285/171 5431/2286/171 5429/2/170
f 5432/2285/171 5434/2287/172 5433/4/172 5431/2286/171
f 5434/2287/172 5436/2288/173 5435/1111/173 5433/4/172
f 5436/2288/173 5438/2289/174 5437/5/174 5435/1111/173
f 5438/2289/174 5440/2290/175 5439/2291/175 5437/5/174
f 5440/2290/175 5442/2292/176 5441/6/176 5439/2291/175
f 5442/2292/176 5444/2293/177 5443/2294/177 5441/6/176
f 5444/2293/177 5446/2295/178 5445/7/178 5443/2294/177
f 5446/2295/178 5448/2296/179 5447/2297/179 5445/7/178
f 5448/2296/179 5450/2298/180 5449/9/180 5447/2297/179
f 5450/2298/180 5452/2299/181 5451/2300/181 5449/9/180
f 5452/2299/181 5454/2301/182 5453/11/182 5451/2300/181
f 5454/2301/182 5456/2302/183 5455/1005/183 5453/11/182
f 5456/2302/183 5458/2303/184 5457/13/184 5455/1005/183
f 5458/2303/184 5460/2304/185 5459/2305/185 5457/13/184
f 5460/2304/185 5462/2306/186 5461/15/186 5459/2305/185
f 5462/2306/186 5464/2307/187 5463/2308/187 5461/15/186
f 5464/2307/187 5466/2309/188 5465/17/188 5463/2308/187
f 5466/2309/188 5468/2310/189 5467/2311/189 5465/17/188
f 5468/2310/189 5470/2312/190 5469/19/190 5467/2311/189
f 5470/2312/190 5472/2313/191 5471/2314/191 5469/19/190
f 5472/2313/191 5474/2315/192 5473/21/192 5471/2314/191
f 5474/2315/192 5476/2121/193 5475/386/193 5473/21/192
f 5476/2121/193 5478/2316/194 5477/26/194 5475/386/193
f 5478/2316/194 5480/2317/195 5479/2318/195 5477/26/194
f 5480/2317/195 5482/2319/196 5481/25/196 5479/2318/195
f 5482/2319/196 5484/2320/197 5483/2321/197 5481/25/196
f 5484/2320/197 5486/2322/198 5485/24/198 5483/2321/197
f 5486/2322/198 5488/2323/199 5487/2324/199 5485/24/198
f 5488/2323/199 5490/2325/200 5489/23/200 5487/2324/199
f 5490/2325/200 5492/2326/201 5491/2327/201 5489/23/200
f 5492/2326/201 5494/2328/202 5493/22/202 5491/2327/201
f 5494/2328/202 5496/2329/203 5495/1047/203 5493/22/202
f 5496/2329/203 5498/2330/204 5497/20/204 5495/1047/203
f 5498/2330/204 5500/2331/205 5499/2332/205 5497/20/204
f 5500/2331/205 5502/2333/206 5501/18/206 5499/2332/205
f 5502/2333/206 5504/2334/207 5503/2335/207 5501/18/206
f 5504/2334/207 5506/2336/208 5505/16/208 5503/2335/207
f 5506/2336/208 5508/2337/209 5507/2338/209 5505/16/208
f 5508/2337/209 5510/2339/210 5509/14/210 5507/2338/209
f 5510/2339/210 5512/2340/211 5511/2341/211 5509/14/210
f 5512/2340/211 5514/2342/212 5513/12/212 5511/2341/211
f 5514/2342/212 5516/2343/213 5515/972/213 5513/12/212
f 5516/2343/213 5518/2344/214 5517/10/214 5515/972/213
f 5518/2344/214 5520/2345/215 5519/2346/215 5517/10/214
f 5520/2345/215 5522/2347/216 5521/8/216 5519/2346/215
f 5522/2347/216 5524/2348/217 5523/2349/217 5521/8/216
f 5524/2348/217 5426/2161/168 5425/1/168 5523/2349/217
f 5526/2082/70 5528/2350/70 5527/2351/70 5525/3/70
f 5528/2350/70 5530/2352/70 5529/2353/70 5527/2351/70
f 5530/2352/70 5532/2354/70 5531/2355/70 5529/2353/70
f 5532/2354/70 5534/2356/70 5533/2357/70 5531/2355/70
f 5534/2356/70 5536/2358/70 5535/2359/70 5533/2357/70
f 5536/2358/70 5538/2360/70 5537/2361/70 5535/2359/70
f 5538/2360/70 5540/2362/70 5539/565/70 5537/2361/70
f 5540/2362/70 5542/2363/70 5541/2364/70 5539/565/70
f 5542/2363/70 5544/2365/70 5543/2366/70 5541/2364/70
f 5544/2365/70 5546/2367/70 5545/2368/70 5543/2366/70
f 5546/2367/70 5548/2369/218 5547/2370/218 5545/2368/70
f 5548/2369/218 5550/2371/219 5549/2372/219 5547/2370/218
f 5550/2371/219 5552/2373/220 5551/2374/220 5549/2372/219
f 5552/2373/220 5554/2375/221 5553/269/221 5551/2374/220
f 5554/2375/221 5556/2376/222 5555/2377/222 5553/269/221
f 5556/2376/222 5558/2378/223 5557/2379/223 5555/2377/222
f 5558/2378/223 5560/2380/224 5559/2381/224 5557/2379/223
f 5560/2380/224 5562/2382/225 5561/2383/225 5559/2381/224
f 5562/2382/225 5564/2384/226 5563/2385/226 5561/2383/225
f 5564/2384/226 5566/2386/227 5565/2387/227 5563/2385/226
f 5566/2386/227 5568/2388/228 5567/589/228 5565/2387/227
f 5568/2388/228 5570/2389/229 5569/2390/229 5567/589/228
f 5570/2389/229 5572/2391/230 5571/2392/230 5569/2390/229
f 5572/2391/230 5574/2393/231 5573/2394/231 5571/2392/230
f 5574/2393/231 5576/2395/232 5575/2396/232 5573/2394/231
f 5576/2395/232 5578/2397/233 5577/2398/233 5575/2396/232
f 5578/2397/233 5580/2399/234 5579/2400/234 5577/2398/233
f 5580/2399/234 5582/2401/235 5581/259/235 5579/2400/234
f 5582/2401/235 5584/2402/236 5583/2403/236 5581/259/235
f 5584/2402/236 5586/2404/237 5585/2405/237 5583/2403/236
f 5586/2404/237 5588/2406/238 5587/2407/238 5585/2405/237
f 5588/2406/238 5590/2408/239 5589/2409/239 5587/2407/238
f 5590/2408/239 5592/2410/240 5591/2411/240 5589/2409/239
f 5592/2410/240 5594/2412/241 5593/2413/241 5591/2411/240
f 5594/2412/241 5596/2414/242 5595/574/242 5593/2413/241
f 5596/2414/242 5598/2415/243 5597/2416/243 5595/574/242
f 5598/2415/243 5600/2417/244 5599/2418/244 5597/2416/243
f 5600/2417/244 5602/2419/245 5601/2420/245 5599/2418/244
f 5602/2419/245 5604/2421/246 5603/2422/246 5601/2420/245
f 5604/2421/246 5606/2423/247 5605/2424/247 5603/2422/246
f 5606/2423/247 5608/2425/248 5607/2426/248 5605/2424/247
f 5608/2425/248 5610/2427/249 5609/596/249 5607/2426/248
f 5610/2427/249 5612/2428/250 5611/2429/250 5609/596/249
f 5612/2428/250 5614/2430/251 5613/2431/251 5611/2429/250
f 5614/2430/251 5616/2432/252 5615/2433/252 5613/2431/251
f 5616/2432/252 5618/2434/253 5617/2435/253 5615/2433/252
f 5618/2434/253 5620/2436/254 5619/2437/254 5617/2435/253
f 5620/2436/254 5622/2438/255 5621/2439/255 5619/2437/254
f 5622/2438/255 5624/2121/256 5623/386/256 5621/2439/255
f 5624/2121/256 5626/2440/257 5625/2441/257 5623/386/256
f 5626/2440/257 5628/2442/258 5627/2443/258 5625/2441/257
f 5628/2442/258 5630/2444/259 5629/2445/259 5627/2443/258
f 5630/2444/259 5632/2446/260 5631/2447/260 5629/2445/259
f 5632/2446/260 5634/2448/261 5633/2449/261 5631/2447/260
f 5634/2448/261 5636/2450/262 5635/2451/262 5633/2449/261
f 5636/2450/262 5638/2452/263 5637/268/263 5635/2451/262
f 5638/2452/263 5640/2453/264 5639/2454/264 5637/268/263
f 5640/2453/264 5642/2455/265 5641/2456/265 5639/2454/264
f 5642/2455/265 5644/2457/266 5643/2458/266 5641/2456/265
f 5644/2457/266 5646/2459/267 5645/2460/267 5643/2458/266
f 5646/2459/267 5648/2461/268 5647/2462/268 5645/2460/267
f 5648/2461/268 5650/2463/268 5649/2464/268 5647/2462/268
f 5650/2463/268 5652/2465/268 5651/632/268 5649/2464/268
f 5652/2465/268 5654/2466/268 5653/2467/268 5651/632/268
f 5654/2466/268 5656/2468/268 5655/2469/268 5653/2467/268
f 5656/2468/268 5658/2470/268 5657/2471/268 5655/2469/268
f 5658/2470/268 5660/2472/268 5659/2473/268 5657/2471/268
f 5660/2472/268 5662/2474/268 5661/2475/268 5659/2473/268
f 5662/2474/268 5664/2476/268 5663/2477/268 5661/2475/268
f 5664/2476/268 5666/2478/268 5665/318/268 5663/2477/268
f 5666/2478/268 5668/2479/268 5667/2480/268 5665/318/268
f 5668/2479/268 5670/2481/269 5669/2482/269 5667/2480/268
f 5670/2481/269 5672/2483/270 5671/2484/270 5669/2482/269
f 5672/2483/270 5674/2485/271 5673/2486/271 5671/2484/270
f 5674/2485/271 5676/2487/272 5675/2488/272 5673/2486/271
f 5676/2487/272 5678/2489/273 5677/2490/273 5675/2488/272
f 5678/2489/273 5680/2491/274 5679/1029/274 5677/2490/273
f 5680/2491/274 5682/2492/275 5681/2493/275 5679/1029/274
f 5682/2492/275 5684/2494/276 5683/2495/276 5681/2493/275
f 5684/2494/276 5686/2496/277 5685/2497/277 5683/2495/276
f 5686/2496/277 5688/2498/278 5687/2499/278 5685/2497/277
f 5688/2498/278 5690/2500/279 5689/2501/279 5687/2499/278
f 5690/2500/279 5692/2502/280 5691/2503/280 5689/2501/279
f 5692/2502/280 5694/2504/281 5693/313/281 5691/2503/280
f 5694/2504/281 5696/2505/282 5695/2506/282 5693/313/281
f 5696/2505/282 5698/2507/283 5697/2508/283 5695/2506/282
f 5698/2507/283 5700/2509/284 5699/2510/284 5697/2508/283
f 5700/2509/284 5702/2511/285 5701/2512/285 5699/2510/284
f 5702/2511/285 5704/2513/286 5703/2514/286 5701/2512/285
f 5704/2513/286 5706/2515/287 5705/2516/287 5703/2514/286
f 5706/2515/287 5708/2517/288 5707/665/288 5705/2516/287
f 5708/2517/288 5710/2518/289 5709/2519/289 5707/665/288
f 5710/2518/289 5712/2520/290 5711/2521/290 5709/2519/289
f 5712/2520/290 5714/2522/291 5713/2523/291 5711/2521/290
f 5714/2522/291 5716/2524/292 5715/2525/292 5713/2523/291
f 5716/2524/292 5718/2526/293 5717/2527/293 5715/2525/292
f 5718/2526/293 5720/2528/294 5719/2529/294 5717/2527/293
f 5720/2528/294 5526/2161/70 5525/1/70 5719/2529/294
f 5722/2082/70 5724/2530/70 5723/2531/70 5721/3/70
f 5724/2530/70 5726/2532/70 5725/2533/70 5723/2531/70
f 5726/2532/70 5728/2534/70 5727/2535/70 5725/2533/70
f 5728/2534/70 5730/2536/70 5729/2537/70 5727/2535/70
f 5730/2536/70 5732/2538/70 5731/2539/70 5729/2537/70
f 5732/2538/70 5734/2540/70 5733/2541/70 5731/2539/70
f 5734/2540/70 5736/2542/70 5735/2543/70 5733/2541/70
f 5736/2542/70 5738/2544/70 5737/2545/70 5735/2543/70
f 5738/2544/70 5740/2546/70 5739/2547/70 5737/2545/70
f 5740/2546/70 5742/2548/70 5741/2549/70 5739/2547/70
f 5742/2548/70 5744/2550/295 5743/2551/295 5741/2549/70
f 5744/2550/295 5746/2552/296 5745/2553/296 5743/2551/295
f 5746/2552/296 5748/2554/297 5747/2555/297 5745/2553/296
f 5748/2554/297 5750/2556/298 5749/2557/298 5747/2555/297
f 5750/2556/298 5752/2558/299 5751/2559/299 5749/2557/298
f 5752/2558/299 5754/2560/300 5753/2561/300 5751/2559/299
f 5754/2560/300 5756/2562/301 5755/2563/301 5753/2561/300
f 5756/2562/301 5758/2564/302 5757/2565/302 5755/2563/301
f 5758/2564/302 5760/2566/303 5759/2567/303 5757/2565/302
f 5760/2566/303 5762/2568/304 5761/2569/304 5759/2567/303
f 5762/2568/304 5764/2570/305 5763/2571/305 5761/2569/304
f 5764/2570/305 5766/2572/306 5765/2573/306 5763/2571/305
f 5766/2572/306 5768/2574/307 5767/2575/307 5765/2573/306
f 5768/2574/307 5770/2576/308 5769/2577/308 5767/2575/307
f 5770/2576/308 5772/2578/309 5771/2579/309 5769/2577/308
f 5772/2578/309 5774/2580/310 5773/2581/310 5771/2579/309
f 5774/2580/310 5776/2582/311 5775/2583/311 5773/2581/310
f 5776/2582/311 5778/2584/312 5777/2585/312 5775/2583/311
f 5778/2584/312 5780/2586/313 5779/2587/313 5777/2585/312
f 5780/2586/313 5782/2588/314 5781/2589/314 5779/2587/313
f 5782/2588/314 5784/2590/315 5783/2591/315 5781/2589/314
f 5784/2590/315 5786/2592/316 5785/2593/316 5783/2591/315
f 5786/2592/316 5788/2594/317 5787/2595/317 5785/2593/316
f 5788/2594/317 5790/2596/318 5789/2597/318 5787/2595/317
f 5790/2596/318 5792/2598/319 5791/2599/319 5789/2597/318
f 5792/2598/319 5794/2600/320 5793/2601/320 5791/2599/319
f 5794/2600/320 5796/2121/268 5795/386/268 5793/2601/320
f 5796/2121/268 5798/2602/268 5797/2603/268 5795/386/268
f 5798/2602/268 5800/2604/268 5799/2605/268 5797/2603/268
f 5800/2604/268 5802/2606/268 5801/2607/268 5799/2605/268
f 5802/2606/268 5804/2608/268 5803/2609/268 5801/2607/268
f 5804/2608/268 5806/2610/268 5805/2611/268 5803/2609/268
f 5806/2610/268 5808/2612/268 5807/2613/268 5805/2611/268
f 5808/2612/268 5810/2614/268 5809/2615/268 5807/2613/268
f 5810/2614/268 5812/2616/268 5811/2617/268 5809/2615/268
f 5812/2616/268 5814/2618/268 5813/2619/268 5811/2617/268
f 5814/2618/268 5816/2620/268 5815/2621/268 5813/2619/268
f 5816/2620/268 5818/2622/321 5817/2623/321 5815/2621/268
f 5818/2622/321 5820/2624/322 5819/2625/322 5817/2623/321
f 5820/2624/322 5822/2626/323 5821/2627/323 5819/2625/322
f 5822/2626/323 5824/2628/324 5823/2629/324 5821/2627/323
f 5824/2628/324 5826/2630/325 5825/2631/325 5823/2629/324
f 5826/2630/325 5828/2632/326 5827/2633/326 5825/2631/325
f 5828/2632/326 5830/2634/327 5829/2635/327 5827/2633/326
f 5830/2634/327 5832/2636/328 5831/2637/328 5829/2635/327
f 5832/2636/328 5834/2638/329 5833/2639/329 5831/2637/328
f 5834/2638/329 5836/2640/330 5835/2641/330 5833/2639/329
f 5836/2640/330 5838/2642/331 5837/2643/331 5835/2641/330
f 5838/2642/331 5840/2644/332 5839/2645/332 5837/2643/331
f 5840/2644/332 5842/2646/333 5841/2647/333 5839/2645/332
f 5842/2646/333 5844/2648/334 5843/2649/334 5841/2647/333
f 5844/2648/334 5846/2650/335 5845/2651/335 5843/2649/334
f 5846/2650/335 5848/2652/336 5847/2653/336 5845/2651/335
f 5848/2652/336 5850/2654/337 5849/2655/337 5847/2653/336
f 5850/2654/337 5852/2656/338 5851/2657/338 5849/2655/337
f 5852/2656/338 5854/2658/339 5853/2659/339 5851/2657/338
f 5854/2658/339 5856/2660/340 5855/2661/340 5853/2659/339
f 5856/2660/340 5858/2662/341 5857/2663/341 5855/2661/340
f 5858/2662/341 5860/2664/342 5859/2665/342 5857/2663/341
f 5860/2664/342 5862/2666/343 5861/2667/343 5859/2665/342
f 5862/2666/343 5864/2668/344 5863/2669/344 5861/2667/343
f 5864/2668/344 5866/2670/345 5865/2671/345 5863/2669/344
f 5866/2670/345 5868/2672/346 5867/2673/346 5865/2671/345
f 5868/2672/346 5722/2161/70 5721/1/70 5867/2673/346
f 5870/2082/347 5872/2674/348 5871/278/348 5869/3/347
f 5872/2674/348 5874/2675/349 5873/277/349 5871/278/348
f 5874/2675/349 5876/2676/350 5875/281/350 5873/277/349
f 5876/2676/350 5878/2677/351 5877/283/351 5875/281/350
f 5878/2677/351 5880/2678/352 5879/280/352 5877/283/351
f 5880/2678/352 5882/2679/353 5881/279/353 5879/280/352
f 5882/2679/353 5884/2680/354 5883/282/354 5881/279/353
f 5884/2680/354 5886/2681/355 5885/270/355 5883/282/354
f 5886/2681/355 5888/2682/356 5887/261/356 5885/270/355
f 5888/2682/356 5890/2683/357 5889/258/357 5887/261/356
f 5890/2683/357 5892/2375/358 5891/269/358 5889/258/357
f 5892/2375/358 5894/2684/359 5893/272/359 5891/269/358
f 5894/2684/359 5896/2685/360 5895/263/360 5893/272/359
f 5896/2685/360 5898/2686/361 5897/262/361 5895/263/360
f 5898/2686/361 5900/2687/362 5899/271/362 5897/262/361
f 5900/2687/362 5902/2688/363 5901/308/363 5899/271/362
f 5902/2688/363 5904/2689/364 5903/295/364 5901/308/363
f 5904/2689/364 5906/2690/365 5905/296/365 5903/295/364
f 5906/2690/365 5908/2691/366 5907/292/366 5905/296/365
f 5908/2691/366 5910/2692/367 5909/291/367 5907/292/366
f 5910/2692/367 5912/2693/368 5911/257/368 5909/291/367
f 5912/2693/368 5914/2401/369 5913/259/369 5911/257/368
f 5914/2401/369 5916/2694/370 5915/260/370 5913/259/369
f 5916/2694/370 5918/2695/371 5917/264/371 5915/260/370
f 5918/2695/371 5920/2696/372 5919/293/372 5917/264/371
f 5920/2696/372 5922/2697/373 5921/294/373 5919/293/372
f 5922/2697/373 5924/2698/374 5923/297/374 5921/294/373
f 5924/2698/374 5926/2699/375 5925/298/375 5923/297/374
f 5926/2699/375 5928/2700/376 5927/2701/376 5925/298/375
f 5928/2700/376 5930/2702/377 5929/2703/377 5927/2701/376
f 5930/2702/377 5932/2704/378 5931/2705/378 5929/2703/377
f 5932/2704/378 5934/2706/379 5933/2707/379 5931/2705/378
f 5934/2706/379 5936/2427/380 5935/596/380 5933/2707/379
f 5936/2427/380 5938/2708/381 5937/2709/381 5935/596/380
f 5938/2708/381 5940/2710/382 5939/309/382 5937/2709/381
f 5940/2710/382 5942/2711/383 5941/288/383 5939/309/382
f 5942/2711/383 5944/2712/384 5943/284/384 5941/288/383
f 5944/2712/384 5946/2713/385 5945/285/385 5943/284/384
f 5946/2713/385 5948/2714/311 5947/274/311 5945/285/385
f 5948/2714/311 5950/2715/386 5949/273/386 5947/274/311
f 5950/2715/386 5952/2716/387 5951/265/387 5949/273/386
f 5952/2716/387 5954/2717/388 5953/267/388 5951/265/387
f 5954/2717/388 5956/2718/389 5955/266/389 5953/267/388
f 5956/2718/389 5958/2452/390 5957/268/390 5955/266/389
f 5958/2452/390 5960/2719/391 5959/275/391 5957/268/390
f 5960/2719/391 5962/2720/392 5961/276/392 5959/275/391
f 5962/2720/392 5964/2721/393 5963/286/393 5961/276/392
f 5964/2721/393 5966/2722/394 5965/287/394 5963/286/393
f 5966/2722/394 5968/2723/395 5967/289/395 5965/287/394
f 5968/2723/395 5970/2724/396 5969/290/396 5967/289/395
f 5970/2724/396 5972/2725/397 5971/299/397 5969/290/396
f 5972/2725/397 5974/2726/398 5973/300/398 5971/299/397
f 5974/2726/398 5976/2727/399 5975/316/399 5973/300/398
f 5976/2727/399 5978/2728/400 5977/317/400 5975/316/399
f 5978/2728/400 5980/2478/401 5979/318/401 5977/317/400
f 5980/2478/401 5982/2729/402 5981/319/402 5979/318/401
f 5982/2729/402 5984/2730/403 5983/320/403 5981/319/402
f 5984/2730/403 5986/2731/404 5985/321/404 5983/320/403
f 5986/2731/404 5988/2732/240 5987/322/240 5985/321/404
f 5988/2732/240 5990/2733/405 5989/323/405 5987/322/240
f 5990/2733/405 5992/2734/406 5991/324/406 5989/323/405
f 5992/2734/406 5994/2735/407 5993/325/407 5991/324/406
f 5994/2735/407 5996/2736/408 5995/326/408 5993/325/407
f 5996/2736/408 5998/2737/409 5997/315/409 5995/326/408
f 5998/2737/409 6000/2738/410 5999/314/410 5997/315/409
f 6000/2738/410 6002/2504/411 6001/313/411 5999/314/410
f 6002/2504/411 6004/2739/412 6003/312/412 6001/313/411
f 6004/2739/412 6006/2740/413 6005/311/413 6003/312/412
f 6006/2740/413 6008/2741/414 6007/310/414 6005/311/413
f 6008/2741/414 6010/2742/415 6009/307/415 6007/310/414
f 6010/2742/415 6012/2743/416 6011/306/416 6009/307/415
f 6012/2743/416 6014/2744/417 6013/305/417 6011/306/416
f 6014/2744/417 6016/2745/418 6015/304/418 6013/305/417
f 6016/2745/418 6018/2746/419 6017/303/419 6015/304/418
f 6018/2746/419 6020/2747/420 6019/302/420 6017/303/419
f 6020/2747/420 6022/2748/421 6021/301/421 6019/302/420
f 6022/2748/421 5870/2161/347 5869/1/347 6021/301/421
f 6024/2082/422 6026/2749/423 6025/2750/423 6023/3/422
f 6026/2749/423 6028/2751/424 6027/2752/424 6025/2750/423
f 6028/2751/424 6030/2532/425 6029/2533/425 6027/2752/424
f 6030/2532/425 6032/2753/426 6031/2754/426 6029/2533/425
f 6032/2753/426 6034/2755/427 6033/2756/427 6031/2754/426
f 6034/2755/427 6036/2536/428 6035/2537/428 6033/2756/427
f 6036/2536/428 6038/2757/429 6037/2758/429 6035/2537/428
f 6038/2757/429 6040/2759/430 6039/2760/430 6037/2758/429
f 6040/2759/430 6042/2540/431 6041/2541/431 6039/2760/430
f 6042/2540/431 6044/2761/432 6043/2762/432 6041/2541/431
f 6044/2761/432 6046/2763/433 6045/2764/433 6043/2762/432
f 6046/2763/433 6048/2544/434 6047/2545/434 6045/2764/433
f 6048/2544/434 6050/2765/435 6049/2766/435 6047/2545/434
f 6050/2765/435 6052/2767/436 6051/2768/436 6049/2766/435
f 6052/2767/436 6054/2548/437 6053/2549/437 6051/2768/436
f 6054/2548/437 6056/2769/438 6055/2770/438 6053/2549/437
f 6056/2769/438 6058/2771/439 6057/2772/439 6055/2770/438
f 6058/2771/439 6060/2552/440 6059/2553/440 6057/2772/439
f 6060/2552/440 6062/2773/441 6061/2774/441 6059/2553/440
f 6062/2773/441 6064/2775/442 6063/2776/442 6061/2774/441
f 6064/2775/442 6066/2556/443 6065/2557/443 6063/2776/442
f 6066/2556/443 6068/2777/444 6067/2778/444 6065/2557/443
f 6068/2777/444 6070/2779/445 6069/2780/445 6067/2778/444
f 6070/2779/445 6072/2560/446 6071/2561/446 6069/2780/445
f 6072/2560/446 6074/2781/447 6073/2782/447 6071/2561/446
f 6074/2781/447 6076/2783/448 6075/2784/448 6073/2782/447
f 6076/2783/448 6078/2564/449 6077/2565/449 6075/2784/448
f 6078/2564/449 6080/2785/450 6079/2786/450 6077/2565/449
f 6080/2785/450 6082/2787/451 6081/2788/451 6079/2786/450
f 6082/2787/451 6084/2568/452 6083/2569/452 6081/2788/451
f 6084/2568/452 6086/2789/453 6085/2790/453 6083/2569/452
f 6086/2789/453 6088/2791/454 6087/2792/454 6085/2790/453
f 6088/2791/454 6090/2572/455 6089/2573/455 6087/2792/454
f 6090/2572/455 6092/2793/456 6091/2794/456 6089/2573/455
f 6092/2793/456 6094/2795/457 6093/2796/457 6091/2794/456
f 6094/2795/457 6096/2576/458 6095/2577/458 6093/2796/457
f 6096/2576/458 6098/2108/459 6097/875/459 6095/2577/458
f 6098/2108/459 6100/2797/460 6099/2798/460 6097/875/459
f 6100/2797/460 6102/2580/461 6101/2581/461 6099/2798/460
f 6102/2580/461 6104/2799/462 6103/2800/462 6101/2581/461
f 6104/2799/462 6106/2801/463 6105/2802/463 6103/2800/462
f 6106/2801/463 6108/2584/464 6107/2585/464 6105/2802/463
f 6108/2584/464 6110/2803/465 6109/2804/465 6107/2585/464
f 6110/2803/465 6112/2805/466 6111/2806/466 6109/2804/465
f 6112/2805/466 6114/2588/467 6113/2589/467 6111/2806/466
f 6114/2588/467 6116/2807/468 6115/2808/468 6113/2589/467
f 6116/2807/468 6118/2809/469 6117/2810/469 6115/2808/468
f 6118/2809/469 6120/2592/470 6119/2593/470 6117/2810/469
f 6120/2592/470 6122/2811/471 6121/2812/471 6119/2593/470
f 6122/2811/471 6124/2813/472 6123/2814/472 6121/2812/471
f 6124/2813/472 6126/2596/473 6125/2597/473 6123/2814/472
f 6126/2596/473 6128/2815/474 6127/2816/474 6125/2597/473
f 6128/2815/474 6130/2817/475 6129/2818/475 6127/2816/474
f 6130/2817/475 6132/2600/476 6131/2601/476 6129/2818/475
f 6132/2600/476 6134/2819/477 6133/2820/477 6131/2601/476
f 6134/2819/477 6136/2821/478 6135/2822/478 6133/2820/477
f 6136/2821/478 6138/2602/479 6137/2603/479 6135/2822/478
f 6138/2602/479 6140/2823/480 6139/2824/480 6137/2603/479
f 6140/2823/480 6142/2825/481 6141/2826/481 6139/2824/480
f 6142/2825/481 6144/2606/482 6143/2607/482 6141/2826/481
f 6144/2606/482 6146/2827/483 6145/2828/483 6143/2607/482
f 6146/2827/483 6148/2829/484 6147/2830/484 6145/2828/483
f 6148/2829/484 6150/2610/485 6149/2611/485 6147/2830/484
f 6150/2610/485 6152/2831/486 6151/2832/486 6149/2611/485
f 6152/2831/486 6154/2833/487 6153/2834/487 6151/2832/486
f 6154/2833/487 6156/2614/488 6155/2615/488 6153/2834/487
f 6156/2614/488 6158/2835/489 6157/2836/489 6155/2615/488
f 6158/2835/489 6160/2837/490 6159/2838/490 6157/2836/489
f 6160/2837/490 6162/2618/491 6161/2619/491 6159/2838/490
f 6162/2618/491 6164/2839/492 6163/2840/492 6161/2619/491
f 6164/2839/492 6166/2841/493 6165/2842/493 6163/2840/492
f 6166/2841/493 6168/2622/494 6167/2623/494 6165/2842/493
f 6168/2622/494 6170/2843/322 6169/2844/322 6167/2623/494
f 6170/2843/322 6172/2134/495 6171/890/495 6169/2844/322
f 6172/2134/495 6174/2626/496 6173/2627/496 6171/890/495
f 6174/2626/496 6176/2845/497 6175/2846/497 6173/2627/496
f 6176/2845/497 6178/2847/498 6177/2848/498 6175/2846/497
f 6178/2847/498 6180/2630/499 6179/2631/499 6177/2848/498
f 6180/2630/499 6182/2849/500 6181/2850/500 6179/2631/499
f 6182/2849/500 6184/2851/501 6183/2852/501 6181/2850/500
f 6184/2851/501 6186/2634/502 6185/2635/502 6183/2852/501
f 6186/2634/502 6188/2853/503 6187/2854/503 6185/2635/502
f 6188/2853/503 6190/2855/504 6189/2856/504 6187/2854/503
f 6190/2855/504 6192/2638/505 6191/2639/505 6189/2856/504
f 6192/2638/505 6194/2857/506 6193/2858/506 6191/2639/505
f 6194/2857/506 6196/2859/507 6195/2860/507 6193/2858/506
f 6196/2859/507 6198/2642/508 6197/2643/508 6195/2860/507
f 6198/2642/508 6200/2861/509 6199/2862/509 6197/2643/508
f 6200/2861/509 6202/2863/510 6201/2864/510 6199/2862/509
f 6202/2863/510 6204/2646/511 6203/2647/511 6201/2864/510
f 6204/2646/511 6206/2865/512 6205/2866/512 6203/2647/511
f 6206/2865/512 6208/2867/513 6207/2868/513 6205/2866/512
f 6208/2867/513 6210/2650/514 6209/2651/514 6207/2868/513
f 6210/2650/514 6212/2869/515 6211/2870/515 6209/2651/514
f 6212/2869/515 6214/2871/516 6213/2872/516 6211/2870/515
f 6214/2871/516 6216/2654/517 6215/2655/517 6213/2872/516
f 6216/2654/517 6218/2873/518 6217/2874/518 6215/2655/517
f 6218/2873/518 6220/2875/519 6219/2876/519 6217/2874/518
f 6220/2875/519 6222/2658/520 6221/2659/520 6219/2876/519
f 6222/2658/520 6224/2877/521 6223/2878/521 6221/2659/520
f 6224/2877/521 6226/2879/522 6225/2880/522 6223/2878/521
f 6226/2879/522 6228/2662/523 6227/2663/523 6225/2880/522
f 6228/2662/523 6230/2881/524 6229/2882/524 6227/2663/523
f 6230/2881/524 6232/2883/525 6231/2884/525 6229/2882/524
f 6232/2883/525 6234/2666/526 6233/2667/526 6231/2884/525
f 6234/2666/526 6236/2885/527 6235/2886/527 6233/2667/526
f 6236/2885/527 6238/2887/528 6237/2888/528 6235/2886/527
f 6238/2887/528 6240/2670/529 6239/2671/529 6237/2888/528
f 6240/2670/529 6242/2889/530 6241/2890/530 6239/2671/529
f 6242/2889/530 6244/2891/531 6243/2892/531 6241/2890/530
f 6244/2891/531 6024/2161/422 6023/1/422 6243/2892/531
f 6246/2082/532 6248/2893/533 6247/2894/533 6245/3/532
f 6248/2893/533 6250/2895/534 6249/2896/534 6247/2894/533
f 6250/2895/534 6252/2897/535 6251/2898/535 6249/2896/534
f 6252/2897/535 6254/2899/536 6253/2900/536 6251/2898/535
f 6254/2899/536 6256/2901/537 6255/2902/537 6253/2900/536
f 6256/2901/537 6258/2903/538 6257/2904/538 6255/2902/537
f 6258/2903/538 6260/2905/539 6259/2906/539 6257/2904/538
f 6260/2905/539 6262/2907/540 6261/2908/540 6259/2906/539
f 6262/2907/540 6264/2909/541 6263/2910/541 6261/2908/540
f 6264/2909/541 6266/2911/542 6265/2912/542 6263/2910/541
f 6266/2911/542 6268/2913/543 6267/2914/543 6265/2912/542
f 6268/2913/543 6270/2915/544 6269/2916/544 6267/2914/543
f 6270/2915/544 6272/2121/545 6271/386/545 6269/2916/544
f 6272/2121/545 6274/2917/546 6273/2918/546 6271/386/545
f 6274/2917/546 6276/2919/547 6275/2920/547 6273/2918/546
f 6276/2919/547 6278/2921/548 6277/2922/548 6275/2920/547
f 6278/2921/548 6280/2923/549 6279/2924/549 6277/2922/548
f 6280/2923/549 6282/2925/550 6281/2926/550 6279/2924/549
f 6282/2925/550 6284/2927/551 6283/2928/551 6281/2926/550
f 6284/2927/551 6286/2929/552 6285/2930/552 6283/2928/551
f 6286/2929/552 6288/2931/553 6287/2932/553 6285/2930/552
f 6288/2931/553 6290/2933/554 6289/2934/554 6287/2932/553
f 6290/2933/554 6292/2935/555 6291/2936/555 6289/2934/554
f 6292/2935/555 6294/2937/556 6293/2938/556 6291/2936/555
f 6294/2937/556 6296/2939/557 6295/2940/557 6293/2938/556
f 6296/2939/557 6246/2161/532 6245/1/532 6295/2940/557
f 6298/2082/558 6300/2893/559 6299/2894/559 6297/3/558
f 6300/2893/559 6302/2895/560 6301/2896/560 6299/2894/559
f 6302/2895/560 6304/2897/561 6303/2898/561 6301/2896/560
f 6304/2897/561 6306/2899/562 6305/2900/562 6303/2898/561
f 6306/2899/562 6308/2901/563 6307/2902/563 6305/2900/562
f 6308/2901/563 6310/2903/564 6309/2904/564 6307/2902/563
f 6310/2903/564 6312/2905/565 6311/2906/565 6309/2904/564
f 6312/2905/565 6314/2907/566 6313/2908/566 6311/2906/565
f 6314/2907/566 6316/2909/567 6315/2910/567 6313/2908/566
f 6316/2909/567 6318/2911/568 6317/2912/568 6315/2910/567
f 6318/2911/568 6320/2913/569 6319/2914/569 6317/2912/568
f 6320/2913/569 6322/2915/570 6321/2916/570 6319/2914/569
f 6322/2915/570 6324/2121/571 6323/386/571 6321/2916/570
f 6324/2121/571 6326/2917/572 6325/2918/572 6323/386/571
f 6326/2917/572 6328/2919/573 6327/2920/573 6325/2918/572
f 6328/2919/573 6330/2921/574 6329/2922/574 6327/2920/573
f 6330/2921/574 6332/2923/575 6331/2924/575 6329/2922/574
f 6332/2923/575 6334/2925/576 6333/2926/576 6331/2924/575
f 6334/2925/576 6336/2927/577 6335/2928/577 6333/2926/576
f 6336/2927/577 6338/2929/578 6337/2930/578 6335/2928/577
f 6338/2929/578 6340/2931/579 6339/2932/579 6337/2930/578
f 6340/2931/579 6342/2933/580 6341/2934/580 6339/2932/579
f 6342/2933/580 6344/2935/581 6343/2936/581 6341/2934/580
f 6344/2935/581 6346/2937/582 6345/2938/582 6343/2936/581
f 6346/2937/582 6348/2939/583 6347/2940/583 6345/2938/582
f 6348/2939/583 6298/2161/558 6297/1/558 6347/2940/583
f 6350/2082/584 6352/2530/585 6351/2531/585 6349/3/584
f 6352/2530/585 6354/2532/586 6353/2533/586 6351/2531/585
f 6354/2532/586 6356/2534/587 6355/2535/587 6353/2533/586
f 6356/2534/587 6358/2536/588 6357/2537/588 6355/2535/587
f 6358/2536/588 6360/2538/589 6359/2539/589 6357/2537/588
f 6360/2538/589 6362/2540/590 6361/2541/590 6359/2539/589
f 6362/2540/590 6364/2542/591 6363/2543/591 6361/2541/590
f 6364/2542/591 6366/2544/592 6365/2545/592 6363/2543/591
f 6366/2544/592 6368/2546/593 6367/2547/593 6365/2545/592
f 6368/2546/593 6370/2548/594 6369/2549/594 6367/2547/593
f 6370/2548/594 6372/2550/595 6371/2551/595 6369/2549/594
f 6372/2550/595 6374/2552/596 6373/2553/596 6371/2551/595
f 6374/2552/596 6376/2554/597 6375/2555/597 6373/2553/596
f 6376/2554/597 6378/2556/598 6377/2557/598 6375/2555/597
f 6378/2556/598 6380/2558/599 6379/2559/599 6377/2557/598
f 6380/2558/599 6382/2560/600 6381/2561/600 6379/2559/599
f 6382/2560/600 6384/2562/601 6383/2563/601 6381/2561/600
f 6384/2562/601 6386/2564/602 6385/2565/602 6383/2563/601
f 6386/2564/602 6388/2566/603 6387/2567/603 6385/2565/602
f 6388/2566/603 6390/2568/604 6389/2569/604 6387/2567/603
f 6390/2568/604 6392/2570/605 6391/2571/605 6389/2569/604
f 6392/2570/605 6394/2572/606 6393/2573/606 6391/2571/605
f 6394/2572/606 6396/2574/607 6395/2575/607 6393/2573/606
f 6396/2574/607 6398/2576/608 6397/2577/608 6395/2575/607
f 6398/2576/608 6400/2578/609 6399/2579/609 6397/2577/608
f 6400/2578/609 6402/2580/610 6401/2581/610 6399/2579/609
f 6402/2580/610 6404/2582/611 6403/2583/611 6401/2581/610
f 6404/2582/611 6406/2584/612 6405/2585/612 6403/2583/611
f 6406/2584/612 6408/2586/613 6407/2587/613 6405/2585/612
f 6408/2586/613 6410/2588/614 6409/2589/614 6407/2587/613
f 6410/2588/614 6412/2590/615 6411/2591/615 6409/2589/614
f 6412/2590/615 6414/2592/616 6413/2593/616 6411/2591/615
f 6414/2592/616 6416/2594/617 6415/2595/617 6413/2593/616
f 6416/2594/617 6418/2596/618 6417/2597/618 6415/2595/617
f 6418/2596/618 6420/2598/619 6419/2599/619 6417/2597/618
f 6420/2598/619 6422/2600/620 6421/2601/620 6419/2599/619
f 6422/2600/620 6424/2121/621 6423/386/621 6421/2601/620
f 6424/2121/621 6426/2602/622 6425/2603/622 6423/386/621
f 6426/2602/622 6428/2604/623 6427/2605/623 6425/2603/622
f 6428/2604/623 6430/2606/624 6429/2607/624 6427/2605/623
f 6430/2606/624 6432/2608/625 6431/2609/625 6429/2607/624
f 6432/2608/625 6434/2610/626 6433/2611/626 6431/2609/625
f 6434/2610/626 6436/2612/627 6435/2613/627 6433/2611/626
f 6436/2612/627 6438/2614/628 6437/2615/628 6435/2613/627
f 6438/2614/628 6440/2616/629 6439/2617/629 6437/2615/628
f 6440/2616/629 6442/2618/630 6441/2619/630 6439/2617/629
f 6442/2618/630 6444/2620/494 6443/2621/494 6441/2619/630
f 6444/2620/494 6446/2622/631 6445/2623/631 6443/2621/494
f 6446/2622/631 6448/2624/632 6447/2625/632 6445/2623/631
f 6448/2624/632 6450/2626/633 6449/2627/633 6447/2625/632
f 6450/2626/633 6452/2628/634 6451/2629/634 6449/2627/633
f 6452/2628/634 6454/2630/635 6453/2631/635 6451/2629/634
f 6454/2630/635 6456/2632/636 6455/2633/636 6453/2631/635
f 6456/2632/636 6458/2634/637 6457/2635/637 6455/2633/636
f 6458/2634/637 6460/2636/638 6459/2637/638 6457/2635/637
f 6460/2636/638 6462/2638/639 6461/2639/639 6459/2637/638
f 6462/2638/639 6464/2640/640 6463/2641/640 6461/2639/639
f 6464/2640/640 6466/2642/641 6465/2643/641 6463/2641/640
f 6466/2642/641 6468/2644/642 6467/2645/642 6465/2643/641
f 6468/2644/642 6470/2646/643 6469/2647/643 6467/2645/642
f 6470/2646/643 6472/2648/644 6471/2649/644 6469/2647/643
f 6472/2648/644 6474/2650/645 6473/2651/645 6471/2649/644
f 6474/2650/645 6476/2652/646 6475/2653/646 6473/2651/645
f 6476/2652/646 6478/2654/647 6477/2655/647 6475/2653/646
f 6478/2654/647 6480/2656/648 6479/2657/648 6477/2655/647
f 6480/2656/648 6482/2658/649 6481/2659/649 6479/2657/648
f 6482/2658/649 6484/2660/650 6483/2661/650 6481/2659/649
f 6484/2660/650 6486/2662/651 6485/2663/651 6483/2661/650
f 6486/2662/651 6488/2664/652 6487/2665/652 6485/2663/651
f 6488/2664/652 6490/2666/653 6489/2667/653 6487/2665/652
f 6490/2666/653 6492/2668/654 6491/2669/654 6489/2667/653
f 6492/2668/654 6494/2670/655 6493/2671/655 6491/2669/654
f 6494/2670/655 6496/2672/656 6495/2673/656 6493/2671/655
f 6496/2672/656 6350/2161/584 6349/1/584 6495/2673/656
f 6498/2082/657 6500/2941/658 6499/2942/658 6497/3/657
f 6500/2941/658 6502/2943/659 6501/2944/659 6499/2942/658
f 6502/2943/659 6504/2945/660 6503/2946/660 6501/2944/659
f 6504/2945/660 6506/2083/661 6505/2084/661 6503/2946/660
f 6506/2083/661 6508/2947/662 6507/2948/662 6505/2084/661
f 6508/2947/662 6510/2949/663 6509/527/663 6507/2948/662
f 6510/2949/663 6512/2950/664 6511/2951/664 6509/527/663
f 6512/2950/664 6514/2085/665 6513/2086/665 6511/2951/664
f 6514/2085/665 6516/2952/666 6515/2953/666 6513/2086/665
f 6516/2952/666 6518/2954/667 6517/2955/667 6515/2953/666
f 6518/2954/667 6520/2956/668 6519/2957/668 6517/2955/667
f 6520/2956/668 6522/2087/669 6521/575/669 6519/2957/668
f 6522/2087/669 6524/2958/670 6523/2959/670 6521/575/669
f 6524/2958/670 6526/2960/671 6525/2961/671 6523/2959/670
f 6526/2960/671 6528/2962/672 6527/2963/672 6525/2961/671
f 6528/2962/672 6530/2088/673 6529/2089/673 6527/2963/672
f 6530/2088/673 6532/2964/674 6531/2965/674 6529/2089/673
f 6532/2964/674 6534/2966/675 6533/541/675 6531/2965/674
f 6534/2966/675 6536/2967/676 6535/2968/676 6533/541/675
f 6536/2967/676 6538/2090/677 6537/2091/677 6535/2968/676
f 6538/2090/677 6540/2969/678 6539/2970/678 6537/2091/677
f 6540/2969/678 6542/2971/679 6541/2972/679 6539/2970/678
f 6542/2971/679 6544/2973/680 6543/2974/680 6541/2972/679
f 6544/2973/680 6546/2092/681 6545/2093/681 6543/2974/680
f 6546/2092/681 6548/2975/682 6547/2976/682 6545/2093/681
f 6548/2975/682 6550/2977/683 6549/2978/683 6547/2976/682
f 6550/2977/683 6552/2979/684 6551/2980/684 6549/2978/683
f 6552/2979/684 6554/2094/685 6553/2095/685 6551/2980/684
f 6554/2094/685 6556/2981/686 6555/2982/686 6553/2095/685
f 6556/2981/686 6558/2983/687 6557/611/687 6555/2982/686
f 6558/2983/687 6560/2984/688 6559/2985/688 6557/611/687
f 6560/2984/688 6562/2096/689 6561/1077/689 6559/2985/688
f 6562/2096/689 6564/2986/690 6563/2987/690 6561/1077/689
f 6564/2986/690 6566/2988/691 6565/2989/691 6563/2987/690
f 6566/2988/691 6568/2990/692 6567/2991/692 6565/2989/691
f 6568/2990/692 6570/2097/693 6569/598/693 6567/2991/692
f 6570/2097/693 6572/2992/694 6571/2993/694 6569/598/693
f 6572/2992/694 6574/2994/695 6573/2995/695 6571/2993/694
f 6574/2994/695 6576/2996/696 6575/2997/696 6573/2995/695
f 6576/2996/696 6578/2098/697 6577/2099/697 6575/2997/696
f 6578/2098/697 6580/2998/698 6579/2999/698 6577/2099/697
f 6580/2998/698 6582/3000/699 6581/588/699 6579/2999/698
f 6582/3000/699 6584/3001/700 6583/3002/700 6581/588/699
f 6584/3001/700 6586/2100/701 6585/2101/701 6583/3002/700
f 6586/2100/701 6588/3003/702 6587/3004/702 6585/2101/701
f 6588/3003/702 6590/3005/703 6589/3006/703 6587/3004/702
f 6590/3005/703 6592/3007/704 6591/3008/704 6589/3006/703
f 6592/3007/704 6594/2102/705 6593/576/705 6591/3008/704
f 6594/2102/705 6596/3009/706 6595/3010/706 6593/576/705
f 6596/3009/706 6598/3011/707 6597/3012/707 6595/3010/706
f 6598/3011/707 6600/3013/708 6599/3014/708 6597/3012/707
f 6600/3013/708 6602/2103/709 6601/2104/709 6599/3014/708
f 6602/2103/709 6604/3015/710 6603/3016/710 6601/2104/709
f 6604/3015/710 6606/3017/711 6605/532/711 6603/3016/710
f 6606/3017/711 6608/3018/712 6607/3019/712 6605/532/711
f 6608/3018/712 6610/2105/713 6609/2106/713 6607/3019/712
f 6610/2105/713 6612/3020/714 6611/3021/714 6609/2106/713
f 6612/3020/714 6614/3022/715 6613/3023/715 6611/3021/714
f 6614/3022/715 6616/3024/716 6615/3025/716 6613/3023/715
f 6616/3024/716 6618/2107/717 6617/546/717 6615/3025/716
f 6618/2107/717 6620/3026/718 6619/3027/718 6617/546/717
f 6620/3026/718 6622/3028/719 6621/3029/719 6619/3027/718
f 6622/3028/719 6624/3030/720 6623/3031/720 6621/3029/719
f 6624/3030/720 6626/2108/721 6625/875/721 6623/3031/720
f 6626/2108/721 6628/3032/722 6627/3033/722 6625/875/721
f 6628/3032/722 6630/3034/723 6629/586/723 6627/3033/722
f 6630/3034/723 6632/3035/724 6631/3036/724 6629/586/723
f 6632/3035/724 6634/2109/725 6633/2110/725 6631/3036/724
f 6634/2109/725 6636/3037/726 6635/3038/726 6633/2110/725
f 6636/3037/726 6638/3039/727 6637/3040/727 6635/3038/726
f 6638/3039/727 6640/3041/728 6639/3042/728 6637/3040/727
f 6640/3041/728 6642/2111/729 6641/548/729 6639/3042/728
f 6642/2111/729 6644/3043/730 6643/3044/730 6641/548/729
f 6644/3043/730 6646/3045/731 6645/3046/731 6643/3044/730
f 6646/3045/731 6648/3047/732 6647/3048/732 6645/3046/731
f 6648/3047/732 6650/2112/733 6649/2113/733 6647/3048/732
f 6650/2112/733 6652/3049/734 6651/3050/734 6649/2113/733
f 6652/3049/734 6654/3051/735 6653/567/735 6651/3050/734
f 6654/3051/735 6656/3052/736 6655/3053/736 6653/567/735
f 6656/3052/736 6658/2114/737 6657/2115/737 6655/3053/736
f 6658/2114/737 6660/3054/738 6659/3055/738 6657/2115/737
f 6660/3054/738 6662/3056/739 6661/3057/739 6659/3055/738
f 6662/3056/739 6664/3058/740 6663/3059/740 6661/3057/739
f 6664/3058/740 6666/2116/282 6665/619/282 6663/3059/740
f 6666/2116/282 6668/3060/741 6667/3061/741 6665/619/282
f 6668/3060/741 6670/3062/742 6669/3063/742 6667/3061/741
f 6670/3062/742 6672/3064/743 6671/3065/743 6669/3063/742
f 6672/3064/743 6674/2117/744 6673/2118/744 6671/3065/743
f 6674/2117/744 6676/3066/745 6675/3067/745 6673/2118/744
f 6676/3066/745 6678/3068/746 6677/670/746 6675/3067/745
f 6678/3068/746 6680/3069/747 6679/3070/747 6677/670/746
f 6680/3069/747 6682/2119/748 6681/2120/748 6679/3070/747
f 6682/2119/748 6684/3071/749 6683/3072/749 6681/2120/748
f 6684/3071/749 6686/3073/750 6685/3074/750 6683/3072/749
f 6686/3073/750 6688/3075/751 6687/3076/751 6685/3074/750
f 6688/3075/751 6690/2121/752 6689/386/752 6687/3076/751
f 6690/2121/752 6692/3077/753 6691/3078/753 6689/386/752
f 6692/3077/753 6694/3079/754 6693/3080/754 6691/3078/753
f 6694/3079/754 6696/3081/755 6695/3082/755 6693/3080/754
f 6696/3081/755 6698/2122/756 6697/2123/756 6695/3082/755
f 6698/2122/756 6700/3083/757 6699/3084/757 6697/2123/756
f 6700/3083/757 6702/3085/758 6701/677/758 6699/3084/757
f 6702/3085/758 6704/3086/759 6703/3087/759 6701/677/758
f 6704/3086/759 6706/2124/760 6705/2125/760 6703/3087/759
f 6706/2124/760 6708/3088/761 6707/3089/761 6705/2125/760
f 6708/3088/761 6710/3090/762 6709/3091/762 6707/3089/761
f 6710/3090/762 6712/3092/761 6711/3093/761 6709/3091/762
f 6712/3092/761 6714/2126/760 6713/645/760 6711/3093/761
f 6714/2126/760 6716/3094/763 6715/3095/763 6713/645/760
f 6716/3094/763 6718/3096/764 6717/3097/764 6715/3095/763
f 6718/3096/764 6720/3098/765 6719/3099/765 6717/3097/764
f 6720/3098/765 6722/2127/766 6721/2128/766 6719/3099/765
f 6722/2127/766 6724/3100/767 6723/3101/767 6721/2128/766
f 6724/3100/767 6726/3102/768 6725/656/768 6723/3101/767
f 6726/3102/768 6728/3103/769 6727/3104/769 6725/656/768
f 6728/3103/769 6730/2129/770 6729/2130/770 6727/3104/769
f 6730/2129/770 6732/3105/771 6731/3106/771 6729/2130/770
f 6732/3105/771 6734/3107/772 6733/3108/772 6731/3106/771
f 6734/3107/772 6736/3109/773 6735/3110/773 6733/3108/772
f 6736/3109/773 6738/2131/774 6737/647/774 6735/3110/773
f 6738/2131/774 6740/3111/775 6739/3112/775 6737/647/774
f 6740/3111/775 6742/3113/559 6741/3114/559 6739/3112/775
f 6742/3113/559 6744/3115/776 6743/3116/776 6741/3114/559
f 6744/3115/776 6746/2132/777 6745/2133/777 6743/3116/776
f 6746/2132/777 6748/3117/778 6747/3118/778 6745/2133/777
f 6748/3117/778 6750/3119/779 6749/628/779 6747/3118/778
f 6750/3119/779 6752/3120/780 6751/3121/780 6749/628/779
f 6752/3120/780 6754/2134/781 6753/890/781 6751/3121/780
f 6754/2134/781 6756/3122/782 6755/3123/782 6753/890/781
f 6756/3122/782 6758/3124/783 6757/3125/783 6755/3123/782
f 6758/3124/783 6760/3126/784 6759/3127/784 6757/3125/783
f 6760/3126/784 6762/2135/785 6761/618/785 6759/3127/784
f 6762/2135/785 6764/3128/786 6763/3129/786 6761/618/785
f 6764/3128/786 6766/3130/787 6765/3131/787 6763/3129/786
f 6766/3130/787 6768/3132/788 6767/3133/788 6765/3131/787
f 6768/3132/788 6770/2136/789 6769/2137/789 6767/3133/788
f 6770/2136/789 6772/3134/790 6771/3135/790 6769/2137/789
f 6772/3134/790 6774/3136/791 6773/600/791 6771/3135/790
f 6774/3136/791 6776/3137/792 6775/3138/792 6773/600/791
f 6776/3137/792 6778/2138/793 6777/2139/793 6775/3138/792
f 6778/2138/793 6780/3139/794 6779/3140/794 6777/2139/793
f 6780/3139/794 6782/3141/795 6781/3142/795 6779/3140/794
f 6782/3141/795 6784/3143/796 6783/3144/796 6781/3142/795
f 6784/3143/796 6786/2140/797 6785/1711/797 6783/3144/796
f 6786/2140/797 6788/3145/798 6787/3146/798 6785/1711/797
f 6788/3145/798 6790/3147/799 6789/3148/799 6787/3146/798
f 6790/3147/799 6792/3149/800 6791/3150/800 6789/3148/799
f 6792/3149/800 6794/2141/801 6793/2142/801 6791/3150/800
f 6794/2141/801 6796/3151/358 6795/3152/358 6793/2142/801
f 6796/3151/358 6798/3153/802 6797/3154/802 6795/3152/358
f 6798/3153/802 6800/3155/803 6799/3156/803 6797/3154/802
f 6800/3155/803 6802/2143/804 6801/2144/804 6799/3156/803
f 6802/2143/804 6804/3157/805 6803/3158/805 6801/2144/804
f 6804/3157/805 6806/3159/806 6805/3160/806 6803/3158/805
f 6806/3159/806 6808/3161/807 6807/3162/807 6805/3160/806
f 6808/3161/807 6810/2145/808 6809/2146/808 6807/3162/807
f 6810/2145/808 6812/3163/809 6811/3164/809 6809/2146/808
f 6812/3163/809 6814/3165/810 6813/3166/810 6811/3164/809
f 6814/3165/810 6816/3167/811 6815/3168/811 6813/3166/810
f 6816/3167/811 6818/2147/812 6817/1002/812 6815/3168/811
f 6818/2147/812 6820/3169/813 6819/3170/813 6817/1002/812
f 6820/3169/813 6822/3171/814 6821/3172/814 6819/3170/813
f 6822/3171/814 6824/3173/815 6823/3174/815 6821/3172/814
f 6824/3173/815 6826/2148/816 6825/2149/816 6823/3174/815
f 6826/2148/816 6828/3175/817 6827/3176/817 6825/2149/816
f 6828/3175/817 6830/3177/818 6829/3178/818 6827/3176/817
f 6830/3177/818 6832/3179/819 6831/3180/819 6829/3178/818
f 6832/3179/819 6834/2150/820 6833/2151/820 6831/3180/819
f 6834/2150/820 6836/3181/821 6835/3182/821 6833/2151/820
f 6836/3181/821 6838/3183/822 6837/3184/822 6835/3182/821
f 6838/3183/822 6840/3185/823 6839/3186/823 6837/3184/822
f 6840/3185/823 6842/2152/824 6841/2153/824 6839/3186/823
f 6842/2152/824 6844/3187/825 6843/3188/825 6841/2153/824
f 6844/3187/825 6846/3189/826 6845/648/826 6843/3188/825
f 6846/3189/826 6848/3190/827 6847/3191/827 6845/648/826
f 6848/3190/827 6850/2154/828 6849/2155/828 6847/3191/827
f 6850/2154/828 6852/3192/829 6851/3193/829 6849/2155/828
f 6852/3192/829 6854/3194/830 6853/3195/830 6851/3193/829
f 6854/3194/830 6856/3196/831 6855/3197/831 6853/3195/830
f 6856/3196/831 6858/2156/832 6857/669/832 6855/3197/831
f 6858/2156/832 6860/3198/833 6859/3199/833 6857/669/832
f 6860/3198/833 6862/3200/834 6861/3201/834 6859/3199/833
f 6862/3200/834 6864/3202/835 6863/3203/835 6861/3201/834
f 6864/3202/835 6866/2157/836 6865/2158/836 6863/3203/835
f 6866/2157/836 6868/3204/837 6867/3205/837 6865/2158/836
f 6868/3204/837 6870/3206/838 6869/3207/838 6867/3205/837
f 6870/3206/838 6872/3208/839 6871/3209/839 6869/3207/838
f 6872/3208/839 6874/2159/840 6873/2160/840 6871/3209/839
f 6874/2159/840 6876/3210/841 6875/3211/841 6873/2160/840
f 6876/3210/841 6878/3212/842 6877/3213/842 6875/3211/841
f 6878/3212/842 6880/3214/843 6879/3215/843 6877/3213/842
f 6880/3214/843 6498/2161/657 6497/1/657 6879/3215/843
f 6882/2082/844 6884/2893/845 6883/2894/845 6881/3/844
f 6884/2893/845 6886/2895/846 6885/2896/846 6883/2894/845
f 6886/2895/846 6888/2897/847 6887/2898/847 6885/2896/846
f 6888/2897/847 6890/2899/848 6889/2900/848 6887/2898/847
f 6890/2899/848 6892/2901/849 6891/2902/849 6889/2900/848
f 6892/2901/849 6894/2903/850 6893/2904/850 6891/2902/849
f 6894/2903/850 6896/2905/851 6895/2906/851 6893/2904/850
f 6896/2905/851 6898/2907/852 6897/2908/852 6895/2906/851
f 6898/2907/852 6900/2909/853 6899/2910/853 6897/2908/852
f 6900/2909/853 6902/2911/854 6901/2912/854 6899/2910/853
f 6902/2911/854 6904/2913/855 6903/2914/855 6901/2912/854
f 6904/2913/855 6906/2915/856 6905/2916/856 6903/2914/855
f 6906/2915/856 6908/2121/857 6907/386/857 6905/2916/856
f 6908/2121/857 6910/2917/858 6909/2918/858 6907/386/857
f 6910/2917/858 6912/2919/859 6911/2920/859 6909/2918/858
f 6912/2919/859 6914/2921/860 6913/2922/860 6911/2920/859
f 6914/2921/860 6916/2923/861 6915/2924/861 6913/2922/860
f 6916/2923/861 6918/2925/862 6917/2926/862 6915/2924/861
f 6918/2925/862 6920/2927/863 6919/2928/863 6917/2926/862
f 6920/2927/863 6922/2929/864 6921/2930/864 6919/2928/863
f 6922/2929/864 6924/2931/865 6923/2932/865 6921/2930/864
f 6924/2931/865 6926/2933/866 6925/2934/866 6923/2932/865
f 6926/2933/866 6928/2935/867 6927/2936/867 6925/2934/866
f 6928/2935/867 6930/2937/868 6929/2938/868 6927/2936/867
f 6930/2937/868 6932/2939/869 6931/2940/869 6929/2938/868
f 6932/2939/869 6882/2161/844 6881/1/844 6931/2940/869
f 6934/2082/870 6936/2352/871 6935/2353/871 6933/3/870
f 6936/2352/871 6938/2356/872 6937/2357/872 6935/2353/871
f 6938/2356/872 6940/2360/873 6939/2361/873 6937/2357/872
f 6940/2360/873 6942/2363/874 6941/2364/874 6939/2361/873
f 6942/2363/874 6944/2367/875 6943/2368/875 6941/2364/874
f 6944/2367/875 6946/2371/876 6945/2372/876 6943/2368/875
f 6946/2371/876 6948/2375/877 6947/269/877 6945/2372/876
f 6948/2375/877 6950/2378/878 6949/2379/878 6947/269/877
f 6950/2378/878 6952/2382/879 6951/2383/879 6949/2379/878
f 6952/2382/879 6954/2386/880 6953/2387/880 6951/2383/879
f 6954/2386/880 6956/2389/881 6955/2390/881 6953/2387/880
f 6956/2389/881 6958/2393/882 6957/2394/882 6955/2390/881
f 6958/2393/882 6960/2397/883 6959/2398/883 6957/2394/882
f 6960/2397/883 6962/2401/884 6961/259/884 6959/2398/883
f 6962/2401/884 6964/2404/885 6963/2405/885 6961/259/884
f 6964/2404/885 6966/2408/886 6965/2409/886 6963/2405/885
f 6966/2408/886 6968/2412/887 6967/2413/887 6965/2409/886
f 6968/2412/887 6970/2415/888 6969/2416/888 6967/2413/887
f 6970/2415/888 6972/2419/889 6971/2420/889 6969/2416/888
f 6972/2419/889 6974/2423/890 6973/2424/890 6971/2420/889
f 6974/2423/890 6976/2427/891 6975/596/891 6973/2424/890
f 6976/2427/891 6978/2430/892 6977/2431/892 6975/596/891
f 6978/2430/892 6980/2434/893 6979/2435/893 6977/2431/892
f 6980/2434/893 6982/2438/894 6981/2439/894 6979/2435/893
f 6982/2438/894 6984/2440/895 6983/2441/895 6981/2439/894
f 6984/2440/895 6986/2444/896 6985/2445/896 6983/2441/895
f 6986/2444/896 6988/2448/897 6987/2449/897 6985/2445/896
f 6988/2448/897 6990/2452/898 6989/268/898 6987/2449/897
f 6990/2452/898 6992/2455/899 6991/2456/899 6989/268/898
f 6992/2455/899 6994/2459/900 6993/2460/900 6991/2456/899
f 6994/2459/900 6996/2463/901 6995/2464/901 6993/2460/900
f 6996/2463/901 6998/2466/902 6997/2467/902 6995/2464/901
f 6998/2466/902 7000/2470/903 6999/2471/903 6997/2467/902
f 7000/2470/903 7002/2474/904 7001/2475/904 6999/2471/903
f 7002/2474/904 7004/2478/905 7003/318/905 7001/2475/904
f 7004/2478/905 7006/2481/906 7005/2482/906 7003/318/905
f 7006/2481/906 7008/2485/907 7007/2486/907 7005/2482/906
f 7008/2485/907 7010/2489/908 7009/2490/908 7007/2486/907
f 7010/2489/908 7012/2492/909 7011/2493/909 7009/2490/908
f 7012/2492/909 7014/2496/747 7013/2497/747 7011/2493/909
f 7014/2496/747 7016/2500/910 7015/2501/910 7013/2497/747
f 7016/2500/910 7018/2504/911 7017/313/911 7015/2501/910
f 7018/2504/911 7020/2507/912 7019/2508/912 7017/313/911
f 7020/2507/912 7022/2511/913 7021/2512/913 7019/2508/912
f 7022/2511/913 7024/2515/914 7023/2516/914 7021/2512/913
f 7024/2515/914 7026/2518/915 7025/2519/915 7023/2516/914
f 7026/2518/915 7028/2522/916 7027/2523/916 7025/2519/915
f 7028/2522/916 7030/2526/917 7029/2527/917 7027/2523/916
f 7030/2526/917 6934/2161/870 6933/1/870 7029/2527/917
f 7032/2082/918 7034/3216/919 7033/3217/919 7031/3/918
f 7034/3216/919 7036/2282/920 7035/2283/920 7033/3217/919
f 7036/2282/920 7038/3218/921 7037/3219/921 7035/2283/920
f 7038/3218/921 7040/2284/922 7039/2/922 7037/3219/921
f 7040/2284/922 7042/3220/923 7041/3221/923 7039/2/922
f 7042/3220/923 7044/2285/924 7043/2286/924 7041/3221/923
f 7044/2285/924 7046/3222/925 7045/3223/925 7043/2286/924
f 7046/3222/925 7048/2287/926 7047/4/926 7045/3223/925
f 7048/2287/926 7050/3224/927 7049/3225/927 7047/4/926
f 7050/3224/927 7052/2288/928 7051/1111/928 7049/3225/927
f 7052/2288/928 7054/3226/929 7053/3227/929 7051/1111/928
f 7054/3226/929 7056/2289/930 7055/5/930 7053/3227/929
f 7056/2289/930 7058/3228/931 7057/3229/931 7055/5/930
f 7058/3228/931 7060/2290/932 7059/2291/932 7057/3229/931
f 7060/2290/932 7062/3230/933 7061/3231/933 7059/2291/932
f 7062/3230/933 7064/2292/934 7063/6/934 7061/3231/933
f 7064/2292/934 7066/3232/935 7065/3233/935 7063/6/934
f 7066/3232/935 7068/2293/936 7067/2294/936 7065/3233/935
f 7068/2293/936 7070/3234/937 7069/3235/937 7067/2294/936
f 7070/3234/937 7072/2295/938 7071/7/938 7069/3235/937
f 7072/2295/938 7074/3236/939 7073/3237/939 7071/7/938
f 7074/3236/939 7076/2296/940 7075/2297/940 7073/3237/939
f 7076/2296/940 7078/3238/941 7077/3239/941 7075/2297/940
f 7078/3238/941 7080/2298/942 7079/9/942 7077/3239/941
f 7080/2298/942 7082/2102/943 7081/576/943 7079/9/942
f 7082/2102/943 7084/2299/944 7083/2300/944 7081/576/943
f 7084/2299/944 7086/3240/945 7085/3241/945 7083/2300/944
f 7086/3240/945 7088/2301/946 7087/11/946 7085/3241/945
f 7088/2301/946 7090/3242/947 7089/3243/947 7087/11/946
f 7090/3242/947 7092/2302/948 7091/1005/948 7089/3243/947
f 7092/2302/948 7094/3244/949 7093/3245/949 7091/1005/948
f 7094/3244/949 7096/2303/950 7095/13/950 7093/3245/949
f 7096/2303/950 7098/3246/951 7097/3247/951 7095/13/950
f 7098/3246/951 7100/2304/952 7099/2305/952 7097/3247/951
f 7100/2304/952 7102/3248/953 7101/3249/953 7099/2305/952
f 7102/3248/953 7104/2306/954 7103/15/954 7101/3249/953
f 7104/2306/954 7106/3250/955 7105/3251/955 7103/15/954
f 7106/3250/955 7108/2307/809 7107/2308/809 7105/3251/955
f 7108/2307/809 7110/3252/956 7109/3253/956 7107/2308/809
f 7110/3252/956 7112/2309/957 7111/17/957 7109/3253/956
f 7112/2309/957 7114/3254/958 7113/3255/958 7111/17/957
f 7114/3254/958 7116/2310/959 7115/2311/959 7113/3255/958
f 7116/2310/959 7118/3256/960 7117/3257/960 7115/2311/959
f 7118/3256/960 7120/2312/961 7119/19/961 7117/3257/960
f 7120/2312/961 7122/3258/962 7121/3259/962 7119/19/961
f 7122/3258/962 7124/2313/963 7123/2314/963 7121/3259/962
f 7124/2313/963 7126/3260/964 7125/3261/964 7123/2314/963
f 7126/3260/964 7128/2315/965 7127/21/965 7125/3261/964
f 7128/2315/965 7130/3262/966 7129/3263/966 7127/21/965
f 7130/3262/966 7132/2121/967 7131/386/967 7129/3263/966
f 7132/2121/967 7134/3264/968 7133/3265/968 7131/386/967
f 7134/3264/968 7136/2316/969 7135/26/969 7133/3265/968
f 7136/2316/969 7138/3266/970 7137/3267/970 7135/26/969
f 7138/3266/970 7140/2317/971 7139/2318/971 7137/3267/970
f 7140/2317/971 7142/3268/972 7141/3269/972 7139/2318/971
f 7142/3268/972 7144/2319/973 7143/25/973 7141/3269/972
f 7144/2319/973 7146/3270/974 7145/3271/974 7143/25/973
f 7146/3270/974 7148/2320/975 7147/2321/975 7145/3271/974
f 7148/2320/975 7150/3272/976 7149/3273/976 7147/2321/975
f 7150/3272/976 7152/2322/977 7151/24/977 7149/3273/976
f 7152/2322/977 7154/3274/978 7153/3275/978 7151/24/977
f 7154/3274/978 7156/2323/979 7155/2324/979 7153/3275/978
f 7156/2323/979 7158/3276/980 7157/3277/980 7155/2324/979
f 7158/3276/980 7160/2325/981 7159/23/981 7157/3277/980
f 7160/2325/981 7162/3278/982 7161/3279/982 7159/23/981
f 7162/3278/982 7164/2326/983 7163/2327/983 7161/3279/982
f 7164/2326/983 7166/3280/984 7165/3281/984 7163/2327/983
f 7166/3280/984 7168/2328/985 7167/22/985 7165/3281/984
f 7168/2328/985 7170/3282/986 7169/3283/986 7167/22/985
f 7170/3282/986 7172/2329/987 7171/1047/987 7169/3283/986
f 7172/2329/987 7174/3284/988 7173/3285/988 7171/1047/987
f 7174/3284/988 7176/2330/989 7175/20/989 7173/3285/988
f 7176/2330/989 7178/3286/990 7177/3287/990 7175/20/989
f 7178/3286/990 7180/2331/991 7179/2332/991 7177/3287/990
f 7180/2331/991 7182/2140/992 7181/1711/992 7179/2332/991
f 7182/2140/992 7184/2333/993 7183/18/993 7181/1711/992
f 7184/2333/993 7186/3288/994 7185/3289/994 7183/18/993
f 7186/3288/994 7188/2334/995 7187/2335/995 7185/3289/994
f 7188/2334/995 7190/3290/996 7189/3291/996 7187/2335/995
f 7190/3290/996 7192/2336/997 7191/16/997 7189/3291/996
f 7192/2336/997 7194/3292/998 7193/3293/998 7191/16/997
f 7194/3292/998 7196/2337/999 7195/2338/999 7193/3293/998
f 7196/2337/999 7198/3294/1000 7197/3295/1000 7195/2338/999
f 7198/3294/1000 7200/2339/1001 7199/14/1001 7197/3295/1000
f 7200/2339/1001 7202/3296/1002 7201/3297/1002 7199/14/1001
f 7202/3296/1002 7204/2340/1003 7203/2341/1003 7201/3297/1002
f 7204/2340/1003 7206/3298/1004 7205/3299/1004 7203/2341/1003
f 7206/3298/1004 7208/2342/1005 7207/12/1005 7205/3299/1004
f 7208/2342/1005 7210/3300/1006 7209/3301/1006 7207/12/1005
f 7210/3300/1006 7212/2343/1007 7211/972/1007 7209/3301/1006
f 7212/2343/1007 7214/3302/1008 7213/3303/1008 7211/972/1007
f 7214/3302/1008 7216/2344/1009 7215/10/1009 7213/3303/1008
f 7216/2344/1009 7218/3304/1010 7217/3305/1010 7215/10/1009
f 7218/3304/1010 7220/2345/1011 7219/2346/1011 7217/3305/1010
f 7220/2345/1011 7222/3306/1012 7221/3307/1012 7219/2346/1011
f 7222/3306/1012 7224/2347/1013 7223/8/1013 7221/3307/1012
f 7224/2347/1013 7226/3308/1014 7225/3309/1014 7223/8/1013
f 7226/3308/1014 7228/2348/1015 7227/2349/1015 7225/3309/1014
f 7228/2348/1015 7230/3310/1016 7229/3311/1016 7227/2349/1015
f 7230/3310/1016 7032/2161/918 7031/1/918 7229/3311/1016
f 7232/2082/1017 7234/3312/1018 7233/3313/1018 7231/3/1017
f 7234/3312/1018 7236/2162/1019 7235/2163/1019 7233/3313/1018
f 7236/2162/1019 7238/3314/1020 7237/3315/1020 7235/2163/1019
f 7238/3314/1020 7240/2164/1021 7239/2165/1021 7237/3315/1020
f 7240/2164/1021 7242/3316/1022 7241/3317/1022 7239/2165/1021
f 7242/3316/1022 7244/2166/1023 7243/2167/1023 7241/3317/1022
f 7244/2166/1023 7246/3318/1024 7245/3319/1024 7243/2167/1023
f 7246/3318/1024 7248/2168/1025 7247/2169/1025 7245/3319/1024
f 7248/2168/1025 7250/3320/1026 7249/3321/1026 7247/2169/1025
f 7250/3320/1026 7252/2170/1027 7251/2171/1027 7249/3321/1026
f 7252/2170/1027 7254/3322/1028 7253/3323/1028 7251/2171/1027
f 7254/3322/1028 7256/2172/1029 7255/2173/1029 7253/3323/1028
f 7256/2172/1029 7258/3324/1030 7257/3325/1030 7255/2173/1029
f 7258/3324/1030 7260/2174/1031 7259/2175/1031 7257/3325/1030
f 7260/2174/1031 7262/3326/685 7261/3327/685 7259/2175/1031
f 7262/3326/685 7264/2176/1032 7263/2177/1032 7261/3327/685
f 7264/2176/1032 7266/3328/1033 7265/3329/1033 7263/2177/1032
f 7266/3328/1033 7268/2178/1034 7267/2179/1034 7265/3329/1033
f 7268/2178/1034 7270/3330/1035 7269/3331/1035 7267/2179/1034
f 7270/3330/1035 7272/2180/717 7271/2181/717 7269/3331/1035
f 7272/2180/717 7274/3332/1036 7273/3333/1036 7271/2181/717
f 7274/3332/1036 7276/2182/1037 7275/2183/1037 7273/3333/1036
f 7276/2182/1037 7278/3334/1038 7277/3335/1038 7275/2183/1037
f 7278/3334/1038 7280/2184/1039 7279/2185/1039 7277/3335/1038
f 7280/2184/1039 7282/3336/1040 7281/3337/1040 7279/2185/1039
f 7282/3336/1040 7284/2186/1041 7283/2187/1041 7281/3337/1040
f 7284/2186/1041 7286/3338/1042 7285/3339/1042 7283/2187/1041
f 7286/3338/1042 7288/2188/1043 7287/2189/1043 7285/3339/1042
f 7288/2188/1043 7290/3340/1044 7289/3341/1044 7287/2189/1043
f 7290/3340/1044 7292/2190/1045 7291/2191/1045 7289/3341/1044
f 7292/2190/1045 7294/2102/1046 7293/576/1046 7291/2191/1045
f 7294/2102/1046 7296/2192/1047 7295/2193/1047 7293/576/1046
f 7296/2192/1047 7298/3342/1048 7297/3343/1048 7295/2193/1047
f 7298/3342/1048 7300/2194/1049 7299/2195/1049 7297/3343/1048
f 7300/2194/1049 7302/3344/1050 7301/3345/1050 7299/2195/1049
f 7302/3344/1050 7304/2196/1051 7303/2197/1051 7301/3345/1050
f 7304/2196/1051 7306/3346/1052 7305/3347/1052 7303/2197/1051
f 7306/3346/1052 7308/2198/1053 7307/2199/1053 7305/3347/1052
f 7308/2198/1053 7310/3348/1054 7309/3349/1054 7307/2199/1053
f 7310/3348/1054 7312/2200/1055 7311/2201/1055 7309/3349/1054
f 7312/2200/1055 7314/3350/1056 7313/3351/1056 7311/2201/1055
f 7314/3350/1056 7316/2202/1057 7315/2203/1057 7313/3351/1056
f 7316/2202/1057 7318/3352/1058 7317/3353/1058 7315/2203/1057
f 7318/3352/1058 7320/2204/1059 7319/2205/1059 7317/3353/1058
f 7320/2204/1059 7322/3354/1060 7321/3355/1060 7319/2205/1059
f 7322/3354/1060 7324/2206/1061 7323/2207/1061 7321/3355/1060
f 7324/2206/1061 7326/3356/1062 7325/3357/1062 7323/2207/1061
f 7326/3356/1062 7328/2208/1063 7327/2209/1063 7325/3357/1062
f 7328/2208/1063 7330/3358/1064 7329/3359/1064 7327/2209/1063
f 7330/3358/1064 7332/2210/1065 7331/2211/1065 7329/3359/1064
f 7332/2210/1065 7334/3360/1066 7333/3361/1066 7331/2211/1065
f 7334/3360/1066 7336/2212/1067 7335/2213/1067 7333/3361/1066
f 7336/2212/1067 7338/3362/1068 7337/3363/1068 7335/2213/1067
f 7338/3362/1068 7340/2214/1069 7339/2215/1069 7337/3363/1068
f 7340/2214/1069 7342/3364/1070 7341/3365/1070 7339/2215/1069
f 7342/3364/1070 7344/2216/1071 7343/2217/1071 7341/3365/1070
f 7344/2216/1071 7346/3366/1072 7345/3367/1072 7343/2217/1071
f 7346/3366/1072 7348/2218/1073 7347/2219/1073 7345/3367/1072
f 7348/2218/1073 7350/3368/1074 7349/3369/1074 7347/2219/1073
f 7350/3368/1074 7352/2220/1075 7351/2221/1075 7349/3369/1074
f 7352/2220/1075 7354/3370/1076 7353/3371/1076 7351/2221/1075
f 7354/3370/1076 7356/2121/1077 7355/386/1077 7353/3371/1076
f 7356/2121/1077 7358/3372/1078 7357/3373/1078 7355/386/1077
f 7358/3372/1078 7360/2222/1079 7359/2223/1079 7357/3373/1078
f 7360/2222/1079 7362/3374/1080 7361/3375/1080 7359/2223/1079
f 7362/3374/1080 7364/2224/1081 7363/2225/1081 7361/3375/1080
f 7364/2224/1081 7366/3376/1082 7365/3377/1082 7363/2225/1081
f 7366/3376/1082 7368/2226/1083 7367/2227/1083 7365/3377/1082
f 7368/2226/1083 7370/3378/1084 7369/3379/1084 7367/2227/1083
f 7370/3378/1084 7372/2228/1085 7371/2229/1085 7369/3379/1084
f 7372/2228/1085 7374/3380/1086 7373/3381/1086 7371/2229/1085
f 7374/3380/1086 7376/2230/1087 7375/2231/1087 7373/3381/1086
f 7376/2230/1087 7378/3382/1088 7377/3383/1088 7375/2231/1087
f 7378/3382/1088 7380/2232/1089 7379/2233/1089 7377/3383/1088
f 7380/2232/1089 7382/3384/1090 7381/3385/1090 7379/2233/1089
f 7382/3384/1090 7384/2234/1091 7383/2235/1091 7381/3385/1090
f 7384/2234/1091 7386/3386/1092 7385/3387/1092 7383/2235/1091
f 7386/3386/1092 7388/2236/1093 7387/2237/1093 7385/3387/1092
f 7388/2236/1093 7390/3388/1094 7389/3389/1094 7387/2237/1093
f 7390/3388/1094 7392/2238/1095 7391/2239/1095 7389/3389/1094
f 7392/2238/1095 7394/3390/1096 7393/3391/1096 7391/2239/1095
f 7394/3390/1096 7396/2240/1097 7395/2241/1097 7393/3391/1096
f 7396/2240/1097 7398/3392/1098 7397/3393/1098 7395/2241/1097
f 7398/3392/1098 7400/2242/1099 7399/2243/1099 7397/3393/1098
f 7400/2242/1099 7402/3394/1100 7401/3395/1100 7399/2243/1099
f 7402/3394/1100 7404/2244/1101 7403/2245/1101 7401/3395/1100
f 7404/2244/1101 7406/3396/1102 7405/3397/1102 7403/2245/1101
f 7406/3396/1102 7408/2246/1103 7407/2247/1103 7405/3397/1102
f 7408/2246/1103 7410/3398/1104 7409/3399/1104 7407/2247/1103
f 7410/3398/1104 7412/2248/1105 7411/2249/1105 7409/3399/1104
f 7412/2248/1105 7414/3400/1106 7413/3401/1106 7411/2249/1105
f 7414/3400/1106 7416/2250/1107 7415/2251/1107 7413/3401/1106
f 7416/2250/1107 7418/2140/1108 7417/1711/1108 7415/2251/1107
f 7418/2140/1108 7420/2252/1109 7419/2253/1109 7417/1711/1108
f 7420/2252/1109 7422/3402/1110 7421/3403/1110 7419/2253/1109
f 7422/3402/1110 7424/2254/1111 7423/2255/1111 7421/3403/1110
f 7424/2254/1111 7426/3404/1112 7425/3405/1112 7423/2255/1111
f 7426/3404/1112 7428/2256/1113 7427/2257/1113 7425/3405/1112
f 7428/2256/1113 7430/3406/1114 7429/3407/1114 7427/2257/1113
f 7430/3406/1114 7432/2258/1115 7431/2259/1115 7429/3407/1114
f 7432/2258/1115 7434/3408/1116 7433/3409/1116 7431/2259/1115
f 7434/3408/1116 7436/2260/1117 7435/2261/1117 7433/3409/1116
f 7436/2260/1117 7438/3410/1118 7437/3411/1118 7435/2261/1117
f 7438/3410/1118 7440/2262/1119 7439/2263/1119 7437/3411/1118
f 7440/2262/1119 7442/3412/1120 7441/3413/1120 7439/2263/1119
f 7442/3412/1120 7444/2264/1121 7443/2265/1121 7441/3413/1120
f 7444/2264/1121 7446/3414/1122 7445/3415/1122 7443/2265/1121
f 7446/3414/1122 7448/2266/1123 7447/2267/1123 7445/3415/1122
f 7448/2266/1123 7450/3416/1124 7449/3417/1124 7447/2267/1123
f 7450/3416/1124 7452/2268/1125 7451/2269/1125 7449/3417/1124
f 7452/2268/1125 7454/3418/1126 7453/3419/1126 7451/2269/1125
f 7454/3418/1126 7456/2270/1127 7455/2271/1127 7453/3419/1126
f 7456/2270/1127 7458/3420/1128 7457/3421/1128 7455/2271/1127
f 7458/3420/1128 7460/2272/1129 7459/2273/1129 7457/3421/1128
f 7460/2272/1129 7462/3422/1130 7461/3423/1130 7459/2273/1129
f 7462/3422/1130 7464/2274/1131 7463/2275/1131 7461/3423/1130
f 7464/2274/1131 7466/3424/1132 7465/3425/1132 7463/2275/1131
f 7466/3424/1132 7468/2276/1133 7467/2277/1133 7465/3425/1132
f 7468/2276/1133 7470/3426/1134 7469/3427/1134 7467/2277/1133
f 7470/3426/1134 7472/2278/1135 7471/2279/1135 7469/3427/1134
f 7472/2278/1135 7474/3428/1136 7473/3429/1136 7471/2279/1135
f 7474/3428/1136 7476/2280/1137 7475/2281/1137 7473/3429/1136
f 7476/2280/1137 7478/3430/1138 7477/3431/1138 7475/2281/1137
f 7478/3430/1138 7232/2161/1017 7231/1/1017 7477/3431/1138
f 7480/2082/1139 7482/2350/1140 7481/2351/1140 7479/3/1139
f 7482/2350/1140 7484/2352/1141 7483/2353/1141 7481/2351/1140
f 7484/2352/1141 7486/2354/1142 7485/2355/1142 7483/2353/1141
f 7486/2354/1142 7488/2356/1143 7487/2357/1143 7485/2355/1142
f 7488/2356/1143 7490/2358/1144 7489/2359/1144 7487/2357/1143
f 7490/2358/1144 7492/2360/1145 7491/2361/1145 7489/2359/1144
f 7492/2360/1145 7494/2362/1146 7493/565/1146 7491/2361/1145
f 7494/2362/1146 7496/2363/1147 7495/2364/1147 7493/565/1146
f 7496/2363/1147 7498/2365/1148 7497/2366/1148 7495/2364/1147
f 7498/2365/1148 7500/2367/1149 7499/2368/1149 7497/2366/1148
f 7500/2367/1149 7502/2369/1150 7501/2370/1150 7499/2368/1149
f 7502/2369/1150 7504/2371/1151 7503/2372/1151 7501/2370/1150
f 7504/2371/1151 7506/2373/1152 7505/2374/1152 7503/2372/1151
f 7506/2373/1152 7508/2375/1153 7507/269/1153 7505/2374/1152
f 7508/2375/1153 7510/2376/1154 7509/2377/1154 7507/269/1153
f 7510/2376/1154 7512/2378/1155 7511/2379/1155 7509/2377/1154
f 7512/2378/1155 7514/2380/1156 7513/2381/1156 7511/2379/1155
f 7514/2380/1156 7516/2382/1157 7515/2383/1157 7513/2381/1156
f 7516/2382/1157 7518/2384/1158 7517/2385/1158 7515/2383/1157
f 7518/2384/1158 7520/2386/1159 7519/2387/1159 7517/2385/1158
f 7520/2386/1159 7522/2388/1160 7521/589/1160 7519/2387/1159
f 7522/2388/1160 7524/2389/1161 7523/2390/1161 7521/589/1160
f 7524/2389/1161 7526/2391/1162 7525/2392/1162 7523/2390/1161
f 7526/2391/1162 7528/2393/1163 7527/2394/1163 7525/2392/1162
f 7528/2393/1163 7530/2395/1164 7529/2396/1164 7527/2394/1163
f 7530/2395/1164 7532/2397/1165 7531/2398/1165 7529/2396/1164
f 7532/2397/1165 7534/2399/1166 7533/2400/1166 7531/2398/1165
f 7534/2399/1166 7536/2401/1167 7535/259/1167 7533/2400/1166
f 7536/2401/1167 7538/2402/1168 7537/2403/1168 7535/259/1167
f 7538/2402/1168 7540/2404/1169 7539/2405/1169 7537/2403/1168
f 7540/2404/1169 7542/2406/1170 7541/2407/1170 7539/2405/1169
f 7542/2406/1170 7544/2408/1171 7543/2409/1171 7541/2407/1170
f 7544/2408/1171 7546/2410/1172 7545/2411/1172 7543/2409/1171
f 7546/2410/1172 7548/2412/1173 7547/2413/1173 7545/2411/1172
f 7548/2412/1173 7550/2414/1174 7549/574/1174 7547/2413/1173
f 7550/2414/1174 7552/2415/1175 7551/2416/1175 7549/574/1174
f 7552/2415/1175 7554/2417/1176 7553/2418/1176 7551/2416/1175
f 7554/2417/1176 7556/2419/1177 7555/2420/1177 7553/2418/1176
f 7556/2419/1177 7558/2421/1178 7557/2422/1178 7555/2420/1177
f 7558/2421/1178 7560/2423/1048 7559/2424/1048 7557/2422/1178
f 7560/2423/1048 7562/2425/1179 7561/2426/1179 7559/2424/1048
f 7562/2425/1179 7564/2427/1180 7563/596/1180 7561/2426/1179
f 7564/2427/1180 7566/2428/1181 7565/2429/1181 7563/596/1180
f 7566/2428/1181 7568/2430/1182 7567/2431/1182 7565/2429/1181
f 7568/2430/1182 7570/2432/1183 7569/2433/1183 7567/2431/1182
f 7570/2432/1183 7572/2434/1184 7571/2435/1184 7569/2433/1183
f 7572/2434/1184 7574/2436/1185 7573/2437/1185 7571/2435/1184
f 7574/2436/1185 7576/2438/1186 7575/2439/1186 7573/2437/1185
f 7576/2438/1186 7578/2121/1187 7577/386/1187 7575/2439/1186
f 7578/2121/1187 7580/2440/1188 7579/2441/1188 7577/386/1187
f 7580/2440/1188 7582/2442/1189 7581/2443/1189 7579/2441/1188
f 7582/2442/1189 7584/2444/627 7583/2445/627 7581/2443/1189
f 7584/2444/627 7586/2446/1190 7585/2447/1190 7583/2445/627
f 7586/2446/1190 7588/2448/1191 7587/2449/1191 7585/2447/1190
f 7588/2448/1191 7590/2450/1192 7589/2451/1192 7587/2449/1191
f 7590/2450/1192 7592/2452/1193 7591/268/1193 7589/2451/1192
f 7592/2452/1193 7594/2453/1194 7593/2454/1194 7591/268/1193
f 7594/2453/1194 7596/2455/1195 7595/2456/1195 7593/2454/1194
f 7596/2455/1195 7598/2457/1196 7597/2458/1196 7595/2456/1195
f 7598/2457/1196 7600/2459/1197 7599/2460/1197 7597/2458/1196
f 7600/2459/1197 7602/2461/1198 7601/2462/1198 7599/2460/1197
f 7602/2461/1198 7604/2463/1199 7603/2464/1199 7601/2462/1198
f 7604/2463/1199 7606/2465/1200 7605/632/1200 7603/2464/1199
f 7606/2465/1200 7608/2466/1201 7607/2467/1201 7605/632/1200
f 7608/2466/1201 7610/2468/1202 7609/2469/1202 7607/2467/1201
f 7610/2468/1202 7612/2470/1203 7611/2471/1203 7609/2469/1202
f 7612/2470/1203 7614/2472/1204 7613/2473/1204 7611/2471/1203
f 7614/2472/1204 7616/2474/1205 7615/2475/1205 7613/2473/1204
f 7616/2474/1205 7618/2476/1206 7617/2477/1206 7615/2475/1205
f 7618/2476/1206 7620/2478/1207 7619/318/1207 7617/2477/1206
f 7620/2478/1207 7622/2479/1208 7621/2480/1208 7619/318/1207
f 7622/2479/1208 7624/2481/1209 7623/2482/1209 7621/2480/1208
f 7624/2481/1209 7626/2483/1210 7625/2484/1210 7623/2482/1209
f 7626/2483/1210 7628/2485/1211 7627/2486/1211 7625/2484/1210
f 7628/2485/1211 7630/2487/1212 7629/2488/1212 7627/2486/1211
f 7630/2487/1212 7632/2489/1213 7631/2490/1213 7629/2488/1212
f 7632/2489/1213 7634/2491/1214 7633/1029/1214 7631/2490/1213
f 7634/2491/1214 7636/2492/1215 7635/2493/1215 7633/1029/1214
f 7636/2492/1215 7638/2494/1216 7637/2495/1216 7635/2493/1215
f 7638/2494/1216 7640/2496/1217 7639/2497/1217 7637/2495/1216
f 7640/2496/1217 7642/2498/1218 7641/2499/1218 7639/2497/1217
f 7642/2498/1218 7644/2500/1219 7643/2501/1219 7641/2499/1218
f 7644/2500/1219 7646/2502/1220 7645/2503/1220 7643/2501/1219
f 7646/2502/1220 7648/2504/1221 7647/313/1221 7645/2503/1220
f 7648/2504/1221 7650/2505/1222 7649/2506/1222 7647/313/1221
f 7650/2505/1222 7652/2507/1223 7651/2508/1223 7649/2506/1222
f 7652/2507/1223 7654/2509/1224 7653/2510/1224 7651/2508/1223
f 7654/2509/1224 7656/2511/1225 7655/2512/1225 7653/2510/1224
f 7656/2511/1225 7658/2513/1226 7657/2514/1226 7655/2512/1225
f 7658/2513/1226 7660/2515/1227 7659/2516/1227 7657/2514/1226
f 7660/2515/1227 7662/2517/1228 7661/665/1228 7659/2516/1227
f 7662/2517/1228 7664/2518/1229 7663/2519/1229 7661/665/1228
f 7664/2518/1229 7666/2520/1230 7665/2521/1230 7663/2519/1229
f 7666/2520/1230 7668/2522/341 7667/2523/341 7665/2521/1230
f 7668/2522/341 7670/2524/1231 7669/2525/1231 7667/2523/341
f 7670/2524/1231 7672/2526/1232 7671/2527/1232 7669/2525/1231
f 7672/2526/1232 7674/2528/1233 7673/2529/1233 7671/2527/1232
f 7674/2528/1233 7480/2161/1139 7479/1/1139 7673/2529/1233
f 7676/2082/1234 7678/2893/1235 7677/2894/1235 7675/3/1234
f 7678/2893/1235 7680/2895/1236 7679/2896/1236 7677/2894/1235
f 7680/2895/1236 7682/2897/1237 7681/2898/1237 7679/2896/1236
f 7682/2897/1237 7684/2899/1238 7683/2900/1238 7681/2898/1237
f 7684/2899/1238 7686/2901/1239 7685/2902/1239 7683/2900/1238
f 7686/2901/1239 7688/2903/1240 7687/2904/1240 7685/2902/1239
f 7688/2903/1240 7690/2905/1241 7689/2906/1241 7687/2904/1240
f 7690/2905/1241 7692/2907/1242 7691/2908/1242 7689/2906/1241
f 7692/2907/1242 7694/2909/1243 7693/2910/1243 7691/2908/1242
f 7694/2909/1243 7696/2911/1244 7695/2912/1244 7693/2910/1243
f 7696/2911/1244 7698/2913/1245 7697/2914/1245 7695/2912/1244
f 7698/2913/1245 7700/2915/1246 7699/2916/1246 7697/2914/1245
f 7700/2915/1246 7702/2121/1247 7701/386/1247 7699/2916/1246
f 7702/2121/1247 7704/2917/1248 7703/2918/1248 7701/386/1247
f 7704/2917/1248 7706/2919/1249 7705/2920/1249 7703/2918/1248
f 7706/2919/1249 7708/2921/1250 7707/2922/1250 7705/2920/1249
f 7708/2921/1250 7710/2923/1251 7709/2924/1251 7707/2922/1250
f 7710/2923/1251 7712/2925/1252 7711/2926/1252 7709/2924/1251
f 7712/2925/1252 7714/2927/1253 7713/2928/1253 7711/2926/1252
f 7714/2927/1253 7716/2929/1254 7715/2930/1254 7713/2928/1253
f 7716/2929/1254 7718/2931/1255 7717/2932/1255 7715/2930/1254
f 7718/2931/1255 7720/2933/1256 7719/2934/1256 7717/2932/1255
f 7720/2933/1256 7722/2935/1257 7721/2936/1257 7719/2934/1256
f 7722/2935/1257 7724/2937/1258 7723/2938/1258 7721/2936/1257
f 7724/2937/1258 7726/2939/1259 7725/2940/1259 7723/2938/1258
f 7726/2939/1259 7676/2161/1234 7675/1/1234 7725/2940/1259
f 7728/2082/1260 7730/2352/1261 7729/2353/1261 7727/3/1260
f 7730/2352/1261 7732/2356/1262 7731/2357/1262 7729/2353/1261
f 7732/2356/1262 7734/2360/1263 7733/2361/1263 7731/2357/1262
f 7734/2360/1263 7736/2363/1264 7735/2364/1264 7733/2361/1263
f 7736/2363/1264 7738/2367/1265 7737/2368/1265 7735/2364/1264
f 7738/2367/1265 7740/2371/1266 7739/2372/1266 7737/2368/1265
f 7740/2371/1266 7742/2375/1267 7741/269/1267 7739/2372/1266
f 7742/2375/1267 7744/2378/1268 7743/2379/1268 7741/269/1267
f 7744/2378/1268 7746/2382/1269 7745/2383/1269 7743/2379/1268
f 7746/2382/1269 7748/2386/1270 7747/2387/1270 7745/2383/1269
f 7748/2386/1270 7750/2389/1271 7749/2390/1271 7747/2387/1270
f 7750/2389/1271 7752/2393/1152 7751/2394/1152 7749/2390/1271
f 7752/2393/1152 7754/2397/1272 7753/2398/1272 7751/2394/1152
f 7754/2397/1272 7756/2401/1273 7755/259/1273 7753/2398/1272
f 7756/2401/1273 7758/2404/1274 7757/2405/1274 7755/259/1273
f 7758/2404/1274 7760/2408/1275 7759/2409/1275 7757/2405/1274
f 7760/2408/1275 7762/2412/1276 7761/2413/1276 7759/2409/1275
f 7762/2412/1276 7764/2415/1277 7763/2416/1277 7761/2413/1276
f 7764/2415/1277 7766/2419/1278 7765/2420/1278 7763/2416/1277
f 7766/2419/1278 7768/2423/1279 7767/2424/1279 7765/2420/1278
f 7768/2423/1279 7770/2427/1280 7769/596/1280 7767/2424/1279
f 7770/2427/1280 7772/2430/1281 7771/2431/1281 7769/596/1280
f 7772/2430/1281 7774/2434/1282 7773/2435/1282 7771/2431/1281
f 7774/2434/1282 7776/2438/1283 7775/2439/1283 7773/2435/1282
f 7776/2438/1283 7778/2440/1284 7777/2441/1284 7775/2439/1283
f 7778/2440/1284 7780/2444/1285 7779/2445/1285 7777/2441/1284
f 7780/2444/1285 7782/2448/1286 7781/2449/1286 7779/2445/1285
f 7782/2448/1286 7784/2452/1287 7783/268/1287 7781/2449/1286
f 7784/2452/1287 7786/2455/1288 7785/2456/1288 7783/268/1287
f 7786/2455/1288 7788/2459/1289 7787/2460/1289 7785/2456/1288
f 7788/2459/1289 7790/2463/1290 7789/2464/1290 7787/2460/1289
f 7790/2463/1290 7792/2466/1291 7791/2467/1291 7789/2464/1290
f 7792/2466/1291 7794/2470/1292 7793/2471/1292 7791/2467/1291
f 7794/2470/1292 7796/2474/1293 7795/2475/1293 7793/2471/1292
f 7796/2474/1293 7798/2478/1294 7797/318/1294 7795/2475/1293
f 7798/2478/1294 7800/2481/1295 7799/2482/1295 7797/318/1294
f 7800/2481/1295 7802/2485/1296 7801/2486/1296 7799/2482/1295
f 7802/2485/1296 7804/2489/1297 7803/2490/1297 7801/2486/1296
f 7804/2489/1297 7806/2492/1298 7805/2493/1298 7803/2490/1297
f 7806/2492/1298 7808/2496/1299 7807/2497/1299 7805/2493/1298
f 7808/2496/1299 7810/2500/1300 7809/2501/1300 7807/2497/1299
f 7810/2500/1300 7812/2504/1301 7811/313/1301 7809/2501/1300
f 7812/2504/1301 7814/2507/1302 7813/2508/1302 7811/313/1301
f 7814/2507/1302 7816/2511/1303 7815/2512/1303 7813/2508/1302
f 7816/2511/1303 7818/2515/1087 7817/2516/1087 7815/2512/1303
f 7818/2515/1087 7820/2518/1304 7819/2519/1304 7817/2516/1087
f 7820/2518/1304 7822/2522/1305 7821/2523/1305 7819/2519/1304
f 7822/2522/1305 7824/2526/1306 7823/2527/1306 7821/2523/1305
f 7824/2526/1306 7728/2161/1260 7727/1/1260 7823/2527/1306
f 7826/2082/1307 7828/3432/1308 7827/1534/1308 7825/3/1307
f 7828/3432/1308 7830/3433/1309 7829/1533/1309 7827/1534/1308
f 7830/3433/1309 7832/3434/1310 7831/1532/1310 7829/1533/1309
f 7832/3434/1310 7834/3435/1311 7833/1531/1311 7831/1532/1310
f 7834/3435/1311 7836/3436/1312 7835/1530/1312 7833/1531/1311
f 7836/3436/1312 7838/3437/1313 7837/1529/1313 7835/1530/1312
f 7838/3437/1313 7840/3438/1314 7839/1528/1314 7837/1529/1313
f 7840/3438/1314 7842/3439/1315 7841/1527/1315 7839/1528/1314
f 7842/3439/1315 7844/3440/1316 7843/1526/1316 7841/1527/1315
f 7844/3440/1316 7846/3441/1317 7845/1525/1317 7843/1526/1316
f 7846/3441/1317 7848/3442/1318 7847/1524/1318 7845/1525/1317
f 7848/3442/1318 7850/3443/1319 7849/1523/1319 7847/1524/1318
f 7850/3443/1319 7852/3444/1320 7851/1522/1320 7849/1523/1319
f 7852/3444/1320 7854/3445/1321 7853/1521/1321 7851/1522/1320
f 7854/3445/1321 7856/3446/1322 7855/1520/1322 7853/1521/1321
f 7856/3446/1322 7858/3447/1323 7857/1519/1323 7855/1520/1322
f 7858/3447/1323 7860/3448/1324 7859/1518/1324 7857/1519/1323
f 7860/3448/1324 7862/3449/1325 7861/1517/1325 7859/1518/1324
f 7862/3449/1325 7864/3450/1326 7863/1516/1326 7861/1517/1325
f 7864/3450/1326 7866/3451/1327 7865/1515/1327 7863/1516/1326
f 7866/3451/1327 7868/3452/1328 7867/1514/1328 7865/1515/1327
f 7868/3452/1328 7870/3453/1329 7869/1511/1329 7867/1514/1328
f 7870/3453/1329 7872/3454/1330 7871/1513/1330 7869/1511/1329
f 7872/3454/1330 7874/3455/1331 7873/1512/1331 7871/1513/1330
f 7874/3455/1331 7876/3456/1332 7875/1561/1332 7873/1512/1331
f 7876/3456/1332 7878/3457/1333 7877/1560/1333 7875/1561/1332
f 7878/3457/1333 7880/2096/1334 7879/1077/1334 7877/1560/1333
f 7880/2096/1334 7882/3458/1335 7881/1562/1335 7879/1077/1334
f 7882/3458/1335 7884/3459/1336 7883/1563/1336 7881/1562/1335
f 7884/3459/1336 7886/3460/1337 7885/1564/1337 7883/1563/1336
f 7886/3460/1337 7888/3461/1338 7887/1565/1338 7885/1564/1337
f 7888/3461/1338 7890/3462/1339 7889/1566/1339 7887/1565/1338
f 7890/3462/1339 7892/3463/1340 7891/1567/1340 7889/1566/1339
f 7892/3463/1340 7894/3464/1341 7893/1571/1341 7891/1567/1340
f 7894/3464/1341 7896/3465/1342 7895/1572/1342 7893/1571/1341
f 7896/3465/1342 7898/3466/1343 7897/1573/1343 7895/1572/1342
f 7898/3466/1343 7900/3467/1344 7899/1574/1344 7897/1573/1343
f 7900/3467/1344 7902/3468/1345 7901/1575/1345 7899/1574/1344
f 7902/3468/1345 7904/3469/1346 7903/1579/1346 7901/1575/1345
f 7904/3469/1346 7906/3470/1347 7905/1582/1347 7903/1579/1346
f 7906/3470/1347 7908/3471/1348 7907/1590/1348 7905/1582/1347
f 7908/3471/1348 7910/3472/1349 7909/1597/1349 7907/1590/1348
f 7910/3472/1349 7912/3473/1350 7911/1606/1350 7909/1597/1349
f 7912/3473/1350 7914/3474/1351 7913/1617/1351 7911/1606/1350
f 7914/3474/1351 7916/3475/1352 7915/1627/1352 7913/1617/1351
f 7916/3475/1352 7918/3476/1353 7917/1635/1353 7915/1627/1352
f 7918/3476/1353 7920/3477/1354 7919/1641/1354 7917/1635/1353
f 7920/3477/1354 7922/3478/1355 7921/1642/1355 7919/1641/1354
f 7922/3478/1355 7924/3479/1356 7923/1644/1356 7921/1642/1355
f 7924/3479/1356 7926/3480/1357 7925/1646/1357 7923/1644/1356
f 7926/3480/1357 7928/3481/1358 7927/1648/1358 7925/1646/1357
f 7928/3481/1358 7930/3482/1359 7929/1649/1359 7927/1648/1358
f 7930/3482/1359 7932/3483/1360 7931/1651/1360 7929/1649/1359
f 7932/3483/1360 7934/2108/1361 7933/875/1361 7931/1651/1360
f 7934/2108/1361 7936/3484/1362 7935/1653/1362 7933/875/1361
f 7936/3484/1362 7938/3485/1363 7937/1654/1363 7935/1653/1362
f 7938/3485/1363 7940/3486/1364 7939/1656/1364 7937/1654/1363
f 7940/3486/1364 7942/3487/1365 7941/1657/1365 7939/1656/1364
f 7942/3487/1365 7944/3488/1366 7943/1658/1366 7941/1657/1365
f 7944/3488/1366 7946/3489/1367 7945/1659/1367 7943/1658/1366
f 7946/3489/1367 7948/3490/1368 7947/1660/1368 7945/1659/1367
f 7948/3490/1368 7950/3491/1369 7949/1666/1369 7947/1660/1368
f 7950/3491/1369 7952/3492/1370 7951/1665/1370 7949/1666/1369
f 7952/3492/1370 7954/3493/1371 7953/1664/1371 7951/1665/1370
f 7954/3493/1371 7956/3494/1372 7955/1663/1372 7953/1664/1371
f 7956/3494/1372 7958/3495/1373 7957/1662/1373 7955/1663/1372
f 7958/3495/1373 7960/3496/1374 7959/1661/1374 7957/1662/1373
f 7960/3496/1374 7962/3497/1375 7961/1655/1375 7959/1661/1374
f 7962/3497/1375 7964/3498/1376 7963/1652/1376 7961/1655/1375
f 7964/3498/1376 7966/3499/1377 7965/1650/1377 7963/1652/1376
f 7966/3499/1377 7968/3500/1378 7967/1647/1378 7965/1650/1377
f 7968/3500/1378 7970/3501/1379 7969/1645/1379 7967/1647/1378
f 7970/3501/1379 7972/3502/1380 7971/1643/1380 7969/1645/1379
f 7972/3502/1380 7974/3503/1381 7973/1638/1381 7971/1643/1380
f 7974/3503/1381 7976/3504/1382 7975/1632/1382 7973/1638/1381
f 7976/3504/1382 7978/3505/1383 7977/1621/1383 7975/1632/1382
f 7978/3505/1383 7980/3506/1384 7979/1608/1384 7977/1621/1383
f 7980/3506/1384 7982/3507/1385 7981/1596/1385 7979/1608/1384
f 7982/3507/1385 7984/3508/1386 7983/1589/1386 7981/1596/1385
f 7984/3508/1386 7986/3509/1387 7985/1580/1387 7983/1589/1386
f 7986/3509/1387 7988/2121/1388 7987/386/1388 7985/1580/1387
f 7988/2121/1388 7990/3510/1389 7989/1568/1389 7987/386/1388
f 7990/3510/1389 7992/3511/1390 7991/1559/1390 7989/1568/1389
f 7992/3511/1390 7994/3512/1391 7993/1548/1391 7991/1559/1390
f 7994/3512/1391 7996/3513/1392 7995/1558/1392 7993/1548/1391
f 7996/3513/1392 7998/3514/1393 7997/1570/1393 7995/1558/1392
f 7998/3514/1393 8000/3515/1394 7999/1569/1394 7997/1570/1393
f 8000/3515/1394 8002/3516/1395 8001/1557/1395 7999/1569/1394
f 8002/3516/1395 8004/3517/1396 8003/1556/1396 8001/1557/1395
f 8004/3517/1396 8006/3518/1397 8005/1555/1397 8003/1556/1396
f 8006/3518/1397 8008/3519/1398 8007/1554/1398 8005/1555/1397
f 8008/3519/1398 8010/3520/1399 8009/1553/1399 8007/1554/1398
f 8010/3520/1399 8012/3521/1400 8011/1552/1400 8009/1553/1399
f 8012/3521/1400 8014/3522/1401 8013/1551/1401 8011/1552/1400
f 8014/3522/1401 8016/3523/1402 8015/1550/1402 8013/1551/1401
f 8016/3523/1402 8018/3524/1403 8017/1549/1403 8015/1550/1402
f 8018/3524/1403 8020/3525/1404 8019/1547/1404 8017/1549/1403
f 8020/3525/1404 8022/3526/1405 8021/1546/1405 8019/1547/1404
f 8022/3526/1405 8024/3527/1406 8023/1545/1406 8021/1546/1405
f 8024/3527/1406 8026/3528/1407 8025/1544/1407 8023/1545/1406
f 8026/3528/1407 8028/3529/1408 8027/1543/1408 8025/1544/1407
f 8028/3529/1408 8030/3530/1409 8029/1542/1409 8027/1543/1408
f 8030/3530/1409 8032/3531/1410 8031/1541/1410 8029/1542/1409
f 8032/3531/1410 8034/3532/1411 8033/1540/1411 8031/1541/1410
f 8034/3532/1411 8036/3533/1412 8035/1539/1412 8033/1540/1411
f 8036/3533/1412 8038/3534/1413 8037/1538/1413 8035/1539/1412
f 8038/3534/1413 8040/3535/1414 8039/1537/1414 8037/1538/1413
f 8040/3535/1414 8042/2134/1415 8041/890/1415 8039/1537/1414
f 8042/2134/1415 8044/3536/1416 8043/1536/1416 8041/890/1415
f 8044/3536/1416 8046/3537/1417 8045/1535/1417 8043/1536/1416
f 8046/3537/1417 8048/3538/1418 8047/1640/1418 8045/1535/1417
f 8048/3538/1418 8050/3539/1419 8049/1639/1419 8047/1640/1418
f 8050/3539/1419 8052/3540/1420 8051/1637/1420 8049/1639/1419
f 8052/3540/1420 8054/3541/1421 8053/1636/1421 8051/1637/1420
f 8054/3541/1421 8056/3542/1422 8055/1633/1422 8053/1636/1421
f 8056/3542/1422 8058/3543/1423 8057/1629/1423 8055/1633/1422
f 8058/3543/1423 8060/3544/1424 8059/1625/1424 8057/1629/1423
f 8060/3544/1424 8062/3545/1425 8061/1622/1425 8059/1625/1424
f 8062/3545/1425 8064/3546/1426 8063/1618/1426 8061/1622/1425
f 8064/3546/1426 8066/3547/1427 8065/1614/1427 8063/1618/1426
f 8066/3547/1427 8068/3548/1428 8067/1610/1428 8065/1614/1427
f 8068/3548/1428 8070/3549/1205 8069/1599/1205 8067/1610/1428
f 8070/3549/1205 8072/3550/1429 8071/1585/1429 8069/1599/1205
f 8072/3550/1429 8074/3551/1430 8073/1587/1430 8071/1585/1429
f 8074/3551/1430 8076/3552/93 8075/1586/93 8073/1587/1430
f 8076/3552/93 8078/3553/1431 8077/1592/1431 8075/1586/93
f 8078/3553/1431 8080/3554/1432 8079/1595/1432 8077/1592/1431
f 8080/3554/1432 8082/3555/1433 8081/1601/1433 8079/1595/1432
f 8082/3555/1433 8084/3556/1430 8083/1604/1430 8081/1601/1433
f 8084/3556/1430 8086/3557/1434 8085/1609/1434 8083/1604/1430
f 8086/3557/1434 8088/3558/1435 8087/1613/1435 8085/1609/1434
f 8088/3558/1435 8090/3559/1436 8089/1619/1436 8087/1613/1435
f 8090/3559/1436 8092/3560/1437 8091/1623/1437 8089/1619/1436
f 8092/3560/1437 8094/3561/1438 8093/1626/1438 8091/1623/1437
f 8094/3561/1438 8096/2147/1439 8095/1002/1439 8093/1626/1438
f 8096/2147/1439 8098/3562/1440 8097/1634/1440 8095/1002/1439
f 8098/3562/1440 8100/3563/1441 8099/1631/1441 8097/1634/1440
f 8100/3563/1441 8102/3564/1442 8101/1630/1442 8099/1631/1441
f 8102/3564/1442 8104/3565/1443 8103/1628/1443 8101/1630/1442
f 8104/3565/1443 8106/3566/1444 8105/1624/1444 8103/1628/1443
f 8106/3566/1444 8108/3567/1445 8107/1620/1445 8105/1624/1444
f 8108/3567/1445 8110/3568/1446 8109/1615/1446 8107/1620/1445
f 8110/3568/1446 8112/3569/1447 8111/1611/1447 8109/1615/1446
f 8112/3569/1447 8114/3570/1448 8113/1607/1448 8111/1611/1447
f 8114/3570/1448 8116/3571/1449 8115/1603/1449 8113/1607/1448
f 8116/3571/1449 8118/3572/1450 8117/1600/1450 8115/1603/1449
f 8118/3572/1450 8120/3573/1451 8119/1594/1451 8117/1600/1450
f 8120/3573/1451 8122/3574/1452 8121/1584/1452 8119/1594/1451
f 8122/3574/1452 8124/3575/1453 8123/1576/1453 8121/1584/1452
f 8124/3575/1453 8126/3576/1454 8125/1578/1454 8123/1576/1453
f 8126/3576/1454 8128/3577/1455 8127/1577/1455 8125/1578/1454
f 8128/3577/1455 8130/3578/1456 8129/1581/1456 8127/1577/1455
f 8130/3578/1456 8132/3579/1457 8131/1583/1457 8129/1581/1456
f 8132/3579/1457 8134/3580/1458 8133/1588/1458 8131/1583/1457
f 8134/3580/1458 8136/3581/1459 8135/1591/1459 8133/1588/1458
f 8136/3581/1459 8138/3582/1460 8137/1593/1460 8135/1591/1459
f 8138/3582/1460 8140/3583/1461 8139/1598/1461 8137/1593/1460
f 8140/3583/1461 8142/3584/1462 8141/1602/1462 8139/1598/1461
f 8142/3584/1462 8144/3585/1463 8143/1605/1463 8141/1602/1462
f 8144/3585/1463 8146/3586/1464 8145/1612/1464 8143/1605/1463
f 8146/3586/1464 8148/3587/1465 8147/1616/1465 8145/1612/1464
f 8148/3587/1465 7826/2161/1307 7825/1/1307 8147/1616/1465
f 8150/2082/1466 8152/2350/1467 8151/2351/1467 8149/3/1466
f 8152/2350/1467 8154/2352/1468 8153/2353/1468 8151/2351/1467
f 8154/2352/1468 8156/2354/1469 8155/2355/1469 8153/2353/1468
f 8156/2354/1469 8158/2356/1470 8157/2357/1470 8155/2355/1469
f 8158/2356/1470 8160/2358/1471 8159/2359/1471 8157/2357/1470
f 8160/2358/1471 8162/2360/1472 8161/2361/1472 8159/2359/1471
f 8162/2360/1472 8164/2362/1473 8163/565/1473 8161/2361/1472
f 8164/2362/1473 8166/2363/1474 8165/2364/1474 8163/565/1473
f 8166/2363/1474 8168/2365/1475 8167/2366/1475 8165/2364/1474
f 8168/2365/1475 8170/2367/1476 8169/2368/1476 8167/2366/1475
f 8170/2367/1476 8172/2369/1477 8171/2370/1477 8169/2368/1476
f 8172/2369/1477 8174/2371/1478 8173/2372/1478 8171/2370/1477
f 8174/2371/1478 8176/2373/1479 8175/2374/1479 8173/2372/1478
f 8176/2373/1479 8178/2375/1480 8177/269/1480 8175/2374/1479
f 8178/2375/1480 8180/2376/1481 8179/2377/1481 8177/269/1480
f 8180/2376/1481 8182/2378/1482 8181/2379/1482 8179/2377/1481
f 8182/2378/1482 8184/2380/1483 8183/2381/1483 8181/2379/1482
f 8184/2380/1483 8186/2382/1484 8185/2383/1484 8183/2381/1483
f 8186/2382/1484 8188/2384/1485 8187/2385/1485 8185/2383/1484
f 8188/2384/1485 8190/2386/1486 8189/2387/1486 8187/2385/1485
f 8190/2386/1486 8192/2388/1487 8191/589/1487 8189/2387/1486
f 8192/2388/1487 8194/2389/1488 8193/2390/1488 8191/589/1487
f 8194/2389/1488 8196/2391/1489 8195/2392/1489 8193/2390/1488
f 8196/2391/1489 8198/2393/1490 8197/2394/1490 8195/2392/1489
f 8198/2393/1490 8200/2395/1491 8199/2396/1491 8197/2394/1490
f 8200/2395/1491 8202/2397/1492 8201/2398/1492 8199/2396/1491
f 8202/2397/1492 8204/2399/1493 8203/2400/1493 8201/2398/1492
f 8204/2399/1493 8206/2401/1494 8205/259/1494 8203/2400/1493
f 8206/2401/1494 8208/2402/1495 8207/2403/1495 8205/259/1494
f 8208/2402/1495 8210/2404/1496 8209/2405/1496 8207/2403/1495
f 8210/2404/1496 8212/2406/1497 8211/2407/1497 8209/2405/1496
f 8212/2406/1497 8214/2408/1498 8213/2409/1498 8211/2407/1497
f 8214/2408/1498 8216/2410/1499 8215/2411/1499 8213/2409/1498
f 8216/2410/1499 8218/2412/1500 8217/2413/1500 8215/2411/1499
f 8218/2412/1500 8220/2414/1501 8219/574/1501 8217/2413/1500
f 8220/2414/1501 8222/2415/1502 8221/2416/1502 8219/574/1501
f 8222/2415/1502 8224/2417/1503 8223/2418/1503 8221/2416/1502
f 8224/2417/1503 8226/2419/1504 8225/2420/1504 8223/2418/1503
f 8226/2419/1504 8228/2421/1505 8227/2422/1505 8225/2420/1504
f 8228/2421/1505 8230/2423/1506 8229/2424/1506 8227/2422/1505
f 8230/2423/1506 8232/2425/1507 8231/2426/1507 8229/2424/1506
f 8232/2425/1507 8234/2427/1508 8233/596/1508 8231/2426/1507
f 8234/2427/1508 8236/2428/1509 8235/2429/1509 8233/596/1508
f 8236/2428/1509 8238/2430/1510 8237/2431/1510 8235/2429/1509
f 8238/2430/1510 8240/2432/1511 8239/2433/1511 8237/2431/1510
f 8240/2432/1511 8242/2434/1512 8241/2435/1512 8239/2433/1511
f 8242/2434/1512 8244/2436/1311 8243/2437/1311 8241/2435/1512
f 8244/2436/1311 8246/2438/1513 8245/2439/1513 8243/2437/1311
f 8246/2438/1513 8248/2121/1514 8247/386/1514 8245/2439/1513
f 8248/2121/1514 8250/2440/1515 8249/2441/1515 8247/386/1514
f 8250/2440/1515 8252/2442/1516 8251/2443/1516 8249/2441/1515
f 8252/2442/1516 8254/2444/1517 8253/2445/1517 8251/2443/1516
f 8254/2444/1517 8256/2446/1518 8255/2447/1518 8253/2445/1517
f 8256/2446/1518 8258/2448/1519 8257/2449/1519 8255/2447/1518
f 8258/2448/1519 8260/2450/1520 8259/2451/1520 8257/2449/1519
f 8260/2450/1520 8262/2452/1521 8261/268/1521 8259/2451/1520
f 8262/2452/1521 8264/2453/1522 8263/2454/1522 8261/268/1521
f 8264/2453/1522 8266/2455/1523 8265/2456/1523 8263/2454/1522
f 8266/2455/1523 8268/2457/1524 8267/2458/1524 8265/2456/1523
f 8268/2457/1524 8270/2459/1525 8269/2460/1525 8267/2458/1524
f 8270/2459/1525 8272/2461/1526 8271/2462/1526 8269/2460/1525
f 8272/2461/1526 8274/2463/1527 8273/2464/1527 8271/2462/1526
f 8274/2463/1527 8276/2465/1528 8275/632/1528 8273/2464/1527
f 8276/2465/1528 8278/2466/1529 8277/2467/1529 8275/632/1528
f 8278/2466/1529 8280/2468/1530 8279/2469/1530 8277/2467/1529
f 8280/2468/1530 8282/2470/1531 8281/2471/1531 8279/2469/1530
f 8282/2470/1531 8284/2472/1532 8283/2473/1532 8281/2471/1531
f 8284/2472/1532 8286/2474/1533 8285/2475/1533 8283/2473/1532
f 8286/2474/1533 8288/2476/1534 8287/2477/1534 8285/2475/1533
f 8288/2476/1534 8290/2478/1535 8289/318/1535 8287/2477/1534
f 8290/2478/1535 8292/2479/1536 8291/2480/1536 8289/318/1535
f 8292/2479/1536 8294/2481/1537 8293/2482/1537 8291/2480/1536
f 8294/2481/1537 8296/2483/1538 8295/2484/1538 8293/2482/1537
f 8296/2483/1538 8298/2485/1539 8297/2486/1539 8295/2484/1538
f 8298/2485/1539 8300/2487/1540 8299/2488/1540 8297/2486/1539
f 8300/2487/1540 8302/2489/1541 8301/2490/1541 8299/2488/1540
f 8302/2489/1541 8304/2491/1542 8303/1029/1542 8301/2490/1541
f 8304/2491/1542 8306/2492/1543 8305/2493/1543 8303/1029/1542
f 8306/2492/1543 8308/2494/1544 8307/2495/1544 8305/2493/1543
f 8308/2494/1544 8310/2496/1545 8309/2497/1545 8307/2495/1544
f 8310/2496/1545 8312/2498/1546 8311/2499/1546 8309/2497/1545
f 8312/2498/1546 8314/2500/1547 8313/2501/1547 8311/2499/1546
f 8314/2500/1547 8316/2502/1548 8315/2503/1548 8313/2501/1547
f 8316/2502/1548 8318/2504/1549 8317/313/1549 8315/2503/1548
f 8318/2504/1549 8320/2505/1550 8319/2506/1550 8317/313/1549
f 8320/2505/1550 8322/2507/1551 8321/2508/1551 8319/2506/1550
f 8322/2507/1551 8324/2509/1552 8323/2510/1552 8321/2508/1551
f 8324/2509/1552 8326/2511/1553 8325/2512/1553 8323/2510/1552
f 8326/2511/1553 8328/2513/1554 8327/2514/1554 8325/2512/1553
f 8328/2513/1554 8330/2515/1555 8329/2516/1555 8327/2514/1554
f 8330/2515/1555 8332/2517/1556 8331/665/1556 8329/2516/1555
f 8332/2517/1556 8334/2518/1557 8333/2519/1557 8331/665/1556
f 8334/2518/1557 8336/2520/1558 8335/2521/1558 8333/2519/1557
f 8336/2520/1558 8338/2522/1559 8337/2523/1559 8335/2521/1558
f 8338/2522/1559 8340/2524/1560 8339/2525/1560 8337/2523/1559
f 8340/2524/1560 8342/2526/1561 8341/2527/1561 8339/2525/1560
f 8342/2526/1561 8344/2528/1562 8343/2529/1562 8341/2527/1561
f 8344/2528/1562 8150/2161/1466 8149/1/1466 8343/2529/1562
f 8346/2082/1563 8348/2893/1564 8347/2894/1564 8345/3/1563
f 8348/2893/1564 8350/2895/1565 8349/2896/1565 8347/2894/1564
f 8350/2895/1565 8352/2897/1566 8351/2898/1566 8349/2896/1565
f 8352/2897/1566 8354/2899/1567 8353/2900/1567 8351/2898/1566
f 8354/2899/1567 8356/2901/1568 8355/2902/1568 8353/2900/1567
f 8356/2901/1568 8358/2903/1569 8357/2904/1569 8355/2902/1568
f 8358/2903/1569 8360/2905/754 8359/2906/754 8357/2904/1569
f 8360/2905/754 8362/2907/1570 8361/2908/1570 8359/2906/754
f 8362/2907/1570 8364/2909/1571 8363/2910/1571 8361/2908/1570
f 8364/2909/1571 8366/2911/1572 8365/2912/1572 8363/2910/1571
f 8366/2911/1572 8368/2913/1573 8367/2914/1573 8365/2912/1572
f 8368/2913/1573 8370/2915/1574 8369/2916/1574 8367/2914/1573
f 8370/2915/1574 8372/2121/1575 8371/386/1575 8369/2916/1574
f 8372/2121/1575 8374/2917/1576 8373/2918/1576 8371/386/1575
f 8374/2917/1576 8376/2919/1577 8375/2920/1577 8373/2918/1576
f 8376/2919/1577 8378/2921/1578 8377/2922/1578 8375/2920/1577
f 8378/2921/1578 8380/2923/1579 8379/2924/1579 8377/2922/1578
f 8380/2923/1579 8382/2925/1580 8381/2926/1580 8379/2924/1579
f 8382/2925/1580 8384/2927/1581 8383/2928/1581 8381/2926/1580
f 8384/2927/1581 8386/2929/1582 8385/2930/1582 8383/2928/1581
f 8386/2929/1582 8388/2931/1583 8387/2932/1583 8385/2930/1582
f 8388/2931/1583 8390/2933/1584 8389/2934/1584 8387/2932/1583
f 8390/2933/1584 8392/2935/1585 8391/2936/1585 8389/2934/1584
f 8392/2935/1585 8394/2937/1586 8393/2938/1586 8391/2936/1585
f 8394/2937/1586 8396/2939/1587 8395/2940/1587 8393/2938/1586
f 8396/2939/1587 8346/2161/1563 8345/1/1563 8395/2940/1587
f 8398/2082/1588 8400/2893/1589 8399/2894/1589 8397/3/1588
f 8400/2893/1589 8402/2895/1590 8401/2896/1590 8399/2894/1589
f 8402/2895/1590 8404/2897/1591 8403/2898/1591 8401/2896/1590
f 8404/2897/1591 8406/2899/1592 8405/2900/1592 8403/2898/1591
f 8406/2899/1592 8408/2901/1593 8407/2902/1593 8405/2900/1592
f 8408/2901/1593 8410/2903/772 8409/2904/772 8407/2902/1593
f 8410/2903/772 8412/2905/1594 8411/2906/1594 8409/2904/772
f 8412/2905/1594 8414/2907/1595 8413/2908/1595 8411/2906/1594
f 8414/2907/1595 8416/2909/1596 8415/2910/1596 8413/2908/1595
f 8416/2909/1596 8418/2911/1597 8417/2912/1597 8415/2910/1596
f 8418/2911/1597 8420/2913/1598 8419/2914/1598 8417/2912/1597
f 8420/2913/1598 8422/2915/1599 8421/2916/1599 8419/2914/1598
f 8422/2915/1599 8424/2121/1600 8423/386/1600 8421/2916/1599
f 8424/2121/1600 8426/2917/1601 8425/2918/1601 8423/386/1600
f 8426/2917/1601 8428/2919/1602 8427/2920/1602 8425/2918/1601
f 8428/2919/1602 8430/2921/1603 8429/2922/1603 8427/2920/1602
f 8430/2921/1603 8432/2923/1604 8431/2924/1604 8429/2922/1603
f 8432/2923/1604 8434/2925/1605 8433/2926/1605 8431/2924/1604
f 8434/2925/1605 8436/2927/550 8435/2928/550 8433/2926/1605
f 8436/2927/550 8438/2929/1606 8437/2930/1606 8435/2928/550
f 8438/2929/1606 8440/2931/1607 8439/2932/1607 8437/2930/1606
f 8440/2931/1607 8442/2933/1608 8441/2934/1608 8439/2932/1607
f 8442/2933/1608 8444/2935/1609 8443/2936/1609 8441/2934/1608
f 8444/2935/1609 8446/2937/1610 8445/2938/1610 8443/2936/1609
f 8446/2937/1610 8448/2939/1611 8447/2940/1611 8445/2938/1610
f 8448/2939/1611 8398/2161/1588 8397/1/1588 8447/2940/1611
f 8450/2082/1612 8452/2893/1613 8451/2894/1613 8449/3/1612
f 8452/2893/1613 8454/2895/1614 8453/2896/1614 8451/2894/1613
f 8454/2895/1614 8456/2897/1615 8455/2898/1615 8453/2896/1614
f 8456/2897/1615 8458/2899/1616 8457/2900/1616 8455/2898/1615
f 8458/2899/1616 8460/2901/1617 8459/2902/1617 8457/2900/1616
f 8460/2901/1617 8462/2903/1618 8461/2904/1618 8459/2902/1617
f 8462/2903/1618 8464/2905/1619 8463/2906/1619 8461/2904/1618
f 8464/2905/1619 8466/2907/1620 8465/2908/1620 8463/2906/1619
f 8466/2907/1620 8468/2909/1621 8467/2910/1621 8465/2908/1620
f 8468/2909/1621 8470/2911/1622 8469/2912/1622 8467/2910/1621
f 8470/2911/1622 8472/2913/1623 8471/2914/1623 8469/2912/1622
f 8472/2913/1623 8474/2915/1624 8473/2916/1624 8471/2914/1623
f 8474/2915/1624 8476/2121/1625 8475/386/1625 8473/2916/1624
f 8476/2121/1625 8478/2917/1626 8477/2918/1626 8475/386/1625
f 8478/2917/1626 8480/2919/1627 8479/2920/1627 8477/2918/1626
f 8480/2919/1627 8482/2921/1628 8481/2922/1628 8479/2920/1627
f 8482/2921/1628 8484/2923/1629 8483/2924/1629 8481/2922/1628
f 8484/2923/1629 8486/2925/1630 8485/2926/1630 8483/2924/1629
f 8486/2925/1630 8488/2927/1631 8487/2928/1631 8485/2926/1630
f 8488/2927/1631 8490/2929/1632 8489/2930/1632 8487/2928/1631
f 8490/2929/1632 8492/2931/1633 8491/2932/1633 8489/2930/1632
f 8492/2931/1633 8494/2933/1634 8493/2934/1634 8491/2932/1633
f 8494/2933/1634 8496/2935/1635 8495/2936/1635 8493/2934/1634
f 8496/2935/1635 8498/2937/1636 8497/2938/1636 8495/2936/1635
f 8498/2937/1636 8500/2939/1637 8499/2940/1637 8497/2938/1636
f 8500/2939/1637 8450/2161/1612 8449/1/1612 8499/2940/1637
f 8502/2082/288 8504/2350/1638 8503/2351/1638 8501/3/288
f 8504/2350/1638 8506/2352/1639 8505/2353/1639 8503/2351/1638
f 8506/2352/1639 8508/2354/1640 8507/2355/1640 8505/2353/1639
f 8508/2354/1640 8510/2356/1641 8509/2357/1641 8507/2355/1640
f 8510/2356/1641 8512/2358/1642 8511/2359/1642 8509/2357/1641
f 8512/2358/1642 8514/2360/1643 8513/2361/1643 8511/2359/1642
f 8514/2360/1643 8516/2362/1008 8515/565/1008 8513/2361/1643
f 8516/2362/1008 8518/2363/1644 8517/2364/1644 8515/565/1008
f 8518/2363/1644 8520/2365/1645 8519/2366/1645 8517/2364/1644
f 8520/2365/1645 8522/2367/1646 8521/2368/1646 8519/2366/1645
f 8522/2367/1646 8524/2369/1647 8523/2370/1647 8521/2368/1646
f 8524/2369/1647 8526/2371/1648 8525/2372/1648 8523/2370/1647
f 8526/2371/1648 8528/2373/1649 8527/2374/1649 8525/2372/1648
f 8528/2373/1649 8530/2375/1650 8529/269/1650 8527/2374/1649
f 8530/2375/1650 8532/2376/1651 8531/2377/1651 8529/269/1650
f 8532/2376/1651 8534/2378/1652 8533/2379/1652 8531/2377/1651
f 8534/2378/1652 8536/2380/1653 8535/2381/1653 8533/2379/1652
f 8536/2380/1653 8538/2382/1654 8537/2383/1654 8535/2381/1653
f 8538/2382/1654 8540/2384/1655 8539/2385/1655 8537/2383/1654
f 8540/2384/1655 8542/2386/1656 8541/2387/1656 8539/2385/1655
f 8542/2386/1656 8544/2388/1657 8543/589/1657 8541/2387/1656
f 8544/2388/1657 8546/2389/1658 8545/2390/1658 8543/589/1657
f 8546/2389/1658 8548/2391/1659 8547/2392/1659 8545/2390/1658
f 8548/2391/1659 8550/2393/1660 8549/2394/1660 8547/2392/1659
f 8550/2393/1660 8552/2395/1661 8551/2396/1661 8549/2394/1660
f 8552/2395/1661 8554/2397/1662 8553/2398/1662 8551/2396/1661
f 8554/2397/1662 8556/2399/1663 8555/2400/1663 8553/2398/1662
f 8556/2399/1663 8558/2401/1664 8557/259/1664 8555/2400/1663
f 8558/2401/1664 8560/2402/1665 8559/2403/1665 8557/259/1664
f 8560/2402/1665 8562/2404/1666 8561/2405/1666 8559/2403/1665
f 8562/2404/1666 8564/2406/1667 8563/2407/1667 8561/2405/1666
f 8564/2406/1667 8566/2408/1668 8565/2409/1668 8563/2407/1667
f 8566/2408/1668 8568/2410/1669 8567/2411/1669 8565/2409/1668
f 8568/2410/1669 8570/2412/1670 8569/2413/1670 8567/2411/1669
f 8570/2412/1670 8572/2414/1671 8571/574/1671 8569/2413/1670
f 8572/2414/1671 8574/2415/1672 8573/2416/1672 8571/574/1671
f 8574/2415/1672 8576/2417/1673 8575/2418/1673 8573/2416/1672
f 8576/2417/1673 8578/2419/1674 8577/2420/1674 8575/2418/1673
f 8578/2419/1674 8580/2421/1675 8579/2422/1675 8577/2420/1674
f 8580/2421/1675 8582/2423/1676 8581/2424/1676 8579/2422/1675
f 8582/2423/1676 8584/2425/1677 8583/2426/1677 8581/2424/1676
f 8584/2425/1677 8586/2427/1678 8585/596/1678 8583/2426/1677
f 8586/2427/1678 8588/2428/1679 8587/2429/1679 8585/596/1678
f 8588/2428/1679 8590/2430/1680 8589/2431/1680 8587/2429/1679
f 8590/2430/1680 8592/2432/1681 8591/2433/1681 8589/2431/1680
f 8592/2432/1681 8594/2434/1682 8593/2435/1682 8591/2433/1681
f 8594/2434/1682 8596/2436/1683 8595/2437/1683 8593/2435/1682
f 8596/2436/1683 8598/2438/1684 8597/2439/1684 8595/2437/1683
f 8598/2438/1684 8600/2121/1685 8599/386/1685 8597/2439/1684
f 8600/2121/1685 8602/2440/1686 8601/2441/1686 8599/386/1685
f 8602/2440/1686 8604/2442/1687 8603/2443/1687 8601/2441/1686
f 8604/2442/1687 8606/2444/1688 8605/2445/1688 8603/2443/1687
f 8606/2444/1688 8608/2446/1689 8607/2447/1689 8605/2445/1688
f 8608/2446/1689 8610/2448/1690 8609/2449/1690 8607/2447/1689
f 8610/2448/1690 8612/2450/1691 8611/2451/1691 8609/2449/1690
f 8612/2450/1691 8614/2452/1692 8613/268/1692 8611/2451/1691
f 8614/2452/1692 8616/2453/1693 8615/2454/1693 8613/268/1692
f 8616/2453/1693 8618/2455/1694 8617/2456/1694 8615/2454/1693
f 8618/2455/1694 8620/2457/1695 8619/2458/1695 8617/2456/1694
f 8620/2457/1695 8622/2459/1204 8621/2460/1204 8619/2458/1695
f 8622/2459/1204 8624/2461/1696 8623/2462/1696 8621/2460/1204
f 8624/2461/1696 8626/2463/1697 8625/2464/1697 8623/2462/1696
f 8626/2463/1697 8628/2465/1698 8627/632/1698 8625/2464/1697
f 8628/2465/1698 8630/2466/1699 8629/2467/1699 8627/632/1698
f 8630/2466/1699 8632/2468/1700 8631/2469/1700 8629/2467/1699
f 8632/2468/1700 8634/2470/1701 8633/2471/1701 8631/2469/1700
f 8634/2470/1701 8636/2472/1701 8635/2473/1701 8633/2471/1701
f 8636/2472/1701 8638/2474/1700 8637/2475/1700 8635/2473/1701
f 8638/2474/1700 8640/2476/1702 8639/2477/1702 8637/2475/1700
f 8640/2476/1702 8642/2478/1703 8641/318/1703 8639/2477/1702
f 8642/2478/1703 8644/2479/1704 8643/2480/1704 8641/318/1703
f 8644/2479/1704 8646/2481/1705 8645/2482/1705 8643/2480/1704
f 8646/2481/1705 8648/2483/1706 8647/2484/1706 8645/2482/1705
f 8648/2483/1706 8650/2485/1707 8649/2486/1707 8647/2484/1706
f 8650/2485/1707 8652/2487/1708 8651/2488/1708 8649/2486/1707
f 8652/2487/1708 8654/2489/1709 8653/2490/1709 8651/2488/1708
f 8654/2489/1709 8656/2491/1710 8655/1029/1710 8653/2490/1709
f 8656/2491/1710 8658/2492/1711 8657/2493/1711 8655/1029/1710
f 8658/2492/1711 8660/2494/1712 8659/2495/1712 8657/2493/1711
f 8660/2494/1712 8662/2496/1713 8661/2497/1713 8659/2495/1712
f 8662/2496/1713 8664/2498/1714 8663/2499/1714 8661/2497/1713
f 8664/2498/1714 8666/2500/1715 8665/2501/1715 8663/2499/1714
f 8666/2500/1715 8668/2502/1716 8667/2503/1716 8665/2501/1715
f 8668/2502/1716 8670/2504/1717 8669/313/1717 8667/2503/1716
f 8670/2504/1717 8672/2505/1718 8671/2506/1718 8669/313/1717
f 8672/2505/1718 8674/2507/1719 8673/2508/1719 8671/2506/1718
f 8674/2507/1719 8676/2509/1720 8675/2510/1720 8673/2508/1719
f 8676/2509/1720 8678/2511/1721 8677/2512/1721 8675/2510/1720
f 8678/2511/1721 8680/2513/1722 8679/2514/1722 8677/2512/1721
f 8680/2513/1722 8682/2515/1723 8681/2516/1723 8679/2514/1722
f 8682/2515/1723 8684/2517/1724 8683/665/1724 8681/2516/1723
f 8684/2517/1724 8686/2518/1725 8685/2519/1725 8683/665/1724
f 8686/2518/1725 8688/2520/1726 8687/2521/1726 8685/2519/1725
f 8688/2520/1726 8690/2522/340 8689/2523/340 8687/2521/1726
f 8690/2522/340 8692/2524/1727 8691/2525/1727 8689/2523/340
f 8692/2524/1727 8694/2526/1728 8693/2527/1728 8691/2525/1727
f 8694/2526/1728 8696/2528/1729 8695/2529/1729 8693/2527/1728
f 8696/2528/1729 8502/2161/288 8501/1/288 8695/2529/1729
f 8698/2082/1730 8700/2893/1731 8699/2894/1731 8697/3/1730
f 8700/2893/1731 8702/2895/1732 8701/2896/1732 8699/2894/1731
f 8702/2895/1732 8704/2897/1733 8703/2898/1733 8701/2896/1732
f 8704/2897/1733 8706/2899/1734 8705/2900/1734 8703/2898/1733
f 8706/2899/1734 8708/2901/1735 8707/2902/1735 8705/2900/1734
f 8708/2901/1735 8710/2903/1736 8709/2904/1736 8707/2902/1735
f 8710/2903/1736 8712/2905/1737 8711/2906/1737 8709/2904/1736
f 8712/2905/1737 8714/2907/1738 8713/2908/1738 8711/2906/1737
f 8714/2907/1738 8716/2909/1739 8715/2910/1739 8713/2908/1738
f 8716/2909/1739 8718/2911/1740 8717/2912/1740 8715/2910/1739
f 8718/2911/1740 8720/2913/1741 8719/2914/1741 8717/2912/1740
f 8720/2913/1741 8722/2915/1742 8721/2916/1742 8719/2914/1741
f 8722/2915/1742 8724/2121/1743 8723/386/1743 8721/2916/1742
f 8724/2121/1743 8726/2917/1744 8725/2918/1744 8723/386/1743
f 8726/2917/1744 8728/2919/1745 8727/2920/1745 8725/2918/1744
f 8728/2919/1745 8730/2921/1746 8729/2922/1746 8727/2920/1745
f 8730/2921/1746 8732/2923/1747 8731/2924/1747 8729/2922/1746
f 8732/2923/1747 8734/2925/1748 8733/2926/1748 8731/2924/1747
f 8734/2925/1748 8736/2927/1749 8735/2928/1749 8733/2926/1748
f 8736/2927/1749 8738/2929/1750 8737/2930/1750 8735/2928/1749
f 8738/2929/1750 8740/2931/1751 8739/2932/1751 8737/2930/1750
f 8740/2931/1751 8742/2933/1752 8741/2934/1752 8739/2932/1751
f 8742/2933/1752 8744/2935/1753 8743/2936/1753 8741/2934/1752
f 8744/2935/1753 8746/2937/1754 8745/2938/1754 8743/2936/1753
f 8746/2937/1754 8748/2939/1706 8747/2940/1706 8745/2938/1754
f 8748/2939/1706 8698/2161/1730 8697/1/1730 8747/2940/1706
f 8750/2082/1755 8752/3588/1756 8751/3589/1756 8749/3/1755
f 8752/3588/1756 8754/3590/1757 8753/3591/1757 8751/3589/1756
f 8754/3590/1757 8756/3592/1758 8755/3593/1758 8753/3591/1757
f 8756/3592/1758 8758/3594/1759 8757/3595/1759 8755/3593/1758
f 8758/3594/1759 8760/3596/1760 8759/3597/1760 8757/3595/1759
f 8760/3596/1760 8762/3598/1761 8761/3599/1761 8759/3597/1760
f 8762/3598/1761 8764/3600/1762 8763/3601/1762 8761/3599/1761
f 8764/3600/1762 8766/3602/1763 8765/3603/1763 8763/3601/1762
f 8766/3602/1763 8768/3604/1764 8767/3605/1764 8765/3603/1763
f 8768/3604/1764 8770/3606/1765 8769/3607/1765 8767/3605/1764
f 8770/3606/1765 8772/3608/1766 8771/3609/1766 8769/3607/1765
f 8772/3608/1766 8774/3610/1767 8773/3611/1767 8771/3609/1766
f 8774/3610/1767 8776/3612/1768 8775/3613/1768 8773/3611/1767
f 8776/3612/1768 8778/3614/559 8777/3615/559 8775/3613/1768
f 8778/3614/559 8780/3616/1769 8779/3617/1769 8777/3615/559
f 8780/3616/1769 8782/3618/1770 8781/3619/1770 8779/3617/1769
f 8782/3618/1770 8784/3620/1771 8783/3621/1771 8781/3619/1770
f 8784/3620/1771 8786/3622/1772 8785/3623/1772 8783/3621/1771
f 8786/3622/1772 8788/3624/1773 8787/3625/1773 8785/3623/1772
f 8788/3624/1773 8790/3626/1774 8789/3627/1774 8787/3625/1773
f 8790/3626/1774 8792/3628/1775 8791/3629/1775 8789/3627/1774
f 8792/3628/1775 8794/3630/1776 8793/3631/1776 8791/3629/1775
f 8794/3630/1776 8796/3632/1595 8795/3633/1595 8793/3631/1776
f 8796/3632/1595 8798/3634/1777 8797/3635/1777 8795/3633/1595
f 8798/3634/1777 8800/3636/1778 8799/3637/1778 8797/3635/1777
f 8800/3636/1778 8802/3638/1779 8801/3639/1779 8799/3637/1778
f 8802/3638/1779 8804/3640/1780 8803/3641/1780 8801/3639/1779
f 8804/3640/1780 8806/3642/1781 8805/3643/1781 8803/3641/1780
f 8806/3642/1781 8808/3644/1782 8807/3645/1782 8805/3643/1781
f 8808/3644/1782 8810/3646/1783 8809/3647/1783 8807/3645/1782
f 8810/3646/1783 8812/3648/1784 8811/3649/1784 8809/3647/1783
f 8812/3648/1784 8814/3650/1785 8813/3651/1785 8811/3649/1784
f 8814/3650/1785 8816/3652/1786 8815/3653/1786 8813/3651/1785
f 8816/3652/1786 8818/3654/1787 8817/3655/1787 8815/3653/1786
f 8818/3654/1787 8820/3656/1788 8819/3657/1788 8817/3655/1787
f 8820/3656/1788 8822/3658/1789 8821/3659/1789 8819/3657/1788
f 8822/3658/1789 8824/3660/1790 8823/3661/1790 8821/3659/1789
f 8824/3660/1790 8826/3662/1791 8825/3663/1791 8823/3661/1790
f 8826/3662/1791 8828/3664/1792 8827/3665/1792 8825/3663/1791
f 8828/3664/1792 8830/3666/1793 8829/3667/1793 8827/3665/1792
f 8830/3666/1793 8832/3668/1794 8831/3669/1794 8829/3667/1793
f 8832/3668/1794 8834/3670/1795 8833/3671/1795 8831/3669/1794
f 8834/3670/1795 8836/3672/1796 8835/3673/1796 8833/3671/1795
f 8836/3672/1796 8838/3674/1797 8837/3675/1797 8835/3673/1796
f 8838/3674/1797 8840/3676/1798 8839/3677/1798 8837/3675/1797
f 8840/3676/1798 8842/3678/1799 8841/3679/1799 8839/3677/1798
f 8842/3678/1799 8844/3680/1800 8843/3681/1800 8841/3679/1799
f 8844/3680/1800 8846/3682/1801 8845/3683/1801 8843/3681/1800
f 8846/3682/1801 8848/3684/1802 8847/3685/1802 8845/3683/1801
f 8848/3684/1802 8850/3686/1803 8849/3687/1803 8847/3685/1802
f 8850/3686/1803 8852/3688/414 8851/3689/414 8849/3687/1803
f 8852/3688/414 8854/3690/1804 8853/3691/1804 8851/3689/414
f 8854/3690/1804 8856/3692/1805 8855/3693/1805 8853/3691/1804
f 8856/3692/1805 8858/3694/1806 8857/3695/1806 8855/3693/1805
f 8858/3694/1806 8860/3696/245 8859/3697/245 8857/3695/1806
f 8860/3696/245 8862/3698/1807 8861/3699/1807 8859/3697/245
f 8862/3698/1807 8864/3700/1808 8863/3701/1808 8861/3699/1807
f 8864/3700/1808 8866/3702/1809 8865/3703/1809 8863/3701/1808
f 8866/3702/1809 8868/3704/1810 8867/3705/1810 8865/3703/1809
f 8868/3704/1810 8870/3706/1811 8869/3707/1811 8867/3705/1810
f 8870/3706/1811 8872/3708/1812 8871/3709/1812 8869/3707/1811
f 8872/3708/1812 8874/3710/1813 8873/3711/1813 8871/3709/1812
f 8874/3710/1813 8876/3712/1814 8875/3713/1814 8873/3711/1813
f 8876/3712/1814 8878/3714/1815 8877/3715/1815 8875/3713/1814
f 8878/3714/1815 8880/3716/1816 8879/3717/1816 8877/3715/1815
f 8880/3716/1816 8882/3718/1817 8881/3719/1817 8879/3717/1816
f 8882/3718/1817 8884/3720/1818 8883/3721/1818 8881/3719/1817
f 8884/3720/1818 8886/3722/1819 8885/3723/1819 8883/3721/1818
f 8886/3722/1819 8888/3724/1820 8887/3725/1820 8885/3723/1819
f 8888/3724/1820 8890/3726/1821 8889/3727/1821 8887/3725/1820
f 8890/3726/1821 8892/3728/1822 8891/3729/1822 8889/3727/1821
f 8892/3728/1822 8894/3730/1823 8893/3731/1823 8891/3729/1822
f 8894/3730/1823 8896/3732/1824 8895/3733/1824 8893/3731/1823
f 8896/3732/1824 8898/3734/1825 8897/3735/1825 8895/3733/1824
f 8898/3734/1825 8900/3736/1826 8899/3737/1826 8897/3735/1825
f 8900/3736/1826 8902/3738/1827 8901/3739/1827 8899/3737/1826
f 8902/3738/1827 8904/3740/1828 8903/3741/1828 8901/3739/1827
f 8904/3740/1828 8906/3742/1829 8905/3743/1829 8903/3741/1828
f 8906/3742/1829 8908/3744/1830 8907/3745/1830 8905/3743/1829
f 8908/3744/1830 8910/3746/1831 8909/3747/1831 8907/3745/1830
f 8910/3746/1831 8912/3748/400 8911/3749/400 8909/3747/1831
f 8912/3748/400 8914/3750/1832 8913/3751/1832 8911/3749/400
f 8914/3750/1832 8916/3752/1833 8915/3753/1833 8913/3751/1832
f 8916/3752/1833 8918/3754/1834 8917/3755/1834 8915/3753/1833
f 8918/3754/1834 8920/3756/1835 8919/3757/1835 8917/3755/1834
f 8920/3756/1835 8922/3758/1836 8921/3759/1836 8919/3757/1835
f 8922/3758/1836 8924/3760/1837 8923/3761/1837 8921/3759/1836
f 8924/3760/1837 8926/3762/1570 8925/3763/1570 8923/3761/1837
f 8926/3762/1570 8928/3764/749 8927/3765/749 8925/3763/1570
f 8928/3764/749 8930/3766/1838 8929/3767/1838 8927/3765/749
f 8930/3766/1838 8932/3768/1839 8931/3769/1839 8929/3767/1838
f 8932/3768/1839 8934/3770/1840 8933/3771/1840 8931/3769/1839
f 8934/3770/1840 8936/3772/1841 8935/3773/1841 8933/3771/1840
f 8936/3772/1841 8938/3774/1842 8937/3775/1842 8935/3773/1841
f 8938/3774/1842 8940/3776/1843 8939/3777/1843 8937/3775/1842
f 8940/3776/1843 8942/3778/1844 8941/3779/1844 8939/3777/1843
f 8942/3778/1844 8944/3780/1845 8943/3781/1845 8941/3779/1844
f 8944/3780/1845 8946/3782/1846 8945/3783/1846 8943/3781/1845
f 8946/3782/1846 8948/3784/1847 8947/3785/1847 8945/3783/1846
f 8948/3784/1847 8950/3786/1848 8949/3787/1848 8947/3785/1847
f 8950/3786/1848 8952/3788/1849 8951/3789/1849 8949/3787/1848
f 8952/3788/1849 8954/3790/1850 8953/3791/1850 8951/3789/1849
f 8954/3790/1850 8956/3792/1851 8955/3793/1851 8953/3791/1850
f 8956/3792/1851 8958/3794/1625 8957/3795/1625 8955/3793/1851
f 8958/3794/1625 8960/3796/1852 8959/3797/1852 8957/3795/1625
f 8960/3796/1852 8962/3798/1853 8961/3799/1853 8959/3797/1852
f 8962/3798/1853 8964/3800/1854 8963/3801/1854 8961/3799/1853
f 8964/3800/1854 8966/3802/1855 8965/3803/1855 8963/3801/1854
f 8966/3802/1855 8968/3804/1856 8967/3805/1856 8965/3803/1855
f 8968/3804/1856 8970/3806/1857 8969/3807/1857 8967/3805/1856
f 8970/3806/1857 8972/3808/1858 8971/3809/1858 8969/3807/1857
f 8972/3808/1858 8974/3810/1859 8973/3811/1859 8971/3809/1858
f 8974/3810/1859 8976/3812/1860 8975/3813/1860 8973/3811/1859
f 8976/3812/1860 8978/3814/1861 8977/3815/1861 8975/3813/1860
f 8978/3814/1861 8980/3816/1862 8979/3817/1862 8977/3815/1861
f 8980/3816/1862 8982/3818/1863 8981/3819/1863 8979/3817/1862
f 8982/3818/1863 8984/3820/1864 8983/3821/1864 8981/3819/1863
f 8984/3820/1864 8986/3822/1865 8985/3823/1865 8983/3821/1864
f 8986/3822/1865 8988/3824/1866 8987/3825/1866 8985/3823/1865
f 8988/3824/1866 8990/3826/1867 8989/3827/1867 8987/3825/1866
f 8990/3826/1867 8992/3828/1868 8991/3829/1868 8989/3827/1867
f 8992/3828/1868 8994/3830/321 8993/3831/321 8991/3829/1868
f 8994/3830/321 8996/3832/1869 8995/3833/1869 8993/3831/321
f 8996/3832/1869 8998/3834/1870 8997/3835/1870 8995/3833/1869
f 8998/3834/1870 9000/3836/1871 8999/3837/1871 8997/3835/1870
f 9000/3836/1871 9002/3838/1872 9001/3839/1872 8999/3837/1871
f 9002/3838/1872 9004/3840/1873 9003/3841/1873 9001/3839/1872
f 9004/3840/1873 9006/3842/1874 9005/3843/1874 9003/3841/1873
f 9006/3842/1874 9008/3844/1875 9007/3845/1875 9005/3843/1874
f 9008/3844/1875 9010/3846/1876 9009/3847/1876 9007/3845/1875
f 9010/3846/1876 9012/3848/1877 9011/3849/1877 9009/3847/1876
f 9012/3848/1877 9014/3850/1878 9013/3851/1878 9011/3849/1877
f 9014/3850/1878 9016/3852/1879 9015/3853/1879 9013/3851/1878
f 9016/3852/1879 9018/3854/1880 9017/3855/1880 9015/3853/1879
f 9018/3854/1880 9020/3856/1881 9019/3857/1881 9017/3855/1880
f 9020/3856/1881 9022/3858/1882 9021/3859/1882 9019/3857/1881
f 9022/3858/1882 9024/3860/1883 9023/3861/1883 9021/3859/1882
f 9024/3860/1883 9026/3862/1884 9025/3863/1884 9023/3861/1883
f 9026/3862/1884 9028/3864/1885 9027/3865/1885 9025/3863/1884
f 9028/3864/1885 9030/3866/1886 9029/3867/1886 9027/3865/1885
f 9030/3866/1886 9032/3868/1887 9031/3869/1887 9029/3867/1886
f 9032/3868/1887 9034/3870/1888 9033/3871/1888 9031/3869/1887
f 9034/3870/1888 9036/3872/1889 9035/3873/1889 9033/3871/1888
f 9036/3872/1889 9038/3874/1890 9037/3875/1890 9035/3873/1889
f 9038/3874/1890 9040/3876/1891 9039/3877/1891 9037/3875/1890
f 9040/3876/1891 9042/3878/1892 9041/3879/1892 9039/3877/1891
f 9042/3878/1892 9044/3880/1893 9043/3881/1893 9041/3879/1892
f 9044/3880/1893 9046/3882/1894 9045/3883/1894 9043/3881/1893
f 9046/3882/1894 9048/3884/1895 9047/3885/1895 9045/3883/1894
f 9048/3884/1895 9050/3886/1896 9049/3887/1896 9047/3885/1895
f 9050/3886/1896 9052/3888/1897 9051/3889/1897 9049/3887/1896
f 9052/3888/1897 9054/3890/1898 9053/3891/1898 9051/3889/1897
f 9054/3890/1898 9056/3892/1899 9055/3893/1899 9053/3891/1898
f 9056/3892/1899 9058/3894/1900 9057/3895/1900 9055/3893/1899
f 9058/3894/1900 9060/3896/1901 9059/3897/1901 9057/3895/1900
f 9060/3896/1901 9062/3898/1902 9061/3899/1902 9059/3897/1901
f 9062/3898/1902 9064/3900/1903 9063/3901/1903 9061/3899/1902
f 9064/3900/1903 9066/3902/1904 9065/3903/1904 9063/3901/1903
f 9066/3902/1904 9068/3904/1905 9067/3905/1905 9065/3903/1904
f 9068/3904/1905 9070/3906/1906 9069/3907/1906 9067/3905/1905
f 9070/3906/1906 9072/3908/1907 9071/3909/1907 9069/3907/1906
f 9072/3908/1907 9074/3910/1908 9073/3911/1908 9071/3909/1907
f 9074/3910/1908 9076/3912/1909 9075/3913/1909 9073/3911/1908
f 9076/3912/1909 9078/3914/836 9077/3915/836 9075/3913/1909
f 9078/3914/836 9080/3916/1910 9079/3917/1910 9077/3915/836
f 9080/3916/1910 9082/3918/1911 9081/3919/1911 9079/3917/1910
f 9082/3918/1911 9084/3920/1912 9083/3921/1912 9081/3919/1911
f 9084/3920/1912 9086/3922/1913 9085/3923/1913 9083/3921/1912
f 9086/3922/1913 9088/3924/1914 9087/3925/1914 9085/3923/1913
f 9088/3924/1914 9090/3926/1915 9089/3927/1915 9087/3925/1914
f 9090/3926/1915 9092/3928/1916 9091/3929/1916 9089/3927/1915
f 9092/3928/1916 9094/3930/1917 9093/3931/1917 9091/3929/1916
f 9094/3930/1917 9096/3932/1918 9095/3933/1918 9093/3931/1917
f 9096/3932/1918 9098/3934/1919 9097/3935/1919 9095/3933/1918
f 9098/3934/1919 9100/3936/1920 9099/3937/1920 9097/3935/1919
f 9100/3936/1920 9102/3938/1921 9101/3939/1921 9099/3937/1920
f 9102/3938/1921 9104/3940/1767 9103/3941/1767 9101/3939/1921
f 9104/3940/1767 9106/3942/1922 9105/3943/1922 9103/3941/1767
f 9106/3942/1922 9108/3944/1923 9107/3945/1923 9105/3943/1922
f 9108/3944/1923 9110/3946/1924 9109/3947/1924 9107/3945/1923
f 9110/3946/1924 9112/3948/1920 9111/3949/1920 9109/3947/1924
f 9112/3948/1920 9114/3950/1925 9113/3951/1925 9111/3949/1920
f 9114/3950/1925 9116/3952/1926 9115/3953/1926 9113/3951/1925
f 9116/3952/1926 9118/3954/1927 9117/3955/1927 9115/3953/1926
f 9118/3954/1927 9120/3956/1928 9119/3957/1928 9117/3955/1927
f 9120/3956/1928 9122/3958/1929 9121/3959/1929 9119/3957/1928
f 9122/3958/1929 9124/3960/1930 9123/3961/1930 9121/3959/1929
f 9124/3960/1930 9126/3962/1931 9125/3963/1931 9123/3961/1930
f 9126/3962/1931 9128/3964/1932 9127/3965/1932 9125/3963/1931
f 9128/3964/1932 9130/3966/1933 9129/3967/1933 9127/3965/1932
f 9130/3966/1933 9132/3968/1934 9131/3969/1934 9129/3967/1933
f 9132/3968/1934 9134/3970/1935 9133/3971/1935 9131/3969/1934
f 9134/3970/1935 9136/3972/1936 9135/3973/1936 9133/3971/1935
f 9136/3972/1936 9138/3974/1937 9137/3975/1937 9135/3973/1936
f 9138/3974/1937 9140/3976/1938 9139/3977/1938 9137/3975/1937
f 9140/3976/1938 9142/3978/1939 9141/3979/1939 9139/3977/1938
f 9142/3978/1939 9144/3980/1940 9143/3981/1940 9141/3979/1939
f 9144/3980/1940 9146/3982/1941 9145/3983/1941 9143/3981/1940
f 9146/3982/1941 8750/2161/1755 8749/1/1755 9145/3983/1941
f 9148/2082/1942 9150/2893/1943 9149/2894/1943 9147/3/1942
f 9150/2893/1943 9152/2895/1944 9151/2896/1944 9149/2894/1943
f 9152/2895/1944 9154/2897/1945 9153/2898/1945 9151/2896/1944
f 9154/2897/1945 9156/2899/1946 9155/2900/1946 9153/2898/1945
f 9156/2899/1946 9158/2901/1947 9157/2902/1947 9155/2900/1946
f 9158/2901/1947 9160/2903/1948 9159/2904/1948 9157/2902/1947
f 9160/2903/1948 9162/2905/1949 9161/2906/1949 9159/2904/1948
f 9162/2905/1949 9164/2907/1950 9163/2908/1950 9161/2906/1949
f 9164/2907/1950 9166/2909/1951 9165/2910/1951 9163/2908/1950
f 9166/2909/1951 9168/2911/1952 9167/2912/1952 9165/2910/1951
f 9168/2911/1952 9170/2913/1953 9169/2914/1953 9167/2912/1952
f 9170/2913/1953 9172/2915/1954 9171/2916/1954 9169/2914/1953
f 9172/2915/1954 9174/2121/1955 9173/386/1955 9171/2916/1954
f 9174/2121/1955 9176/2917/1956 9175/2918/1956 9173/386/1955
f 9176/2917/1956 9178/2919/1957 9177/2920/1957 9175/2918/1956
f 9178/2919/1957 9180/2921/1958 9179/2922/1958 9177/2920/1957
f 9180/2921/1958 9182/2923/1959 9181/2924/1959 9179/2922/1958
f 9182/2923/1959 9184/2925/1960 9183/2926/1960 9181/2924/1959
f 9184/2925/1960 9186/2927/1961 9185/2928/1961 9183/2926/1960
f 9186/2927/1961 9188/2929/1962 9187/2930/1962 9185/2928/1961
f 9188/2929/1962 9190/2931/1963 9189/2932/1963 9187/2930/1962
f 9190/2931/1963 9192/2933/1964 9191/2934/1964 9189/2932/1963
f 9192/2933/1964 9194/2935/1965 9193/2936/1965 9191/2934/1964
f 9194/2935/1965 9196/2937/1966 9195/2938/1966 9193/2936/1965
f 9196/2937/1966 9198/2939/1967 9197/2940/1967 9195/2938/1966
f 9198/2939/1967 9148/2161/1942 9147/1/1942 9197/2940/1967
f 9200/2082/1968 9202/2893/1969 9201/2894/1969 9199/3/1968
f 9202/2893/1969 9204/2895/1970 9203/2896/1970 9201/2894/1969
f 9204/2895/1970 9206/2897/1971 9205/2898/1971 9203/2896/1970
f 9206/2897/1971 9208/2899/1972 9207/2900/1972 9205/2898/1971
f 9208/2899/1972 9210/2901/1973 9209/2902/1973 9207/2900/1972
f 9210/2901/1973 9212/2903/1974 9211/2904/1974 9209/2902/1973
f 9212/2903/1974 9214/2905/1975 9213/2906/1975 9211/2904/1974
f 9214/2905/1975 9216/2907/1976 9215/2908/1976 9213/2906/1975
f 9216/2907/1976 9218/2909/1977 9217/2910/1977 9215/2908/1976
f 9218/2909/1977 9220/2911/1978 9219/2912/1978 9217/2910/1977
f 9220/2911/1978 9222/2913/1979 9221/2914/1979 9219/2912/1978
f 9222/2913/1979 9224/2915/1980 9223/2916/1980 9221/2914/1979
f 9224/2915/1980 9226/2121/1981 9225/386/1981 9223/2916/1980
f 9226/2121/1981 9228/2917/1982 9227/2918/1982 9225/386/1981
f 9228/2917/1982 9230/2919/1983 9229/2920/1983 9227/2918/1982
f 9230/2919/1983 9232/2921/1984 9231/2922/1984 9229/2920/1983
f 9232/2921/1984 9234/2923/1985 9233/2924/1985 9231/2922/1984
f 9234/2923/1985 9236/2925/1986 9235/2926/1986 9233/2924/1985
f 9236/2925/1986 9238/2927/1987 9237/2928/1987 9235/2926/1986
f 9238/2927/1987 9240/2929/1988 9239/2930/1988 9237/2928/1987
f 9240/2929/1988 9242/2931/1989 9241/2932/1989 9239/2930/1988
f 9242/2931/1989 9244/2933/1990 9243/2934/1990 9241/2932/1989
f 9244/2933/1990 9246/2935/1991 9245/2936/1991 9243/2934/1990
f 9246/2935/1991 9248/2937/1992 9247/2938/1992 9245/2936/1991
f 9248/2937/1992 9250/2939/1993 9249/2940/1993 9247/2938/1992
f 9250/2939/1993 9200/2161/1968 9199/1/1968 9249/2940/1993
f 9252/2082/1994 9254/2893/1995 9253/2894/1995 9251/3/1994
f 9254/2893/1995 9256/2895/1996 9255/2896/1996 9253/2894/1995
f 9256/2895/1996 9258/2897/1997 9257/2898/1997 9255/2896/1996
f 9258/2897/1997 9260/2899/1998 9259/2900/1998 9257/2898/1997
f 9260/2899/1998 9262/2901/1999 9261/2902/1999 9259/2900/1998
f 9262/2901/1999 9264/2903/2000 9263/2904/2000 9261/2902/1999
f 9264/2903/2000 9266/2905/2001 9265/2906/2001 9263/2904/2000
f 9266/2905/2001 9268/2907/2002 9267/2908/2002 9265/2906/2001
f 9268/2907/2002 9270/2909/2003 9269/2910/2003 9267/2908/2002
f 9270/2909/2003 9272/2911/2004 9271/2912/2004 9269/2910/2003
f 9272/2911/2004 9274/2913/2005 9273/2914/2005 9271/2912/2004
f 9274/2913/2005 9276/2915/2006 9275/2916/2006 9273/2914/2005
f 9276/2915/2006 9278/2121/2007 9277/386/2007 9275/2916/2006
f 9278/2121/2007 9280/2917/2008 9279/2918/2008 9277/386/2007
f 9280/2917/2008 9282/2919/2009 9281/2920/2009 9279/2918/2008
f 9282/2919/2009 9284/2921/2010 9283/2922/2010 9281/2920/2009
f 9284/2921/2010 9286/2923/2011 9285/2924/2011 9283/2922/2010
f 9286/2923/2011 9288/2925/2012 9287/2926/2012 9285/2924/2011
f 9288/2925/2012 9290/2927/2013 9289/2928/2013 9287/2926/2012
f 9290/2927/2013 9292/2929/2014 9291/2930/2014 9289/2928/2013
f 9292/2929/2014 9294/2931/2015 9293/2932/2015 9291/2930/2014
f 9294/2931/2015 9296/2933/2016 9295/2934/2016 9293/2932/2015
f 9296/2933/2016 9298/2935/2017 9297/2936/2017 9295/2934/2016
f 9298/2935/2017 9300/2937/2018 9299/2938/2018 9297/2936/2017
f 9300/2937/2018 9302/2939/2019 9301/2940/2019 9299/2938/2018
f 9302/2939/2019 9252/2161/1994 9251/1/1994 9301/2940/2019
f 9304/2082/2020 9306/2893/2021 9305/2894/2021 9303/3/2020
f 9306/2893/2021 9308/2895/2022 9307/2896/2022 9305/2894/2021
f 9308/2895/2022 9310/2897/2023 9309/2898/2023 9307/2896/2022
f 9310/2897/2023 9312/2899/2024 9311/2900/2024 9309/2898/2023
f 9312/2899/2024 9314/2901/2025 9313/2902/2025 9311/2900/2024
f 9314/2901/2025 9316/2903/2026 9315/2904/2026 9313/2902/2025
f 9316/2903/2026 9318/2905/2027 9317/2906/2027 9315/2904/2026
f 9318/2905/2027 9320/2907/2028 9319/2908/2028 9317/2906/2027
f 9320/2907/2028 9322/2909/2029 9321/2910/2029 9319/2908/2028
f 9322/2909/2029 9324/2911/2030 9323/2912/2030 9321/2910/2029
f 9324/2911/2030 9326/2913/2031 9325/2914/2031 9323/2912/2030
f 9326/2913/2031 9328/2915/2032 9327/2916/2032 9325/2914/2031
f 9328/2915/2032 9330/2121/2033 9329/386/2033 9327/2916/2032
f 9330/2121/2033 9332/2917/2034 9331/2918/2034 9329/386/2033
f 9332/2917/2034 9334/2919/2035 9333/2920/2035 9331/2918/2034
f 9334/2919/2035 9336/2921/2036 9335/2922/2036 9333/2920/2035
f 9336/2921/2036 9338/2923/2037 9337/2924/2037 9335/2922/2036
f 9338/2923/2037 9340/2925/2038 9339/2926/2038 9337/2924/2037
f 9340/2925/2038 9342/2927/2039 9341/2928/2039 9339/2926/2038
f 9342/2927/2039 9344/2929/2040 9343/2930/2040 9341/2928/2039
f 9344/2929/2040 9346/2931/2041 9345/2932/2041 9343/2930/2040
f 9346/2931/2041 9348/2933/2042 9347/2934/2042 9345/2932/2041
f 9348/2933/2042 9350/2935/2043 9349/2936/2043 9347/2934/2042
f 9350/2935/2043 9352/2937/2044 9351/2938/2044 9349/2936/2043
f 9352/2937/2044 9354/2939/2045 9353/2940/2045 9351/2938/2044
f 9354/2939/2045 9304/2161/2020 9303/1/2020 9353/2940/2045
f 9356/2082/88 9358/3984/88 9357/3985/88 9355/3/88
f 9358/3984/88 9360/3986/16 9359/3987/16 9357/3985/88
f 9360/3986/16 9362/3988/16 9361/3989/16 9359/3987/16
f 9362/3988/16 9364/3990/2046 9363/3991/2046 9361/3989/16
f 9364/3990/2046 9366/3992/2047 9365/3993/2047 9363/3991/2046
f 9366/3992/2047 9368/3994/2048 9367/3995/2048 9365/3993/2047
f 9368/3994/2048 9370/3996/2049 9369/3997/2049 9367/3995/2048
f 9370/3996/2049 9372/3998/2050 9371/3999/2050 9369/3997/2049
f 9372/3998/2050 9374/4000/2051 9373/4001/2051 9371/3999/2050
f 9374/4000/2051 9376/4002/2052 9375/4003/2052 9373/4001/2051
f 9376/4002/2052 9378/4004/2053 9377/4005/2053 9375/4003/2052
f 9378/4004/2053 9380/4006/2054 9379/4007/2054 9377/4005/2053
f 9380/4006/2054 9382/4008/2055 9381/4009/2055 9379/4007/2054
f 9382/4008/2055 9384/4010/2056 9383/4011/2056 9381/4009/2055
f 9384/4010/2056 9386/4012/2057 9385/4013/2057 9383/4011/2056
f 9386/4012/2057 9388/4014/2058 9387/4015/2058 9385/4013/2057
f 9388/4014/2058 9390/4016/2059 9389/4017/2059 9387/4015/2058
f 9390/4016/2059 9392/4018/2060 9391/4019/2060 9389/4017/2059
f 9392/4018/2060 9394/4020/2061 9393/4021/2061 9391/4019/2060
f 9394/4020/2061 9396/4022/2062 9395/4023/2062 9393/4021/2061
f 9396/4022/2062 9398/4024/2063 9397/4025/2063 9395/4023/2062
f 9398/4024/2063 9400/4026/2064 9399/4027/2064 9397/4025/2063
f 9400/4026/2064 9402/4028/2065 9401/4029/2065 9399/4027/2064
f 9402/4028/2065 9404/4030/2066 9403/4031/2066 9401/4029/2065
f 9404/4030/2066 9406/4032/2067 9405/4033/2067 9403/4031/2066
f 9406/4032/2067 9408/4034/2068 9407/4035/2068 9405/4033/2067
f 9408/4034/2068 9410/4036/2069 9409/4037/2069 9407/4035/2068
f 9410/4036/2069 9412/4038/2070 9411/4039/2070 9409/4037/2069
f 9412/4038/2070 9414/4040/2071 9413/4041/2071 9411/4039/2070
f 9414/4040/2071 9416/4042/2072 9415/4043/2072 9413/4041/2071
f 9416/4042/2072 9418/4044/2073 9417/4045/2073 9415/4043/2072
f 9418/4044/2073 9420/4046/2074 9419/4047/2074 9417/4045/2073
f 9420/4046/2074 9422/4048/2075 9421/4049/2075 9419/4047/2074
f 9422/4048/2075 9424/4050/2076 9423/4051/2076 9421/4049/2075
f 9424/4050/2076 9426/4052/2077 9425/4053/2077 9423/4051/2076
f 9426/4052/2077 9428/4054/2078 9427/4055/2078 9425/4053/2077
f 9428/4054/2078 9430/4056/2079 9429/4057/2079 9427/4055/2078
f 9430/4056/2079 9432/4058/2080 9431/4059/2080 9429/4057/2079
f 9432/4058/2080 9434/4060/2081 9433/4061/2081 9431/4059/2080
f 9434/4060/2081 9436/4062/2082 9435/4063/2082 9433/4061/2081
f 9436/4062/2082 9438/4064/2083 9437/4065/2083 9435/4063/2082
f 9438/4064/2083 9440/4066/2084 9439/4067/2084 9437/4065/2083
f 9440/4066/2084 9442/4068/2085 9441/4069/2085 9439/4067/2084
f 9442/4068/2085 9444/4070/2086 9443/4071/2086 9441/4069/2085
f 9444/4070/2086 9446/4072/2087 9445/4073/2087 9443/4071/2086
f 9446/4072/2087 9448/4074/2088 9447/4075/2088 9445/4073/2087
f 9448/4074/2088 9450/4076/2089 9449/4077/2089 9447/4075/2088
f 9450/4076/2089 9452/4078/2090 9451/4079/2090 9449/4077/2089
f 9452/4078/2090 9454/4080/2091 9453/4081/2091 9451/4079/2090
f 9454/4080/2091 9456/4082/2092 9455/4083/2092 9453/4081/2091
f 9456/4082/2092 9458/4084/2093 9457/4085/2093 9455/4083/2092
f 9458/4084/2093 9460/4086/2094 9459/4087/2094 9457/4085/2093
f 9460/4086/2094 9462/4088/2095 9461/4089/2095 9459/4087/2094
f 9462/4088/2095 9464/4090/2096 9463/4091/2096 9461/4089/2095
f 9464/4090/2096 9466/4092/2097 9465/4093/2097 9463/4091/2096
f 9466/4092/2097 9468/4094/2097 9467/4095/2097 9465/4093/2097
f 9468/4094/2097 9470/4096/2096 9469/4097/2096 9467/4095/2097
f 9470/4096/2096 9472/4098/2096 9471/4099/2096 9469/4097/2096
f 9472/4098/2096 9474/4100/2097 9473/4101/2097 9471/4099/2096
f 9474/4100/2097 9476/4102/2097 9475/4103/2097 9473/4101/2097
f 9476/4102/2097 9478/4104/2096 9477/4105/2096 9475/4103/2097
f 9478/4104/2096 9480/4106/2096 9479/4107/2096 9477/4105/2096
f 9480/4106/2096 9482/4108/2097 9481/4109/2097 9479/4107/2096
f 9482/4108/2097 9484/4110/88 9483/4111/88 9481/4109/2097
f 9484/4110/88 9486/4112/16 9485/4113/16 9483/4111/88
f 9486/4112/16 9488/4114/16 9487/4115/16 9485/4113/16
f 9488/4114/16 9356/2161/88 9355/1/88 9487/4115/16
f 9490/2082/2096 9492/2102/16 9491/576/16 9489/3/2096
f 9492/2102/16 9494/2121/88 9493/386/88 9491/576/16
f 9494/2121/88 9496/2140/2097 9495/1711/2097 9493/386/88
f 9496/2140/2097 9490/2161/2096 9489/1/2096 9495/1711/2097
f 9498/2082/16 9500/2102/88 9499/576/88 9497/3/16
f 9500/2102/88 9502/2121/2097 9501/386/2097 9499/576/88
f 9502/2121/2097 9504/2140/2096 9503/1711/2096 9501/386/2097
f 9504/2140/2096 9498/2161/16 9497/1/16 9503/1711/2096
f 9506/2082/16 9508/2102/88 9507/576/88 9505/3/16
f 9508/2102/88 9510/2121/2097 9509/386/2097 9507/576/88
f 9510/2121/2097 9512/2140/2096 9511/1711/2096 9509/386/2097
f 9512/2140/2096 9506/2161/16 9505/1/16 9511/1711/2096
f 9514/2082/2096 9516/2102/16 9515/576/16 9513/3/2096
f 9516/2102/16 9518/2121/88 9517/386/88 9515/576/16
f 9518/2121/88 9520/2140/2097 9519/1711/2097 9517/386/88
f 9520/2140/2097 9514/2161/2096 9513/1/2096 9519/1711/2097
f 9522/2082/16 9524/2102/88 9523/576/88 9521/3/16
f 9524/2102/88 9526/2121/2097 9525/386/2097 9523/576/88
f 9526/2121/2097 9528/2140/2096 9527/1711/2096 9525/386/2097
f 9528/2140/2096 9522/2161/16 9521/1/16 9527/1711/2096
f 9530/2082/16 9532/2102/88 9531/576/88 9529/3/16
f 9532/2102/88 9534/2121/2097 9533/386/2097 9531/576/88
f 9534/2121/2097 9536/2140/2096 9535/1711/2096 9533/386/2097
f 9536/2140/2096 9530/2161/16 9529/1/16 9535/1711/2096
f 9538/2082/16 9540/2102/88 9539/576/88 9537/3/16
f 9540/2102/88 9542/2121/2097 9541/386/2097 9539/576/88
f 9542/2121/2097 9544/2140/2096 9543/1711/2096 9541/386/2097
f 9544/2140/2096 9538/2161/16 9537/1/16 9543/1711/2096
f 9546/2082/16 9548/2102/88 9547/576/88 9545/3/16
f 9548/2102/88 9550/2121/2097 9549/386/2097 9547/576/88
f 9550/2121/2097 9552/2140/2096 9551/1711/2096 9549/386/2097
f 9552/2140/2096 9546/2161/16 9545/1/16 9551/1711/2096
f 9554/2082/16 9556/2102/88 9555/576/88 9553/3/16
f 9556/2102/88 9558/2121/2097 9557/386/2097 9555/576/88
f 9558/2121/2097 9560/2140/2096 9559/1711/2096 9557/386/2097
f 9560/2140/2096 9554/2161/16 9553/1/16 9559/1711/2096
f 9562/2082/16 9564/2102/88 9563/576/88 9561/3/16
f 9564/2102/88 9566/2121/2097 9565/386/2097 9563/576/88
f 9566/2121/2097 9568/2140/2096 9567/1711/2096 9565/386/2097
f 9568/2140/2096 9562/2161/16 9561/1/16 9567/1711/2096
f 9570/2082/88 9572/3220/88 9571/3221/88 9569/3/88
f 9572/3220/88 9574/2288/16 9573/1111/16 9571/3221/88
f 9574/2288/16 9576/3230/16 9575/3231/16 9573/1111/16
f 9576/3230/16 9578/2295/88 9577/7/88 9575/3231/16
f 9578/2295/88 9580/2102/88 9579/576/88 9577/7/88
f 9580/2102/88 9582/2302/16 9581/1005/16 9579/576/88
f 9582/2302/16 9584/3248/2096 9583/3249/2096 9581/1005/16
f 9584/3248/2096 9586/2309/2097 9585/17/2097 9583/3249/2096
f 9586/2309/2097 9588/3258/2097 9587/3259/2097 9585/17/2097
f 9588/3258/2097 9590/2121/2096 9589/386/2096 9587/3259/2097
f 9590/2121/2096 9592/3268/2096 9591/3269/2096 9589/386/2096
f 9592/3268/2096 9594/2322/2097 9593/24/2097 9591/3269/2096
f 9594/2322/2097 9596/3278/2097 9595/3279/2097 9593/24/2097
f 9596/3278/2097 9598/2329/2096 9597/1047/2096 9595/3279/2097
f 9598/2329/2096 9600/2140/2096 9599/1711/2096 9597/1047/2096
f 9600/2140/2096 9602/2336/2097 9601/16/2097 9599/1711/2096
f 9602/2336/2097 9604/3296/88 9603/3297/88 9601/16/2097
f 9604/3296/88 9606/2343/16 9605/972/16 9603/3297/88
f 9606/2343/16 9608/3306/16 9607/3307/16 9605/972/16
f 9608/3306/16 9570/2161/88 9569/1/88 9607/3307/16
f 9610/2082/88 9612/4116/88 9611/1081/88 9609/3/88
f 9612/4116/88 9614/4117/16 9613/1092/16 9611/1081/88
f 9614/4117/16 9616/2362/16 9615/565/16 9613/1092/16
f 9616/2362/16 9618/4118/88 9617/1110/88 9615/565/16
f 9618/4118/88 9620/4119/88 9619/4120/88 9617/1110/88
f 9620/4119/88 9622/2375/16 9621/269/16 9619/4120/88
f 9622/2375/16 9624/2096/2096 9623/1077/2096 9621/269/16
f 9624/2096/2096 9626/4121/2097 9625/1073/2097 9623/1077/2096
f 9626/4121/2097 9628/2388/2097 9627/589/2097 9625/1073/2097
f 9628/2388/2097 9630/4122/2096 9629/992/2096 9627/589/2097
f 9630/4122/2096 9632/4123/2096 9631/994/2096 9629/992/2096
f 9632/4123/2096 9634/2401/2097 9633/259/2097 9631/994/2096
f 9634/2401/2097 9636/4124/2097 9635/1012/2097 9633/259/2097
f 9636/4124/2097 9638/2108/2098 9637/875/2098 9635/1012/2097
f 9638/2108/2098 9640/2414/2099 9639/574/2099 9637/875/2098
f 9640/2414/2099 9642/4125/2100 9641/1024/2100 9639/574/2099
f 9642/4125/2100 9644/4126/2101 9643/1033/2101 9641/1024/2100
f 9644/4126/2101 9646/2427/2102 9645/596/2102 9643/1033/2101
f 9646/2427/2102 9648/4127/2103 9647/1069/2103 9645/596/2102
f 9648/4127/2103 9650/4128/2104 9649/4129/2104 9647/1069/2103
f 9650/4128/2104 9652/2121/2105 9651/386/2105 9649/4129/2104
f 9652/2121/2105 9654/4130/2106 9653/1086/2106 9651/386/2105
f 9654/4130/2106 9656/4131/2103 9655/1104/2103 9653/1086/2106
f 9656/4131/2103 9658/2452/2107 9657/268/2107 9655/1104/2103
f 9658/2452/2107 9660/4132/2108 9659/4133/2108 9657/268/2107
f 9660/4132/2108 9662/4134/2109 9661/4135/2109 9659/4133/2108
f 9662/4134/2109 9664/2465/2110 9663/632/2110 9661/4135/2109
f 9664/2465/2110 9666/2134/2111 9665/890/2111 9663/632/2110
f 9666/2134/2111 9668/4136/2112 9667/1051/2112 9665/890/2111
f 9668/4136/2112 9670/2478/2113 9669/318/2113 9667/1051/2112
f 9670/2478/2113 9672/4137/2114 9671/1045/2114 9669/318/2113
f 9672/4137/2114 9674/4138/2115 9673/1037/2115 9671/1045/2114
f 9674/4138/2115 9676/2491/2116 9675/1029/2116 9673/1037/2115
f 9676/2491/2116 9678/4139/2117 9677/1020/2117 9675/1029/2116
f 9678/4139/2117 9680/2147/2118 9679/1002/2118 9677/1020/2117
f 9680/2147/2118 9682/2504/2119 9681/313/2119 9679/1002/2118
f 9682/2504/2119 9684/4140/2120 9683/980/2120 9681/313/2119
f 9684/4140/2120 9686/4141/1935 9685/970/1935 9683/980/2120
f 9686/4141/1935 9688/2517/2121 9687/665/2121 9685/970/1935
f 9688/2517/2121 9690/4142/2122 9689/961/2122 9687/665/2121
f 9690/4142/2122 9692/4143/2123 9691/971/2123 9689/961/2122
f 9692/4143/2123 9610/2161/88 9609/1/88 9691/971/2123
f 9694/2082/2124 9696/2893/2125 9695/2894/2125 9693/3/2124
f 9696/2893/2125 9698/2895/2126 9697/2896/2126 9695/2894/2125
f 9698/2895/2126 9700/2897/2127 9699/2898/2127 9697/2896/2126
f 9700/2897/2127 9702/2899/2128 9701/2900/2128 9699/2898/2127
f 9702/2899/2128 9704/2901/2129 9703/2902/2129 9701/2900/2128
f 9704/2901/2129 9706/2903/2130 9705/2904/2130 9703/2902/2129
f 9706/2903/2130 9708/2905/2131 9707/2906/2131 9705/2904/2130
f 9708/2905/2131 9710/2907/2132 9709/2908/2132 9707/2906/2131
f 9710/2907/2132 9712/2909/2133 9711/2910/2133 9709/2908/2132
f 9712/2909/2133 9714/2911/2134 9713/2912/2134 9711/2910/2133
f 9714/2911/2134 9716/2913/2135 9715/2914/2135 9713/2912/2134
f 9716/2913/2135 9718/2915/2136 9717/2916/2136 9715/2914/2135
f 9718/2915/2136 9720/2121/2137 9719/386/2137 9717/2916/2136
f 9720/2121/2137 9722/2917/2138 9721/2918/2138 9719/386/2137
f 9722/2917/2138 9724/2919/2139 9723/2920/2139 9721/2918/2138
f 9724/2919/2139 9726/2921/2140 9725/2922/2140 9723/2920/2139
f 9726/2921/2140 9728/2923/2141 9727/2924/2141 9725/2922/2140
f 9728/2923/2141 9730/2925/2142 9729/2926/2142 9727/2924/2141
f 9730/2925/2142 9732/2927/2143 9731/2928/2143 9729/2926/2142
f 9732/2927/2143 9734/2929/2144 9733/2930/2144 9731/2928/2143
f 9734/2929/2144 9736/2931/2145 9735/2932/2145 9733/2930/2144
f 9736/2931/2145 9738/2933/2146 9737/2934/2146 9735/2932/2145
f 9738/2933/2146 9740/2935/2147 9739/2936/2147 9737/2934/2146
f 9740/2935/2147 9742/2937/2148 9741/2938/2148 9739/2936/2147
f 9742/2937/2148 9744/2939/2149 9743/2940/2149 9741/2938/2148
f 9744/2939/2149 9694/2161/2124 9693/1/2124 9743/2940/2149
f 9746/2082/2150 9748/4144/2151 9747/1068/2151 9745/3/2150
f 9748/4144/2151 9750/4145/1314 9749/1072/1314 9747/1068/2151
f 9750/4145/1314 9752/4146/2152 9751/1079/2152 9749/1072/1314
f 9752/4146/2152 9754/4147/2153 9753/1080/2153 9751/1079/2152
f 9754/4147/2153 9756/4116/2154 9755/1081/2154 9753/1080/2153
f 9756/4116/2154 9758/4148/2155 9757/1083/2155 9755/1081/2154
f 9758/4148/2155 9760/4149/2156 9759/1084/2156 9757/1083/2155
f 9760/4149/2156 9762/4150/2157 9761/1085/2157 9759/1084/2156
f 9762/4150/2157 9764/4151/2158 9763/1090/2158 9761/1085/2157
f 9764/4151/2158 9766/4117/2159 9765/1092/2159 9763/1090/2158
f 9766/4117/2159 9768/4152/2160 9767/1094/2160 9765/1092/2159
f 9768/4152/2160 9770/4153/2161 9769/1096/2161 9767/1094/2160
f 9770/4153/2161 9772/4154/2162 9771/1099/2162 9769/1096/2161
f 9772/4154/2162 9774/4155/2163 9773/1101/2163 9771/1099/2162
f 9774/4155/2163 9776/2362/2164 9775/565/2164 9773/1101/2163
f 9776/2362/2164 9778/4156/2165 9777/1103/2165 9775/565/2164
f 9778/4156/2165 9780/4157/2166 9779/1105/2166 9777/1103/2165
f 9780/4157/2166 9782/4158/2167 9781/1106/2167 9779/1105/2166
f 9782/4158/2167 9784/4159/2168 9783/1108/2168 9781/1106/2167
f 9784/4159/2168 9786/4118/2169 9785/1110/2169 9783/1108/2168
f 9786/4118/2169 9788/2288/2170 9787/1111/2170 9785/1110/2169
f 9788/2288/2170 9790/4160/2171 9789/1112/2171 9787/1111/2170
f 9790/4160/2171 9792/4161/2172 9791/4162/2172 9789/1112/2171
f 9792/4161/2172 9794/4163/2173 9793/4164/2173 9791/4162/2172
f 9794/4163/2173 9796/4119/2174 9795/4120/2174 9793/4164/2173
f 9796/4119/2174 9798/4165/2175 9797/4166/2175 9795/4120/2174
f 9798/4165/2175 9800/4167/2176 9799/4168/2176 9797/4166/2175
f 9800/4167/2176 9802/4169/2177 9801/4170/2177 9799/4168/2176
f 9802/4169/2177 9804/4171/2178 9803/4172/2178 9801/4170/2177
f 9804/4171/2178 9806/2375/2179 9805/269/2179 9803/4172/2178
f 9806/2375/2179 9808/4173/1296 9807/4174/1296 9805/269/2179
f 9808/4173/1296 9810/4175/2180 9809/4176/2180 9807/4174/1296
f 9810/4175/2180 9812/4177/2181 9811/4178/2181 9809/4176/2180
f 9812/4177/2181 9814/4179/2182 9813/4180/2182 9811/4178/2181
f 9814/4179/2182 9816/2096/2183 9815/1077/2183 9813/4180/2182
f 9816/2096/2183 9818/4181/2184 9817/1076/2184 9815/1077/2183
f 9818/4181/2184 9820/4182/2185 9819/1078/2185 9817/1076/2184
f 9820/4182/2185 9822/4183/2186 9821/1075/2186 9819/1078/2185
f 9822/4183/2186 9824/4184/2187 9823/1074/2187 9821/1075/2186
f 9824/4184/2187 9826/4121/435 9825/1073/435 9823/1074/2187
f 9826/4121/435 9828/4185/2188 9827/1071/2188 9825/1073/435
f 9828/4185/2188 9830/2295/2189 9829/7/2189 9827/1071/2188
f 9830/2295/2189 9832/4186/2190 9831/1070/2190 9829/7/2189
f 9832/4186/2190 9834/4187/2191 9833/1067/2191 9831/1070/2190
f 9834/4187/2191 9836/2388/2192 9835/589/2192 9833/1067/2191
f 9836/2388/2192 9838/4188/2193 9837/1066/2193 9835/589/2192
f 9838/4188/2193 9840/4189/2194 9839/1065/2194 9837/1066/2193
f 9840/4189/2194 9842/4190/2195 9841/1064/2195 9839/1065/2194
f 9842/4190/2195 9844/4191/2196 9843/982/2196 9841/1064/2195
f 9844/4191/2196 9846/4122/2197 9845/992/2197 9843/982/2196
f 9846/4122/2197 9848/4192/2198 9847/998/2198 9845/992/2197
f 9848/4192/2198 9850/4193/2199 9849/997/2199 9847/998/2198
f 9850/4193/2199 9852/4194/2200 9851/996/2200 9849/997/2199
f 9852/4194/2200 9854/4195/2201 9853/995/2201 9851/996/2200
f 9854/4195/2201 9856/4123/2202 9855/994/2202 9853/995/2201
f 9856/4123/2202 9858/4196/2203 9857/993/2203 9855/994/2202
f 9858/4196/2203 9860/4197/2204 9859/990/2204 9857/993/2203
f 9860/4197/2204 9862/4198/2205 9861/989/2205 9859/990/2204
f 9862/4198/2205 9864/4199/2206 9863/988/2206 9861/989/2205
f 9864/4199/2206 9866/2401/2207 9865/259/2207 9863/988/2206
f 9866/2401/2207 9868/4200/2208 9867/987/2208 9865/259/2207
f 9868/4200/2208 9870/4201/2209 9869/986/2209 9867/987/2208
f 9870/4201/2209 9872/2302/2210 9871/1005/2210 9869/986/2209
f 9872/2302/2210 9874/4202/2211 9873/1006/2211 9871/1005/2210
f 9874/4202/2211 9876/4124/2212 9875/1012/2212 9873/1006/2211
f 9876/4124/2212 9878/4203/2213 9877/1013/2213 9875/1012/2212
f 9878/4203/2213 9880/4204/2214 9879/1014/2214 9877/1013/2213
f 9880/4204/2214 9882/4205/2215 9881/1015/2215 9879/1014/2214
f 9882/4205/2215 9884/4206/2216 9883/1016/2216 9881/1015/2215
f 9884/4206/2216 9886/2108/2217 9885/875/2217 9883/1016/2216
f 9886/2108/2217 9888/4207/2218 9887/1017/2218 9885/875/2217
f 9888/4207/2218 9890/4208/2219 9889/1009/2219 9887/1017/2218
f 9890/4208/2219 9892/4209/2220 9891/1011/2220 9889/1009/2219
f 9892/4209/2220 9894/4210/2221 9893/1007/2221 9891/1011/2220
f 9894/4210/2221 9896/2414/2222 9895/574/2222 9893/1007/2221
f 9896/2414/2222 9898/4211/2223 9897/1008/2223 9895/574/2222
f 9898/4211/2223 9900/4212/2224 9899/1019/2224 9897/1008/2223
f 9900/4212/2224 9902/4213/2225 9901/1021/2225 9899/1019/2224
f 9902/4213/2225 9904/4214/1679 9903/1023/1679 9901/1021/2225
f 9904/4214/1679 9906/4125/2226 9905/1024/2226 9903/1023/1679
f 9906/4125/2226 9908/4215/2227 9907/1026/2227 9905/1024/2226
f 9908/4215/2227 9910/4216/2228 9909/1028/2228 9907/1026/2227
f 9910/4216/2228 9912/4217/2229 9911/1030/2229 9909/1028/2228
f 9912/4217/2229 9914/2309/2230 9913/17/2230 9911/1030/2229
f 9914/2309/2230 9916/4126/2231 9915/1033/2231 9913/17/2230
f 9916/4126/2231 9918/4218/2232 9917/1038/2232 9915/1033/2231
f 9918/4218/2232 9920/4219/2233 9919/1052/2233 9917/1038/2232
f 9920/4219/2233 9922/4220/2234 9921/1054/2234 9919/1052/2233
f 9922/4220/2234 9924/4221/2235 9923/1055/2235 9921/1054/2234
f 9924/4221/2235 9926/2427/2236 9925/596/2236 9923/1055/2235
f 9926/2427/2236 9928/4222/2237 9927/1058/2237 9925/596/2236
f 9928/4222/2237 9930/4223/2238 9929/1060/2238 9927/1058/2237
f 9930/4223/2238 9932/4224/2239 9931/1061/2239 9929/1060/2238
f 9932/4224/2239 9934/4225/2240 9933/1062/2240 9931/1061/2239
f 9934/4225/2240 9936/4127/2241 9935/1069/2241 9933/1062/2240
f 9936/4127/2241 9938/4226/2242 9937/4227/2242 9935/1069/2241
f 9938/4226/2242 9940/4228/2243 9939/4229/2243 9937/4227/2242
f 9940/4228/2243 9942/4230/2244 9941/4231/2244 9939/4229/2243
f 9942/4230/2244 9944/4232/2245 9943/4233/2245 9941/4231/2244
f 9944/4232/2245 9946/4128/2246 9945/4129/2246 9943/4233/2245
f 9946/4128/2246 9948/4234/2247 9947/1117/2247 9945/4129/2246
f 9948/4234/2247 9950/4235/2248 9949/1116/2248 9947/1117/2247
f 9950/4235/2248 9952/4236/2249 9951/1114/2249 9949/1116/2248
f 9952/4236/2249 9954/4237/2250 9953/1107/2250 9951/1114/2249
f 9954/4237/2250 9956/2121/2251 9955/386/2251 9953/1107/2250
f 9956/2121/2251 9958/4238/2252 9957/1102/2252 9955/386/2251
f 9958/4238/2252 9960/4239/2253 9959/1098/2253 9957/1102/2252
f 9960/4239/2253 9962/4240/2254 9961/1095/2254 9959/1098/2253
f 9962/4240/2254 9964/4241/2255 9963/1093/2255 9961/1095/2254
f 9964/4241/2255 9966/4130/2256 9965/1086/2256 9963/1093/2255
f 9966/4130/2256 9968/4242/2257 9967/1088/2257 9965/1086/2256
f 9968/4242/2257 9970/4243/2258 9969/1087/2258 9967/1088/2257
f 9970/4243/2258 9972/4244/2259 9971/1089/2259 9969/1087/2258
f 9972/4244/2259 9974/4245/2260 9973/1100/2260 9971/1089/2259
f 9974/4245/2260 9976/4131/2261 9975/1104/2261 9973/1100/2260
f 9976/4131/2261 9978/4246/2262 9977/1109/2262 9975/1104/2261
f 9978/4246/2262 9980/4247/2263 9979/1115/2263 9977/1109/2262
f 9980/4247/2263 9982/4248/2264 9981/1118/2264 9979/1115/2263
f 9982/4248/2264 9984/4249/2265 9983/4250/2265 9981/1118/2264
f 9984/4249/2265 9986/2452/2266 9985/268/2266 9983/4250/2265
f 9986/2452/2266 9988/4251/2267 9987/4252/2267 9985/268/2266
f 9988/4251/2267 9990/4253/2268 9989/4254/2268 9987/4252/2267
f 9990/4253/2268 9992/4255/2269 9991/4256/2269 9989/4254/2268
f 9992/4255/2269 9994/4257/2270 9993/4258/2270 9991/4256/2269
f 9994/4257/2270 9996/4132/2271 9995/4133/2271 9993/4258/2270
f 9996/4132/2271 9998/2322/2272 9997/24/2272 9995/4133/2271
f 9998/2322/2272 10000/4259/2273 9999/4260/2273 9997/24/2272
f 10000/4259/2273 10002/4261/2274 10001/4262/2274 9999/4260/2273
f 10002/4261/2274 10004/4263/2275 10003/4264/2275 10001/4262/2274
f 10004/4263/2275 10006/4134/2276 10005/4135/2276 10003/4264/2275
f 10006/4134/2276 10008/4265/2277 10007/4266/2277 10005/4135/2276
f 10008/4265/2277 10010/4267/2278 10009/4268/2278 10007/4266/2277
f 10010/4267/2278 10012/4269/2279 10011/4270/2279 10009/4268/2278
f 10012/4269/2279 10014/4271/2280 10013/1113/2280 10011/4270/2279
f 10014/4271/2280 10016/2465/2281 10015/632/2281 10013/1113/2280
f 10016/2465/2281 10018/4272/2282 10017/1097/2282 10015/632/2281
f 10018/4272/2282 10020/4273/2283 10019/1091/2283 10017/1097/2282
f 10020/4273/2283 10022/4274/2284 10021/1082/2284 10019/1091/2283
f 10022/4274/2284 10024/4275/2285 10023/1063/2285 10021/1082/2284
f 10024/4275/2285 10026/2134/2286 10025/890/2286 10023/1063/2285
f 10026/2134/2286 10028/4276/2287 10027/1059/2287 10025/890/2286
f 10028/4276/2287 10030/4277/2288 10029/1057/2288 10027/1059/2287
f 10030/4277/2288 10032/4278/2289 10031/1056/2289 10029/1057/2288
f 10032/4278/2289 10034/4279/2290 10033/1053/2290 10031/1056/2289
f 10034/4279/2290 10036/4136/2291 10035/1051/2291 10033/1053/2290
f 10036/4136/2291 10038/4280/2292 10037/1050/2292 10035/1051/2291
f 10038/4280/2292 10040/2329/2293 10039/1047/2293 10037/1050/2292
f 10040/2329/2293 10042/4281/2294 10041/1039/2294 10039/1047/2293
f 10042/4281/2294 10044/4282/2295 10043/1040/2295 10041/1039/2294
f 10044/4282/2295 10046/2478/2296 10045/318/2296 10043/1040/2295
f 10046/2478/2296 10048/4283/2297 10047/1041/2297 10045/318/2296
f 10048/4283/2297 10050/4284/2298 10049/1042/2298 10047/1041/2297
f 10050/4284/2298 10052/4285/2299 10051/1043/2299 10049/1042/2298
f 10052/4285/2299 10054/4286/2300 10053/1044/2300 10051/1043/2299
f 10054/4286/2300 10056/4137/2301 10055/1045/2301 10053/1044/2300
f 10056/4137/2301 10058/4287/2302 10057/1046/2302 10055/1045/2301
f 10058/4287/2302 10060/4288/2303 10059/1048/2303 10057/1046/2302
f 10060/4288/2303 10062/4289/2304 10061/1035/2304 10059/1048/2303
f 10062/4289/2304 10064/4290/2305 10063/1036/2305 10061/1035/2304
f 10064/4290/2305 10066/4138/2306 10065/1037/2306 10063/1036/2305
f 10066/4138/2306 10068/4291/2307 10067/1049/2307 10065/1037/2306
f 10068/4291/2307 10070/4292/2308 10069/1034/2308 10067/1049/2307
f 10070/4292/2308 10072/4293/2309 10071/1032/2309 10069/1034/2308
f 10072/4293/2309 10074/4294/2310 10073/1031/2310 10071/1032/2309
f 10074/4294/2310 10076/2491/2311 10075/1029/2311 10073/1031/2310
f 10076/2491/2311 10078/4295/2312 10077/1027/2312 10075/1029/2311
f 10078/4295/2312 10080/4296/2313 10079/1025/2313 10077/1027/2312
f 10080/4296/2313 10082/2336/2314 10081/16/2314 10079/1025/2313
f 10082/2336/2314 10084/4297/2315 10083/1022/2315 10081/16/2314
f 10084/4297/2315 10086/4139/2316 10085/1020/2316 10083/1022/2315
f 10086/4139/2316 10088/4298/2317 10087/1018/2317 10085/1020/2316
f 10088/4298/2317 10090/4299/2318 10089/1010/2318 10087/1018/2317
f 10090/4299/2318 10092/4300/2319 10091/1004/2319 10089/1010/2318
f 10092/4300/2319 10094/4301/2320 10093/1003/2320 10091/1004/2319
f 10094/4301/2320 10096/2147/2321 10095/1002/2321 10093/1003/2320
f 10096/2147/2321 10098/4302/2322 10097/1001/2322 10095/1002/2321
f 10098/4302/2322 10100/4303/2323 10099/1000/2323 10097/1001/2322
f 10100/4303/2323 10102/4304/2324 10101/999/2324 10099/1000/2323
f 10102/4304/2324 10104/4305/2325 10103/991/2325 10101/999/2324
f 10104/4305/2325 10106/2504/2326 10105/313/2326 10103/991/2325
f 10106/2504/2326 10108/4306/2327 10107/985/2327 10105/313/2326
f 10108/4306/2327 10110/4307/2328 10109/984/2328 10107/985/2327
f 10110/4307/2328 10112/4308/2329 10111/983/2329 10109/984/2328
f 10112/4308/2329 10114/4309/2330 10113/981/2330 10111/983/2329
f 10114/4309/2330 10116/4140/514 10115/980/514 10113/981/2330
f 10116/4140/514 10118/4310/2331 10117/978/2331 10115/980/514
f 10118/4310/2331 10120/4311/2332 10119/976/2332 10117/978/2331
f 10120/4311/2332 10122/4312/2333 10121/974/2333 10119/976/2332
f 10122/4312/2333 10124/2343/2334 10123/972/2334 10121/974/2333
f 10124/2343/2334 10126/4141/2335 10125/970/2335 10123/972/2334
f 10126/4141/2335 10128/4313/2336 10127/968/2336 10125/970/2335
f 10128/4313/2336 10130/4314/2337 10129/966/2337 10127/968/2336
f 10130/4314/2337 10132/4315/2338 10131/964/2338 10129/966/2337
f 10132/4315/2338 10134/4316/2339 10133/962/2339 10131/964/2338
f 10134/4316/2339 10136/2517/2340 10135/665/2340 10133/962/2339
f 10136/2517/2340 10138/4317/2341 10137/957/2341 10135/665/2340
f 10138/4317/2341 10140/4318/2342 10139/959/2342 10137/957/2341
f 10140/4318/2342 10142/4319/1856 10141/958/1856 10139/959/2342
f 10142/4319/1856 10144/4320/2343 10143/960/2343 10141/958/1856
f 10144/4320/2343 10146/4142/2344 10145/961/2344 10143/960/2343
f 10146/4142/2344 10148/4321/2345 10147/963/2345 10145/961/2344
f 10148/4321/2345 10150/4322/2346 10149/965/2346 10147/963/2345
f 10150/4322/2346 10152/4323/2347 10151/967/2347 10149/965/2346
f 10152/4323/2347 10154/4324/2348 10153/969/2348 10151/967/2347
f 10154/4324/2348 10156/4143/2349 10155/971/2349 10153/969/2348
f 10156/4143/2349 10158/4325/2350 10157/973/2350 10155/971/2349
f 10158/4325/2350 10160/4326/2351 10159/975/2351 10157/973/2350
f 10160/4326/2351 10162/4327/2352 10161/977/2352 10159/975/2351
f 10162/4327/2352 10164/4328/2353 10163/979/2353 10161/977/2352
f 10164/4328/2353 9746/2161/2150 9745/1/2150 10163/979/2353
f 10166/2082/2354 10168/2893/2355 10167/2894/2355 10165/3/2354
f 10168/2893/2355 10170/2895/2356 10169/2896/2356 10167/2894/2355
f 10170/2895/2356 10172/2897/2357 10171/2898/2357 10169/2896/2356
f 10172/2897/2357 10174/2899/2358 10173/2900/2358 10171/2898/2357
f 10174/2899/2358 10176/2901/2359 10175/2902/2359 10173/2900/2358
f 10176/2901/2359 10178/2903/2360 10177/2904/2360 10175/2902/2359
f 10178/2903/2360 10180/2905/2361 10179/2906/2361 10177/2904/2360
f 10180/2905/2361 10182/2907/2362 10181/2908/2362 10179/2906/2361
f 10182/2907/2362 10184/2909/2363 10183/2910/2363 10181/2908/2362
f 10184/2909/2363 10186/2911/2364 10185/2912/2364 10183/2910/2363
f 10186/2911/2364 10188/2913/2365 10187/2914/2365 10185/2912/2364
f 10188/2913/2365 10190/2915/2366 10189/2916/2366 10187/2914/2365
f 10190/2915/2366 10192/2121/2367 10191/386/2367 10189/2916/2366
f 10192/2121/2367 10194/2917/2368 10193/2918/2368 10191/386/2367
f 10194/2917/2368 10196/2919/2369 10195/2920/2369 10193/2918/2368
f 10196/2919/2369 10198/2921/2370 10197/2922/2370 10195/2920/2369
f 10198/2921/2370 10200/2923/2371 10199/2924/2371 10197/2922/2370
f 10200/2923/2371 10202/2925/2372 10201/2926/2372 10199/2924/2371
f 10202/2925/2372 10204/2927/2373 10203/2928/2373 10201/2926/2372
f 10204/2927/2373 10206/2929/2374 10205/2930/2374 10203/2928/2373
f 10206/2929/2374 10208/2931/2375 10207/2932/2375 10205/2930/2374
f 10208/2931/2375 10210/2933/2376 10209/2934/2376 10207/2932/2375
f 10210/2933/2376 10212/2935/2377 10211/2936/2377 10209/2934/2376
f 10212/2935/2377 10214/2937/2378 10213/2938/2378 10211/2936/2377
f 10214/2937/2378 10216/2939/1206 10215/2940/1206 10213/2938/2378
f 10216/2939/1206 10166/2161/2354 10165/1/2354 10215/2940/1206
