# Blender 4.4.1
# www.blender.org
mtllib PushSpace.mtl
o テキスト
v 2.976500 -0.377133 0.063614
v 2.976500 0.365760 0.076213
v 2.839500 0.365760 0.076213
v 2.839500 0.445749 0.077569
v 3.072500 0.445749 0.077569
v 3.072500 -0.457121 0.062258
v 2.839500 -0.457121 0.062258
v 2.839500 -0.377133 0.063614
v 2.498500 0.357761 0.076077
v 2.498500 0.151791 0.072584
v 2.777500 0.151791 0.072584
v 2.777500 0.063804 0.071092
v 2.498500 0.063804 0.071092
v 2.498500 -0.148166 0.067497
v 2.796500 -0.148166 0.067497
v 2.796500 -0.236153 0.066005
v 2.400500 -0.236153 0.066005
v 2.400500 0.445749 0.077569
v 2.787500 0.445749 0.077569
v 2.787500 0.357761 0.076077
v 2.252739 0.305459 0.075190
v 2.232412 0.316041 0.075370
v 2.212453 0.325532 0.075531
v 2.192796 0.333950 0.075673
v 2.173376 0.341313 0.075798
v 2.154125 0.347638 0.075906
v 2.134979 0.352942 0.075996
v 2.115870 0.357243 0.076069
v 2.096734 0.360558 0.076125
v 2.077505 0.362904 0.076165
v 2.058115 0.364299 0.076188
v 2.038500 0.364760 0.076196
v 2.000377 0.362490 0.076157
v 1.964185 0.355845 0.076045
v 1.930188 0.345076 0.075862
v 1.898648 0.330432 0.075614
v 1.869831 0.312164 0.075304
v 1.844000 0.290521 0.074937
v 1.821419 0.265754 0.074517
v 1.802352 0.238112 0.074048
v 1.787063 0.207845 0.073535
v 1.775815 0.175204 0.072981
v 1.768873 0.140438 0.072392
v 1.766500 0.103798 0.071770
v 1.768799 0.066567 0.071139
v 1.775556 0.031498 0.070544
v 1.786563 -0.001203 0.069990
v 1.801611 -0.031331 0.069479
v 1.820493 -0.058682 0.069015
v 1.843000 -0.083050 0.068602
v 1.868924 -0.104232 0.068242
v 1.898056 -0.122021 0.067941
v 1.930188 -0.136214 0.067700
v 1.965111 -0.146606 0.067524
v 2.002618 -0.152991 0.067415
v 2.042500 -0.155165 0.067379
v 2.061888 -0.154605 0.067388
v 2.081518 -0.152934 0.067416
v 2.101344 -0.150166 0.067463
v 2.121315 -0.146314 0.067529
v 2.141383 -0.141394 0.067612
v 2.161500 -0.135418 0.067714
v 2.181617 -0.128400 0.067833
v 2.201685 -0.120355 0.067969
v 2.221656 -0.111296 0.068123
v 2.241482 -0.101237 0.068293
v 2.261112 -0.090193 0.068480
v 2.280500 -0.078176 0.068684
v 2.280500 -0.185161 0.066870
v 2.263608 -0.193692 0.066725
v 2.246370 -0.201755 0.066589
v 2.228687 -0.209298 0.066461
v 2.210463 -0.216267 0.066342
v 2.191599 -0.222612 0.066235
v 2.172000 -0.228279 0.066139
v 2.151567 -0.233218 0.066055
v 2.130203 -0.237375 0.065984
v 2.107812 -0.240699 0.065928
v 2.084296 -0.243138 0.065887
v 2.059558 -0.244640 0.065861
v 2.033500 -0.245152 0.065853
v 1.972482 -0.241194 0.065920
v 1.917352 -0.229900 0.066111
v 1.868000 -0.212141 0.066412
v 1.824315 -0.188790 0.066808
v 1.786185 -0.160717 0.067284
v 1.753500 -0.128794 0.067826
v 1.726148 -0.093892 0.068418
v 1.704019 -0.056883 0.069045
v 1.687000 -0.018638 0.069694
v 1.674982 0.019972 0.070349
v 1.667852 0.058075 0.070995
v 1.665500 0.094799 0.071618
v 1.668715 0.145570 0.072479
v 1.678134 0.193674 0.073295
v 1.693422 0.238779 0.074059
v 1.714241 0.280550 0.074768
v 1.740254 0.318656 0.075414
v 1.771125 0.352762 0.075993
v 1.806517 0.382536 0.076497
v 1.846093 0.407643 0.076923
v 1.889516 0.427751 0.077264
v 1.936449 0.442527 0.077515
v 1.986556 0.451637 0.077669
v 2.039500 0.454748 0.077722
v 2.057033 0.454391 0.077716
v 2.074681 0.453308 0.077698
v 2.092516 0.451482 0.077667
v 2.110611 0.448897 0.077623
v 2.129040 0.445533 0.077566
v 2.147875 0.441374 0.077495
v 2.167189 0.436404 0.077411
v 2.187056 0.430603 0.077313
v 2.207547 0.423955 0.077200
v 2.228736 0.416443 0.077072
v 2.250696 0.408049 0.076930
v 2.273500 0.398756 0.076773
v 2.273500 0.293771 0.074992
v 1.517500 -0.236153 0.066005
v 1.426500 -0.035182 0.069413
v 1.136500 -0.035182 0.069413
v 1.050500 -0.236153 0.066005
v 0.950500 -0.236153 0.066005
v 1.243500 0.449748 0.077637
v 1.312500 0.449748 0.077637
v 1.617500 -0.236153 0.066005
v 1.386500 0.052805 0.070906
v 1.276500 0.299770 0.075094
v 1.174500 0.052805 0.070906
v 0.759070 0.443955 0.077539
v 0.791310 0.438731 0.077450
v 0.820266 0.430314 0.077308
v 0.845981 0.418938 0.077115
v 0.868503 0.404840 0.076876
v 0.887875 0.388257 0.076594
v 0.904143 0.369424 0.076275
v 0.917352 0.348578 0.075922
v 0.927547 0.325954 0.075538
v 0.934773 0.301788 0.075128
v 0.939076 0.276317 0.074696
v 0.940500 0.249777 0.074246
v 0.938992 0.223545 0.073801
v 0.934435 0.198483 0.073376
v 0.926781 0.174803 0.072975
v 0.915981 0.152717 0.072600
v 0.901987 0.132436 0.072256
v 0.884750 0.114171 0.071946
v 0.864221 0.098136 0.071674
v 0.840352 0.084541 0.071444
v 0.813094 0.073599 0.071258
v 0.782398 0.065521 0.071121
v 0.748216 0.060519 0.071036
v 0.710500 0.058804 0.071007
v 0.608500 0.058804 0.071007
v 0.608500 -0.236153 0.066005
v 0.510500 -0.236153 0.066005
v 0.510500 0.445749 0.077569
v 0.723500 0.445749 0.077569
v 0.719500 0.146792 0.072499
v 0.737196 0.147598 0.072513
v 0.753736 0.149995 0.072554
v 0.769047 0.153947 0.072621
v 0.783055 0.159420 0.072714
v 0.795689 0.166378 0.072832
v 0.806875 0.174788 0.072974
v 0.816540 0.184614 0.073141
v 0.824611 0.195822 0.073331
v 0.831016 0.208377 0.073544
v 0.835681 0.222244 0.073779
v 0.838533 0.237389 0.074036
v 0.839500 0.253776 0.074314
v 0.838917 0.266324 0.074527
v 0.837088 0.278838 0.074739
v 0.833891 0.291115 0.074947
v 0.829204 0.302955 0.075148
v 0.822906 0.314155 0.075338
v 0.814875 0.324516 0.075513
v 0.804990 0.333836 0.075672
v 0.793130 0.341912 0.075809
v 0.779172 0.348544 0.075921
v 0.762995 0.353531 0.076006
v 0.744479 0.356670 0.076059
v 0.723500 0.357761 0.076077
v 0.608500 0.357761 0.076077
v 0.608500 0.146792 0.072499
v 0.367046 0.308719 0.075246
v 0.352704 0.320123 0.075439
v 0.338500 0.330062 0.075608
v 0.324463 0.338616 0.075753
v 0.310620 0.345864 0.075876
v 0.297000 0.351887 0.075978
v 0.283630 0.356764 0.076060
v 0.270537 0.360576 0.076125
v 0.257750 0.363401 0.076173
v 0.245296 0.365321 0.076205
v 0.233204 0.366414 0.076224
v 0.221500 0.366760 0.076230
v 0.206141 0.366083 0.076218
v 0.191625 0.364094 0.076185
v 0.178047 0.360855 0.076130
v 0.165500 0.356428 0.076055
v 0.154078 0.350877 0.075961
v 0.143875 0.344263 0.075848
v 0.134984 0.336650 0.075719
v 0.127500 0.328099 0.075574
v 0.121516 0.318673 0.075414
v 0.117125 0.308435 0.075241
v 0.114422 0.297447 0.075054
v 0.113500 0.285772 0.074856
v 0.119304 0.255593 0.074345
v 0.135352 0.229734 0.073906
v 0.159594 0.206971 0.073520
v 0.189981 0.186082 0.073166
v 0.224466 0.165847 0.072823
v 0.261000 0.145042 0.072470
v 0.297534 0.122446 0.072087
v 0.332019 0.096836 0.071652
v 0.362406 0.066991 0.071146
v 0.386648 0.031688 0.070547
v 0.402696 -0.010294 0.069835
v 0.408500 -0.060178 0.068989
v 0.406843 -0.086292 0.068547
v 0.401991 -0.111028 0.068127
v 0.394125 -0.134215 0.067734
v 0.383426 -0.155683 0.067370
v 0.370074 -0.175263 0.067038
v 0.354250 -0.192784 0.066741
v 0.336134 -0.208077 0.066481
v 0.315907 -0.220970 0.066263
v 0.293750 -0.231295 0.066088
v 0.269843 -0.238880 0.065959
v 0.244366 -0.243555 0.065880
v 0.217500 -0.245152 0.065853
v 0.199285 -0.244734 0.065860
v 0.181616 -0.243472 0.065881
v 0.164453 -0.241356 0.065917
v 0.147759 -0.238375 0.065967
v 0.131496 -0.234520 0.066033
v 0.115625 -0.229779 0.066113
v 0.100108 -0.224143 0.066209
v 0.084907 -0.217600 0.066320
v 0.069984 -0.210141 0.066446
v 0.055301 -0.201755 0.066589
v 0.040819 -0.192432 0.066747
v 0.026500 -0.182161 0.066921
v 0.026500 -0.058179 0.069023
v 0.039266 -0.073569 0.068762
v 0.052542 -0.087730 0.068522
v 0.066297 -0.100641 0.068303
v 0.080500 -0.112282 0.068106
v 0.095120 -0.122631 0.067930
v 0.110125 -0.131668 0.067777
v 0.125484 -0.139372 0.067646
v 0.141167 -0.145722 0.067539
v 0.157141 -0.150697 0.067454
v 0.173375 -0.154276 0.067394
v 0.189838 -0.156439 0.067357
v 0.206500 -0.157165 0.067345
v 0.224649 -0.156198 0.067361
v 0.241111 -0.153434 0.067408
v 0.255906 -0.149072 0.067482
v 0.269055 -0.143315 0.067580
v 0.280580 -0.136363 0.067697
v 0.290500 -0.128419 0.067832
v 0.298837 -0.119683 0.067980
v 0.305611 -0.110356 0.068139
v 0.310844 -0.100641 0.068303
v 0.314556 -0.090739 0.068471
v 0.316767 -0.080850 0.068639
v 0.317500 -0.071177 0.068803
v 0.311696 -0.038365 0.069359
v 0.295648 -0.009732 0.069845
v 0.271406 0.015748 0.070277
v 0.241018 0.039104 0.070673
v 0.206534 0.061362 0.071051
v 0.170000 0.083551 0.071427
v 0.133466 0.106698 0.071820
v 0.098981 0.131831 0.072246
v 0.068594 0.159977 0.072723
v 0.044352 0.192165 0.073269
v 0.028304 0.229421 0.073901
v 0.022500 0.272774 0.074636
v 0.024186 0.299668 0.075092
v 0.029153 0.324789 0.075518
v 0.037266 0.348028 0.075912
v 0.048389 0.369278 0.076273
v 0.062387 0.388431 0.076597
v 0.079125 0.405380 0.076885
v 0.098467 0.420016 0.077133
v 0.120278 0.432232 0.077340
v 0.144422 0.441921 0.077505
v 0.170764 0.448975 0.077624
v 0.199168 0.453286 0.077697
v 0.229500 0.454748 0.077722
v 0.242498 0.454414 0.077716
v 0.255481 0.453414 0.077699
v 0.268437 0.451748 0.077671
v 0.281352 0.449415 0.077632
v 0.294211 0.446415 0.077581
v 0.307000 0.442749 0.077519
v 0.319706 0.438417 0.077445
v 0.332315 0.433417 0.077360
v 0.344812 0.427751 0.077264
v 0.357185 0.421419 0.077157
v 0.369419 0.414420 0.077038
v 0.381500 0.406754 0.076908
v 0.381500 0.295770 0.075026
v -0.368954 0.308719 0.075246
v -0.383296 0.320123 0.075439
v -0.397500 0.330062 0.075608
v -0.411537 0.338616 0.075753
v -0.425380 0.345864 0.075876
v -0.439000 0.351887 0.075978
v -0.452370 0.356764 0.076060
v -0.465463 0.360576 0.076125
v -0.478250 0.363401 0.076173
v -0.490704 0.365321 0.076205
v -0.502796 0.366414 0.076224
v -0.514500 0.366760 0.076230
v -0.529859 0.366083 0.076218
v -0.544375 0.364094 0.076185
v -0.557953 0.360855 0.076130
v -0.570500 0.356428 0.076055
v -0.581922 0.350877 0.075961
v -0.592125 0.344263 0.075848
v -0.601016 0.336650 0.075719
v -0.608500 0.328099 0.075574
v -0.614484 0.318673 0.075414
v -0.618875 0.308435 0.075241
v -0.621578 0.297447 0.075054
v -0.622500 0.285772 0.074856
v -0.616696 0.255593 0.074345
v -0.600648 0.229734 0.073906
v -0.576406 0.206971 0.073520
v -0.546019 0.186082 0.073166
v -0.511534 0.165847 0.072823
v -0.475000 0.145042 0.072470
v -0.438466 0.122446 0.072087
v -0.403982 0.096836 0.071652
v -0.373594 0.066991 0.071146
v -0.349352 0.031688 0.070547
v -0.333304 -0.010294 0.069835
v -0.327500 -0.060178 0.068989
v -0.329157 -0.086292 0.068547
v -0.334009 -0.111028 0.068127
v -0.341875 -0.134215 0.067734
v -0.352574 -0.155683 0.067370
v -0.365926 -0.175263 0.067038
v -0.381750 -0.192784 0.066741
v -0.399866 -0.208077 0.066481
v -0.420093 -0.220970 0.066263
v -0.442250 -0.231295 0.066088
v -0.466157 -0.238880 0.065959
v -0.491634 -0.243555 0.065880
v -0.518500 -0.245152 0.065853
v -0.536715 -0.244734 0.065860
v -0.554384 -0.243472 0.065881
v -0.571547 -0.241356 0.065917
v -0.588241 -0.238375 0.065967
v -0.604504 -0.234520 0.066033
v -0.620375 -0.229779 0.066113
v -0.635892 -0.224143 0.066209
v -0.651093 -0.217600 0.066320
v -0.666016 -0.210141 0.066446
v -0.680699 -0.201755 0.066589
v -0.695181 -0.192432 0.066747
v -0.709500 -0.182161 0.066921
v -0.709500 -0.058179 0.069023
v -0.696735 -0.073569 0.068762
v -0.683459 -0.087730 0.068522
v -0.669703 -0.100641 0.068303
v -0.655500 -0.112282 0.068106
v -0.640880 -0.122631 0.067930
v -0.625875 -0.131668 0.067777
v -0.610516 -0.139372 0.067646
v -0.594833 -0.145722 0.067539
v -0.578860 -0.150697 0.067454
v -0.562625 -0.154276 0.067394
v -0.546162 -0.156439 0.067357
v -0.529500 -0.157165 0.067345
v -0.511351 -0.156198 0.067361
v -0.494889 -0.153434 0.067408
v -0.480094 -0.149072 0.067482
v -0.466945 -0.143315 0.067580
v -0.455420 -0.136363 0.067697
v -0.445500 -0.128419 0.067832
v -0.437163 -0.119683 0.067980
v -0.430389 -0.110356 0.068139
v -0.425156 -0.100641 0.068303
v -0.421445 -0.090739 0.068471
v -0.419233 -0.080850 0.068639
v -0.418500 -0.071177 0.068803
v -0.424305 -0.038365 0.069359
v -0.440352 -0.009732 0.069845
v -0.464594 0.015748 0.070277
v -0.494982 0.039104 0.070673
v -0.529467 0.061362 0.071051
v -0.566000 0.083551 0.071427
v -0.602534 0.106698 0.071820
v -0.637019 0.131831 0.072246
v -0.667406 0.159977 0.072723
v -0.691648 0.192165 0.073269
v -0.707696 0.229421 0.073901
v -0.713500 0.272774 0.074636
v -0.711814 0.299668 0.075092
v -0.706847 0.324789 0.075518
v -0.698735 0.348028 0.075912
v -0.687611 0.369278 0.076273
v -0.673613 0.388431 0.076597
v -0.656875 0.405380 0.076885
v -0.637533 0.420016 0.077133
v -0.615722 0.432232 0.077340
v -0.591578 0.441921 0.077505
v -0.565236 0.448975 0.077624
v -0.536832 0.453286 0.077697
v -0.506500 0.454748 0.077722
v -0.493502 0.454414 0.077716
v -0.480519 0.453414 0.077699
v -0.467563 0.451748 0.077671
v -0.454648 0.449415 0.077632
v -0.441789 0.446415 0.077581
v -0.429000 0.442749 0.077519
v -0.416294 0.438417 0.077445
v -0.403685 0.433417 0.077360
v -0.391188 0.427751 0.077264
v -0.378815 0.421419 0.077157
v -0.366581 0.414420 0.077038
v -0.354500 0.406754 0.076908
v -0.354500 0.295770 0.075026
v -0.826954 0.308719 0.075246
v -0.841296 0.320123 0.075439
v -0.855500 0.330062 0.075608
v -0.869537 0.338616 0.075753
v -0.883380 0.345864 0.075876
v -0.897000 0.351887 0.075978
v -0.910371 0.356764 0.076060
v -0.923463 0.360576 0.076125
v -0.936250 0.363401 0.076173
v -0.948704 0.365321 0.076205
v -0.960796 0.366414 0.076224
v -0.972500 0.366760 0.076230
v -0.987859 0.366083 0.076218
v -1.002375 0.364094 0.076185
v -1.015953 0.360855 0.076130
v -1.028500 0.356428 0.076055
v -1.039922 0.350877 0.075961
v -1.050125 0.344263 0.075848
v -1.059016 0.336650 0.075719
v -1.066500 0.328099 0.075574
v -1.072485 0.318673 0.075414
v -1.076875 0.308435 0.075241
v -1.079578 0.297447 0.075054
v -1.080500 0.285772 0.074856
v -1.074696 0.255593 0.074345
v -1.058648 0.229734 0.073906
v -1.034406 0.206971 0.073520
v -1.004019 0.186082 0.073166
v -0.969534 0.165847 0.072823
v -0.933000 0.145042 0.072470
v -0.896467 0.122446 0.072087
v -0.861982 0.096836 0.071652
v -0.831594 0.066991 0.071146
v -0.807352 0.031688 0.070547
v -0.791305 -0.010294 0.069835
v -0.785500 -0.060178 0.068989
v -0.787157 -0.086292 0.068547
v -0.792009 -0.111028 0.068127
v -0.799875 -0.134215 0.067734
v -0.810574 -0.155683 0.067370
v -0.823926 -0.175263 0.067038
v -0.839750 -0.192784 0.066741
v -0.857866 -0.208077 0.066481
v -0.878093 -0.220970 0.066263
v -0.900250 -0.231295 0.066088
v -0.924158 -0.238880 0.065959
v -0.949634 -0.243555 0.065880
v -0.976500 -0.245152 0.065853
v -0.994715 -0.244734 0.065860
v -1.012384 -0.243472 0.065881
v -1.029547 -0.241356 0.065917
v -1.046241 -0.238375 0.065967
v -1.062504 -0.234520 0.066033
v -1.078375 -0.229779 0.066113
v -1.093892 -0.224143 0.066209
v -1.109093 -0.217600 0.066320
v -1.124016 -0.210141 0.066446
v -1.138699 -0.201755 0.066589
v -1.153181 -0.192432 0.066747
v -1.167500 -0.182161 0.066921
v -1.167500 -0.058179 0.069023
v -1.154734 -0.073569 0.068762
v -1.141459 -0.087730 0.068522
v -1.127703 -0.100641 0.068303
v -1.113500 -0.112282 0.068106
v -1.098880 -0.122631 0.067930
v -1.083875 -0.131668 0.067777
v -1.068516 -0.139372 0.067646
v -1.052833 -0.145722 0.067539
v -1.036860 -0.150697 0.067454
v -1.020625 -0.154276 0.067394
v -1.004162 -0.156439 0.067357
v -0.987500 -0.157165 0.067345
v -0.969351 -0.156198 0.067361
v -0.952889 -0.153434 0.067408
v -0.938094 -0.149072 0.067482
v -0.924945 -0.143315 0.067580
v -0.913420 -0.136363 0.067697
v -0.903500 -0.128419 0.067832
v -0.895163 -0.119683 0.067980
v -0.888389 -0.110356 0.068139
v -0.883156 -0.100641 0.068303
v -0.879445 -0.090739 0.068471
v -0.877233 -0.080850 0.068639
v -0.876500 -0.071177 0.068803
v -0.882304 -0.038365 0.069359
v -0.898352 -0.009732 0.069845
v -0.922594 0.015748 0.070277
v -0.952981 0.039104 0.070673
v -0.987466 0.061362 0.071051
v -1.024000 0.083551 0.071427
v -1.060534 0.106698 0.071820
v -1.095019 0.131831 0.072246
v -1.125406 0.159977 0.072723
v -1.149648 0.192165 0.073269
v -1.165696 0.229421 0.073901
v -1.171500 0.272774 0.074636
v -1.169814 0.299668 0.075092
v -1.164847 0.324789 0.075518
v -1.156735 0.348028 0.075912
v -1.145611 0.369278 0.076273
v -1.131613 0.388431 0.076597
v -1.114875 0.405380 0.076885
v -1.095533 0.420016 0.077133
v -1.073722 0.432232 0.077340
v -1.049578 0.441921 0.077505
v -1.023236 0.448975 0.077624
v -0.994832 0.453286 0.077697
v -0.964500 0.454748 0.077722
v -0.951503 0.454414 0.077716
v -0.938519 0.453414 0.077699
v -0.925563 0.451748 0.077671
v -0.912648 0.449415 0.077632
v -0.899790 0.446415 0.077581
v -0.887000 0.442749 0.077519
v -0.874294 0.438417 0.077445
v -0.861685 0.433417 0.077360
v -0.849188 0.427751 0.077264
v -0.836815 0.421419 0.077157
v -0.824581 0.414420 0.077038
v -0.812500 0.406754 0.076908
v -0.812500 0.295770 0.075026
v -1.538500 0.357761 0.076077
v -1.538500 0.151791 0.072584
v -1.259500 0.151791 0.072584
v -1.259500 0.063804 0.071092
v -1.538500 0.063804 0.071092
v -1.538500 -0.148166 0.067497
v -1.240500 -0.148166 0.067497
v -1.240500 -0.236153 0.066005
v -1.636500 -0.236153 0.066005
v -1.636500 0.445749 0.077569
v -1.249500 0.445749 0.077569
v -1.249500 0.357761 0.076077
v -2.033103 0.444244 0.077544
v -2.001991 0.439796 0.077469
v -1.973282 0.432501 0.077345
v -1.947093 0.422456 0.077174
v -1.923543 0.409759 0.076959
v -1.902750 0.394506 0.076700
v -1.884832 0.376796 0.076400
v -1.869908 0.356725 0.076060
v -1.858094 0.334390 0.075681
v -1.849509 0.309889 0.075265
v -1.844272 0.283318 0.074815
v -1.842500 0.254776 0.074331
v -1.843349 0.235452 0.074003
v -1.845875 0.216995 0.073690
v -1.850047 0.199440 0.073392
v -1.855834 0.182824 0.073111
v -1.863203 0.167179 0.072845
v -1.872125 0.152541 0.072597
v -1.882568 0.138945 0.072366
v -1.894500 0.126424 0.072154
v -1.907891 0.115015 0.071961
v -1.922709 0.104752 0.071787
v -1.938922 0.095668 0.071632
v -1.956500 0.087800 0.071499
v -1.941478 0.077093 0.071317
v -1.927324 0.065470 0.071120
v -1.913907 0.052930 0.070908
v -1.901093 0.039474 0.070679
v -1.888752 0.025101 0.070436
v -1.876750 0.009811 0.070176
v -1.864958 -0.006395 0.069902
v -1.853241 -0.023517 0.069611
v -1.841469 -0.041556 0.069305
v -1.829509 -0.060512 0.068984
v -1.817231 -0.080384 0.068647
v -1.804500 -0.101173 0.068294
v -1.797476 -0.112459 0.068103
v -1.790806 -0.122975 0.067925
v -1.784344 -0.132949 0.067755
v -1.777945 -0.142611 0.067592
v -1.771462 -0.152190 0.067429
v -1.764750 -0.161914 0.067264
v -1.757663 -0.172013 0.067093
v -1.750056 -0.182716 0.066911
v -1.741781 -0.194253 0.066716
v -1.732695 -0.206852 0.066502
v -1.722649 -0.220742 0.066267
v -1.711500 -0.236153 0.066005
v -1.828500 -0.236153 0.066005
v -1.918500 -0.096173 0.068379
v -1.940013 -0.063699 0.068930
v -1.959685 -0.036015 0.069399
v -1.977719 -0.012748 0.069794
v -1.994315 0.006479 0.070120
v -2.009675 0.022039 0.070384
v -2.024000 0.034308 0.070592
v -2.037492 0.043661 0.070750
v -2.050352 0.050472 0.070866
v -2.062782 0.055117 0.070945
v -2.074982 0.057971 0.070993
v -2.087154 0.059408 0.071018
v -2.099500 0.059804 0.071024
v -2.140500 0.059804 0.071024
v -2.140500 -0.236153 0.066005
v -2.238500 -0.236153 0.066005
v -2.238500 0.445749 0.077569
v -2.066500 0.445749 0.077569
v -2.077500 0.147792 0.072516
v -2.052787 0.148887 0.072535
v -2.031046 0.152055 0.072589
v -2.012125 0.157118 0.072675
v -1.995870 0.163900 0.072790
v -1.982130 0.172224 0.072931
v -1.970750 0.181912 0.073095
v -1.961579 0.192787 0.073280
v -1.954463 0.204672 0.073481
v -1.949250 0.217391 0.073697
v -1.945787 0.230766 0.073924
v -1.943922 0.244620 0.074159
v -1.943500 0.258776 0.074399
v -1.944533 0.274245 0.074661
v -1.947176 0.288623 0.074905
v -1.951500 0.301863 0.075129
v -1.957574 0.313916 0.075334
v -1.965468 0.324733 0.075517
v -1.975250 0.334265 0.075679
v -1.986991 0.342464 0.075818
v -2.000760 0.349281 0.075933
v -2.016625 0.354668 0.076025
v -2.034658 0.358576 0.076091
v -2.054926 0.360957 0.076131
v -2.077500 0.361761 0.076145
v -2.140500 0.361761 0.076145
v -2.140500 0.147792 0.072516
v -2.506930 0.443955 0.077539
v -2.474690 0.438731 0.077450
v -2.445735 0.430314 0.077308
v -2.420019 0.418938 0.077115
v -2.397497 0.404840 0.076876
v -2.378125 0.388257 0.076594
v -2.361857 0.369424 0.076275
v -2.348648 0.348578 0.075922
v -2.338453 0.325954 0.075538
v -2.331227 0.301788 0.075128
v -2.326924 0.276317 0.074696
v -2.325500 0.249777 0.074246
v -2.327008 0.223545 0.073801
v -2.331565 0.198483 0.073376
v -2.339219 0.174803 0.072975
v -2.350019 0.152717 0.072600
v -2.364013 0.132436 0.072256
v -2.381250 0.114171 0.071946
v -2.401779 0.098136 0.071674
v -2.425648 0.084541 0.071444
v -2.452906 0.073599 0.071258
v -2.483602 0.065521 0.071121
v -2.517784 0.060519 0.071036
v -2.555500 0.058804 0.071007
v -2.657500 0.058804 0.071007
v -2.657500 -0.236153 0.066005
v -2.755500 -0.236153 0.066005
v -2.755500 0.445749 0.077569
v -2.542500 0.445749 0.077569
v -2.546500 0.146792 0.072499
v -2.528804 0.147598 0.072513
v -2.512264 0.149995 0.072554
v -2.496953 0.153947 0.072621
v -2.482944 0.159420 0.072714
v -2.470311 0.166378 0.072832
v -2.459125 0.174788 0.072974
v -2.449460 0.184614 0.073141
v -2.441389 0.195822 0.073331
v -2.434985 0.208377 0.073544
v -2.430320 0.222244 0.073779
v -2.427467 0.237389 0.074036
v -2.426500 0.253776 0.074314
v -2.427083 0.266324 0.074527
v -2.428912 0.278838 0.074739
v -2.432110 0.291115 0.074947
v -2.436796 0.302955 0.075148
v -2.443094 0.314155 0.075338
v -2.451125 0.324516 0.075513
v -2.461010 0.333836 0.075672
v -2.472871 0.341912 0.075809
v -2.486828 0.348544 0.075921
v -2.503005 0.353531 0.076006
v -2.521522 0.356670 0.076059
v -2.542500 0.357761 0.076077
v -2.657500 0.357761 0.076077
v -2.657500 0.146792 0.072499
v -2.976500 0.365760 0.076213
v -2.976500 -0.377133 0.063614
v -2.839500 -0.377133 0.063614
v -2.839500 -0.457121 0.062258
v -3.072500 -0.457121 0.062258
v -3.072500 0.445749 0.077569
v -2.839500 0.445749 0.077569
v -2.839500 0.365760 0.076213
v 2.976500 -0.374759 -0.076366
v 2.976500 0.368134 -0.063767
v 2.839500 0.368134 -0.063767
v 2.839500 0.448123 -0.062410
v 3.072500 0.448123 -0.062410
v 3.072500 -0.454748 -0.077722
v 2.839500 -0.454748 -0.077722
v 2.839500 -0.374759 -0.076366
v 2.498500 0.360135 -0.063903
v 2.498500 0.154165 -0.067396
v 2.777500 0.154165 -0.067396
v 2.777500 0.066178 -0.068888
v 2.498500 0.066178 -0.068888
v 2.498500 -0.145792 -0.072483
v 2.796500 -0.145792 -0.072483
v 2.796500 -0.233779 -0.073975
v 2.400500 -0.233779 -0.073975
v 2.400500 0.448123 -0.062410
v 2.787500 0.448123 -0.062410
v 2.787500 0.360135 -0.063903
v 2.252739 0.307833 -0.064790
v 2.232412 0.318415 -0.064610
v 2.212453 0.327906 -0.064449
v 2.192796 0.336324 -0.064306
v 2.173376 0.343687 -0.064182
v 2.154125 0.350012 -0.064074
v 2.134979 0.355316 -0.063984
v 2.115870 0.359617 -0.063911
v 2.096734 0.362932 -0.063855
v 2.077505 0.365278 -0.063815
v 2.058115 0.366673 -0.063792
v 2.038500 0.367134 -0.063784
v 2.000377 0.364864 -0.063822
v 1.964185 0.358219 -0.063935
v 1.930188 0.347450 -0.064118
v 1.898648 0.332806 -0.064366
v 1.869831 0.314538 -0.064676
v 1.844000 0.292895 -0.065043
v 1.821419 0.268128 -0.065463
v 1.802352 0.240486 -0.065932
v 1.787063 0.210219 -0.066445
v 1.775815 0.177578 -0.066999
v 1.768873 0.142812 -0.067588
v 1.766500 0.106172 -0.068209
v 1.768799 0.068941 -0.068841
v 1.775556 0.033872 -0.069436
v 1.786563 0.001171 -0.069990
v 1.801611 -0.028957 -0.070501
v 1.820493 -0.056308 -0.070965
v 1.843000 -0.080676 -0.071378
v 1.868924 -0.101858 -0.071737
v 1.898056 -0.119648 -0.072039
v 1.930188 -0.133841 -0.072280
v 1.965111 -0.144232 -0.072456
v 2.002618 -0.150617 -0.072564
v 2.042500 -0.152791 -0.072601
v 2.061888 -0.152231 -0.072592
v 2.081518 -0.150560 -0.072563
v 2.101344 -0.147792 -0.072516
v 2.121315 -0.143940 -0.072451
v 2.141383 -0.139020 -0.072368
v 2.161500 -0.133044 -0.072266
v 2.181617 -0.126026 -0.072147
v 2.201685 -0.117981 -0.072011
v 2.221656 -0.108922 -0.071857
v 2.241482 -0.098863 -0.071687
v 2.261112 -0.087819 -0.071499
v 2.280500 -0.075802 -0.071296
v 2.280500 -0.182787 -0.073110
v 2.263608 -0.191318 -0.073255
v 2.246370 -0.199381 -0.073391
v 2.228687 -0.206924 -0.073519
v 2.210463 -0.213893 -0.073637
v 2.191599 -0.220238 -0.073745
v 2.172000 -0.225905 -0.073841
v 2.151567 -0.230844 -0.073925
v 2.130203 -0.235001 -0.073995
v 2.107812 -0.238326 -0.074052
v 2.084296 -0.240764 -0.074093
v 2.059558 -0.242266 -0.074119
v 2.033500 -0.242778 -0.074127
v 1.972482 -0.238820 -0.074060
v 1.917352 -0.227526 -0.073869
v 1.868000 -0.209767 -0.073567
v 1.824315 -0.186416 -0.073171
v 1.786185 -0.158343 -0.072695
v 1.753500 -0.126420 -0.072154
v 1.726148 -0.091518 -0.071562
v 1.704019 -0.054509 -0.070934
v 1.687000 -0.016264 -0.070286
v 1.674982 0.022346 -0.069631
v 1.667852 0.060449 -0.068985
v 1.665500 0.097173 -0.068362
v 1.668715 0.147944 -0.067501
v 1.678134 0.196048 -0.066685
v 1.693422 0.241152 -0.065920
v 1.714241 0.282924 -0.065212
v 1.740254 0.321030 -0.064566
v 1.771125 0.355136 -0.063987
v 1.806517 0.384910 -0.063482
v 1.846093 0.410017 -0.063057
v 1.889516 0.430125 -0.062716
v 1.936449 0.444901 -0.062465
v 1.986556 0.454011 -0.062311
v 2.039500 0.457121 -0.062258
v 2.057033 0.456764 -0.062264
v 2.074681 0.455682 -0.062282
v 2.092516 0.453856 -0.062313
v 2.110611 0.451270 -0.062357
v 2.129040 0.447907 -0.062414
v 2.147875 0.443748 -0.062485
v 2.167189 0.438777 -0.062569
v 2.187056 0.432977 -0.062667
v 2.207547 0.426329 -0.062780
v 2.228736 0.418817 -0.062907
v 2.250696 0.410423 -0.063050
v 2.273500 0.401129 -0.063207
v 2.273500 0.296145 -0.064988
v 1.517500 -0.233779 -0.073975
v 1.426500 -0.032808 -0.070566
v 1.136500 -0.032808 -0.070566
v 1.050500 -0.233779 -0.073975
v 0.950500 -0.233779 -0.073975
v 1.243500 0.452122 -0.062343
v 1.312500 0.452122 -0.062343
v 1.617500 -0.233779 -0.073975
v 1.386500 0.055179 -0.069074
v 1.276500 0.302144 -0.064886
v 1.174500 0.055179 -0.069074
v 0.759070 0.446329 -0.062441
v 0.791310 0.441105 -0.062529
v 0.820266 0.432687 -0.062672
v 0.845981 0.421312 -0.062865
v 0.868503 0.407214 -0.063104
v 0.887875 0.390631 -0.063385
v 0.904143 0.371798 -0.063705
v 0.917352 0.350951 -0.064058
v 0.927547 0.328327 -0.064442
v 0.934773 0.304162 -0.064852
v 0.939076 0.278691 -0.065284
v 0.940500 0.252151 -0.065734
v 0.938992 0.225919 -0.066179
v 0.934435 0.200857 -0.066604
v 0.926781 0.177177 -0.067005
v 0.915981 0.155091 -0.067380
v 0.901987 0.134810 -0.067724
v 0.884750 0.116545 -0.068034
v 0.864221 0.100510 -0.068306
v 0.840352 0.086915 -0.068536
v 0.813094 0.075973 -0.068722
v 0.782398 0.067895 -0.068859
v 0.748216 0.062893 -0.068943
v 0.710500 0.061178 -0.068973
v 0.608500 0.061178 -0.068973
v 0.608500 -0.233779 -0.073975
v 0.510500 -0.233779 -0.073975
v 0.510500 0.448123 -0.062410
v 0.723500 0.448123 -0.062410
v 0.719500 0.149166 -0.067480
v 0.737196 0.149972 -0.067467
v 0.753736 0.152369 -0.067426
v 0.769047 0.156321 -0.067359
v 0.783055 0.161793 -0.067266
v 0.795689 0.168752 -0.067148
v 0.806875 0.177162 -0.067006
v 0.816540 0.186988 -0.066839
v 0.824611 0.198196 -0.066649
v 0.831016 0.210751 -0.066436
v 0.835681 0.224618 -0.066201
v 0.838533 0.239763 -0.065944
v 0.839500 0.256150 -0.065666
v 0.838917 0.268698 -0.065453
v 0.837088 0.281211 -0.065241
v 0.833891 0.293489 -0.065033
v 0.829204 0.305328 -0.064832
v 0.822906 0.316529 -0.064642
v 0.814875 0.326890 -0.064466
v 0.804990 0.336209 -0.064308
v 0.793130 0.344286 -0.064171
v 0.779172 0.350918 -0.064059
v 0.762995 0.355904 -0.063974
v 0.744479 0.359044 -0.063921
v 0.723500 0.360135 -0.063903
v 0.608500 0.360135 -0.063903
v 0.608500 0.149166 -0.067480
v 0.367046 0.311093 -0.064734
v 0.352704 0.322497 -0.064541
v 0.338500 0.332436 -0.064372
v 0.324463 0.340990 -0.064227
v 0.310620 0.348238 -0.064104
v 0.297000 0.354261 -0.064002
v 0.283630 0.359138 -0.063919
v 0.270537 0.362950 -0.063855
v 0.257750 0.365775 -0.063807
v 0.245296 0.367694 -0.063774
v 0.233204 0.368787 -0.063756
v 0.221500 0.369134 -0.063750
v 0.206141 0.368457 -0.063761
v 0.191625 0.366468 -0.063795
v 0.178047 0.363229 -0.063850
v 0.165500 0.358802 -0.063925
v 0.154078 0.353251 -0.064019
v 0.143875 0.346637 -0.064131
v 0.134984 0.339024 -0.064261
v 0.127500 0.330473 -0.064406
v 0.121516 0.321047 -0.064565
v 0.117125 0.310809 -0.064739
v 0.114422 0.299821 -0.064925
v 0.113500 0.288146 -0.065123
v 0.119304 0.257967 -0.065635
v 0.135352 0.232107 -0.066074
v 0.159594 0.209345 -0.066460
v 0.189981 0.188456 -0.066814
v 0.224466 0.168221 -0.067157
v 0.261000 0.147416 -0.067510
v 0.297534 0.124820 -0.067893
v 0.332019 0.099210 -0.068328
v 0.362406 0.069365 -0.068834
v 0.386648 0.034062 -0.069432
v 0.402696 -0.007921 -0.070144
v 0.408500 -0.057805 -0.070990
v 0.406843 -0.083918 -0.071433
v 0.401991 -0.108654 -0.071853
v 0.394125 -0.131841 -0.072246
v 0.383426 -0.153309 -0.072610
v 0.370074 -0.172889 -0.072942
v 0.354250 -0.190411 -0.073239
v 0.336134 -0.205703 -0.073499
v 0.315907 -0.218596 -0.073717
v 0.293750 -0.228921 -0.073892
v 0.269843 -0.236506 -0.074021
v 0.244366 -0.241182 -0.074100
v 0.217500 -0.242778 -0.074127
v 0.199285 -0.242360 -0.074120
v 0.181616 -0.241098 -0.074099
v 0.164453 -0.238982 -0.074063
v 0.147759 -0.236001 -0.074012
v 0.131496 -0.232146 -0.073947
v 0.115625 -0.227405 -0.073867
v 0.100108 -0.221769 -0.073771
v 0.084907 -0.215226 -0.073660
v 0.069984 -0.207767 -0.073534
v 0.055301 -0.199381 -0.073391
v 0.040819 -0.190058 -0.073233
v 0.026500 -0.179787 -0.073059
v 0.026500 -0.055805 -0.070956
v 0.039266 -0.071195 -0.071217
v 0.052542 -0.085356 -0.071458
v 0.066297 -0.098268 -0.071677
v 0.080500 -0.109908 -0.071874
v 0.095120 -0.120257 -0.072049
v 0.110125 -0.129294 -0.072203
v 0.125484 -0.136998 -0.072333
v 0.141167 -0.143348 -0.072441
v 0.157141 -0.148323 -0.072525
v 0.173375 -0.151902 -0.072586
v 0.189838 -0.154065 -0.072623
v 0.206500 -0.154791 -0.072635
v 0.224649 -0.153824 -0.072619
v 0.241111 -0.151060 -0.072572
v 0.255906 -0.146698 -0.072498
v 0.269055 -0.140941 -0.072400
v 0.280580 -0.133989 -0.072282
v 0.290500 -0.126045 -0.072148
v 0.298837 -0.117309 -0.071999
v 0.305611 -0.107983 -0.071841
v 0.310844 -0.098268 -0.071677
v 0.314556 -0.088365 -0.071509
v 0.316767 -0.078476 -0.071341
v 0.317500 -0.068803 -0.071177
v 0.311696 -0.035991 -0.070620
v 0.295648 -0.007358 -0.070135
v 0.271406 0.018122 -0.069703
v 0.241018 0.041477 -0.069307
v 0.206534 0.063736 -0.068929
v 0.170000 0.085925 -0.068553
v 0.133466 0.109072 -0.068160
v 0.098981 0.134205 -0.067734
v 0.068594 0.162351 -0.067257
v 0.044352 0.194539 -0.066711
v 0.028304 0.231795 -0.066079
v 0.022500 0.275148 -0.065344
v 0.024186 0.302042 -0.064888
v 0.029153 0.327163 -0.064462
v 0.037266 0.350402 -0.064068
v 0.048389 0.371652 -0.063707
v 0.062387 0.390805 -0.063382
v 0.079125 0.407753 -0.063095
v 0.098467 0.422390 -0.062847
v 0.120278 0.434606 -0.062640
v 0.144422 0.444295 -0.062475
v 0.170764 0.451349 -0.062356
v 0.199168 0.455660 -0.062283
v 0.229500 0.457121 -0.062258
v 0.242498 0.456788 -0.062263
v 0.255481 0.455788 -0.062280
v 0.268437 0.454122 -0.062309
v 0.281352 0.451789 -0.062348
v 0.294211 0.448789 -0.062399
v 0.307000 0.445123 -0.062461
v 0.319706 0.440790 -0.062535
v 0.332315 0.435791 -0.062620
v 0.344812 0.430125 -0.062716
v 0.357185 0.423793 -0.062823
v 0.369419 0.416794 -0.062942
v 0.381500 0.409128 -0.063072
v 0.381500 0.298144 -0.064954
v -0.368954 0.311093 -0.064734
v -0.383296 0.322497 -0.064541
v -0.397500 0.332436 -0.064372
v -0.411537 0.340990 -0.064227
v -0.425380 0.348238 -0.064104
v -0.439000 0.354261 -0.064002
v -0.452370 0.359138 -0.063919
v -0.465463 0.362950 -0.063855
v -0.478250 0.365775 -0.063807
v -0.490704 0.367694 -0.063774
v -0.502796 0.368787 -0.063756
v -0.514500 0.369134 -0.063750
v -0.529859 0.368457 -0.063761
v -0.544375 0.366468 -0.063795
v -0.557953 0.363229 -0.063850
v -0.570500 0.358802 -0.063925
v -0.581922 0.353251 -0.064019
v -0.592125 0.346637 -0.064131
v -0.601016 0.339024 -0.064261
v -0.608500 0.330473 -0.064406
v -0.614484 0.321047 -0.064565
v -0.618875 0.310809 -0.064739
v -0.621578 0.299821 -0.064925
v -0.622500 0.288146 -0.065123
v -0.616696 0.257967 -0.065635
v -0.600648 0.232107 -0.066074
v -0.576406 0.209345 -0.066460
v -0.546019 0.188456 -0.066814
v -0.511534 0.168221 -0.067157
v -0.475000 0.147416 -0.067510
v -0.438466 0.124820 -0.067893
v -0.403982 0.099210 -0.068328
v -0.373594 0.069365 -0.068834
v -0.349352 0.034062 -0.069432
v -0.333304 -0.007921 -0.070144
v -0.327500 -0.057805 -0.070990
v -0.329157 -0.083918 -0.071433
v -0.334009 -0.108654 -0.071853
v -0.341875 -0.131841 -0.072246
v -0.352574 -0.153309 -0.072610
v -0.365926 -0.172889 -0.072942
v -0.381750 -0.190411 -0.073239
v -0.399866 -0.205703 -0.073499
v -0.420093 -0.218596 -0.073717
v -0.442250 -0.228921 -0.073892
v -0.466157 -0.236506 -0.074021
v -0.491634 -0.241182 -0.074100
v -0.518500 -0.242778 -0.074127
v -0.536715 -0.242360 -0.074120
v -0.554384 -0.241098 -0.074099
v -0.571547 -0.238982 -0.074063
v -0.588241 -0.236001 -0.074012
v -0.604504 -0.232146 -0.073947
v -0.620375 -0.227405 -0.073867
v -0.635892 -0.221769 -0.073771
v -0.651093 -0.215226 -0.073660
v -0.666016 -0.207767 -0.073534
v -0.680699 -0.199381 -0.073391
v -0.695181 -0.190058 -0.073233
v -0.709500 -0.179787 -0.073059
v -0.709500 -0.055805 -0.070956
v -0.696735 -0.071195 -0.071217
v -0.683459 -0.085356 -0.071458
v -0.669703 -0.098268 -0.071677
v -0.655500 -0.109908 -0.071874
v -0.640880 -0.120257 -0.072049
v -0.625875 -0.129294 -0.072203
v -0.610516 -0.136998 -0.072333
v -0.594833 -0.143348 -0.072441
v -0.578860 -0.148323 -0.072525
v -0.562625 -0.151902 -0.072586
v -0.546162 -0.154065 -0.072623
v -0.529500 -0.154791 -0.072635
v -0.511351 -0.153824 -0.072619
v -0.494889 -0.151060 -0.072572
v -0.480094 -0.146698 -0.072498
v -0.466945 -0.140941 -0.072400
v -0.455420 -0.133989 -0.072282
v -0.445500 -0.126045 -0.072148
v -0.437163 -0.117309 -0.071999
v -0.430389 -0.107983 -0.071841
v -0.425156 -0.098268 -0.071677
v -0.421445 -0.088365 -0.071509
v -0.419233 -0.078476 -0.071341
v -0.418500 -0.068803 -0.071177
v -0.424305 -0.035991 -0.070620
v -0.440352 -0.007358 -0.070135
v -0.464594 0.018122 -0.069703
v -0.494982 0.041477 -0.069307
v -0.529467 0.063736 -0.068929
v -0.566000 0.085925 -0.068553
v -0.602534 0.109072 -0.068160
v -0.637019 0.134205 -0.067734
v -0.667406 0.162351 -0.067257
v -0.691648 0.194539 -0.066711
v -0.707696 0.231795 -0.066079
v -0.713500 0.275148 -0.065344
v -0.711814 0.302042 -0.064888
v -0.706847 0.327163 -0.064462
v -0.698735 0.350402 -0.064068
v -0.687611 0.371652 -0.063707
v -0.673613 0.390805 -0.063382
v -0.656875 0.407753 -0.063095
v -0.637533 0.422390 -0.062847
v -0.615722 0.434606 -0.062640
v -0.591578 0.444295 -0.062475
v -0.565236 0.451349 -0.062356
v -0.536832 0.455660 -0.062283
v -0.506500 0.457121 -0.062258
v -0.493502 0.456788 -0.062263
v -0.480519 0.455788 -0.062280
v -0.467563 0.454122 -0.062309
v -0.454648 0.451789 -0.062348
v -0.441789 0.448789 -0.062399
v -0.429000 0.445123 -0.062461
v -0.416294 0.440790 -0.062535
v -0.403685 0.435791 -0.062620
v -0.391188 0.430125 -0.062716
v -0.378815 0.423793 -0.062823
v -0.366581 0.416794 -0.062942
v -0.354500 0.409128 -0.063072
v -0.354500 0.298144 -0.064954
v -0.826954 0.311093 -0.064734
v -0.841296 0.322497 -0.064541
v -0.855500 0.332436 -0.064372
v -0.869537 0.340990 -0.064227
v -0.883380 0.348238 -0.064104
v -0.897000 0.354261 -0.064002
v -0.910371 0.359138 -0.063919
v -0.923463 0.362950 -0.063855
v -0.936250 0.365775 -0.063807
v -0.948704 0.367694 -0.063774
v -0.960796 0.368787 -0.063756
v -0.972500 0.369134 -0.063750
v -0.987859 0.368457 -0.063761
v -1.002375 0.366468 -0.063795
v -1.015953 0.363229 -0.063850
v -1.028500 0.358802 -0.063925
v -1.039922 0.353251 -0.064019
v -1.050125 0.346637 -0.064131
v -1.059016 0.339024 -0.064261
v -1.066500 0.330473 -0.064406
v -1.072485 0.321047 -0.064565
v -1.076875 0.310809 -0.064739
v -1.079578 0.299821 -0.064925
v -1.080500 0.288146 -0.065123
v -1.074696 0.257967 -0.065635
v -1.058648 0.232107 -0.066074
v -1.034406 0.209345 -0.066460
v -1.004019 0.188456 -0.066814
v -0.969534 0.168221 -0.067157
v -0.933000 0.147416 -0.067510
v -0.896467 0.124820 -0.067893
v -0.861982 0.099210 -0.068328
v -0.831594 0.069365 -0.068834
v -0.807352 0.034062 -0.069432
v -0.791305 -0.007921 -0.070144
v -0.785500 -0.057805 -0.070990
v -0.787157 -0.083918 -0.071433
v -0.792009 -0.108654 -0.071853
v -0.799875 -0.131841 -0.072246
v -0.810574 -0.153309 -0.072610
v -0.823926 -0.172889 -0.072942
v -0.839750 -0.190411 -0.073239
v -0.857866 -0.205703 -0.073499
v -0.878093 -0.218596 -0.073717
v -0.900250 -0.228921 -0.073892
v -0.924158 -0.236506 -0.074021
v -0.949634 -0.241182 -0.074100
v -0.976500 -0.242778 -0.074127
v -0.994715 -0.242360 -0.074120
v -1.012384 -0.241098 -0.074099
v -1.029547 -0.238982 -0.074063
v -1.046241 -0.236001 -0.074012
v -1.062504 -0.232146 -0.073947
v -1.078375 -0.227405 -0.073867
v -1.093892 -0.221769 -0.073771
v -1.109093 -0.215226 -0.073660
v -1.124016 -0.207767 -0.073534
v -1.138699 -0.199381 -0.073391
v -1.153181 -0.190058 -0.073233
v -1.167500 -0.179787 -0.073059
v -1.167500 -0.055805 -0.070956
v -1.154734 -0.071195 -0.071217
v -1.141459 -0.085356 -0.071458
v -1.127703 -0.098268 -0.071677
v -1.113500 -0.109908 -0.071874
v -1.098880 -0.120257 -0.072049
v -1.083875 -0.129294 -0.072203
v -1.068516 -0.136998 -0.072333
v -1.052833 -0.143348 -0.072441
v -1.036860 -0.148323 -0.072525
v -1.020625 -0.151902 -0.072586
v -1.004162 -0.154065 -0.072623
v -0.987500 -0.154791 -0.072635
v -0.969351 -0.153824 -0.072619
v -0.952889 -0.151060 -0.072572
v -0.938094 -0.146698 -0.072498
v -0.924945 -0.140941 -0.072400
v -0.913420 -0.133989 -0.072282
v -0.903500 -0.126045 -0.072148
v -0.895163 -0.117309 -0.071999
v -0.888389 -0.107983 -0.071841
v -0.883156 -0.098268 -0.071677
v -0.879445 -0.088365 -0.071509
v -0.877233 -0.078476 -0.071341
v -0.876500 -0.068803 -0.071177
v -0.882304 -0.035991 -0.070620
v -0.898352 -0.007358 -0.070135
v -0.922594 0.018122 -0.069703
v -0.952981 0.041477 -0.069307
v -0.987466 0.063736 -0.068929
v -1.024000 0.085925 -0.068553
v -1.060534 0.109072 -0.068160
v -1.095019 0.134205 -0.067734
v -1.125406 0.162351 -0.067257
v -1.149648 0.194539 -0.066711
v -1.165696 0.231795 -0.066079
v -1.171500 0.275148 -0.065344
v -1.169814 0.302042 -0.064888
v -1.164847 0.327163 -0.064462
v -1.156735 0.350402 -0.064068
v -1.145611 0.371652 -0.063707
v -1.131613 0.390805 -0.063382
v -1.114875 0.407753 -0.063095
v -1.095533 0.422390 -0.062847
v -1.073722 0.434606 -0.062640
v -1.049578 0.444295 -0.062475
v -1.023236 0.451349 -0.062356
v -0.994832 0.455660 -0.062283
v -0.964500 0.457121 -0.062258
v -0.951503 0.456788 -0.062263
v -0.938519 0.455788 -0.062280
v -0.925563 0.454122 -0.062309
v -0.912648 0.451789 -0.062348
v -0.899790 0.448789 -0.062399
v -0.887000 0.445123 -0.062461
v -0.874294 0.440790 -0.062535
v -0.861685 0.435791 -0.062620
v -0.849188 0.430125 -0.062716
v -0.836815 0.423793 -0.062823
v -0.824581 0.416794 -0.062942
v -0.812500 0.409128 -0.063072
v -0.812500 0.298144 -0.064954
v -1.538500 0.360135 -0.063903
v -1.538500 0.154165 -0.067396
v -1.259500 0.154165 -0.067396
v -1.259500 0.066178 -0.068888
v -1.538500 0.066178 -0.068888
v -1.538500 -0.145792 -0.072483
v -1.240500 -0.145792 -0.072483
v -1.240500 -0.233779 -0.073975
v -1.636500 -0.233779 -0.073975
v -1.636500 0.448123 -0.062410
v -1.249500 0.448123 -0.062410
v -1.249500 0.360135 -0.063903
v -2.033103 0.446618 -0.062436
v -2.001991 0.442170 -0.062511
v -1.973282 0.434875 -0.062635
v -1.947093 0.424830 -0.062805
v -1.923543 0.412133 -0.063021
v -1.902750 0.396880 -0.063279
v -1.884832 0.379170 -0.063580
v -1.869908 0.359098 -0.063920
v -1.858094 0.336764 -0.064299
v -1.849509 0.312263 -0.064714
v -1.844272 0.285692 -0.065165
v -1.842500 0.257150 -0.065649
v -1.843349 0.237825 -0.065977
v -1.845875 0.219369 -0.066290
v -1.850047 0.201814 -0.066588
v -1.855834 0.185198 -0.066869
v -1.863203 0.169553 -0.067135
v -1.872125 0.154915 -0.067383
v -1.882568 0.141318 -0.067613
v -1.894500 0.128798 -0.067826
v -1.907891 0.117389 -0.068019
v -1.922709 0.107125 -0.068193
v -1.938922 0.098042 -0.068347
v -1.956500 0.090174 -0.068481
v -1.941478 0.079467 -0.068662
v -1.927324 0.067844 -0.068859
v -1.913907 0.055304 -0.069072
v -1.901093 0.041848 -0.069300
v -1.888752 0.027475 -0.069544
v -1.876750 0.012185 -0.069803
v -1.864958 -0.004021 -0.070078
v -1.853241 -0.021143 -0.070369
v -1.841469 -0.039182 -0.070675
v -1.829509 -0.058138 -0.070996
v -1.817231 -0.078010 -0.071333
v -1.804500 -0.098799 -0.071686
v -1.797476 -0.110085 -0.071877
v -1.790806 -0.120601 -0.072055
v -1.784344 -0.130575 -0.072224
v -1.777945 -0.140237 -0.072388
v -1.771462 -0.149816 -0.072551
v -1.764750 -0.159540 -0.072716
v -1.757663 -0.169639 -0.072887
v -1.750056 -0.180343 -0.073068
v -1.741781 -0.191879 -0.073264
v -1.732695 -0.204478 -0.073478
v -1.722649 -0.218368 -0.073713
v -1.711500 -0.233779 -0.073975
v -1.828500 -0.233779 -0.073975
v -1.918500 -0.093799 -0.071601
v -1.940013 -0.061325 -0.071050
v -1.959685 -0.033641 -0.070581
v -1.977719 -0.010374 -0.070186
v -1.994315 0.008853 -0.069860
v -2.009675 0.024413 -0.069596
v -2.024000 0.036682 -0.069388
v -2.037492 0.046035 -0.069229
v -2.050352 0.052846 -0.069114
v -2.062782 0.057491 -0.069035
v -2.074982 0.060345 -0.068987
v -2.087154 0.061782 -0.068962
v -2.099500 0.062178 -0.068956
v -2.140500 0.062178 -0.068956
v -2.140500 -0.233779 -0.073975
v -2.238500 -0.233779 -0.073975
v -2.238500 0.448123 -0.062410
v -2.066500 0.448123 -0.062410
v -2.077500 0.150166 -0.067463
v -2.052787 0.151261 -0.067445
v -2.031046 0.154429 -0.067391
v -2.012125 0.159492 -0.067305
v -1.995870 0.166274 -0.067190
v -1.982130 0.174598 -0.067049
v -1.970750 0.184286 -0.066885
v -1.961579 0.195161 -0.066700
v -1.954463 0.207046 -0.066499
v -1.949250 0.219765 -0.066283
v -1.945787 0.233140 -0.066056
v -1.943922 0.246994 -0.065821
v -1.943500 0.261150 -0.065581
v -1.944533 0.276618 -0.065319
v -1.947176 0.290997 -0.065075
v -1.951500 0.304237 -0.064851
v -1.957574 0.316290 -0.064646
v -1.965468 0.327107 -0.064463
v -1.975250 0.336639 -0.064301
v -1.986991 0.344838 -0.064162
v -2.000760 0.351655 -0.064046
v -2.016625 0.357042 -0.063955
v -2.034658 0.360950 -0.063889
v -2.054926 0.363331 -0.063848
v -2.077500 0.364135 -0.063835
v -2.140500 0.364135 -0.063835
v -2.140500 0.150166 -0.067463
v -2.506930 0.446329 -0.062441
v -2.474690 0.441105 -0.062529
v -2.445735 0.432687 -0.062672
v -2.420019 0.421312 -0.062865
v -2.397497 0.407214 -0.063104
v -2.378125 0.390631 -0.063385
v -2.361857 0.371798 -0.063705
v -2.348648 0.350951 -0.064058
v -2.338453 0.328327 -0.064442
v -2.331227 0.304162 -0.064852
v -2.326924 0.278691 -0.065284
v -2.325500 0.252151 -0.065734
v -2.327008 0.225919 -0.066179
v -2.331565 0.200857 -0.066604
v -2.339219 0.177177 -0.067005
v -2.350019 0.155091 -0.067380
v -2.364013 0.134810 -0.067724
v -2.381250 0.116545 -0.068034
v -2.401779 0.100510 -0.068306
v -2.425648 0.086915 -0.068536
v -2.452906 0.075973 -0.068722
v -2.483602 0.067895 -0.068859
v -2.517784 0.062893 -0.068943
v -2.555500 0.061178 -0.068973
v -2.657500 0.061178 -0.068973
v -2.657500 -0.233779 -0.073975
v -2.755500 -0.233779 -0.073975
v -2.755500 0.448123 -0.062410
v -2.542500 0.448123 -0.062410
v -2.546500 0.149166 -0.067480
v -2.528804 0.149972 -0.067467
v -2.512264 0.152369 -0.067426
v -2.496953 0.156321 -0.067359
v -2.482944 0.161793 -0.067266
v -2.470311 0.168752 -0.067148
v -2.459125 0.177162 -0.067006
v -2.449460 0.186988 -0.066839
v -2.441389 0.198196 -0.066649
v -2.434985 0.210751 -0.066436
v -2.430320 0.224618 -0.066201
v -2.427467 0.239763 -0.065944
v -2.426500 0.256150 -0.065666
v -2.427083 0.268698 -0.065453
v -2.428912 0.281211 -0.065241
v -2.432110 0.293489 -0.065033
v -2.436796 0.305328 -0.064832
v -2.443094 0.316529 -0.064642
v -2.451125 0.326890 -0.064466
v -2.461010 0.336209 -0.064308
v -2.472871 0.344286 -0.064171
v -2.486828 0.350918 -0.064059
v -2.503005 0.355904 -0.063974
v -2.521522 0.359044 -0.063921
v -2.542500 0.360135 -0.063903
v -2.657500 0.360135 -0.063903
v -2.657500 0.149166 -0.067480
v -2.976500 0.368134 -0.063767
v -2.976500 -0.374759 -0.076366
v -2.839500 -0.374759 -0.076366
v -2.839500 -0.454748 -0.077722
v -3.072500 -0.454748 -0.077722
v -3.072500 0.448123 -0.062410
v -2.839500 0.448123 -0.062410
v -2.839500 0.368134 -0.063767
v -2.976500 0.368134 -0.063767
v -2.976500 0.365760 0.076213
v -2.976500 -0.374759 -0.076366
v -2.976500 -0.377133 0.063614
v -2.839500 -0.374759 -0.076366
v -2.839500 -0.377133 0.063614
v -2.839500 -0.454748 -0.077722
v -2.839500 -0.457121 0.062258
v -3.072500 -0.454748 -0.077722
v -3.072500 -0.457121 0.062258
v -3.072500 0.448123 -0.062410
v -3.072500 0.445749 0.077569
v -2.839500 0.448123 -0.062410
v -2.839500 0.445749 0.077569
v -2.839500 0.368134 -0.063767
v -2.839500 0.365760 0.076213
v -2.506930 0.446329 -0.062441
v -2.506930 0.443955 0.077539
v -2.474690 0.441105 -0.062529
v -2.474690 0.438731 0.077450
v -2.445735 0.432687 -0.062672
v -2.445735 0.430314 0.077308
v -2.420019 0.421312 -0.062865
v -2.420019 0.418938 0.077115
v -2.397497 0.407214 -0.063104
v -2.397497 0.404840 0.076876
v -2.378125 0.390631 -0.063385
v -2.378125 0.388257 0.076594
v -2.361857 0.371798 -0.063705
v -2.361857 0.369424 0.076275
v -2.348648 0.350951 -0.064058
v -2.348648 0.348578 0.075922
v -2.338453 0.328327 -0.064442
v -2.338453 0.325954 0.075538
v -2.331227 0.304162 -0.064852
v -2.331227 0.301788 0.075128
v -2.326924 0.278691 -0.065284
v -2.326924 0.276317 0.074696
v -2.325500 0.252151 -0.065734
v -2.325500 0.249777 0.074246
v -2.327008 0.225919 -0.066179
v -2.327008 0.223545 0.073801
v -2.331565 0.200857 -0.066604
v -2.331565 0.198483 0.073376
v -2.339219 0.177177 -0.067005
v -2.339219 0.174803 0.072975
v -2.350019 0.155091 -0.067380
v -2.350019 0.152717 0.072600
v -2.364013 0.134810 -0.067724
v -2.364013 0.132436 0.072256
v -2.381250 0.116545 -0.068034
v -2.381250 0.114171 0.071946
v -2.401779 0.100510 -0.068306
v -2.401779 0.098136 0.071674
v -2.425648 0.086915 -0.068536
v -2.425648 0.084541 0.071444
v -2.452906 0.075973 -0.068722
v -2.452906 0.073599 0.071258
v -2.483602 0.067895 -0.068859
v -2.483602 0.065521 0.071121
v -2.517784 0.062893 -0.068943
v -2.517784 0.060519 0.071036
v -2.555500 0.061178 -0.068973
v -2.555500 0.058804 0.071007
v -2.657500 0.061178 -0.068973
v -2.657500 0.058804 0.071007
v -2.657500 -0.233779 -0.073975
v -2.657500 -0.236153 0.066005
v -2.755500 -0.233779 -0.073975
v -2.755500 -0.236153 0.066005
v -2.755500 0.448123 -0.062410
v -2.755500 0.445749 0.077569
v -2.542500 0.448123 -0.062410
v -2.542500 0.445749 0.077569
v -2.546500 0.149166 -0.067480
v -2.546500 0.146792 0.072499
v -2.528804 0.149972 -0.067467
v -2.528804 0.147598 0.072513
v -2.512264 0.152369 -0.067426
v -2.512264 0.149995 0.072554
v -2.496953 0.156321 -0.067359
v -2.496953 0.153947 0.072621
v -2.482944 0.161793 -0.067266
v -2.482944 0.159420 0.072714
v -2.470311 0.168752 -0.067148
v -2.470311 0.166378 0.072832
v -2.459125 0.177162 -0.067006
v -2.459125 0.174788 0.072974
v -2.449460 0.186988 -0.066839
v -2.449460 0.184614 0.073141
v -2.441389 0.198196 -0.066649
v -2.441389 0.195822 0.073331
v -2.434985 0.210751 -0.066436
v -2.434985 0.208377 0.073544
v -2.430320 0.224618 -0.066201
v -2.430320 0.222244 0.073779
v -2.427467 0.239763 -0.065944
v -2.427467 0.237389 0.074036
v -2.426500 0.256150 -0.065666
v -2.426500 0.253776 0.074314
v -2.427083 0.268698 -0.065453
v -2.427083 0.266324 0.074527
v -2.428912 0.281211 -0.065241
v -2.428912 0.278838 0.074739
v -2.432110 0.293489 -0.065033
v -2.432110 0.291115 0.074947
v -2.436796 0.305328 -0.064832
v -2.436796 0.302955 0.075148
v -2.443094 0.316529 -0.064642
v -2.443094 0.314155 0.075338
v -2.451125 0.326890 -0.064466
v -2.451125 0.324516 0.075513
v -2.461010 0.336209 -0.064308
v -2.461010 0.333836 0.075672
v -2.472871 0.344286 -0.064171
v -2.472871 0.341912 0.075809
v -2.486828 0.350918 -0.064059
v -2.486828 0.348544 0.075921
v -2.503005 0.355904 -0.063974
v -2.503005 0.353531 0.076006
v -2.521522 0.359044 -0.063921
v -2.521522 0.356670 0.076059
v -2.542500 0.360135 -0.063903
v -2.542500 0.357761 0.076077
v -2.657500 0.360135 -0.063903
v -2.657500 0.357761 0.076077
v -2.657500 0.149166 -0.067480
v -2.657500 0.146792 0.072499
v -2.033103 0.446618 -0.062436
v -2.033103 0.444244 0.077544
v -2.001991 0.442170 -0.062511
v -2.001991 0.439796 0.077469
v -1.973282 0.434875 -0.062635
v -1.973282 0.432501 0.077345
v -1.947093 0.424830 -0.062805
v -1.947093 0.422456 0.077174
v -1.923543 0.412133 -0.063021
v -1.923543 0.409759 0.076959
v -1.902750 0.396880 -0.063279
v -1.902750 0.394506 0.076700
v -1.884832 0.379170 -0.063580
v -1.884832 0.376796 0.076400
v -1.869908 0.359098 -0.063920
v -1.869908 0.356725 0.076060
v -1.858094 0.336764 -0.064299
v -1.858094 0.334390 0.075681
v -1.849509 0.312263 -0.064714
v -1.849509 0.309889 0.075265
v -1.844272 0.285692 -0.065165
v -1.844272 0.283318 0.074815
v -1.842500 0.257150 -0.065649
v -1.842500 0.254776 0.074331
v -1.843349 0.237825 -0.065977
v -1.843349 0.235452 0.074003
v -1.845875 0.219369 -0.066290
v -1.845875 0.216995 0.073690
v -1.850047 0.201814 -0.066588
v -1.850047 0.199440 0.073392
v -1.855834 0.185198 -0.066869
v -1.855834 0.182824 0.073111
v -1.863203 0.169553 -0.067135
v -1.863203 0.167179 0.072845
v -1.872125 0.154915 -0.067383
v -1.872125 0.152541 0.072597
v -1.882568 0.141318 -0.067613
v -1.882568 0.138945 0.072366
v -1.894500 0.128798 -0.067826
v -1.894500 0.126424 0.072154
v -1.907891 0.117389 -0.068019
v -1.907891 0.115015 0.071961
v -1.922709 0.107125 -0.068193
v -1.922709 0.104752 0.071787
v -1.938922 0.098042 -0.068347
v -1.938922 0.095668 0.071632
v -1.956500 0.090174 -0.068481
v -1.956500 0.087800 0.071499
v -1.941478 0.079467 -0.068662
v -1.941478 0.077093 0.071317
v -1.927324 0.067844 -0.068859
v -1.927324 0.065470 0.071120
v -1.913907 0.055304 -0.069072
v -1.913907 0.052930 0.070908
v -1.901093 0.041848 -0.069300
v -1.901093 0.039474 0.070679
v -1.888752 0.027475 -0.069544
v -1.888752 0.025101 0.070436
v -1.876750 0.012185 -0.069803
v -1.876750 0.009811 0.070176
v -1.864958 -0.004021 -0.070078
v -1.864958 -0.006395 0.069902
v -1.853241 -0.021143 -0.070369
v -1.853241 -0.023517 0.069611
v -1.841469 -0.039182 -0.070675
v -1.841469 -0.041556 0.069305
v -1.829509 -0.058138 -0.070996
v -1.829509 -0.060512 0.068984
v -1.817231 -0.078010 -0.071333
v -1.817231 -0.080384 0.068647
v -1.804500 -0.098799 -0.071686
v -1.804500 -0.101173 0.068294
v -1.797476 -0.110085 -0.071877
v -1.797476 -0.112459 0.068103
v -1.790806 -0.120601 -0.072055
v -1.790806 -0.122975 0.067925
v -1.784344 -0.130575 -0.072224
v -1.784344 -0.132949 0.067755
v -1.777945 -0.140237 -0.072388
v -1.777945 -0.142611 0.067592
v -1.771462 -0.149816 -0.072551
v -1.771462 -0.152190 0.067429
v -1.764750 -0.159540 -0.072716
v -1.764750 -0.161914 0.067264
v -1.757663 -0.169639 -0.072887
v -1.757663 -0.172013 0.067093
v -1.750056 -0.180343 -0.073068
v -1.750056 -0.182716 0.066911
v -1.741781 -0.191879 -0.073264
v -1.741781 -0.194253 0.066716
v -1.732695 -0.204478 -0.073478
v -1.732695 -0.206852 0.066502
v -1.722649 -0.218368 -0.073713
v -1.722649 -0.220742 0.066267
v -1.711500 -0.233779 -0.073975
v -1.711500 -0.236153 0.066005
v -1.828500 -0.233779 -0.073975
v -1.828500 -0.236153 0.066005
v -1.918500 -0.093799 -0.071601
v -1.918500 -0.096173 0.068379
v -1.940013 -0.061325 -0.071050
v -1.940013 -0.063699 0.068930
v -1.959685 -0.033641 -0.070581
v -1.959685 -0.036015 0.069399
v -1.977719 -0.010374 -0.070186
v -1.977719 -0.012748 0.069794
v -1.994315 0.008853 -0.069860
v -1.994315 0.006479 0.070120
v -2.009675 0.024413 -0.069596
v -2.009675 0.022039 0.070384
v -2.024000 0.036682 -0.069388
v -2.024000 0.034308 0.070592
v -2.037492 0.046035 -0.069229
v -2.037492 0.043661 0.070750
v -2.050352 0.052846 -0.069114
v -2.050352 0.050472 0.070866
v -2.062782 0.057491 -0.069035
v -2.062782 0.055117 0.070945
v -2.074982 0.060345 -0.068987
v -2.074982 0.057971 0.070993
v -2.087154 0.061782 -0.068962
v -2.087154 0.059408 0.071018
v -2.099500 0.062178 -0.068956
v -2.099500 0.059804 0.071024
v -2.140500 0.062178 -0.068956
v -2.140500 0.059804 0.071024
v -2.140500 -0.233779 -0.073975
v -2.140500 -0.236153 0.066005
v -2.238500 -0.233779 -0.073975
v -2.238500 -0.236153 0.066005
v -2.238500 0.448123 -0.062410
v -2.238500 0.445749 0.077569
v -2.066500 0.448123 -0.062410
v -2.066500 0.445749 0.077569
v -2.077500 0.150166 -0.067463
v -2.077500 0.147792 0.072516
v -2.052787 0.151261 -0.067445
v -2.052787 0.148887 0.072535
v -2.031046 0.154429 -0.067391
v -2.031046 0.152055 0.072589
v -2.012125 0.159492 -0.067305
v -2.012125 0.157118 0.072675
v -1.995870 0.166274 -0.067190
v -1.995870 0.163900 0.072790
v -1.982130 0.174598 -0.067049
v -1.982130 0.172224 0.072931
v -1.970750 0.184286 -0.066885
v -1.970750 0.181912 0.073095
v -1.961579 0.195161 -0.066700
v -1.961579 0.192787 0.073280
v -1.954463 0.207046 -0.066499
v -1.954463 0.204672 0.073481
v -1.949250 0.219765 -0.066283
v -1.949250 0.217391 0.073697
v -1.945787 0.233140 -0.066056
v -1.945787 0.230766 0.073924
v -1.943922 0.246994 -0.065821
v -1.943922 0.244620 0.074159
v -1.943500 0.261150 -0.065581
v -1.943500 0.258776 0.074399
v -1.944533 0.276618 -0.065319
v -1.944533 0.274245 0.074661
v -1.947176 0.290997 -0.065075
v -1.947176 0.288623 0.074905
v -1.951500 0.304237 -0.064851
v -1.951500 0.301863 0.075129
v -1.957574 0.316290 -0.064646
v -1.957574 0.313916 0.075334
v -1.965468 0.327107 -0.064463
v -1.965468 0.324733 0.075517
v -1.975250 0.336639 -0.064301
v -1.975250 0.334265 0.075679
v -1.986991 0.344838 -0.064162
v -1.986991 0.342464 0.075818
v -2.000760 0.351655 -0.064046
v -2.000760 0.349281 0.075933
v -2.016625 0.357042 -0.063955
v -2.016625 0.354668 0.076025
v -2.034658 0.360950 -0.063889
v -2.034658 0.358576 0.076091
v -2.054926 0.363331 -0.063848
v -2.054926 0.360957 0.076131
v -2.077500 0.364135 -0.063835
v -2.077500 0.361761 0.076145
v -2.140500 0.364135 -0.063835
v -2.140500 0.361761 0.076145
v -2.140500 0.150166 -0.067463
v -2.140500 0.147792 0.072516
v -1.538500 0.360135 -0.063903
v -1.538500 0.357761 0.076077
v -1.538500 0.154165 -0.067396
v -1.538500 0.151791 0.072584
v -1.259500 0.154165 -0.067396
v -1.259500 0.151791 0.072584
v -1.259500 0.066178 -0.068888
v -1.259500 0.063804 0.071092
v -1.538500 0.066178 -0.068888
v -1.538500 0.063804 0.071092
v -1.538500 -0.145792 -0.072483
v -1.538500 -0.148166 0.067497
v -1.240500 -0.145792 -0.072483
v -1.240500 -0.148166 0.067497
v -1.240500 -0.233779 -0.073975
v -1.240500 -0.236153 0.066005
v -1.636500 -0.233779 -0.073975
v -1.636500 -0.236153 0.066005
v -1.636500 0.448123 -0.062410
v -1.636500 0.445749 0.077569
v -1.249500 0.448123 -0.062410
v -1.249500 0.445749 0.077569
v -1.249500 0.360135 -0.063903
v -1.249500 0.357761 0.076077
v -0.826954 0.311093 -0.064734
v -0.826954 0.308719 0.075246
v -0.841296 0.322497 -0.064541
v -0.841296 0.320123 0.075439
v -0.855500 0.332436 -0.064372
v -0.855500 0.330062 0.075608
v -0.869537 0.340990 -0.064227
v -0.869537 0.338616 0.075753
v -0.883380 0.348238 -0.064104
v -0.883380 0.345864 0.075876
v -0.897000 0.354261 -0.064002
v -0.897000 0.351887 0.075978
v -0.910371 0.359138 -0.063919
v -0.910371 0.356764 0.076060
v -0.923463 0.362950 -0.063855
v -0.923463 0.360576 0.076125
v -0.936250 0.365775 -0.063807
v -0.936250 0.363401 0.076173
v -0.948704 0.367694 -0.063774
v -0.948704 0.365321 0.076205
v -0.960796 0.368787 -0.063756
v -0.960796 0.366414 0.076224
v -0.972500 0.369134 -0.063750
v -0.972500 0.366760 0.076230
v -0.987859 0.368457 -0.063761
v -0.987859 0.366083 0.076218
v -1.002375 0.366468 -0.063795
v -1.002375 0.364094 0.076185
v -1.015953 0.363229 -0.063850
v -1.015953 0.360855 0.076130
v -1.028500 0.358802 -0.063925
v -1.028500 0.356428 0.076055
v -1.039922 0.353251 -0.064019
v -1.039922 0.350877 0.075961
v -1.050125 0.346637 -0.064131
v -1.050125 0.344263 0.075848
v -1.059016 0.339024 -0.064261
v -1.059016 0.336650 0.075719
v -1.066500 0.330473 -0.064406
v -1.066500 0.328099 0.075574
v -1.072485 0.321047 -0.064565
v -1.072485 0.318673 0.075414
v -1.076875 0.310809 -0.064739
v -1.076875 0.308435 0.075241
v -1.079578 0.299821 -0.064925
v -1.079578 0.297447 0.075054
v -1.080500 0.288146 -0.065123
v -1.080500 0.285772 0.074856
v -1.074696 0.257967 -0.065635
v -1.074696 0.255593 0.074345
v -1.058648 0.232107 -0.066074
v -1.058648 0.229734 0.073906
v -1.034406 0.209345 -0.066460
v -1.034406 0.206971 0.073520
v -1.004019 0.188456 -0.066814
v -1.004019 0.186082 0.073166
v -0.969534 0.168221 -0.067157
v -0.969534 0.165847 0.072823
v -0.933000 0.147416 -0.067510
v -0.933000 0.145042 0.072470
v -0.896467 0.124820 -0.067893
v -0.896467 0.122446 0.072087
v -0.861982 0.099210 -0.068328
v -0.861982 0.096836 0.071652
v -0.831594 0.069365 -0.068834
v -0.831594 0.066991 0.071146
v -0.807352 0.034062 -0.069432
v -0.807352 0.031688 0.070547
v -0.791305 -0.007921 -0.070144
v -0.791305 -0.010294 0.069835
v -0.785500 -0.057805 -0.070990
v -0.785500 -0.060178 0.068989
v -0.787157 -0.083918 -0.071433
v -0.787157 -0.086292 0.068547
v -0.792009 -0.108654 -0.071853
v -0.792009 -0.111028 0.068127
v -0.799875 -0.131841 -0.072246
v -0.799875 -0.134215 0.067734
v -0.810574 -0.153309 -0.072610
v -0.810574 -0.155683 0.067370
v -0.823926 -0.172889 -0.072942
v -0.823926 -0.175263 0.067038
v -0.839750 -0.190411 -0.073239
v -0.839750 -0.192784 0.066741
v -0.857866 -0.205703 -0.073499
v -0.857866 -0.208077 0.066481
v -0.878093 -0.218596 -0.073717
v -0.878093 -0.220970 0.066263
v -0.900250 -0.228921 -0.073892
v -0.900250 -0.231295 0.066088
v -0.924158 -0.236506 -0.074021
v -0.924158 -0.238880 0.065959
v -0.949634 -0.241182 -0.074100
v -0.949634 -0.243555 0.065880
v -0.976500 -0.242778 -0.074127
v -0.976500 -0.245152 0.065853
v -0.994715 -0.242360 -0.074120
v -0.994715 -0.244734 0.065860
v -1.012384 -0.241098 -0.074099
v -1.012384 -0.243472 0.065881
v -1.029547 -0.238982 -0.074063
v -1.029547 -0.241356 0.065917
v -1.046241 -0.236001 -0.074012
v -1.046241 -0.238375 0.065967
v -1.062504 -0.232146 -0.073947
v -1.062504 -0.234520 0.066033
v -1.078375 -0.227405 -0.073867
v -1.078375 -0.229779 0.066113
v -1.093892 -0.221769 -0.073771
v -1.093892 -0.224143 0.066209
v -1.109093 -0.215226 -0.073660
v -1.109093 -0.217600 0.066320
v -1.124016 -0.207767 -0.073534
v -1.124016 -0.210141 0.066446
v -1.138699 -0.199381 -0.073391
v -1.138699 -0.201755 0.066589
v -1.153181 -0.190058 -0.073233
v -1.153181 -0.192432 0.066747
v -1.167500 -0.179787 -0.073059
v -1.167500 -0.182161 0.066921
v -1.167500 -0.055805 -0.070956
v -1.167500 -0.058179 0.069023
v -1.154734 -0.071195 -0.071217
v -1.154734 -0.073569 0.068762
v -1.141459 -0.085356 -0.071458
v -1.141459 -0.087730 0.068522
v -1.127703 -0.098268 -0.071677
v -1.127703 -0.100641 0.068303
v -1.113500 -0.109908 -0.071874
v -1.113500 -0.112282 0.068106
v -1.098880 -0.120257 -0.072049
v -1.098880 -0.122631 0.067930
v -1.083875 -0.129294 -0.072203
v -1.083875 -0.131668 0.067777
v -1.068516 -0.136998 -0.072333
v -1.068516 -0.139372 0.067646
v -1.052833 -0.143348 -0.072441
v -1.052833 -0.145722 0.067539
v -1.036860 -0.148323 -0.072525
v -1.036860 -0.150697 0.067454
v -1.020625 -0.151902 -0.072586
v -1.020625 -0.154276 0.067394
v -1.004162 -0.154065 -0.072623
v -1.004162 -0.156439 0.067357
v -0.987500 -0.154791 -0.072635
v -0.987500 -0.157165 0.067345
v -0.969351 -0.153824 -0.072619
v -0.969351 -0.156198 0.067361
v -0.952889 -0.151060 -0.072572
v -0.952889 -0.153434 0.067408
v -0.938094 -0.146698 -0.072498
v -0.938094 -0.149072 0.067482
v -0.924945 -0.140941 -0.072400
v -0.924945 -0.143315 0.067580
v -0.913420 -0.133989 -0.072282
v -0.913420 -0.136363 0.067697
v -0.903500 -0.126045 -0.072148
v -0.903500 -0.128419 0.067832
v -0.895163 -0.117309 -0.071999
v -0.895163 -0.119683 0.067980
v -0.888389 -0.107983 -0.071841
v -0.888389 -0.110356 0.068139
v -0.883156 -0.098268 -0.071677
v -0.883156 -0.100641 0.068303
v -0.879445 -0.088365 -0.071509
v -0.879445 -0.090739 0.068471
v -0.877233 -0.078476 -0.071341
v -0.877233 -0.080850 0.068639
v -0.876500 -0.068803 -0.071177
v -0.876500 -0.071177 0.068803
v -0.882304 -0.035991 -0.070620
v -0.882304 -0.038365 0.069359
v -0.898352 -0.007358 -0.070135
v -0.898352 -0.009732 0.069845
v -0.922594 0.018122 -0.069703
v -0.922594 0.015748 0.070277
v -0.952981 0.041477 -0.069307
v -0.952981 0.039104 0.070673
v -0.987466 0.063736 -0.068929
v -0.987466 0.061362 0.071051
v -1.024000 0.085925 -0.068553
v -1.024000 0.083551 0.071427
v -1.060534 0.109072 -0.068160
v -1.060534 0.106698 0.071820
v -1.095019 0.134205 -0.067734
v -1.095019 0.131831 0.072246
v -1.125406 0.162351 -0.067257
v -1.125406 0.159977 0.072723
v -1.149648 0.194539 -0.066711
v -1.149648 0.192165 0.073269
v -1.165696 0.231795 -0.066079
v -1.165696 0.229421 0.073901
v -1.171500 0.275148 -0.065344
v -1.171500 0.272774 0.074636
v -1.169814 0.302042 -0.064888
v -1.169814 0.299668 0.075092
v -1.164847 0.327163 -0.064462
v -1.164847 0.324789 0.075518
v -1.156735 0.350402 -0.064068
v -1.156735 0.348028 0.075912
v -1.145611 0.371652 -0.063707
v -1.145611 0.369278 0.076273
v -1.131613 0.390805 -0.063382
v -1.131613 0.388431 0.076597
v -1.114875 0.407753 -0.063095
v -1.114875 0.405380 0.076885
v -1.095533 0.422390 -0.062847
v -1.095533 0.420016 0.077133
v -1.073722 0.434606 -0.062640
v -1.073722 0.432232 0.077340
v -1.049578 0.444295 -0.062475
v -1.049578 0.441921 0.077505
v -1.023236 0.451349 -0.062356
v -1.023236 0.448975 0.077624
v -0.994832 0.455660 -0.062283
v -0.994832 0.453286 0.077697
v -0.964500 0.457121 -0.062258
v -0.964500 0.454748 0.077722
v -0.951503 0.456788 -0.062263
v -0.951503 0.454414 0.077716
v -0.938519 0.455788 -0.062280
v -0.938519 0.453414 0.077699
v -0.925563 0.454122 -0.062309
v -0.925563 0.451748 0.077671
v -0.912648 0.451789 -0.062348
v -0.912648 0.449415 0.077632
v -0.899790 0.448789 -0.062399
v -0.899790 0.446415 0.077581
v -0.887000 0.445123 -0.062461
v -0.887000 0.442749 0.077519
v -0.874294 0.440790 -0.062535
v -0.874294 0.438417 0.077445
v -0.861685 0.435791 -0.062620
v -0.861685 0.433417 0.077360
v -0.849188 0.430125 -0.062716
v -0.849188 0.427751 0.077264
v -0.836815 0.423793 -0.062823
v -0.836815 0.421419 0.077157
v -0.824581 0.416794 -0.062942
v -0.824581 0.414420 0.077038
v -0.812500 0.409128 -0.063072
v -0.812500 0.406754 0.076908
v -0.812500 0.298144 -0.064954
v -0.812500 0.295770 0.075026
v -0.368954 0.311093 -0.064734
v -0.368954 0.308719 0.075246
v -0.383296 0.322497 -0.064541
v -0.383296 0.320123 0.075439
v -0.397500 0.332436 -0.064372
v -0.397500 0.330062 0.075608
v -0.411537 0.340990 -0.064227
v -0.411537 0.338616 0.075753
v -0.425380 0.348238 -0.064104
v -0.425380 0.345864 0.075876
v -0.439000 0.354261 -0.064002
v -0.439000 0.351887 0.075978
v -0.452370 0.359138 -0.063919
v -0.452370 0.356764 0.076060
v -0.465463 0.362950 -0.063855
v -0.465463 0.360576 0.076125
v -0.478250 0.365775 -0.063807
v -0.478250 0.363401 0.076173
v -0.490704 0.367694 -0.063774
v -0.490704 0.365321 0.076205
v -0.502796 0.368787 -0.063756
v -0.502796 0.366414 0.076224
v -0.514500 0.369134 -0.063750
v -0.514500 0.366760 0.076230
v -0.529859 0.368457 -0.063761
v -0.529859 0.366083 0.076218
v -0.544375 0.366468 -0.063795
v -0.544375 0.364094 0.076185
v -0.557953 0.363229 -0.063850
v -0.557953 0.360855 0.076130
v -0.570500 0.358802 -0.063925
v -0.570500 0.356428 0.076055
v -0.581922 0.353251 -0.064019
v -0.581922 0.350877 0.075961
v -0.592125 0.346637 -0.064131
v -0.592125 0.344263 0.075848
v -0.601016 0.339024 -0.064261
v -0.601016 0.336650 0.075719
v -0.608500 0.330473 -0.064406
v -0.608500 0.328099 0.075574
v -0.614484 0.321047 -0.064565
v -0.614484 0.318673 0.075414
v -0.618875 0.310809 -0.064739
v -0.618875 0.308435 0.075241
v -0.621578 0.299821 -0.064925
v -0.621578 0.297447 0.075054
v -0.622500 0.288146 -0.065123
v -0.622500 0.285772 0.074856
v -0.616696 0.257967 -0.065635
v -0.616696 0.255593 0.074345
v -0.600648 0.232107 -0.066074
v -0.600648 0.229734 0.073906
v -0.576406 0.209345 -0.066460
v -0.576406 0.206971 0.073520
v -0.546019 0.188456 -0.066814
v -0.546019 0.186082 0.073166
v -0.511534 0.168221 -0.067157
v -0.511534 0.165847 0.072823
v -0.475000 0.147416 -0.067510
v -0.475000 0.145042 0.072470
v -0.438466 0.124820 -0.067893
v -0.438466 0.122446 0.072087
v -0.403982 0.099210 -0.068328
v -0.403982 0.096836 0.071652
v -0.373594 0.069365 -0.068834
v -0.373594 0.066991 0.071146
v -0.349352 0.034062 -0.069432
v -0.349352 0.031688 0.070547
v -0.333304 -0.007921 -0.070144
v -0.333304 -0.010294 0.069835
v -0.327500 -0.057805 -0.070990
v -0.327500 -0.060178 0.068989
v -0.329157 -0.083918 -0.071433
v -0.329157 -0.086292 0.068547
v -0.334009 -0.108654 -0.071853
v -0.334009 -0.111028 0.068127
v -0.341875 -0.131841 -0.072246
v -0.341875 -0.134215 0.067734
v -0.352574 -0.153309 -0.072610
v -0.352574 -0.155683 0.067370
v -0.365926 -0.172889 -0.072942
v -0.365926 -0.175263 0.067038
v -0.381750 -0.190411 -0.073239
v -0.381750 -0.192784 0.066741
v -0.399866 -0.205703 -0.073499
v -0.399866 -0.208077 0.066481
v -0.420093 -0.218596 -0.073717
v -0.420093 -0.220970 0.066263
v -0.442250 -0.228921 -0.073892
v -0.442250 -0.231295 0.066088
v -0.466157 -0.236506 -0.074021
v -0.466157 -0.238880 0.065959
v -0.491634 -0.241182 -0.074100
v -0.491634 -0.243555 0.065880
v -0.518500 -0.242778 -0.074127
v -0.518500 -0.245152 0.065853
v -0.536715 -0.242360 -0.074120
v -0.536715 -0.244734 0.065860
v -0.554384 -0.241098 -0.074099
v -0.554384 -0.243472 0.065881
v -0.571547 -0.238982 -0.074063
v -0.571547 -0.241356 0.065917
v -0.588241 -0.236001 -0.074012
v -0.588241 -0.238375 0.065967
v -0.604504 -0.232146 -0.073947
v -0.604504 -0.234520 0.066033
v -0.620375 -0.227405 -0.073867
v -0.620375 -0.229779 0.066113
v -0.635892 -0.221769 -0.073771
v -0.635892 -0.224143 0.066209
v -0.651093 -0.215226 -0.073660
v -0.651093 -0.217600 0.066320
v -0.666016 -0.207767 -0.073534
v -0.666016 -0.210141 0.066446
v -0.680699 -0.199381 -0.073391
v -0.680699 -0.201755 0.066589
v -0.695181 -0.190058 -0.073233
v -0.695181 -0.192432 0.066747
v -0.709500 -0.179787 -0.073059
v -0.709500 -0.182161 0.066921
v -0.709500 -0.055805 -0.070956
v -0.709500 -0.058179 0.069023
v -0.696735 -0.071195 -0.071217
v -0.696735 -0.073569 0.068762
v -0.683459 -0.085356 -0.071458
v -0.683459 -0.087730 0.068522
v -0.669703 -0.098268 -0.071677
v -0.669703 -0.100641 0.068303
v -0.655500 -0.109908 -0.071874
v -0.655500 -0.112282 0.068106
v -0.640880 -0.120257 -0.072049
v -0.640880 -0.122631 0.067930
v -0.625875 -0.129294 -0.072203
v -0.625875 -0.131668 0.067777
v -0.610516 -0.136998 -0.072333
v -0.610516 -0.139372 0.067646
v -0.594833 -0.143348 -0.072441
v -0.594833 -0.145722 0.067539
v -0.578860 -0.148323 -0.072525
v -0.578860 -0.150697 0.067454
v -0.562625 -0.151902 -0.072586
v -0.562625 -0.154276 0.067394
v -0.546162 -0.154065 -0.072623
v -0.546162 -0.156439 0.067357
v -0.529500 -0.154791 -0.072635
v -0.529500 -0.157165 0.067345
v -0.511351 -0.153824 -0.072619
v -0.511351 -0.156198 0.067361
v -0.494889 -0.151060 -0.072572
v -0.494889 -0.153434 0.067408
v -0.480094 -0.146698 -0.072498
v -0.480094 -0.149072 0.067482
v -0.466945 -0.140941 -0.072400
v -0.466945 -0.143315 0.067580
v -0.455420 -0.133989 -0.072282
v -0.455420 -0.136363 0.067697
v -0.445500 -0.126045 -0.072148
v -0.445500 -0.128419 0.067832
v -0.437163 -0.117309 -0.071999
v -0.437163 -0.119683 0.067980
v -0.430389 -0.107983 -0.071841
v -0.430389 -0.110356 0.068139
v -0.425156 -0.098268 -0.071677
v -0.425156 -0.100641 0.068303
v -0.421445 -0.088365 -0.071509
v -0.421445 -0.090739 0.068471
v -0.419233 -0.078476 -0.071341
v -0.419233 -0.080850 0.068639
v -0.418500 -0.068803 -0.071177
v -0.418500 -0.071177 0.068803
v -0.424305 -0.035991 -0.070620
v -0.424305 -0.038365 0.069359
v -0.440352 -0.007358 -0.070135
v -0.440352 -0.009732 0.069845
v -0.464594 0.018122 -0.069703
v -0.464594 0.015748 0.070277
v -0.494982 0.041477 -0.069307
v -0.494982 0.039104 0.070673
v -0.529467 0.063736 -0.068929
v -0.529467 0.061362 0.071051
v -0.566000 0.085925 -0.068553
v -0.566000 0.083551 0.071427
v -0.602534 0.109072 -0.068160
v -0.602534 0.106698 0.071820
v -0.637019 0.134205 -0.067734
v -0.637019 0.131831 0.072246
v -0.667406 0.162351 -0.067257
v -0.667406 0.159977 0.072723
v -0.691648 0.194539 -0.066711
v -0.691648 0.192165 0.073269
v -0.707696 0.231795 -0.066079
v -0.707696 0.229421 0.073901
v -0.713500 0.275148 -0.065344
v -0.713500 0.272774 0.074636
v -0.711814 0.302042 -0.064888
v -0.711814 0.299668 0.075092
v -0.706847 0.327163 -0.064462
v -0.706847 0.324789 0.075518
v -0.698735 0.350402 -0.064068
v -0.698735 0.348028 0.075912
v -0.687611 0.371652 -0.063707
v -0.687611 0.369278 0.076273
v -0.673613 0.390805 -0.063382
v -0.673613 0.388431 0.076597
v -0.656875 0.407753 -0.063095
v -0.656875 0.405380 0.076885
v -0.637533 0.422390 -0.062847
v -0.637533 0.420016 0.077133
v -0.615722 0.434606 -0.062640
v -0.615722 0.432232 0.077340
v -0.591578 0.444295 -0.062475
v -0.591578 0.441921 0.077505
v -0.565236 0.451349 -0.062356
v -0.565236 0.448975 0.077624
v -0.536832 0.455660 -0.062283
v -0.536832 0.453286 0.077697
v -0.506500 0.457121 -0.062258
v -0.506500 0.454748 0.077722
v -0.493502 0.456788 -0.062263
v -0.493502 0.454414 0.077716
v -0.480519 0.455788 -0.062280
v -0.480519 0.453414 0.077699
v -0.467563 0.454122 -0.062309
v -0.467563 0.451748 0.077671
v -0.454648 0.451789 -0.062348
v -0.454648 0.449415 0.077632
v -0.441789 0.448789 -0.062399
v -0.441789 0.446415 0.077581
v -0.429000 0.445123 -0.062461
v -0.429000 0.442749 0.077519
v -0.416294 0.440790 -0.062535
v -0.416294 0.438417 0.077445
v -0.403685 0.435791 -0.062620
v -0.403685 0.433417 0.077360
v -0.391188 0.430125 -0.062716
v -0.391188 0.427751 0.077264
v -0.378815 0.423793 -0.062823
v -0.378815 0.421419 0.077157
v -0.366581 0.416794 -0.062942
v -0.366581 0.414420 0.077038
v -0.354500 0.409128 -0.063072
v -0.354500 0.406754 0.076908
v -0.354500 0.298144 -0.064954
v -0.354500 0.295770 0.075026
v 0.367046 0.311093 -0.064734
v 0.367046 0.308719 0.075246
v 0.352704 0.322497 -0.064541
v 0.352704 0.320123 0.075439
v 0.338500 0.332436 -0.064372
v 0.338500 0.330062 0.075608
v 0.324463 0.340990 -0.064227
v 0.324463 0.338616 0.075753
v 0.310620 0.348238 -0.064104
v 0.310620 0.345864 0.075876
v 0.297000 0.354261 -0.064002
v 0.297000 0.351887 0.075978
v 0.283630 0.359138 -0.063919
v 0.283630 0.356764 0.076060
v 0.270537 0.362950 -0.063855
v 0.270537 0.360576 0.076125
v 0.257750 0.365775 -0.063807
v 0.257750 0.363401 0.076173
v 0.245296 0.367694 -0.063774
v 0.245296 0.365321 0.076205
v 0.233204 0.368787 -0.063756
v 0.233204 0.366414 0.076224
v 0.221500 0.369134 -0.063750
v 0.221500 0.366760 0.076230
v 0.206141 0.368457 -0.063761
v 0.206141 0.366083 0.076218
v 0.191625 0.366468 -0.063795
v 0.191625 0.364094 0.076185
v 0.178047 0.363229 -0.063850
v 0.178047 0.360855 0.076130
v 0.165500 0.358802 -0.063925
v 0.165500 0.356428 0.076055
v 0.154078 0.353251 -0.064019
v 0.154078 0.350877 0.075961
v 0.143875 0.346637 -0.064131
v 0.143875 0.344263 0.075848
v 0.134984 0.339024 -0.064261
v 0.134984 0.336650 0.075719
v 0.127500 0.330473 -0.064406
v 0.127500 0.328099 0.075574
v 0.121516 0.321047 -0.064565
v 0.121516 0.318673 0.075414
v 0.117125 0.310809 -0.064739
v 0.117125 0.308435 0.075241
v 0.114422 0.299821 -0.064925
v 0.114422 0.297447 0.075054
v 0.113500 0.288146 -0.065123
v 0.113500 0.285772 0.074856
v 0.119304 0.257967 -0.065635
v 0.119304 0.255593 0.074345
v 0.135352 0.232107 -0.066074
v 0.135352 0.229734 0.073906
v 0.159594 0.209345 -0.066460
v 0.159594 0.206971 0.073520
v 0.189981 0.188456 -0.066814
v 0.189981 0.186082 0.073166
v 0.224466 0.168221 -0.067157
v 0.224466 0.165847 0.072823
v 0.261000 0.147416 -0.067510
v 0.261000 0.145042 0.072470
v 0.297534 0.124820 -0.067893
v 0.297534 0.122446 0.072087
v 0.332019 0.099210 -0.068328
v 0.332019 0.096836 0.071652
v 0.362406 0.069365 -0.068834
v 0.362406 0.066991 0.071146
v 0.386648 0.034062 -0.069432
v 0.386648 0.031688 0.070547
v 0.402696 -0.007921 -0.070144
v 0.402696 -0.010294 0.069835
v 0.408500 -0.057805 -0.070990
v 0.408500 -0.060178 0.068989
v 0.406843 -0.083918 -0.071433
v 0.406843 -0.086292 0.068547
v 0.401991 -0.108654 -0.071853
v 0.401991 -0.111028 0.068127
v 0.394125 -0.131841 -0.072246
v 0.394125 -0.134215 0.067734
v 0.383426 -0.153309 -0.072610
v 0.383426 -0.155683 0.067370
v 0.370074 -0.172889 -0.072942
v 0.370074 -0.175263 0.067038
v 0.354250 -0.190411 -0.073239
v 0.354250 -0.192784 0.066741
v 0.336134 -0.205703 -0.073499
v 0.336134 -0.208077 0.066481
v 0.315907 -0.218596 -0.073717
v 0.315907 -0.220970 0.066263
v 0.293750 -0.228921 -0.073892
v 0.293750 -0.231295 0.066088
v 0.269843 -0.236506 -0.074021
v 0.269843 -0.238880 0.065959
v 0.244366 -0.241182 -0.074100
v 0.244366 -0.243555 0.065880
v 0.217500 -0.242778 -0.074127
v 0.217500 -0.245152 0.065853
v 0.199285 -0.242360 -0.074120
v 0.199285 -0.244734 0.065860
v 0.181616 -0.241098 -0.074099
v 0.181616 -0.243472 0.065881
v 0.164453 -0.238982 -0.074063
v 0.164453 -0.241356 0.065917
v 0.147759 -0.236001 -0.074012
v 0.147759 -0.238375 0.065967
v 0.131496 -0.232146 -0.073947
v 0.131496 -0.234520 0.066033
v 0.115625 -0.227405 -0.073867
v 0.115625 -0.229779 0.066113
v 0.100108 -0.221769 -0.073771
v 0.100108 -0.224143 0.066209
v 0.084907 -0.215226 -0.073660
v 0.084907 -0.217600 0.066320
v 0.069984 -0.207767 -0.073534
v 0.069984 -0.210141 0.066446
v 0.055301 -0.199381 -0.073391
v 0.055301 -0.201755 0.066589
v 0.040819 -0.190058 -0.073233
v 0.040819 -0.192432 0.066747
v 0.026500 -0.179787 -0.073059
v 0.026500 -0.182161 0.066921
v 0.026500 -0.055805 -0.070956
v 0.026500 -0.058179 0.069023
v 0.039266 -0.071195 -0.071217
v 0.039266 -0.073569 0.068762
v 0.052542 -0.085356 -0.071458
v 0.052542 -0.087730 0.068522
v 0.066297 -0.098268 -0.071677
v 0.066297 -0.100641 0.068303
v 0.080500 -0.109908 -0.071874
v 0.080500 -0.112282 0.068106
v 0.095120 -0.120257 -0.072049
v 0.095120 -0.122631 0.067930
v 0.110125 -0.129294 -0.072203
v 0.110125 -0.131668 0.067777
v 0.125484 -0.136998 -0.072333
v 0.125484 -0.139372 0.067646
v 0.141167 -0.143348 -0.072441
v 0.141167 -0.145722 0.067539
v 0.157141 -0.148323 -0.072525
v 0.157141 -0.150697 0.067454
v 0.173375 -0.151902 -0.072586
v 0.173375 -0.154276 0.067394
v 0.189838 -0.154065 -0.072623
v 0.189838 -0.156439 0.067357
v 0.206500 -0.154791 -0.072635
v 0.206500 -0.157165 0.067345
v 0.224649 -0.153824 -0.072619
v 0.224649 -0.156198 0.067361
v 0.241111 -0.151060 -0.072572
v 0.241111 -0.153434 0.067408
v 0.255906 -0.146698 -0.072498
v 0.255906 -0.149072 0.067482
v 0.269055 -0.140941 -0.072400
v 0.269055 -0.143315 0.067580
v 0.280580 -0.133989 -0.072282
v 0.280580 -0.136363 0.067697
v 0.290500 -0.126045 -0.072148
v 0.290500 -0.128419 0.067832
v 0.298837 -0.117309 -0.071999
v 0.298837 -0.119683 0.067980
v 0.305611 -0.107983 -0.071841
v 0.305611 -0.110356 0.068139
v 0.310844 -0.098268 -0.071677
v 0.310844 -0.100641 0.068303
v 0.314556 -0.088365 -0.071509
v 0.314556 -0.090739 0.068471
v 0.316767 -0.078476 -0.071341
v 0.316767 -0.080850 0.068639
v 0.317500 -0.068803 -0.071177
v 0.317500 -0.071177 0.068803
v 0.311696 -0.035991 -0.070620
v 0.311696 -0.038365 0.069359
v 0.295648 -0.007358 -0.070135
v 0.295648 -0.009732 0.069845
v 0.271406 0.018122 -0.069703
v 0.271406 0.015748 0.070277
v 0.241018 0.041477 -0.069307
v 0.241018 0.039104 0.070673
v 0.206534 0.063736 -0.068929
v 0.206534 0.061362 0.071051
v 0.170000 0.085925 -0.068553
v 0.170000 0.083551 0.071427
v 0.133466 0.109072 -0.068160
v 0.133466 0.106698 0.071820
v 0.098981 0.134205 -0.067734
v 0.098981 0.131831 0.072246
v 0.068594 0.162351 -0.067257
v 0.068594 0.159977 0.072723
v 0.044352 0.194539 -0.066711
v 0.044352 0.192165 0.073269
v 0.028304 0.231795 -0.066079
v 0.028304 0.229421 0.073901
v 0.022500 0.275148 -0.065344
v 0.022500 0.272774 0.074636
v 0.024186 0.302042 -0.064888
v 0.024186 0.299668 0.075092
v 0.029153 0.327163 -0.064462
v 0.029153 0.324789 0.075518
v 0.037266 0.350402 -0.064068
v 0.037266 0.348028 0.075912
v 0.048389 0.371652 -0.063707
v 0.048389 0.369278 0.076273
v 0.062387 0.390805 -0.063382
v 0.062387 0.388431 0.076597
v 0.079125 0.407753 -0.063095
v 0.079125 0.405380 0.076885
v 0.098467 0.422390 -0.062847
v 0.098467 0.420016 0.077133
v 0.120278 0.434606 -0.062640
v 0.120278 0.432232 0.077340
v 0.144422 0.444295 -0.062475
v 0.144422 0.441921 0.077505
v 0.170764 0.451349 -0.062356
v 0.170764 0.448975 0.077624
v 0.199168 0.455660 -0.062283
v 0.199168 0.453286 0.077697
v 0.229500 0.457121 -0.062258
v 0.229500 0.454748 0.077722
v 0.242498 0.456788 -0.062263
v 0.242498 0.454414 0.077716
v 0.255481 0.455788 -0.062280
v 0.255481 0.453414 0.077699
v 0.268437 0.454122 -0.062309
v 0.268437 0.451748 0.077671
v 0.281352 0.451789 -0.062348
v 0.281352 0.449415 0.077632
v 0.294211 0.448789 -0.062399
v 0.294211 0.446415 0.077581
v 0.307000 0.445123 -0.062461
v 0.307000 0.442749 0.077519
v 0.319706 0.440790 -0.062535
v 0.319706 0.438417 0.077445
v 0.332315 0.435791 -0.062620
v 0.332315 0.433417 0.077360
v 0.344812 0.430125 -0.062716
v 0.344812 0.427751 0.077264
v 0.357185 0.423793 -0.062823
v 0.357185 0.421419 0.077157
v 0.369419 0.416794 -0.062942
v 0.369419 0.414420 0.077038
v 0.381500 0.409128 -0.063072
v 0.381500 0.406754 0.076908
v 0.381500 0.298144 -0.064954
v 0.381500 0.295770 0.075026
v 0.759070 0.446329 -0.062441
v 0.759070 0.443955 0.077539
v 0.791310 0.441105 -0.062529
v 0.791310 0.438731 0.077450
v 0.820266 0.432687 -0.062672
v 0.820266 0.430314 0.077308
v 0.845981 0.421312 -0.062865
v 0.845981 0.418938 0.077115
v 0.868503 0.407214 -0.063104
v 0.868503 0.404840 0.076876
v 0.887875 0.390631 -0.063385
v 0.887875 0.388257 0.076594
v 0.904143 0.371798 -0.063705
v 0.904143 0.369424 0.076275
v 0.917352 0.350951 -0.064058
v 0.917352 0.348578 0.075922
v 0.927547 0.328327 -0.064442
v 0.927547 0.325954 0.075538
v 0.934773 0.304162 -0.064852
v 0.934773 0.301788 0.075128
v 0.939076 0.278691 -0.065284
v 0.939076 0.276317 0.074696
v 0.940500 0.252151 -0.065734
v 0.940500 0.249777 0.074246
v 0.938992 0.225919 -0.066179
v 0.938992 0.223545 0.073801
v 0.934435 0.200857 -0.066604
v 0.934435 0.198483 0.073376
v 0.926781 0.177177 -0.067005
v 0.926781 0.174803 0.072975
v 0.915981 0.155091 -0.067380
v 0.915981 0.152717 0.072600
v 0.901987 0.134810 -0.067724
v 0.901987 0.132436 0.072256
v 0.884750 0.116545 -0.068034
v 0.884750 0.114171 0.071946
v 0.864221 0.100510 -0.068306
v 0.864221 0.098136 0.071674
v 0.840352 0.086915 -0.068536
v 0.840352 0.084541 0.071444
v 0.813094 0.075973 -0.068722
v 0.813094 0.073599 0.071258
v 0.782398 0.067895 -0.068859
v 0.782398 0.065521 0.071121
v 0.748216 0.062893 -0.068943
v 0.748216 0.060519 0.071036
v 0.710500 0.061178 -0.068973
v 0.710500 0.058804 0.071007
v 0.608500 0.061178 -0.068973
v 0.608500 0.058804 0.071007
v 0.608500 -0.233779 -0.073975
v 0.608500 -0.236153 0.066005
v 0.510500 -0.233779 -0.073975
v 0.510500 -0.236153 0.066005
v 0.510500 0.448123 -0.062410
v 0.510500 0.445749 0.077569
v 0.723500 0.448123 -0.062410
v 0.723500 0.445749 0.077569
v 0.719500 0.149166 -0.067480
v 0.719500 0.146792 0.072499
v 0.737196 0.149972 -0.067467
v 0.737196 0.147598 0.072513
v 0.753736 0.152369 -0.067426
v 0.753736 0.149995 0.072554
v 0.769047 0.156321 -0.067359
v 0.769047 0.153947 0.072621
v 0.783055 0.161793 -0.067266
v 0.783055 0.159420 0.072714
v 0.795689 0.168752 -0.067148
v 0.795689 0.166378 0.072832
v 0.806875 0.177162 -0.067006
v 0.806875 0.174788 0.072974
v 0.816540 0.186988 -0.066839
v 0.816540 0.184614 0.073141
v 0.824611 0.198196 -0.066649
v 0.824611 0.195822 0.073331
v 0.831016 0.210751 -0.066436
v 0.831016 0.208377 0.073544
v 0.835681 0.224618 -0.066201
v 0.835681 0.222244 0.073779
v 0.838533 0.239763 -0.065944
v 0.838533 0.237389 0.074036
v 0.839500 0.256150 -0.065666
v 0.839500 0.253776 0.074314
v 0.838917 0.268698 -0.065453
v 0.838917 0.266324 0.074527
v 0.837088 0.281211 -0.065241
v 0.837088 0.278838 0.074739
v 0.833891 0.293489 -0.065033
v 0.833891 0.291115 0.074947
v 0.829204 0.305328 -0.064832
v 0.829204 0.302955 0.075148
v 0.822906 0.316529 -0.064642
v 0.822906 0.314155 0.075338
v 0.814875 0.326890 -0.064466
v 0.814875 0.324516 0.075513
v 0.804990 0.336209 -0.064308
v 0.804990 0.333836 0.075672
v 0.793130 0.344286 -0.064171
v 0.793130 0.341912 0.075809
v 0.779172 0.350918 -0.064059
v 0.779172 0.348544 0.075921
v 0.762995 0.355904 -0.063974
v 0.762995 0.353531 0.076006
v 0.744479 0.359044 -0.063921
v 0.744479 0.356670 0.076059
v 0.723500 0.360135 -0.063903
v 0.723500 0.357761 0.076077
v 0.608500 0.360135 -0.063903
v 0.608500 0.357761 0.076077
v 0.608500 0.149166 -0.067480
v 0.608500 0.146792 0.072499
v 1.517500 -0.233779 -0.073975
v 1.517500 -0.236153 0.066005
v 1.426500 -0.032808 -0.070566
v 1.426500 -0.035182 0.069413
v 1.136500 -0.032808 -0.070566
v 1.136500 -0.035182 0.069413
v 1.050500 -0.233779 -0.073975
v 1.050500 -0.236153 0.066005
v 0.950500 -0.233779 -0.073975
v 0.950500 -0.236153 0.066005
v 1.243500 0.452122 -0.062343
v 1.243500 0.449748 0.077637
v 1.312500 0.452122 -0.062343
v 1.312500 0.449748 0.077637
v 1.617500 -0.233779 -0.073975
v 1.617500 -0.236153 0.066005
v 1.386500 0.055179 -0.069074
v 1.386500 0.052805 0.070906
v 1.276500 0.302144 -0.064886
v 1.276500 0.299770 0.075094
v 1.174500 0.055179 -0.069074
v 1.174500 0.052805 0.070906
v 2.252739 0.307833 -0.064790
v 2.252739 0.305459 0.075190
v 2.232412 0.318415 -0.064610
v 2.232412 0.316041 0.075370
v 2.212453 0.327906 -0.064449
v 2.212453 0.325532 0.075531
v 2.192796 0.336324 -0.064306
v 2.192796 0.333950 0.075673
v 2.173376 0.343687 -0.064182
v 2.173376 0.341313 0.075798
v 2.154125 0.350012 -0.064074
v 2.154125 0.347638 0.075906
v 2.134979 0.355316 -0.063984
v 2.134979 0.352942 0.075996
v 2.115870 0.359617 -0.063911
v 2.115870 0.357243 0.076069
v 2.096734 0.362932 -0.063855
v 2.096734 0.360558 0.076125
v 2.077505 0.365278 -0.063815
v 2.077505 0.362904 0.076165
v 2.058115 0.366673 -0.063792
v 2.058115 0.364299 0.076188
v 2.038500 0.367134 -0.063784
v 2.038500 0.364760 0.076196
v 2.000377 0.364864 -0.063822
v 2.000377 0.362490 0.076157
v 1.964185 0.358219 -0.063935
v 1.964185 0.355845 0.076045
v 1.930188 0.347450 -0.064118
v 1.930188 0.345076 0.075862
v 1.898648 0.332806 -0.064366
v 1.898648 0.330432 0.075614
v 1.869831 0.314538 -0.064676
v 1.869831 0.312164 0.075304
v 1.844000 0.292895 -0.065043
v 1.844000 0.290521 0.074937
v 1.821419 0.268128 -0.065463
v 1.821419 0.265754 0.074517
v 1.802352 0.240486 -0.065932
v 1.802352 0.238112 0.074048
v 1.787063 0.210219 -0.066445
v 1.787063 0.207845 0.073535
v 1.775815 0.177578 -0.066999
v 1.775815 0.175204 0.072981
v 1.768873 0.142812 -0.067588
v 1.768873 0.140438 0.072392
v 1.766500 0.106172 -0.068209
v 1.766500 0.103798 0.071770
v 1.768799 0.068941 -0.068841
v 1.768799 0.066567 0.071139
v 1.775556 0.033872 -0.069436
v 1.775556 0.031498 0.070544
v 1.786563 0.001171 -0.069990
v 1.786563 -0.001203 0.069990
v 1.801611 -0.028957 -0.070501
v 1.801611 -0.031331 0.069479
v 1.820493 -0.056308 -0.070965
v 1.820493 -0.058682 0.069015
v 1.843000 -0.080676 -0.071378
v 1.843000 -0.083050 0.068602
v 1.868924 -0.101858 -0.071737
v 1.868924 -0.104232 0.068242
v 1.898056 -0.119648 -0.072039
v 1.898056 -0.122021 0.067941
v 1.930188 -0.133841 -0.072280
v 1.930188 -0.136214 0.067700
v 1.965111 -0.144232 -0.072456
v 1.965111 -0.146606 0.067524
v 2.002618 -0.150617 -0.072564
v 2.002618 -0.152991 0.067415
v 2.042500 -0.152791 -0.072601
v 2.042500 -0.155165 0.067379
v 2.061888 -0.152231 -0.072592
v 2.061888 -0.154605 0.067388
v 2.081518 -0.150560 -0.072563
v 2.081518 -0.152934 0.067416
v 2.101344 -0.147792 -0.072516
v 2.101344 -0.150166 0.067463
v 2.121315 -0.143940 -0.072451
v 2.121315 -0.146314 0.067529
v 2.141383 -0.139020 -0.072368
v 2.141383 -0.141394 0.067612
v 2.161500 -0.133044 -0.072266
v 2.161500 -0.135418 0.067714
v 2.181617 -0.126026 -0.072147
v 2.181617 -0.128400 0.067833
v 2.201685 -0.117981 -0.072011
v 2.201685 -0.120355 0.067969
v 2.221656 -0.108922 -0.071857
v 2.221656 -0.111296 0.068123
v 2.241482 -0.098863 -0.071687
v 2.241482 -0.101237 0.068293
v 2.261112 -0.087819 -0.071499
v 2.261112 -0.090193 0.068480
v 2.280500 -0.075802 -0.071296
v 2.280500 -0.078176 0.068684
v 2.280500 -0.182787 -0.073110
v 2.280500 -0.185161 0.066870
v 2.263608 -0.191318 -0.073255
v 2.263608 -0.193692 0.066725
v 2.246370 -0.199381 -0.073391
v 2.246370 -0.201755 0.066589
v 2.228687 -0.206924 -0.073519
v 2.228687 -0.209298 0.066461
v 2.210463 -0.213893 -0.073637
v 2.210463 -0.216267 0.066342
v 2.191599 -0.220238 -0.073745
v 2.191599 -0.222612 0.066235
v 2.172000 -0.225905 -0.073841
v 2.172000 -0.228279 0.066139
v 2.151567 -0.230844 -0.073925
v 2.151567 -0.233218 0.066055
v 2.130203 -0.235001 -0.073995
v 2.130203 -0.237375 0.065984
v 2.107812 -0.238326 -0.074052
v 2.107812 -0.240699 0.065928
v 2.084296 -0.240764 -0.074093
v 2.084296 -0.243138 0.065887
v 2.059558 -0.242266 -0.074119
v 2.059558 -0.244640 0.065861
v 2.033500 -0.242778 -0.074127
v 2.033500 -0.245152 0.065853
v 1.972482 -0.238820 -0.074060
v 1.972482 -0.241194 0.065920
v 1.917352 -0.227526 -0.073869
v 1.917352 -0.229900 0.066111
v 1.868000 -0.209767 -0.073567
v 1.868000 -0.212141 0.066412
v 1.824315 -0.186416 -0.073171
v 1.824315 -0.188790 0.066808
v 1.786185 -0.158343 -0.072695
v 1.786185 -0.160717 0.067284
v 1.753500 -0.126420 -0.072154
v 1.753500 -0.128794 0.067826
v 1.726148 -0.091518 -0.071562
v 1.726148 -0.093892 0.068418
v 1.704019 -0.054509 -0.070934
v 1.704019 -0.056883 0.069045
v 1.687000 -0.016264 -0.070286
v 1.687000 -0.018638 0.069694
v 1.674982 0.022346 -0.069631
v 1.674982 0.019972 0.070349
v 1.667852 0.060449 -0.068985
v 1.667852 0.058075 0.070995
v 1.665500 0.097173 -0.068362
v 1.665500 0.094799 0.071618
v 1.668715 0.147944 -0.067501
v 1.668715 0.145570 0.072479
v 1.678134 0.196048 -0.066685
v 1.678134 0.193674 0.073295
v 1.693422 0.241152 -0.065920
v 1.693422 0.238779 0.074059
v 1.714241 0.282924 -0.065212
v 1.714241 0.280550 0.074768
v 1.740254 0.321030 -0.064566
v 1.740254 0.318656 0.075414
v 1.771125 0.355136 -0.063987
v 1.771125 0.352762 0.075993
v 1.806517 0.384910 -0.063482
v 1.806517 0.382536 0.076497
v 1.846093 0.410017 -0.063057
v 1.846093 0.407643 0.076923
v 1.889516 0.430125 -0.062716
v 1.889516 0.427751 0.077264
v 1.936449 0.444901 -0.062465
v 1.936449 0.442527 0.077515
v 1.986556 0.454011 -0.062311
v 1.986556 0.451637 0.077669
v 2.039500 0.457121 -0.062258
v 2.039500 0.454748 0.077722
v 2.057033 0.456764 -0.062264
v 2.057033 0.454391 0.077716
v 2.074681 0.455682 -0.062282
v 2.074681 0.453308 0.077698
v 2.092516 0.453856 -0.062313
v 2.092516 0.451482 0.077667
v 2.110611 0.451270 -0.062357
v 2.110611 0.448897 0.077623
v 2.129040 0.447907 -0.062414
v 2.129040 0.445533 0.077566
v 2.147875 0.443748 -0.062485
v 2.147875 0.441374 0.077495
v 2.167189 0.438777 -0.062569
v 2.167189 0.436404 0.077411
v 2.187056 0.432977 -0.062667
v 2.187056 0.430603 0.077313
v 2.207547 0.426329 -0.062780
v 2.207547 0.423955 0.077200
v 2.228736 0.418817 -0.062907
v 2.228736 0.416443 0.077072
v 2.250696 0.410423 -0.063050
v 2.250696 0.408049 0.076930
v 2.273500 0.401129 -0.063207
v 2.273500 0.398756 0.076773
v 2.273500 0.296145 -0.064988
v 2.273500 0.293771 0.074992
v 2.498500 0.360135 -0.063903
v 2.498500 0.357761 0.076077
v 2.498500 0.154165 -0.067396
v 2.498500 0.151791 0.072584
v 2.777500 0.154165 -0.067396
v 2.777500 0.151791 0.072584
v 2.777500 0.066178 -0.068888
v 2.777500 0.063804 0.071092
v 2.498500 0.066178 -0.068888
v 2.498500 0.063804 0.071092
v 2.498500 -0.145792 -0.072483
v 2.498500 -0.148166 0.067497
v 2.796500 -0.145792 -0.072483
v 2.796500 -0.148166 0.067497
v 2.796500 -0.233779 -0.073975
v 2.796500 -0.236153 0.066005
v 2.400500 -0.233779 -0.073975
v 2.400500 -0.236153 0.066005
v 2.400500 0.448123 -0.062410
v 2.400500 0.445749 0.077569
v 2.787500 0.448123 -0.062410
v 2.787500 0.445749 0.077569
v 2.787500 0.360135 -0.063903
v 2.787500 0.357761 0.076077
v 2.976500 -0.374759 -0.076366
v 2.976500 -0.377133 0.063614
v 2.976500 0.368134 -0.063767
v 2.976500 0.365760 0.076213
v 2.839500 0.368134 -0.063767
v 2.839500 0.365760 0.076213
v 2.839500 0.448123 -0.062410
v 2.839500 0.445749 0.077569
v 3.072500 0.448123 -0.062410
v 3.072500 0.445749 0.077569
v 3.072500 -0.454748 -0.077722
v 3.072500 -0.457121 0.062258
v 2.839500 -0.454748 -0.077722
v 2.839500 -0.457121 0.062258
v 2.839500 -0.374759 -0.076366
v 2.839500 -0.377133 0.063614
vn -0.0000 -0.0170 0.9999
vn 0.0001 -0.0170 0.9999
vn -0.0000 0.0170 -0.9999
vn 0.0001 0.0170 -0.9999
vn 0.7071 -0.7070 -0.0120
vn 0.7071 0.7070 0.0120
vn -0.7071 -0.7070 -0.0120
vn -0.7071 0.7070 0.0120
vn 0.1053 0.9943 0.0169
vn 0.2200 0.9754 0.0165
vn 0.3427 0.9393 0.0159
vn 0.4688 0.8832 0.0150
vn 0.5921 0.8057 0.0137
vn 0.7056 0.7085 0.0120
vn 0.8030 0.5959 0.0101
vn 0.8804 0.4741 0.0080
vn 0.9370 0.3493 0.0059
vn 0.9739 0.2269 0.0038
vn 0.9939 0.1102 0.0019
vn 1.0000 -0.0019 -0.0000
vn 0.9930 -0.1183 -0.0020
vn 0.9698 -0.2437 -0.0041
vn 0.9273 -0.3743 -0.0063
vn 0.8631 -0.5049 -0.0086
vn 0.7775 -0.6288 -0.0107
vn 0.6734 -0.7392 -0.0125
vn 0.5568 -0.8306 -0.0141
vn 0.4348 -0.9004 -0.0153
vn 0.3142 -0.9492 -0.0161
vn 0.2000 -0.9797 -0.0166
vn 0.0952 -0.9953 -0.0169
vn 0.0227 -0.9996 -0.0170
vn 0.0252 0.9995 0.0170
vn -0.0228 0.9996 0.0170
vn -0.0946 0.9954 0.0169
vn -0.1970 0.9803 0.0166
vn -0.3075 0.9514 0.0161
vn -0.4241 0.9055 0.0154
vn -0.5431 0.8395 0.0142
vn -0.6588 0.7522 0.0128
vn -0.7645 0.6445 0.0109
vn -0.8536 0.5208 0.0088
vn -0.9218 0.3876 0.0066
vn -0.9676 0.2525 0.0043
vn -0.9925 0.1222 0.0021
vn -1.0000 0.0063 0.0001
vn -0.9954 -0.0956 -0.0016
vn -0.9801 -0.1986 -0.0034
vn -0.9505 -0.3105 -0.0053
vn -0.9028 -0.4300 -0.0073
vn -0.8333 -0.5527 -0.0094
vn -0.7405 -0.6720 -0.0114
vn -0.6264 -0.7794 -0.0132
vn -0.4975 -0.8673 -0.0147
vn -0.3629 -0.9317 -0.0158
vn -0.2314 -0.9727 -0.0165
vn -0.1098 -0.9938 -0.0169
vn -0.0260 -0.9995 -0.0170
vn 0.0934 0.9955 0.0169
vn 0.1942 0.9808 0.0166
vn 0.3028 0.9529 0.0162
vn 0.4173 0.9087 0.0154
vn 0.5344 0.8451 0.0143
vn 0.6490 0.7607 0.0129
vn 0.7549 0.6557 0.0111
vn 0.8457 0.5336 0.0090
vn 0.9164 0.4001 0.0068
vn 0.9649 0.2626 0.0045
vn 0.9918 0.1279 0.0022
vn 1.0000 0.0090 0.0002
vn 0.9960 -0.0898 -0.0015
vn 0.9830 -0.1836 -0.0031
vn 0.9599 -0.2803 -0.0048
vn 0.9258 -0.3779 -0.0064
vn 0.8806 -0.4739 -0.0080
vn 0.8247 -0.5655 -0.0096
vn 0.7596 -0.6503 -0.0110
vn 0.6872 -0.7264 -0.0123
vn 0.6098 -0.7925 -0.0134
vn 0.5297 -0.8480 -0.0144
vn 0.4492 -0.8933 -0.0151
vn 0.9951 -0.0990 -0.0017
vn 0.6079 0.7939 0.0135
vn 0.6591 0.7519 0.0128
vn 0.7038 0.7103 0.0120
vn 0.7417 0.6706 0.0114
vn 0.7729 0.6345 0.0108
vn 0.7978 0.6029 0.0102
vn 0.8171 0.5765 0.0098
vn 0.8315 0.5555 0.0094
vn 0.8417 0.5399 0.0092
vn 0.8483 0.5295 0.0090
vn 0.8518 0.5238 0.0089
vn 0.8509 0.5252 0.0089
vn 0.8468 0.5319 0.0090
vn 0.8419 0.5395 0.0092
vn 0.8365 0.5478 0.0093
vn 0.8310 0.5562 0.0094
vn 0.8256 0.5641 0.0096
vn 0.8208 0.5711 0.0097
vn 0.8169 0.5767 0.0098
vn 0.8139 0.5809 0.0099
vn 0.8119 0.5838 0.0099
vn 0.8107 0.5853 0.0099
vn 0.8103 0.5859 0.0099
vn 0.8905 -0.4549 -0.0077
vn -0.4792 -0.8776 -0.0149
vn -0.8375 -0.5464 -0.0093
vn -0.8246 -0.5657 -0.0096
vn -0.8030 -0.5959 -0.0101
vn -0.7740 -0.6331 -0.0107
vn -0.7348 -0.6782 -0.0115
vn -0.6817 -0.7315 -0.0124
vn -0.6110 -0.7915 -0.0134
vn -0.5199 -0.8541 -0.0145
vn -0.4100 -0.9120 -0.0155
vn -0.2895 -0.9570 -0.0162
vn -0.1728 -0.9848 -0.0167
vn -0.0747 -0.9971 -0.0169
vn -0.0160 -0.9997 -0.0170
vn 0.0225 0.9996 0.0170
vn -0.0221 0.9996 0.0170
vn -0.0944 0.9954 0.0169
vn -0.2017 0.9793 0.0166
vn -0.3226 0.9464 0.0161
vn -0.4529 0.8914 0.0151
vn -0.5851 0.8108 0.0138
vn -0.7088 0.7053 0.0120
vn -0.8139 0.5809 0.0099
vn -0.8942 0.4476 0.0076
vn -0.9489 0.3156 0.0054
vn -0.9813 0.1923 0.0033
vn -0.9967 0.0817 0.0014
vn -0.9998 -0.0184 -0.0003
vn -0.9923 -0.1239 -0.0021
vn -0.9692 -0.2461 -0.0042
vn -0.9245 -0.3812 -0.0065
vn -0.8533 -0.5214 -0.0088
vn -0.7555 -0.6550 -0.0111
vn -0.6374 -0.7704 -0.0131
vn -0.5096 -0.8603 -0.0146
vn -0.3835 -0.9234 -0.0157
vn -0.2671 -0.9635 -0.0163
vn -0.1644 -0.9862 -0.0167
vn -0.0762 -0.9969 -0.0169
vn -0.0178 -0.9997 -0.0170
vn -0.6451 -0.7639 -0.0130
vn -0.5982 -0.8012 -0.0136
vn -0.5472 -0.8369 -0.0142
vn -0.4924 -0.8702 -0.0148
vn -0.4344 -0.9006 -0.0153
vn -0.3738 -0.9274 -0.0157
vn -0.3113 -0.9502 -0.0161
vn -0.2478 -0.9687 -0.0164
vn -0.1842 -0.9828 -0.0167
vn -0.1212 -0.9925 -0.0168
vn -0.0598 -0.9981 -0.0169
vn 0.0072 -0.9998 -0.0170
vn 0.0900 -0.9958 -0.0169
vn 0.1842 -0.9828 -0.0167
vn 0.2828 -0.9590 -0.0163
vn 0.3856 -0.9225 -0.0156
vn 0.4915 -0.8708 -0.0148
vn 0.5986 -0.8010 -0.0136
vn 0.7033 -0.7108 -0.0121
vn 0.8007 -0.5989 -0.0102
vn 0.8845 -0.4665 -0.0079
vn 0.9482 -0.3175 -0.0054
vn 0.9872 -0.1593 -0.0027
vn 0.9985 0.0556 0.0009
vn 0.9314 0.3640 0.0062
vn 0.7737 0.6334 0.0107
vn 0.6274 0.7786 0.0132
vn 0.5367 0.8437 0.0143
vn 0.5005 0.8656 0.0147
vn 0.5106 0.8597 0.0146
vn 0.5617 0.8272 0.0140
vn 0.6501 0.7598 0.0129
vn 0.7661 0.6426 0.0109
vn 0.8854 0.4647 0.0079
vn 0.9712 0.2381 0.0040
vn 0.9997 0.0262 0.0004
vn 0.9918 -0.1281 -0.0022
vn 0.9663 -0.2574 -0.0044
vn 0.9231 -0.3844 -0.0065
vn 0.8626 -0.5058 -0.0086
vn 0.7860 -0.6181 -0.0105
vn 0.6952 -0.7187 -0.0122
vn 0.5927 -0.8053 -0.0137
vn 0.4810 -0.8766 -0.0149
vn 0.3632 -0.9316 -0.0158
vn 0.2420 -0.9701 -0.0165
vn 0.1202 -0.9926 -0.0168
vn 0.0182 -0.9997 -0.0170
vn -0.0471 -0.9987 -0.0169
vn -0.0968 -0.9952 -0.0169
vn -0.1491 -0.9887 -0.0168
vn -0.2033 -0.9790 -0.0166
vn -0.2586 -0.9659 -0.0164
vn -0.3140 -0.9493 -0.0161
vn -0.3686 -0.9295 -0.0158
vn -0.4214 -0.9067 -0.0154
vn -0.4717 -0.8816 -0.0150
vn -0.5189 -0.8547 -0.0145
vn -0.5623 -0.8268 -0.0140
vn -0.8896 -0.4566 -0.0077
vn -0.3393 0.9405 0.0160
vn 0.7500 0.6613 0.0112
vn 0.7074 0.7067 0.0120
vn 0.6596 0.7515 0.0127
vn 0.6063 0.7951 0.0135
vn 0.5473 0.8368 0.0142
vn 0.4825 0.8758 0.0149
vn 0.4122 0.9110 0.0154
vn 0.3367 0.9415 0.0160
vn 0.2566 0.9664 0.0164
vn 0.1730 0.9848 0.0167
vn 0.0870 0.9961 0.0169
vn -0.0048 0.9998 0.0170
vn -0.1096 0.9938 0.0169
vn -0.2246 0.9743 0.0165
vn -0.3426 0.9393 0.0159
vn -0.4598 0.8879 0.0151
vn -0.5721 0.8201 0.0139
vn -0.6758 0.7370 0.0125
vn -0.7680 0.6403 0.0109
vn -0.8467 0.5320 0.0090
vn -0.9105 0.4134 0.0070
vn -0.9584 0.2852 0.0048
vn -0.9891 0.1472 0.0025
vn -0.9988 -0.0497 -0.0008
vn -0.9418 -0.3362 -0.0057
vn -0.8047 -0.5936 -0.0101
vn -0.6690 -0.7432 -0.0126
vn -0.5764 -0.8171 -0.0139
vn -0.5308 -0.8474 -0.0144
vn -0.5272 -0.8496 -0.0144
vn -0.5624 -0.8267 -0.0140
vn -0.6354 -0.7721 -0.0131
vn -0.7422 -0.6701 -0.0114
vn -0.8648 -0.5021 -0.0085
vn -0.9638 -0.2666 -0.0045
vn -0.9994 -0.0352 -0.0006
vn -0.9917 0.1285 0.0022
vn -0.9650 0.2624 0.0044
vn -0.9175 0.3976 0.0067
vn -0.8490 0.5282 0.0090
vn -0.7616 0.6480 0.0110
vn -0.6592 0.7518 0.0128
vn -0.5474 0.8368 0.0142
vn -0.4315 0.9020 0.0153
vn -0.3162 0.9486 0.0161
vn -0.2047 0.9787 0.0166
vn -0.0992 0.9949 0.0169
vn -0.0112 0.9998 0.0170
vn 0.0512 0.9985 0.0169
vn 0.1022 0.9946 0.0169
vn 0.1527 0.9881 0.0168
vn 0.2026 0.9791 0.0166
vn 0.2515 0.9677 0.0164
vn 0.2993 0.9540 0.0162
vn 0.3458 0.9382 0.0159
vn 0.3909 0.9203 0.0156
vn 0.4344 0.9006 0.0153
vn 0.4763 0.8792 0.0149
vn 0.5164 0.8562 0.0145
vn 0.8763 0.4817 0.0082
vn 0.4078 -0.9129 -0.0155
vn -0.6452 -0.7639 -0.0130
vn 0.4915 -0.8707 -0.0148
vn 0.8845 -0.4664 -0.0079
vn 0.7738 0.6334 0.0107
vn 0.5568 -0.8305 -0.0141
vn -0.5420 -0.8402 -0.0142
vn 0.5507 -0.8346 -0.0142
vn -0.8345 -0.5509 -0.0093
vn -0.5510 0.8344 0.0142
vn 0.5449 0.8384 0.0142
vn 0.8385 -0.5448 -0.0092
vn -0.8387 0.5445 0.0092
vn 0.0137 -0.9998 -0.0170
vn 0.8312 0.5559 0.0094
vn -0.4763 -0.8792 -0.0149
vn -0.4457 -0.8950 -0.0152
vn -0.4117 -0.9112 -0.0155
vn -0.3742 -0.9272 -0.0157
vn -0.3335 -0.9426 -0.0160
vn -0.2897 -0.9570 -0.0162
vn -0.2434 -0.9698 -0.0164
vn -0.1952 -0.9806 -0.0166
vn -0.1460 -0.9891 -0.0168
vn -0.0965 -0.9952 -0.0169
vn -0.0477 -0.9987 -0.0169
vn 0.0180 -0.9997 -0.0170
vn 0.1203 -0.9926 -0.0168
vn 0.2418 -0.9702 -0.0165
vn 0.3623 -0.9319 -0.0158
vn 0.4793 -0.8775 -0.0149
vn 0.5902 -0.8072 -0.0137
vn 0.6922 -0.7216 -0.0122
vn 0.7829 -0.6221 -0.0105
vn 0.8599 -0.5104 -0.0087
vn 0.9212 -0.3891 -0.0066
vn 0.9652 -0.2613 -0.0044
vn 0.9915 -0.1305 -0.0022
vn 1.0000 -0.0015 -0.0000
vn 0.9921 0.1256 0.0021
vn 0.9670 0.2546 0.0043
vn 0.9234 0.3837 0.0065
vn 0.8609 0.5086 0.0086
vn 0.7808 0.6247 0.0106
vn 0.6854 0.7281 0.0123
vn 0.5784 0.8157 0.0138
vn 0.4637 0.8859 0.0150
vn 0.3454 0.9383 0.0159
vn 0.2270 0.9738 0.0165
vn 0.1113 0.9936 0.0169
vn 0.0128 0.9998 0.0170
vn -0.0569 0.9982 0.0169
vn -0.1116 0.9936 0.0169
vn -0.1639 0.9863 0.0167
vn -0.2138 0.9767 0.0166
vn -0.2616 0.9650 0.0164
vn -0.3072 0.9515 0.0161
vn -0.3509 0.9363 0.0159
vn -0.3927 0.9195 0.0156
vn -0.4329 0.9013 0.0153
vn -0.4716 0.8817 0.0150
vn -0.5088 0.8608 0.0146
vn 0.4864 0.8736 0.0148
vn 0.8517 -0.5239 -0.0089
vn 0.4374 -0.8992 -0.0152
vn 0.4081 -0.9128 -0.0155
vn 0.3749 -0.9269 -0.0157
vn 0.3381 -0.9410 -0.0160
vn 0.2984 -0.9543 -0.0162
vn 0.2565 -0.9664 -0.0164
vn 0.2131 -0.9769 -0.0166
vn 0.1690 -0.9855 -0.0167
vn 0.1251 -0.9920 -0.0168
vn 0.0819 -0.9965 -0.0169
vn 0.0401 -0.9991 -0.0169
vn -0.0226 -0.9996 -0.0170
vn -0.1330 -0.9910 -0.0168
vn -0.2704 -0.9626 -0.0163
vn -0.4061 -0.9137 -0.0155
vn -0.5336 -0.8456 -0.0143
vn -0.6474 -0.7620 -0.0129
vn -0.7446 -0.6674 -0.0113
vn -0.8243 -0.5660 -0.0096
vn -0.8876 -0.4606 -0.0078
vn -0.9358 -0.3524 -0.0060
vn -0.9705 -0.2409 -0.0041
vn -0.9923 -0.1241 -0.0021
vn -1.0000 -0.0004 -0.0000
vn -0.9918 0.1279 0.0022
vn -0.9664 0.2571 0.0044
vn -0.9232 0.3843 0.0065
vn -0.8625 0.5060 0.0086
vn -0.7855 0.6187 0.0105
vn -0.6942 0.7197 0.0122
vn -0.5911 0.8065 0.0137
vn -0.4790 0.8777 0.0149
vn -0.3610 0.9324 0.0158
vn -0.2401 0.9706 0.0165
vn -0.1190 0.9928 0.0168
vn -0.0192 0.9997 0.0170
vn 0.0408 0.9990 0.0169
vn 0.0816 0.9965 0.0169
vn 0.1217 0.9924 0.0168
vn 0.1606 0.9869 0.0167
vn 0.1976 0.9801 0.0166
vn 0.2325 0.9725 0.0165
vn 0.2648 0.9642 0.0164
vn 0.2945 0.9555 0.0162
vn 0.3214 0.9468 0.0161
vn 0.3457 0.9382 0.0159
vn 0.3673 0.9300 0.0158
vn 0.8299 0.5578 0.0095
vn 0.5046 -0.8632 -0.0146
vt 0.285714 0.000000
vt 0.571429 0.000000
vt 0.428571 0.000000
vt 0.142857 0.000000
vt 0.714286 0.000000
vt 0.000000 0.000000
vt 0.857143 0.000000
vt 1.000000 0.000000
vt 0.727273 0.000000
vt 0.818182 0.000000
vt 0.909091 0.000000
vt 0.090909 0.000000
vt 0.363636 0.000000
vt 0.181818 0.000000
vt 0.272727 0.000000
vt 0.454545 0.000000
vt 0.545455 0.000000
vt 0.636364 0.000000
vt 0.855670 0.000000
vt 0.876289 0.000000
vt 0.865979 0.000000
vt 0.886598 0.000000
vt 0.896907 0.000000
vt 0.845361 0.000000
vt 0.907216 0.000000
vt 0.917526 0.000000
vt 0.927835 0.000000
vt 0.835052 0.000000
vt 0.938144 0.000000
vt 0.948454 0.000000
vt 0.958763 0.000000
vt 0.824742 0.000000
vt 0.969072 0.000000
vt 0.979381 0.000000
vt 0.989691 0.000000
vt 0.814433 0.000000
vt 0.092784 0.000000
vt 0.082474 0.000000
vt 0.072165 0.000000
vt 0.061856 0.000000
vt 0.051546 0.000000
vt 0.041237 0.000000
vt 0.030928 0.000000
vt 0.020619 0.000000
vt 0.010309 0.000000
vt 0.804124 0.000000
vt 0.113402 0.000000
vt 0.103093 0.000000
vt 0.123711 0.000000
vt 0.134021 0.000000
vt 0.144330 0.000000
vt 0.793814 0.000000
vt 0.154639 0.000000
vt 0.164948 0.000000
vt 0.783505 0.000000
vt 0.175258 0.000000
vt 0.185567 0.000000
vt 0.773196 0.000000
vt 0.195876 0.000000
vt 0.762887 0.000000
vt 0.206186 0.000000
vt 0.216495 0.000000
vt 0.752577 0.000000
vt 0.226804 0.000000
vt 0.742268 0.000000
vt 0.237113 0.000000
vt 0.247423 0.000000
vt 0.731959 0.000000
vt 0.257732 0.000000
vt 0.721649 0.000000
vt 0.268041 0.000000
vt 0.711340 0.000000
vt 0.278351 0.000000
vt 0.701031 0.000000
vt 0.288660 0.000000
vt 0.690722 0.000000
vt 0.298969 0.000000
vt 0.474227 0.000000
vt 0.494845 0.000000
vt 0.484536 0.000000
vt 0.309278 0.000000
vt 0.463918 0.000000
vt 0.680412 0.000000
vt 0.453608 0.000000
vt 0.319588 0.000000
vt 0.443299 0.000000
vt 0.432990 0.000000
vt 0.329897 0.000000
vt 0.422680 0.000000
vt 0.670103 0.000000
vt 0.412371 0.000000
vt 0.340206 0.000000
vt 0.402062 0.000000
vt 0.391753 0.000000
vt 0.350515 0.000000
vt 0.381443 0.000000
vt 0.371134 0.000000
vt 0.360825 0.000000
vt 0.659794 0.000000
vt 0.505155 0.000000
vt 0.649485 0.000000
vt 0.515464 0.000000
vt 0.525773 0.000000
vt 0.536082 0.000000
vt 0.639175 0.000000
vt 0.546392 0.000000
vt 0.556701 0.000000
vt 0.567010 0.000000
vt 0.628866 0.000000
vt 0.577320 0.000000
vt 0.587629 0.000000
vt 0.597938 0.000000
vt 0.618557 0.000000
vt 0.608247 0.000000
vt 0.400000 0.000000
vt 0.600000 0.000000
vt 0.500000 0.000000
vt 0.900000 0.000000
vt 0.700000 0.000000
vt 0.800000 0.000000
vt 0.200000 0.000000
vt 0.100000 0.000000
vt 0.300000 0.000000
vt 0.472727 0.000000
vt 0.981818 0.000000
vt 0.490909 0.000000
vt 0.509091 0.000000
vt 0.018182 0.000000
vt 0.036364 0.000000
vt 0.054545 0.000000
vt 0.072727 0.000000
vt 0.109091 0.000000
vt 0.963636 0.000000
vt 0.127273 0.000000
vt 0.945455 0.000000
vt 0.927273 0.000000
vt 0.145455 0.000000
vt 0.890909 0.000000
vt 0.872727 0.000000
vt 0.854545 0.000000
vt 0.163636 0.000000
vt 0.836364 0.000000
vt 0.781818 0.000000
vt 0.763636 0.000000
vt 0.745455 0.000000
vt 0.218182 0.000000
vt 0.709091 0.000000
vt 0.236364 0.000000
vt 0.690909 0.000000
vt 0.672727 0.000000
vt 0.254545 0.000000
vt 0.654545 0.000000
vt 0.618182 0.000000
vt 0.581818 0.000000
vt 0.563636 0.000000
vt 0.290909 0.000000
vt 0.527273 0.000000
vt 0.436364 0.000000
vt 0.309091 0.000000
vt 0.327273 0.000000
vt 0.345455 0.000000
vt 0.381818 0.000000
vt 0.418182 0.000000
vt 0.884298 0.000000
vt 0.900826 0.000000
vt 0.892562 0.000000
vt 0.917355 0.000000
vt 0.876033 0.000000
vt 0.925620 0.000000
vt 0.933884 0.000000
vt 0.867769 0.000000
vt 0.942149 0.000000
vt 0.950413 0.000000
vt 0.859504 0.000000
vt 0.958678 0.000000
vt 0.966942 0.000000
vt 0.851240 0.000000
vt 0.975207 0.000000
vt 0.983471 0.000000
vt 0.842975 0.000000
vt 0.991736 0.000000
vt 0.057851 0.000000
vt 0.049587 0.000000
vt 0.041322 0.000000
vt 0.033058 0.000000
vt 0.024793 0.000000
vt 0.016529 0.000000
vt 0.008264 0.000000
vt 0.834711 0.000000
vt 0.074380 0.000000
vt 0.066116 0.000000
vt 0.826446 0.000000
vt 0.082645 0.000000
vt 0.099174 0.000000
vt 0.107438 0.000000
vt 0.115702 0.000000
vt 0.123967 0.000000
vt 0.132231 0.000000
vt 0.140496 0.000000
vt 0.809917 0.000000
vt 0.148760 0.000000
vt 0.157025 0.000000
vt 0.165289 0.000000
vt 0.801653 0.000000
vt 0.173554 0.000000
vt 0.793388 0.000000
vt 0.190083 0.000000
vt 0.198347 0.000000
vt 0.785124 0.000000
vt 0.206612 0.000000
vt 0.214876 0.000000
vt 0.776860 0.000000
vt 0.223140 0.000000
vt 0.768595 0.000000
vt 0.231405 0.000000
vt 0.239669 0.000000
vt 0.760331 0.000000
vt 0.247934 0.000000
vt 0.752066 0.000000
vt 0.256198 0.000000
vt 0.743802 0.000000
vt 0.264463 0.000000
vt 0.735537 0.000000
vt 0.719008 0.000000
vt 0.280992 0.000000
vt 0.710744 0.000000
vt 0.702479 0.000000
vt 0.289256 0.000000
vt 0.694215 0.000000
vt 0.487603 0.000000
vt 0.504132 0.000000
vt 0.495868 0.000000
vt 0.297521 0.000000
vt 0.685950 0.000000
vt 0.512397 0.000000
vt 0.677686 0.000000
vt 0.305785 0.000000
vt 0.520661 0.000000
vt 0.669421 0.000000
vt 0.528926 0.000000
vt 0.661157 0.000000
vt 0.652893 0.000000
vt 0.314050 0.000000
vt 0.537190 0.000000
vt 0.644628 0.000000
vt 0.553719 0.000000
vt 0.322314 0.000000
vt 0.628099 0.000000
vt 0.561983 0.000000
vt 0.619835 0.000000
vt 0.570248 0.000000
vt 0.611570 0.000000
vt 0.578512 0.000000
vt 0.603306 0.000000
vt 0.586777 0.000000
vt 0.330579 0.000000
vt 0.595041 0.000000
vt 0.338843 0.000000
vt 0.479339 0.000000
vt 0.471074 0.000000
vt 0.347107 0.000000
vt 0.462810 0.000000
vt 0.355372 0.000000
vt 0.446281 0.000000
vt 0.438017 0.000000
vt 0.429752 0.000000
vt 0.371901 0.000000
vt 0.421488 0.000000
vt 0.413223 0.000000
vt 0.380165 0.000000
vt 0.404959 0.000000
vt 0.396694 0.000000
vt 0.388430 0.000000
vt 0.688172 0.000000
vt 0.989247 0.000000
vt 0.698925 0.000000
vt 0.709677 0.000000
vt 0.010753 0.000000
vt 0.021505 0.000000
vt 0.032258 0.000000
vt 0.043011 0.000000
vt 0.053763 0.000000
vt 0.064516 0.000000
vt 0.978495 0.000000
vt 0.075269 0.000000
vt 0.967742 0.000000
vt 0.956989 0.000000
vt 0.946237 0.000000
vt 0.086022 0.000000
vt 0.935484 0.000000
vt 0.924731 0.000000
vt 0.913979 0.000000
vt 0.096774 0.000000
vt 0.903226 0.000000
vt 0.892473 0.000000
vt 0.881720 0.000000
vt 0.107527 0.000000
vt 0.870968 0.000000
vt 0.860215 0.000000
vt 0.118280 0.000000
vt 0.849462 0.000000
vt 0.838710 0.000000
vt 0.129032 0.000000
vt 0.827957 0.000000
vt 0.139785 0.000000
vt 0.817204 0.000000
vt 0.806452 0.000000
vt 0.150538 0.000000
vt 0.795699 0.000000
vt 0.161290 0.000000
vt 0.784946 0.000000
vt 0.172043 0.000000
vt 0.774194 0.000000
vt 0.763441 0.000000
vt 0.182796 0.000000
vt 0.752688 0.000000
vt 0.741935 0.000000
vt 0.193548 0.000000
vt 0.731183 0.000000
vt 0.720430 0.000000
vt 0.666667 0.000000
vt 0.204301 0.000000
vt 0.215054 0.000000
vt 0.225806 0.000000
vt 0.236559 0.000000
vt 0.247312 0.000000
vt 0.258065 0.000000
vt 0.268817 0.000000
vt 0.655914 0.000000
vt 0.645161 0.000000
vt 0.279570 0.000000
vt 0.677419 0.000000
vt 0.634409 0.000000
vt 0.623656 0.000000
vt 0.612903 0.000000
vt 0.290323 0.000000
vt 0.602151 0.000000
vt 0.591398 0.000000
vt 0.301075 0.000000
vt 0.580645 0.000000
vt 0.311828 0.000000
vt 0.569892 0.000000
vt 0.322581 0.000000
vt 0.559140 0.000000
vt 0.333333 0.000000
vt 0.548387 0.000000
vt 0.344086 0.000000
vt 0.537634 0.000000
vt 0.354839 0.000000
vt 0.365591 0.000000
vt 0.526882 0.000000
vt 0.376344 0.000000
vt 0.516129 0.000000
vt 0.387097 0.000000
vt 0.397849 0.000000
vt 0.408602 0.000000
vt 0.419355 0.000000
vt 0.430108 0.000000
vt 0.440860 0.000000
vt 0.451613 0.000000
vt 0.462366 0.000000
vt 0.473118 0.000000
vt 0.483871 0.000000
vt 0.494624 0.000000
vt 0.505376 0.000000
vt 0.000000 1.000000
vt 0.125000 1.000000
vt 0.125000 0.000000
vt 0.250000 1.000000
vt 0.250000 0.000000
vt 0.375000 1.000000
vt 0.375000 0.000000
vt 0.500000 1.000000
vt 0.625000 1.000000
vt 0.625000 0.000000
vt 0.750000 1.000000
vt 0.750000 0.000000
vt 0.875000 1.000000
vt 0.875000 0.000000
vt 1.000000 1.000000
vt 0.034483 1.000000
vt 0.034483 0.000000
vt 0.068966 1.000000
vt 0.068966 0.000000
vt 0.103448 1.000000
vt 0.103448 0.000000
vt 0.137931 1.000000
vt 0.137931 0.000000
vt 0.172414 1.000000
vt 0.172414 0.000000
vt 0.206897 1.000000
vt 0.206897 0.000000
vt 0.241379 1.000000
vt 0.241379 0.000000
vt 0.275862 1.000000
vt 0.275862 0.000000
vt 0.310345 1.000000
vt 0.310345 0.000000
vt 0.344828 1.000000
vt 0.344828 0.000000
vt 0.379310 1.000000
vt 0.379310 0.000000
vt 0.413793 1.000000
vt 0.413793 0.000000
vt 0.448276 1.000000
vt 0.448276 0.000000
vt 0.482759 1.000000
vt 0.482759 0.000000
vt 0.517241 1.000000
vt 0.517241 0.000000
vt 0.551724 1.000000
vt 0.551724 0.000000
vt 0.586207 1.000000
vt 0.586207 0.000000
vt 0.620690 1.000000
vt 0.620690 0.000000
vt 0.655172 1.000000
vt 0.655172 0.000000
vt 0.689655 1.000000
vt 0.689655 0.000000
vt 0.724138 1.000000
vt 0.724138 0.000000
vt 0.758621 1.000000
vt 0.758621 0.000000
vt 0.793103 1.000000
vt 0.793103 0.000000
vt 0.827586 1.000000
vt 0.827586 0.000000
vt 0.862069 1.000000
vt 0.862069 0.000000
vt 0.896552 1.000000
vt 0.896552 0.000000
vt 0.931035 1.000000
vt 0.931035 0.000000
vt 0.965517 1.000000
vt 0.965517 0.000000
vt 0.037037 1.000000
vt 0.037037 0.000000
vt 0.074074 1.000000
vt 0.074074 0.000000
vt 0.111111 1.000000
vt 0.111111 0.000000
vt 0.148148 1.000000
vt 0.148148 0.000000
vt 0.185185 1.000000
vt 0.185185 0.000000
vt 0.222222 1.000000
vt 0.222222 0.000000
vt 0.259259 1.000000
vt 0.259259 0.000000
vt 0.296296 1.000000
vt 0.296296 0.000000
vt 0.333333 1.000000
vt 0.370370 1.000000
vt 0.370370 0.000000
vt 0.407407 1.000000
vt 0.407407 0.000000
vt 0.444444 1.000000
vt 0.444444 0.000000
vt 0.481481 1.000000
vt 0.481481 0.000000
vt 0.518519 1.000000
vt 0.518519 0.000000
vt 0.555556 1.000000
vt 0.555556 0.000000
vt 0.592593 1.000000
vt 0.592593 0.000000
vt 0.629630 1.000000
vt 0.629630 0.000000
vt 0.666667 1.000000
vt 0.703704 1.000000
vt 0.703704 0.000000
vt 0.740741 1.000000
vt 0.740741 0.000000
vt 0.777778 1.000000
vt 0.777778 0.000000
vt 0.814815 1.000000
vt 0.814815 0.000000
vt 0.851852 1.000000
vt 0.851852 0.000000
vt 0.888889 1.000000
vt 0.888889 0.000000
vt 0.925926 1.000000
vt 0.925926 0.000000
vt 0.962963 1.000000
vt 0.962963 0.000000
vt 0.014925 1.000000
vt 0.014925 0.000000
vt 0.029851 1.000000
vt 0.029851 0.000000
vt 0.044776 1.000000
vt 0.044776 0.000000
vt 0.059701 1.000000
vt 0.059701 0.000000
vt 0.074627 1.000000
vt 0.074627 0.000000
vt 0.089552 1.000000
vt 0.089552 0.000000
vt 0.104478 1.000000
vt 0.104478 0.000000
vt 0.119403 1.000000
vt 0.119403 0.000000
vt 0.134328 1.000000
vt 0.134328 0.000000
vt 0.149254 1.000000
vt 0.149254 0.000000
vt 0.164179 1.000000
vt 0.164179 0.000000
vt 0.179104 1.000000
vt 0.179104 0.000000
vt 0.194030 1.000000
vt 0.194030 0.000000
vt 0.208955 1.000000
vt 0.208955 0.000000
vt 0.223881 1.000000
vt 0.223881 0.000000
vt 0.238806 1.000000
vt 0.238806 0.000000
vt 0.253731 1.000000
vt 0.253731 0.000000
vt 0.268657 1.000000
vt 0.268657 0.000000
vt 0.283582 1.000000
vt 0.283582 0.000000
vt 0.298507 1.000000
vt 0.298507 0.000000
vt 0.313433 1.000000
vt 0.313433 0.000000
vt 0.328358 1.000000
vt 0.328358 0.000000
vt 0.343284 1.000000
vt 0.343284 0.000000
vt 0.358209 1.000000
vt 0.358209 0.000000
vt 0.373134 1.000000
vt 0.373134 0.000000
vt 0.388060 1.000000
vt 0.388060 0.000000
vt 0.402985 1.000000
vt 0.402985 0.000000
vt 0.417910 1.000000
vt 0.417910 0.000000
vt 0.432836 1.000000
vt 0.432836 0.000000
vt 0.447761 1.000000
vt 0.447761 0.000000
vt 0.462687 1.000000
vt 0.462687 0.000000
vt 0.477612 1.000000
vt 0.477612 0.000000
vt 0.492537 1.000000
vt 0.492537 0.000000
vt 0.507463 1.000000
vt 0.507463 0.000000
vt 0.522388 1.000000
vt 0.522388 0.000000
vt 0.537313 1.000000
vt 0.537313 0.000000
vt 0.552239 1.000000
vt 0.552239 0.000000
vt 0.567164 1.000000
vt 0.567164 0.000000
vt 0.582090 1.000000
vt 0.582090 0.000000
vt 0.597015 1.000000
vt 0.597015 0.000000
vt 0.611940 1.000000
vt 0.611940 0.000000
vt 0.626866 1.000000
vt 0.626866 0.000000
vt 0.641791 1.000000
vt 0.641791 0.000000
vt 0.656716 1.000000
vt 0.656716 0.000000
vt 0.671642 1.000000
vt 0.671642 0.000000
vt 0.686567 1.000000
vt 0.686567 0.000000
vt 0.701493 1.000000
vt 0.701493 0.000000
vt 0.716418 1.000000
vt 0.716418 0.000000
vt 0.731343 1.000000
vt 0.731343 0.000000
vt 0.746269 1.000000
vt 0.746269 0.000000
vt 0.761194 1.000000
vt 0.761194 0.000000
vt 0.776119 1.000000
vt 0.776119 0.000000
vt 0.791045 1.000000
vt 0.791045 0.000000
vt 0.805970 1.000000
vt 0.805970 0.000000
vt 0.820895 1.000000
vt 0.820895 0.000000
vt 0.835821 1.000000
vt 0.835821 0.000000
vt 0.850746 1.000000
vt 0.850746 0.000000
vt 0.865672 1.000000
vt 0.865672 0.000000
vt 0.880597 1.000000
vt 0.880597 0.000000
vt 0.895522 1.000000
vt 0.895522 0.000000
vt 0.910448 1.000000
vt 0.910448 0.000000
vt 0.925373 1.000000
vt 0.925373 0.000000
vt 0.940298 1.000000
vt 0.940298 0.000000
vt 0.955224 1.000000
vt 0.955224 0.000000
vt 0.970149 1.000000
vt 0.970149 0.000000
vt 0.985075 1.000000
vt 0.985075 0.000000
vt 0.083333 1.000000
vt 0.083333 0.000000
vt 0.166667 1.000000
vt 0.166667 0.000000
vt 0.416667 1.000000
vt 0.416667 0.000000
vt 0.583333 1.000000
vt 0.583333 0.000000
vt 0.833333 1.000000
vt 0.833333 0.000000
vt 0.916667 1.000000
vt 0.916667 0.000000
vt 0.008197 1.000000
vt 0.008197 0.000000
vt 0.016393 1.000000
vt 0.016393 0.000000
vt 0.024590 1.000000
vt 0.024590 0.000000
vt 0.032787 1.000000
vt 0.032787 0.000000
vt 0.040984 1.000000
vt 0.040984 0.000000
vt 0.049180 1.000000
vt 0.049180 0.000000
vt 0.057377 1.000000
vt 0.057377 0.000000
vt 0.065574 1.000000
vt 0.065574 0.000000
vt 0.073770 1.000000
vt 0.073770 0.000000
vt 0.081967 1.000000
vt 0.081967 0.000000
vt 0.090164 1.000000
vt 0.090164 0.000000
vt 0.098361 1.000000
vt 0.098361 0.000000
vt 0.106557 1.000000
vt 0.106557 0.000000
vt 0.114754 1.000000
vt 0.114754 0.000000
vt 0.122951 1.000000
vt 0.122951 0.000000
vt 0.131148 1.000000
vt 0.131148 0.000000
vt 0.139344 1.000000
vt 0.139344 0.000000
vt 0.147541 1.000000
vt 0.147541 0.000000
vt 0.155738 1.000000
vt 0.155738 0.000000
vt 0.163934 1.000000
vt 0.163934 0.000000
vt 0.172131 1.000000
vt 0.172131 0.000000
vt 0.180328 1.000000
vt 0.180328 0.000000
vt 0.188525 1.000000
vt 0.188525 0.000000
vt 0.196721 1.000000
vt 0.196721 0.000000
vt 0.204918 1.000000
vt 0.204918 0.000000
vt 0.213115 1.000000
vt 0.213115 0.000000
vt 0.221311 1.000000
vt 0.221311 0.000000
vt 0.229508 1.000000
vt 0.229508 0.000000
vt 0.237705 1.000000
vt 0.237705 0.000000
vt 0.245902 1.000000
vt 0.245902 0.000000
vt 0.254098 1.000000
vt 0.254098 0.000000
vt 0.262295 1.000000
vt 0.262295 0.000000
vt 0.270492 1.000000
vt 0.270492 0.000000
vt 0.278689 1.000000
vt 0.278689 0.000000
vt 0.286885 1.000000
vt 0.286885 0.000000
vt 0.295082 1.000000
vt 0.295082 0.000000
vt 0.303279 1.000000
vt 0.303279 0.000000
vt 0.311475 1.000000
vt 0.311475 0.000000
vt 0.319672 1.000000
vt 0.319672 0.000000
vt 0.327869 1.000000
vt 0.327869 0.000000
vt 0.336066 1.000000
vt 0.336066 0.000000
vt 0.344262 1.000000
vt 0.344262 0.000000
vt 0.352459 1.000000
vt 0.352459 0.000000
vt 0.360656 1.000000
vt 0.360656 0.000000
vt 0.368852 1.000000
vt 0.368852 0.000000
vt 0.377049 1.000000
vt 0.377049 0.000000
vt 0.385246 1.000000
vt 0.385246 0.000000
vt 0.393443 1.000000
vt 0.393443 0.000000
vt 0.401639 1.000000
vt 0.401639 0.000000
vt 0.409836 1.000000
vt 0.409836 0.000000
vt 0.418033 1.000000
vt 0.418033 0.000000
vt 0.426230 1.000000
vt 0.426230 0.000000
vt 0.434426 1.000000
vt 0.434426 0.000000
vt 0.442623 1.000000
vt 0.442623 0.000000
vt 0.450820 1.000000
vt 0.450820 0.000000
vt 0.459016 1.000000
vt 0.459016 0.000000
vt 0.467213 1.000000
vt 0.467213 0.000000
vt 0.475410 1.000000
vt 0.475410 0.000000
vt 0.483607 1.000000
vt 0.483607 0.000000
vt 0.491803 1.000000
vt 0.491803 0.000000
vt 0.508197 1.000000
vt 0.508197 0.000000
vt 0.516393 1.000000
vt 0.516393 0.000000
vt 0.524590 1.000000
vt 0.524590 0.000000
vt 0.532787 1.000000
vt 0.532787 0.000000
vt 0.540984 1.000000
vt 0.540984 0.000000
vt 0.549180 1.000000
vt 0.549180 0.000000
vt 0.557377 1.000000
vt 0.557377 0.000000
vt 0.565574 1.000000
vt 0.565574 0.000000
vt 0.573770 1.000000
vt 0.573770 0.000000
vt 0.581967 1.000000
vt 0.581967 0.000000
vt 0.590164 1.000000
vt 0.590164 0.000000
vt 0.598361 1.000000
vt 0.598361 0.000000
vt 0.606557 1.000000
vt 0.606557 0.000000
vt 0.614754 1.000000
vt 0.614754 0.000000
vt 0.622951 1.000000
vt 0.622951 0.000000
vt 0.631148 1.000000
vt 0.631148 0.000000
vt 0.639344 1.000000
vt 0.639344 0.000000
vt 0.647541 1.000000
vt 0.647541 0.000000
vt 0.655738 1.000000
vt 0.655738 0.000000
vt 0.663934 1.000000
vt 0.663934 0.000000
vt 0.672131 1.000000
vt 0.672131 0.000000
vt 0.680328 1.000000
vt 0.680328 0.000000
vt 0.688525 1.000000
vt 0.688525 0.000000
vt 0.696721 1.000000
vt 0.696721 0.000000
vt 0.704918 1.000000
vt 0.704918 0.000000
vt 0.713115 1.000000
vt 0.713115 0.000000
vt 0.721311 1.000000
vt 0.721311 0.000000
vt 0.729508 1.000000
vt 0.729508 0.000000
vt 0.737705 1.000000
vt 0.737705 0.000000
vt 0.745902 1.000000
vt 0.745902 0.000000
vt 0.754098 1.000000
vt 0.754098 0.000000
vt 0.762295 1.000000
vt 0.762295 0.000000
vt 0.770492 1.000000
vt 0.770492 0.000000
vt 0.778689 1.000000
vt 0.778689 0.000000
vt 0.786885 1.000000
vt 0.786885 0.000000
vt 0.795082 1.000000
vt 0.795082 0.000000
vt 0.803279 1.000000
vt 0.803279 0.000000
vt 0.811475 1.000000
vt 0.811475 0.000000
vt 0.819672 1.000000
vt 0.819672 0.000000
vt 0.827869 1.000000
vt 0.827869 0.000000
vt 0.836066 1.000000
vt 0.836066 0.000000
vt 0.844262 1.000000
vt 0.844262 0.000000
vt 0.852459 1.000000
vt 0.852459 0.000000
vt 0.860656 1.000000
vt 0.860656 0.000000
vt 0.868852 1.000000
vt 0.868852 0.000000
vt 0.877049 1.000000
vt 0.877049 0.000000
vt 0.885246 1.000000
vt 0.885246 0.000000
vt 0.893443 1.000000
vt 0.893443 0.000000
vt 0.901639 1.000000
vt 0.901639 0.000000
vt 0.909836 1.000000
vt 0.909836 0.000000
vt 0.918033 1.000000
vt 0.918033 0.000000
vt 0.926230 1.000000
vt 0.926230 0.000000
vt 0.934426 1.000000
vt 0.934426 0.000000
vt 0.942623 1.000000
vt 0.942623 0.000000
vt 0.950820 1.000000
vt 0.950820 0.000000
vt 0.959016 1.000000
vt 0.959016 0.000000
vt 0.967213 1.000000
vt 0.967213 0.000000
vt 0.975410 1.000000
vt 0.975410 0.000000
vt 0.983607 1.000000
vt 0.983607 0.000000
vt 0.991803 1.000000
vt 0.991803 0.000000
vt 0.010204 1.000000
vt 0.010204 0.000000
vt 0.020408 1.000000
vt 0.020408 0.000000
vt 0.030612 1.000000
vt 0.030612 0.000000
vt 0.040816 1.000000
vt 0.040816 0.000000
vt 0.051020 1.000000
vt 0.051020 0.000000
vt 0.061224 1.000000
vt 0.061224 0.000000
vt 0.071429 1.000000
vt 0.071429 0.000000
vt 0.081633 1.000000
vt 0.081633 0.000000
vt 0.091837 1.000000
vt 0.091837 0.000000
vt 0.102041 1.000000
vt 0.102041 0.000000
vt 0.112245 1.000000
vt 0.112245 0.000000
vt 0.122449 1.000000
vt 0.122449 0.000000
vt 0.132653 1.000000
vt 0.132653 0.000000
vt 0.142857 1.000000
vt 0.153061 1.000000
vt 0.153061 0.000000
vt 0.163265 1.000000
vt 0.163265 0.000000
vt 0.173469 1.000000
vt 0.173469 0.000000
vt 0.183673 1.000000
vt 0.183673 0.000000
vt 0.193878 1.000000
vt 0.193878 0.000000
vt 0.204082 1.000000
vt 0.204082 0.000000
vt 0.214286 1.000000
vt 0.214286 0.000000
vt 0.224490 1.000000
vt 0.224490 0.000000
vt 0.234694 1.000000
vt 0.234694 0.000000
vt 0.244898 1.000000
vt 0.244898 0.000000
vt 0.255102 1.000000
vt 0.255102 0.000000
vt 0.265306 1.000000
vt 0.265306 0.000000
vt 0.275510 1.000000
vt 0.275510 0.000000
vt 0.285714 1.000000
vt 0.295918 1.000000
vt 0.295918 0.000000
vt 0.306122 1.000000
vt 0.306122 0.000000
vt 0.316327 1.000000
vt 0.316327 0.000000
vt 0.326531 1.000000
vt 0.326531 0.000000
vt 0.336735 1.000000
vt 0.336735 0.000000
vt 0.346939 1.000000
vt 0.346939 0.000000
vt 0.357143 1.000000
vt 0.357143 0.000000
vt 0.367347 1.000000
vt 0.367347 0.000000
vt 0.377551 1.000000
vt 0.377551 0.000000
vt 0.387755 1.000000
vt 0.387755 0.000000
vt 0.397959 1.000000
vt 0.397959 0.000000
vt 0.408163 1.000000
vt 0.408163 0.000000
vt 0.418367 1.000000
vt 0.418367 0.000000
vt 0.428571 1.000000
vt 0.438776 1.000000
vt 0.438776 0.000000
vt 0.448980 1.000000
vt 0.448980 0.000000
vt 0.459184 1.000000
vt 0.459184 0.000000
vt 0.469388 1.000000
vt 0.469388 0.000000
vt 0.479592 1.000000
vt 0.479592 0.000000
vt 0.489796 1.000000
vt 0.489796 0.000000
vt 0.510204 1.000000
vt 0.510204 0.000000
vt 0.520408 1.000000
vt 0.520408 0.000000
vt 0.530612 1.000000
vt 0.530612 0.000000
vt 0.540816 1.000000
vt 0.540816 0.000000
vt 0.551020 1.000000
vt 0.551020 0.000000
vt 0.561224 1.000000
vt 0.561224 0.000000
vt 0.571429 1.000000
vt 0.581633 1.000000
vt 0.581633 0.000000
vt 0.591837 1.000000
vt 0.591837 0.000000
vt 0.602041 1.000000
vt 0.602041 0.000000
vt 0.612245 1.000000
vt 0.612245 0.000000
vt 0.622449 1.000000
vt 0.622449 0.000000
vt 0.632653 1.000000
vt 0.632653 0.000000
vt 0.642857 1.000000
vt 0.642857 0.000000
vt 0.653061 1.000000
vt 0.653061 0.000000
vt 0.663265 1.000000
vt 0.663265 0.000000
vt 0.673469 1.000000
vt 0.673469 0.000000
vt 0.683673 1.000000
vt 0.683673 0.000000
vt 0.693878 1.000000
vt 0.693878 0.000000
vt 0.704082 1.000000
vt 0.704082 0.000000
vt 0.714286 1.000000
vt 0.724490 1.000000
vt 0.724490 0.000000
vt 0.734694 1.000000
vt 0.734694 0.000000
vt 0.744898 1.000000
vt 0.744898 0.000000
vt 0.755102 1.000000
vt 0.755102 0.000000
vt 0.765306 1.000000
vt 0.765306 0.000000
vt 0.775510 1.000000
vt 0.775510 0.000000
vt 0.785714 1.000000
vt 0.785714 0.000000
vt 0.795918 1.000000
vt 0.795918 0.000000
vt 0.806122 1.000000
vt 0.806122 0.000000
vt 0.816327 1.000000
vt 0.816327 0.000000
vt 0.826531 1.000000
vt 0.826531 0.000000
vt 0.836735 1.000000
vt 0.836735 0.000000
vt 0.846939 1.000000
vt 0.846939 0.000000
vt 0.857143 1.000000
vt 0.867347 1.000000
vt 0.867347 0.000000
vt 0.877551 1.000000
vt 0.877551 0.000000
vt 0.887755 1.000000
vt 0.887755 0.000000
vt 0.897959 1.000000
vt 0.897959 0.000000
vt 0.908163 1.000000
vt 0.908163 0.000000
vt 0.918367 1.000000
vt 0.918367 0.000000
vt 0.928571 1.000000
vt 0.928571 0.000000
vt 0.938776 1.000000
vt 0.938776 0.000000
vt 0.948980 1.000000
vt 0.948980 0.000000
vt 0.959184 1.000000
vt 0.959184 0.000000
vt 0.969388 1.000000
vt 0.969388 0.000000
vt 0.979592 1.000000
vt 0.979592 0.000000
vt 0.989796 1.000000
vt 0.989796 0.000000
s 0
usemtl マテリアル
f 3/1/1 5/2/1 4/3/1
f 3/1/1 2/4/1 5/2/1
f 2/4/1 6/5/1 5/2/1
f 1/6/1 6/5/1 2/4/1
f 7/7/1 1/6/1 8/8/1
f 7/7/1 6/5/1 1/6/1
f 17/9/1 9/6/1 18/10/1
f 9/6/1 19/11/1 18/10/1
f 9/6/1 20/8/1 19/11/1
f 17/9/1 10/12/1 9/6/1
f 17/9/1 13/13/1 10/12/1
f 13/13/1 11/14/1 10/12/1
f 13/13/1 12/15/1 11/14/1
f 17/9/1 14/16/1 13/13/1
f 17/9/1 15/17/1 14/16/1
f 17/9/1 16/18/1 15/17/1
f 104/19/1 106/20/1 105/21/1
f 104/19/1 107/22/1 106/20/1
f 104/19/1 108/23/1 107/22/1
f 103/24/1 108/23/1 104/19/1
f 103/24/1 109/25/1 108/23/1
f 103/24/1 110/26/1 109/25/1
f 103/24/1 111/27/1 110/26/1
f 102/28/1 111/27/1 103/24/1
f 102/28/1 112/29/1 111/27/1
f 102/28/1 113/30/1 112/29/1
f 102/28/1 114/31/1 113/30/1
f 101/32/1 114/31/1 102/28/1
f 101/32/1 115/33/1 114/31/1
f 101/32/1 116/34/1 115/33/1
f 101/32/1 117/35/1 116/34/1
f 100/36/1 117/35/1 101/32/1
f 100/36/1 30/37/1 117/35/1
f 30/37/1 29/38/1 117/35/1
f 29/38/1 28/39/1 117/35/1
f 28/39/1 27/40/1 117/35/1
f 27/40/1 26/41/1 117/35/1
f 26/41/1 25/42/1 117/35/1
f 25/42/1 24/43/1 117/35/1
f 24/43/1 23/44/1 117/35/1
f 23/44/1 22/45/1 117/35/1
f 22/45/1 21/6/1 117/35/1
f 21/6/1 118/8/1 117/35/1
f 99/46/1 32/47/1 100/36/1
f 32/47/1 31/48/1 100/36/1
f 31/48/2 30/37/2 100/36/2
f 99/46/1 33/49/1 32/47/1
f 99/46/1 34/50/1 33/49/1
f 99/46/1 35/51/1 34/50/1
f 98/52/1 35/51/1 99/46/1
f 98/52/1 36/53/1 35/51/1
f 98/52/1 37/54/1 36/53/1
f 97/55/1 37/54/1 98/52/1
f 97/55/1 38/56/1 37/54/1
f 97/55/1 39/57/1 38/56/1
f 96/58/1 39/57/1 97/55/1
f 96/58/1 40/59/1 39/57/1
f 95/60/1 40/59/1 96/58/1
f 95/60/1 41/61/1 40/59/1
f 95/60/1 42/62/1 41/61/1
f 94/63/1 42/62/1 95/60/1
f 94/63/1 43/64/1 42/62/1
f 93/65/1 43/64/1 94/63/1
f 93/65/1 44/66/1 43/64/1
f 93/65/1 45/67/1 44/66/1
f 92/68/1 45/67/1 93/65/1
f 92/68/1 46/69/1 45/67/1
f 91/70/1 46/69/1 92/68/1
f 91/70/1 47/71/1 46/69/1
f 90/72/1 47/71/1 91/70/1
f 90/72/1 48/73/1 47/71/1
f 89/74/1 48/73/1 90/72/1
f 89/74/1 49/75/1 48/73/1
f 88/76/1 49/75/1 89/74/1
f 88/76/1 50/77/1 49/75/1
f 67/78/1 69/79/1 68/80/1
f 88/76/1 51/81/1 50/77/1
f 66/82/1 69/79/1 67/78/1
f 87/83/1 51/81/1 88/76/1
f 65/84/1 69/79/1 66/82/1
f 87/83/1 52/85/1 51/81/1
f 64/86/1 69/79/1 65/84/1
f 63/87/1 69/79/1 64/86/1
f 87/83/1 53/88/1 52/85/1
f 62/89/1 69/79/1 63/87/1
f 86/90/1 53/88/1 87/83/1
f 61/91/1 69/79/1 62/89/1
f 86/90/1 54/92/1 53/88/1
f 60/93/1 69/79/1 61/91/1
f 59/94/1 69/79/1 60/93/1
f 86/90/1 55/95/1 54/92/1
f 58/96/1 69/79/1 59/94/1
f 57/97/1 69/79/1 58/96/1
f 86/90/1 56/98/1 55/95/1
f 56/98/1 69/79/1 57/97/1
f 86/90/1 69/79/1 56/98/1
f 85/99/1 69/79/1 86/90/1
f 85/99/1 70/100/1 69/79/1
f 84/101/1 70/100/1 85/99/1
f 84/101/1 71/102/1 70/100/1
f 84/101/1 72/103/1 71/102/1
f 84/101/1 73/104/1 72/103/1
f 83/105/1 73/104/1 84/101/1
f 83/105/1 74/106/1 73/104/1
f 83/105/1 75/107/1 74/106/1
f 83/105/1 76/108/1 75/107/1
f 82/109/1 76/108/1 83/105/1
f 82/109/1 77/110/1 76/108/1
f 82/109/1 78/111/1 77/110/1
f 82/109/1 79/112/1 78/111/1
f 81/113/1 79/112/1 82/109/1
f 81/113/1 80/114/1 79/112/1
f 123/115/1 125/116/1 124/117/1
f 123/115/1 128/118/1 125/116/1
f 128/118/1 126/119/1 125/116/1
f 123/115/1 129/8/1 128/118/1
f 127/120/1 126/119/1 128/118/1
f 123/115/1 121/121/1 129/8/1
f 121/121/1 127/120/1 129/8/1
f 121/121/1 120/122/1 127/120/1
f 120/122/1 126/119/1 127/120/1
f 123/115/1 122/123/1 121/121/1
f 119/6/1 126/119/1 120/122/1
f 156/124/1 184/125/1 157/126/1
f 184/125/1 158/127/1 157/126/1
f 184/125/1 130/6/1 158/127/1
f 184/125/1 131/128/1 130/6/1
f 184/125/1 132/129/1 131/128/1
f 184/125/1 133/130/1 132/129/1
f 184/125/1 134/131/1 133/130/1
f 184/125/1 135/12/1 134/131/1
f 184/125/1 136/132/1 135/12/1
f 184/125/1 183/133/1 136/132/1
f 183/133/1 137/134/1 136/132/1
f 156/124/1 185/8/1 184/125/1
f 182/135/1 137/134/1 183/133/1
f 181/136/1 137/134/1 182/135/1
f 180/11/1 137/134/1 181/136/1
f 180/11/1 138/137/1 137/134/1
f 179/138/1 138/137/1 180/11/1
f 178/139/1 138/137/1 179/138/1
f 177/140/1 138/137/1 178/139/1
f 177/140/1 139/141/1 138/137/1
f 176/142/1 139/141/1 177/140/1
f 175/10/1 139/141/1 176/142/1
f 174/120/1 139/141/1 175/10/1
f 174/120/1 140/14/1 139/141/1
f 173/143/1 140/14/1 174/120/1
f 172/144/1 140/14/1 173/143/1
f 172/144/1 141/121/1 140/14/1
f 171/145/1 141/121/1 172/144/1
f 170/9/1 141/121/1 171/145/1
f 170/9/1 142/146/1 141/121/1
f 169/147/1 142/146/1 170/9/1
f 169/147/1 143/148/1 142/146/1
f 168/149/1 143/148/1 169/147/1
f 167/150/1 143/148/1 168/149/1
f 167/150/1 144/151/1 143/148/1
f 166/152/1 144/151/1 167/150/1
f 165/18/1 144/151/1 166/152/1
f 165/18/1 145/15/1 144/151/1
f 164/153/1 145/15/1 165/18/1
f 163/116/1 145/15/1 164/153/1
f 162/154/1 145/15/1 163/116/1
f 161/155/1 145/15/1 162/154/1
f 161/155/1 146/156/1 145/15/1
f 160/17/1 146/156/1 161/155/1
f 159/157/1 146/156/1 160/17/1
f 156/124/1 154/158/1 185/8/1
f 154/158/1 159/157/1 185/8/1
f 154/158/1 146/156/1 159/157/1
f 154/158/1 147/159/1 146/156/1
f 154/158/1 148/160/1 147/159/1
f 154/158/1 149/161/1 148/160/1
f 154/158/1 150/13/1 149/161/1
f 154/158/1 151/162/1 150/13/1
f 154/158/1 152/115/1 151/162/1
f 154/158/1 153/163/1 152/115/1
f 156/124/1 155/16/1 154/158/1
f 293/164/1 295/165/1 294/166/1
f 293/164/1 296/11/1 295/165/1
f 293/164/1 297/167/1 296/11/1
f 292/168/1 297/167/1 293/164/1
f 292/168/1 298/169/1 297/167/1
f 292/168/1 299/170/1 298/169/1
f 291/171/1 299/170/1 292/168/1
f 291/171/1 300/172/1 299/170/1
f 291/171/1 301/173/1 300/172/1
f 290/174/1 301/173/1 291/171/1
f 290/174/1 302/175/1 301/173/1
f 290/174/1 303/176/1 302/175/1
f 289/177/1 303/176/1 290/174/1
f 289/177/1 304/178/1 303/176/1
f 289/177/1 305/179/1 304/178/1
f 288/180/1 305/179/1 289/177/1
f 288/180/1 306/181/1 305/179/1
f 288/180/1 193/182/1 306/181/1
f 193/182/1 192/183/1 306/181/1
f 192/183/1 191/184/1 306/181/1
f 191/184/1 190/185/1 306/181/1
f 190/185/1 189/186/1 306/181/1
f 189/186/1 188/187/1 306/181/1
f 188/187/1 187/188/1 306/181/1
f 187/188/1 186/6/1 306/181/1
f 186/6/1 307/8/1 306/181/1
f 287/189/1 195/190/1 288/180/1
f 195/190/1 194/191/1 288/180/1
f 194/191/1 193/182/1 288/180/1
f 286/192/1 197/12/1 287/189/1
f 197/12/1 196/193/1 287/189/1
f 196/193/1 195/190/1 287/189/1
f 285/10/1 198/194/1 286/192/1
f 198/194/1 197/12/1 286/192/1
f 285/10/1 199/195/1 198/194/1
f 285/10/1 200/196/1 199/195/1
f 285/10/1 201/197/1 200/196/1
f 285/10/1 202/198/1 201/197/1
f 285/10/1 203/199/1 202/198/1
f 284/200/1 203/199/1 285/10/1
f 284/200/1 204/201/1 203/199/1
f 284/200/1 205/202/1 204/201/1
f 284/200/1 206/203/1 205/202/1
f 283/204/1 206/203/1 284/200/1
f 283/204/1 207/205/1 206/203/1
f 283/204/1 208/14/1 207/205/1
f 282/206/1 208/14/1 283/204/1
f 282/206/1 209/207/1 208/14/1
f 282/206/1 210/208/1 209/207/1
f 281/209/1 210/208/1 282/206/1
f 281/209/1 211/210/1 210/208/1
f 281/209/1 212/211/1 211/210/1
f 280/212/1 212/211/1 281/209/1
f 280/212/1 213/213/1 212/211/1
f 279/214/1 213/213/1 280/212/1
f 279/214/1 214/215/1 213/213/1
f 279/214/1 215/216/1 214/215/1
f 278/217/1 215/216/1 279/214/1
f 278/217/1 216/218/1 215/216/1
f 277/219/1 216/218/1 278/217/1
f 277/219/1 217/220/1 216/218/1
f 276/221/1 217/220/1 277/219/1
f 276/221/1 218/222/1 217/220/1
f 275/223/1 218/222/1 276/221/1
f 275/223/1 219/15/1 218/222/1
f 274/9/1 219/15/1 275/223/1
f 273/224/1 219/15/1 274/9/1
f 273/224/1 220/225/1 219/15/1
f 272/226/1 220/225/1 273/224/1
f 271/227/1 220/225/1 272/226/1
f 271/227/1 221/228/1 220/225/1
f 270/229/1 221/228/1 271/227/1
f 245/230/1 247/231/1 246/232/1
f 270/229/1 222/233/1 221/228/1
f 269/234/1 222/233/1 270/229/1
f 245/230/1 248/235/1 247/231/1
f 268/236/1 222/233/1 269/234/1
f 268/236/1 223/237/1 222/233/1
f 245/230/1 249/238/1 248/235/1
f 267/239/1 223/237/1 268/236/1
f 245/230/1 250/240/1 249/238/1
f 266/241/1 223/237/1 267/239/1
f 265/242/1 223/237/1 266/241/1
f 265/242/1 224/243/1 223/237/1
f 245/230/1 251/244/1 250/240/1
f 264/245/1 224/243/1 265/242/1
f 245/230/1 252/17/1 251/244/1
f 263/18/1 224/243/1 264/245/1
f 245/230/1 253/246/1 252/17/1
f 263/18/1 225/247/1 224/243/1
f 262/248/1 225/247/1 263/18/1
f 245/230/1 254/249/1 253/246/1
f 261/250/1 225/247/1 262/248/1
f 245/230/1 255/251/1 254/249/1
f 260/252/1 225/247/1 261/250/1
f 245/230/1 256/253/1 255/251/1
f 259/254/1 225/247/1 260/252/1
f 245/230/1 257/255/1 256/253/1
f 259/254/1 226/256/1 225/247/1
f 258/257/1 226/256/1 259/254/1
f 245/230/1 258/257/1 257/255/1
f 245/230/1 226/256/1 258/257/1
f 245/230/1 227/258/1 226/256/1
f 244/259/1 227/258/1 245/230/1
f 243/260/1 227/258/1 244/259/1
f 243/260/1 228/261/1 227/258/1
f 242/262/1 228/261/1 243/260/1
f 242/262/1 229/263/1 228/261/1
f 241/16/1 229/263/1 242/262/1
f 240/264/1 229/263/1 241/16/1
f 240/264/1 230/13/1 229/263/1
f 239/265/1 230/13/1 240/264/1
f 238/266/1 230/13/1 239/265/1
f 238/266/1 231/267/1 230/13/1
f 237/268/1 231/267/1 238/266/1
f 236/269/1 231/267/1 237/268/1
f 236/269/1 232/270/1 231/267/1
f 235/271/1 232/270/1 236/269/1
f 234/272/1 232/270/1 235/271/1
f 234/272/1 233/273/1 232/270/1
f 415/164/1 417/165/1 416/166/1
f 415/164/1 418/11/1 417/165/1
f 415/164/1 419/167/1 418/11/1
f 414/168/1 419/167/1 415/164/1
f 414/168/1 420/169/1 419/167/1
f 414/168/1 421/170/1 420/169/1
f 413/171/1 421/170/1 414/168/1
f 413/171/1 422/172/1 421/170/1
f 413/171/1 423/173/1 422/172/1
f 412/174/1 423/173/1 413/171/1
f 412/174/1 424/175/1 423/173/1
f 412/174/1 425/176/1 424/175/1
f 411/177/1 425/176/1 412/174/1
f 411/177/1 426/178/1 425/176/1
f 411/177/1 427/179/1 426/178/1
f 410/180/1 427/179/1 411/177/1
f 410/180/1 428/181/1 427/179/1
f 410/180/1 315/182/1 428/181/1
f 315/182/1 314/183/1 428/181/1
f 314/183/1 313/184/1 428/181/1
f 313/184/1 312/185/1 428/181/1
f 312/185/1 311/186/1 428/181/1
f 311/186/1 310/187/1 428/181/1
f 310/187/1 309/188/1 428/181/1
f 309/188/1 308/6/1 428/181/1
f 308/6/1 429/8/1 428/181/1
f 409/189/1 317/190/1 410/180/1
f 317/190/1 316/191/1 410/180/1
f 316/191/1 315/182/1 410/180/1
f 408/192/1 319/12/1 409/189/1
f 319/12/1 318/193/1 409/189/1
f 318/193/1 317/190/1 409/189/1
f 407/10/1 320/194/1 408/192/1
f 320/194/1 319/12/1 408/192/1
f 407/10/1 321/195/1 320/194/1
f 407/10/1 322/196/1 321/195/1
f 407/10/1 323/197/1 322/196/1
f 407/10/1 324/198/1 323/197/1
f 407/10/1 325/199/1 324/198/1
f 406/200/1 325/199/1 407/10/1
f 406/200/1 326/201/1 325/199/1
f 406/200/1 327/202/1 326/201/1
f 406/200/1 328/203/1 327/202/1
f 405/204/1 328/203/1 406/200/1
f 405/204/1 329/205/1 328/203/1
f 405/204/1 330/14/1 329/205/1
f 404/206/1 330/14/1 405/204/1
f 404/206/1 331/207/1 330/14/1
f 404/206/1 332/208/1 331/207/1
f 403/209/1 332/208/1 404/206/1
f 403/209/1 333/210/1 332/208/1
f 403/209/1 334/211/1 333/210/1
f 402/212/1 334/211/1 403/209/1
f 402/212/1 335/213/1 334/211/1
f 401/214/1 335/213/1 402/212/1
f 401/214/1 336/215/1 335/213/1
f 401/214/1 337/216/1 336/215/1
f 400/217/1 337/216/1 401/214/1
f 400/217/1 338/218/1 337/216/1
f 399/219/1 338/218/1 400/217/1
f 399/219/1 339/220/1 338/218/1
f 398/221/1 339/220/1 399/219/1
f 398/221/1 340/222/1 339/220/1
f 397/223/1 340/222/1 398/221/1
f 397/223/1 341/15/1 340/222/1
f 396/9/1 341/15/1 397/223/1
f 395/224/1 341/15/1 396/9/1
f 395/224/1 342/225/1 341/15/1
f 394/226/1 342/225/1 395/224/1
f 393/227/1 342/225/1 394/226/1
f 393/227/1 343/228/1 342/225/1
f 392/229/1 343/228/1 393/227/1
f 367/230/1 369/231/1 368/232/1
f 392/229/1 344/233/1 343/228/1
f 391/234/1 344/233/1 392/229/1
f 367/230/1 370/235/1 369/231/1
f 390/236/1 344/233/1 391/234/1
f 390/236/1 345/237/1 344/233/1
f 367/230/1 371/238/1 370/235/1
f 389/239/1 345/237/1 390/236/1
f 367/230/1 372/240/1 371/238/1
f 388/241/1 345/237/1 389/239/1
f 387/242/1 345/237/1 388/241/1
f 387/242/1 346/243/1 345/237/1
f 367/230/1 373/244/1 372/240/1
f 386/245/1 346/243/1 387/242/1
f 367/230/1 374/17/1 373/244/1
f 385/18/1 346/243/1 386/245/1
f 367/230/1 375/246/1 374/17/1
f 385/18/1 347/247/1 346/243/1
f 384/248/1 347/247/1 385/18/1
f 367/230/1 376/249/1 375/246/1
f 383/250/1 347/247/1 384/248/1
f 367/230/1 377/251/1 376/249/1
f 382/252/1 347/247/1 383/250/1
f 367/230/1 378/253/1 377/251/1
f 381/254/1 347/247/1 382/252/1
f 367/230/1 379/255/1 378/253/1
f 381/254/1 348/256/1 347/247/1
f 380/257/1 348/256/1 381/254/1
f 367/230/1 380/257/1 379/255/1
f 367/230/1 348/256/1 380/257/1
f 367/230/1 349/258/1 348/256/1
f 366/259/1 349/258/1 367/230/1
f 365/260/1 349/258/1 366/259/1
f 365/260/1 350/261/1 349/258/1
f 364/262/1 350/261/1 365/260/1
f 364/262/1 351/263/1 350/261/1
f 363/16/1 351/263/1 364/262/1
f 362/264/1 351/263/1 363/16/1
f 362/264/1 352/13/1 351/263/1
f 361/265/1 352/13/1 362/264/1
f 360/266/1 352/13/1 361/265/1
f 360/266/1 353/267/1 352/13/1
f 359/268/1 353/267/1 360/266/1
f 358/269/1 353/267/1 359/268/1
f 358/269/1 354/270/1 353/267/1
f 357/271/1 354/270/1 358/269/1
f 356/272/1 354/270/1 357/271/1
f 356/272/1 355/273/1 354/270/1
f 537/164/1 539/165/1 538/166/1
f 537/164/1 540/11/1 539/165/1
f 537/164/1 541/167/1 540/11/1
f 536/168/1 541/167/1 537/164/1
f 536/168/1 542/169/1 541/167/1
f 536/168/1 543/170/1 542/169/1
f 535/171/1 543/170/1 536/168/1
f 535/171/1 544/172/1 543/170/1
f 535/171/1 545/173/1 544/172/1
f 534/174/1 545/173/1 535/171/1
f 534/174/1 546/175/1 545/173/1
f 534/174/1 547/176/1 546/175/1
f 533/177/1 547/176/1 534/174/1
f 533/177/1 548/178/1 547/176/1
f 533/177/1 549/179/1 548/178/1
f 532/180/1 549/179/1 533/177/1
f 532/180/1 550/181/1 549/179/1
f 532/180/1 437/182/1 550/181/1
f 437/182/1 436/183/1 550/181/1
f 436/183/1 435/184/1 550/181/1
f 435/184/1 434/185/1 550/181/1
f 434/185/1 433/186/1 550/181/1
f 433/186/1 432/187/1 550/181/1
f 432/187/1 431/188/1 550/181/1
f 431/188/1 430/6/1 550/181/1
f 430/6/1 551/8/1 550/181/1
f 531/189/1 439/190/1 532/180/1
f 439/190/1 438/191/1 532/180/1
f 438/191/1 437/182/1 532/180/1
f 530/192/1 441/12/1 531/189/1
f 441/12/1 440/193/1 531/189/1
f 440/193/1 439/190/1 531/189/1
f 529/10/1 442/194/1 530/192/1
f 442/194/1 441/12/1 530/192/1
f 529/10/1 443/195/1 442/194/1
f 529/10/1 444/196/1 443/195/1
f 529/10/1 445/197/1 444/196/1
f 529/10/1 446/198/1 445/197/1
f 529/10/1 447/199/1 446/198/1
f 528/200/1 447/199/1 529/10/1
f 528/200/1 448/201/1 447/199/1
f 528/200/1 449/202/1 448/201/1
f 528/200/1 450/203/1 449/202/1
f 527/204/1 450/203/1 528/200/1
f 527/204/1 451/205/1 450/203/1
f 527/204/1 452/14/1 451/205/1
f 526/206/1 452/14/1 527/204/1
f 526/206/1 453/207/1 452/14/1
f 526/206/1 454/208/1 453/207/1
f 525/209/1 454/208/1 526/206/1
f 525/209/1 455/210/1 454/208/1
f 525/209/1 456/211/1 455/210/1
f 524/212/1 456/211/1 525/209/1
f 524/212/1 457/213/1 456/211/1
f 523/214/1 457/213/1 524/212/1
f 523/214/1 458/215/1 457/213/1
f 523/214/1 459/216/1 458/215/1
f 522/217/1 459/216/1 523/214/1
f 522/217/1 460/218/1 459/216/1
f 521/219/1 460/218/1 522/217/1
f 521/219/1 461/220/1 460/218/1
f 520/221/1 461/220/1 521/219/1
f 520/221/1 462/222/1 461/220/1
f 519/223/1 462/222/1 520/221/1
f 519/223/1 463/15/1 462/222/1
f 518/9/1 463/15/1 519/223/1
f 517/224/1 463/15/1 518/9/1
f 517/224/1 464/225/1 463/15/1
f 516/226/1 464/225/1 517/224/1
f 515/227/1 464/225/1 516/226/1
f 515/227/1 465/228/1 464/225/1
f 514/229/1 465/228/1 515/227/1
f 489/230/1 491/231/1 490/232/1
f 514/229/1 466/233/1 465/228/1
f 513/234/1 466/233/1 514/229/1
f 489/230/1 492/235/1 491/231/1
f 512/236/1 466/233/1 513/234/1
f 512/236/1 467/237/1 466/233/1
f 489/230/1 493/238/1 492/235/1
f 511/239/1 467/237/1 512/236/1
f 489/230/1 494/240/1 493/238/1
f 510/241/1 467/237/1 511/239/1
f 509/242/1 467/237/1 510/241/1
f 509/242/1 468/243/1 467/237/1
f 489/230/1 495/244/1 494/240/1
f 508/245/1 468/243/1 509/242/1
f 489/230/1 496/17/1 495/244/1
f 507/18/1 468/243/1 508/245/1
f 489/230/1 497/246/1 496/17/1
f 507/18/1 469/247/1 468/243/1
f 506/248/1 469/247/1 507/18/1
f 489/230/1 498/249/1 497/246/1
f 505/250/1 469/247/1 506/248/1
f 489/230/1 499/251/1 498/249/1
f 504/252/1 469/247/1 505/250/1
f 489/230/1 500/253/1 499/251/1
f 503/254/1 469/247/1 504/252/1
f 489/230/1 501/255/1 500/253/1
f 503/254/1 470/256/1 469/247/1
f 502/257/1 470/256/1 503/254/1
f 489/230/1 502/257/1 501/255/1
f 489/230/1 470/256/1 502/257/1
f 489/230/1 471/258/1 470/256/1
f 488/259/1 471/258/1 489/230/1
f 487/260/1 471/258/1 488/259/1
f 487/260/1 472/261/1 471/258/1
f 486/262/1 472/261/1 487/260/1
f 486/262/1 473/263/1 472/261/1
f 485/16/1 473/263/1 486/262/1
f 484/264/1 473/263/1 485/16/1
f 484/264/1 474/13/1 473/263/1
f 483/265/1 474/13/1 484/264/1
f 482/266/1 474/13/1 483/265/1
f 482/266/1 475/267/1 474/13/1
f 481/268/1 475/267/1 482/266/1
f 480/269/1 475/267/1 481/268/1
f 480/269/1 476/270/1 475/267/1
f 479/271/1 476/270/1 480/269/1
f 478/272/1 476/270/1 479/271/1
f 478/272/1 477/273/1 476/270/1
f 560/9/1 552/6/1 561/10/1
f 552/6/1 562/11/1 561/10/1
f 552/6/1 563/8/1 562/11/1
f 560/9/1 553/12/1 552/6/1
f 560/9/1 556/13/1 553/12/1
f 556/13/1 554/14/1 553/12/1
f 556/13/1 555/15/1 554/14/1
f 560/9/1 557/16/1 556/13/1
f 560/9/1 558/17/1 557/16/1
f 560/9/1 559/18/1 558/17/1
f 628/274/1 656/275/1 629/276/1
f 656/275/1 630/277/1 629/276/1
f 656/275/1 564/6/1 630/277/1
f 656/275/1 565/278/1 564/6/1
f 656/275/1 566/279/1 565/278/1
f 656/275/1 567/280/1 566/279/1
f 656/275/1 568/281/1 567/280/1
f 656/275/1 569/282/1 568/281/1
f 656/275/1 570/283/1 569/282/1
f 656/275/1 655/284/1 570/283/1
f 655/284/1 571/285/1 570/283/1
f 628/274/1 657/8/1 656/275/1
f 654/286/1 571/285/1 655/284/1
f 653/287/1 571/285/1 654/286/1
f 652/288/1 571/285/1 653/287/1
f 652/288/1 572/289/1 571/285/1
f 651/290/1 572/289/1 652/288/1
f 650/291/1 572/289/1 651/290/1
f 649/292/1 572/289/1 650/291/1
f 649/292/1 573/293/1 572/289/1
f 648/294/1 573/293/1 649/292/1
f 647/295/1 573/293/1 648/294/1
f 646/296/1 573/293/1 647/295/1
f 646/296/1 574/297/1 573/293/1
f 645/298/1 574/297/1 646/296/1
f 644/299/1 574/297/1 645/298/1
f 644/299/1 575/300/1 574/297/1
f 643/301/1 575/300/1 644/299/1
f 642/302/1 575/300/1 643/301/1
f 642/302/1 576/303/1 575/300/1
f 641/304/1 576/303/1 642/302/1
f 641/304/1 577/305/1 576/303/1
f 640/306/1 577/305/1 641/304/1
f 639/307/1 577/305/1 640/306/1
f 639/307/1 578/308/1 577/305/1
f 638/309/1 578/308/1 639/307/1
f 638/309/1 579/310/1 578/308/1
f 637/311/1 579/310/1 638/309/1
f 637/311/1 580/312/1 579/310/1
f 636/313/1 580/312/1 637/311/1
f 635/314/1 580/312/1 636/313/1
f 635/314/1 581/315/1 580/312/1
f 634/316/1 581/315/1 635/314/1
f 633/317/1 581/315/1 634/316/1
f 633/317/1 582/318/1 581/315/1
f 632/319/1 582/318/1 633/317/1
f 631/320/1 582/318/1 632/319/1
f 628/274/1 626/321/1 657/8/1
f 626/321/1 631/320/1 657/8/1
f 626/321/1 582/318/1 631/320/1
f 626/321/1 583/322/1 582/318/1
f 626/321/1 584/323/1 583/322/1
f 626/321/1 585/324/1 584/323/1
f 626/321/1 586/325/1 585/324/1
f 626/321/1 587/326/1 586/325/1
f 626/321/1 588/327/1 587/326/1
f 626/321/1 589/328/1 588/327/1
f 626/321/1 625/329/1 589/328/1
f 625/329/1 624/330/1 589/328/1
f 624/330/1 590/331/1 589/328/1
f 628/274/1 627/332/1 626/321/1
f 623/333/1 590/331/1 624/330/1
f 622/334/1 590/331/1 623/333/1
f 621/335/1 590/331/1 622/334/1
f 621/335/1 591/336/1 590/331/1
f 620/337/1 591/336/1 621/335/1
f 619/338/1 591/336/1 620/337/1
f 619/338/1 592/339/1 591/336/1
f 618/340/1 592/339/1 619/338/1
f 618/340/1 593/341/1 592/339/1
f 617/342/1 593/341/1 618/340/1
f 617/342/1 594/343/1 593/341/1
f 616/344/1 594/343/1 617/342/1
f 616/344/1 595/345/1 594/343/1
f 615/346/1 595/345/1 616/344/1
f 615/346/1 596/347/1 595/345/1
f 614/348/1 596/347/1 615/346/1
f 614/348/1 597/349/1 596/347/1
f 614/348/1 598/350/1 597/349/1
f 613/351/1 598/350/1 614/348/1
f 613/351/1 599/352/1 598/350/1
f 612/353/1 599/352/1 613/351/1
f 612/353/1 600/354/1 599/352/1
f 612/353/1 601/355/1 600/354/1
f 612/353/1 602/356/1 601/355/1
f 612/353/1 603/357/1 602/356/1
f 612/353/1 604/358/1 603/357/1
f 612/353/1 605/359/1 604/358/1
f 612/353/1 606/360/1 605/359/1
f 612/353/1 607/361/1 606/360/1
f 612/353/1 608/362/1 607/361/1
f 612/353/1 609/363/1 608/362/1
f 612/353/1 610/364/1 609/363/1
f 612/353/1 611/365/1 610/364/1
f 684/124/1 712/125/1 685/126/1
f 712/125/1 686/127/1 685/126/1
f 712/125/1 658/6/1 686/127/1
f 712/125/1 659/128/1 658/6/1
f 712/125/1 660/129/1 659/128/1
f 712/125/1 661/130/1 660/129/1
f 712/125/1 662/131/1 661/130/1
f 712/125/1 663/12/1 662/131/1
f 712/125/1 664/132/1 663/12/1
f 712/125/1 711/133/1 664/132/1
f 711/133/1 665/134/1 664/132/1
f 684/124/1 713/8/1 712/125/1
f 710/135/1 665/134/1 711/133/1
f 709/136/1 665/134/1 710/135/1
f 708/11/1 665/134/1 709/136/1
f 708/11/1 666/137/1 665/134/1
f 707/138/1 666/137/1 708/11/1
f 706/139/1 666/137/1 707/138/1
f 705/140/1 666/137/1 706/139/1
f 705/140/1 667/141/1 666/137/1
f 704/142/1 667/141/1 705/140/1
f 703/10/1 667/141/1 704/142/1
f 702/120/1 667/141/1 703/10/1
f 702/120/1 668/14/1 667/141/1
f 701/143/1 668/14/1 702/120/1
f 700/144/1 668/14/1 701/143/1
f 700/144/1 669/121/1 668/14/1
f 699/145/1 669/121/1 700/144/1
f 698/9/1 669/121/1 699/145/1
f 698/9/1 670/146/1 669/121/1
f 697/147/1 670/146/1 698/9/1
f 697/147/1 671/148/1 670/146/1
f 696/149/1 671/148/1 697/147/1
f 695/150/1 671/148/1 696/149/1
f 695/150/1 672/151/1 671/148/1
f 694/152/1 672/151/1 695/150/1
f 693/18/1 672/151/1 694/152/1
f 693/18/1 673/15/1 672/151/1
f 692/153/1 673/15/1 693/18/1
f 691/116/1 673/15/1 692/153/1
f 690/154/1 673/15/1 691/116/1
f 689/155/1 673/15/1 690/154/1
f 689/155/1 674/156/1 673/15/1
f 688/17/1 674/156/1 689/155/1
f 687/157/1 674/156/1 688/17/1
f 684/124/1 682/158/1 713/8/1
f 682/158/1 687/157/1 713/8/1
f 682/158/1 674/156/1 687/157/1
f 682/158/1 675/159/1 674/156/1
f 682/158/1 676/160/1 675/159/1
f 682/158/1 677/161/1 676/160/1
f 682/158/1 678/13/1 677/161/1
f 682/158/1 679/162/1 678/13/1
f 682/158/1 680/115/1 679/162/1
f 682/158/1 681/163/1 680/115/1
f 684/124/1 683/16/1 682/158/1
f 718/2/1 714/6/1 719/5/1
f 714/6/1 720/7/1 719/5/1
f 714/6/1 721/8/1 720/7/1
f 718/2/1 715/4/1 714/6/1
f 718/2/1 716/1/1 715/4/1
f 718/2/1 717/3/1 716/1/1
f 724/1/3 725/3/3 726/2/3
f 724/1/3 726/2/3 723/4/3
f 723/4/3 726/2/3 727/5/3
f 722/6/3 723/4/3 727/5/3
f 728/7/3 729/8/3 722/6/3
f 728/7/3 722/6/3 727/5/3
f 738/9/3 739/10/3 730/6/3
f 730/6/3 739/10/3 740/11/3
f 730/6/3 740/11/3 741/8/3
f 738/9/3 730/6/3 731/12/3
f 738/9/3 731/12/3 734/13/3
f 734/13/3 731/12/3 732/14/3
f 734/13/3 732/14/3 733/15/3
f 738/9/3 734/13/3 735/16/3
f 738/9/3 735/16/3 736/17/3
f 738/9/3 736/17/3 737/18/3
f 825/19/3 826/21/3 827/20/3
f 825/19/3 827/20/3 828/22/3
f 825/19/3 828/22/3 829/23/3
f 824/24/3 825/19/3 829/23/3
f 824/24/3 829/23/3 830/25/3
f 824/24/3 830/25/3 831/26/3
f 824/24/3 831/26/3 832/27/3
f 823/28/3 824/24/3 832/27/3
f 823/28/3 832/27/3 833/29/3
f 823/28/3 833/29/3 834/30/3
f 823/28/3 834/30/3 835/31/3
f 822/32/3 823/28/3 835/31/3
f 822/32/3 835/31/3 836/33/3
f 822/32/3 836/33/3 837/34/3
f 822/32/3 837/34/3 838/35/3
f 821/36/3 822/32/3 838/35/3
f 821/36/3 838/35/3 751/37/3
f 751/37/3 838/35/3 750/38/3
f 750/38/3 838/35/3 749/39/3
f 749/39/3 838/35/3 748/40/3
f 748/40/3 838/35/3 747/41/3
f 747/41/3 838/35/3 746/42/3
f 746/42/3 838/35/3 745/43/3
f 745/43/3 838/35/3 744/44/3
f 744/44/3 838/35/3 743/45/3
f 743/45/3 838/35/3 742/6/3
f 742/6/3 838/35/3 839/8/3
f 820/46/3 821/36/3 753/47/3
f 753/47/3 821/36/3 752/48/3
f 752/48/4 821/36/4 751/37/4
f 820/46/3 753/47/3 754/49/3
f 820/46/3 754/49/3 755/50/3
f 820/46/3 755/50/3 756/51/3
f 819/52/3 820/46/3 756/51/3
f 819/52/3 756/51/3 757/53/3
f 819/52/3 757/53/3 758/54/3
f 818/55/3 819/52/3 758/54/3
f 818/55/3 758/54/3 759/56/3
f 818/55/3 759/56/3 760/57/3
f 817/58/3 818/55/3 760/57/3
f 817/58/3 760/57/3 761/59/3
f 816/60/3 817/58/3 761/59/3
f 816/60/3 761/59/3 762/61/3
f 816/60/3 762/61/3 763/62/3
f 815/63/3 816/60/3 763/62/3
f 815/63/3 763/62/3 764/64/3
f 814/65/3 815/63/3 764/64/3
f 814/65/3 764/64/3 765/66/3
f 814/65/3 765/66/3 766/67/3
f 813/68/3 814/65/3 766/67/3
f 813/68/3 766/67/3 767/69/3
f 812/70/3 813/68/3 767/69/3
f 812/70/3 767/69/3 768/71/3
f 811/72/3 812/70/3 768/71/3
f 811/72/3 768/71/3 769/73/3
f 810/74/3 811/72/3 769/73/3
f 810/74/3 769/73/3 770/75/3
f 809/76/3 810/74/3 770/75/3
f 809/76/3 770/75/3 771/77/3
f 788/78/3 789/80/3 790/79/3
f 809/76/3 771/77/3 772/81/3
f 787/82/3 788/78/3 790/79/3
f 808/83/3 809/76/3 772/81/3
f 786/84/3 787/82/3 790/79/3
f 808/83/3 772/81/3 773/85/3
f 785/86/3 786/84/3 790/79/3
f 784/87/3 785/86/3 790/79/3
f 808/83/3 773/85/3 774/88/3
f 783/89/3 784/87/3 790/79/3
f 807/90/3 808/83/3 774/88/3
f 782/91/3 783/89/3 790/79/3
f 807/90/3 774/88/3 775/92/3
f 781/93/3 782/91/3 790/79/3
f 780/94/3 781/93/3 790/79/3
f 807/90/3 775/92/3 776/95/3
f 779/96/3 780/94/3 790/79/3
f 778/97/3 779/96/3 790/79/3
f 807/90/3 776/95/3 777/98/3
f 777/98/3 778/97/3 790/79/3
f 807/90/3 777/98/3 790/79/3
f 806/99/3 807/90/3 790/79/3
f 806/99/3 790/79/3 791/100/3
f 805/101/3 806/99/3 791/100/3
f 805/101/3 791/100/3 792/102/3
f 805/101/3 792/102/3 793/103/3
f 805/101/3 793/103/3 794/104/3
f 804/105/3 805/101/3 794/104/3
f 804/105/3 794/104/3 795/106/3
f 804/105/3 795/106/3 796/107/3
f 804/105/3 796/107/3 797/108/3
f 803/109/3 804/105/3 797/108/3
f 803/109/3 797/108/3 798/110/3
f 803/109/3 798/110/3 799/111/3
f 803/109/3 799/111/3 800/112/3
f 802/113/3 803/109/3 800/112/3
f 802/113/3 800/112/3 801/114/3
f 844/115/3 845/117/3 846/116/3
f 844/115/3 846/116/3 849/118/3
f 849/118/3 846/116/3 847/119/3
f 844/115/3 849/118/3 850/8/3
f 848/120/3 849/118/3 847/119/3
f 844/115/3 850/8/3 842/121/3
f 842/121/3 850/8/3 848/120/3
f 842/121/3 848/120/3 841/122/3
f 841/122/3 848/120/3 847/119/3
f 844/115/3 842/121/3 843/123/3
f 840/6/3 841/122/3 847/119/3
f 877/124/3 878/126/3 905/125/3
f 905/125/3 878/126/3 879/127/3
f 905/125/3 879/127/3 851/6/3
f 905/125/3 851/6/3 852/128/3
f 905/125/3 852/128/3 853/129/3
f 905/125/3 853/129/3 854/130/3
f 905/125/3 854/130/3 855/131/3
f 905/125/3 855/131/3 856/12/3
f 905/125/3 856/12/3 857/132/3
f 905/125/3 857/132/3 904/133/3
f 904/133/3 857/132/3 858/134/3
f 877/124/3 905/125/3 906/8/3
f 903/135/3 904/133/3 858/134/3
f 902/136/3 903/135/3 858/134/3
f 901/11/3 902/136/3 858/134/3
f 901/11/3 858/134/3 859/137/3
f 900/138/3 901/11/3 859/137/3
f 899/139/3 900/138/3 859/137/3
f 898/140/3 899/139/3 859/137/3
f 898/140/3 859/137/3 860/141/3
f 897/142/3 898/140/3 860/141/3
f 896/10/3 897/142/3 860/141/3
f 895/120/3 896/10/3 860/141/3
f 895/120/3 860/141/3 861/14/3
f 894/143/3 895/120/3 861/14/3
f 893/144/3 894/143/3 861/14/3
f 893/144/3 861/14/3 862/121/3
f 892/145/3 893/144/3 862/121/3
f 891/9/3 892/145/3 862/121/3
f 891/9/3 862/121/3 863/146/3
f 890/147/3 891/9/3 863/146/3
f 890/147/3 863/146/3 864/148/3
f 889/149/3 890/147/3 864/148/3
f 888/150/3 889/149/3 864/148/3
f 888/150/3 864/148/3 865/151/3
f 887/152/3 888/150/3 865/151/3
f 886/18/3 887/152/3 865/151/3
f 886/18/3 865/151/3 866/15/3
f 885/153/3 886/18/3 866/15/3
f 884/116/3 885/153/3 866/15/3
f 883/154/3 884/116/3 866/15/3
f 882/155/3 883/154/3 866/15/3
f 882/155/3 866/15/3 867/156/3
f 881/17/3 882/155/3 867/156/3
f 880/157/3 881/17/3 867/156/3
f 877/124/3 906/8/3 875/158/3
f 875/158/3 906/8/3 880/157/3
f 875/158/3 880/157/3 867/156/3
f 875/158/3 867/156/3 868/159/3
f 875/158/3 868/159/3 869/160/3
f 875/158/3 869/160/3 870/161/3
f 875/158/3 870/161/3 871/13/3
f 875/158/3 871/13/3 872/162/3
f 875/158/3 872/162/3 873/115/3
f 875/158/3 873/115/3 874/163/3
f 877/124/3 875/158/3 876/16/3
f 1014/164/3 1015/166/3 1016/165/3
f 1014/164/3 1016/165/3 1017/11/3
f 1014/164/3 1017/11/3 1018/167/3
f 1013/168/3 1014/164/3 1018/167/3
f 1013/168/3 1018/167/3 1019/169/3
f 1013/168/3 1019/169/3 1020/170/3
f 1012/171/3 1013/168/3 1020/170/3
f 1012/171/3 1020/170/3 1021/172/3
f 1012/171/3 1021/172/3 1022/173/3
f 1011/174/3 1012/171/3 1022/173/3
f 1011/174/3 1022/173/3 1023/175/3
f 1011/174/3 1023/175/3 1024/176/3
f 1010/177/3 1011/174/3 1024/176/3
f 1010/177/3 1024/176/3 1025/178/3
f 1010/177/3 1025/178/3 1026/179/3
f 1009/180/3 1010/177/3 1026/179/3
f 1009/180/3 1026/179/3 1027/181/3
f 1009/180/3 1027/181/3 914/182/3
f 914/182/3 1027/181/3 913/183/3
f 913/183/3 1027/181/3 912/184/3
f 912/184/3 1027/181/3 911/185/3
f 911/185/3 1027/181/3 910/186/3
f 910/186/3 1027/181/3 909/187/3
f 909/187/3 1027/181/3 908/188/3
f 908/188/3 1027/181/3 907/6/3
f 907/6/3 1027/181/3 1028/8/3
f 1008/189/3 1009/180/3 916/190/3
f 916/190/3 1009/180/3 915/191/3
f 915/191/3 1009/180/3 914/182/3
f 1007/192/3 1008/189/3 918/12/3
f 918/12/3 1008/189/3 917/193/3
f 917/193/3 1008/189/3 916/190/3
f 1006/10/3 1007/192/3 919/194/3
f 919/194/3 1007/192/3 918/12/3
f 1006/10/3 919/194/3 920/195/3
f 1006/10/3 920/195/3 921/196/3
f 1006/10/3 921/196/3 922/197/3
f 1006/10/3 922/197/3 923/198/3
f 1006/10/3 923/198/3 924/199/3
f 1005/200/3 1006/10/3 924/199/3
f 1005/200/3 924/199/3 925/201/3
f 1005/200/3 925/201/3 926/202/3
f 1005/200/3 926/202/3 927/203/3
f 1004/204/3 1005/200/3 927/203/3
f 1004/204/3 927/203/3 928/205/3
f 1004/204/3 928/205/3 929/14/3
f 1003/206/3 1004/204/3 929/14/3
f 1003/206/3 929/14/3 930/207/3
f 1003/206/3 930/207/3 931/208/3
f 1002/209/3 1003/206/3 931/208/3
f 1002/209/3 931/208/3 932/210/3
f 1002/209/3 932/210/3 933/211/3
f 1001/212/3 1002/209/3 933/211/3
f 1001/212/3 933/211/3 934/213/3
f 1000/214/3 1001/212/3 934/213/3
f 1000/214/3 934/213/3 935/215/3
f 1000/214/3 935/215/3 936/216/3
f 999/217/3 1000/214/3 936/216/3
f 999/217/3 936/216/3 937/218/3
f 998/219/3 999/217/3 937/218/3
f 998/219/3 937/218/3 938/220/3
f 997/221/3 998/219/3 938/220/3
f 997/221/3 938/220/3 939/222/3
f 996/223/3 997/221/3 939/222/3
f 996/223/3 939/222/3 940/15/3
f 995/9/3 996/223/3 940/15/3
f 994/224/3 995/9/3 940/15/3
f 994/224/3 940/15/3 941/225/3
f 993/226/3 994/224/3 941/225/3
f 992/227/3 993/226/3 941/225/3
f 992/227/3 941/225/3 942/228/3
f 991/229/3 992/227/3 942/228/3
f 966/230/3 967/232/3 968/231/3
f 991/229/3 942/228/3 943/233/3
f 990/234/3 991/229/3 943/233/3
f 966/230/3 968/231/3 969/235/3
f 989/236/3 990/234/3 943/233/3
f 989/236/3 943/233/3 944/237/3
f 966/230/3 969/235/3 970/238/3
f 988/239/3 989/236/3 944/237/3
f 966/230/3 970/238/3 971/240/3
f 987/241/3 988/239/3 944/237/3
f 986/242/3 987/241/3 944/237/3
f 986/242/3 944/237/3 945/243/3
f 966/230/3 971/240/3 972/244/3
f 985/245/3 986/242/3 945/243/3
f 966/230/3 972/244/3 973/17/3
f 984/18/3 985/245/3 945/243/3
f 966/230/3 973/17/3 974/246/3
f 984/18/3 945/243/3 946/247/3
f 983/248/3 984/18/3 946/247/3
f 966/230/3 974/246/3 975/249/3
f 982/250/3 983/248/3 946/247/3
f 966/230/3 975/249/3 976/251/3
f 981/252/3 982/250/3 946/247/3
f 966/230/3 976/251/3 977/253/3
f 980/254/3 981/252/3 946/247/3
f 966/230/3 977/253/3 978/255/3
f 980/254/3 946/247/3 947/256/3
f 979/257/3 980/254/3 947/256/3
f 966/230/3 978/255/3 979/257/3
f 966/230/3 979/257/3 947/256/3
f 966/230/3 947/256/3 948/258/3
f 965/259/3 966/230/3 948/258/3
f 964/260/3 965/259/3 948/258/3
f 964/260/3 948/258/3 949/261/3
f 963/262/3 964/260/3 949/261/3
f 963/262/3 949/261/3 950/263/3
f 962/16/3 963/262/3 950/263/3
f 961/264/3 962/16/3 950/263/3
f 961/264/3 950/263/3 951/13/3
f 960/265/3 961/264/3 951/13/3
f 959/266/3 960/265/3 951/13/3
f 959/266/3 951/13/3 952/267/3
f 958/268/3 959/266/3 952/267/3
f 957/269/3 958/268/3 952/267/3
f 957/269/3 952/267/3 953/270/3
f 956/271/3 957/269/3 953/270/3
f 955/272/3 956/271/3 953/270/3
f 955/272/3 953/270/3 954/273/3
f 1136/164/3 1137/166/3 1138/165/3
f 1136/164/3 1138/165/3 1139/11/3
f 1136/164/3 1139/11/3 1140/167/3
f 1135/168/3 1136/164/3 1140/167/3
f 1135/168/3 1140/167/3 1141/169/3
f 1135/168/3 1141/169/3 1142/170/3
f 1134/171/3 1135/168/3 1142/170/3
f 1134/171/3 1142/170/3 1143/172/3
f 1134/171/3 1143/172/3 1144/173/3
f 1133/174/3 1134/171/3 1144/173/3
f 1133/174/3 1144/173/3 1145/175/3
f 1133/174/3 1145/175/3 1146/176/3
f 1132/177/3 1133/174/3 1146/176/3
f 1132/177/3 1146/176/3 1147/178/3
f 1132/177/3 1147/178/3 1148/179/3
f 1131/180/3 1132/177/3 1148/179/3
f 1131/180/3 1148/179/3 1149/181/3
f 1131/180/3 1149/181/3 1036/182/3
f 1036/182/3 1149/181/3 1035/183/3
f 1035/183/3 1149/181/3 1034/184/3
f 1034/184/3 1149/181/3 1033/185/3
f 1033/185/3 1149/181/3 1032/186/3
f 1032/186/3 1149/181/3 1031/187/3
f 1031/187/3 1149/181/3 1030/188/3
f 1030/188/3 1149/181/3 1029/6/3
f 1029/6/3 1149/181/3 1150/8/3
f 1130/189/3 1131/180/3 1038/190/3
f 1038/190/3 1131/180/3 1037/191/3
f 1037/191/3 1131/180/3 1036/182/3
f 1129/192/3 1130/189/3 1040/12/3
f 1040/12/3 1130/189/3 1039/193/3
f 1039/193/3 1130/189/3 1038/190/3
f 1128/10/3 1129/192/3 1041/194/3
f 1041/194/3 1129/192/3 1040/12/3
f 1128/10/3 1041/194/3 1042/195/3
f 1128/10/3 1042/195/3 1043/196/3
f 1128/10/3 1043/196/3 1044/197/3
f 1128/10/3 1044/197/3 1045/198/3
f 1128/10/3 1045/198/3 1046/199/3
f 1127/200/3 1128/10/3 1046/199/3
f 1127/200/3 1046/199/3 1047/201/3
f 1127/200/3 1047/201/3 1048/202/3
f 1127/200/3 1048/202/3 1049/203/3
f 1126/204/3 1127/200/3 1049/203/3
f 1126/204/3 1049/203/3 1050/205/3
f 1126/204/3 1050/205/3 1051/14/3
f 1125/206/3 1126/204/3 1051/14/3
f 1125/206/3 1051/14/3 1052/207/3
f 1125/206/3 1052/207/3 1053/208/3
f 1124/209/3 1125/206/3 1053/208/3
f 1124/209/3 1053/208/3 1054/210/3
f 1124/209/3 1054/210/3 1055/211/3
f 1123/212/3 1124/209/3 1055/211/3
f 1123/212/3 1055/211/3 1056/213/3
f 1122/214/3 1123/212/3 1056/213/3
f 1122/214/3 1056/213/3 1057/215/3
f 1122/214/3 1057/215/3 1058/216/3
f 1121/217/3 1122/214/3 1058/216/3
f 1121/217/3 1058/216/3 1059/218/3
f 1120/219/3 1121/217/3 1059/218/3
f 1120/219/3 1059/218/3 1060/220/3
f 1119/221/3 1120/219/3 1060/220/3
f 1119/221/3 1060/220/3 1061/222/3
f 1118/223/3 1119/221/3 1061/222/3
f 1118/223/3 1061/222/3 1062/15/3
f 1117/9/3 1118/223/3 1062/15/3
f 1116/224/3 1117/9/3 1062/15/3
f 1116/224/3 1062/15/3 1063/225/3
f 1115/226/3 1116/224/3 1063/225/3
f 1114/227/3 1115/226/3 1063/225/3
f 1114/227/3 1063/225/3 1064/228/3
f 1113/229/3 1114/227/3 1064/228/3
f 1088/230/3 1089/232/3 1090/231/3
f 1113/229/3 1064/228/3 1065/233/3
f 1112/234/3 1113/229/3 1065/233/3
f 1088/230/3 1090/231/3 1091/235/3
f 1111/236/3 1112/234/3 1065/233/3
f 1111/236/3 1065/233/3 1066/237/3
f 1088/230/3 1091/235/3 1092/238/3
f 1110/239/3 1111/236/3 1066/237/3
f 1088/230/3 1092/238/3 1093/240/3
f 1109/241/3 1110/239/3 1066/237/3
f 1108/242/3 1109/241/3 1066/237/3
f 1108/242/3 1066/237/3 1067/243/3
f 1088/230/3 1093/240/3 1094/244/3
f 1107/245/3 1108/242/3 1067/243/3
f 1088/230/3 1094/244/3 1095/17/3
f 1106/18/3 1107/245/3 1067/243/3
f 1088/230/3 1095/17/3 1096/246/3
f 1106/18/3 1067/243/3 1068/247/3
f 1105/248/3 1106/18/3 1068/247/3
f 1088/230/3 1096/246/3 1097/249/3
f 1104/250/3 1105/248/3 1068/247/3
f 1088/230/3 1097/249/3 1098/251/3
f 1103/252/3 1104/250/3 1068/247/3
f 1088/230/3 1098/251/3 1099/253/3
f 1102/254/3 1103/252/3 1068/247/3
f 1088/230/3 1099/253/3 1100/255/3
f 1102/254/3 1068/247/3 1069/256/3
f 1101/257/3 1102/254/3 1069/256/3
f 1088/230/3 1100/255/3 1101/257/3
f 1088/230/3 1101/257/3 1069/256/3
f 1088/230/3 1069/256/3 1070/258/3
f 1087/259/3 1088/230/3 1070/258/3
f 1086/260/3 1087/259/3 1070/258/3
f 1086/260/3 1070/258/3 1071/261/3
f 1085/262/3 1086/260/3 1071/261/3
f 1085/262/3 1071/261/3 1072/263/3
f 1084/16/3 1085/262/3 1072/263/3
f 1083/264/3 1084/16/3 1072/263/3
f 1083/264/3 1072/263/3 1073/13/3
f 1082/265/3 1083/264/3 1073/13/3
f 1081/266/3 1082/265/3 1073/13/3
f 1081/266/3 1073/13/3 1074/267/3
f 1080/268/3 1081/266/3 1074/267/3
f 1079/269/3 1080/268/3 1074/267/3
f 1079/269/3 1074/267/3 1075/270/3
f 1078/271/3 1079/269/3 1075/270/3
f 1077/272/3 1078/271/3 1075/270/3
f 1077/272/3 1075/270/3 1076/273/3
f 1258/164/3 1259/166/3 1260/165/3
f 1258/164/3 1260/165/3 1261/11/3
f 1258/164/3 1261/11/3 1262/167/3
f 1257/168/3 1258/164/3 1262/167/3
f 1257/168/3 1262/167/3 1263/169/3
f 1257/168/3 1263/169/3 1264/170/3
f 1256/171/3 1257/168/3 1264/170/3
f 1256/171/3 1264/170/3 1265/172/3
f 1256/171/3 1265/172/3 1266/173/3
f 1255/174/3 1256/171/3 1266/173/3
f 1255/174/3 1266/173/3 1267/175/3
f 1255/174/3 1267/175/3 1268/176/3
f 1254/177/3 1255/174/3 1268/176/3
f 1254/177/3 1268/176/3 1269/178/3
f 1254/177/3 1269/178/3 1270/179/3
f 1253/180/3 1254/177/3 1270/179/3
f 1253/180/3 1270/179/3 1271/181/3
f 1253/180/3 1271/181/3 1158/182/3
f 1158/182/3 1271/181/3 1157/183/3
f 1157/183/3 1271/181/3 1156/184/3
f 1156/184/3 1271/181/3 1155/185/3
f 1155/185/3 1271/181/3 1154/186/3
f 1154/186/3 1271/181/3 1153/187/3
f 1153/187/3 1271/181/3 1152/188/3
f 1152/188/3 1271/181/3 1151/6/3
f 1151/6/3 1271/181/3 1272/8/3
f 1252/189/3 1253/180/3 1160/190/3
f 1160/190/3 1253/180/3 1159/191/3
f 1159/191/3 1253/180/3 1158/182/3
f 1251/192/3 1252/189/3 1162/12/3
f 1162/12/3 1252/189/3 1161/193/3
f 1161/193/3 1252/189/3 1160/190/3
f 1250/10/3 1251/192/3 1163/194/3
f 1163/194/3 1251/192/3 1162/12/3
f 1250/10/3 1163/194/3 1164/195/3
f 1250/10/3 1164/195/3 1165/196/3
f 1250/10/3 1165/196/3 1166/197/3
f 1250/10/3 1166/197/3 1167/198/3
f 1250/10/3 1167/198/3 1168/199/3
f 1249/200/3 1250/10/3 1168/199/3
f 1249/200/3 1168/199/3 1169/201/3
f 1249/200/3 1169/201/3 1170/202/3
f 1249/200/3 1170/202/3 1171/203/3
f 1248/204/3 1249/200/3 1171/203/3
f 1248/204/3 1171/203/3 1172/205/3
f 1248/204/3 1172/205/3 1173/14/3
f 1247/206/3 1248/204/3 1173/14/3
f 1247/206/3 1173/14/3 1174/207/3
f 1247/206/3 1174/207/3 1175/208/3
f 1246/209/3 1247/206/3 1175/208/3
f 1246/209/3 1175/208/3 1176/210/3
f 1246/209/3 1176/210/3 1177/211/3
f 1245/212/3 1246/209/3 1177/211/3
f 1245/212/3 1177/211/3 1178/213/3
f 1244/214/3 1245/212/3 1178/213/3
f 1244/214/3 1178/213/3 1179/215/3
f 1244/214/3 1179/215/3 1180/216/3
f 1243/217/3 1244/214/3 1180/216/3
f 1243/217/3 1180/216/3 1181/218/3
f 1242/219/3 1243/217/3 1181/218/3
f 1242/219/3 1181/218/3 1182/220/3
f 1241/221/3 1242/219/3 1182/220/3
f 1241/221/3 1182/220/3 1183/222/3
f 1240/223/3 1241/221/3 1183/222/3
f 1240/223/3 1183/222/3 1184/15/3
f 1239/9/3 1240/223/3 1184/15/3
f 1238/224/3 1239/9/3 1184/15/3
f 1238/224/3 1184/15/3 1185/225/3
f 1237/226/3 1238/224/3 1185/225/3
f 1236/227/3 1237/226/3 1185/225/3
f 1236/227/3 1185/225/3 1186/228/3
f 1235/229/3 1236/227/3 1186/228/3
f 1210/230/3 1211/232/3 1212/231/3
f 1235/229/3 1186/228/3 1187/233/3
f 1234/234/3 1235/229/3 1187/233/3
f 1210/230/3 1212/231/3 1213/235/3
f 1233/236/3 1234/234/3 1187/233/3
f 1233/236/3 1187/233/3 1188/237/3
f 1210/230/3 1213/235/3 1214/238/3
f 1232/239/3 1233/236/3 1188/237/3
f 1210/230/3 1214/238/3 1215/240/3
f 1231/241/3 1232/239/3 1188/237/3
f 1230/242/3 1231/241/3 1188/237/3
f 1230/242/3 1188/237/3 1189/243/3
f 1210/230/3 1215/240/3 1216/244/3
f 1229/245/3 1230/242/3 1189/243/3
f 1210/230/3 1216/244/3 1217/17/3
f 1228/18/3 1229/245/3 1189/243/3
f 1210/230/3 1217/17/3 1218/246/3
f 1228/18/3 1189/243/3 1190/247/3
f 1227/248/3 1228/18/3 1190/247/3
f 1210/230/3 1218/246/3 1219/249/3
f 1226/250/3 1227/248/3 1190/247/3
f 1210/230/3 1219/249/3 1220/251/3
f 1225/252/3 1226/250/3 1190/247/3
f 1210/230/3 1220/251/3 1221/253/3
f 1224/254/3 1225/252/3 1190/247/3
f 1210/230/3 1221/253/3 1222/255/3
f 1224/254/3 1190/247/3 1191/256/3
f 1223/257/3 1224/254/3 1191/256/3
f 1210/230/3 1222/255/3 1223/257/3
f 1210/230/3 1223/257/3 1191/256/3
f 1210/230/3 1191/256/3 1192/258/3
f 1209/259/3 1210/230/3 1192/258/3
f 1208/260/3 1209/259/3 1192/258/3
f 1208/260/3 1192/258/3 1193/261/3
f 1207/262/3 1208/260/3 1193/261/3
f 1207/262/3 1193/261/3 1194/263/3
f 1206/16/3 1207/262/3 1194/263/3
f 1205/264/3 1206/16/3 1194/263/3
f 1205/264/3 1194/263/3 1195/13/3
f 1204/265/3 1205/264/3 1195/13/3
f 1203/266/3 1204/265/3 1195/13/3
f 1203/266/3 1195/13/3 1196/267/3
f 1202/268/3 1203/266/3 1196/267/3
f 1201/269/3 1202/268/3 1196/267/3
f 1201/269/3 1196/267/3 1197/270/3
f 1200/271/3 1201/269/3 1197/270/3
f 1199/272/3 1200/271/3 1197/270/3
f 1199/272/3 1197/270/3 1198/273/3
f 1281/9/3 1282/10/3 1273/6/3
f 1273/6/3 1282/10/3 1283/11/3
f 1273/6/3 1283/11/3 1284/8/3
f 1281/9/3 1273/6/3 1274/12/3
f 1281/9/3 1274/12/3 1277/13/3
f 1277/13/3 1274/12/3 1275/14/3
f 1277/13/3 1275/14/3 1276/15/3
f 1281/9/3 1277/13/3 1278/16/3
f 1281/9/3 1278/16/3 1279/17/3
f 1281/9/3 1279/17/3 1280/18/3
f 1349/274/3 1350/276/3 1377/275/3
f 1377/275/3 1350/276/3 1351/277/3
f 1377/275/3 1351/277/3 1285/6/3
f 1377/275/3 1285/6/3 1286/278/3
f 1377/275/3 1286/278/3 1287/279/3
f 1377/275/3 1287/279/3 1288/280/3
f 1377/275/3 1288/280/3 1289/281/3
f 1377/275/3 1289/281/3 1290/282/3
f 1377/275/3 1290/282/3 1291/283/3
f 1377/275/3 1291/283/3 1376/284/3
f 1376/284/3 1291/283/3 1292/285/3
f 1349/274/3 1377/275/3 1378/8/3
f 1375/286/3 1376/284/3 1292/285/3
f 1374/287/3 1375/286/3 1292/285/3
f 1373/288/3 1374/287/3 1292/285/3
f 1373/288/3 1292/285/3 1293/289/3
f 1372/290/3 1373/288/3 1293/289/3
f 1371/291/3 1372/290/3 1293/289/3
f 1370/292/3 1371/291/3 1293/289/3
f 1370/292/3 1293/289/3 1294/293/3
f 1369/294/3 1370/292/3 1294/293/3
f 1368/295/3 1369/294/3 1294/293/3
f 1367/296/3 1368/295/3 1294/293/3
f 1367/296/3 1294/293/3 1295/297/3
f 1366/298/3 1367/296/3 1295/297/3
f 1365/299/3 1366/298/3 1295/297/3
f 1365/299/3 1295/297/3 1296/300/3
f 1364/301/3 1365/299/3 1296/300/3
f 1363/302/3 1364/301/3 1296/300/3
f 1363/302/3 1296/300/3 1297/303/3
f 1362/304/3 1363/302/3 1297/303/3
f 1362/304/3 1297/303/3 1298/305/3
f 1361/306/3 1362/304/3 1298/305/3
f 1360/307/3 1361/306/3 1298/305/3
f 1360/307/3 1298/305/3 1299/308/3
f 1359/309/3 1360/307/3 1299/308/3
f 1359/309/3 1299/308/3 1300/310/3
f 1358/311/3 1359/309/3 1300/310/3
f 1358/311/3 1300/310/3 1301/312/3
f 1357/313/3 1358/311/3 1301/312/3
f 1356/314/3 1357/313/3 1301/312/3
f 1356/314/3 1301/312/3 1302/315/3
f 1355/316/3 1356/314/3 1302/315/3
f 1354/317/3 1355/316/3 1302/315/3
f 1354/317/3 1302/315/3 1303/318/3
f 1353/319/3 1354/317/3 1303/318/3
f 1352/320/3 1353/319/3 1303/318/3
f 1349/274/3 1378/8/3 1347/321/3
f 1347/321/3 1378/8/3 1352/320/3
f 1347/321/3 1352/320/3 1303/318/3
f 1347/321/3 1303/318/3 1304/322/3
f 1347/321/3 1304/322/3 1305/323/3
f 1347/321/3 1305/323/3 1306/324/3
f 1347/321/3 1306/324/3 1307/325/3
f 1347/321/3 1307/325/3 1308/326/3
f 1347/321/3 1308/326/3 1309/327/3
f 1347/321/3 1309/327/3 1310/328/3
f 1347/321/3 1310/328/3 1346/329/3
f 1346/329/3 1310/328/3 1345/330/3
f 1345/330/3 1310/328/3 1311/331/3
f 1349/274/3 1347/321/3 1348/332/3
f 1344/333/3 1345/330/3 1311/331/3
f 1343/334/3 1344/333/3 1311/331/3
f 1342/335/3 1343/334/3 1311/331/3
f 1342/335/3 1311/331/3 1312/336/3
f 1341/337/3 1342/335/3 1312/336/3
f 1340/338/3 1341/337/3 1312/336/3
f 1340/338/3 1312/336/3 1313/339/3
f 1339/340/3 1340/338/3 1313/339/3
f 1339/340/3 1313/339/3 1314/341/3
f 1338/342/3 1339/340/3 1314/341/3
f 1338/342/3 1314/341/3 1315/343/3
f 1337/344/3 1338/342/3 1315/343/3
f 1337/344/3 1315/343/3 1316/345/3
f 1336/346/3 1337/344/3 1316/345/3
f 1336/346/3 1316/345/3 1317/347/3
f 1335/348/3 1336/346/3 1317/347/3
f 1335/348/3 1317/347/3 1318/349/3
f 1335/348/3 1318/349/3 1319/350/3
f 1334/351/3 1335/348/3 1319/350/3
f 1334/351/3 1319/350/3 1320/352/3
f 1333/353/3 1334/351/3 1320/352/3
f 1333/353/3 1320/352/3 1321/354/3
f 1333/353/3 1321/354/3 1322/355/3
f 1333/353/3 1322/355/3 1323/356/3
f 1333/353/3 1323/356/3 1324/357/3
f 1333/353/3 1324/357/3 1325/358/3
f 1333/353/3 1325/358/3 1326/359/3
f 1333/353/3 1326/359/3 1327/360/3
f 1333/353/3 1327/360/3 1328/361/3
f 1333/353/3 1328/361/3 1329/362/3
f 1333/353/3 1329/362/3 1330/363/3
f 1333/353/3 1330/363/3 1331/364/3
f 1333/353/3 1331/364/3 1332/365/3
f 1405/124/3 1406/126/3 1433/125/3
f 1433/125/3 1406/126/3 1407/127/3
f 1433/125/3 1407/127/3 1379/6/3
f 1433/125/3 1379/6/3 1380/128/3
f 1433/125/3 1380/128/3 1381/129/3
f 1433/125/3 1381/129/3 1382/130/3
f 1433/125/3 1382/130/3 1383/131/3
f 1433/125/3 1383/131/3 1384/12/3
f 1433/125/3 1384/12/3 1385/132/3
f 1433/125/3 1385/132/3 1432/133/3
f 1432/133/3 1385/132/3 1386/134/3
f 1405/124/3 1433/125/3 1434/8/3
f 1431/135/3 1432/133/3 1386/134/3
f 1430/136/3 1431/135/3 1386/134/3
f 1429/11/3 1430/136/3 1386/134/3
f 1429/11/3 1386/134/3 1387/137/3
f 1428/138/3 1429/11/3 1387/137/3
f 1427/139/3 1428/138/3 1387/137/3
f 1426/140/3 1427/139/3 1387/137/3
f 1426/140/3 1387/137/3 1388/141/3
f 1425/142/3 1426/140/3 1388/141/3
f 1424/10/3 1425/142/3 1388/141/3
f 1423/120/3 1424/10/3 1388/141/3
f 1423/120/3 1388/141/3 1389/14/3
f 1422/143/3 1423/120/3 1389/14/3
f 1421/144/3 1422/143/3 1389/14/3
f 1421/144/3 1389/14/3 1390/121/3
f 1420/145/3 1421/144/3 1390/121/3
f 1419/9/3 1420/145/3 1390/121/3
f 1419/9/3 1390/121/3 1391/146/3
f 1418/147/3 1419/9/3 1391/146/3
f 1418/147/3 1391/146/3 1392/148/3
f 1417/149/3 1418/147/3 1392/148/3
f 1416/150/3 1417/149/3 1392/148/3
f 1416/150/3 1392/148/3 1393/151/3
f 1415/152/3 1416/150/3 1393/151/3
f 1414/18/3 1415/152/3 1393/151/3
f 1414/18/3 1393/151/3 1394/15/3
f 1413/153/3 1414/18/3 1394/15/3
f 1412/116/3 1413/153/3 1394/15/3
f 1411/154/3 1412/116/3 1394/15/3
f 1410/155/3 1411/154/3 1394/15/3
f 1410/155/3 1394/15/3 1395/156/3
f 1409/17/3 1410/155/3 1395/156/3
f 1408/157/3 1409/17/3 1395/156/3
f 1405/124/3 1434/8/3 1403/158/3
f 1403/158/3 1434/8/3 1408/157/3
f 1403/158/3 1408/157/3 1395/156/3
f 1403/158/3 1395/156/3 1396/159/3
f 1403/158/3 1396/159/3 1397/160/3
f 1403/158/3 1397/160/3 1398/161/3
f 1403/158/3 1398/161/3 1399/13/3
f 1403/158/3 1399/13/3 1400/162/3
f 1403/158/3 1400/162/3 1401/115/3
f 1403/158/3 1401/115/3 1402/163/3
f 1405/124/3 1403/158/3 1404/16/3
f 1439/2/3 1440/5/3 1435/6/3
f 1435/6/3 1440/5/3 1441/7/3
f 1435/6/3 1441/7/3 1442/8/3
f 1439/2/3 1435/6/3 1436/4/3
f 1439/2/3 1436/4/3 1437/1/3
f 1439/2/3 1437/1/3 1438/3/3
s 1
f 1444/366/5 1446/367/6 1445/368/6 1443/6/5
f 1446/367/6 1448/369/6 1447/370/6 1445/368/6
f 1448/369/6 1450/371/5 1449/372/5 1447/370/6
f 1450/371/5 1452/373/7 1451/117/7 1449/372/5
f 1452/373/7 1454/374/8 1453/375/8 1451/117/7
f 1454/374/8 1456/376/6 1455/377/6 1453/375/8
f 1456/376/6 1458/378/5 1457/379/5 1455/377/6
f 1458/378/5 1444/380/5 1443/8/5 1457/379/5
f 1460/366/9 1462/381/10 1461/382/10 1459/6/9
f 1462/381/10 1464/383/11 1463/384/11 1461/382/10
f 1464/383/11 1466/385/12 1465/386/12 1463/384/11
f 1466/385/12 1468/387/13 1467/388/13 1465/386/12
f 1468/387/13 1470/389/14 1469/390/14 1467/388/13
f 1470/389/14 1472/391/15 1471/392/15 1469/390/14
f 1472/391/15 1474/393/16 1473/394/16 1471/392/15
f 1474/393/16 1476/395/17 1475/396/17 1473/394/16
f 1476/395/17 1478/397/18 1477/398/18 1475/396/17
f 1478/397/18 1480/399/19 1479/400/19 1477/398/18
f 1480/399/19 1482/401/20 1481/402/20 1479/400/19
f 1482/401/20 1484/403/21 1483/404/21 1481/402/20
f 1484/403/21 1486/405/22 1485/406/22 1483/404/21
f 1486/405/22 1488/407/23 1487/408/23 1485/406/22
f 1488/407/23 1490/409/24 1489/410/24 1487/408/23
f 1490/409/24 1492/411/25 1491/412/25 1489/410/24
f 1492/411/25 1494/413/26 1493/414/26 1491/412/25
f 1494/413/26 1496/415/27 1495/416/27 1493/414/26
f 1496/415/27 1498/417/28 1497/418/28 1495/416/27
f 1498/417/28 1500/419/29 1499/420/29 1497/418/28
f 1500/419/29 1502/421/30 1501/422/30 1499/420/29
f 1502/421/30 1504/423/31 1503/424/31 1501/422/30
f 1504/423/31 1506/425/32 1505/426/32 1503/424/31
f 1506/425/32 1508/427/5 1507/428/5 1505/426/32
f 1508/427/5 1510/429/5 1509/430/5 1507/428/5
f 1510/429/5 1512/431/7 1511/432/7 1509/430/5
f 1512/431/7 1514/433/8 1513/434/8 1511/432/7
f 1514/433/8 1516/435/33 1515/436/33 1513/434/8
f 1516/435/33 1460/380/9 1459/8/9 1515/436/33
f 1518/366/34 1520/437/35 1519/438/35 1517/6/34
f 1520/437/35 1522/439/36 1521/440/36 1519/438/35
f 1522/439/36 1524/441/37 1523/442/37 1521/440/36
f 1524/441/37 1526/443/38 1525/444/38 1523/442/37
f 1526/443/38 1528/445/39 1527/446/39 1525/444/38
f 1528/445/39 1530/447/40 1529/448/40 1527/446/39
f 1530/447/40 1532/449/41 1531/450/41 1529/448/40
f 1532/449/41 1534/451/42 1533/452/42 1531/450/41
f 1534/451/42 1536/453/43 1535/345/43 1533/452/42
f 1536/453/43 1538/454/44 1537/455/44 1535/345/43
f 1538/454/44 1540/456/45 1539/457/45 1537/455/44
f 1540/456/45 1542/458/46 1541/459/46 1539/457/45
f 1542/458/46 1544/460/47 1543/461/47 1541/459/46
f 1544/460/47 1546/462/48 1545/463/48 1543/461/47
f 1546/462/48 1548/464/49 1547/465/49 1545/463/48
f 1548/464/49 1550/466/50 1549/467/50 1547/465/49
f 1550/466/50 1552/468/51 1551/469/51 1549/467/50
f 1552/468/51 1554/470/52 1553/321/52 1551/469/51
f 1554/470/52 1556/471/53 1555/472/53 1553/321/52
f 1556/471/53 1558/473/54 1557/474/54 1555/472/53
f 1558/473/54 1560/475/55 1559/476/55 1557/474/54
f 1560/475/55 1562/477/56 1561/478/56 1559/476/55
f 1562/477/56 1564/479/57 1563/480/57 1561/478/56
f 1564/479/57 1566/481/58 1565/482/58 1563/480/57
f 1566/481/58 1568/483/5 1567/484/5 1565/482/58
f 1568/483/5 1570/485/6 1569/486/6 1567/484/5
f 1570/485/6 1518/380/34 1517/8/34 1569/486/6
f 1572/366/59 1574/487/60 1573/488/60 1571/6/59
f 1574/487/60 1576/489/61 1575/490/61 1573/488/60
f 1576/489/61 1578/491/62 1577/492/62 1575/490/61
f 1578/491/62 1580/493/63 1579/494/63 1577/492/62
f 1580/493/63 1582/495/64 1581/496/64 1579/494/63
f 1582/495/64 1584/497/65 1583/498/65 1581/496/64
f 1584/497/65 1586/499/66 1585/500/66 1583/498/65
f 1586/499/66 1588/501/67 1587/502/67 1585/500/66
f 1588/501/67 1590/503/68 1589/504/68 1587/502/67
f 1590/503/68 1592/505/69 1591/506/69 1589/504/68
f 1592/505/69 1594/507/70 1593/508/70 1591/506/69
f 1594/507/70 1596/509/71 1595/510/71 1593/508/70
f 1596/509/71 1598/511/72 1597/512/72 1595/510/71
f 1598/511/72 1600/513/73 1599/514/73 1597/512/72
f 1600/513/73 1602/515/74 1601/516/74 1599/514/73
f 1602/515/74 1604/517/75 1603/518/75 1601/516/74
f 1604/517/75 1606/519/76 1605/520/76 1603/518/75
f 1606/519/76 1608/521/77 1607/522/77 1605/520/76
f 1608/521/77 1610/523/78 1609/524/78 1607/522/77
f 1610/523/78 1612/525/79 1611/526/79 1609/524/78
f 1612/525/79 1614/527/80 1613/528/80 1611/526/79
f 1614/527/80 1616/529/81 1615/530/81 1613/528/80
f 1616/529/81 1618/531/82 1617/532/82 1615/530/81
f 1618/531/82 1620/533/83 1619/534/83 1617/532/82
f 1620/533/83 1622/535/84 1621/536/84 1619/534/83
f 1622/535/84 1624/537/85 1623/538/85 1621/536/84
f 1624/537/85 1626/539/86 1625/540/86 1623/538/85
f 1626/539/86 1628/541/87 1627/542/87 1625/540/86
f 1628/541/87 1630/543/88 1629/544/88 1627/542/87
f 1630/543/88 1632/545/89 1631/546/89 1629/544/88
f 1632/545/89 1634/547/90 1633/548/90 1631/546/89
f 1634/547/90 1636/549/91 1635/550/91 1633/548/90
f 1636/549/91 1638/551/92 1637/552/92 1635/550/91
f 1638/551/92 1640/553/93 1639/554/93 1637/552/92
f 1640/553/93 1642/555/94 1641/556/94 1639/554/93
f 1642/555/94 1644/557/95 1643/558/95 1641/556/94
f 1644/557/95 1646/559/96 1645/560/96 1643/558/95
f 1646/559/96 1648/561/97 1647/562/97 1645/560/96
f 1648/561/97 1650/563/98 1649/564/98 1647/562/97
f 1650/563/98 1652/565/99 1651/566/99 1649/564/98
f 1652/565/99 1654/567/100 1653/568/100 1651/566/99
f 1654/567/100 1656/569/101 1655/570/101 1653/568/100
f 1656/569/101 1658/571/102 1657/572/102 1655/570/101
f 1658/571/102 1660/573/103 1659/574/103 1657/572/102
f 1660/573/103 1662/575/104 1661/576/104 1659/574/103
f 1662/575/104 1664/577/105 1663/578/105 1661/576/104
f 1664/577/105 1666/579/106 1665/580/106 1663/578/105
f 1666/579/106 1668/581/107 1667/582/107 1665/580/106
f 1668/581/107 1670/583/108 1669/584/108 1667/582/107
f 1670/583/108 1672/585/109 1671/586/109 1669/584/108
f 1672/585/109 1674/587/110 1673/588/110 1671/586/109
f 1674/587/110 1676/589/111 1675/590/111 1673/588/110
f 1676/589/111 1678/591/112 1677/592/112 1675/590/111
f 1678/591/112 1680/593/113 1679/594/113 1677/592/112
f 1680/593/113 1682/595/114 1681/596/114 1679/594/113
f 1682/595/114 1684/597/115 1683/598/115 1681/596/114
f 1684/597/115 1686/599/116 1685/600/116 1683/598/115
f 1686/599/116 1688/601/117 1687/602/117 1685/600/116
f 1688/601/117 1690/603/118 1689/604/118 1687/602/117
f 1690/603/118 1692/605/119 1691/606/119 1689/604/118
f 1692/605/119 1694/607/120 1693/608/120 1691/606/119
f 1694/607/120 1696/609/5 1695/610/5 1693/608/120
f 1696/609/5 1698/611/5 1697/612/5 1695/610/5
f 1698/611/5 1700/613/7 1699/614/7 1697/612/5
f 1700/613/7 1702/615/8 1701/616/8 1699/614/7
f 1702/615/8 1704/617/121 1703/618/121 1701/616/8
f 1704/617/121 1572/380/59 1571/8/59 1703/618/121
f 1706/366/122 1708/437/123 1707/438/123 1705/6/122
f 1708/437/123 1710/439/124 1709/440/124 1707/438/123
f 1710/439/124 1712/441/125 1711/442/125 1709/440/124
f 1712/441/125 1714/443/126 1713/444/126 1711/442/125
f 1714/443/126 1716/445/127 1715/446/127 1713/444/126
f 1716/445/127 1718/447/128 1717/448/128 1715/446/127
f 1718/447/128 1720/449/129 1719/450/129 1717/448/128
f 1720/449/129 1722/451/130 1721/452/130 1719/450/129
f 1722/451/130 1724/453/131 1723/345/131 1721/452/130
f 1724/453/131 1726/454/132 1725/455/132 1723/345/131
f 1726/454/132 1728/456/133 1727/457/133 1725/455/132
f 1728/456/133 1730/458/134 1729/459/134 1727/457/133
f 1730/458/134 1732/460/135 1731/461/135 1729/459/134
f 1732/460/135 1734/462/136 1733/463/136 1731/461/135
f 1734/462/136 1736/464/137 1735/465/137 1733/463/136
f 1736/464/137 1738/466/138 1737/467/138 1735/465/137
f 1738/466/138 1740/468/139 1739/469/139 1737/467/138
f 1740/468/139 1742/470/140 1741/321/140 1739/469/139
f 1742/470/140 1744/471/141 1743/472/141 1741/321/140
f 1744/471/141 1746/473/142 1745/474/142 1743/472/141
f 1746/473/142 1748/475/143 1747/476/143 1745/474/142
f 1748/475/143 1750/477/144 1749/478/144 1747/476/143
f 1750/477/144 1752/479/145 1751/480/145 1749/478/144
f 1752/479/145 1754/481/146 1753/482/146 1751/480/145
f 1754/481/146 1756/483/5 1755/484/5 1753/482/146
f 1756/483/5 1758/485/6 1757/486/6 1755/484/5
f 1758/485/6 1706/380/122 1705/8/122 1757/486/6
f 1760/366/5 1762/619/6 1761/620/6 1759/6/5
f 1762/619/6 1764/621/6 1763/622/6 1761/620/6
f 1764/621/6 1766/369/5 1765/370/5 1763/622/6
f 1766/369/5 1768/453/5 1767/345/5 1765/370/5
f 1768/453/5 1770/623/6 1769/624/6 1767/345/5
f 1770/623/6 1772/373/6 1771/117/6 1769/624/6
f 1772/373/6 1774/625/5 1773/626/5 1771/117/6
f 1774/625/5 1776/470/7 1775/321/7 1773/626/5
f 1776/470/7 1778/376/8 1777/377/8 1775/321/7
f 1778/376/8 1780/627/6 1779/628/6 1777/377/8
f 1780/627/6 1782/629/5 1781/630/5 1779/628/6
f 1782/629/5 1760/380/5 1759/8/5 1781/630/5
f 1784/366/147 1786/631/148 1785/632/148 1783/6/147
f 1786/631/148 1788/633/149 1787/634/149 1785/632/148
f 1788/633/149 1790/635/150 1789/636/150 1787/634/149
f 1790/635/150 1792/637/151 1791/638/151 1789/636/150
f 1792/637/151 1794/639/152 1793/640/152 1791/638/151
f 1794/639/152 1796/641/153 1795/642/153 1793/640/152
f 1796/641/153 1798/643/154 1797/644/154 1795/642/153
f 1798/643/154 1800/645/155 1799/646/155 1797/644/154
f 1800/645/155 1802/647/156 1801/648/156 1799/646/155
f 1802/647/156 1804/649/157 1803/650/157 1801/648/156
f 1804/649/157 1806/651/158 1805/652/158 1803/650/157
f 1806/651/158 1808/653/159 1807/654/159 1805/652/158
f 1808/653/159 1810/655/160 1809/656/160 1807/654/159
f 1810/655/160 1812/657/161 1811/658/161 1809/656/160
f 1812/657/161 1814/659/162 1813/660/162 1811/658/161
f 1814/659/162 1816/661/163 1815/662/163 1813/660/162
f 1816/661/163 1818/663/164 1817/664/164 1815/662/163
f 1818/663/164 1820/665/165 1819/666/165 1817/664/164
f 1820/665/165 1822/667/166 1821/668/166 1819/666/165
f 1822/667/166 1824/669/167 1823/670/167 1821/668/166
f 1824/669/167 1826/671/168 1825/672/168 1823/670/167
f 1826/671/168 1828/673/169 1827/674/169 1825/672/168
f 1828/673/169 1830/675/170 1829/676/170 1827/674/169
f 1830/675/170 1832/677/171 1831/678/171 1829/676/170
f 1832/677/171 1834/679/172 1833/680/172 1831/678/171
f 1834/679/172 1836/681/173 1835/682/173 1833/680/172
f 1836/681/173 1838/683/174 1837/684/174 1835/682/173
f 1838/683/174 1840/685/175 1839/686/175 1837/684/174
f 1840/685/175 1842/687/176 1841/688/176 1839/686/175
f 1842/687/176 1844/689/177 1843/690/177 1841/688/176
f 1844/689/177 1846/691/178 1845/692/178 1843/690/177
f 1846/691/178 1848/693/179 1847/694/179 1845/692/178
f 1848/693/179 1850/695/180 1849/696/180 1847/694/179
f 1850/695/180 1852/697/181 1851/698/181 1849/696/180
f 1852/697/181 1854/699/182 1853/700/182 1851/698/181
f 1854/699/182 1856/701/183 1855/702/183 1853/700/182
f 1856/701/183 1858/703/184 1857/704/184 1855/702/183
f 1858/703/184 1860/705/185 1859/706/185 1857/704/184
f 1860/705/185 1862/707/186 1861/708/186 1859/706/185
f 1862/707/186 1864/709/187 1863/710/187 1861/708/186
f 1864/709/187 1866/711/188 1865/712/188 1863/710/187
f 1866/711/188 1868/713/189 1867/714/189 1865/712/188
f 1868/713/189 1870/715/190 1869/716/190 1867/714/189
f 1870/715/190 1872/717/191 1871/718/191 1869/716/190
f 1872/717/191 1874/719/192 1873/720/192 1871/718/191
f 1874/719/192 1876/721/193 1875/722/193 1873/720/192
f 1876/721/193 1878/723/194 1877/724/194 1875/722/193
f 1878/723/194 1880/725/195 1879/726/195 1877/724/194
f 1880/725/195 1882/727/196 1881/728/196 1879/726/195
f 1882/727/196 1884/729/197 1883/730/197 1881/728/196
f 1884/729/197 1886/731/198 1885/732/198 1883/730/197
f 1886/731/198 1888/733/199 1887/734/199 1885/732/198
f 1888/733/199 1890/735/200 1889/736/200 1887/734/199
f 1890/735/200 1892/737/201 1891/738/201 1889/736/200
f 1892/737/201 1894/739/202 1893/740/202 1891/738/201
f 1894/739/202 1896/741/203 1895/742/203 1893/740/202
f 1896/741/203 1898/743/204 1897/744/204 1895/742/203
f 1898/743/204 1900/745/205 1899/746/205 1897/744/204
f 1900/745/205 1902/747/206 1901/748/206 1899/746/205
f 1902/747/206 1904/749/207 1903/750/207 1901/748/206
f 1904/749/207 1906/373/208 1905/117/208 1903/750/207
f 1906/373/208 1908/751/209 1907/752/209 1905/117/208
f 1908/751/209 1910/753/210 1909/754/210 1907/752/209
f 1910/753/210 1912/755/211 1911/756/211 1909/754/210
f 1912/755/211 1914/757/212 1913/758/212 1911/756/211
f 1914/757/212 1916/759/213 1915/760/213 1913/758/212
f 1916/759/213 1918/761/214 1917/762/214 1915/760/213
f 1918/761/214 1920/763/215 1919/764/215 1917/762/214
f 1920/763/215 1922/765/216 1921/766/216 1919/764/215
f 1922/765/216 1924/767/217 1923/768/217 1921/766/216
f 1924/767/217 1926/769/218 1925/770/218 1923/768/217
f 1926/769/218 1928/771/219 1927/772/219 1925/770/218
f 1928/771/219 1930/773/220 1929/774/220 1927/772/219
f 1930/773/220 1932/775/221 1931/776/221 1929/774/220
f 1932/775/221 1934/777/222 1933/778/222 1931/776/221
f 1934/777/222 1936/779/223 1935/780/223 1933/778/222
f 1936/779/223 1938/781/224 1937/782/224 1935/780/223
f 1938/781/224 1940/783/225 1939/784/225 1937/782/224
f 1940/783/225 1942/785/226 1941/786/226 1939/784/225
f 1942/785/226 1944/787/227 1943/788/227 1941/786/226
f 1944/787/227 1946/789/228 1945/790/228 1943/788/227
f 1946/789/228 1948/791/229 1947/792/229 1945/790/228
f 1948/791/229 1950/793/230 1949/794/230 1947/792/229
f 1950/793/230 1952/795/231 1951/796/231 1949/794/230
f 1952/795/231 1954/797/232 1953/798/232 1951/796/231
f 1954/797/232 1956/799/233 1955/800/233 1953/798/232
f 1956/799/233 1958/801/234 1957/802/234 1955/800/233
f 1958/801/234 1960/803/235 1959/804/235 1957/802/234
f 1960/803/235 1962/805/236 1961/806/236 1959/804/235
f 1962/805/236 1964/807/237 1963/808/237 1961/806/236
f 1964/807/237 1966/809/238 1965/810/238 1963/808/237
f 1966/809/238 1968/811/239 1967/812/239 1965/810/238
f 1968/811/239 1970/813/240 1969/814/240 1967/812/239
f 1970/813/240 1972/815/241 1971/816/241 1969/814/240
f 1972/815/241 1974/817/242 1973/818/242 1971/816/241
f 1974/817/242 1976/819/243 1975/820/243 1973/818/242
f 1976/819/243 1978/821/244 1977/822/244 1975/820/243
f 1978/821/244 1980/823/245 1979/824/245 1977/822/244
f 1980/823/245 1982/825/246 1981/826/246 1979/824/245
f 1982/825/246 1984/827/247 1983/828/247 1981/826/246
f 1984/827/247 1986/829/248 1985/830/248 1983/828/247
f 1986/829/248 1988/831/249 1987/832/249 1985/830/248
f 1988/831/249 1990/833/250 1989/834/250 1987/832/249
f 1990/833/250 1992/835/251 1991/836/251 1989/834/250
f 1992/835/251 1994/837/252 1993/838/252 1991/836/251
f 1994/837/252 1996/839/253 1995/840/253 1993/838/252
f 1996/839/253 1998/841/254 1997/842/254 1995/840/253
f 1998/841/254 2000/843/255 1999/844/255 1997/842/254
f 2000/843/255 2002/845/256 2001/846/256 1999/844/255
f 2002/845/256 2004/847/257 2003/848/257 2001/846/256
f 2004/847/257 2006/849/258 2005/850/258 2003/848/257
f 2006/849/258 2008/851/259 2007/852/259 2005/850/258
f 2008/851/259 2010/853/260 2009/854/260 2007/852/259
f 2010/853/260 2012/855/261 2011/856/261 2009/854/260
f 2012/855/261 2014/857/262 2013/858/262 2011/856/261
f 2014/857/262 2016/859/263 2015/860/263 2013/858/262
f 2016/859/263 2018/861/264 2017/862/264 2015/860/263
f 2018/861/264 2020/863/265 2019/864/265 2017/862/264
f 2020/863/265 2022/865/266 2021/866/266 2019/864/265
f 2022/865/266 2024/867/267 2023/868/267 2021/866/266
f 2024/867/267 2026/869/268 2025/870/268 2023/868/267
f 2026/869/268 1784/380/147 1783/8/147 2025/870/268
f 2028/366/269 2030/631/148 2029/632/148 2027/6/269
f 2030/631/148 2032/633/149 2031/634/149 2029/632/148
f 2032/633/149 2034/635/150 2033/636/150 2031/634/149
f 2034/635/150 2036/637/151 2035/638/151 2033/636/150
f 2036/637/151 2038/639/152 2037/640/152 2035/638/151
f 2038/639/152 2040/641/153 2039/642/153 2037/640/152
f 2040/641/153 2042/643/154 2041/644/154 2039/642/153
f 2042/643/154 2044/645/155 2043/646/155 2041/644/154
f 2044/645/155 2046/647/156 2045/648/156 2043/646/155
f 2046/647/156 2048/649/157 2047/650/157 2045/648/156
f 2048/649/157 2050/651/158 2049/652/158 2047/650/157
f 2050/651/158 2052/653/159 2051/654/159 2049/652/158
f 2052/653/159 2054/655/160 2053/656/160 2051/654/159
f 2054/655/160 2056/657/161 2055/658/161 2053/656/160
f 2056/657/161 2058/659/162 2057/660/162 2055/658/161
f 2058/659/162 2060/661/270 2059/662/270 2057/660/162
f 2060/661/270 2062/663/164 2061/664/164 2059/662/270
f 2062/663/164 2064/665/165 2063/666/165 2061/664/164
f 2064/665/165 2066/667/166 2065/668/166 2063/666/165
f 2066/667/166 2068/669/271 2067/670/271 2065/668/166
f 2068/669/271 2070/671/168 2069/672/168 2067/670/271
f 2070/671/168 2072/673/169 2071/674/169 2069/672/168
f 2072/673/169 2074/675/170 2073/676/170 2071/674/169
f 2074/675/170 2076/677/171 2075/678/171 2073/676/170
f 2076/677/171 2078/679/272 2077/680/272 2075/678/171
f 2078/679/272 2080/681/173 2079/682/173 2077/680/272
f 2080/681/173 2082/683/174 2081/684/174 2079/682/173
f 2082/683/174 2084/685/175 2083/686/175 2081/684/174
f 2084/685/175 2086/687/176 2085/688/176 2083/686/175
f 2086/687/176 2088/689/177 2087/690/177 2085/688/176
f 2088/689/177 2090/691/178 2089/692/178 2087/690/177
f 2090/691/178 2092/693/179 2091/694/179 2089/692/178
f 2092/693/179 2094/695/180 2093/696/180 2091/694/179
f 2094/695/180 2096/697/181 2095/698/181 2093/696/180
f 2096/697/181 2098/699/182 2097/700/182 2095/698/181
f 2098/699/182 2100/701/183 2099/702/183 2097/700/182
f 2100/701/183 2102/703/184 2101/704/184 2099/702/183
f 2102/703/184 2104/705/185 2103/706/185 2101/704/184
f 2104/705/185 2106/707/186 2105/708/186 2103/706/185
f 2106/707/186 2108/709/187 2107/710/187 2105/708/186
f 2108/709/187 2110/711/188 2109/712/188 2107/710/187
f 2110/711/188 2112/713/189 2111/714/189 2109/712/188
f 2112/713/189 2114/715/190 2113/716/190 2111/714/189
f 2114/715/190 2116/717/191 2115/718/191 2113/716/190
f 2116/717/191 2118/719/192 2117/720/192 2115/718/191
f 2118/719/192 2120/721/193 2119/722/193 2117/720/192
f 2120/721/193 2122/723/194 2121/724/194 2119/722/193
f 2122/723/194 2124/725/195 2123/726/195 2121/724/194
f 2124/725/195 2126/727/196 2125/728/196 2123/726/195
f 2126/727/196 2128/729/197 2127/730/197 2125/728/196
f 2128/729/197 2130/731/198 2129/732/198 2127/730/197
f 2130/731/198 2132/733/199 2131/734/199 2129/732/198
f 2132/733/199 2134/735/200 2133/736/200 2131/734/199
f 2134/735/200 2136/737/201 2135/738/201 2133/736/200
f 2136/737/201 2138/739/202 2137/740/202 2135/738/201
f 2138/739/202 2140/741/203 2139/742/203 2137/740/202
f 2140/741/203 2142/743/204 2141/744/204 2139/742/203
f 2142/743/204 2144/745/205 2143/746/205 2141/744/204
f 2144/745/205 2146/747/206 2145/748/206 2143/746/205
f 2146/747/206 2148/749/207 2147/750/207 2145/748/206
f 2148/749/207 2150/373/208 2149/117/208 2147/750/207
f 2150/373/208 2152/751/209 2151/752/209 2149/117/208
f 2152/751/209 2154/753/210 2153/754/210 2151/752/209
f 2154/753/210 2156/755/211 2155/756/211 2153/754/210
f 2156/755/211 2158/757/212 2157/758/212 2155/756/211
f 2158/757/212 2160/759/213 2159/760/213 2157/758/212
f 2160/759/213 2162/761/214 2161/762/214 2159/760/213
f 2162/761/214 2164/763/215 2163/764/215 2161/762/214
f 2164/763/215 2166/765/216 2165/766/216 2163/764/215
f 2166/765/216 2168/767/217 2167/768/217 2165/766/216
f 2168/767/217 2170/769/218 2169/770/218 2167/768/217
f 2170/769/218 2172/771/219 2171/772/219 2169/770/218
f 2172/771/219 2174/773/220 2173/774/220 2171/772/219
f 2174/773/220 2176/775/221 2175/776/221 2173/774/220
f 2176/775/221 2178/777/222 2177/778/222 2175/776/221
f 2178/777/222 2180/779/223 2179/780/223 2177/778/222
f 2180/779/223 2182/781/224 2181/782/224 2179/780/223
f 2182/781/224 2184/783/225 2183/784/225 2181/782/224
f 2184/783/225 2186/785/226 2185/786/226 2183/784/225
f 2186/785/226 2188/787/227 2187/788/227 2185/786/226
f 2188/787/227 2190/789/228 2189/790/228 2187/788/227
f 2190/789/228 2192/791/229 2191/792/229 2189/790/228
f 2192/791/229 2194/793/230 2193/794/230 2191/792/229
f 2194/793/230 2196/795/231 2195/796/231 2193/794/230
f 2196/795/231 2198/797/232 2197/798/232 2195/796/231
f 2198/797/232 2200/799/233 2199/800/233 2197/798/232
f 2200/799/233 2202/801/234 2201/802/234 2199/800/233
f 2202/801/234 2204/803/235 2203/804/235 2201/802/234
f 2204/803/235 2206/805/236 2205/806/236 2203/804/235
f 2206/805/236 2208/807/237 2207/808/237 2205/806/236
f 2208/807/237 2210/809/238 2209/810/238 2207/808/237
f 2210/809/238 2212/811/239 2211/812/239 2209/810/238
f 2212/811/239 2214/813/240 2213/814/240 2211/812/239
f 2214/813/240 2216/815/241 2215/816/241 2213/814/240
f 2216/815/241 2218/817/242 2217/818/242 2215/816/241
f 2218/817/242 2220/819/243 2219/820/243 2217/818/242
f 2220/819/243 2222/821/244 2221/822/244 2219/820/243
f 2222/821/244 2224/823/245 2223/824/245 2221/822/244
f 2224/823/245 2226/825/246 2225/826/246 2223/824/245
f 2226/825/246 2228/827/247 2227/828/247 2225/826/246
f 2228/827/247 2230/829/248 2229/830/248 2227/828/247
f 2230/829/248 2232/831/249 2231/832/249 2229/830/248
f 2232/831/249 2234/833/250 2233/834/250 2231/832/249
f 2234/833/250 2236/835/251 2235/836/251 2233/834/250
f 2236/835/251 2238/837/252 2237/838/252 2235/836/251
f 2238/837/252 2240/839/253 2239/840/253 2237/838/252
f 2240/839/253 2242/841/254 2241/842/254 2239/840/253
f 2242/841/254 2244/843/255 2243/844/255 2241/842/254
f 2244/843/255 2246/845/256 2245/846/256 2243/844/255
f 2246/845/256 2248/847/257 2247/848/257 2245/846/256
f 2248/847/257 2250/849/258 2249/850/258 2247/848/257
f 2250/849/258 2252/851/259 2251/852/259 2249/850/258
f 2252/851/259 2254/853/260 2253/854/260 2251/852/259
f 2254/853/260 2256/855/261 2255/856/261 2253/854/260
f 2256/855/261 2258/857/262 2257/858/262 2255/856/261
f 2258/857/262 2260/859/263 2259/860/263 2257/858/262
f 2260/859/263 2262/861/264 2261/862/264 2259/860/263
f 2262/861/264 2264/863/265 2263/864/265 2261/862/264
f 2264/863/265 2266/865/266 2265/866/266 2263/864/265
f 2266/865/266 2268/867/267 2267/868/267 2265/866/266
f 2268/867/267 2270/869/268 2269/870/268 2267/868/267
f 2270/869/268 2028/380/269 2027/8/269 2269/870/268
f 2272/366/269 2274/631/148 2273/632/148 2271/6/269
f 2274/631/148 2276/633/149 2275/634/149 2273/632/148
f 2276/633/149 2278/635/150 2277/636/150 2275/634/149
f 2278/635/150 2280/637/151 2279/638/151 2277/636/150
f 2280/637/151 2282/639/152 2281/640/152 2279/638/151
f 2282/639/152 2284/641/153 2283/642/153 2281/640/152
f 2284/641/153 2286/643/154 2285/644/154 2283/642/153
f 2286/643/154 2288/645/155 2287/646/155 2285/644/154
f 2288/645/155 2290/647/156 2289/648/156 2287/646/155
f 2290/647/156 2292/649/157 2291/650/157 2289/648/156
f 2292/649/157 2294/651/158 2293/652/158 2291/650/157
f 2294/651/158 2296/653/159 2295/654/159 2293/652/158
f 2296/653/159 2298/655/160 2297/656/160 2295/654/159
f 2298/655/160 2300/657/161 2299/658/161 2297/656/160
f 2300/657/161 2302/659/162 2301/660/162 2299/658/161
f 2302/659/162 2304/661/163 2303/662/163 2301/660/162
f 2304/661/163 2306/663/164 2305/664/164 2303/662/163
f 2306/663/164 2308/665/165 2307/666/165 2305/664/164
f 2308/665/165 2310/667/166 2309/668/166 2307/666/165
f 2310/667/166 2312/669/271 2311/670/271 2309/668/166
f 2312/669/271 2314/671/168 2313/672/168 2311/670/271
f 2314/671/168 2316/673/169 2315/674/169 2313/672/168
f 2316/673/169 2318/675/170 2317/676/170 2315/674/169
f 2318/675/170 2320/677/171 2319/678/171 2317/676/170
f 2320/677/171 2322/679/172 2321/680/172 2319/678/171
f 2322/679/172 2324/681/173 2323/682/173 2321/680/172
f 2324/681/173 2326/683/174 2325/684/174 2323/682/173
f 2326/683/174 2328/685/175 2327/686/175 2325/684/174
f 2328/685/175 2330/687/176 2329/688/176 2327/686/175
f 2330/687/176 2332/689/177 2331/690/177 2329/688/176
f 2332/689/177 2334/691/178 2333/692/178 2331/690/177
f 2334/691/178 2336/693/179 2335/694/179 2333/692/178
f 2336/693/179 2338/695/180 2337/696/180 2335/694/179
f 2338/695/180 2340/697/181 2339/698/181 2337/696/180
f 2340/697/181 2342/699/182 2341/700/182 2339/698/181
f 2342/699/182 2344/701/183 2343/702/183 2341/700/182
f 2344/701/183 2346/703/184 2345/704/184 2343/702/183
f 2346/703/184 2348/705/185 2347/706/185 2345/704/184
f 2348/705/185 2350/707/186 2349/708/186 2347/706/185
f 2350/707/186 2352/709/187 2351/710/187 2349/708/186
f 2352/709/187 2354/711/188 2353/712/188 2351/710/187
f 2354/711/188 2356/713/189 2355/714/189 2353/712/188
f 2356/713/189 2358/715/190 2357/716/190 2355/714/189
f 2358/715/190 2360/717/191 2359/718/191 2357/716/190
f 2360/717/191 2362/719/192 2361/720/192 2359/718/191
f 2362/719/192 2364/721/193 2363/722/193 2361/720/192
f 2364/721/193 2366/723/194 2365/724/194 2363/722/193
f 2366/723/194 2368/725/195 2367/726/195 2365/724/194
f 2368/725/195 2370/727/196 2369/728/196 2367/726/195
f 2370/727/196 2372/729/197 2371/730/197 2369/728/196
f 2372/729/197 2374/731/198 2373/732/198 2371/730/197
f 2374/731/198 2376/733/199 2375/734/199 2373/732/198
f 2376/733/199 2378/735/200 2377/736/200 2375/734/199
f 2378/735/200 2380/737/201 2379/738/201 2377/736/200
f 2380/737/201 2382/739/202 2381/740/202 2379/738/201
f 2382/739/202 2384/741/203 2383/742/203 2381/740/202
f 2384/741/203 2386/743/204 2385/744/204 2383/742/203
f 2386/743/204 2388/745/205 2387/746/205 2385/744/204
f 2388/745/205 2390/747/206 2389/748/206 2387/746/205
f 2390/747/206 2392/749/207 2391/750/207 2389/748/206
f 2392/749/207 2394/373/208 2393/117/208 2391/750/207
f 2394/373/208 2396/751/209 2395/752/209 2393/117/208
f 2396/751/209 2398/753/210 2397/754/210 2395/752/209
f 2398/753/210 2400/755/211 2399/756/211 2397/754/210
f 2400/755/211 2402/757/212 2401/758/212 2399/756/211
f 2402/757/212 2404/759/213 2403/760/213 2401/758/212
f 2404/759/213 2406/761/214 2405/762/214 2403/760/213
f 2406/761/214 2408/763/215 2407/764/215 2405/762/214
f 2408/763/215 2410/765/216 2409/766/216 2407/764/215
f 2410/765/216 2412/767/217 2411/768/217 2409/766/216
f 2412/767/217 2414/769/218 2413/770/218 2411/768/217
f 2414/769/218 2416/771/219 2415/772/219 2413/770/218
f 2416/771/219 2418/773/220 2417/774/220 2415/772/219
f 2418/773/220 2420/775/221 2419/776/221 2417/774/220
f 2420/775/221 2422/777/222 2421/778/222 2419/776/221
f 2422/777/222 2424/779/223 2423/780/223 2421/778/222
f 2424/779/223 2426/781/224 2425/782/224 2423/780/223
f 2426/781/224 2428/783/225 2427/784/225 2425/782/224
f 2428/783/225 2430/785/226 2429/786/226 2427/784/225
f 2430/785/226 2432/787/227 2431/788/227 2429/786/226
f 2432/787/227 2434/789/228 2433/790/228 2431/788/227
f 2434/789/228 2436/791/229 2435/792/229 2433/790/228
f 2436/791/229 2438/793/230 2437/794/230 2435/792/229
f 2438/793/230 2440/795/231 2439/796/231 2437/794/230
f 2440/795/231 2442/797/232 2441/798/232 2439/796/231
f 2442/797/232 2444/799/233 2443/800/233 2441/798/232
f 2444/799/233 2446/801/234 2445/802/234 2443/800/233
f 2446/801/234 2448/803/235 2447/804/235 2445/802/234
f 2448/803/235 2450/805/236 2449/806/236 2447/804/235
f 2450/805/236 2452/807/237 2451/808/237 2449/806/236
f 2452/807/237 2454/809/238 2453/810/238 2451/808/237
f 2454/809/238 2456/811/239 2455/812/239 2453/810/238
f 2456/811/239 2458/813/240 2457/814/240 2455/812/239
f 2458/813/240 2460/815/241 2459/816/241 2457/814/240
f 2460/815/241 2462/817/242 2461/818/242 2459/816/241
f 2462/817/242 2464/819/243 2463/820/243 2461/818/242
f 2464/819/243 2466/821/244 2465/822/244 2463/820/243
f 2466/821/244 2468/823/245 2467/824/245 2465/822/244
f 2468/823/245 2470/825/246 2469/826/246 2467/824/245
f 2470/825/246 2472/827/247 2471/828/247 2469/826/246
f 2472/827/247 2474/829/248 2473/830/248 2471/828/247
f 2474/829/248 2476/831/249 2475/832/249 2473/830/248
f 2476/831/249 2478/833/250 2477/834/250 2475/832/249
f 2478/833/250 2480/835/251 2479/836/251 2477/834/250
f 2480/835/251 2482/837/252 2481/838/252 2479/836/251
f 2482/837/252 2484/839/253 2483/840/253 2481/838/252
f 2484/839/253 2486/841/254 2485/842/254 2483/840/253
f 2486/841/254 2488/843/255 2487/844/255 2485/842/254
f 2488/843/255 2490/845/256 2489/846/256 2487/844/255
f 2490/845/256 2492/847/257 2491/848/257 2489/846/256
f 2492/847/257 2494/849/258 2493/850/258 2491/848/257
f 2494/849/258 2496/851/259 2495/852/259 2493/850/258
f 2496/851/259 2498/853/260 2497/854/260 2495/852/259
f 2498/853/260 2500/855/261 2499/856/261 2497/854/260
f 2500/855/261 2502/857/262 2501/858/262 2499/856/261
f 2502/857/262 2504/859/263 2503/860/263 2501/858/262
f 2504/859/263 2506/861/264 2505/862/264 2503/860/263
f 2506/861/264 2508/863/265 2507/864/265 2505/862/264
f 2508/863/265 2510/865/266 2509/866/266 2507/864/265
f 2510/865/266 2512/867/267 2511/868/267 2509/866/266
f 2512/867/267 2514/869/268 2513/870/268 2511/868/267
f 2514/869/268 2272/380/269 2271/8/269 2513/870/268
f 2516/366/9 2518/381/10 2517/382/10 2515/6/9
f 2518/381/10 2520/383/11 2519/384/11 2517/382/10
f 2520/383/11 2522/385/12 2521/386/12 2519/384/11
f 2522/385/12 2524/387/13 2523/388/13 2521/386/12
f 2524/387/13 2526/389/14 2525/390/14 2523/388/13
f 2526/389/14 2528/391/15 2527/392/15 2525/390/14
f 2528/391/15 2530/393/16 2529/394/16 2527/392/15
f 2530/393/16 2532/395/17 2531/396/17 2529/394/16
f 2532/395/17 2534/397/18 2533/398/18 2531/396/17
f 2534/397/18 2536/399/19 2535/400/19 2533/398/18
f 2536/399/19 2538/401/20 2537/402/20 2535/400/19
f 2538/401/20 2540/403/21 2539/404/21 2537/402/20
f 2540/403/21 2542/405/22 2541/406/22 2539/404/21
f 2542/405/22 2544/407/23 2543/408/23 2541/406/22
f 2544/407/23 2546/409/24 2545/410/24 2543/408/23
f 2546/409/24 2548/411/25 2547/412/25 2545/410/24
f 2548/411/25 2550/413/26 2549/414/26 2547/412/25
f 2550/413/26 2552/415/273 2551/416/273 2549/414/26
f 2552/415/273 2554/417/28 2553/418/28 2551/416/273
f 2554/417/28 2556/419/29 2555/420/29 2553/418/28
f 2556/419/29 2558/421/30 2557/422/30 2555/420/29
f 2558/421/30 2560/423/31 2559/424/31 2557/422/30
f 2560/423/31 2562/425/32 2561/426/32 2559/424/31
f 2562/425/32 2564/427/5 2563/428/5 2561/426/32
f 2564/427/5 2566/429/5 2565/430/5 2563/428/5
f 2566/429/5 2568/431/7 2567/432/7 2565/430/5
f 2568/431/7 2570/433/8 2569/434/8 2567/432/7
f 2570/433/8 2572/435/33 2571/436/33 2569/434/8
f 2572/435/33 2516/380/9 2515/8/9 2571/436/33
f 2574/366/34 2576/437/35 2575/438/35 2573/6/34
f 2576/437/35 2578/439/36 2577/440/36 2575/438/35
f 2578/439/36 2580/441/37 2579/442/37 2577/440/36
f 2580/441/37 2582/443/38 2581/444/38 2579/442/37
f 2582/443/38 2584/445/39 2583/446/39 2581/444/38
f 2584/445/39 2586/447/40 2585/448/40 2583/446/39
f 2586/447/40 2588/449/41 2587/450/41 2585/448/40
f 2588/449/41 2590/451/42 2589/452/42 2587/450/41
f 2590/451/42 2592/453/43 2591/345/43 2589/452/42
f 2592/453/43 2594/454/44 2593/455/44 2591/345/43
f 2594/454/44 2596/456/45 2595/457/45 2593/455/44
f 2596/456/45 2598/458/46 2597/459/46 2595/457/45
f 2598/458/46 2600/460/47 2599/461/47 2597/459/46
f 2600/460/47 2602/462/48 2601/463/48 2599/461/47
f 2602/462/48 2604/464/49 2603/465/49 2601/463/48
f 2604/464/49 2606/466/50 2605/467/50 2603/465/49
f 2606/466/50 2608/468/51 2607/469/51 2605/467/50
f 2608/468/51 2610/470/52 2609/321/52 2607/469/51
f 2610/470/52 2612/471/53 2611/472/53 2609/321/52
f 2612/471/53 2614/473/54 2613/474/54 2611/472/53
f 2614/473/54 2616/475/55 2615/476/55 2613/474/54
f 2616/475/55 2618/477/56 2617/478/56 2615/476/55
f 2618/477/56 2620/479/57 2619/480/57 2617/478/56
f 2620/479/57 2622/481/58 2621/482/58 2619/480/57
f 2622/481/58 2624/483/5 2623/484/5 2621/482/58
f 2624/483/5 2626/485/6 2625/486/6 2623/484/5
f 2626/485/6 2574/380/34 2573/8/34 2625/486/6
f 2628/366/274 2630/367/274 2629/368/274 2627/6/274
f 2630/367/274 2632/369/275 2631/370/275 2629/368/274
f 2632/369/275 2634/371/275 2633/372/275 2631/370/275
f 2634/371/275 2636/373/276 2635/117/276 2633/372/275
f 2636/373/276 2638/374/277 2637/375/277 2635/117/276
f 2638/374/277 2640/376/278 2639/377/278 2637/375/277
f 2640/376/278 2642/378/279 2641/379/279 2639/377/278
f 2642/378/279 2628/380/274 2627/8/274 2641/379/279
f 2644/366/280 2646/453/281 2645/345/281 2643/6/280
f 2646/453/281 2648/470/282 2647/321/282 2645/345/281
f 2648/470/282 2644/380/280 2643/8/280 2647/321/282
f 2650/366/283 2652/871/284 2651/872/284 2649/6/283
f 2652/871/284 2654/873/285 2653/874/285 2651/872/284
f 2654/873/285 2656/875/286 2655/876/286 2653/874/285
f 2656/875/286 2658/877/287 2657/878/287 2655/876/286
f 2658/877/287 2660/879/288 2659/880/288 2657/878/287
f 2660/879/288 2662/881/289 2661/882/289 2659/880/288
f 2662/881/289 2664/883/290 2663/884/290 2661/882/289
f 2664/883/290 2666/885/291 2665/886/291 2663/884/290
f 2666/885/291 2668/887/292 2667/888/292 2665/886/291
f 2668/887/292 2670/889/293 2669/890/293 2667/888/292
f 2670/889/293 2672/891/294 2671/892/294 2669/890/293
f 2672/891/294 2674/893/295 2673/894/295 2671/892/294
f 2674/893/295 2676/895/296 2675/896/296 2673/894/295
f 2676/895/296 2678/897/297 2677/4/297 2675/896/296
f 2678/897/297 2680/898/298 2679/899/298 2677/4/297
f 2680/898/298 2682/900/299 2681/901/299 2679/899/298
f 2682/900/299 2684/902/300 2683/903/300 2681/901/299
f 2684/902/300 2686/904/301 2685/905/301 2683/903/300
f 2686/904/301 2688/906/302 2687/907/302 2685/905/301
f 2688/906/302 2690/908/303 2689/909/303 2687/907/302
f 2690/908/303 2692/910/304 2691/911/304 2689/909/303
f 2692/910/304 2694/912/305 2693/913/305 2691/911/304
f 2694/912/305 2696/914/306 2695/915/306 2693/913/305
f 2696/914/306 2698/916/307 2697/917/307 2695/915/306
f 2698/916/307 2700/918/308 2699/919/308 2697/917/307
f 2700/918/308 2702/920/309 2701/921/309 2699/919/308
f 2702/920/309 2704/922/310 2703/923/310 2701/921/309
f 2704/922/310 2706/924/311 2705/1/311 2703/923/310
f 2706/924/311 2708/925/312 2707/926/312 2705/1/311
f 2708/925/312 2710/927/313 2709/928/313 2707/926/312
f 2710/927/313 2712/929/314 2711/930/314 2709/928/313
f 2712/929/314 2714/931/315 2713/932/315 2711/930/314
f 2714/931/315 2716/933/316 2715/934/316 2713/932/315
f 2716/933/316 2718/935/317 2717/936/317 2715/934/316
f 2718/935/317 2720/937/318 2719/938/318 2717/936/317
f 2720/937/318 2722/939/319 2721/940/319 2719/938/318
f 2722/939/319 2724/941/320 2723/942/320 2721/940/319
f 2724/941/320 2726/943/321 2725/944/321 2723/942/320
f 2726/943/321 2728/945/322 2727/946/322 2725/944/321
f 2728/945/322 2730/947/323 2729/948/323 2727/946/322
f 2730/947/323 2732/949/324 2731/950/324 2729/948/323
f 2732/949/324 2734/951/325 2733/3/325 2731/950/324
f 2734/951/325 2736/952/326 2735/953/326 2733/3/325
f 2736/952/326 2738/954/327 2737/955/327 2735/953/326
f 2738/954/327 2740/956/328 2739/957/328 2737/955/327
f 2740/956/328 2742/958/329 2741/959/329 2739/957/328
f 2742/958/329 2744/960/330 2743/961/330 2741/959/329
f 2744/960/330 2746/962/331 2745/963/331 2743/961/330
f 2746/962/331 2748/373/332 2747/117/332 2745/963/331
f 2748/373/332 2750/964/333 2749/965/333 2747/117/332
f 2750/964/333 2752/966/334 2751/967/334 2749/965/333
f 2752/966/334 2754/968/335 2753/969/335 2751/967/334
f 2754/968/335 2756/970/336 2755/971/336 2753/969/335
f 2756/970/336 2758/972/337 2757/973/337 2755/971/336
f 2758/972/337 2760/974/338 2759/975/338 2757/973/337
f 2760/974/338 2762/976/339 2761/2/339 2759/975/338
f 2762/976/339 2764/977/340 2763/978/340 2761/2/339
f 2764/977/340 2766/979/341 2765/980/341 2763/978/340
f 2766/979/341 2768/981/342 2767/982/342 2765/980/341
f 2768/981/342 2770/983/343 2769/984/343 2767/982/342
f 2770/983/343 2772/985/344 2771/986/344 2769/984/343
f 2772/985/344 2774/987/345 2773/988/345 2771/986/344
f 2774/987/345 2776/989/346 2775/990/346 2773/988/345
f 2776/989/346 2778/991/347 2777/992/347 2775/990/346
f 2778/991/347 2780/993/348 2779/994/348 2777/992/347
f 2780/993/348 2782/995/349 2781/996/349 2779/994/348
f 2782/995/349 2784/997/350 2783/998/350 2781/996/349
f 2784/997/350 2786/999/351 2785/1000/351 2783/998/350
f 2786/999/351 2788/1001/352 2787/1002/352 2785/1000/351
f 2788/1001/352 2790/1003/353 2789/5/353 2787/1002/352
f 2790/1003/353 2792/1004/354 2791/1005/354 2789/5/353
f 2792/1004/354 2794/1006/355 2793/1007/355 2791/1005/354
f 2794/1006/355 2796/1008/356 2795/1009/356 2793/1007/355
f 2796/1008/356 2798/1010/357 2797/1011/357 2795/1009/356
f 2798/1010/357 2800/1012/358 2799/1013/358 2797/1011/357
f 2800/1012/358 2802/1014/359 2801/1015/359 2799/1013/358
f 2802/1014/359 2804/1016/360 2803/1017/360 2801/1015/359
f 2804/1016/360 2806/1018/361 2805/1019/361 2803/1017/360
f 2806/1018/361 2808/1020/362 2807/1021/362 2805/1019/361
f 2808/1020/362 2810/1022/363 2809/1023/363 2807/1021/362
f 2810/1022/363 2812/1024/364 2811/1025/364 2809/1023/363
f 2812/1024/364 2814/1026/365 2813/1027/365 2811/1025/364
f 2814/1026/365 2816/1028/366 2815/1029/366 2813/1027/365
f 2816/1028/366 2818/1030/367 2817/7/367 2815/1029/366
f 2818/1030/367 2820/1031/368 2819/1032/368 2817/7/367
f 2820/1031/368 2822/1033/369 2821/1034/369 2819/1032/368
f 2822/1033/369 2824/1035/370 2823/1036/370 2821/1034/369
f 2824/1035/370 2826/1037/371 2825/1038/371 2823/1036/370
f 2826/1037/371 2828/1039/372 2827/1040/372 2825/1038/371
f 2828/1039/372 2830/1041/373 2829/1042/373 2827/1040/372
f 2830/1041/373 2832/1043/374 2831/1044/374 2829/1042/373
f 2832/1043/374 2834/1045/375 2833/1046/375 2831/1044/374
f 2834/1045/375 2836/1047/376 2835/1048/376 2833/1046/375
f 2836/1047/376 2838/1049/377 2837/1050/377 2835/1048/376
f 2838/1049/377 2840/1051/378 2839/1052/378 2837/1050/377
f 2840/1051/378 2842/1053/379 2841/1054/379 2839/1052/378
f 2842/1053/379 2844/1055/380 2843/1056/380 2841/1054/379
f 2844/1055/380 2650/380/283 2649/8/283 2843/1056/380
f 2846/366/5 2848/619/6 2847/620/6 2845/6/5
f 2848/619/6 2850/621/6 2849/622/6 2847/620/6
f 2850/621/6 2852/369/5 2851/370/5 2849/622/6
f 2852/369/5 2854/453/5 2853/345/5 2851/370/5
f 2854/453/5 2856/623/6 2855/624/6 2853/345/5
f 2856/623/6 2858/373/6 2857/117/6 2855/624/6
f 2858/373/6 2860/625/5 2859/626/5 2857/117/6
f 2860/625/5 2862/470/7 2861/321/7 2859/626/5
f 2862/470/7 2864/376/8 2863/377/8 2861/321/7
f 2864/376/8 2866/627/6 2865/628/6 2863/377/8
f 2866/627/6 2868/629/5 2867/630/5 2865/628/6
f 2868/629/5 2846/380/5 2845/8/5 2867/630/5
f 2870/366/8 2872/367/7 2871/368/7 2869/6/8
f 2872/367/7 2874/369/7 2873/370/7 2871/368/7
f 2874/369/7 2876/371/8 2875/372/8 2873/370/7
f 2876/371/8 2878/373/6 2877/117/6 2875/372/8
f 2878/373/6 2880/374/5 2879/375/5 2877/117/6
f 2880/374/5 2882/376/7 2881/377/7 2879/375/5
f 2882/376/7 2884/378/8 2883/379/8 2881/377/7
f 2884/378/8 2870/380/8 2869/8/8 2883/379/8
