# Blender 4.4.1
# www.blender.org
mtllib ClearFont.mtl
o テキスト
v -3.221468 -0.336173 -0.206012
v -3.219069 -0.347897 -0.205448
v -3.215197 -0.359021 -0.204866
v -3.209973 -0.369414 -0.204276
v -3.203515 -0.378968 -0.203686
v -3.195929 -0.387588 -0.203104
v -3.187314 -0.395181 -0.202535
v -3.177763 -0.401648 -0.201987
v -3.167372 -0.406882 -0.201466
v -3.156247 -0.410766 -0.200982
v -3.144519 -0.413178 -0.200542
v -3.132356 -0.414003 -0.200158
v -3.120191 -0.413178 -0.199842
v -3.108457 -0.410766 -0.199607
v -3.097323 -0.406882 -0.199450
v -3.086919 -0.401648 -0.199372
v -3.077353 -0.395181 -0.199370
v -3.068720 -0.387588 -0.199443
v -3.061113 -0.378968 -0.199589
v -3.054631 -0.369414 -0.199806
v -3.049382 -0.359021 -0.200094
v -3.045482 -0.347898 -0.200452
v -3.043055 -0.336172 -0.200878
v -3.042215 -0.324014 -0.201368
v -3.043026 -0.311856 -0.201905
v -3.045425 -0.300131 -0.202470
v -3.049297 -0.289007 -0.203052
v -3.054521 -0.278614 -0.203641
v -3.060979 -0.269060 -0.204231
v -3.068565 -0.260440 -0.204814
v -3.077180 -0.252847 -0.205383
v -3.086731 -0.246380 -0.205931
v -3.097122 -0.241146 -0.206451
v -3.108247 -0.237262 -0.206936
v -3.119975 -0.234850 -0.207375
v -3.132137 -0.234025 -0.207760
v -3.144303 -0.234850 -0.208075
v -3.156037 -0.237262 -0.208311
v -3.167171 -0.241146 -0.208467
v -3.177575 -0.246380 -0.208545
v -3.187141 -0.252847 -0.208547
v -3.195774 -0.260440 -0.208474
v -3.203381 -0.269060 -0.208329
v -3.209863 -0.278614 -0.208112
v -3.215112 -0.289007 -0.207823
v -3.219012 -0.300130 -0.207465
v -3.221439 -0.311856 -0.207039
v -3.222279 -0.324015 -0.206550
v -3.146514 0.343770 -0.232600
v -3.161704 0.338135 -0.232799
v -3.174973 0.329023 -0.232796
v -3.185751 0.317385 -0.232614
v -3.194211 0.304012 -0.232292
v -3.200813 0.289230 -0.231857
v -3.205962 0.273055 -0.231321
v -3.209937 0.255382 -0.230689
v -3.212906 0.236091 -0.229958
v -3.214972 0.215077 -0.229130
v -3.216196 0.192257 -0.228200
v -3.216615 0.167727 -0.227175
v -3.216585 0.156488 -0.226699
v -3.216470 0.145752 -0.226242
v -3.216269 0.135338 -0.225796
v -3.215982 0.125249 -0.225361
v -3.215607 0.115486 -0.224938
v -3.215143 0.106048 -0.224525
v -3.214591 0.096937 -0.224124
v -3.213948 0.088152 -0.223734
v -3.213212 0.079692 -0.223355
v -3.212383 0.071556 -0.222988
v -3.211456 0.063740 -0.222631
v -3.210455 0.056436 -0.222293
v -3.185663 -0.115489 -0.214311
v -3.184139 -0.126196 -0.213815
v -3.182524 -0.136267 -0.213343
v -3.180803 -0.145559 -0.212900
v -3.178914 -0.154168 -0.212482
v -3.176767 -0.162218 -0.212080
v -3.174216 -0.169870 -0.211683
v -3.171011 -0.177317 -0.211276
v -3.166730 -0.184725 -0.210840
v -3.160743 -0.192028 -0.210359
v -3.152466 -0.198548 -0.209845
v -3.142150 -0.202948 -0.209362
v -3.131102 -0.204367 -0.208984
v -3.120050 -0.202949 -0.208726
v -3.109723 -0.198548 -0.208615
v -3.101430 -0.192028 -0.208652
v -3.095426 -0.184725 -0.208788
v -3.091127 -0.177317 -0.208977
v -3.087904 -0.169870 -0.209199
v -3.085334 -0.162218 -0.209449
v -3.083168 -0.154168 -0.209727
v -3.081258 -0.145559 -0.210036
v -3.079514 -0.136267 -0.210378
v -3.077874 -0.126196 -0.210757
v -3.076324 -0.115488 -0.211165
v -3.051115 0.056435 -0.217708
v -3.050096 0.063740 -0.217987
v -3.049150 0.071556 -0.218290
v -3.048301 0.079693 -0.218610
v -3.047545 0.088152 -0.218946
v -3.046881 0.096937 -0.219298
v -3.046306 0.106048 -0.219667
v -3.045820 0.115486 -0.220052
v -3.045421 0.125249 -0.220453
v -3.045109 0.135338 -0.220870
v -3.044882 0.145752 -0.221304
v -3.044741 0.156488 -0.221754
v -3.044684 0.167727 -0.222227
v -3.045044 0.192257 -0.223275
v -3.046212 0.215077 -0.224273
v -3.048227 0.236091 -0.225219
v -3.051149 0.255382 -0.226119
v -3.055080 0.273055 -0.226979
v -3.060191 0.289230 -0.227810
v -3.066756 0.304012 -0.228624
v -3.075184 0.317385 -0.229432
v -3.085934 0.329023 -0.230233
v -3.099181 0.338135 -0.231000
v -3.114357 0.343770 -0.231675
v -3.130434 0.345577 -0.232214
v -2.950580 -0.336173 -0.198217
v -2.948181 -0.347897 -0.197652
v -2.944309 -0.359021 -0.197071
v -2.939085 -0.369414 -0.196481
v -2.932626 -0.378968 -0.195891
v -2.925040 -0.387588 -0.195308
v -2.916426 -0.395181 -0.194739
v -2.906875 -0.401648 -0.194191
v -2.896484 -0.406882 -0.193671
v -2.885359 -0.410766 -0.193187
v -2.873631 -0.413178 -0.192747
v -2.861469 -0.414003 -0.192362
v -2.849303 -0.413178 -0.192047
v -2.837569 -0.410766 -0.191811
v -2.826435 -0.406882 -0.191655
v -2.816031 -0.401648 -0.191577
v -2.806465 -0.395181 -0.191575
v -2.797832 -0.387588 -0.191648
v -2.790225 -0.378968 -0.191793
v -2.783743 -0.369414 -0.192011
v -2.778494 -0.359021 -0.192299
v -2.774594 -0.347898 -0.192657
v -2.772167 -0.336172 -0.193083
v -2.771327 -0.324014 -0.193573
v -2.772138 -0.311856 -0.194110
v -2.774537 -0.300131 -0.194675
v -2.778409 -0.289007 -0.195256
v -2.783633 -0.278614 -0.195846
v -2.790091 -0.269060 -0.196436
v -2.797677 -0.260440 -0.197018
v -2.806292 -0.252847 -0.197587
v -2.815843 -0.246380 -0.198136
v -2.826234 -0.241146 -0.198656
v -2.837358 -0.237262 -0.199140
v -2.849087 -0.234850 -0.199580
v -2.861249 -0.234025 -0.199965
v -2.873415 -0.234850 -0.200280
v -2.885149 -0.237262 -0.200515
v -2.896283 -0.241146 -0.200672
v -2.906687 -0.246380 -0.200750
v -2.916253 -0.252847 -0.200752
v -2.924886 -0.260440 -0.200679
v -2.932493 -0.269060 -0.200534
v -2.938975 -0.278614 -0.200316
v -2.944224 -0.289007 -0.200028
v -2.948124 -0.300130 -0.199670
v -2.950551 -0.311856 -0.199244
v -2.951391 -0.324015 -0.198754
v -2.875626 0.343770 -0.224805
v -2.890816 0.338135 -0.225004
v -2.904084 0.329023 -0.225000
v -2.914863 0.317385 -0.224818
v -2.923324 0.304012 -0.224496
v -2.929924 0.289230 -0.224062
v -2.935074 0.273055 -0.223526
v -2.939049 0.255382 -0.222893
v -2.942018 0.236091 -0.222163
v -2.944084 0.215077 -0.221334
v -2.945308 0.192257 -0.220405
v -2.945727 0.167727 -0.219380
v -2.945697 0.156487 -0.218904
v -2.945582 0.145752 -0.218447
v -2.945381 0.135338 -0.218001
v -2.945093 0.125249 -0.217566
v -2.944718 0.115486 -0.217142
v -2.944255 0.106048 -0.216730
v -2.943702 0.096937 -0.216329
v -2.943059 0.088152 -0.215939
v -2.942324 0.079693 -0.215560
v -2.941494 0.071556 -0.215192
v -2.940568 0.063741 -0.214835
v -2.939567 0.056436 -0.214498
v -2.914775 -0.115489 -0.206516
v -2.913251 -0.126196 -0.206019
v -2.911636 -0.136267 -0.205547
v -2.909915 -0.145559 -0.205105
v -2.908026 -0.154168 -0.204687
v -2.905879 -0.162218 -0.204285
v -2.903327 -0.169870 -0.203888
v -2.900123 -0.177317 -0.203481
v -2.895842 -0.184725 -0.203044
v -2.889855 -0.192028 -0.202563
v -2.881578 -0.198548 -0.202049
v -2.871262 -0.202948 -0.201566
v -2.860214 -0.204367 -0.201189
v -2.849162 -0.202949 -0.200930
v -2.838835 -0.198548 -0.200819
v -2.830542 -0.192028 -0.200856
v -2.824538 -0.184725 -0.200992
v -2.820239 -0.177317 -0.201182
v -2.817016 -0.169870 -0.201404
v -2.814446 -0.162218 -0.201653
v -2.812279 -0.154168 -0.201931
v -2.810370 -0.145559 -0.202240
v -2.808626 -0.136267 -0.202583
v -2.806987 -0.126196 -0.202962
v -2.805436 -0.115488 -0.203370
v -2.780227 0.056435 -0.209912
v -2.779208 0.063740 -0.210192
v -2.778262 0.071556 -0.210495
v -2.777413 0.079693 -0.210814
v -2.776657 0.088152 -0.211150
v -2.775993 0.096937 -0.211503
v -2.775418 0.106048 -0.211871
v -2.774932 0.115486 -0.212256
v -2.774533 0.125249 -0.212657
v -2.774221 0.135338 -0.213075
v -2.773994 0.145752 -0.213509
v -2.773853 0.156488 -0.213959
v -2.773796 0.167727 -0.214432
v -2.774156 0.192257 -0.215479
v -2.775324 0.215077 -0.216478
v -2.777339 0.236091 -0.217424
v -2.780261 0.255382 -0.218324
v -2.784192 0.273055 -0.219184
v -2.789303 0.289230 -0.220015
v -2.795868 0.304012 -0.220829
v -2.804296 0.317385 -0.221637
v -2.815047 0.329023 -0.222438
v -2.828293 0.338135 -0.223204
v -2.843469 0.343770 -0.223879
v -2.859545 0.345577 -0.224418
v -2.214381 0.073713 -0.194359
v -2.237031 0.089035 -0.195659
v -2.259348 0.105075 -0.196979
v -2.281186 0.121681 -0.198310
v -2.302401 0.138701 -0.199640
v -2.322849 0.155980 -0.200959
v -2.342387 0.173364 -0.202256
v -2.360871 0.190695 -0.203520
v -2.378158 0.207811 -0.204741
v -2.394100 0.224545 -0.205907
v -2.408549 0.240720 -0.207007
v -2.442400 0.281512 -0.209706
v -2.548949 0.178571 -0.208420
v -2.515344 0.142662 -0.205935
v -2.500266 0.127392 -0.204855
v -2.483974 0.111658 -0.203721
v -2.466552 0.095553 -0.202539
v -2.448093 0.079175 -0.201316
v -2.428686 0.062624 -0.200058
v -2.408424 0.046002 -0.198772
v -2.387401 0.029416 -0.197466
v -2.365709 0.012971 -0.196146
v -2.343443 -0.003227 -0.194821
v -2.320694 -0.019070 -0.193496
v -2.311224 -0.025365 -0.192958
v -2.311636 -0.364936 -0.178614
v -2.311667 -0.372739 -0.178285
v -2.311746 -0.380781 -0.177947
v -2.311879 -0.388975 -0.177605
v -2.312072 -0.397190 -0.177263
v -2.312332 -0.405295 -0.176928
v -2.312662 -0.413154 -0.176605
v -2.313067 -0.420625 -0.176301
v -2.313548 -0.427552 -0.176022
v -2.314101 -0.433763 -0.175775
v -2.314710 -0.439043 -0.175570
v -2.315329 -0.443095 -0.175416
v -2.323677 -0.482872 -0.173975
v -2.161334 -0.482872 -0.169303
v -2.165443 -0.445397 -0.171006
v -2.165883 -0.440484 -0.171226
v -2.166326 -0.434633 -0.171486
v -2.166756 -0.428029 -0.171778
v -2.167162 -0.420826 -0.172094
v -2.167536 -0.413164 -0.172428
v -2.167871 -0.405179 -0.172776
v -2.168158 -0.397001 -0.173130
v -2.168391 -0.388761 -0.173485
v -2.168562 -0.380589 -0.173835
v -2.168665 -0.372619 -0.174175
v -2.168695 -0.364901 -0.174502
v -2.168384 -0.108875 -0.185317
v -2.190480 -0.097255 -0.186444
v -2.167256 -0.109032 -0.185278
v -2.142949 -0.120924 -0.184075
v -2.117674 -0.132851 -0.182844
v -2.091547 -0.144732 -0.181590
v -2.064683 -0.156487 -0.180320
v -2.037198 -0.168033 -0.179041
v -2.009209 -0.179289 -0.177759
v -1.980829 -0.190173 -0.176482
v -1.952176 -0.200603 -0.175217
v -1.923362 -0.210496 -0.173970
v -1.870593 -0.227449 -0.171734
v -1.803667 -0.097489 -0.175303
v -1.872752 -0.079781 -0.178039
v -1.905341 -0.070135 -0.179385
v -1.938114 -0.059270 -0.180787
v -1.970763 -0.047389 -0.182229
v -2.002984 -0.034698 -0.183693
v -2.034477 -0.021404 -0.185161
v -2.064944 -0.007715 -0.186617
v -2.094087 0.006158 -0.188042
v -2.121610 0.020002 -0.189419
v -2.147209 0.033601 -0.190731
v -2.170577 0.046734 -0.191958
v -2.191458 0.059203 -0.193086
v -1.528170 0.285577 -0.183569
v -1.528185 0.273203 -0.183046
v -1.528201 0.259621 -0.182472
v -1.528219 0.245145 -0.181861
v -1.528237 0.230085 -0.181225
v -1.528256 0.214755 -0.180577
v -1.528274 0.199467 -0.179931
v -1.528292 0.184532 -0.179301
v -1.528310 0.170264 -0.178698
v -1.528326 0.156973 -0.178136
v -1.528340 0.144974 -0.177630
v -1.528353 0.134394 -0.177183
v -1.527725 0.077084 -0.174742
v -1.525661 0.025532 -0.172503
v -1.522121 -0.020720 -0.170446
v -1.517050 -0.062284 -0.168543
v -1.510383 -0.099754 -0.166767
v -1.502053 -0.133689 -0.165093
v -1.492001 -0.164596 -0.163497
v -1.480208 -0.192926 -0.161960
v -1.466709 -0.219099 -0.160465
v -1.451596 -0.243546 -0.158996
v -1.434984 -0.266746 -0.157538
v -1.416777 -0.289490 -0.156052
v -1.398535 -0.309728 -0.154672
v -1.378848 -0.328556 -0.153309
v -1.358193 -0.345809 -0.151985
v -1.336808 -0.361576 -0.150703
v -1.314922 -0.375947 -0.149466
v -1.292756 -0.389008 -0.148276
v -1.270527 -0.400843 -0.147136
v -1.248450 -0.411530 -0.146049
v -1.226739 -0.421147 -0.145018
v -1.205608 -0.429765 -0.144045
v -1.185272 -0.437455 -0.143135
v -1.147788 -0.450699 -0.141496
v -1.034839 -0.331011 -0.143306
v -1.105659 -0.312067 -0.146145
v -1.127100 -0.305525 -0.147038
v -1.148066 -0.298253 -0.147949
v -1.168502 -0.290218 -0.148877
v -1.188357 -0.281385 -0.149821
v -1.207582 -0.271721 -0.150783
v -1.226130 -0.261192 -0.151762
v -1.243961 -0.249763 -0.152758
v -1.261034 -0.237396 -0.153773
v -1.277315 -0.224050 -0.154805
v -1.292770 -0.209680 -0.155858
v -1.307175 -0.194440 -0.156916
v -1.322170 -0.175597 -0.158144
v -1.335013 -0.156585 -0.159318
v -1.345820 -0.137160 -0.160450
v -1.354863 -0.116792 -0.161571
v -1.362364 -0.094925 -0.162712
v -1.368481 -0.071024 -0.163898
v -1.373330 -0.044609 -0.165154
v -1.377011 -0.015261 -0.166501
v -1.379631 0.017392 -0.167957
v -1.381311 0.053696 -0.169540
v -1.382188 0.093986 -0.171268
v -1.382409 0.138665 -0.173163
v -1.382396 0.148987 -0.173599
v -1.382381 0.161021 -0.174108
v -1.382365 0.174338 -0.174670
v -1.382348 0.188603 -0.175273
v -1.382330 0.203478 -0.175901
v -1.382311 0.218627 -0.176541
v -1.382293 0.233713 -0.177178
v -1.382275 0.248401 -0.177799
v -1.382258 0.262353 -0.178388
v -1.382243 0.275234 -0.178932
v -1.382229 0.286705 -0.179417
v -1.382217 0.296359 -0.179824
v -1.382167 0.304505 -0.180167
v -1.382041 0.312335 -0.180495
v -1.381842 0.319932 -0.180810
v -1.381574 0.327308 -0.181114
v -1.381239 0.334476 -0.181408
v -1.380842 0.341445 -0.181691
v -1.380386 0.348229 -0.181965
v -1.379875 0.354839 -0.182229
v -1.379310 0.361288 -0.182486
v -1.378696 0.367587 -0.182734
v -1.378035 0.373749 -0.182976
v -1.373417 0.413328 -0.184516
v -1.533376 0.413328 -0.189119
v -1.530504 0.374897 -0.187412
v -1.530090 0.368690 -0.187138
v -1.529716 0.362330 -0.186858
v -1.529381 0.355806 -0.186573
v -1.529087 0.349107 -0.186281
v -1.528832 0.342223 -0.185982
v -1.528618 0.335142 -0.185677
v -1.528444 0.327855 -0.185364
v -1.528311 0.320351 -0.185043
v -1.528218 0.312619 -0.184713
v -1.528167 0.304649 -0.184375
v -1.528156 0.296395 -0.184026
v -1.063355 0.291365 -0.170437
v -1.063380 0.271214 -0.169586
v -1.063412 0.244541 -0.168460
v -1.063450 0.212914 -0.167124
v -1.063493 0.177901 -0.165645
v -1.063538 0.141071 -0.164089
v -1.063583 0.103991 -0.162523
v -1.063626 0.068229 -0.161012
v -1.063666 0.035353 -0.159623
v -1.063701 0.006931 -0.158423
v -1.063728 -0.015468 -0.157477
v -1.063746 -0.030181 -0.156855
v -1.063792 -0.036316 -0.156597
v -1.063911 -0.042653 -0.156333
v -1.064098 -0.049202 -0.156061
v -1.064346 -0.055872 -0.155786
v -1.064648 -0.062573 -0.155512
v -1.064998 -0.069218 -0.155241
v -1.065387 -0.075719 -0.154977
v -1.065809 -0.081989 -0.154724
v -1.066255 -0.087938 -0.154486
v -1.066718 -0.093471 -0.154265
v -1.067186 -0.098490 -0.154066
v -1.071152 -0.136182 -0.152587
v -0.911897 -0.136182 -0.148004
v -0.916625 -0.098518 -0.149733
v -0.917130 -0.094098 -0.149934
v -0.917654 -0.089073 -0.150161
v -0.918181 -0.083526 -0.150411
v -0.918697 -0.077535 -0.150679
v -0.919186 -0.071172 -0.150962
v -0.919634 -0.064512 -0.151257
v -0.920029 -0.057625 -0.151559
v -0.920356 -0.050586 -0.151866
v -0.920602 -0.043466 -0.152174
v -0.920755 -0.036341 -0.152480
v -0.920804 -0.029157 -0.152785
v -0.920786 -0.014488 -0.153405
v -0.920759 0.007856 -0.154349
v -0.920724 0.036196 -0.155546
v -0.920685 0.068969 -0.156930
v -0.920641 0.104614 -0.158436
v -0.920596 0.141570 -0.159997
v -0.920552 0.178277 -0.161547
v -0.920509 0.213173 -0.163021
v -0.920471 0.244697 -0.164353
v -0.920439 0.271288 -0.165476
v -0.920414 0.291385 -0.166325
v -0.920400 0.303301 -0.166828
v -0.920357 0.307809 -0.167018
v -0.920241 0.312886 -0.167229
v -0.920056 0.318517 -0.167462
v -0.919809 0.324558 -0.167710
v -0.919507 0.330875 -0.167968
v -0.919156 0.337342 -0.168231
v -0.918764 0.343833 -0.168495
v -0.918339 0.350224 -0.168753
v -0.917890 0.356391 -0.169000
v -0.917423 0.362203 -0.169233
v -0.916950 0.367525 -0.169444
v -0.913178 0.405335 -0.170934
v -1.070389 0.405335 -0.175458
v -1.066623 0.367532 -0.173751
v -1.066159 0.362457 -0.173524
v -1.065707 0.357056 -0.173282
v -1.065273 0.351390 -0.173030
v -1.064867 0.345516 -0.172770
v -1.064493 0.339492 -0.172505
v -1.064161 0.333375 -0.172237
v -1.063876 0.327222 -0.171968
v -1.063645 0.321092 -0.171702
v -1.063475 0.315043 -0.171442
v -1.063372 0.309136 -0.171189
v -1.063340 0.303326 -0.170943
v -0.168009 0.300143 -0.145043
v -0.158169 0.263936 -0.143229
v -0.156586 0.258094 -0.142937
v -0.154969 0.252089 -0.142636
v -0.153339 0.245970 -0.142331
v -0.151718 0.239785 -0.142023
v -0.150125 0.233584 -0.141715
v -0.148583 0.227421 -0.141410
v -0.147111 0.221350 -0.141111
v -0.145733 0.215427 -0.140821
v -0.144468 0.209712 -0.140543
v -0.143340 0.204269 -0.140280
v -0.142215 0.198358 -0.139998
v -0.138173 0.180567 -0.139129
v -0.133405 0.160076 -0.138126
v -0.127854 0.136889 -0.136986
v -0.121567 0.111463 -0.135730
v -0.114590 0.084254 -0.134379
v -0.106970 0.055712 -0.132953
v -0.098749 0.026287 -0.131473
v -0.089971 -0.003574 -0.129958
v -0.080675 -0.033430 -0.128428
v -0.070898 -0.062844 -0.126903
v -0.060668 -0.091392 -0.125402
v -0.050102 -0.118406 -0.123956
v -0.040328 -0.142105 -0.122673
v -0.029892 -0.166133 -0.121357
v -0.018851 -0.190363 -0.120015
v -0.007254 -0.214684 -0.118653
v 0.004849 -0.238986 -0.117277
v 0.017410 -0.263155 -0.115894
v 0.030381 -0.287082 -0.114509
v 0.043714 -0.310653 -0.113129
v 0.057363 -0.333757 -0.111759
v 0.071281 -0.356283 -0.110407
v 0.085424 -0.378121 -0.109076
v 0.113356 -0.419141 -0.106538
v 0.255992 -0.358791 -0.104985
v 0.218192 -0.307388 -0.108246
v 0.203414 -0.286099 -0.109571
v 0.188974 -0.264148 -0.110915
v 0.174931 -0.241694 -0.112268
v 0.161340 -0.218893 -0.113623
v 0.148258 -0.195900 -0.114972
v 0.135739 -0.172873 -0.116305
v 0.123835 -0.149967 -0.117616
v 0.112600 -0.127340 -0.118896
v 0.102087 -0.105148 -0.120137
v 0.092348 -0.083552 -0.121330
v 0.083453 -0.062754 -0.122465
v 0.073051 -0.036742 -0.123864
v 0.062769 -0.008982 -0.125334
v 0.052687 0.020285 -0.126861
v 0.042914 0.050742 -0.128430
v 0.033555 0.082076 -0.130024
v 0.024711 0.113976 -0.131627
v 0.016483 0.146132 -0.133223
v 0.008972 0.178232 -0.134796
v 0.002276 0.209964 -0.136331
v -0.003508 0.241011 -0.137809
v -0.008284 0.271049 -0.139217
v -0.016159 0.332537 -0.142043
v -0.579311 0.285840 -0.156275
v -0.583861 0.286789 -0.156446
v -0.588229 0.288330 -0.156636
v -0.592381 0.290436 -0.156845
v -0.596256 0.293072 -0.157068
v -0.599786 0.296187 -0.157301
v -0.602899 0.299719 -0.157540
v -0.605531 0.303596 -0.157780
v -0.607634 0.307748 -0.158016
v -0.609170 0.312116 -0.158245
v -0.610113 0.316666 -0.158464
v -0.610437 0.321436 -0.158675
v -0.610091 0.326476 -0.158878
v -0.609107 0.331275 -0.159053
v -0.607527 0.335823 -0.159199
v -0.605388 0.340095 -0.159319
v -0.602734 0.344045 -0.159409
v -0.599614 0.347616 -0.159470
v -0.596090 0.350749 -0.159501
v -0.592230 0.353389 -0.159502
v -0.588100 0.355493 -0.159472
v -0.583751 0.357032 -0.159412
v -0.579215 0.357979 -0.159321
v -0.574452 0.358307 -0.159198
v -0.569456 0.357971 -0.159040
v -0.564769 0.357007 -0.158865
v -0.560382 0.355468 -0.158673
v -0.556292 0.353387 -0.158468
v -0.552518 0.350795 -0.158249
v -0.549099 0.347724 -0.158021
v -0.546080 0.344215 -0.157786
v -0.543509 0.340308 -0.157547
v -0.541432 0.336048 -0.157307
v -0.539891 0.331468 -0.157069
v -0.538930 0.326590 -0.156835
v -0.538601 0.321435 -0.156608
v -0.538934 0.316549 -0.156411
v -0.539877 0.311920 -0.156242
v -0.541396 0.307521 -0.156100
v -0.543458 0.303382 -0.155984
v -0.546024 0.299550 -0.155896
v -0.549053 0.296080 -0.155837
v -0.552492 0.293026 -0.155807
v -0.556294 0.290437 -0.155806
v -0.560416 0.288355 -0.155837
v -0.564831 0.286813 -0.155899
v -0.569536 0.285849 -0.155994
v -0.574541 0.285512 -0.156123
v -0.593486 0.463030 -0.164173
v -0.611931 0.459174 -0.164541
v -0.629442 0.452977 -0.164783
v -0.645826 0.444637 -0.164902
v -0.660915 0.434340 -0.164901
v -0.674552 0.422260 -0.164782
v -0.686581 0.408559 -0.164549
v -0.696840 0.393391 -0.164203
v -0.705155 0.376911 -0.163746
v -0.711337 0.359287 -0.163179
v -0.715193 0.340708 -0.162504
v -0.716532 0.321409 -0.161727
v -0.715239 0.302119 -0.160874
v -0.711420 0.283569 -0.159980
v -0.705261 0.265995 -0.159060
v -0.696957 0.249587 -0.158127
v -0.686699 0.234515 -0.157195
v -0.674668 0.220930 -0.156274
v -0.661032 0.208982 -0.155377
v -0.645955 0.198824 -0.154514
v -0.629599 0.190618 -0.153696
v -0.612135 0.184537 -0.152936
v -0.593756 0.180761 -0.152248
v -0.574707 0.179469 -0.151645
v -0.555460 0.180757 -0.151146
v -0.536943 0.184523 -0.150772
v -0.519371 0.190603 -0.150523
v -0.502939 0.198823 -0.150398
v -0.487820 0.209009 -0.150394
v -0.474178 0.220993 -0.150508
v -0.462172 0.234614 -0.150738
v -0.451963 0.249713 -0.151083
v -0.443719 0.266128 -0.151539
v -0.437614 0.283684 -0.152106
v -0.433824 0.302187 -0.152779
v -0.432513 0.321409 -0.153554
v -0.433776 0.340640 -0.154403
v -0.437513 0.359173 -0.155294
v -0.443556 0.376778 -0.156212
v -0.451731 0.393265 -0.157145
v -0.461868 0.408460 -0.158079
v -0.473805 0.422197 -0.159003
v -0.487390 0.434313 -0.159906
v -0.502471 0.444638 -0.160776
v -0.518891 0.452992 -0.161602
v -0.536480 0.459188 -0.162370
v -0.555044 0.463035 -0.163067
v -0.574361 0.464353 -0.163679
v -0.385955 0.342808 -0.153119
v -0.408580 0.301187 -0.152010
v -0.420124 0.279081 -0.151408
v -0.432306 0.254980 -0.150740
v -0.444983 0.229199 -0.150014
v -0.458006 0.202058 -0.149242
v -0.471221 0.173887 -0.148431
v -0.484473 0.145015 -0.147592
v -0.497606 0.115775 -0.146734
v -0.510462 0.086497 -0.145866
v -0.522887 0.057513 -0.144998
v -0.534723 0.029151 -0.144140
v -0.545731 0.001947 -0.143307
v -0.556290 -0.023971 -0.142515
v -0.567282 -0.051904 -0.141650
v -0.578484 -0.081228 -0.140733
v -0.589767 -0.111553 -0.139776
v -0.601001 -0.142485 -0.138791
v -0.612053 -0.173625 -0.137793
v -0.622790 -0.204577 -0.136793
v -0.633079 -0.234942 -0.135806
v -0.642788 -0.264325 -0.134843
v -0.651784 -0.292333 -0.133918
v -0.659936 -0.318578 -0.133043
v -0.675385 -0.370448 -0.131295
v -0.528288 -0.418374 -0.125035
v -0.513697 -0.361490 -0.127020
v -0.506330 -0.334651 -0.127943
v -0.498250 -0.306801 -0.128888
v -0.489546 -0.278166 -0.129848
v -0.480308 -0.248969 -0.130816
v -0.470623 -0.219431 -0.131786
v -0.460581 -0.189769 -0.132751
v -0.450270 -0.160203 -0.133705
v -0.439778 -0.130948 -0.134639
v -0.429196 -0.102221 -0.135549
v -0.418611 -0.074241 -0.136428
v -0.408093 -0.047174 -0.137269
v -0.397732 -0.020965 -0.138079
v -0.386645 0.006355 -0.138915
v -0.374946 0.034479 -0.139767
v -0.362770 0.063048 -0.140625
v -0.350255 0.091704 -0.141476
v -0.337536 0.120086 -0.142310
v -0.324752 0.147835 -0.143115
v -0.312043 0.174587 -0.143880
v -0.299552 0.199973 -0.144594
v -0.287429 0.223616 -0.145244
v -0.275835 0.245125 -0.145820
v -0.246457 0.296312 -0.147139
v 0.480403 0.215636 -0.122811
v 0.490888 0.191794 -0.121502
v 0.502429 0.167114 -0.120126
v 0.514960 0.141779 -0.118694
v 0.528413 0.115973 -0.117216
v 0.542723 0.089887 -0.115702
v 0.557824 0.063710 -0.114161
v 0.573650 0.037633 -0.112603
v 0.590137 0.011849 -0.111038
v 0.607224 -0.013453 -0.109477
v 0.624851 -0.038081 -0.107928
v 0.625691 -0.039183 -0.107858
v 0.619983 -0.044178 -0.107811
v 0.592546 -0.069157 -0.107544
v 0.564970 -0.095128 -0.107240
v 0.537499 -0.121786 -0.106904
v 0.510376 -0.148825 -0.106541
v 0.483851 -0.175936 -0.106158
v 0.458171 -0.202812 -0.105761
v 0.433586 -0.229143 -0.105355
v 0.410345 -0.254625 -0.104947
v 0.388695 -0.278953 -0.104541
v 0.368880 -0.301829 -0.104145
v 0.332245 -0.345466 -0.103354
v 0.448618 -0.445270 -0.095786
v 0.485311 -0.397660 -0.096743
v 0.504010 -0.374319 -0.097191
v 0.524058 -0.350145 -0.097636
v 0.545297 -0.325341 -0.098074
v 0.567570 -0.300102 -0.098500
v 0.590722 -0.274624 -0.098911
v 0.614597 -0.249102 -0.099303
v 0.639040 -0.223728 -0.099672
v 0.663894 -0.198696 -0.100015
v 0.689004 -0.174199 -0.100328
v 0.714211 -0.150430 -0.100607
v 0.717902 -0.147076 -0.100643
v 0.725256 -0.154786 -0.100105
v 0.754208 -0.183601 -0.098054
v 0.784258 -0.211947 -0.095991
v 0.815357 -0.239695 -0.093923
v 0.847460 -0.266712 -0.091857
v 0.880521 -0.292869 -0.089800
v 0.914495 -0.318033 -0.087758
v 0.949337 -0.342071 -0.085739
v 0.985004 -0.364849 -0.083750
v 1.021453 -0.386233 -0.081797
v 1.058638 -0.406085 -0.079888
v 1.115513 -0.433385 -0.077097
v 1.224679 -0.319302 -0.078779
v 1.145443 -0.285827 -0.082474
v 1.107492 -0.267474 -0.084342
v 1.070183 -0.247217 -0.086272
v 1.033643 -0.225258 -0.088252
v 0.997997 -0.201801 -0.090269
v 0.963371 -0.177053 -0.092312
v 0.929888 -0.151223 -0.094367
v 0.897669 -0.124522 -0.096423
v 0.866836 -0.097162 -0.098467
v 0.837510 -0.069356 -0.100487
v 0.809812 -0.041321 -0.102469
v 0.783948 -0.013369 -0.104395
v 0.767637 0.005814 -0.105675
v 0.751166 0.026552 -0.107026
v 0.734791 0.048509 -0.108425
v 0.718717 0.071399 -0.109856
v 0.703146 0.094938 -0.111299
v 0.688276 0.118838 -0.112737
v 0.674302 0.142814 -0.114153
v 0.661421 0.166569 -0.115528
v 0.649825 0.189803 -0.116844
v 0.639708 0.212198 -0.118081
v 0.631260 0.233411 -0.119221
v 0.637607 0.214505 -0.118240
v 0.610426 0.214505 -0.119022
v 0.634807 0.214505 -0.118320
v 0.667038 0.214505 -0.117393
v 0.705153 0.214505 -0.116296
v 0.747182 0.214505 -0.115086
v 0.791159 0.214505 -0.113821
v 0.835115 0.214505 -0.112556
v 0.877082 0.214505 -0.111348
v 0.915092 0.214505 -0.110254
v 0.947178 0.214505 -0.109331
v 0.971371 0.214505 -0.108635
v 0.985573 0.214505 -0.108226
v 0.994358 0.214429 -0.107970
v 1.003722 0.214216 -0.107692
v 1.013558 0.213886 -0.107395
v 1.023616 0.213463 -0.107087
v 1.033659 0.212970 -0.106777
v 1.043453 0.212432 -0.106473
v 1.052767 0.211872 -0.106181
v 1.061372 0.211316 -0.105910
v 1.069037 0.210787 -0.105667
v 1.075528 0.210312 -0.105460
v 1.080591 0.209917 -0.105298
v 1.116640 0.206855 -0.104131
v 1.116831 0.364307 -0.110782
v 1.079128 0.359651 -0.111670
v 1.073734 0.359102 -0.111802
v 1.066846 0.358489 -0.111974
v 1.058817 0.357846 -0.112178
v 1.049932 0.357198 -0.112406
v 1.040460 0.356569 -0.112652
v 1.030658 0.355981 -0.112910
v 1.020783 0.355454 -0.113171
v 1.011096 0.355011 -0.113432
v 1.001862 0.354672 -0.113683
v 0.993363 0.354457 -0.113918
v 0.985724 0.354381 -0.114135
v 0.970589 0.354381 -0.114571
v 0.945978 0.354381 -0.115279
v 0.913919 0.354381 -0.116201
v 0.876289 0.354381 -0.117284
v 0.834967 0.354381 -0.118473
v 0.791829 0.354381 -0.119715
v 0.748753 0.354381 -0.120954
v 0.707618 0.354381 -0.122138
v 0.670301 0.354381 -0.123212
v 0.638679 0.354381 -0.124122
v 0.614631 0.354381 -0.124814
v 0.600148 0.354381 -0.125231
v 0.592401 0.354440 -0.125456
v 0.585093 0.354612 -0.125674
v 0.578125 0.354892 -0.125886
v 0.571514 0.355276 -0.126093
v 0.565277 0.355757 -0.126292
v 0.559433 0.356329 -0.126485
v 0.554002 0.356983 -0.126669
v 0.549009 0.357709 -0.126843
v 0.544481 0.358495 -0.127007
v 0.540450 0.359325 -0.127158
v 0.536957 0.360173 -0.127294
v 0.518849 0.365372 -0.128035
v 0.432680 0.299571 -0.127733
v 0.451016 0.274023 -0.126125
v 0.452473 0.271862 -0.125992
v 0.454241 0.269119 -0.125825
v 0.456213 0.265944 -0.125634
v 0.458313 0.262453 -0.125426
v 0.460474 0.258748 -0.125207
v 0.462637 0.254928 -0.124984
v 0.464741 0.251088 -0.124761
v 0.466728 0.247328 -0.124545
v 0.468536 0.243756 -0.124341
v 0.470100 0.240498 -0.124159
v 0.471377 0.237642 -0.124001
v 1.741081 0.214197 -0.086472
v 1.716125 0.231254 -0.087911
v 1.691492 0.249046 -0.089372
v 1.667282 0.267477 -0.090848
v 1.643595 0.286455 -0.092332
v 1.620533 0.305884 -0.093817
v 1.598193 0.325668 -0.095296
v 1.576677 0.345712 -0.096763
v 1.556082 0.365916 -0.098209
v 1.536510 0.386182 -0.099629
v 1.518058 0.406408 -0.101015
v 1.480260 0.450458 -0.103965
v 1.367648 0.346418 -0.102808
v 1.408773 0.304506 -0.099852
v 1.429140 0.284567 -0.098423
v 1.450129 0.264807 -0.096984
v 1.471718 0.245241 -0.095536
v 1.493888 0.225886 -0.094079
v 1.516618 0.206757 -0.092617
v 1.539888 0.187871 -0.091149
v 1.563679 0.169243 -0.089676
v 1.587969 0.150890 -0.088202
v 1.612739 0.132829 -0.086725
v 1.637969 0.115076 -0.085249
v 1.650297 0.106706 -0.084540
v 1.649804 -0.298972 -0.067404
v 1.649752 -0.308483 -0.067004
v 1.649618 -0.318257 -0.066594
v 1.649403 -0.328215 -0.066179
v 1.649106 -0.338206 -0.065766
v 1.648729 -0.348082 -0.065359
v 1.648273 -0.357691 -0.064966
v 1.647740 -0.366878 -0.064593
v 1.647133 -0.375482 -0.064247
v 1.646460 -0.383326 -0.063934
v 1.645732 -0.390208 -0.063664
v 1.644980 -0.395872 -0.063447
v 1.638052 -0.435914 -0.061953
v 1.806041 -0.435914 -0.057119
v 1.800641 -0.396820 -0.058927
v 1.799983 -0.390955 -0.059194
v 1.799319 -0.383916 -0.059511
v 1.798673 -0.375934 -0.059867
v 1.798061 -0.367200 -0.060253
v 1.797497 -0.357890 -0.060663
v 1.796993 -0.348169 -0.061089
v 1.796560 -0.338198 -0.061523
v 1.796209 -0.328139 -0.061958
v 1.795949 -0.318151 -0.062388
v 1.795791 -0.308398 -0.062805
v 1.795744 -0.298943 -0.063206
v 1.796131 0.019617 -0.076662
v 1.778713 0.029326 -0.077573
v 1.807337 0.014129 -0.076107
v 1.837064 -0.000926 -0.074615
v 1.867796 -0.015785 -0.073103
v 1.899436 -0.030393 -0.071575
v 1.931883 -0.044694 -0.070036
v 1.965039 -0.058632 -0.068493
v 1.998804 -0.072149 -0.066950
v 2.033077 -0.085188 -0.065412
v 2.067760 -0.097691 -0.063886
v 2.102753 -0.109601 -0.062375
v 2.161887 -0.128510 -0.059874
v 2.230301 0.004518 -0.063529
v 2.152761 0.026635 -0.066696
v 2.111589 0.039497 -0.068424
v 2.071387 0.053144 -0.070158
v 2.032233 0.067496 -0.071891
v 1.994208 0.082471 -0.073619
v 1.957390 0.097991 -0.075334
v 1.921860 0.113972 -0.077032
v 1.887699 0.130332 -0.078707
v 1.854988 0.146990 -0.080353
v 1.823807 0.163860 -0.081963
v 1.794240 0.180857 -0.083533
v 1.766311 0.197931 -0.085058
v 2.817921 0.194523 -0.054652
v 2.818048 0.299274 -0.059076
v 2.818134 0.306716 -0.059389
v 2.818368 0.314715 -0.059720
v 2.818744 0.323238 -0.060070
v 2.819252 0.332086 -0.060429
v 2.819881 0.341071 -0.060791
v 2.820619 0.350005 -0.061147
v 2.821452 0.358700 -0.061491
v 2.822367 0.366962 -0.061814
v 2.823343 0.374584 -0.062108
v 2.824354 0.381334 -0.062364
v 2.825355 0.386925 -0.062572
v 2.834519 0.428315 -0.064058
v 2.663990 0.428315 -0.068965
v 2.669187 0.389116 -0.067158
v 2.669853 0.383024 -0.066882
v 2.670522 0.375870 -0.066560
v 2.671171 0.367898 -0.066204
v 2.671784 0.359321 -0.065824
v 2.672349 0.350336 -0.065428
v 2.672854 0.341132 -0.065024
v 2.673288 0.331895 -0.064621
v 2.673640 0.322815 -0.064227
v 2.673899 0.314080 -0.063851
v 2.674057 0.305888 -0.063500
v 2.674106 0.298315 -0.063178
v 2.673980 0.194523 -0.058794
v 2.438151 0.194523 -0.065580
v 2.430023 0.194563 -0.065816
v 2.421830 0.194676 -0.066057
v 2.413596 0.194857 -0.066301
v 2.405423 0.195099 -0.066547
v 2.397412 0.195395 -0.066790
v 2.389664 0.195738 -0.067027
v 2.382280 0.196120 -0.067256
v 2.375368 0.196534 -0.067472
v 2.369037 0.196970 -0.067673
v 2.363408 0.197419 -0.067854
v 2.358627 0.197865 -0.068010
v 2.321136 0.202073 -0.069267
v 2.320951 0.050288 -0.062856
v 2.358236 0.054256 -0.061950
v 2.363019 0.054642 -0.061829
v 2.368799 0.055009 -0.061678
v 2.375369 0.055346 -0.061503
v 2.382564 0.055648 -0.061309
v 2.390238 0.055911 -0.061099
v 2.398254 0.056135 -0.060878
v 2.406479 0.056319 -0.060649
v 2.414786 0.056462 -0.060416
v 2.423044 0.056564 -0.060183
v 2.431128 0.056626 -0.059953
v 2.438949 0.056646 -0.059729
v 2.674677 0.056646 -0.052945
v 2.675396 0.031021 -0.051841
v 2.680371 -0.022431 -0.049438
v 2.689009 -0.073809 -0.047018
v 2.701556 -0.123122 -0.044572
v 2.718248 -0.170349 -0.042095
v 2.739298 -0.215444 -0.039583
v 2.764881 -0.258343 -0.037033
v 2.795138 -0.298985 -0.034444
v 2.830176 -0.337337 -0.031815
v 2.870091 -0.373401 -0.029141
v 2.914985 -0.407216 -0.026420
v 2.981441 -0.449268 -0.022730
v 3.114437 -0.350510 -0.023078
v 3.028218 -0.305555 -0.027459
v 2.989901 -0.281114 -0.029595
v 2.955889 -0.254574 -0.031696
v 2.926001 -0.225939 -0.033766
v 2.900051 -0.195179 -0.035814
v 2.877863 -0.162225 -0.037845
v 2.859288 -0.126981 -0.039870
v 2.844214 -0.089342 -0.041895
v 2.832570 -0.049215 -0.043926
v 2.824308 -0.006530 -0.045968
v 2.819397 0.038754 -0.048024
v 2.818803 0.056646 -0.048798
v 3.080611 0.056646 -0.041264
v 3.089746 0.056626 -0.041000
v 3.098789 0.056564 -0.040737
v 3.107715 0.056462 -0.040476
v 3.116467 0.056319 -0.040218
v 3.124986 0.056135 -0.039965
v 3.133210 0.055911 -0.039719
v 3.141080 0.055647 -0.039481
v 3.148532 0.055344 -0.039254
v 3.155499 0.055003 -0.039039
v 3.161911 0.054627 -0.038839
v 3.167688 0.054218 -0.038655
v 3.205586 0.050962 -0.037427
v 3.205770 0.202437 -0.043825
v 3.167497 0.198878 -0.044776
v 3.161466 0.198345 -0.044927
v 3.154906 0.197798 -0.045093
v 3.147883 0.197252 -0.045272
v 3.140461 0.196720 -0.045463
v 3.132704 0.196215 -0.045665
v 3.124677 0.195752 -0.045876
v 3.116445 0.195344 -0.046096
v 3.108076 0.195004 -0.046322
v 3.099636 0.194746 -0.046554
v 3.091194 0.194581 -0.046790
v 3.082708 0.194523 -0.047032
v -3.226641 -0.328573 -0.026247
v -3.224242 -0.340298 -0.025683
v -3.220370 -0.351422 -0.025101
v -3.215146 -0.361814 -0.024511
v -3.208688 -0.371368 -0.023921
v -3.201102 -0.379988 -0.023339
v -3.192487 -0.387581 -0.022770
v -3.182936 -0.394048 -0.022222
v -3.172545 -0.399282 -0.021701
v -3.161421 -0.403166 -0.021217
v -3.149692 -0.405578 -0.020777
v -3.137530 -0.406403 -0.020393
v -3.125364 -0.405578 -0.020077
v -3.113631 -0.403166 -0.019842
v -3.102497 -0.399283 -0.019685
v -3.092093 -0.394048 -0.019607
v -3.082526 -0.387581 -0.019605
v -3.073893 -0.379988 -0.019678
v -3.066286 -0.371368 -0.019823
v -3.059804 -0.361814 -0.020041
v -3.054555 -0.351422 -0.020329
v -3.050656 -0.340298 -0.020687
v -3.048228 -0.328572 -0.021113
v -3.047389 -0.316414 -0.021603
v -3.048199 -0.304256 -0.022140
v -3.050598 -0.292531 -0.022705
v -3.054470 -0.281407 -0.023287
v -3.059694 -0.271015 -0.023876
v -3.066153 -0.261460 -0.024466
v -3.073739 -0.252840 -0.025049
v -3.082353 -0.245248 -0.025618
v -3.091904 -0.238781 -0.026166
v -3.102295 -0.233546 -0.026686
v -3.113420 -0.229663 -0.027170
v -3.125148 -0.227251 -0.027610
v -3.137311 -0.226426 -0.027995
v -3.149476 -0.227251 -0.028310
v -3.161210 -0.229663 -0.028546
v -3.172344 -0.233546 -0.028702
v -3.182748 -0.238780 -0.028780
v -3.192315 -0.245248 -0.028782
v -3.200948 -0.252840 -0.028709
v -3.208555 -0.261460 -0.028564
v -3.215036 -0.271015 -0.028347
v -3.220285 -0.281407 -0.028058
v -3.224185 -0.292531 -0.027700
v -3.226612 -0.304257 -0.027274
v -3.227452 -0.316415 -0.026785
v -3.151688 0.351370 -0.052835
v -3.166877 0.345735 -0.053034
v -3.180146 0.336623 -0.053030
v -3.190924 0.324984 -0.052849
v -3.199385 0.311611 -0.052527
v -3.205986 0.296830 -0.052092
v -3.211136 0.280654 -0.051556
v -3.215110 0.262982 -0.050923
v -3.218080 0.243691 -0.050193
v -3.220145 0.222677 -0.049364
v -3.221369 0.199857 -0.048435
v -3.221788 0.175327 -0.047410
v -3.221759 0.164088 -0.046934
v -3.221644 0.153351 -0.046477
v -3.221443 0.142938 -0.046031
v -3.221155 0.132849 -0.045596
v -3.220780 0.123085 -0.045172
v -3.220316 0.113648 -0.044760
v -3.219764 0.104537 -0.044359
v -3.219121 0.095752 -0.043969
v -3.218385 0.087292 -0.043590
v -3.217556 0.079156 -0.043223
v -3.216629 0.071340 -0.042865
v -3.215628 0.064035 -0.042528
v -3.190836 -0.107889 -0.034546
v -3.189312 -0.118597 -0.034050
v -3.187697 -0.128667 -0.033578
v -3.185976 -0.137959 -0.033135
v -3.184087 -0.146568 -0.032717
v -3.181940 -0.154618 -0.032315
v -3.179389 -0.162270 -0.031918
v -3.176184 -0.169717 -0.031511
v -3.171903 -0.177125 -0.031074
v -3.165916 -0.184429 -0.030593
v -3.157639 -0.190948 -0.030080
v -3.147324 -0.195349 -0.029597
v -3.136275 -0.196768 -0.029219
v -3.125223 -0.195349 -0.028961
v -3.114897 -0.190948 -0.028850
v -3.106603 -0.184429 -0.028887
v -3.100599 -0.177125 -0.029023
v -3.096300 -0.169717 -0.029212
v -3.093077 -0.162270 -0.029434
v -3.090507 -0.154618 -0.029684
v -3.088341 -0.146568 -0.029962
v -3.086431 -0.137959 -0.030271
v -3.084687 -0.128667 -0.030613
v -3.083048 -0.118596 -0.030992
v -3.081498 -0.107888 -0.031400
v -3.056288 0.064035 -0.037943
v -3.055269 0.071340 -0.038222
v -3.054324 0.079156 -0.038525
v -3.053474 0.087292 -0.038845
v -3.052718 0.095752 -0.039181
v -3.052054 0.104537 -0.039533
v -3.051479 0.113648 -0.039902
v -3.050993 0.123085 -0.040287
v -3.050594 0.132849 -0.040688
v -3.050282 0.142938 -0.041105
v -3.050055 0.153351 -0.041539
v -3.049915 0.164088 -0.041989
v -3.049857 0.175327 -0.042462
v -3.050217 0.199857 -0.043510
v -3.051385 0.222677 -0.044508
v -3.053400 0.243691 -0.045454
v -3.056322 0.262982 -0.046354
v -3.060254 0.280654 -0.047214
v -3.065364 0.296830 -0.048045
v -3.071930 0.311611 -0.048859
v -3.080357 0.324985 -0.049667
v -3.091108 0.336623 -0.050468
v -3.104354 0.345735 -0.051235
v -3.119530 0.351370 -0.051910
v -3.135607 0.353177 -0.052449
v -2.955753 -0.328573 -0.018452
v -2.953354 -0.340298 -0.017887
v -2.949482 -0.351422 -0.017305
v -2.944258 -0.361814 -0.016716
v -2.937800 -0.371368 -0.016126
v -2.930214 -0.379988 -0.015543
v -2.921599 -0.387581 -0.014974
v -2.912048 -0.394048 -0.014426
v -2.901657 -0.399282 -0.013906
v -2.890532 -0.403166 -0.013422
v -2.878804 -0.405578 -0.012982
v -2.866642 -0.406403 -0.012597
v -2.854476 -0.405578 -0.012282
v -2.842742 -0.403166 -0.012046
v -2.831609 -0.399283 -0.011890
v -2.821204 -0.394048 -0.011812
v -2.811638 -0.387581 -0.011810
v -2.803005 -0.379988 -0.011883
v -2.795398 -0.371368 -0.012028
v -2.788916 -0.361814 -0.012245
v -2.783667 -0.351422 -0.012534
v -2.779768 -0.340298 -0.012892
v -2.777340 -0.328572 -0.013318
v -2.776500 -0.316414 -0.013808
v -2.777311 -0.304256 -0.014345
v -2.779710 -0.292531 -0.014910
v -2.783582 -0.281407 -0.015491
v -2.788806 -0.271015 -0.016081
v -2.795264 -0.261460 -0.016671
v -2.802850 -0.252840 -0.017253
v -2.811465 -0.245248 -0.017822
v -2.821016 -0.238781 -0.018371
v -2.831407 -0.233546 -0.018891
v -2.842532 -0.229663 -0.019375
v -2.854260 -0.227251 -0.019815
v -2.866423 -0.226426 -0.020199
v -2.878588 -0.227251 -0.020515
v -2.890322 -0.229663 -0.020750
v -2.901456 -0.233546 -0.020907
v -2.911860 -0.238780 -0.020985
v -2.921427 -0.245248 -0.020987
v -2.930059 -0.252840 -0.020914
v -2.937666 -0.261460 -0.020769
v -2.944149 -0.271015 -0.020551
v -2.949398 -0.281407 -0.020263
v -2.953297 -0.292531 -0.019905
v -2.955724 -0.304257 -0.019479
v -2.956564 -0.316415 -0.018989
v -2.880800 0.351370 -0.045040
v -2.895989 0.345735 -0.045238
v -2.909258 0.336623 -0.045235
v -2.920036 0.324984 -0.045053
v -2.928497 0.311611 -0.044731
v -2.935098 0.296830 -0.044296
v -2.940248 0.280654 -0.043761
v -2.944222 0.262982 -0.043128
v -2.947191 0.243691 -0.042398
v -2.949257 0.222677 -0.041569
v -2.950481 0.199857 -0.040640
v -2.950900 0.175326 -0.039615
v -2.950870 0.164087 -0.039139
v -2.950755 0.153351 -0.038681
v -2.950554 0.142938 -0.038235
v -2.950266 0.132849 -0.037801
v -2.949891 0.123085 -0.037377
v -2.949428 0.113648 -0.036965
v -2.948875 0.104537 -0.036564
v -2.948232 0.095752 -0.036174
v -2.947497 0.087292 -0.035795
v -2.946668 0.079156 -0.035427
v -2.945741 0.071341 -0.035070
v -2.944741 0.064036 -0.034733
v -2.919948 -0.107889 -0.026751
v -2.918424 -0.118597 -0.026254
v -2.916809 -0.128667 -0.025782
v -2.915088 -0.137959 -0.025340
v -2.913199 -0.146568 -0.024922
v -2.911052 -0.154618 -0.024519
v -2.908501 -0.162270 -0.024123
v -2.905296 -0.169717 -0.023716
v -2.901015 -0.177125 -0.023279
v -2.895029 -0.184429 -0.022798
v -2.886751 -0.190948 -0.022284
v -2.876436 -0.195349 -0.021801
v -2.865387 -0.196768 -0.021423
v -2.854335 -0.195349 -0.021165
v -2.844008 -0.190948 -0.021054
v -2.835716 -0.184429 -0.021091
v -2.829711 -0.177125 -0.021227
v -2.825412 -0.169717 -0.021417
v -2.822189 -0.162270 -0.021639
v -2.819619 -0.154618 -0.021888
v -2.817453 -0.146568 -0.022166
v -2.815543 -0.137959 -0.022475
v -2.813799 -0.128667 -0.022818
v -2.812160 -0.118596 -0.023196
v -2.810610 -0.107888 -0.023605
v -2.785400 0.064035 -0.030147
v -2.784381 0.071340 -0.030427
v -2.783436 0.079156 -0.030730
v -2.782586 0.087292 -0.031049
v -2.781830 0.095752 -0.031385
v -2.781166 0.104537 -0.031738
v -2.780591 0.113648 -0.032106
v -2.780105 0.123085 -0.032491
v -2.779706 0.132849 -0.032892
v -2.779394 0.142938 -0.033310
v -2.779167 0.153351 -0.033744
v -2.779027 0.164088 -0.034194
v -2.778970 0.175327 -0.034667
v -2.779329 0.199857 -0.035714
v -2.780497 0.222677 -0.036713
v -2.782512 0.243691 -0.037659
v -2.785434 0.262982 -0.038559
v -2.789366 0.280654 -0.039419
v -2.794476 0.296830 -0.040250
v -2.801042 0.311611 -0.041064
v -2.809469 0.324985 -0.041871
v -2.820220 0.336623 -0.042673
v -2.833466 0.345735 -0.043439
v -2.848642 0.351370 -0.044114
v -2.864719 0.353177 -0.044653
v -2.219554 0.081313 -0.014594
v -2.242204 0.096635 -0.015894
v -2.264521 0.112675 -0.017214
v -2.286359 0.129281 -0.018545
v -2.307574 0.146300 -0.019875
v -2.328022 0.163580 -0.021193
v -2.347560 0.180964 -0.022491
v -2.366044 0.198295 -0.023755
v -2.383331 0.215411 -0.024976
v -2.399274 0.232144 -0.026142
v -2.413723 0.248320 -0.027242
v -2.447574 0.289111 -0.029941
v -2.554122 0.186170 -0.028655
v -2.520517 0.150262 -0.026170
v -2.505440 0.134991 -0.025090
v -2.489147 0.119258 -0.023956
v -2.471726 0.103153 -0.022774
v -2.453266 0.086775 -0.021551
v -2.433859 0.070223 -0.020292
v -2.413597 0.053602 -0.019007
v -2.392574 0.037016 -0.017701
v -2.370883 0.020571 -0.016381
v -2.348616 0.004373 -0.015056
v -2.325868 -0.011470 -0.013731
v -2.316397 -0.017765 -0.013193
v -2.316809 -0.357336 0.001151
v -2.316841 -0.365139 0.001480
v -2.316919 -0.373181 0.001818
v -2.317052 -0.381375 0.002160
v -2.317245 -0.389590 0.002502
v -2.317505 -0.397695 0.002837
v -2.317835 -0.405554 0.003160
v -2.318240 -0.413025 0.003464
v -2.318721 -0.419953 0.003743
v -2.319274 -0.426164 0.003990
v -2.319884 -0.431444 0.004195
v -2.320502 -0.435496 0.004349
v -2.328850 -0.475273 0.005790
v -2.166507 -0.475273 0.010462
v -2.170616 -0.437798 0.008760
v -2.171056 -0.432884 0.008539
v -2.171499 -0.427034 0.008279
v -2.171929 -0.420430 0.007988
v -2.172336 -0.413227 0.007671
v -2.172710 -0.405565 0.007337
v -2.173044 -0.397579 0.006989
v -2.173331 -0.389401 0.006635
v -2.173564 -0.381161 0.006280
v -2.173735 -0.372990 0.005930
v -2.173839 -0.365020 0.005590
v -2.173869 -0.357301 0.005263
v -2.173558 -0.101276 -0.005552
v -2.195654 -0.089655 -0.006679
v -2.172429 -0.101433 -0.005513
v -2.148123 -0.113324 -0.004310
v -2.122848 -0.125251 -0.003079
v -2.096720 -0.137132 -0.001825
v -2.069856 -0.148887 -0.000555
v -2.042371 -0.160433 0.000724
v -2.014382 -0.171690 0.002006
v -1.986003 -0.182574 0.003283
v -1.957349 -0.193004 0.004548
v -1.928535 -0.202896 0.005795
v -1.875766 -0.219849 0.008031
v -1.808840 -0.089889 0.004463
v -1.877925 -0.072181 0.001726
v -1.910514 -0.062536 0.000380
v -1.943287 -0.051671 -0.001022
v -1.975936 -0.039790 -0.002464
v -2.008157 -0.027098 -0.003928
v -2.039650 -0.013804 -0.005396
v -2.070117 -0.000115 -0.006851
v -2.099261 0.013757 -0.008277
v -2.126783 0.027602 -0.009654
v -2.152382 0.041201 -0.010965
v -2.175750 0.054333 -0.012193
v -2.196631 0.066802 -0.013321
v -1.533343 0.293177 -0.003804
v -1.533358 0.280803 -0.003281
v -1.533374 0.267221 -0.002707
v -1.533392 0.252744 -0.002096
v -1.533410 0.237685 -0.001460
v -1.533429 0.222355 -0.000812
v -1.533447 0.207066 -0.000166
v -1.533466 0.192132 0.000464
v -1.533483 0.177863 0.001067
v -1.533499 0.164573 0.001629
v -1.533514 0.152573 0.002135
v -1.533527 0.141994 0.002582
v -1.532898 0.084684 0.005023
v -1.530834 0.033132 0.007262
v -1.527294 -0.013120 0.009319
v -1.522223 -0.054684 0.011222
v -1.515557 -0.092154 0.012998
v -1.507226 -0.126089 0.014672
v -1.497175 -0.156996 0.016268
v -1.485381 -0.185326 0.017805
v -1.471882 -0.211500 0.019300
v -1.456769 -0.235946 0.020769
v -1.440157 -0.259147 0.022228
v -1.421950 -0.281890 0.023713
v -1.403708 -0.302128 0.025093
v -1.384021 -0.320956 0.026456
v -1.363366 -0.338209 0.027780
v -1.341982 -0.353977 0.029062
v -1.320095 -0.368348 0.030299
v -1.297929 -0.381409 0.031489
v -1.275700 -0.393243 0.032629
v -1.253623 -0.403931 0.033716
v -1.231912 -0.413547 0.034747
v -1.210781 -0.422166 0.035720
v -1.190445 -0.429855 0.036630
v -1.152961 -0.443099 0.038269
v -1.040012 -0.323411 0.036459
v -1.110833 -0.304467 0.033620
v -1.132274 -0.297925 0.032727
v -1.153239 -0.290654 0.031816
v -1.173675 -0.282618 0.030888
v -1.193530 -0.273785 0.029944
v -1.212755 -0.264121 0.028982
v -1.231303 -0.253592 0.028003
v -1.249134 -0.242163 0.027007
v -1.266207 -0.229796 0.025992
v -1.282488 -0.216450 0.024960
v -1.297943 -0.202080 0.023908
v -1.312348 -0.186840 0.022849
v -1.327343 -0.167997 0.021621
v -1.340186 -0.148986 0.020447
v -1.350993 -0.129560 0.019315
v -1.360036 -0.109192 0.018194
v -1.367537 -0.087325 0.017054
v -1.373654 -0.063424 0.015867
v -1.378503 -0.037009 0.014611
v -1.382184 -0.007662 0.013264
v -1.384804 0.024991 0.011808
v -1.386484 0.061295 0.010225
v -1.387361 0.101586 0.008497
v -1.387582 0.146265 0.006602
v -1.387569 0.156586 0.006166
v -1.387555 0.168620 0.005657
v -1.387538 0.181938 0.005095
v -1.387521 0.196202 0.004492
v -1.387503 0.211077 0.003864
v -1.387485 0.226226 0.003224
v -1.387466 0.241313 0.002587
v -1.387448 0.256001 0.001966
v -1.387432 0.269953 0.001377
v -1.387416 0.282833 0.000833
v -1.387402 0.294305 0.000348
v -1.387390 0.303958 -0.000059
v -1.387340 0.312105 -0.000402
v -1.387214 0.319934 -0.000730
v -1.387015 0.327532 -0.001045
v -1.386747 0.334908 -0.001349
v -1.386413 0.342075 -0.001643
v -1.386016 0.349045 -0.001926
v -1.385560 0.355829 -0.002200
v -1.385048 0.362439 -0.002464
v -1.384483 0.368887 -0.002721
v -1.383869 0.375187 -0.002969
v -1.383208 0.381349 -0.003211
v -1.378591 0.420928 -0.004751
v -1.538549 0.420928 -0.009354
v -1.535677 0.382497 -0.007647
v -1.535263 0.376290 -0.007373
v -1.534889 0.369929 -0.007093
v -1.534554 0.363405 -0.006807
v -1.534260 0.356706 -0.006516
v -1.534006 0.349822 -0.006217
v -1.533791 0.342742 -0.005912
v -1.533617 0.335455 -0.005599
v -1.533484 0.327950 -0.005278
v -1.533392 0.320219 -0.004948
v -1.533340 0.312249 -0.004610
v -1.533330 0.303995 -0.004261
v -1.068528 0.298965 0.009328
v -1.068553 0.278814 0.010179
v -1.068585 0.252141 0.011305
v -1.068624 0.220514 0.012641
v -1.068666 0.185501 0.014120
v -1.068711 0.148671 0.015676
v -1.068756 0.111590 0.017242
v -1.068799 0.075828 0.018753
v -1.068839 0.042952 0.020142
v -1.068874 0.014531 0.021342
v -1.068901 -0.007868 0.022288
v -1.068919 -0.022582 0.022910
v -1.068965 -0.028716 0.023168
v -1.069084 -0.035053 0.023432
v -1.069271 -0.041603 0.023704
v -1.069519 -0.048273 0.023979
v -1.069821 -0.054974 0.024253
v -1.070171 -0.061619 0.024524
v -1.070560 -0.068120 0.024788
v -1.070982 -0.074390 0.025041
v -1.071429 -0.080338 0.025279
v -1.071891 -0.085872 0.025500
v -1.072359 -0.090891 0.025699
v -1.076325 -0.128582 0.027178
v -0.917070 -0.128582 0.031761
v -0.921798 -0.090918 0.030032
v -0.922303 -0.086499 0.029831
v -0.922827 -0.081474 0.029604
v -0.923354 -0.075927 0.029354
v -0.923870 -0.069935 0.029086
v -0.924359 -0.063573 0.028803
v -0.924807 -0.056912 0.028508
v -0.925202 -0.050026 0.028206
v -0.925529 -0.042986 0.027899
v -0.925775 -0.035866 0.027591
v -0.925928 -0.028742 0.027285
v -0.925977 -0.021558 0.026980
v -0.925959 -0.006889 0.026360
v -0.925932 0.015456 0.025417
v -0.925898 0.043795 0.024219
v -0.925858 0.076568 0.022835
v -0.925814 0.112213 0.021329
v -0.925769 0.149170 0.019768
v -0.925725 0.185877 0.018218
v -0.925682 0.220773 0.016744
v -0.925644 0.252297 0.015412
v -0.925612 0.278888 0.014289
v -0.925587 0.298984 0.013440
v -0.925573 0.310900 0.012937
v -0.925530 0.315408 0.012748
v -0.925414 0.320485 0.012536
v -0.925230 0.326117 0.012303
v -0.924982 0.332157 0.012055
v -0.924680 0.338475 0.011797
v -0.924329 0.344941 0.011534
v -0.923937 0.351432 0.011270
v -0.923512 0.357824 0.011012
v -0.923063 0.363991 0.010765
v -0.922596 0.369803 0.010532
v -0.922124 0.375125 0.010321
v -0.918352 0.412935 0.008831
v -1.075562 0.412935 0.004307
v -1.071796 0.375132 0.006014
v -1.071332 0.370057 0.006242
v -1.070880 0.364656 0.006483
v -1.070447 0.358990 0.006735
v -1.070040 0.353116 0.006995
v -1.069667 0.347092 0.007260
v -1.069334 0.340975 0.007528
v -1.069049 0.334822 0.007797
v -1.068819 0.328691 0.008063
v -1.068649 0.322642 0.008323
v -1.068545 0.316736 0.008576
v -1.068514 0.310926 0.008822
v -0.173182 0.307743 0.034722
v -0.163342 0.271535 0.036536
v -0.161759 0.265694 0.036828
v -0.160142 0.259689 0.037129
v -0.158513 0.253570 0.037434
v -0.156891 0.247384 0.037742
v -0.155299 0.241184 0.038050
v -0.153756 0.235021 0.038355
v -0.152284 0.228950 0.038654
v -0.150906 0.223027 0.038944
v -0.149642 0.217312 0.039222
v -0.148513 0.211869 0.039485
v -0.147388 0.205958 0.039767
v -0.143347 0.188167 0.040636
v -0.138578 0.167675 0.041639
v -0.133027 0.144488 0.042779
v -0.126740 0.119063 0.044035
v -0.119763 0.091854 0.045386
v -0.112143 0.063312 0.046812
v -0.103922 0.033887 0.048292
v -0.095144 0.004026 0.049807
v -0.085848 -0.025830 0.051337
v -0.076071 -0.055245 0.052862
v -0.065841 -0.083792 0.054363
v -0.055275 -0.110806 0.055809
v -0.045501 -0.134505 0.057092
v -0.035065 -0.158534 0.058408
v -0.024024 -0.182764 0.059751
v -0.012428 -0.207085 0.061112
v -0.000324 -0.231386 0.062488
v 0.012237 -0.255556 0.063871
v 0.025208 -0.279482 0.065256
v 0.038541 -0.303053 0.066636
v 0.052190 -0.326157 0.068006
v 0.066107 -0.348683 0.069359
v 0.080251 -0.370521 0.070689
v 0.108183 -0.411542 0.073227
v 0.250818 -0.351191 0.074780
v 0.213018 -0.299789 0.071519
v 0.198241 -0.278499 0.070194
v 0.183801 -0.256549 0.068850
v 0.169758 -0.234095 0.067497
v 0.156167 -0.211293 0.066142
v 0.143085 -0.188301 0.064794
v 0.130566 -0.165273 0.063460
v 0.118662 -0.142368 0.062149
v 0.107427 -0.119740 0.060869
v 0.096914 -0.097549 0.059628
v 0.087175 -0.075952 0.058435
v 0.078280 -0.055154 0.057300
v 0.067878 -0.029143 0.055901
v 0.057596 -0.001383 0.054431
v 0.047514 0.027884 0.052904
v 0.037741 0.058341 0.051335
v 0.028381 0.089675 0.049741
v 0.019537 0.121575 0.048138
v 0.011310 0.153731 0.046542
v 0.003799 0.185832 0.044969
v -0.002897 0.217564 0.043435
v -0.008681 0.248611 0.041956
v -0.013457 0.278649 0.040548
v -0.021332 0.340136 0.037722
v -0.584484 0.293440 0.023491
v -0.589034 0.294388 0.023320
v -0.593402 0.295929 0.023129
v -0.597554 0.298035 0.022920
v -0.601430 0.300671 0.022697
v -0.604959 0.303787 0.022464
v -0.608072 0.307319 0.022225
v -0.610705 0.311196 0.021985
v -0.612807 0.315348 0.021749
v -0.614343 0.319716 0.021520
v -0.615286 0.324265 0.021301
v -0.615610 0.329036 0.021090
v -0.615265 0.334075 0.020887
v -0.614280 0.338874 0.020712
v -0.612700 0.343422 0.020566
v -0.610561 0.347694 0.020447
v -0.607907 0.351645 0.020356
v -0.604787 0.355216 0.020295
v -0.601263 0.358348 0.020264
v -0.597403 0.360988 0.020263
v -0.593273 0.363093 0.020293
v -0.588924 0.364631 0.020353
v -0.584388 0.365578 0.020444
v -0.579625 0.365907 0.020567
v -0.574629 0.365570 0.020725
v -0.569942 0.364607 0.020900
v -0.565555 0.363067 0.021092
v -0.561465 0.360987 0.021297
v -0.557691 0.358395 0.021516
v -0.554272 0.355324 0.021744
v -0.551253 0.351814 0.021979
v -0.548682 0.347908 0.022218
v -0.546605 0.343647 0.022458
v -0.545064 0.339067 0.022696
v -0.544104 0.334189 0.022930
v -0.543774 0.329035 0.023157
v -0.544107 0.324148 0.023354
v -0.545050 0.319520 0.023523
v -0.546569 0.315121 0.023665
v -0.548631 0.310982 0.023781
v -0.551198 0.307150 0.023869
v -0.554226 0.303679 0.023928
v -0.557666 0.300625 0.023959
v -0.561467 0.298037 0.023959
v -0.565589 0.295955 0.023928
v -0.570004 0.294413 0.023866
v -0.574709 0.293448 0.023771
v -0.579714 0.293111 0.023642
v -0.598659 0.470630 0.015592
v -0.617104 0.466773 0.015224
v -0.634615 0.460577 0.014982
v -0.650999 0.452236 0.014863
v -0.666088 0.441939 0.014864
v -0.679725 0.429860 0.014983
v -0.691754 0.416159 0.015216
v -0.702013 0.400991 0.015562
v -0.710328 0.384511 0.016019
v -0.716510 0.366887 0.016586
v -0.720366 0.348308 0.017261
v -0.721705 0.329008 0.018038
v -0.720412 0.309719 0.018891
v -0.716593 0.291169 0.019785
v -0.710434 0.273594 0.020705
v -0.702130 0.257187 0.021638
v -0.691872 0.242114 0.022570
v -0.679841 0.228530 0.023491
v -0.666206 0.216582 0.024388
v -0.651129 0.206424 0.025251
v -0.634772 0.198218 0.026069
v -0.617308 0.192137 0.026829
v -0.598929 0.188361 0.027517
v -0.579881 0.187068 0.028120
v -0.560633 0.188356 0.028619
v -0.542116 0.192123 0.028993
v -0.524545 0.198203 0.029242
v -0.508112 0.206423 0.029367
v -0.492993 0.216609 0.029371
v -0.479351 0.228593 0.029257
v -0.467345 0.242214 0.029027
v -0.457136 0.257313 0.028683
v -0.448892 0.273728 0.028226
v -0.442787 0.291284 0.027659
v -0.438997 0.309787 0.026986
v -0.437686 0.329008 0.026211
v -0.438949 0.348240 0.025362
v -0.442687 0.366772 0.024471
v -0.448729 0.384378 0.023553
v -0.456904 0.400865 0.022621
v -0.467041 0.416059 0.021686
v -0.478979 0.429796 0.020762
v -0.492563 0.441912 0.019859
v -0.507644 0.452237 0.018989
v -0.524064 0.460592 0.018163
v -0.541653 0.466788 0.017395
v -0.560217 0.470635 0.016698
v -0.579534 0.471953 0.016086
v -0.391128 0.350407 0.026646
v -0.413754 0.308787 0.027755
v -0.425297 0.286680 0.028357
v -0.437479 0.262580 0.029026
v -0.450156 0.236798 0.029751
v -0.463179 0.209658 0.030523
v -0.476394 0.181487 0.031334
v -0.489646 0.152615 0.032173
v -0.502779 0.123374 0.033031
v -0.515635 0.094096 0.033899
v -0.528060 0.065112 0.034767
v -0.539896 0.036751 0.035625
v -0.550904 0.009547 0.036459
v -0.561463 -0.016371 0.037250
v -0.572455 -0.044304 0.038115
v -0.583657 -0.073629 0.039032
v -0.594940 -0.103954 0.039990
v -0.606174 -0.134885 0.040974
v -0.617226 -0.166025 0.041972
v -0.627963 -0.196977 0.042972
v -0.638252 -0.227342 0.043959
v -0.647961 -0.256725 0.044922
v -0.656957 -0.284733 0.045847
v -0.665110 -0.310979 0.046722
v -0.680558 -0.362848 0.048471
v -0.533461 -0.410775 0.054730
v -0.518870 -0.353890 0.052745
v -0.511503 -0.327052 0.051822
v -0.503423 -0.299202 0.050877
v -0.494719 -0.270567 0.049917
v -0.485481 -0.241370 0.048949
v -0.475796 -0.211831 0.047979
v -0.465754 -0.182170 0.047014
v -0.455443 -0.152603 0.046061
v -0.444951 -0.123348 0.045126
v -0.434369 -0.094622 0.044216
v -0.423784 -0.066642 0.043338
v -0.413266 -0.039575 0.042496
v -0.402905 -0.013365 0.041686
v -0.391818 0.013954 0.040850
v -0.380119 0.042078 0.039998
v -0.367943 0.070648 0.039141
v -0.355428 0.099303 0.038289
v -0.342709 0.127686 0.037455
v -0.329925 0.155435 0.036650
v -0.317216 0.182187 0.035885
v -0.304725 0.207572 0.035171
v -0.292602 0.231216 0.034521
v -0.281008 0.252725 0.033945
v -0.251630 0.303911 0.032626
v 0.475230 0.223235 0.056954
v 0.485715 0.199393 0.058264
v 0.497256 0.174714 0.059639
v 0.509787 0.149378 0.061071
v 0.523240 0.123573 0.062549
v 0.537550 0.097486 0.064063
v 0.552651 0.071309 0.065605
v 0.568477 0.045233 0.067162
v 0.584964 0.019448 0.068727
v 0.602051 -0.005853 0.070288
v 0.619678 -0.030481 0.071837
v 0.620518 -0.031583 0.071907
v 0.614810 -0.036578 0.071954
v 0.587373 -0.061557 0.072221
v 0.559797 -0.087528 0.072525
v 0.532326 -0.114187 0.072862
v 0.505203 -0.141226 0.073224
v 0.478678 -0.168337 0.073607
v 0.452998 -0.195212 0.074004
v 0.428413 -0.221544 0.074410
v 0.405172 -0.247025 0.074818
v 0.383522 -0.271353 0.075224
v 0.363706 -0.294229 0.075620
v 0.327072 -0.337867 0.076411
v 0.443444 -0.437671 0.083979
v 0.480138 -0.390060 0.083022
v 0.498837 -0.366719 0.082574
v 0.518885 -0.342546 0.082129
v 0.540124 -0.317741 0.081691
v 0.562397 -0.292502 0.081265
v 0.585549 -0.267025 0.080854
v 0.609424 -0.241502 0.080462
v 0.633866 -0.216129 0.080093
v 0.658721 -0.191097 0.079750
v 0.683831 -0.166599 0.079437
v 0.709038 -0.142830 0.079158
v 0.712729 -0.139476 0.079122
v 0.720083 -0.147186 0.079660
v 0.749035 -0.176001 0.081711
v 0.779085 -0.204348 0.083774
v 0.810184 -0.232095 0.085842
v 0.842286 -0.259113 0.087908
v 0.875347 -0.285269 0.089965
v 0.909322 -0.310433 0.092007
v 0.944164 -0.334471 0.094026
v 0.979831 -0.357250 0.096015
v 1.016279 -0.378633 0.097968
v 1.053465 -0.398486 0.099877
v 1.110340 -0.425786 0.102668
v 1.219506 -0.311703 0.100987
v 1.140270 -0.278227 0.097291
v 1.102319 -0.259874 0.095423
v 1.065010 -0.239617 0.093493
v 1.028470 -0.217658 0.091513
v 0.992824 -0.194201 0.089496
v 0.958198 -0.169454 0.087453
v 0.924715 -0.143624 0.085398
v 0.892496 -0.116923 0.083342
v 0.861663 -0.089562 0.081298
v 0.832337 -0.061757 0.079278
v 0.804639 -0.033722 0.077296
v 0.778775 -0.005769 0.075370
v 0.762464 0.013414 0.074090
v 0.745993 0.034151 0.072739
v 0.729618 0.056108 0.071340
v 0.713544 0.078999 0.069909
v 0.697973 0.102537 0.068466
v 0.683102 0.126438 0.067028
v 0.669129 0.150413 0.065612
v 0.656248 0.174169 0.064237
v 0.644652 0.197403 0.062921
v 0.634535 0.219797 0.061684
v 0.626087 0.241011 0.060544
v 0.632434 0.222105 0.061526
v 0.605253 0.222105 0.060743
v 0.629634 0.222105 0.061445
v 0.661865 0.222105 0.062372
v 0.699980 0.222105 0.063469
v 0.742009 0.222105 0.064679
v 0.785986 0.222105 0.065944
v 0.829942 0.222105 0.067209
v 0.871908 0.222105 0.068417
v 0.909919 0.222105 0.069511
v 0.942005 0.222105 0.070434
v 0.966198 0.222105 0.071130
v 0.980400 0.222105 0.071539
v 0.989185 0.222029 0.071795
v 0.998549 0.221816 0.072073
v 1.008384 0.221486 0.072370
v 1.018443 0.221063 0.072678
v 1.028486 0.220570 0.072988
v 1.038280 0.220031 0.073292
v 1.047594 0.219472 0.073584
v 1.056199 0.218915 0.073855
v 1.063864 0.218387 0.074098
v 1.070354 0.217912 0.074305
v 1.075418 0.217517 0.074467
v 1.111467 0.214454 0.075634
v 1.111658 0.371906 0.068983
v 1.073954 0.367250 0.068095
v 1.068561 0.366702 0.067963
v 1.061673 0.366089 0.067791
v 1.053643 0.365445 0.067587
v 1.044759 0.364798 0.067359
v 1.035287 0.364169 0.067113
v 1.025484 0.363580 0.066855
v 1.015610 0.363054 0.066594
v 1.005923 0.362611 0.066334
v 0.996689 0.362271 0.066082
v 0.988190 0.362056 0.065847
v 0.980551 0.361980 0.065630
v 0.965416 0.361980 0.065195
v 0.940805 0.361980 0.064486
v 0.908746 0.361980 0.063564
v 0.871116 0.361980 0.062481
v 0.829793 0.361980 0.061292
v 0.786656 0.361980 0.060050
v 0.743580 0.361980 0.058811
v 0.702445 0.361980 0.057627
v 0.665128 0.361980 0.056553
v 0.633506 0.361980 0.055643
v 0.609457 0.361980 0.054951
v 0.594975 0.361980 0.054534
v 0.587228 0.362039 0.054309
v 0.579920 0.362211 0.054091
v 0.572952 0.362492 0.053879
v 0.566341 0.362875 0.053673
v 0.560104 0.363356 0.053473
v 0.554260 0.363928 0.053280
v 0.548829 0.364582 0.053096
v 0.543836 0.365309 0.052922
v 0.539308 0.366095 0.052758
v 0.535277 0.366924 0.052607
v 0.531784 0.367773 0.052471
v 0.513675 0.372971 0.051730
v 0.427507 0.307170 0.052032
v 0.445843 0.281623 0.053640
v 0.447300 0.279462 0.053773
v 0.449068 0.276719 0.053940
v 0.451040 0.273543 0.054131
v 0.453140 0.270052 0.054339
v 0.455301 0.266348 0.054558
v 0.457464 0.262528 0.054782
v 0.459568 0.258687 0.055004
v 0.461555 0.254928 0.055221
v 0.463363 0.251356 0.055424
v 0.464927 0.248097 0.055606
v 0.466204 0.245242 0.055764
v 1.735907 0.221796 0.093293
v 1.710952 0.238854 0.091854
v 1.686319 0.256645 0.090393
v 1.662108 0.275077 0.088917
v 1.638422 0.294055 0.087433
v 1.615359 0.313483 0.085948
v 1.593020 0.333268 0.084469
v 1.571503 0.353311 0.083002
v 1.550909 0.373516 0.081556
v 1.531336 0.393782 0.080136
v 1.512885 0.414007 0.078750
v 1.475087 0.458058 0.075800
v 1.362475 0.354017 0.076957
v 1.403600 0.312106 0.079913
v 1.423967 0.292167 0.081342
v 1.444955 0.272406 0.082781
v 1.466545 0.252841 0.084229
v 1.488714 0.233485 0.085686
v 1.511444 0.214357 0.087148
v 1.534715 0.195470 0.088617
v 1.558506 0.176843 0.090089
v 1.582796 0.158490 0.091563
v 1.607566 0.140429 0.093040
v 1.632796 0.122676 0.094516
v 1.645124 0.114306 0.095225
v 1.644631 -0.291373 0.112361
v 1.644579 -0.300883 0.112762
v 1.644445 -0.310658 0.113171
v 1.644229 -0.320615 0.113586
v 1.643933 -0.330606 0.113999
v 1.643556 -0.340482 0.114406
v 1.643100 -0.350091 0.114799
v 1.642566 -0.359279 0.115172
v 1.641960 -0.367882 0.115519
v 1.641286 -0.375726 0.115831
v 1.640559 -0.382609 0.116101
v 1.639807 -0.388272 0.116319
v 1.632879 -0.428315 0.117812
v 1.800868 -0.428315 0.122646
v 1.795467 -0.389220 0.120838
v 1.794810 -0.383355 0.120571
v 1.794146 -0.376316 0.120255
v 1.793499 -0.368334 0.119898
v 1.792888 -0.359601 0.119512
v 1.792324 -0.350291 0.119102
v 1.791820 -0.340569 0.118676
v 1.791387 -0.330599 0.118242
v 1.791036 -0.320539 0.117807
v 1.790776 -0.310552 0.117377
v 1.790618 -0.300799 0.116961
v 1.790571 -0.291343 0.116559
v 1.790958 0.027217 0.103103
v 1.773540 0.036925 0.102192
v 1.802164 0.021729 0.103658
v 1.831891 0.006674 0.105150
v 1.862623 -0.008185 0.106662
v 1.894263 -0.022794 0.108190
v 1.926710 -0.037095 0.109729
v 1.959866 -0.051032 0.111272
v 1.993631 -0.064549 0.112815
v 2.027904 -0.077588 0.114353
v 2.062587 -0.090092 0.115879
v 2.097580 -0.102001 0.117390
v 2.156714 -0.120911 0.119891
v 2.225128 0.012117 0.116236
v 2.147588 0.034235 0.113069
v 2.106416 0.047097 0.111341
v 2.066214 0.060744 0.109607
v 2.027060 0.075095 0.107874
v 1.989034 0.090071 0.106146
v 1.952217 0.105590 0.104431
v 1.916687 0.121571 0.102733
v 1.882526 0.137932 0.101058
v 1.849814 0.154589 0.099412
v 1.818634 0.171459 0.097802
v 1.789066 0.188457 0.096232
v 1.761137 0.205531 0.094707
v 2.812747 0.202123 0.125113
v 2.812875 0.306874 0.120689
v 2.812961 0.314315 0.120376
v 2.813195 0.322314 0.120045
v 2.813571 0.330837 0.119696
v 2.814079 0.339686 0.119336
v 2.814708 0.348671 0.118974
v 2.815446 0.357605 0.118618
v 2.816279 0.366300 0.118274
v 2.817194 0.374561 0.117951
v 2.818170 0.382183 0.117657
v 2.819181 0.388934 0.117401
v 2.820181 0.394525 0.117193
v 2.829346 0.435914 0.115707
v 2.658816 0.435914 0.110800
v 2.664013 0.396716 0.112607
v 2.664680 0.390624 0.112883
v 2.665349 0.383470 0.113205
v 2.665998 0.375498 0.113561
v 2.666611 0.366921 0.113941
v 2.667176 0.357936 0.114337
v 2.667681 0.348731 0.114741
v 2.668114 0.339495 0.115144
v 2.668466 0.330415 0.115538
v 2.668726 0.321680 0.115914
v 2.668884 0.313488 0.116265
v 2.668933 0.305915 0.116587
v 2.668807 0.202123 0.120971
v 2.432977 0.202123 0.114185
v 2.424850 0.202162 0.113949
v 2.416657 0.202275 0.113709
v 2.408423 0.202456 0.113464
v 2.400250 0.202698 0.113219
v 2.392239 0.202994 0.112975
v 2.384490 0.203337 0.112738
v 2.377107 0.203720 0.112509
v 2.370194 0.204133 0.112293
v 2.363863 0.204570 0.112092
v 2.358235 0.205018 0.111911
v 2.353453 0.205465 0.111755
v 2.315962 0.209673 0.110498
v 2.315778 0.057888 0.116910
v 2.353063 0.061855 0.117815
v 2.357846 0.062241 0.117936
v 2.363626 0.062609 0.118087
v 2.370196 0.062946 0.118262
v 2.377391 0.063248 0.118456
v 2.385065 0.063511 0.118666
v 2.393080 0.063735 0.118887
v 2.401306 0.063919 0.119116
v 2.409612 0.064062 0.119349
v 2.417871 0.064164 0.119582
v 2.425955 0.064225 0.119812
v 2.433776 0.064246 0.120036
v 2.669504 0.064246 0.126820
v 2.670223 0.038621 0.127924
v 2.675198 -0.014831 0.130327
v 2.683836 -0.066209 0.132747
v 2.696383 -0.115522 0.135193
v 2.713075 -0.162750 0.137670
v 2.734124 -0.207845 0.140182
v 2.759708 -0.250743 0.142732
v 2.789965 -0.291386 0.145321
v 2.825003 -0.329738 0.147950
v 2.864918 -0.365801 0.150624
v 2.909811 -0.399616 0.153345
v 2.976267 -0.441668 0.157035
v 3.109263 -0.342910 0.156688
v 3.023044 -0.297955 0.152306
v 2.984727 -0.273515 0.150170
v 2.950715 -0.246974 0.148069
v 2.920828 -0.218340 0.145999
v 2.894878 -0.187579 0.143951
v 2.872690 -0.154625 0.141920
v 2.854114 -0.119381 0.139895
v 2.839041 -0.081743 0.137870
v 2.827397 -0.041615 0.135839
v 2.819135 0.001070 0.133797
v 2.814224 0.046354 0.131741
v 2.813630 0.064246 0.130967
v 3.075437 0.064246 0.138501
v 3.084573 0.064225 0.138765
v 3.093616 0.064164 0.139028
v 3.102542 0.064061 0.139289
v 3.111294 0.063918 0.139547
v 3.119812 0.063734 0.139800
v 3.128037 0.063510 0.140046
v 3.135907 0.063246 0.140284
v 3.143358 0.062944 0.140511
v 3.150326 0.062603 0.140726
v 3.156738 0.062226 0.140926
v 3.162515 0.061818 0.141110
v 3.200413 0.058561 0.142338
v 3.200597 0.210037 0.135940
v 3.162324 0.206478 0.134989
v 3.156292 0.205945 0.134838
v 3.149733 0.205398 0.134672
v 3.142710 0.204852 0.134493
v 3.135288 0.204320 0.134302
v 3.127531 0.203815 0.134100
v 3.119503 0.203352 0.133889
v 3.111272 0.202944 0.133669
v 3.102903 0.202604 0.133443
v 3.094463 0.202345 0.133211
v 3.086021 0.202181 0.132975
v 3.077535 0.202123 0.132733
v 2.812747 0.202123 0.125113
v 2.817921 0.194523 -0.054652
v 2.812875 0.306874 0.120689
v 2.818048 0.299274 -0.059076
v 2.812961 0.314315 0.120376
v 2.818134 0.306716 -0.059389
v 2.813195 0.322314 0.120045
v 2.818368 0.314715 -0.059720
v 2.813571 0.330837 0.119696
v 2.818744 0.323238 -0.060070
v 2.814079 0.339686 0.119336
v 2.819252 0.332086 -0.060429
v 2.814708 0.348671 0.118974
v 2.819881 0.341071 -0.060791
v 2.815446 0.357605 0.118618
v 2.820619 0.350005 -0.061147
v 2.816279 0.366300 0.118274
v 2.821452 0.358700 -0.061491
v 2.817194 0.374561 0.117951
v 2.822367 0.366962 -0.061814
v 2.818170 0.382183 0.117657
v 2.823343 0.374584 -0.062108
v 2.819181 0.388934 0.117401
v 2.824354 0.381334 -0.062364
v 2.820181 0.394525 0.117193
v 2.825355 0.386925 -0.062572
v 2.829346 0.435914 0.115707
v 2.834519 0.428315 -0.064058
v 2.658816 0.435914 0.110800
v 2.663990 0.428315 -0.068965
v 2.664013 0.396716 0.112607
v 2.669187 0.389116 -0.067158
v 2.664680 0.390624 0.112883
v 2.669853 0.383024 -0.066882
v 2.665349 0.383470 0.113205
v 2.670522 0.375870 -0.066560
v 2.665998 0.375498 0.113561
v 2.671171 0.367898 -0.066204
v 2.666611 0.366921 0.113941
v 2.671784 0.359321 -0.065824
v 2.667176 0.357936 0.114337
v 2.672349 0.350336 -0.065428
v 2.667681 0.348731 0.114741
v 2.672854 0.341132 -0.065024
v 2.668114 0.339495 0.115144
v 2.673288 0.331895 -0.064621
v 2.668466 0.330415 0.115538
v 2.673640 0.322815 -0.064227
v 2.668726 0.321680 0.115914
v 2.673899 0.314080 -0.063851
v 2.668884 0.313488 0.116265
v 2.674057 0.305888 -0.063500
v 2.668933 0.305915 0.116587
v 2.674106 0.298315 -0.063178
v 2.668807 0.202123 0.120971
v 2.673980 0.194523 -0.058794
v 2.432977 0.202123 0.114185
v 2.438151 0.194523 -0.065580
v 2.424850 0.202162 0.113949
v 2.430023 0.194563 -0.065816
v 2.416657 0.202275 0.113709
v 2.421830 0.194676 -0.066057
v 2.408423 0.202456 0.113464
v 2.413596 0.194857 -0.066301
v 2.400250 0.202698 0.113219
v 2.405423 0.195099 -0.066547
v 2.392239 0.202994 0.112975
v 2.397412 0.195395 -0.066790
v 2.384490 0.203337 0.112738
v 2.389664 0.195738 -0.067027
v 2.377107 0.203720 0.112509
v 2.382280 0.196120 -0.067256
v 2.370194 0.204133 0.112293
v 2.375368 0.196534 -0.067472
v 2.363863 0.204570 0.112092
v 2.369037 0.196970 -0.067673
v 2.358235 0.205018 0.111911
v 2.363408 0.197419 -0.067854
v 2.353453 0.205465 0.111755
v 2.358627 0.197865 -0.068010
v 2.315962 0.209673 0.110498
v 2.321136 0.202073 -0.069267
v 2.315778 0.057888 0.116910
v 2.320951 0.050288 -0.062856
v 2.353063 0.061855 0.117815
v 2.358236 0.054256 -0.061950
v 2.357846 0.062241 0.117936
v 2.363019 0.054642 -0.061829
v 2.363626 0.062609 0.118087
v 2.368799 0.055009 -0.061678
v 2.370196 0.062946 0.118262
v 2.375369 0.055346 -0.061503
v 2.377391 0.063248 0.118456
v 2.382564 0.055648 -0.061309
v 2.385065 0.063511 0.118666
v 2.390238 0.055911 -0.061099
v 2.393080 0.063735 0.118887
v 2.398254 0.056135 -0.060878
v 2.401306 0.063919 0.119116
v 2.406479 0.056319 -0.060649
v 2.409612 0.064062 0.119349
v 2.414786 0.056462 -0.060416
v 2.417871 0.064164 0.119582
v 2.423044 0.056564 -0.060183
v 2.425955 0.064225 0.119812
v 2.431128 0.056626 -0.059953
v 2.433776 0.064246 0.120036
v 2.438949 0.056646 -0.059729
v 2.669504 0.064246 0.126820
v 2.674677 0.056646 -0.052945
v 2.670223 0.038621 0.127924
v 2.675396 0.031021 -0.051841
v 2.675198 -0.014831 0.130327
v 2.680371 -0.022431 -0.049438
v 2.683836 -0.066209 0.132747
v 2.689009 -0.073809 -0.047018
v 2.696383 -0.115522 0.135193
v 2.701556 -0.123122 -0.044572
v 2.713075 -0.162750 0.137670
v 2.718248 -0.170349 -0.042095
v 2.734124 -0.207845 0.140182
v 2.739298 -0.215444 -0.039583
v 2.759708 -0.250743 0.142732
v 2.764881 -0.258343 -0.037033
v 2.789965 -0.291386 0.145321
v 2.795138 -0.298985 -0.034444
v 2.825003 -0.329738 0.147950
v 2.830176 -0.337337 -0.031815
v 2.864918 -0.365801 0.150624
v 2.870091 -0.373401 -0.029141
v 2.909811 -0.399616 0.153345
v 2.914985 -0.407216 -0.026420
v 2.976267 -0.441668 0.157035
v 2.981441 -0.449268 -0.022730
v 3.109263 -0.342910 0.156688
v 3.114437 -0.350510 -0.023078
v 3.023044 -0.297955 0.152306
v 3.028218 -0.305555 -0.027459
v 2.984727 -0.273515 0.150170
v 2.989901 -0.281114 -0.029595
v 2.950715 -0.246974 0.148069
v 2.955889 -0.254574 -0.031696
v 2.920828 -0.218340 0.145999
v 2.926001 -0.225939 -0.033766
v 2.894878 -0.187579 0.143951
v 2.900051 -0.195179 -0.035814
v 2.872690 -0.154625 0.141920
v 2.877863 -0.162225 -0.037845
v 2.854114 -0.119381 0.139895
v 2.859288 -0.126981 -0.039870
v 2.839041 -0.081743 0.137870
v 2.844214 -0.089342 -0.041895
v 2.827397 -0.041615 0.135839
v 2.832570 -0.049215 -0.043926
v 2.819135 0.001070 0.133797
v 2.824308 -0.006530 -0.045968
v 2.814224 0.046354 0.131741
v 2.819397 0.038754 -0.048024
v 2.813630 0.064246 0.130967
v 2.818803 0.056646 -0.048798
v 3.075437 0.064246 0.138501
v 3.080611 0.056646 -0.041264
v 3.084573 0.064225 0.138765
v 3.089746 0.056626 -0.041000
v 3.093616 0.064164 0.139028
v 3.098789 0.056564 -0.040737
v 3.102542 0.064061 0.139289
v 3.107715 0.056462 -0.040476
v 3.111294 0.063918 0.139547
v 3.116467 0.056319 -0.040218
v 3.119812 0.063734 0.139800
v 3.124986 0.056135 -0.039965
v 3.128037 0.063510 0.140046
v 3.133210 0.055911 -0.039719
v 3.135907 0.063246 0.140284
v 3.141080 0.055647 -0.039481
v 3.143358 0.062944 0.140511
v 3.148532 0.055344 -0.039254
v 3.150326 0.062603 0.140726
v 3.155499 0.055003 -0.039039
v 3.156738 0.062226 0.140926
v 3.161911 0.054627 -0.038839
v 3.162515 0.061818 0.141110
v 3.167688 0.054218 -0.038655
v 3.200413 0.058561 0.142338
v 3.205586 0.050962 -0.037427
v 3.200597 0.210037 0.135940
v 3.205770 0.202437 -0.043825
v 3.162324 0.206478 0.134989
v 3.167497 0.198878 -0.044776
v 3.156292 0.205945 0.134838
v 3.161466 0.198345 -0.044927
v 3.149733 0.205398 0.134672
v 3.154906 0.197798 -0.045093
v 3.142710 0.204852 0.134493
v 3.147883 0.197252 -0.045272
v 3.135288 0.204320 0.134302
v 3.140461 0.196720 -0.045463
v 3.127531 0.203815 0.134100
v 3.132704 0.196215 -0.045665
v 3.119503 0.203352 0.133889
v 3.124677 0.195752 -0.045876
v 3.111272 0.202944 0.133669
v 3.116445 0.195344 -0.046096
v 3.102903 0.202604 0.133443
v 3.108076 0.195004 -0.046322
v 3.094463 0.202345 0.133211
v 3.099636 0.194746 -0.046554
v 3.086021 0.202181 0.132975
v 3.091194 0.194581 -0.046790
v 3.077535 0.202123 0.132733
v 3.082708 0.194523 -0.047032
v 1.735907 0.221796 0.093293
v 1.741081 0.214197 -0.086472
v 1.710952 0.238854 0.091854
v 1.716125 0.231254 -0.087911
v 1.686319 0.256645 0.090393
v 1.691492 0.249046 -0.089372
v 1.662108 0.275077 0.088917
v 1.667282 0.267477 -0.090848
v 1.638422 0.294055 0.087433
v 1.643595 0.286455 -0.092332
v 1.615359 0.313483 0.085948
v 1.620533 0.305884 -0.093817
v 1.593020 0.333268 0.084469
v 1.598193 0.325668 -0.095296
v 1.571503 0.353311 0.083002
v 1.576677 0.345712 -0.096763
v 1.550909 0.373516 0.081556
v 1.556082 0.365916 -0.098209
v 1.531336 0.393782 0.080136
v 1.536510 0.386182 -0.099629
v 1.512885 0.414007 0.078750
v 1.518058 0.406408 -0.101015
v 1.475087 0.458058 0.075800
v 1.480260 0.450458 -0.103965
v 1.362475 0.354017 0.076957
v 1.367648 0.346418 -0.102808
v 1.403600 0.312106 0.079913
v 1.408773 0.304506 -0.099852
v 1.423967 0.292167 0.081342
v 1.429140 0.284567 -0.098423
v 1.444955 0.272406 0.082781
v 1.450129 0.264807 -0.096984
v 1.466545 0.252841 0.084229
v 1.471718 0.245241 -0.095536
v 1.488714 0.233485 0.085686
v 1.493888 0.225886 -0.094079
v 1.511444 0.214357 0.087148
v 1.516618 0.206757 -0.092617
v 1.534715 0.195470 0.088617
v 1.539888 0.187871 -0.091149
v 1.558506 0.176843 0.090089
v 1.563679 0.169243 -0.089676
v 1.582796 0.158490 0.091563
v 1.587969 0.150890 -0.088202
v 1.607566 0.140429 0.093040
v 1.612739 0.132829 -0.086725
v 1.632796 0.122676 0.094516
v 1.637969 0.115076 -0.085249
v 1.645124 0.114306 0.095225
v 1.650297 0.106706 -0.084540
v 1.644631 -0.291373 0.112361
v 1.649804 -0.298972 -0.067404
v 1.644579 -0.300883 0.112762
v 1.649752 -0.308483 -0.067004
v 1.644445 -0.310658 0.113171
v 1.649618 -0.318257 -0.066594
v 1.644229 -0.320615 0.113586
v 1.649403 -0.328215 -0.066179
v 1.643933 -0.330606 0.113999
v 1.649106 -0.338206 -0.065766
v 1.643556 -0.340482 0.114406
v 1.648729 -0.348082 -0.065359
v 1.643100 -0.350091 0.114799
v 1.648273 -0.357691 -0.064966
v 1.642566 -0.359279 0.115172
v 1.647740 -0.366878 -0.064593
v 1.641960 -0.367882 0.115519
v 1.647133 -0.375482 -0.064247
v 1.641286 -0.375726 0.115831
v 1.646460 -0.383326 -0.063934
v 1.640559 -0.382609 0.116101
v 1.645732 -0.390208 -0.063664
v 1.639807 -0.388272 0.116319
v 1.644980 -0.395872 -0.063447
v 1.632879 -0.428315 0.117812
v 1.638052 -0.435914 -0.061953
v 1.800868 -0.428315 0.122646
v 1.806041 -0.435914 -0.057119
v 1.795467 -0.389220 0.120838
v 1.800641 -0.396820 -0.058927
v 1.794810 -0.383355 0.120571
v 1.799983 -0.390955 -0.059194
v 1.794146 -0.376316 0.120255
v 1.799319 -0.383916 -0.059511
v 1.793499 -0.368334 0.119898
v 1.798673 -0.375934 -0.059867
v 1.792888 -0.359601 0.119512
v 1.798061 -0.367200 -0.060253
v 1.792324 -0.350291 0.119102
v 1.797497 -0.357890 -0.060663
v 1.791820 -0.340569 0.118676
v 1.796993 -0.348169 -0.061089
v 1.791387 -0.330599 0.118242
v 1.796560 -0.338198 -0.061523
v 1.791036 -0.320539 0.117807
v 1.796209 -0.328139 -0.061958
v 1.790776 -0.310552 0.117377
v 1.795949 -0.318151 -0.062388
v 1.790618 -0.300799 0.116961
v 1.795791 -0.308398 -0.062805
v 1.790571 -0.291343 0.116559
v 1.795744 -0.298943 -0.063206
v 1.790958 0.027217 0.103103
v 1.796131 0.019617 -0.076662
v 1.773540 0.036925 0.102192
v 1.778713 0.029326 -0.077573
v 1.802164 0.021729 0.103658
v 1.807337 0.014129 -0.076107
v 1.831891 0.006674 0.105150
v 1.837064 -0.000926 -0.074615
v 1.862623 -0.008185 0.106662
v 1.867796 -0.015785 -0.073103
v 1.894263 -0.022794 0.108190
v 1.899436 -0.030393 -0.071575
v 1.926710 -0.037095 0.109729
v 1.931883 -0.044694 -0.070036
v 1.959866 -0.051032 0.111272
v 1.965039 -0.058632 -0.068493
v 1.993631 -0.064549 0.112815
v 1.998804 -0.072149 -0.066950
v 2.027904 -0.077588 0.114353
v 2.033077 -0.085188 -0.065412
v 2.062587 -0.090092 0.115879
v 2.067760 -0.097691 -0.063886
v 2.097580 -0.102001 0.117390
v 2.102753 -0.109601 -0.062375
v 2.156714 -0.120911 0.119891
v 2.161887 -0.128510 -0.059874
v 2.225128 0.012117 0.116236
v 2.230301 0.004518 -0.063529
v 2.147588 0.034235 0.113069
v 2.152761 0.026635 -0.066696
v 2.106416 0.047097 0.111341
v 2.111589 0.039497 -0.068424
v 2.066214 0.060744 0.109607
v 2.071387 0.053144 -0.070158
v 2.027060 0.075095 0.107874
v 2.032233 0.067496 -0.071891
v 1.989034 0.090071 0.106146
v 1.994208 0.082471 -0.073619
v 1.952217 0.105590 0.104431
v 1.957390 0.097991 -0.075334
v 1.916687 0.121571 0.102733
v 1.921860 0.113972 -0.077032
v 1.882526 0.137932 0.101058
v 1.887699 0.130332 -0.078707
v 1.849814 0.154589 0.099412
v 1.854988 0.146990 -0.080353
v 1.818634 0.171459 0.097802
v 1.823807 0.163860 -0.081963
v 1.789066 0.188457 0.096232
v 1.794240 0.180857 -0.083533
v 1.761137 0.205531 0.094707
v 1.766311 0.197931 -0.085058
v 0.475230 0.223235 0.056954
v 0.480403 0.215636 -0.122811
v 0.485715 0.199393 0.058264
v 0.490888 0.191794 -0.121502
v 0.497256 0.174714 0.059639
v 0.502429 0.167114 -0.120126
v 0.509787 0.149378 0.061071
v 0.514960 0.141779 -0.118694
v 0.523240 0.123573 0.062549
v 0.528413 0.115973 -0.117216
v 0.537550 0.097486 0.064063
v 0.542723 0.089887 -0.115702
v 0.552651 0.071309 0.065605
v 0.557824 0.063710 -0.114161
v 0.568477 0.045233 0.067162
v 0.573650 0.037633 -0.112603
v 0.584964 0.019448 0.068727
v 0.590137 0.011849 -0.111038
v 0.602051 -0.005853 0.070288
v 0.607224 -0.013453 -0.109477
v 0.619678 -0.030481 0.071837
v 0.624851 -0.038081 -0.107928
v 0.620518 -0.031583 0.071907
v 0.625691 -0.039183 -0.107858
v 0.614810 -0.036578 0.071954
v 0.619983 -0.044178 -0.107811
v 0.587373 -0.061557 0.072221
v 0.592546 -0.069157 -0.107544
v 0.559797 -0.087528 0.072525
v 0.564970 -0.095128 -0.107240
v 0.532326 -0.114187 0.072862
v 0.537499 -0.121786 -0.106904
v 0.505203 -0.141226 0.073224
v 0.510376 -0.148825 -0.106541
v 0.478678 -0.168337 0.073607
v 0.483851 -0.175936 -0.106158
v 0.452998 -0.195212 0.074004
v 0.458171 -0.202812 -0.105761
v 0.428413 -0.221544 0.074410
v 0.433586 -0.229143 -0.105355
v 0.405172 -0.247025 0.074818
v 0.410345 -0.254625 -0.104947
v 0.383522 -0.271353 0.075224
v 0.388695 -0.278953 -0.104541
v 0.363706 -0.294229 0.075620
v 0.368880 -0.301829 -0.104145
v 0.327072 -0.337867 0.076411
v 0.332245 -0.345466 -0.103354
v 0.443444 -0.437671 0.083979
v 0.448618 -0.445270 -0.095786
v 0.480138 -0.390060 0.083022
v 0.485311 -0.397660 -0.096743
v 0.498837 -0.366719 0.082574
v 0.504010 -0.374319 -0.097191
v 0.518885 -0.342546 0.082129
v 0.524058 -0.350145 -0.097636
v 0.540124 -0.317741 0.081691
v 0.545297 -0.325341 -0.098074
v 0.562397 -0.292502 0.081265
v 0.567570 -0.300102 -0.098500
v 0.585549 -0.267025 0.080854
v 0.590722 -0.274624 -0.098911
v 0.609424 -0.241502 0.080462
v 0.614597 -0.249102 -0.099303
v 0.633866 -0.216129 0.080093
v 0.639040 -0.223728 -0.099672
v 0.658721 -0.191097 0.079750
v 0.663894 -0.198696 -0.100015
v 0.683831 -0.166599 0.079437
v 0.689004 -0.174199 -0.100328
v 0.709038 -0.142830 0.079158
v 0.714211 -0.150430 -0.100607
v 0.712729 -0.139476 0.079122
v 0.717902 -0.147076 -0.100643
v 0.720083 -0.147186 0.079660
v 0.725256 -0.154786 -0.100105
v 0.749035 -0.176001 0.081711
v 0.754208 -0.183601 -0.098054
v 0.779085 -0.204348 0.083774
v 0.784258 -0.211947 -0.095991
v 0.810184 -0.232095 0.085842
v 0.815357 -0.239695 -0.093923
v 0.842286 -0.259113 0.087908
v 0.847460 -0.266712 -0.091857
v 0.875347 -0.285269 0.089965
v 0.880521 -0.292869 -0.089800
v 0.909322 -0.310433 0.092007
v 0.914495 -0.318033 -0.087758
v 0.944164 -0.334471 0.094026
v 0.949337 -0.342071 -0.085739
v 0.979831 -0.357250 0.096015
v 0.985004 -0.364849 -0.083750
v 1.016279 -0.378633 0.097968
v 1.021453 -0.386233 -0.081797
v 1.053465 -0.398486 0.099877
v 1.058638 -0.406085 -0.079888
v 1.110340 -0.425786 0.102668
v 1.115513 -0.433385 -0.077097
v 1.219506 -0.311703 0.100987
v 1.224679 -0.319302 -0.078779
v 1.140270 -0.278227 0.097291
v 1.145443 -0.285827 -0.082474
v 1.102319 -0.259874 0.095423
v 1.107492 -0.267474 -0.084342
v 1.065010 -0.239617 0.093493
v 1.070183 -0.247217 -0.086272
v 1.028470 -0.217658 0.091513
v 1.033643 -0.225258 -0.088252
v 0.992824 -0.194201 0.089496
v 0.997997 -0.201801 -0.090269
v 0.958198 -0.169454 0.087453
v 0.963371 -0.177053 -0.092312
v 0.924715 -0.143624 0.085398
v 0.929888 -0.151223 -0.094367
v 0.892496 -0.116923 0.083342
v 0.897669 -0.124522 -0.096423
v 0.861663 -0.089562 0.081298
v 0.866836 -0.097162 -0.098467
v 0.832337 -0.061757 0.079278
v 0.837510 -0.069356 -0.100487
v 0.804639 -0.033722 0.077296
v 0.809812 -0.041321 -0.102469
v 0.778775 -0.005769 0.075370
v 0.783948 -0.013369 -0.104395
v 0.762464 0.013414 0.074090
v 0.767637 0.005814 -0.105675
v 0.745993 0.034151 0.072739
v 0.751166 0.026552 -0.107026
v 0.729618 0.056108 0.071340
v 0.734791 0.048509 -0.108425
v 0.713544 0.078999 0.069909
v 0.718717 0.071399 -0.109856
v 0.697973 0.102537 0.068466
v 0.703146 0.094938 -0.111299
v 0.683102 0.126438 0.067028
v 0.688276 0.118838 -0.112737
v 0.669129 0.150413 0.065612
v 0.674302 0.142814 -0.114153
v 0.656248 0.174169 0.064237
v 0.661421 0.166569 -0.115528
v 0.644652 0.197403 0.062921
v 0.649825 0.189803 -0.116844
v 0.634535 0.219797 0.061684
v 0.639708 0.212198 -0.118081
v 0.626087 0.241011 0.060544
v 0.631260 0.233411 -0.119221
v 0.632434 0.222105 0.061526
v 0.637607 0.214505 -0.118240
v 0.605253 0.222105 0.060743
v 0.610426 0.214505 -0.119022
v 0.629634 0.222105 0.061445
v 0.634807 0.214505 -0.118320
v 0.661865 0.222105 0.062372
v 0.667038 0.214505 -0.117393
v 0.699980 0.222105 0.063469
v 0.705153 0.214505 -0.116296
v 0.742009 0.222105 0.064679
v 0.747182 0.214505 -0.115086
v 0.785986 0.222105 0.065944
v 0.791159 0.214505 -0.113821
v 0.829942 0.222105 0.067209
v 0.835115 0.214505 -0.112556
v 0.871908 0.222105 0.068417
v 0.877082 0.214505 -0.111348
v 0.909919 0.222105 0.069511
v 0.915092 0.214505 -0.110254
v 0.942005 0.222105 0.070434
v 0.947178 0.214505 -0.109331
v 0.966198 0.222105 0.071130
v 0.971371 0.214505 -0.108635
v 0.980400 0.222105 0.071539
v 0.985573 0.214505 -0.108226
v 0.989185 0.222029 0.071795
v 0.994358 0.214429 -0.107970
v 0.998549 0.221816 0.072073
v 1.003722 0.214216 -0.107692
v 1.008384 0.221486 0.072370
v 1.013558 0.213886 -0.107395
v 1.018443 0.221063 0.072678
v 1.023616 0.213463 -0.107087
v 1.028486 0.220570 0.072988
v 1.033659 0.212970 -0.106777
v 1.038280 0.220031 0.073292
v 1.043453 0.212432 -0.106473
v 1.047594 0.219472 0.073584
v 1.052767 0.211872 -0.106181
v 1.056199 0.218915 0.073855
v 1.061372 0.211316 -0.105910
v 1.063864 0.218387 0.074098
v 1.069037 0.210787 -0.105667
v 1.070354 0.217912 0.074305
v 1.075528 0.210312 -0.105460
v 1.075418 0.217517 0.074467
v 1.080591 0.209917 -0.105298
v 1.111467 0.214454 0.075634
v 1.116640 0.206855 -0.104131
v 1.111658 0.371906 0.068983
v 1.116831 0.364307 -0.110782
v 1.073954 0.367250 0.068095
v 1.079128 0.359651 -0.111670
v 1.068561 0.366702 0.067963
v 1.073734 0.359102 -0.111802
v 1.061673 0.366089 0.067791
v 1.066846 0.358489 -0.111974
v 1.053643 0.365445 0.067587
v 1.058817 0.357846 -0.112178
v 1.044759 0.364798 0.067359
v 1.049932 0.357198 -0.112406
v 1.035287 0.364169 0.067113
v 1.040460 0.356569 -0.112652
v 1.025484 0.363580 0.066855
v 1.030658 0.355981 -0.112910
v 1.015610 0.363054 0.066594
v 1.020783 0.355454 -0.113171
v 1.005923 0.362611 0.066334
v 1.011096 0.355011 -0.113432
v 0.996689 0.362271 0.066082
v 1.001862 0.354672 -0.113683
v 0.988190 0.362056 0.065847
v 0.993363 0.354457 -0.113918
v 0.980551 0.361980 0.065630
v 0.985724 0.354381 -0.114135
v 0.965416 0.361980 0.065195
v 0.970589 0.354381 -0.114571
v 0.940805 0.361980 0.064486
v 0.945978 0.354381 -0.115279
v 0.908746 0.361980 0.063564
v 0.913919 0.354381 -0.116201
v 0.871116 0.361980 0.062481
v 0.876289 0.354381 -0.117284
v 0.829793 0.361980 0.061292
v 0.834967 0.354381 -0.118473
v 0.786656 0.361980 0.060050
v 0.791829 0.354381 -0.119715
v 0.743580 0.361980 0.058811
v 0.748753 0.354381 -0.120954
v 0.702445 0.361980 0.057627
v 0.707618 0.354381 -0.122138
v 0.665128 0.361980 0.056553
v 0.670301 0.354381 -0.123212
v 0.633506 0.361980 0.055643
v 0.638679 0.354381 -0.124122
v 0.609457 0.361980 0.054951
v 0.614631 0.354381 -0.124814
v 0.594975 0.361980 0.054534
v 0.600148 0.354381 -0.125231
v 0.587228 0.362039 0.054309
v 0.592401 0.354440 -0.125456
v 0.579920 0.362211 0.054091
v 0.585093 0.354612 -0.125674
v 0.572952 0.362492 0.053879
v 0.578125 0.354892 -0.125886
v 0.566341 0.362875 0.053673
v 0.571514 0.355276 -0.126093
v 0.560104 0.363356 0.053473
v 0.565277 0.355757 -0.126292
v 0.554260 0.363928 0.053280
v 0.559433 0.356329 -0.126485
v 0.548829 0.364582 0.053096
v 0.554002 0.356983 -0.126669
v 0.543836 0.365309 0.052922
v 0.549009 0.357709 -0.126843
v 0.539308 0.366095 0.052758
v 0.544481 0.358495 -0.127007
v 0.535277 0.366924 0.052607
v 0.540450 0.359325 -0.127158
v 0.531784 0.367773 0.052471
v 0.536957 0.360173 -0.127294
v 0.513675 0.372971 0.051730
v 0.518849 0.365372 -0.128035
v 0.427507 0.307170 0.052032
v 0.432680 0.299571 -0.127733
v 0.445843 0.281623 0.053640
v 0.451016 0.274023 -0.126125
v 0.447300 0.279462 0.053773
v 0.452473 0.271862 -0.125992
v 0.449068 0.276719 0.053940
v 0.454241 0.269119 -0.125825
v 0.451040 0.273543 0.054131
v 0.456213 0.265944 -0.125634
v 0.453140 0.270052 0.054339
v 0.458313 0.262453 -0.125426
v 0.455301 0.266348 0.054558
v 0.460474 0.258748 -0.125207
v 0.457464 0.262528 0.054782
v 0.462637 0.254928 -0.124984
v 0.459568 0.258687 0.055004
v 0.464741 0.251088 -0.124761
v 0.461555 0.254928 0.055221
v 0.466728 0.247328 -0.124545
v 0.463363 0.251356 0.055424
v 0.468536 0.243756 -0.124341
v 0.464927 0.248097 0.055606
v 0.470100 0.240498 -0.124159
v 0.466204 0.245242 0.055764
v 0.471377 0.237642 -0.124001
v -0.584484 0.293440 0.023491
v -0.579311 0.285840 -0.156275
v -0.589034 0.294388 0.023320
v -0.583861 0.286789 -0.156446
v -0.593402 0.295929 0.023129
v -0.588229 0.288330 -0.156636
v -0.597554 0.298035 0.022920
v -0.592381 0.290436 -0.156845
v -0.601430 0.300671 0.022697
v -0.596256 0.293072 -0.157068
v -0.604959 0.303787 0.022464
v -0.599786 0.296187 -0.157301
v -0.608072 0.307319 0.022225
v -0.602899 0.299719 -0.157540
v -0.610705 0.311196 0.021985
v -0.605531 0.303596 -0.157780
v -0.612807 0.315348 0.021749
v -0.607634 0.307748 -0.158016
v -0.614343 0.319716 0.021520
v -0.609170 0.312116 -0.158245
v -0.615286 0.324265 0.021301
v -0.610113 0.316666 -0.158464
v -0.615610 0.329036 0.021090
v -0.610437 0.321436 -0.158675
v -0.615265 0.334075 0.020887
v -0.610091 0.326476 -0.158878
v -0.614280 0.338874 0.020712
v -0.609107 0.331275 -0.159053
v -0.612700 0.343422 0.020566
v -0.607527 0.335823 -0.159199
v -0.610561 0.347694 0.020447
v -0.605388 0.340095 -0.159319
v -0.607907 0.351645 0.020356
v -0.602734 0.344045 -0.159409
v -0.604787 0.355216 0.020295
v -0.599614 0.347616 -0.159470
v -0.601263 0.358348 0.020264
v -0.596090 0.350749 -0.159501
v -0.597403 0.360988 0.020263
v -0.592230 0.353389 -0.159502
v -0.593273 0.363093 0.020293
v -0.588100 0.355493 -0.159472
v -0.588924 0.364631 0.020353
v -0.583751 0.357032 -0.159412
v -0.584388 0.365578 0.020444
v -0.579215 0.357979 -0.159321
v -0.579625 0.365907 0.020567
v -0.574452 0.358307 -0.159198
v -0.574629 0.365570 0.020725
v -0.569456 0.357971 -0.159040
v -0.569942 0.364607 0.020900
v -0.564769 0.357007 -0.158865
v -0.565555 0.363067 0.021092
v -0.560382 0.355468 -0.158673
v -0.561465 0.360987 0.021297
v -0.556292 0.353387 -0.158468
v -0.557691 0.358395 0.021516
v -0.552518 0.350795 -0.158249
v -0.554272 0.355324 0.021744
v -0.549099 0.347724 -0.158021
v -0.551253 0.351814 0.021979
v -0.546080 0.344215 -0.157786
v -0.548682 0.347908 0.022218
v -0.543509 0.340308 -0.157547
v -0.546605 0.343647 0.022458
v -0.541432 0.336048 -0.157307
v -0.545064 0.339067 0.022696
v -0.539891 0.331468 -0.157069
v -0.544104 0.334189 0.022930
v -0.538930 0.326590 -0.156835
v -0.543774 0.329035 0.023157
v -0.538601 0.321435 -0.156608
v -0.544107 0.324148 0.023354
v -0.538934 0.316549 -0.156411
v -0.545050 0.319520 0.023523
v -0.539877 0.311920 -0.156242
v -0.546569 0.315121 0.023665
v -0.541396 0.307521 -0.156100
v -0.548631 0.310982 0.023781
v -0.543458 0.303382 -0.155984
v -0.551198 0.307150 0.023869
v -0.546024 0.299550 -0.155896
v -0.554226 0.303679 0.023928
v -0.549053 0.296080 -0.155837
v -0.557666 0.300625 0.023959
v -0.552492 0.293026 -0.155807
v -0.561467 0.298037 0.023959
v -0.556294 0.290437 -0.155806
v -0.565589 0.295955 0.023928
v -0.560416 0.288355 -0.155837
v -0.570004 0.294413 0.023866
v -0.564831 0.286813 -0.155899
v -0.574709 0.293448 0.023771
v -0.569536 0.285849 -0.155994
v -0.579714 0.293111 0.023642
v -0.574541 0.285512 -0.156123
v -0.598659 0.470630 0.015592
v -0.593486 0.463030 -0.164173
v -0.617104 0.466773 0.015224
v -0.611931 0.459174 -0.164541
v -0.634615 0.460577 0.014982
v -0.629442 0.452977 -0.164783
v -0.650999 0.452236 0.014863
v -0.645826 0.444637 -0.164902
v -0.666088 0.441939 0.014864
v -0.660915 0.434340 -0.164901
v -0.679725 0.429860 0.014983
v -0.674552 0.422260 -0.164782
v -0.691754 0.416159 0.015216
v -0.686581 0.408559 -0.164549
v -0.702013 0.400991 0.015562
v -0.696840 0.393391 -0.164203
v -0.710328 0.384511 0.016019
v -0.705155 0.376911 -0.163746
v -0.716510 0.366887 0.016586
v -0.711337 0.359287 -0.163179
v -0.720366 0.348308 0.017261
v -0.715193 0.340708 -0.162504
v -0.721705 0.329008 0.018038
v -0.716532 0.321409 -0.161727
v -0.720412 0.309719 0.018891
v -0.715239 0.302119 -0.160874
v -0.716593 0.291169 0.019785
v -0.711420 0.283569 -0.159980
v -0.710434 0.273594 0.020705
v -0.705261 0.265995 -0.159060
v -0.702130 0.257187 0.021638
v -0.696957 0.249587 -0.158127
v -0.691872 0.242114 0.022570
v -0.686699 0.234515 -0.157195
v -0.679841 0.228530 0.023491
v -0.674668 0.220930 -0.156274
v -0.666206 0.216582 0.024388
v -0.661032 0.208982 -0.155377
v -0.651129 0.206424 0.025251
v -0.645955 0.198824 -0.154514
v -0.634772 0.198218 0.026069
v -0.629599 0.190618 -0.153696
v -0.617308 0.192137 0.026829
v -0.612135 0.184537 -0.152936
v -0.598929 0.188361 0.027517
v -0.593756 0.180761 -0.152248
v -0.579881 0.187068 0.028120
v -0.574707 0.179469 -0.151645
v -0.560633 0.188356 0.028619
v -0.555460 0.180757 -0.151146
v -0.542116 0.192123 0.028993
v -0.536943 0.184523 -0.150772
v -0.524545 0.198203 0.029242
v -0.519371 0.190603 -0.150523
v -0.508112 0.206423 0.029367
v -0.502939 0.198823 -0.150398
v -0.492993 0.216609 0.029371
v -0.487820 0.209009 -0.150394
v -0.479351 0.228593 0.029257
v -0.474178 0.220993 -0.150508
v -0.467345 0.242214 0.029027
v -0.462172 0.234614 -0.150738
v -0.457136 0.257313 0.028683
v -0.451963 0.249713 -0.151083
v -0.448892 0.273728 0.028226
v -0.443719 0.266128 -0.151539
v -0.442787 0.291284 0.027659
v -0.437614 0.283684 -0.152106
v -0.438997 0.309787 0.026986
v -0.433824 0.302187 -0.152779
v -0.437686 0.329008 0.026211
v -0.432513 0.321409 -0.153554
v -0.438949 0.348240 0.025362
v -0.433776 0.340640 -0.154403
v -0.442687 0.366772 0.024471
v -0.437513 0.359173 -0.155294
v -0.448729 0.384378 0.023553
v -0.443556 0.376778 -0.156212
v -0.456904 0.400865 0.022621
v -0.451731 0.393265 -0.157145
v -0.467041 0.416059 0.021686
v -0.461868 0.408460 -0.158079
v -0.478979 0.429796 0.020762
v -0.473805 0.422197 -0.159003
v -0.492563 0.441912 0.019859
v -0.487390 0.434313 -0.159906
v -0.507644 0.452237 0.018989
v -0.502471 0.444638 -0.160776
v -0.524064 0.460592 0.018163
v -0.518891 0.452992 -0.161602
v -0.541653 0.466788 0.017395
v -0.536480 0.459188 -0.162370
v -0.560217 0.470635 0.016698
v -0.555044 0.463035 -0.163067
v -0.579534 0.471953 0.016086
v -0.574361 0.464353 -0.163679
v -0.173182 0.307743 0.034722
v -0.168009 0.300143 -0.145043
v -0.163342 0.271535 0.036536
v -0.158169 0.263936 -0.143229
v -0.161759 0.265694 0.036828
v -0.156586 0.258094 -0.142937
v -0.160142 0.259689 0.037129
v -0.154969 0.252089 -0.142636
v -0.158513 0.253570 0.037434
v -0.153339 0.245970 -0.142331
v -0.156891 0.247384 0.037742
v -0.151718 0.239785 -0.142023
v -0.155299 0.241184 0.038050
v -0.150125 0.233584 -0.141715
v -0.153756 0.235021 0.038355
v -0.148583 0.227421 -0.141410
v -0.152284 0.228950 0.038654
v -0.147111 0.221350 -0.141111
v -0.150906 0.223027 0.038944
v -0.145733 0.215427 -0.140821
v -0.149642 0.217312 0.039222
v -0.144468 0.209712 -0.140543
v -0.148513 0.211869 0.039485
v -0.143340 0.204269 -0.140280
v -0.147388 0.205958 0.039767
v -0.142215 0.198358 -0.139998
v -0.143347 0.188167 0.040636
v -0.138173 0.180567 -0.139129
v -0.138578 0.167675 0.041639
v -0.133405 0.160076 -0.138126
v -0.133027 0.144488 0.042779
v -0.127854 0.136889 -0.136986
v -0.126740 0.119063 0.044035
v -0.121567 0.111463 -0.135730
v -0.119763 0.091854 0.045386
v -0.114590 0.084254 -0.134379
v -0.112143 0.063312 0.046812
v -0.106970 0.055712 -0.132953
v -0.103922 0.033887 0.048292
v -0.098749 0.026287 -0.131473
v -0.095144 0.004026 0.049807
v -0.089971 -0.003574 -0.129958
v -0.085848 -0.025830 0.051337
v -0.080675 -0.033430 -0.128428
v -0.076071 -0.055245 0.052862
v -0.070898 -0.062844 -0.126903
v -0.065841 -0.083792 0.054363
v -0.060668 -0.091392 -0.125402
v -0.055275 -0.110806 0.055809
v -0.050102 -0.118406 -0.123956
v -0.045501 -0.134505 0.057092
v -0.040328 -0.142105 -0.122673
v -0.035065 -0.158534 0.058408
v -0.029892 -0.166133 -0.121357
v -0.024024 -0.182764 0.059751
v -0.018851 -0.190363 -0.120015
v -0.012428 -0.207085 0.061112
v -0.007254 -0.214684 -0.118653
v -0.000324 -0.231386 0.062488
v 0.004849 -0.238986 -0.117277
v 0.012237 -0.255556 0.063871
v 0.017410 -0.263155 -0.115894
v 0.025208 -0.279482 0.065256
v 0.030381 -0.287082 -0.114509
v 0.038541 -0.303053 0.066636
v 0.043714 -0.310653 -0.113129
v 0.052190 -0.326157 0.068006
v 0.057363 -0.333757 -0.111759
v 0.066107 -0.348683 0.069359
v 0.071281 -0.356283 -0.110407
v 0.080251 -0.370521 0.070689
v 0.085424 -0.378121 -0.109076
v 0.108183 -0.411542 0.073227
v 0.113356 -0.419141 -0.106538
v 0.250818 -0.351191 0.074780
v 0.255992 -0.358791 -0.104985
v 0.213018 -0.299789 0.071519
v 0.218192 -0.307388 -0.108246
v 0.198241 -0.278499 0.070194
v 0.203414 -0.286099 -0.109571
v 0.183801 -0.256549 0.068850
v 0.188974 -0.264148 -0.110915
v 0.169758 -0.234095 0.067497
v 0.174931 -0.241694 -0.112268
v 0.156167 -0.211293 0.066142
v 0.161340 -0.218893 -0.113623
v 0.143085 -0.188301 0.064794
v 0.148258 -0.195900 -0.114972
v 0.130566 -0.165273 0.063460
v 0.135739 -0.172873 -0.116305
v 0.118662 -0.142368 0.062149
v 0.123835 -0.149967 -0.117616
v 0.107427 -0.119740 0.060869
v 0.112600 -0.127340 -0.118896
v 0.096914 -0.097549 0.059628
v 0.102087 -0.105148 -0.120137
v 0.087175 -0.075952 0.058435
v 0.092348 -0.083552 -0.121330
v 0.078280 -0.055154 0.057300
v 0.083453 -0.062754 -0.122465
v 0.067878 -0.029143 0.055901
v 0.073051 -0.036742 -0.123864
v 0.057596 -0.001383 0.054431
v 0.062769 -0.008982 -0.125334
v 0.047514 0.027884 0.052904
v 0.052687 0.020285 -0.126861
v 0.037741 0.058341 0.051335
v 0.042914 0.050742 -0.128430
v 0.028381 0.089675 0.049741
v 0.033555 0.082076 -0.130024
v 0.019537 0.121575 0.048138
v 0.024711 0.113976 -0.131627
v 0.011310 0.153731 0.046542
v 0.016483 0.146132 -0.133223
v 0.003799 0.185832 0.044969
v 0.008972 0.178232 -0.134796
v -0.002897 0.217564 0.043435
v 0.002276 0.209964 -0.136331
v -0.008681 0.248611 0.041956
v -0.003508 0.241011 -0.137809
v -0.013457 0.278649 0.040548
v -0.008284 0.271049 -0.139217
v -0.021332 0.340136 0.037722
v -0.016159 0.332537 -0.142043
v -0.391128 0.350407 0.026646
v -0.385955 0.342808 -0.153119
v -0.413754 0.308787 0.027755
v -0.408580 0.301187 -0.152010
v -0.425297 0.286680 0.028357
v -0.420124 0.279081 -0.151408
v -0.437479 0.262580 0.029026
v -0.432306 0.254980 -0.150740
v -0.450156 0.236798 0.029751
v -0.444983 0.229199 -0.150014
v -0.463179 0.209658 0.030523
v -0.458006 0.202058 -0.149242
v -0.476394 0.181487 0.031334
v -0.471221 0.173887 -0.148431
v -0.489646 0.152615 0.032173
v -0.484473 0.145015 -0.147592
v -0.502779 0.123374 0.033031
v -0.497606 0.115775 -0.146734
v -0.515635 0.094096 0.033899
v -0.510462 0.086497 -0.145866
v -0.528060 0.065112 0.034767
v -0.522887 0.057513 -0.144998
v -0.539896 0.036751 0.035625
v -0.534723 0.029151 -0.144140
v -0.550904 0.009547 0.036459
v -0.545731 0.001947 -0.143307
v -0.561463 -0.016371 0.037250
v -0.556290 -0.023971 -0.142515
v -0.572455 -0.044304 0.038115
v -0.567282 -0.051904 -0.141650
v -0.583657 -0.073629 0.039032
v -0.578484 -0.081228 -0.140733
v -0.594940 -0.103954 0.039990
v -0.589767 -0.111553 -0.139776
v -0.606174 -0.134885 0.040974
v -0.601001 -0.142485 -0.138791
v -0.617226 -0.166025 0.041972
v -0.612053 -0.173625 -0.137793
v -0.627963 -0.196977 0.042972
v -0.622790 -0.204577 -0.136793
v -0.638252 -0.227342 0.043959
v -0.633079 -0.234942 -0.135806
v -0.647961 -0.256725 0.044922
v -0.642788 -0.264325 -0.134843
v -0.656957 -0.284733 0.045847
v -0.651784 -0.292333 -0.133918
v -0.665110 -0.310979 0.046722
v -0.659936 -0.318578 -0.133043
v -0.680558 -0.362848 0.048471
v -0.675385 -0.370448 -0.131295
v -0.533461 -0.410775 0.054730
v -0.528288 -0.418374 -0.125035
v -0.518870 -0.353890 0.052745
v -0.513697 -0.361490 -0.127020
v -0.511503 -0.327052 0.051822
v -0.506330 -0.334651 -0.127943
v -0.503423 -0.299202 0.050877
v -0.498250 -0.306801 -0.128888
v -0.494719 -0.270567 0.049917
v -0.489546 -0.278166 -0.129848
v -0.485481 -0.241370 0.048949
v -0.480308 -0.248969 -0.130816
v -0.475796 -0.211831 0.047979
v -0.470623 -0.219431 -0.131786
v -0.465754 -0.182170 0.047014
v -0.460581 -0.189769 -0.132751
v -0.455443 -0.152603 0.046061
v -0.450270 -0.160203 -0.133705
v -0.444951 -0.123348 0.045126
v -0.439778 -0.130948 -0.134639
v -0.434369 -0.094622 0.044216
v -0.429196 -0.102221 -0.135549
v -0.423784 -0.066642 0.043338
v -0.418611 -0.074241 -0.136428
v -0.413266 -0.039575 0.042496
v -0.408093 -0.047174 -0.137269
v -0.402905 -0.013365 0.041686
v -0.397732 -0.020965 -0.138079
v -0.391818 0.013954 0.040850
v -0.386645 0.006355 -0.138915
v -0.380119 0.042078 0.039998
v -0.374946 0.034479 -0.139767
v -0.367943 0.070648 0.039141
v -0.362770 0.063048 -0.140625
v -0.355428 0.099303 0.038289
v -0.350255 0.091704 -0.141476
v -0.342709 0.127686 0.037455
v -0.337536 0.120086 -0.142310
v -0.329925 0.155435 0.036650
v -0.324752 0.147835 -0.143115
v -0.317216 0.182187 0.035885
v -0.312043 0.174587 -0.143880
v -0.304725 0.207572 0.035171
v -0.299552 0.199973 -0.144594
v -0.292602 0.231216 0.034521
v -0.287429 0.223616 -0.145244
v -0.281008 0.252725 0.033945
v -0.275835 0.245125 -0.145820
v -0.251630 0.303911 0.032626
v -0.246457 0.296312 -0.147139
v -1.533343 0.293177 -0.003804
v -1.528170 0.285577 -0.183569
v -1.533358 0.280803 -0.003281
v -1.528185 0.273203 -0.183046
v -1.533374 0.267221 -0.002707
v -1.528201 0.259621 -0.182472
v -1.533392 0.252744 -0.002096
v -1.528219 0.245145 -0.181861
v -1.533410 0.237685 -0.001460
v -1.528237 0.230085 -0.181225
v -1.533429 0.222355 -0.000812
v -1.528256 0.214755 -0.180577
v -1.533447 0.207066 -0.000166
v -1.528274 0.199467 -0.179931
v -1.533466 0.192132 0.000464
v -1.528292 0.184532 -0.179301
v -1.533483 0.177863 0.001067
v -1.528310 0.170264 -0.178698
v -1.533499 0.164573 0.001629
v -1.528326 0.156973 -0.178136
v -1.533514 0.152573 0.002135
v -1.528340 0.144974 -0.177630
v -1.533527 0.141994 0.002582
v -1.528353 0.134394 -0.177183
v -1.532898 0.084684 0.005023
v -1.527725 0.077084 -0.174742
v -1.530834 0.033132 0.007262
v -1.525661 0.025532 -0.172503
v -1.527294 -0.013120 0.009319
v -1.522121 -0.020720 -0.170446
v -1.522223 -0.054684 0.011222
v -1.517050 -0.062284 -0.168543
v -1.515557 -0.092154 0.012998
v -1.510383 -0.099754 -0.166767
v -1.507226 -0.126089 0.014672
v -1.502053 -0.133689 -0.165093
v -1.497175 -0.156996 0.016268
v -1.492001 -0.164596 -0.163497
v -1.485381 -0.185326 0.017805
v -1.480208 -0.192926 -0.161960
v -1.471882 -0.211500 0.019300
v -1.466709 -0.219099 -0.160465
v -1.456769 -0.235946 0.020769
v -1.451596 -0.243546 -0.158996
v -1.440157 -0.259147 0.022228
v -1.434984 -0.266746 -0.157538
v -1.421950 -0.281890 0.023713
v -1.416777 -0.289490 -0.156052
v -1.403708 -0.302128 0.025093
v -1.398535 -0.309728 -0.154672
v -1.384021 -0.320956 0.026456
v -1.378848 -0.328556 -0.153309
v -1.363366 -0.338209 0.027780
v -1.358193 -0.345809 -0.151985
v -1.341982 -0.353977 0.029062
v -1.336808 -0.361576 -0.150703
v -1.320095 -0.368348 0.030299
v -1.314922 -0.375947 -0.149466
v -1.297929 -0.381409 0.031489
v -1.292756 -0.389008 -0.148276
v -1.275700 -0.393243 0.032629
v -1.270527 -0.400843 -0.147136
v -1.253623 -0.403931 0.033716
v -1.248450 -0.411530 -0.146049
v -1.231912 -0.413547 0.034747
v -1.226739 -0.421147 -0.145018
v -1.210781 -0.422166 0.035720
v -1.205608 -0.429765 -0.144045
v -1.190445 -0.429855 0.036630
v -1.185272 -0.437455 -0.143135
v -1.152961 -0.443099 0.038269
v -1.147788 -0.450699 -0.141496
v -1.040012 -0.323411 0.036459
v -1.034839 -0.331011 -0.143306
v -1.110833 -0.304467 0.033620
v -1.105659 -0.312067 -0.146145
v -1.132274 -0.297925 0.032727
v -1.127100 -0.305525 -0.147038
v -1.153239 -0.290654 0.031816
v -1.148066 -0.298253 -0.147949
v -1.173675 -0.282618 0.030888
v -1.168502 -0.290218 -0.148877
v -1.193530 -0.273785 0.029944
v -1.188357 -0.281385 -0.149821
v -1.212755 -0.264121 0.028982
v -1.207582 -0.271721 -0.150783
v -1.231303 -0.253592 0.028003
v -1.226130 -0.261192 -0.151762
v -1.249134 -0.242163 0.027007
v -1.243961 -0.249763 -0.152758
v -1.266207 -0.229796 0.025992
v -1.261034 -0.237396 -0.153773
v -1.282488 -0.216450 0.024960
v -1.277315 -0.224050 -0.154805
v -1.297943 -0.202080 0.023908
v -1.292770 -0.209680 -0.155858
v -1.312348 -0.186840 0.022849
v -1.307175 -0.194440 -0.156916
v -1.327343 -0.167997 0.021621
v -1.322170 -0.175597 -0.158144
v -1.340186 -0.148986 0.020447
v -1.335013 -0.156585 -0.159318
v -1.350993 -0.129560 0.019315
v -1.345820 -0.137160 -0.160450
v -1.360036 -0.109192 0.018194
v -1.354863 -0.116792 -0.161571
v -1.367537 -0.087325 0.017054
v -1.362364 -0.094925 -0.162712
v -1.373654 -0.063424 0.015867
v -1.368481 -0.071024 -0.163898
v -1.378503 -0.037009 0.014611
v -1.373330 -0.044609 -0.165154
v -1.382184 -0.007662 0.013264
v -1.377011 -0.015261 -0.166501
v -1.384804 0.024991 0.011808
v -1.379631 0.017392 -0.167957
v -1.386484 0.061295 0.010225
v -1.381311 0.053696 -0.169540
v -1.387361 0.101586 0.008497
v -1.382188 0.093986 -0.171268
v -1.387582 0.146265 0.006602
v -1.382409 0.138665 -0.173163
v -1.387569 0.156586 0.006166
v -1.382396 0.148987 -0.173599
v -1.387555 0.168620 0.005657
v -1.382381 0.161021 -0.174108
v -1.387538 0.181938 0.005095
v -1.382365 0.174338 -0.174670
v -1.387521 0.196202 0.004492
v -1.382348 0.188603 -0.175273
v -1.387503 0.211077 0.003864
v -1.382330 0.203478 -0.175901
v -1.387485 0.226226 0.003224
v -1.382311 0.218627 -0.176541
v -1.387466 0.241313 0.002587
v -1.382293 0.233713 -0.177178
v -1.387448 0.256001 0.001966
v -1.382275 0.248401 -0.177799
v -1.387432 0.269953 0.001377
v -1.382258 0.262353 -0.178388
v -1.387416 0.282833 0.000833
v -1.382243 0.275234 -0.178932
v -1.387402 0.294305 0.000348
v -1.382229 0.286705 -0.179417
v -1.387390 0.303958 -0.000059
v -1.382217 0.296359 -0.179824
v -1.387340 0.312105 -0.000402
v -1.382167 0.304505 -0.180167
v -1.387214 0.319934 -0.000730
v -1.382041 0.312335 -0.180495
v -1.387015 0.327532 -0.001045
v -1.381842 0.319932 -0.180810
v -1.386747 0.334908 -0.001349
v -1.381574 0.327308 -0.181114
v -1.386413 0.342075 -0.001643
v -1.381239 0.334476 -0.181408
v -1.386016 0.349045 -0.001926
v -1.380842 0.341445 -0.181691
v -1.385560 0.355829 -0.002200
v -1.380386 0.348229 -0.181965
v -1.385048 0.362439 -0.002464
v -1.379875 0.354839 -0.182229
v -1.384483 0.368887 -0.002721
v -1.379310 0.361288 -0.182486
v -1.383869 0.375187 -0.002969
v -1.378696 0.367587 -0.182734
v -1.383208 0.381349 -0.003211
v -1.378035 0.373749 -0.182976
v -1.378591 0.420928 -0.004751
v -1.373417 0.413328 -0.184516
v -1.538549 0.420928 -0.009354
v -1.533376 0.413328 -0.189119
v -1.535677 0.382497 -0.007647
v -1.530504 0.374897 -0.187412
v -1.535263 0.376290 -0.007373
v -1.530090 0.368690 -0.187138
v -1.534889 0.369929 -0.007093
v -1.529716 0.362330 -0.186858
v -1.534554 0.363405 -0.006807
v -1.529381 0.355806 -0.186573
v -1.534260 0.356706 -0.006516
v -1.529087 0.349107 -0.186281
v -1.534006 0.349822 -0.006217
v -1.528832 0.342223 -0.185982
v -1.533791 0.342742 -0.005912
v -1.528618 0.335142 -0.185677
v -1.533617 0.335455 -0.005599
v -1.528444 0.327855 -0.185364
v -1.533484 0.327950 -0.005278
v -1.528311 0.320351 -0.185043
v -1.533392 0.320219 -0.004948
v -1.528218 0.312619 -0.184713
v -1.533340 0.312249 -0.004610
v -1.528167 0.304649 -0.184375
v -1.533330 0.303995 -0.004261
v -1.528156 0.296395 -0.184026
v -1.068528 0.298965 0.009328
v -1.063355 0.291365 -0.170437
v -1.068553 0.278814 0.010179
v -1.063380 0.271214 -0.169586
v -1.068585 0.252141 0.011305
v -1.063412 0.244541 -0.168460
v -1.068624 0.220514 0.012641
v -1.063450 0.212914 -0.167124
v -1.068666 0.185501 0.014120
v -1.063493 0.177901 -0.165645
v -1.068711 0.148671 0.015676
v -1.063538 0.141071 -0.164089
v -1.068756 0.111590 0.017242
v -1.063583 0.103991 -0.162523
v -1.068799 0.075828 0.018753
v -1.063626 0.068229 -0.161012
v -1.068839 0.042952 0.020142
v -1.063666 0.035353 -0.159623
v -1.068874 0.014531 0.021342
v -1.063701 0.006931 -0.158423
v -1.068901 -0.007868 0.022288
v -1.063728 -0.015468 -0.157477
v -1.068919 -0.022582 0.022910
v -1.063746 -0.030181 -0.156855
v -1.068965 -0.028716 0.023168
v -1.063792 -0.036316 -0.156597
v -1.069084 -0.035053 0.023432
v -1.063911 -0.042653 -0.156333
v -1.069271 -0.041603 0.023704
v -1.064098 -0.049202 -0.156061
v -1.069519 -0.048273 0.023979
v -1.064346 -0.055872 -0.155786
v -1.069821 -0.054974 0.024253
v -1.064648 -0.062573 -0.155512
v -1.070171 -0.061619 0.024524
v -1.064998 -0.069218 -0.155241
v -1.070560 -0.068120 0.024788
v -1.065387 -0.075719 -0.154977
v -1.070982 -0.074390 0.025041
v -1.065809 -0.081989 -0.154724
v -1.071429 -0.080338 0.025279
v -1.066255 -0.087938 -0.154486
v -1.071891 -0.085872 0.025500
v -1.066718 -0.093471 -0.154265
v -1.072359 -0.090891 0.025699
v -1.067186 -0.098490 -0.154066
v -1.076325 -0.128582 0.027178
v -1.071152 -0.136182 -0.152587
v -0.917070 -0.128582 0.031761
v -0.911897 -0.136182 -0.148004
v -0.921798 -0.090918 0.030032
v -0.916625 -0.098518 -0.149733
v -0.922303 -0.086499 0.029831
v -0.917130 -0.094098 -0.149934
v -0.922827 -0.081474 0.029604
v -0.917654 -0.089073 -0.150161
v -0.923354 -0.075927 0.029354
v -0.918181 -0.083526 -0.150411
v -0.923870 -0.069935 0.029086
v -0.918697 -0.077535 -0.150679
v -0.924359 -0.063573 0.028803
v -0.919186 -0.071172 -0.150962
v -0.924807 -0.056912 0.028508
v -0.919634 -0.064512 -0.151257
v -0.925202 -0.050026 0.028206
v -0.920029 -0.057625 -0.151559
v -0.925529 -0.042986 0.027899
v -0.920356 -0.050586 -0.151866
v -0.925775 -0.035866 0.027591
v -0.920602 -0.043466 -0.152174
v -0.925928 -0.028742 0.027285
v -0.920755 -0.036341 -0.152480
v -0.925977 -0.021558 0.026980
v -0.920804 -0.029157 -0.152785
v -0.925959 -0.006889 0.026360
v -0.920786 -0.014488 -0.153405
v -0.925932 0.015456 0.025417
v -0.920759 0.007856 -0.154349
v -0.925898 0.043795 0.024219
v -0.920724 0.036196 -0.155546
v -0.925858 0.076568 0.022835
v -0.920685 0.068969 -0.156930
v -0.925814 0.112213 0.021329
v -0.920641 0.104614 -0.158436
v -0.925769 0.149170 0.019768
v -0.920596 0.141570 -0.159997
v -0.925725 0.185877 0.018218
v -0.920552 0.178277 -0.161547
v -0.925682 0.220773 0.016744
v -0.920509 0.213173 -0.163021
v -0.925644 0.252297 0.015412
v -0.920471 0.244697 -0.164353
v -0.925612 0.278888 0.014289
v -0.920439 0.271288 -0.165476
v -0.925587 0.298984 0.013440
v -0.920414 0.291385 -0.166325
v -0.925573 0.310900 0.012937
v -0.920400 0.303301 -0.166828
v -0.925530 0.315408 0.012748
v -0.920357 0.307809 -0.167018
v -0.925414 0.320485 0.012536
v -0.920241 0.312886 -0.167229
v -0.925230 0.326117 0.012303
v -0.920056 0.318517 -0.167462
v -0.924982 0.332157 0.012055
v -0.919809 0.324558 -0.167710
v -0.924680 0.338475 0.011797
v -0.919507 0.330875 -0.167968
v -0.924329 0.344941 0.011534
v -0.919156 0.337342 -0.168231
v -0.923937 0.351432 0.011270
v -0.918764 0.343833 -0.168495
v -0.923512 0.357824 0.011012
v -0.918339 0.350224 -0.168753
v -0.923063 0.363991 0.010765
v -0.917890 0.356391 -0.169000
v -0.922596 0.369803 0.010532
v -0.917423 0.362203 -0.169233
v -0.922124 0.375125 0.010321
v -0.916950 0.367525 -0.169444
v -0.918352 0.412935 0.008831
v -0.913178 0.405335 -0.170934
v -1.075562 0.412935 0.004307
v -1.070389 0.405335 -0.175458
v -1.071796 0.375132 0.006014
v -1.066623 0.367532 -0.173751
v -1.071332 0.370057 0.006242
v -1.066159 0.362457 -0.173524
v -1.070880 0.364656 0.006483
v -1.065707 0.357056 -0.173282
v -1.070447 0.358990 0.006735
v -1.065273 0.351390 -0.173030
v -1.070040 0.353116 0.006995
v -1.064867 0.345516 -0.172770
v -1.069667 0.347092 0.007260
v -1.064493 0.339492 -0.172505
v -1.069334 0.340975 0.007528
v -1.064161 0.333375 -0.172237
v -1.069049 0.334822 0.007797
v -1.063876 0.327222 -0.171968
v -1.068819 0.328691 0.008063
v -1.063645 0.321092 -0.171702
v -1.068649 0.322642 0.008323
v -1.063475 0.315043 -0.171442
v -1.068545 0.316736 0.008576
v -1.063372 0.309136 -0.171189
v -1.068514 0.310926 0.008822
v -1.063340 0.303326 -0.170943
v -2.219554 0.081313 -0.014594
v -2.214381 0.073713 -0.194359
v -2.242204 0.096635 -0.015894
v -2.237031 0.089035 -0.195659
v -2.264521 0.112675 -0.017214
v -2.259348 0.105075 -0.196979
v -2.286359 0.129281 -0.018545
v -2.281186 0.121681 -0.198310
v -2.307574 0.146300 -0.019875
v -2.302401 0.138701 -0.199640
v -2.328022 0.163580 -0.021193
v -2.322849 0.155980 -0.200959
v -2.347560 0.180964 -0.022491
v -2.342387 0.173364 -0.202256
v -2.366044 0.198295 -0.023755
v -2.360871 0.190695 -0.203520
v -2.383331 0.215411 -0.024976
v -2.378158 0.207811 -0.204741
v -2.399274 0.232144 -0.026142
v -2.394100 0.224545 -0.205907
v -2.413723 0.248320 -0.027242
v -2.408549 0.240720 -0.207007
v -2.447574 0.289111 -0.029941
v -2.442400 0.281512 -0.209706
v -2.554122 0.186170 -0.028655
v -2.548949 0.178571 -0.208420
v -2.520517 0.150262 -0.026170
v -2.515344 0.142662 -0.205935
v -2.505440 0.134991 -0.025090
v -2.500266 0.127392 -0.204855
v -2.489147 0.119258 -0.023956
v -2.483974 0.111658 -0.203721
v -2.471726 0.103153 -0.022774
v -2.466552 0.095553 -0.202539
v -2.453266 0.086775 -0.021551
v -2.448093 0.079175 -0.201316
v -2.433859 0.070223 -0.020292
v -2.428686 0.062624 -0.200058
v -2.413597 0.053602 -0.019007
v -2.408424 0.046002 -0.198772
v -2.392574 0.037016 -0.017701
v -2.387401 0.029416 -0.197466
v -2.370883 0.020571 -0.016381
v -2.365709 0.012971 -0.196146
v -2.348616 0.004373 -0.015056
v -2.343443 -0.003227 -0.194821
v -2.325868 -0.011470 -0.013731
v -2.320694 -0.019070 -0.193496
v -2.316397 -0.017765 -0.013193
v -2.311224 -0.025365 -0.192958
v -2.316809 -0.357336 0.001151
v -2.311636 -0.364936 -0.178614
v -2.316841 -0.365139 0.001480
v -2.311667 -0.372739 -0.178285
v -2.316919 -0.373181 0.001818
v -2.311746 -0.380781 -0.177947
v -2.317052 -0.381375 0.002160
v -2.311879 -0.388975 -0.177605
v -2.317245 -0.389590 0.002502
v -2.312072 -0.397190 -0.177263
v -2.317505 -0.397695 0.002837
v -2.312332 -0.405295 -0.176928
v -2.317835 -0.405554 0.003160
v -2.312662 -0.413154 -0.176605
v -2.318240 -0.413025 0.003464
v -2.313067 -0.420625 -0.176301
v -2.318721 -0.419953 0.003743
v -2.313548 -0.427552 -0.176022
v -2.319274 -0.426164 0.003990
v -2.314101 -0.433763 -0.175775
v -2.319884 -0.431444 0.004195
v -2.314710 -0.439043 -0.175570
v -2.320502 -0.435496 0.004349
v -2.315329 -0.443095 -0.175416
v -2.328850 -0.475273 0.005790
v -2.323677 -0.482872 -0.173975
v -2.166507 -0.475273 0.010462
v -2.161334 -0.482872 -0.169303
v -2.170616 -0.437798 0.008760
v -2.165443 -0.445397 -0.171006
v -2.171056 -0.432884 0.008539
v -2.165883 -0.440484 -0.171226
v -2.171499 -0.427034 0.008279
v -2.166326 -0.434633 -0.171486
v -2.171929 -0.420430 0.007988
v -2.166756 -0.428029 -0.171778
v -2.172336 -0.413227 0.007671
v -2.167162 -0.420826 -0.172094
v -2.172710 -0.405565 0.007337
v -2.167536 -0.413164 -0.172428
v -2.173044 -0.397579 0.006989
v -2.167871 -0.405179 -0.172776
v -2.173331 -0.389401 0.006635
v -2.168158 -0.397001 -0.173130
v -2.173564 -0.381161 0.006280
v -2.168391 -0.388761 -0.173485
v -2.173735 -0.372990 0.005930
v -2.168562 -0.380589 -0.173835
v -2.173839 -0.365020 0.005590
v -2.168665 -0.372619 -0.174175
v -2.173869 -0.357301 0.005263
v -2.168695 -0.364901 -0.174502
v -2.173558 -0.101276 -0.005552
v -2.168384 -0.108875 -0.185317
v -2.195654 -0.089655 -0.006679
v -2.190480 -0.097255 -0.186444
v -2.172429 -0.101433 -0.005513
v -2.167256 -0.109032 -0.185278
v -2.148123 -0.113324 -0.004310
v -2.142949 -0.120924 -0.184075
v -2.122848 -0.125251 -0.003079
v -2.117674 -0.132851 -0.182844
v -2.096720 -0.137132 -0.001825
v -2.091547 -0.144732 -0.181590
v -2.069856 -0.148887 -0.000555
v -2.064683 -0.156487 -0.180320
v -2.042371 -0.160433 0.000724
v -2.037198 -0.168033 -0.179041
v -2.014382 -0.171690 0.002006
v -2.009209 -0.179289 -0.177759
v -1.986003 -0.182574 0.003283
v -1.980829 -0.190173 -0.176482
v -1.957349 -0.193004 0.004548
v -1.952176 -0.200603 -0.175217
v -1.928535 -0.202896 0.005795
v -1.923362 -0.210496 -0.173970
v -1.875766 -0.219849 0.008031
v -1.870593 -0.227449 -0.171734
v -1.808840 -0.089889 0.004463
v -1.803667 -0.097489 -0.175303
v -1.877925 -0.072181 0.001726
v -1.872752 -0.079781 -0.178039
v -1.910514 -0.062536 0.000380
v -1.905341 -0.070135 -0.179385
v -1.943287 -0.051671 -0.001022
v -1.938114 -0.059270 -0.180787
v -1.975936 -0.039790 -0.002464
v -1.970763 -0.047389 -0.182229
v -2.008157 -0.027098 -0.003928
v -2.002984 -0.034698 -0.183693
v -2.039650 -0.013804 -0.005396
v -2.034477 -0.021404 -0.185161
v -2.070117 -0.000115 -0.006851
v -2.064944 -0.007715 -0.186617
v -2.099261 0.013757 -0.008277
v -2.094087 0.006158 -0.188042
v -2.126783 0.027602 -0.009654
v -2.121610 0.020002 -0.189419
v -2.152382 0.041201 -0.010965
v -2.147209 0.033601 -0.190731
v -2.175750 0.054333 -0.012193
v -2.170577 0.046734 -0.191958
v -2.196631 0.066802 -0.013321
v -2.191458 0.059203 -0.193086
v -2.880800 0.351370 -0.045040
v -2.875626 0.343770 -0.224805
v -2.895989 0.345735 -0.045238
v -2.890816 0.338135 -0.225004
v -2.909258 0.336623 -0.045235
v -2.904084 0.329023 -0.225000
v -2.920036 0.324984 -0.045053
v -2.914863 0.317385 -0.224818
v -2.928497 0.311611 -0.044731
v -2.923324 0.304012 -0.224496
v -2.935098 0.296830 -0.044296
v -2.929924 0.289230 -0.224062
v -2.940248 0.280654 -0.043761
v -2.935074 0.273055 -0.223526
v -2.944222 0.262982 -0.043128
v -2.939049 0.255382 -0.222893
v -2.947191 0.243691 -0.042398
v -2.942018 0.236091 -0.222163
v -2.949257 0.222677 -0.041569
v -2.944084 0.215077 -0.221334
v -2.950481 0.199857 -0.040640
v -2.945308 0.192257 -0.220405
v -2.950900 0.175326 -0.039615
v -2.945727 0.167727 -0.219380
v -2.950870 0.164087 -0.039139
v -2.945697 0.156487 -0.218904
v -2.950755 0.153351 -0.038681
v -2.945582 0.145752 -0.218447
v -2.950554 0.142938 -0.038235
v -2.945381 0.135338 -0.218001
v -2.950266 0.132849 -0.037801
v -2.945093 0.125249 -0.217566
v -2.949891 0.123085 -0.037377
v -2.944718 0.115486 -0.217142
v -2.949428 0.113648 -0.036965
v -2.944255 0.106048 -0.216730
v -2.948875 0.104537 -0.036564
v -2.943702 0.096937 -0.216329
v -2.948232 0.095752 -0.036174
v -2.943059 0.088152 -0.215939
v -2.947497 0.087292 -0.035795
v -2.942324 0.079693 -0.215560
v -2.946668 0.079156 -0.035427
v -2.941494 0.071556 -0.215192
v -2.945741 0.071341 -0.035070
v -2.940568 0.063741 -0.214835
v -2.944741 0.064036 -0.034733
v -2.939567 0.056436 -0.214498
v -2.919948 -0.107889 -0.026751
v -2.914775 -0.115489 -0.206516
v -2.918424 -0.118597 -0.026254
v -2.913251 -0.126196 -0.206019
v -2.916809 -0.128667 -0.025782
v -2.911636 -0.136267 -0.205547
v -2.915088 -0.137959 -0.025340
v -2.909915 -0.145559 -0.205105
v -2.913199 -0.146568 -0.024922
v -2.908026 -0.154168 -0.204687
v -2.911052 -0.154618 -0.024519
v -2.905879 -0.162218 -0.204285
v -2.908501 -0.162270 -0.024123
v -2.903327 -0.169870 -0.203888
v -2.905296 -0.169717 -0.023716
v -2.900123 -0.177317 -0.203481
v -2.901015 -0.177125 -0.023279
v -2.895842 -0.184725 -0.203044
v -2.895029 -0.184429 -0.022798
v -2.889855 -0.192028 -0.202563
v -2.886751 -0.190948 -0.022284
v -2.881578 -0.198548 -0.202049
v -2.876436 -0.195349 -0.021801
v -2.871262 -0.202948 -0.201566
v -2.865387 -0.196768 -0.021423
v -2.860214 -0.204367 -0.201189
v -2.854335 -0.195349 -0.021165
v -2.849162 -0.202949 -0.200930
v -2.844008 -0.190948 -0.021054
v -2.838835 -0.198548 -0.200819
v -2.835716 -0.184429 -0.021091
v -2.830542 -0.192028 -0.200856
v -2.829711 -0.177125 -0.021227
v -2.824538 -0.184725 -0.200992
v -2.825412 -0.169717 -0.021417
v -2.820239 -0.177317 -0.201182
v -2.822189 -0.162270 -0.021639
v -2.817016 -0.169870 -0.201404
v -2.819619 -0.154618 -0.021888
v -2.814446 -0.162218 -0.201653
v -2.817453 -0.146568 -0.022166
v -2.812279 -0.154168 -0.201931
v -2.815543 -0.137959 -0.022475
v -2.810370 -0.145559 -0.202240
v -2.813799 -0.128667 -0.022818
v -2.808626 -0.136267 -0.202583
v -2.812160 -0.118596 -0.023196
v -2.806987 -0.126196 -0.202962
v -2.810610 -0.107888 -0.023605
v -2.805436 -0.115488 -0.203370
v -2.785400 0.064035 -0.030147
v -2.780227 0.056435 -0.209912
v -2.784381 0.071340 -0.030427
v -2.779208 0.063740 -0.210192
v -2.783436 0.079156 -0.030730
v -2.778262 0.071556 -0.210495
v -2.782586 0.087292 -0.031049
v -2.777413 0.079693 -0.210814
v -2.781830 0.095752 -0.031385
v -2.776657 0.088152 -0.211150
v -2.781166 0.104537 -0.031738
v -2.775993 0.096937 -0.211503
v -2.780591 0.113648 -0.032106
v -2.775418 0.106048 -0.211871
v -2.780105 0.123085 -0.032491
v -2.774932 0.115486 -0.212256
v -2.779706 0.132849 -0.032892
v -2.774533 0.125249 -0.212657
v -2.779394 0.142938 -0.033310
v -2.774221 0.135338 -0.213075
v -2.779167 0.153351 -0.033744
v -2.773994 0.145752 -0.213509
v -2.779027 0.164088 -0.034194
v -2.773853 0.156488 -0.213959
v -2.778970 0.175327 -0.034667
v -2.773796 0.167727 -0.214432
v -2.779329 0.199857 -0.035714
v -2.774156 0.192257 -0.215479
v -2.780497 0.222677 -0.036713
v -2.775324 0.215077 -0.216478
v -2.782512 0.243691 -0.037659
v -2.777339 0.236091 -0.217424
v -2.785434 0.262982 -0.038559
v -2.780261 0.255382 -0.218324
v -2.789366 0.280654 -0.039419
v -2.784192 0.273055 -0.219184
v -2.794476 0.296830 -0.040250
v -2.789303 0.289230 -0.220015
v -2.801042 0.311611 -0.041064
v -2.795868 0.304012 -0.220829
v -2.809469 0.324985 -0.041871
v -2.804296 0.317385 -0.221637
v -2.820220 0.336623 -0.042673
v -2.815047 0.329023 -0.222438
v -2.833466 0.345735 -0.043439
v -2.828293 0.338135 -0.223204
v -2.848642 0.351370 -0.044114
v -2.843469 0.343770 -0.223879
v -2.864719 0.353177 -0.044653
v -2.859545 0.345577 -0.224418
v -2.955753 -0.328573 -0.018452
v -2.950580 -0.336173 -0.198217
v -2.953354 -0.340298 -0.017887
v -2.948181 -0.347897 -0.197652
v -2.949482 -0.351422 -0.017305
v -2.944309 -0.359021 -0.197071
v -2.944258 -0.361814 -0.016716
v -2.939085 -0.369414 -0.196481
v -2.937800 -0.371368 -0.016126
v -2.932626 -0.378968 -0.195891
v -2.930214 -0.379988 -0.015543
v -2.925040 -0.387588 -0.195308
v -2.921599 -0.387581 -0.014974
v -2.916426 -0.395181 -0.194739
v -2.912048 -0.394048 -0.014426
v -2.906875 -0.401648 -0.194191
v -2.901657 -0.399282 -0.013906
v -2.896484 -0.406882 -0.193671
v -2.890532 -0.403166 -0.013422
v -2.885359 -0.410766 -0.193187
v -2.878804 -0.405578 -0.012982
v -2.873631 -0.413178 -0.192747
v -2.866642 -0.406403 -0.012597
v -2.861469 -0.414003 -0.192362
v -2.854476 -0.405578 -0.012282
v -2.849303 -0.413178 -0.192047
v -2.842742 -0.403166 -0.012046
v -2.837569 -0.410766 -0.191811
v -2.831609 -0.399283 -0.011890
v -2.826435 -0.406882 -0.191655
v -2.821204 -0.394048 -0.011812
v -2.816031 -0.401648 -0.191577
v -2.811638 -0.387581 -0.011810
v -2.806465 -0.395181 -0.191575
v -2.803005 -0.379988 -0.011883
v -2.797832 -0.387588 -0.191648
v -2.795398 -0.371368 -0.012028
v -2.790225 -0.378968 -0.191793
v -2.788916 -0.361814 -0.012245
v -2.783743 -0.369414 -0.192011
v -2.783667 -0.351422 -0.012534
v -2.778494 -0.359021 -0.192299
v -2.779768 -0.340298 -0.012892
v -2.774594 -0.347898 -0.192657
v -2.777340 -0.328572 -0.013318
v -2.772167 -0.336172 -0.193083
v -2.776500 -0.316414 -0.013808
v -2.771327 -0.324014 -0.193573
v -2.777311 -0.304256 -0.014345
v -2.772138 -0.311856 -0.194110
v -2.779710 -0.292531 -0.014910
v -2.774537 -0.300131 -0.194675
v -2.783582 -0.281407 -0.015491
v -2.778409 -0.289007 -0.195256
v -2.788806 -0.271015 -0.016081
v -2.783633 -0.278614 -0.195846
v -2.795264 -0.261460 -0.016671
v -2.790091 -0.269060 -0.196436
v -2.802850 -0.252840 -0.017253
v -2.797677 -0.260440 -0.197018
v -2.811465 -0.245248 -0.017822
v -2.806292 -0.252847 -0.197587
v -2.821016 -0.238781 -0.018371
v -2.815843 -0.246380 -0.198136
v -2.831407 -0.233546 -0.018891
v -2.826234 -0.241146 -0.198656
v -2.842532 -0.229663 -0.019375
v -2.837358 -0.237262 -0.199140
v -2.854260 -0.227251 -0.019815
v -2.849087 -0.234850 -0.199580
v -2.866423 -0.226426 -0.020199
v -2.861249 -0.234025 -0.199965
v -2.878588 -0.227251 -0.020515
v -2.873415 -0.234850 -0.200280
v -2.890322 -0.229663 -0.020750
v -2.885149 -0.237262 -0.200515
v -2.901456 -0.233546 -0.020907
v -2.896283 -0.241146 -0.200672
v -2.911860 -0.238780 -0.020985
v -2.906687 -0.246380 -0.200750
v -2.921427 -0.245248 -0.020987
v -2.916253 -0.252847 -0.200752
v -2.930059 -0.252840 -0.020914
v -2.924886 -0.260440 -0.200679
v -2.937666 -0.261460 -0.020769
v -2.932493 -0.269060 -0.200534
v -2.944149 -0.271015 -0.020551
v -2.938975 -0.278614 -0.200316
v -2.949398 -0.281407 -0.020263
v -2.944224 -0.289007 -0.200028
v -2.953297 -0.292531 -0.019905
v -2.948124 -0.300130 -0.199670
v -2.955724 -0.304257 -0.019479
v -2.950551 -0.311856 -0.199244
v -2.956564 -0.316415 -0.018989
v -2.951391 -0.324015 -0.198754
v -3.151688 0.351370 -0.052835
v -3.146514 0.343770 -0.232600
v -3.166877 0.345735 -0.053034
v -3.161704 0.338135 -0.232799
v -3.180146 0.336623 -0.053030
v -3.174973 0.329023 -0.232796
v -3.190924 0.324984 -0.052849
v -3.185751 0.317385 -0.232614
v -3.199385 0.311611 -0.052527
v -3.194211 0.304012 -0.232292
v -3.205986 0.296830 -0.052092
v -3.200813 0.289230 -0.231857
v -3.211136 0.280654 -0.051556
v -3.205962 0.273055 -0.231321
v -3.215110 0.262982 -0.050923
v -3.209937 0.255382 -0.230689
v -3.218080 0.243691 -0.050193
v -3.212906 0.236091 -0.229958
v -3.220145 0.222677 -0.049364
v -3.214972 0.215077 -0.229130
v -3.221369 0.199857 -0.048435
v -3.216196 0.192257 -0.228200
v -3.221788 0.175327 -0.047410
v -3.216615 0.167727 -0.227175
v -3.221759 0.164088 -0.046934
v -3.216585 0.156488 -0.226699
v -3.221644 0.153351 -0.046477
v -3.216470 0.145752 -0.226242
v -3.221443 0.142938 -0.046031
v -3.216269 0.135338 -0.225796
v -3.221155 0.132849 -0.045596
v -3.215982 0.125249 -0.225361
v -3.220780 0.123085 -0.045172
v -3.215607 0.115486 -0.224938
v -3.220316 0.113648 -0.044760
v -3.215143 0.106048 -0.224525
v -3.219764 0.104537 -0.044359
v -3.214591 0.096937 -0.224124
v -3.219121 0.095752 -0.043969
v -3.213948 0.088152 -0.223734
v -3.218385 0.087292 -0.043590
v -3.213212 0.079692 -0.223355
v -3.217556 0.079156 -0.043223
v -3.212383 0.071556 -0.222988
v -3.216629 0.071340 -0.042865
v -3.211456 0.063740 -0.222631
v -3.215628 0.064035 -0.042528
v -3.210455 0.056436 -0.222293
v -3.190836 -0.107889 -0.034546
v -3.185663 -0.115489 -0.214311
v -3.189312 -0.118597 -0.034050
v -3.184139 -0.126196 -0.213815
v -3.187697 -0.128667 -0.033578
v -3.182524 -0.136267 -0.213343
v -3.185976 -0.137959 -0.033135
v -3.180803 -0.145559 -0.212900
v -3.184087 -0.146568 -0.032717
v -3.178914 -0.154168 -0.212482
v -3.181940 -0.154618 -0.032315
v -3.176767 -0.162218 -0.212080
v -3.179389 -0.162270 -0.031918
v -3.174216 -0.169870 -0.211683
v -3.176184 -0.169717 -0.031511
v -3.171011 -0.177317 -0.211276
v -3.171903 -0.177125 -0.031074
v -3.166730 -0.184725 -0.210840
v -3.165916 -0.184429 -0.030593
v -3.160743 -0.192028 -0.210359
v -3.157639 -0.190948 -0.030080
v -3.152466 -0.198548 -0.209845
v -3.147324 -0.195349 -0.029597
v -3.142150 -0.202948 -0.209362
v -3.136275 -0.196768 -0.029219
v -3.131102 -0.204367 -0.208984
v -3.125223 -0.195349 -0.028961
v -3.120050 -0.202949 -0.208726
v -3.114897 -0.190948 -0.028850
v -3.109723 -0.198548 -0.208615
v -3.106603 -0.184429 -0.028887
v -3.101430 -0.192028 -0.208652
v -3.100599 -0.177125 -0.029023
v -3.095426 -0.184725 -0.208788
v -3.096300 -0.169717 -0.029212
v -3.091127 -0.177317 -0.208977
v -3.093077 -0.162270 -0.029434
v -3.087904 -0.169870 -0.209199
v -3.090507 -0.154618 -0.029684
v -3.085334 -0.162218 -0.209449
v -3.088341 -0.146568 -0.029962
v -3.083168 -0.154168 -0.209727
v -3.086431 -0.137959 -0.030271
v -3.081258 -0.145559 -0.210036
v -3.084687 -0.128667 -0.030613
v -3.079514 -0.136267 -0.210378
v -3.083048 -0.118596 -0.030992
v -3.077874 -0.126196 -0.210757
v -3.081498 -0.107888 -0.031400
v -3.076324 -0.115488 -0.211165
v -3.056288 0.064035 -0.037943
v -3.051115 0.056435 -0.217708
v -3.055269 0.071340 -0.038222
v -3.050096 0.063740 -0.217987
v -3.054324 0.079156 -0.038525
v -3.049150 0.071556 -0.218290
v -3.053474 0.087292 -0.038845
v -3.048301 0.079693 -0.218610
v -3.052718 0.095752 -0.039181
v -3.047545 0.088152 -0.218946
v -3.052054 0.104537 -0.039533
v -3.046881 0.096937 -0.219298
v -3.051479 0.113648 -0.039902
v -3.046306 0.106048 -0.219667
v -3.050993 0.123085 -0.040287
v -3.045820 0.115486 -0.220052
v -3.050594 0.132849 -0.040688
v -3.045421 0.125249 -0.220453
v -3.050282 0.142938 -0.041105
v -3.045109 0.135338 -0.220870
v -3.050055 0.153351 -0.041539
v -3.044882 0.145752 -0.221304
v -3.049915 0.164088 -0.041989
v -3.044741 0.156488 -0.221754
v -3.049857 0.175327 -0.042462
v -3.044684 0.167727 -0.222227
v -3.050217 0.199857 -0.043510
v -3.045044 0.192257 -0.223275
v -3.051385 0.222677 -0.044508
v -3.046212 0.215077 -0.224273
v -3.053400 0.243691 -0.045454
v -3.048227 0.236091 -0.225219
v -3.056322 0.262982 -0.046354
v -3.051149 0.255382 -0.226119
v -3.060254 0.280654 -0.047214
v -3.055080 0.273055 -0.226979
v -3.065364 0.296830 -0.048045
v -3.060191 0.289230 -0.227810
v -3.071930 0.311611 -0.048859
v -3.066756 0.304012 -0.228624
v -3.080357 0.324985 -0.049667
v -3.075184 0.317385 -0.229432
v -3.091108 0.336623 -0.050468
v -3.085934 0.329023 -0.230233
v -3.104354 0.345735 -0.051235
v -3.099181 0.338135 -0.231000
v -3.119530 0.351370 -0.051910
v -3.114357 0.343770 -0.231675
v -3.135607 0.353177 -0.052449
v -3.130434 0.345577 -0.232214
v -3.226641 -0.328573 -0.026247
v -3.221468 -0.336173 -0.206012
v -3.224242 -0.340298 -0.025683
v -3.219069 -0.347897 -0.205448
v -3.220370 -0.351422 -0.025101
v -3.215197 -0.359021 -0.204866
v -3.215146 -0.361814 -0.024511
v -3.209973 -0.369414 -0.204276
v -3.208688 -0.371368 -0.023921
v -3.203515 -0.378968 -0.203686
v -3.201102 -0.379988 -0.023339
v -3.195929 -0.387588 -0.203104
v -3.192487 -0.387581 -0.022770
v -3.187314 -0.395181 -0.202535
v -3.182936 -0.394048 -0.022222
v -3.177763 -0.401648 -0.201987
v -3.172545 -0.399282 -0.021701
v -3.167372 -0.406882 -0.201466
v -3.161421 -0.403166 -0.021217
v -3.156247 -0.410766 -0.200982
v -3.149692 -0.405578 -0.020777
v -3.144519 -0.413178 -0.200542
v -3.137530 -0.406403 -0.020393
v -3.132356 -0.414003 -0.200158
v -3.125364 -0.405578 -0.020077
v -3.120191 -0.413178 -0.199842
v -3.113631 -0.403166 -0.019842
v -3.108457 -0.410766 -0.199607
v -3.102497 -0.399283 -0.019685
v -3.097323 -0.406882 -0.199450
v -3.092093 -0.394048 -0.019607
v -3.086919 -0.401648 -0.199372
v -3.082526 -0.387581 -0.019605
v -3.077353 -0.395181 -0.199370
v -3.073893 -0.379988 -0.019678
v -3.068720 -0.387588 -0.199443
v -3.066286 -0.371368 -0.019823
v -3.061113 -0.378968 -0.199589
v -3.059804 -0.361814 -0.020041
v -3.054631 -0.369414 -0.199806
v -3.054555 -0.351422 -0.020329
v -3.049382 -0.359021 -0.200094
v -3.050656 -0.340298 -0.020687
v -3.045482 -0.347898 -0.200452
v -3.048228 -0.328572 -0.021113
v -3.043055 -0.336172 -0.200878
v -3.047389 -0.316414 -0.021603
v -3.042215 -0.324014 -0.201368
v -3.048199 -0.304256 -0.022140
v -3.043026 -0.311856 -0.201905
v -3.050598 -0.292531 -0.022705
v -3.045425 -0.300131 -0.202470
v -3.054470 -0.281407 -0.023287
v -3.049297 -0.289007 -0.203052
v -3.059694 -0.271015 -0.023876
v -3.054521 -0.278614 -0.203641
v -3.066153 -0.261460 -0.024466
v -3.060979 -0.269060 -0.204231
v -3.073739 -0.252840 -0.025049
v -3.068565 -0.260440 -0.204814
v -3.082353 -0.245248 -0.025618
v -3.077180 -0.252847 -0.205383
v -3.091904 -0.238781 -0.026166
v -3.086731 -0.246380 -0.205931
v -3.102295 -0.233546 -0.026686
v -3.097122 -0.241146 -0.206451
v -3.113420 -0.229663 -0.027170
v -3.108247 -0.237262 -0.206936
v -3.125148 -0.227251 -0.027610
v -3.119975 -0.234850 -0.207375
v -3.137311 -0.226426 -0.027995
v -3.132137 -0.234025 -0.207760
v -3.149476 -0.227251 -0.028310
v -3.144303 -0.234850 -0.208075
v -3.161210 -0.229663 -0.028546
v -3.156037 -0.237262 -0.208311
v -3.172344 -0.233546 -0.028702
v -3.167171 -0.241146 -0.208467
v -3.182748 -0.238780 -0.028780
v -3.177575 -0.246380 -0.208545
v -3.192315 -0.245248 -0.028782
v -3.187141 -0.252847 -0.208547
v -3.200948 -0.252840 -0.028709
v -3.195774 -0.260440 -0.208474
v -3.208555 -0.261460 -0.028564
v -3.203381 -0.269060 -0.208329
v -3.215036 -0.271015 -0.028347
v -3.209863 -0.278614 -0.208112
v -3.220285 -0.281407 -0.028058
v -3.215112 -0.289007 -0.207823
v -3.224185 -0.292531 -0.027700
v -3.219012 -0.300130 -0.207465
v -3.226612 -0.304257 -0.027274
v -3.221439 -0.311856 -0.207039
v -3.227452 -0.316415 -0.026785
v -3.222279 -0.324015 -0.206550
vn 0.0287 -0.0422 -0.9987
vn 0.0289 -0.0422 -0.9987
vn -0.0287 0.0422 0.9987
vn -0.0285 0.0422 0.9987
vn 0.7077 0.7065 -0.0095
vn 0.9996 -0.0052 0.0290
vn 0.9994 -0.0192 0.0296
vn 0.9989 -0.0354 0.0302
vn 0.9983 -0.0494 0.0308
vn 0.9976 -0.0623 0.0313
vn 0.9967 -0.0748 0.0318
vn 0.9956 -0.0876 0.0324
vn 0.9943 -0.1014 0.0329
vn 0.9925 -0.1172 0.0335
vn 0.9901 -0.1362 0.0343
vn 0.9864 -0.1607 0.0352
vn 0.9802 -0.1948 0.0364
vn 0.7798 0.6260 -0.0040
vn -0.7514 0.6580 -0.0494
vn -0.9924 -0.1211 -0.0234
vn -0.9945 -0.1020 -0.0243
vn -0.9958 -0.0882 -0.0249
vn -0.9967 -0.0773 -0.0254
vn -0.9973 -0.0682 -0.0258
vn -0.9979 -0.0599 -0.0262
vn -0.9983 -0.0520 -0.0265
vn -0.9987 -0.0440 -0.0269
vn -0.9990 -0.0354 -0.0273
vn -0.9993 -0.0257 -0.0277
vn -0.9995 -0.0141 -0.0282
vn -0.9996 -0.0038 -0.0286
vn -0.7060 0.7065 -0.0502
vn 0.0036 0.9991 -0.0421
vn 0.0106 0.9991 -0.0419
vn 0.0191 0.9989 -0.0417
vn 0.0270 0.9988 -0.0414
vn 0.0345 0.9986 -0.0412
vn 0.0418 0.9983 -0.0410
vn 0.0492 0.9980 -0.0408
vn 0.0569 0.9976 -0.0405
vn 0.0655 0.9970 -0.0403
vn 0.0753 0.9964 -0.0400
vn 0.0874 0.9954 -0.0396
vn 0.1035 0.9939 -0.0390
vn -0.6653 0.7448 -0.0506
vn -0.6693 -0.7429 0.0121
vn 0.0919 -0.9948 0.0447
vn 0.0707 -0.9965 0.0442
vn 0.0562 -0.9975 0.0438
vn 0.0454 -0.9980 0.0435
vn 0.0369 -0.9984 0.0433
vn 0.0299 -0.9986 0.0431
vn 0.0239 -0.9988 0.0429
vn 0.0186 -0.9989 0.0428
vn 0.0136 -0.9990 0.0426
vn 0.0088 -0.9991 0.0425
vn 0.0039 -0.9991 0.0423
vn 0.0001 -0.9991 0.0422
vn -0.6973 -0.7167 0.0102
vn -0.9978 -0.0615 -0.0261
vn -0.9912 -0.1303 -0.0230
vn -0.9781 -0.2072 -0.0194
vn -0.9566 -0.2909 -0.0152
vn -0.9253 -0.3790 -0.0106
vn -0.8835 -0.4684 -0.0056
vn -0.8316 -0.5554 -0.0004
vn -0.7713 -0.6364 0.0047
vn -0.7055 -0.7087 0.0097
vn -0.6371 -0.7706 0.0142
vn -0.5693 -0.8219 0.0184
vn 0.0364 -0.9984 0.0433
vn 0.9965 0.0793 0.0253
vn 0.5013 0.8650 -0.0221
vn 0.5777 0.8160 -0.0179
vn 0.6548 0.7557 -0.0131
vn 0.7294 0.6841 -0.0079
vn 0.7982 0.6024 -0.0025
vn 0.8582 0.5133 0.0030
vn 0.9075 0.4200 0.0084
vn 0.9452 0.3262 0.0134
vn 0.9717 0.2354 0.0180
vn 0.9884 0.1500 0.0221
vn 0.9971 0.0717 0.0257
vn 0.7180 -0.6942 0.0500
vn -0.0023 -0.9991 0.0422
vn -0.0057 -0.9991 0.0421
vn -0.0104 -0.9991 0.0419
vn -0.0151 -0.9990 0.0418
vn -0.0202 -0.9989 0.0416
vn -0.0256 -0.9988 0.0415
vn -0.0316 -0.9986 0.0413
vn -0.0383 -0.9984 0.0411
vn -0.0459 -0.9981 0.0409
vn -0.0549 -0.9977 0.0406
vn -0.0658 -0.9970 0.0403
vn -0.0793 -0.9961 0.0398
vn 0.6750 -0.7361 0.0505
vn 0.6742 0.7385 -0.0118
vn -0.0891 0.9950 -0.0446
vn -0.0843 0.9954 -0.0445
vn -0.0791 0.9959 -0.0444
vn -0.0733 0.9963 -0.0442
vn -0.0670 0.9968 -0.0441
vn -0.0600 0.9972 -0.0439
vn -0.0524 0.9977 -0.0437
vn -0.0439 0.9981 -0.0435
vn -0.0344 0.9985 -0.0432
vn -0.0238 0.9988 -0.0429
vn -0.0119 0.9990 -0.0426
vn -0.0022 0.9991 -0.0423
vn 0.5538 0.8324 -0.0193
vn 0.5756 0.8176 -0.0180
vn 0.5962 0.8026 -0.0168
vn 0.6161 0.7875 -0.0156
vn 0.6353 0.7721 -0.0144
vn 0.6541 0.7563 -0.0131
vn 0.6728 0.7398 -0.0119
vn 0.6914 0.7224 -0.0106
vn 0.7102 0.7040 -0.0093
vn 0.7491 0.6624 -0.0064
vn 0.0584 0.9975 -0.0405
vn -0.9993 0.0239 -0.0298
vn -0.7070 -0.7071 0.0095
vn -0.6929 -0.7210 0.0105
vn -0.6789 -0.7341 0.0115
vn -0.6650 -0.7467 0.0124
vn -0.6512 -0.7587 0.0133
vn -0.6375 -0.7703 0.0142
vn -0.6239 -0.7814 0.0151
vn -0.6102 -0.7921 0.0159
vn -0.5966 -0.8024 0.0168
vn -0.5829 -0.8123 0.0176
vn -0.5692 -0.8220 0.0184
vn -0.8838 -0.4678 -0.0057
vn -0.9996 0.0021 -0.0289
vn -0.9995 0.0084 -0.0291
vn -0.9994 0.0164 -0.0295
vn -0.9993 0.0244 -0.0298
vn -0.9990 0.0327 -0.0301
vn -0.9987 0.0415 -0.0305
vn -0.9982 0.0514 -0.0309
vn -0.9975 0.0628 -0.0314
vn -0.9965 0.0766 -0.0319
vn -0.9950 0.0940 -0.0326
vn -0.9926 0.1171 -0.0335
vn -0.9881 0.1497 -0.0348
vn -0.7651 -0.6439 0.0052
vn 0.7532 -0.6559 0.0494
vn 0.9919 0.1251 0.0233
vn 0.9943 0.1037 0.0242
vn 0.9958 0.0884 0.0249
vn 0.9968 0.0764 0.0255
vn 0.9975 0.0663 0.0259
vn 0.9980 0.0572 0.0263
vn 0.9985 0.0487 0.0267
vn 0.9988 0.0403 0.0270
vn 0.9991 0.0316 0.0274
vn 0.9994 0.0223 0.0278
vn 0.9995 0.0118 0.0283
vn 0.9996 0.0031 0.0286
vn 0.8625 0.5061 0.0034
vn 0.8775 -0.4774 0.0454
vn -0.4612 -0.8870 0.0242
vn -0.4444 -0.8955 0.0251
vn -0.4281 -0.9033 0.0259
vn -0.4122 -0.9107 0.0266
vn -0.3964 -0.9177 0.0274
vn -0.3806 -0.9243 0.0281
vn -0.3646 -0.9307 0.0289
vn -0.3484 -0.9369 0.0296
vn -0.3317 -0.9429 0.0303
vn -0.3144 -0.9488 0.0311
vn 0.3823 -0.9227 0.0500
vn 0.9174 0.3978 0.0096
vn 0.2873 0.9573 -0.0322
vn 0.3109 0.9499 -0.0312
vn 0.3338 0.9421 -0.0302
vn 0.3563 0.9339 -0.0292
vn 0.3784 0.9252 -0.0282
vn 0.4003 0.9160 -0.0272
vn 0.4220 0.9062 -0.0262
vn 0.4438 0.8958 -0.0251
vn 0.4657 0.8846 -0.0240
vn 0.4880 0.8726 -0.0228
vn 0.5108 0.8594 -0.0216
vn 0.5325 0.8462 -0.0205
vn -0.9201 -0.3915 -0.0099
vn -0.9105 -0.4135 -0.0087
vn -0.9010 -0.4338 -0.0076
vn -0.8914 -0.4531 -0.0065
vn -0.8816 -0.4719 -0.0054
vn -0.8714 -0.4905 -0.0043
vn -0.8605 -0.5094 -0.0032
vn -0.8487 -0.5289 -0.0021
vn -0.8356 -0.5493 -0.0008
vn -0.8210 -0.5709 0.0005
vn -0.8044 -0.5941 0.0020
vn -0.9945 0.0994 -0.0328
vn -0.6788 0.7325 -0.0505
vn -0.6905 0.7216 -0.0504
vn -0.7007 0.7117 -0.0503
vn -0.7099 0.7026 -0.0501
vn -0.7184 0.6939 -0.0500
vn -0.7265 0.6854 -0.0499
vn -0.7344 0.6769 -0.0497
vn -0.7424 0.6681 -0.0496
vn -0.7510 0.6585 -0.0494
vn -0.7604 0.6476 -0.0493
vn -0.9963 -0.0822 -0.0252
vn 0.1018 -0.9938 0.0449
vn 0.7858 -0.6165 0.0487
vn 0.7746 -0.6305 0.0489
vn 0.7642 -0.6431 0.0492
vn 0.7542 -0.6548 0.0494
vn 0.7444 -0.6658 0.0496
vn 0.7347 -0.6766 0.0497
vn 0.7247 -0.6872 0.0499
vn 0.7144 -0.6980 0.0501
vn 0.7034 -0.7090 0.0502
vn 0.6916 -0.7205 0.0504
vn 0.6787 -0.7327 0.0505
vn -0.0363 -0.9985 0.0412
vn -0.7149 -0.6992 0.0090
vn -0.6962 -0.7178 0.0103
vn -0.6764 -0.7364 0.0117
vn -0.6553 -0.7552 0.0131
vn -0.6327 -0.7742 0.0145
vn -0.6084 -0.7934 0.0160
vn -0.5822 -0.8128 0.0176
vn -0.5538 -0.8324 0.0193
vn -0.5229 -0.8521 0.0210
vn -0.4894 -0.8718 0.0228
vn -0.4528 -0.8913 0.0246
vn 0.1782 -0.9829 0.0467
vn 0.9790 0.2027 0.0196
vn 0.4133 0.9102 -0.0266
vn 0.4572 0.8890 -0.0244
vn 0.4970 0.8675 -0.0224
vn 0.5332 0.8457 -0.0204
vn 0.5663 0.8240 -0.0185
vn 0.5968 0.8022 -0.0167
vn 0.6250 0.7804 -0.0150
vn 0.6514 0.7586 -0.0133
vn 0.6764 0.7365 -0.0117
vn 0.7001 0.7139 -0.0100
vn 0.7230 0.6907 -0.0084
vn 0.7483 0.6634 -0.0065
vn 0.7727 0.6348 -0.0046
vn 0.7925 0.6098 -0.0030
vn 0.8101 0.5863 -0.0015
vn 0.8263 0.5633 -0.0000
vn 0.8416 0.5401 0.0014
vn 0.8565 0.5161 0.0028
vn 0.8715 0.4904 0.0043
vn 0.8869 0.4620 0.0060
vn 0.9030 0.4296 0.0078
vn 0.9202 0.3914 0.0099
vn -0.3438 0.9377 -0.0495
vn -0.8111 0.5829 -0.0480
vn -0.0012 -0.9991 0.0422
vn -0.0056 -0.9991 0.0421
vn -0.0169 -0.9990 0.0417
vn -0.0293 -0.9987 0.0414
vn -0.0390 -0.9984 0.0411
vn -0.0467 -0.9981 0.0408
vn -0.0532 -0.9978 0.0407
vn -0.0587 -0.9975 0.0405
vn -0.0635 -0.9972 0.0403
vn -0.0679 -0.9969 0.0402
vn -0.0721 -0.9966 0.0401
vn -0.0766 -0.9963 0.0399
vn -0.0824 -0.9958 0.0397
vn 0.6753 -0.7358 0.0505
vn 0.6630 0.7485 -0.0126
vn -0.1107 0.9928 -0.0452
vn -0.0937 0.9946 -0.0447
vn -0.0831 0.9955 -0.0445
vn -0.0751 0.9962 -0.0443
vn -0.0683 0.9967 -0.0441
vn -0.0619 0.9971 -0.0439
vn -0.0554 0.9975 -0.0438
vn -0.0483 0.9979 -0.0436
vn -0.0400 0.9983 -0.0434
vn -0.0298 0.9986 -0.0431
vn -0.0164 0.9990 -0.0427
vn -0.0038 0.9991 -0.0423
vn 0.0012 0.9991 -0.0422
vn 0.0050 0.9991 -0.0421
vn 0.0168 0.9990 -0.0417
vn 0.0331 0.9986 -0.0413
vn 0.0503 0.9979 -0.0407
vn 0.0686 0.9968 -0.0402
vn 0.0883 0.9953 -0.0395
vn 0.1097 0.9932 -0.0388
vn 0.1330 0.9904 -0.0380
vn 0.1587 0.9866 -0.0371
vn 0.1875 0.9816 -0.0361
vn 0.2200 0.9749 -0.0349
vn 0.2572 0.9658 -0.0334
vn -0.1843 0.9818 -0.0468
vn -0.9886 0.1468 -0.0347
vn -0.8209 -0.5711 0.0005
vn -0.8349 -0.5504 -0.0008
vn -0.8450 -0.5347 -0.0017
vn -0.8532 -0.5216 -0.0025
vn -0.8603 -0.5099 -0.0032
vn -0.8669 -0.4985 -0.0039
vn -0.8735 -0.4868 -0.0046
vn -0.8804 -0.4741 -0.0053
vn -0.8880 -0.4597 -0.0061
vn -0.8967 -0.4425 -0.0071
vn -0.9071 -0.4209 -0.0083
vn -0.9189 -0.3943 -0.0098
vn 0.1379 0.9897 -0.0379
vn 0.2700 0.9623 -0.0329
vn 0.3943 0.9186 -0.0275
vn 0.5092 0.8604 -0.0217
vn 0.6138 0.7893 -0.0157
vn 0.7904 0.6125 -0.0031
vn 0.8614 0.5079 0.0033
vn 0.9195 0.3930 0.0098
vn 0.9631 0.2687 0.0164
vn 0.9904 0.1366 0.0227
vn 0.9996 0.0009 0.0287
vn 0.9904 -0.1336 0.0342
vn 0.9638 -0.2637 0.0389
vn 0.9210 -0.3873 0.0429
vn 0.8635 -0.5023 0.0461
vn 0.7926 -0.6077 0.0485
vn 0.7096 -0.7028 0.0501
vn 0.6150 -0.7868 0.0510
vn 0.5095 -0.8589 0.0510
vn 0.3937 -0.9179 0.0501
vn 0.2685 -0.9621 0.0484
vn 0.1358 -0.9897 0.0457
vn -0.0004 -0.9991 0.0422
vn -0.1358 -0.9900 0.0379
vn -0.2679 -0.9629 0.0330
vn -0.3940 -0.9187 0.0275
vn -0.5117 -0.8589 0.0216
vn -0.6190 -0.7852 0.0154
vn -0.7984 -0.6021 0.0025
vn -0.8688 -0.4952 -0.0041
vn -0.9250 -0.3798 -0.0106
vn -0.9662 -0.2573 -0.0169
vn -0.9913 -0.1298 -0.0230
vn -0.9996 0.0008 -0.0288
vn -0.9906 0.1328 -0.0341
vn -0.9642 0.2622 -0.0388
vn -0.9217 0.3855 -0.0428
vn -0.8644 0.5008 -0.0460
vn -0.7933 0.6069 -0.0485
vn -0.7096 0.7028 -0.0501
vn -0.6139 0.7877 -0.0510
vn -0.5071 0.8604 -0.0510
vn -0.3902 0.9194 -0.0501
vn -0.2648 0.9631 -0.0483
vn -0.1331 0.9900 -0.0457
vn 0.0020 0.9991 -0.0422
vn -0.1360 0.9897 -0.0458
vn -0.2687 0.9620 -0.0484
vn -0.3935 0.9179 -0.0501
vn -0.5089 0.8593 -0.0510
vn -0.7081 0.7043 -0.0502
vn -0.7910 0.6099 -0.0485
vn -0.8619 0.5050 -0.0462
vn -0.9198 0.3901 -0.0430
vn -0.9631 0.2663 -0.0390
vn -0.9902 0.1352 -0.0342
vn -0.9996 -0.0000 -0.0288
vn -0.9905 -0.1356 -0.0228
vn -0.9634 -0.2675 -0.0164
vn -0.9197 -0.3924 -0.0099
vn -0.8612 -0.5083 -0.0033
vn -0.7894 -0.6139 0.0032
vn -0.7055 -0.7086 0.0097
vn -0.6107 -0.7917 0.0159
vn -0.5054 -0.8626 0.0219
vn -0.3904 -0.9202 0.0277
vn -0.2667 -0.9632 0.0330
vn -0.1360 -0.9900 0.0379
vn -0.0017 -0.9991 0.0422
vn 0.1322 -0.9902 0.0457
vn 0.2627 -0.9637 0.0483
vn 0.3871 -0.9207 0.0501
vn 0.5033 -0.8626 0.0510
vn 0.6099 -0.7908 0.0510
vn 0.7060 -0.7065 0.0502
vn 0.7904 -0.6106 0.0486
vn 0.8624 -0.5041 0.0461
vn 0.9207 -0.3880 0.0429
vn 0.9905 -0.1333 0.0341
vn 0.9996 -0.0000 0.0288
vn 0.9909 0.1329 0.0229
vn 0.9648 0.2625 0.0167
vn 0.9226 0.3857 0.0102
vn 0.8656 0.5008 0.0037
vn 0.7950 0.6066 -0.0028
vn 0.7119 0.7022 -0.0092
vn 0.6171 0.7868 -0.0155
vn 0.5110 0.8593 -0.0216
vn 0.3946 0.9184 -0.0275
vn 0.2693 0.9625 -0.0329
vn 0.1370 0.9898 -0.0379
vn 0.0007 0.9991 -0.0422
vn -0.8531 0.5197 -0.0465
vn -0.9647 -0.2627 -0.0167
vn -0.9650 -0.2616 -0.0167
vn -0.9656 -0.2594 -0.0168
vn -0.9665 -0.2562 -0.0170
vn -0.9676 -0.2519 -0.0172
vn -0.9690 -0.2466 -0.0175
vn -0.9706 -0.2400 -0.0178
vn -0.9726 -0.2319 -0.0182
vn -0.9748 -0.2222 -0.0187
vn -0.9774 -0.2104 -0.0192
vn -0.9804 -0.1959 -0.0199
vn -0.9785 -0.2052 -0.0195
vn -0.9742 -0.2249 -0.0185
vn -0.9729 -0.2306 -0.0183
vn -0.9713 -0.2372 -0.0179
vn -0.9694 -0.2450 -0.0175
vn -0.9671 -0.2539 -0.0171
vn -0.9643 -0.2643 -0.0166
vn -0.9609 -0.2763 -0.0160
vn -0.9568 -0.2903 -0.0153
vn -0.9516 -0.3070 -0.0144
vn -0.9449 -0.3270 -0.0134
vn -0.9362 -0.3514 -0.0121
vn -0.9277 -0.3733 -0.0109
vn -0.9206 -0.3903 -0.0100
vn -0.9134 -0.4069 -0.0091
vn -0.9061 -0.4229 -0.0082
vn -0.8987 -0.4384 -0.0073
vn -0.8911 -0.4538 -0.0065
vn -0.8831 -0.4691 -0.0056
vn -0.8747 -0.4847 -0.0047
vn -0.8656 -0.5007 -0.0037
vn -0.8558 -0.5173 -0.0028
vn -0.8330 -0.5533 -0.0006
vn -0.2830 -0.9586 0.0324
vn 0.9636 -0.2643 0.0389
vn 0.8137 0.5813 -0.0012
vn 0.8285 0.5599 0.0002
vn 0.8417 0.5400 0.0014
vn 0.8534 0.5213 0.0025
vn 0.8640 0.5034 0.0036
vn 0.8738 0.4863 0.0046
vn 0.8828 0.4697 0.0056
vn 0.8914 0.4532 0.0065
vn 0.8995 0.4368 0.0074
vn 0.9153 0.4026 0.0093
vn 0.9238 0.3828 0.0104
vn 0.9329 0.3599 0.0116
vn 0.9414 0.3371 0.0128
vn 0.9486 0.3163 0.0139
vn 0.9549 0.2966 0.0149
vn 0.9606 0.2774 0.0159
vn 0.9659 0.2583 0.0169
vn 0.9709 0.2387 0.0179
vn 0.9758 0.2180 0.0189
vn 0.9805 0.1957 0.0199
vn 0.9850 0.1710 0.0211
vn 0.9895 0.1430 0.0224
vn 0.5785 0.8155 -0.0178
vn -0.3660 0.9293 -0.0498
vn -0.8821 0.4688 -0.0452
vn -0.8891 0.4556 -0.0448
vn -0.8945 0.4448 -0.0445
vn -0.8991 0.4355 -0.0443
vn -0.9031 0.4272 -0.0440
vn -0.9067 0.4195 -0.0438
vn -0.9102 0.4120 -0.0436
vn -0.9135 0.4044 -0.0434
vn -0.9170 0.3966 -0.0432
vn -0.9206 0.3881 -0.0429
vn -0.9246 0.3787 -0.0426
vn -0.9262 0.3747 -0.0425
vn -0.9280 0.3703 -0.0424
vn -0.9320 0.3601 -0.0420
vn -0.9353 0.3513 -0.0418
vn -0.9382 0.3436 -0.0415
vn -0.9408 0.3365 -0.0413
vn -0.9432 0.3296 -0.0411
vn -0.9456 0.3229 -0.0409
vn -0.9479 0.3159 -0.0406
vn -0.9504 0.3083 -0.0404
vn -0.9532 0.2998 -0.0401
vn -0.9563 0.2896 -0.0398
vn -0.8854 -0.4647 -0.0058
vn 0.4808 -0.8754 0.0508
vn 0.9661 -0.2551 0.0386
vn 0.9620 -0.2702 0.0391
vn 0.9582 -0.2833 0.0396
vn 0.9547 -0.2948 0.0399
vn 0.9514 -0.3052 0.0403
vn 0.9483 -0.3147 0.0406
vn 0.9453 -0.3235 0.0409
vn 0.9424 -0.3320 0.0412
vn 0.9395 -0.3402 0.0414
vn 0.9365 -0.3483 0.0417
vn 0.9333 -0.3566 0.0419
vn 0.9307 -0.3635 0.0421
vn 0.9279 -0.3704 0.0424
vn 0.9246 -0.3786 0.0426
vn 0.9212 -0.3866 0.0429
vn 0.9178 -0.3947 0.0431
vn 0.9141 -0.4031 0.0433
vn 0.9100 -0.4122 0.0436
vn 0.9054 -0.4223 0.0439
vn 0.8999 -0.4339 0.0442
vn 0.8932 -0.4475 0.0446
vn 0.8847 -0.4640 0.0451
vn 0.8735 -0.4848 0.0456
vn 0.9343 0.3562 0.0118
vn -0.9996 -0.0061 -0.0285
vn -0.9993 -0.0267 -0.0276
vn -0.9979 -0.0593 -0.0262
vn -0.9947 -0.0998 -0.0244
vn -0.9886 -0.1492 -0.0221
vn -0.9780 -0.2077 -0.0194
vn -0.9614 -0.2747 -0.0161
vn -0.9376 -0.3476 -0.0123
vn -0.9065 -0.4221 -0.0082
vn -0.8702 -0.4927 -0.0042
vn -0.8323 -0.5543 -0.0005
vn -0.7972 -0.6037 0.0026
vn -0.7622 -0.6473 0.0054
vn -0.7178 -0.6962 0.0088
vn -0.6669 -0.7450 0.0123
vn -0.6181 -0.7860 0.0154
vn -0.5720 -0.8201 0.0182
vn -0.5291 -0.8483 0.0206
vn -0.4897 -0.8716 0.0228
vn -0.4538 -0.8908 0.0246
vn -0.4213 -0.9065 0.0262
vn -0.3923 -0.9194 0.0276
vn -0.3667 -0.9299 0.0288
vn -0.3444 -0.9383 0.0298
vn 0.2343 -0.9710 0.0478
vn 0.9618 0.2731 0.0161
vn 0.2762 0.9605 -0.0327
vn 0.3479 0.9371 -0.0296
vn 0.3872 0.9216 -0.0278
vn 0.4288 0.9030 -0.0258
vn 0.4724 0.8811 -0.0237
vn 0.5176 0.8554 -0.0213
vn 0.5640 0.8256 -0.0187
vn 0.6111 0.7914 -0.0159
vn 0.6582 0.7527 -0.0129
vn 0.7045 0.7096 -0.0097
vn 0.7555 0.6552 -0.0060
vn 0.8062 0.5916 -0.0018
vn 0.8520 0.5236 0.0024
vn 0.8946 0.4467 0.0069
vn 0.9306 0.3660 0.0113
vn 0.9578 0.2871 0.0154
vn 0.9764 0.2152 0.0190
vn 0.9879 0.1535 0.0219
vn 0.9944 0.1033 0.0242
vn 0.9976 0.0642 0.0260
vn 0.9990 0.0352 0.0273
vn 0.9995 0.0145 0.0281
vn 0.9996 -0.0025 0.0289
vn 0.9995 -0.0099 0.0292
vn 0.9994 -0.0199 0.0296
vn 0.9991 -0.0300 0.0300
vn 0.9987 -0.0402 0.0304
vn 0.9982 -0.0505 0.0309
vn 0.9977 -0.0607 0.0313
vn 0.9970 -0.0708 0.0317
vn 0.9962 -0.0809 0.0321
vn 0.9953 -0.0908 0.0325
vn 0.9944 -0.1005 0.0329
vn 0.9934 -0.1099 0.0332
vn 0.7470 0.6648 -0.0066
vn -0.7323 0.6792 -0.0498
vn -0.9971 -0.0716 -0.0257
vn -0.9976 -0.0637 -0.0260
vn -0.9981 -0.0561 -0.0264
vn -0.9985 -0.0487 -0.0267
vn -0.9988 -0.0416 -0.0270
vn -0.9990 -0.0347 -0.0273
vn -0.9992 -0.0282 -0.0276
vn -0.9994 -0.0220 -0.0278
vn -0.9995 -0.0161 -0.0281
vn -0.9995 -0.0104 -0.0283
vn -0.9996 -0.0051 -0.0286
vn -0.9996 -0.0013 -0.0287
vn -0.9996 0.0032 -0.0289
vn -0.9995 0.0119 -0.0293
vn -0.9993 0.0224 -0.0297
vn -0.9990 0.0316 -0.0301
vn -0.9987 0.0398 -0.0304
vn -0.9984 0.0475 -0.0307
vn -0.9980 0.0549 -0.0310
vn -0.9976 0.0622 -0.0313
vn -0.9971 0.0697 -0.0316
vn -0.9965 0.0777 -0.0320
vn -0.9957 0.0868 -0.0323
vn -0.9947 0.0974 -0.0327
vn -0.7433 -0.6690 0.0069
vn 0.7491 -0.6606 0.0495
vn 0.9925 0.1200 0.0235
vn 0.9937 0.1096 0.0240
vn 0.9947 0.1002 0.0244
vn 0.9955 0.0912 0.0248
vn 0.9963 0.0822 0.0252
vn 0.9970 0.0730 0.0256
vn 0.9977 0.0633 0.0260
vn 0.9982 0.0529 0.0265
vn 0.9988 0.0416 0.0270
vn 0.9992 0.0292 0.0275
vn 0.9995 0.0153 0.0281
vn 0.9996 0.0040 0.0286
vn 0.9996 -0.0042 0.0289
vn 0.9995 -0.0149 0.0294
vn 0.9992 -0.0265 0.0299
vn 0.9989 -0.0356 0.0302
vn 0.9986 -0.0431 0.0306
vn 0.9983 -0.0497 0.0308
vn 0.9980 -0.0559 0.0311
vn 0.9976 -0.0620 0.0313
vn 0.9972 -0.0682 0.0316
vn 0.9967 -0.0750 0.0319
vn 0.9960 -0.0829 0.0322
vn 0.9952 -0.0926 0.0326
vn 0.7415 0.6710 -0.0070
vn -0.7406 0.6701 -0.0496
vn -0.9951 -0.0961 -0.0246
vn -0.9958 -0.0883 -0.0249
vn -0.9964 -0.0810 -0.0253
vn -0.9969 -0.0738 -0.0256
vn -0.9974 -0.0666 -0.0259
vn -0.9979 -0.0592 -0.0262
vn -0.9983 -0.0514 -0.0266
vn -0.9987 -0.0431 -0.0269
vn -0.9990 -0.0340 -0.0273
vn -0.9993 -0.0240 -0.0277
vn -0.9995 -0.0127 -0.0282
vn -0.9996 -0.0033 -0.0286
vn 0.5483 0.8360 -0.0196
vn 0.5726 0.8196 -0.0182
vn 0.5951 0.8035 -0.0168
vn 0.6361 0.7714 -0.0143
vn 0.6556 0.7550 -0.0131
vn 0.6748 0.7379 -0.0118
vn 0.6942 0.7197 -0.0104
vn 0.7142 0.6999 -0.0090
vn 0.7352 0.6778 -0.0075
vn 0.7580 0.6523 -0.0058
vn 0.0555 0.9976 -0.0406
vn -0.9993 0.0245 -0.0298
vn -0.7212 -0.6927 0.0085
vn -0.7035 -0.7106 0.0098
vn -0.6871 -0.7264 0.0109
vn -0.6717 -0.7407 0.0120
vn -0.6568 -0.7540 0.0130
vn -0.6421 -0.7665 0.0139
vn -0.6273 -0.7786 0.0149
vn -0.6123 -0.7904 0.0158
vn -0.5968 -0.8022 0.0167
vn -0.5805 -0.8141 0.0177
vn -0.5632 -0.8261 0.0187
vn -0.8815 -0.4721 -0.0054
vn -0.9996 0.0014 -0.0288
vn -0.9996 0.0057 -0.0290
vn -0.9995 0.0118 -0.0293
vn -0.9994 0.0186 -0.0295
vn -0.9992 0.0265 -0.0299
vn -0.9989 0.0357 -0.0303
vn -0.9984 0.0468 -0.0307
vn -0.9977 0.0604 -0.0313
vn -0.9944 0.1003 -0.0329
vn -0.9907 0.1314 -0.0341
vn -0.9836 0.1768 -0.0358
vn -0.7764 -0.6302 0.0043
vn 0.7439 -0.6664 0.0496
vn 0.9962 0.0834 0.0251
vn 0.9971 0.0713 0.0257
vn 0.9977 0.0618 0.0261
vn 0.9982 0.0537 0.0265
vn 0.9986 0.0465 0.0268
vn 0.9988 0.0396 0.0271
vn 0.9991 0.0328 0.0274
vn 0.9993 0.0258 0.0277
vn 0.9994 0.0182 0.0280
vn 0.9996 0.0096 0.0284
vn 0.9996 0.0025 0.0287
vn 0.8563 0.5165 0.0028
vn 0.8876 -0.4584 0.0449
vn -0.4467 -0.8943 0.0250
vn -0.4340 -0.9006 0.0256
vn -0.4213 -0.9066 0.0262
vn -0.4083 -0.9124 0.0268
vn -0.3950 -0.9183 0.0275
vn -0.3812 -0.9241 0.0281
vn -0.3666 -0.9299 0.0288
vn -0.3511 -0.9359 0.0295
vn -0.3344 -0.9419 0.0302
vn -0.3164 -0.9481 0.0310
vn 0.3815 -0.9230 0.0500
vn 0.9121 0.4099 0.0089
vn 0.2672 0.9631 -0.0330
vn 0.3003 0.9533 -0.0317
vn 0.3294 0.9437 -0.0304
vn 0.3552 0.9343 -0.0293
vn 0.3787 0.9251 -0.0282
vn 0.4207 0.9068 -0.0262
vn 0.4405 0.8974 -0.0253
vn 0.4601 0.8875 -0.0243
vn 0.4804 0.8768 -0.0232
vn 0.5021 0.8645 -0.0221
vn 0.5245 0.8511 -0.0209
vn -0.2304 0.9719 -0.0477
vn -0.4596 0.8867 -0.0507
vn -0.6533 0.7554 -0.0507
vn -0.7922 0.6083 -0.0485
vn -0.8810 0.4710 -0.0453
vn -0.9341 0.3547 -0.0419
vn -0.9648 0.2602 -0.0388
vn -0.9822 0.1845 -0.0361
vn -0.9917 0.1237 -0.0338
vn -0.9967 0.0744 -0.0318
vn -0.9990 0.0341 -0.0302
vn -0.9996 0.0060 -0.0290
vn -0.9996 -0.0079 -0.0284
vn -0.9995 -0.0162 -0.0281
vn -0.9993 -0.0251 -0.0277
vn -0.9990 -0.0346 -0.0273
vn -0.9986 -0.0449 -0.0268
vn -0.9981 -0.0559 -0.0264
vn -0.9974 -0.0679 -0.0258
vn -0.9964 -0.0809 -0.0253
vn -0.9952 -0.0951 -0.0246
vn -0.9936 -0.1106 -0.0239
vn -0.9915 -0.1277 -0.0231
vn -0.9899 -0.1402 -0.0226
vn -0.9895 -0.1428 -0.0224
vn -0.9883 -0.1506 -0.0221
vn -0.9850 -0.1712 -0.0211
vn -0.9798 -0.1991 -0.0198
vn -0.9714 -0.2369 -0.0179
vn -0.9576 -0.2878 -0.0154
vn -0.9342 -0.3566 -0.0118
vn -0.8936 -0.4489 -0.0067
vn -0.8223 -0.5690 0.0004
vn -0.7005 -0.7136 0.0100
vn -0.5107 -0.8595 0.0216
vn -0.2634 -0.9641 0.0332
vn 0.2611 -0.9641 0.0483
vn 0.5086 -0.8595 0.0510
vn 0.6988 -0.7136 0.0503
vn 0.8209 -0.5690 0.0477
vn 0.8925 -0.4489 0.0447
vn 0.9569 -0.2878 0.0397
vn 0.9708 -0.2369 0.0379
vn 0.9793 -0.1991 0.0366
vn 0.9846 -0.1712 0.0356
vn 0.9880 -0.1506 0.0348
vn 0.9892 -0.1428 0.0345
vn 0.9895 -0.1402 0.0344
vn 0.9912 -0.1278 0.0339
vn 0.9933 -0.1106 0.0333
vn 0.9949 -0.0951 0.0327
vn 0.9972 -0.0679 0.0316
vn 0.9985 -0.0449 0.0306
vn 0.9989 -0.0346 0.0302
vn 0.9992 -0.0251 0.0298
vn 0.9994 -0.0162 0.0294
vn 0.9995 -0.0079 0.0291
vn 0.9996 0.0060 0.0285
vn 0.9990 0.0341 0.0273
vn 0.9969 0.0744 0.0255
vn 0.9920 0.1237 0.0233
vn 0.9826 0.1845 0.0205
vn 0.9654 0.2602 0.0168
vn 0.9349 0.3547 0.0119
vn 0.8821 0.4710 0.0055
vn 0.7937 0.6083 -0.0029
vn 0.6551 0.7554 -0.0131
vn 0.4618 0.8867 -0.0242
vn 0.2327 0.9719 -0.0344
vn -0.9906 -0.1348 -0.0228
vn -0.9639 -0.2659 -0.0165
vn -0.9207 -0.3902 -0.0100
vn -0.8627 -0.5058 -0.0034
vn -0.7913 -0.6115 0.0031
vn -0.7077 -0.7065 0.0095
vn -0.6127 -0.7901 0.0158
vn -0.5071 -0.8616 0.0218
vn -0.3915 -0.9198 0.0276
vn -0.2672 -0.9631 0.0330
vn 0.1336 -0.9900 0.0457
vn 0.2649 -0.9631 0.0483
vn 0.3893 -0.9198 0.0501
vn 0.5050 -0.8616 0.0510
vn 0.6108 -0.7901 0.0510
vn 0.7898 -0.6115 0.0486
vn 0.8614 -0.5058 0.0462
vn 0.9197 -0.3902 0.0430
vn 0.9632 -0.2659 0.0390
vn 0.9903 -0.1348 0.0342
vn 0.9906 0.1348 0.0228
vn 0.9639 0.2659 0.0165
vn 0.9207 0.3902 0.0100
vn 0.8627 0.5058 0.0034
vn 0.7913 0.6115 -0.0031
vn 0.6127 0.7902 -0.0158
vn 0.5071 0.8616 -0.0218
vn 0.3915 0.9198 -0.0276
vn 0.1360 0.9900 -0.0379
vn -0.1336 0.9900 -0.0457
vn -0.2649 0.9631 -0.0483
vn -0.3893 0.9198 -0.0501
vn -0.5050 0.8616 -0.0510
vn -0.6108 0.7901 -0.0510
vn -0.7898 0.6115 -0.0486
vn -0.8614 0.5058 -0.0462
vn -0.9197 0.3902 -0.0430
vn -0.9632 0.2659 -0.0390
vn -0.9903 0.1348 -0.0342
vn 0.9921 0.1237 0.0233
vn 0.6108 -0.7902 0.0510
vn -0.9903 0.1347 -0.0342
vt 0.991736 0.000000
vt 0.396694 0.000000
vt 1.000000 0.000000
vt 0.983471 0.000000
vt 0.404959 0.000000
vt 0.975207 0.000000
vt 0.413223 0.000000
vt 0.966942 0.000000
vt 0.421488 0.000000
vt 0.958678 0.000000
vt 0.429752 0.000000
vt 0.950413 0.000000
vt 0.438017 0.000000
vt 0.942149 0.000000
vt 0.446281 0.000000
vt 0.933884 0.000000
vt 0.454545 0.000000
vt 0.925620 0.000000
vt 0.462810 0.000000
vt 0.917355 0.000000
vt 0.471074 0.000000
vt 0.909091 0.000000
vt 0.479339 0.000000
vt 0.487603 0.000000
vt 0.900826 0.000000
vt 0.495868 0.000000
vt 0.892562 0.000000
vt 0.884298 0.000000
vt 0.504132 0.000000
vt 0.512397 0.000000
vt 0.876033 0.000000
vt 0.520661 0.000000
vt 0.867769 0.000000
vt 0.528926 0.000000
vt 0.859504 0.000000
vt 0.537190 0.000000
vt 0.851240 0.000000
vt 0.545455 0.000000
vt 0.842975 0.000000
vt 0.553719 0.000000
vt 0.834711 0.000000
vt 0.561983 0.000000
vt 0.826446 0.000000
vt 0.818182 0.000000
vt 0.570248 0.000000
vt 0.809917 0.000000
vt 0.578512 0.000000
vt 0.586777 0.000000
vt 0.801653 0.000000
vt 0.595041 0.000000
vt 0.793388 0.000000
vt 0.785124 0.000000
vt 0.603306 0.000000
vt 0.776860 0.000000
vt 0.611570 0.000000
vt 0.768595 0.000000
vt 0.619835 0.000000
vt 0.760331 0.000000
vt 0.628099 0.000000
vt 0.752066 0.000000
vt 0.636364 0.000000
vt 0.743802 0.000000
vt 0.644628 0.000000
vt 0.735537 0.000000
vt 0.652893 0.000000
vt 0.727273 0.000000
vt 0.661157 0.000000
vt 0.719008 0.000000
vt 0.669421 0.000000
vt 0.710744 0.000000
vt 0.677686 0.000000
vt 0.702479 0.000000
vt 0.685950 0.000000
vt 0.694215 0.000000
vt 0.280992 0.000000
vt 0.297521 0.000000
vt 0.289256 0.000000
vt 0.305785 0.000000
vt 0.272727 0.000000
vt 0.314050 0.000000
vt 0.264463 0.000000
vt 0.322314 0.000000
vt 0.256198 0.000000
vt 0.330579 0.000000
vt 0.247934 0.000000
vt 0.338843 0.000000
vt 0.239669 0.000000
vt 0.347107 0.000000
vt 0.231405 0.000000
vt 0.355372 0.000000
vt 0.223140 0.000000
vt 0.363636 0.000000
vt 0.214876 0.000000
vt 0.371901 0.000000
vt 0.206612 0.000000
vt 0.380165 0.000000
vt 0.198347 0.000000
vt 0.190083 0.000000
vt 0.388430 0.000000
vt 0.181818 0.000000
vt 0.000000 0.000000
vt 0.173554 0.000000
vt 0.008264 0.000000
vt 0.016529 0.000000
vt 0.165289 0.000000
vt 0.024793 0.000000
vt 0.157025 0.000000
vt 0.033058 0.000000
vt 0.148760 0.000000
vt 0.041322 0.000000
vt 0.140496 0.000000
vt 0.049587 0.000000
vt 0.132231 0.000000
vt 0.057851 0.000000
vt 0.123967 0.000000
vt 0.066116 0.000000
vt 0.115702 0.000000
vt 0.074380 0.000000
vt 0.107438 0.000000
vt 0.082645 0.000000
vt 0.099174 0.000000
vt 0.090909 0.000000
vt 0.131579 0.000000
vt 0.157895 0.000000
vt 0.144737 0.000000
vt 0.118421 0.000000
vt 0.105263 0.000000
vt 0.092105 0.000000
vt 0.078947 0.000000
vt 0.171053 0.000000
vt 0.065789 0.000000
vt 0.052632 0.000000
vt 0.184211 0.000000
vt 0.039474 0.000000
vt 0.197368 0.000000
vt 0.026316 0.000000
vt 0.210526 0.000000
vt 0.013158 0.000000
vt 0.223684 0.000000
vt 0.236842 0.000000
vt 0.250000 0.000000
vt 0.986842 0.000000
vt 0.973684 0.000000
vt 0.263158 0.000000
vt 0.960526 0.000000
vt 0.276316 0.000000
vt 0.947368 0.000000
vt 0.289474 0.000000
vt 0.934211 0.000000
vt 0.302632 0.000000
vt 0.921053 0.000000
vt 0.315789 0.000000
vt 0.907895 0.000000
vt 0.684211 0.000000
vt 0.328947 0.000000
vt 0.894737 0.000000
vt 0.881579 0.000000
vt 0.868421 0.000000
vt 0.855263 0.000000
vt 0.842105 0.000000
vt 0.697368 0.000000
vt 0.671053 0.000000
vt 0.828947 0.000000
vt 0.657895 0.000000
vt 0.710526 0.000000
vt 0.723684 0.000000
vt 0.736842 0.000000
vt 0.750000 0.000000
vt 0.763158 0.000000
vt 0.776316 0.000000
vt 0.789474 0.000000
vt 0.802632 0.000000
vt 0.815789 0.000000
vt 0.644737 0.000000
vt 0.342105 0.000000
vt 0.631579 0.000000
vt 0.355263 0.000000
vt 0.618421 0.000000
vt 0.368421 0.000000
vt 0.605263 0.000000
vt 0.381579 0.000000
vt 0.592105 0.000000
vt 0.394737 0.000000
vt 0.578947 0.000000
vt 0.407895 0.000000
vt 0.421053 0.000000
vt 0.565789 0.000000
vt 0.434211 0.000000
vt 0.552632 0.000000
vt 0.447368 0.000000
vt 0.539474 0.000000
vt 0.460526 0.000000
vt 0.526316 0.000000
vt 0.473684 0.000000
vt 0.513158 0.000000
vt 0.486842 0.000000
vt 0.500000 0.000000
vt 0.485380 0.000000
vt 0.497076 0.000000
vt 0.491228 0.000000
vt 0.502924 0.000000
vt 0.918129 0.000000
vt 0.929825 0.000000
vt 0.923977 0.000000
vt 0.935673 0.000000
vt 0.508772 0.000000
vt 0.479532 0.000000
vt 0.514620 0.000000
vt 0.941520 0.000000
vt 0.912281 0.000000
vt 0.520468 0.000000
vt 0.906433 0.000000
vt 0.467836 0.000000
vt 0.953216 0.000000
vt 0.900585 0.000000
vt 0.461988 0.000000
vt 0.959064 0.000000
vt 0.532164 0.000000
vt 0.456140 0.000000
vt 0.964912 0.000000
vt 0.888889 0.000000
vt 0.538012 0.000000
vt 0.450292 0.000000
vt 0.970760 0.000000
vt 0.883041 0.000000
vt 0.543860 0.000000
vt 0.444444 0.000000
vt 0.976608 0.000000
vt 0.877193 0.000000
vt 0.549708 0.000000
vt 0.438596 0.000000
vt 0.982456 0.000000
vt 0.871345 0.000000
vt 0.988304 0.000000
vt 0.555556 0.000000
vt 0.432749 0.000000
vt 0.865497 0.000000
vt 0.994152 0.000000
vt 0.859649 0.000000
vt 0.561404 0.000000
vt 0.426901 0.000000
vt 0.853801 0.000000
vt 0.567251 0.000000
vt 0.573099 0.000000
vt 0.847953 0.000000
vt 0.415205 0.000000
vt 0.409357 0.000000
vt 0.005848 0.000000
vt 0.403509 0.000000
vt 0.011696 0.000000
vt 0.836257 0.000000
vt 0.584795 0.000000
vt 0.397661 0.000000
vt 0.017544 0.000000
vt 0.391813 0.000000
vt 0.023392 0.000000
vt 0.830409 0.000000
vt 0.590643 0.000000
vt 0.385965 0.000000
vt 0.029240 0.000000
vt 0.380117 0.000000
vt 0.035088 0.000000
vt 0.824561 0.000000
vt 0.596491 0.000000
vt 0.374269 0.000000
vt 0.040936 0.000000
vt 0.046784 0.000000
vt 0.818713 0.000000
vt 0.602339 0.000000
vt 0.362573 0.000000
vt 0.356725 0.000000
vt 0.058480 0.000000
vt 0.350877 0.000000
vt 0.064327 0.000000
vt 0.812865 0.000000
vt 0.608187 0.000000
vt 0.345029 0.000000
vt 0.070175 0.000000
vt 0.807018 0.000000
vt 0.614035 0.000000
vt 0.339181 0.000000
vt 0.076023 0.000000
vt 0.801170 0.000000
vt 0.619883 0.000000
vt 0.333333 0.000000
vt 0.795322 0.000000
vt 0.625731 0.000000
vt 0.081871 0.000000
vt 0.327485 0.000000
vt 0.783626 0.000000
vt 0.321637 0.000000
vt 0.637427 0.000000
vt 0.087719 0.000000
vt 0.777778 0.000000
vt 0.643275 0.000000
vt 0.649123 0.000000
vt 0.771930 0.000000
vt 0.654971 0.000000
vt 0.766082 0.000000
vt 0.660819 0.000000
vt 0.760234 0.000000
vt 0.666667 0.000000
vt 0.754386 0.000000
vt 0.093567 0.000000
vt 0.672515 0.000000
vt 0.748538 0.000000
vt 0.678363 0.000000
vt 0.309942 0.000000
vt 0.742690 0.000000
vt 0.690058 0.000000
vt 0.730994 0.000000
vt 0.695906 0.000000
vt 0.725146 0.000000
vt 0.701754 0.000000
vt 0.719298 0.000000
vt 0.304094 0.000000
vt 0.707602 0.000000
vt 0.713450 0.000000
vt 0.099415 0.000000
vt 0.298246 0.000000
vt 0.292398 0.000000
vt 0.286550 0.000000
vt 0.111111 0.000000
vt 0.280702 0.000000
vt 0.116959 0.000000
vt 0.274854 0.000000
vt 0.269006 0.000000
vt 0.122807 0.000000
vt 0.257310 0.000000
vt 0.128655 0.000000
vt 0.251462 0.000000
vt 0.245614 0.000000
vt 0.134503 0.000000
vt 0.239766 0.000000
vt 0.233918 0.000000
vt 0.140351 0.000000
vt 0.228070 0.000000
vt 0.222222 0.000000
vt 0.216374 0.000000
vt 0.146199 0.000000
vt 0.152047 0.000000
vt 0.204678 0.000000
vt 0.163743 0.000000
vt 0.169591 0.000000
vt 0.175439 0.000000
vt 0.181287 0.000000
vt 0.187135 0.000000
vt 0.192982 0.000000
vt 0.198830 0.000000
vt 0.753623 0.000000
vt 0.531401 0.000000
vt 0.758454 0.000000
vt 0.748792 0.000000
vt 0.536232 0.000000
vt 0.743961 0.000000
vt 0.541063 0.000000
vt 0.739130 0.000000
vt 0.545894 0.000000
vt 0.734300 0.000000
vt 0.550725 0.000000
vt 0.729469 0.000000
vt 0.560386 0.000000
vt 0.724638 0.000000
vt 0.565217 0.000000
vt 0.719807 0.000000
vt 0.570048 0.000000
vt 0.714976 0.000000
vt 0.574879 0.000000
vt 0.710145 0.000000
vt 0.410628 0.000000
vt 0.405797 0.000000
vt 0.579710 0.000000
vt 0.705314 0.000000
vt 0.415459 0.000000
vt 0.400966 0.000000
vt 0.420290 0.000000
vt 0.396135 0.000000
vt 0.425121 0.000000
vt 0.391304 0.000000
vt 0.429952 0.000000
vt 0.386473 0.000000
vt 0.434783 0.000000
vt 0.439614 0.000000
vt 0.381643 0.000000
vt 0.376812 0.000000
vt 0.449275 0.000000
vt 0.371981 0.000000
vt 0.768116 0.000000
vt 0.763285 0.000000
vt 0.584541 0.000000
vt 0.700483 0.000000
vt 0.454106 0.000000
vt 0.367150 0.000000
vt 0.458937 0.000000
vt 0.362319 0.000000
vt 0.463768 0.000000
vt 0.357488 0.000000
vt 0.468599 0.000000
vt 0.352657 0.000000
vt 0.347826 0.000000
vt 0.473430 0.000000
vt 0.695652 0.000000
vt 0.589372 0.000000
vt 0.342995 0.000000
vt 0.478261 0.000000
vt 0.338164 0.000000
vt 0.483092 0.000000
vt 0.487923 0.000000
vt 0.328502 0.000000
vt 0.492754 0.000000
vt 0.690821 0.000000
vt 0.594203 0.000000
vt 0.772947 0.000000
vt 0.323671 0.000000
vt 0.497585 0.000000
vt 0.995169 0.000000
vt 0.318841 0.000000
vt 0.502415 0.000000
vt 0.314010 0.000000
vt 0.507246 0.000000
vt 0.512077 0.000000
vt 0.309179 0.000000
vt 0.516908 0.000000
vt 0.304348 0.000000
vt 0.521739 0.000000
vt 0.299517 0.000000
vt 0.526570 0.000000
vt 0.685990 0.000000
vt 0.599034 0.000000
vt 0.681159 0.000000
vt 0.603865 0.000000
vt 0.782609 0.000000
vt 0.676328 0.000000
vt 0.608696 0.000000
vt 0.990338 0.000000
vt 0.671498 0.000000
vt 0.613527 0.000000
vt 0.787440 0.000000
vt 0.985507 0.000000
vt 0.618357 0.000000
vt 0.661836 0.000000
vt 0.623188 0.000000
vt 0.792271 0.000000
vt 0.980676 0.000000
vt 0.628019 0.000000
vt 0.657005 0.000000
vt 0.632850 0.000000
vt 0.652174 0.000000
vt 0.637681 0.000000
vt 0.647343 0.000000
vt 0.642512 0.000000
vt 0.975845 0.000000
vt 0.797101 0.000000
vt 0.971014 0.000000
vt 0.801932 0.000000
vt 0.966184 0.000000
vt 0.806763 0.000000
vt 0.961353 0.000000
vt 0.811594 0.000000
vt 0.956522 0.000000
vt 0.816425 0.000000
vt 0.951691 0.000000
vt 0.821256 0.000000
vt 0.946860 0.000000
vt 0.826087 0.000000
vt 0.942029 0.000000
vt 0.830918 0.000000
vt 0.937198 0.000000
vt 0.835749 0.000000
vt 0.932367 0.000000
vt 0.840580 0.000000
vt 0.927536 0.000000
vt 0.845411 0.000000
vt 0.922705 0.000000
vt 0.850242 0.000000
vt 0.917874 0.000000
vt 0.855072 0.000000
vt 0.913043 0.000000
vt 0.859903 0.000000
vt 0.908213 0.000000
vt 0.864734 0.000000
vt 0.903382 0.000000
vt 0.869565 0.000000
vt 0.898551 0.000000
vt 0.874396 0.000000
vt 0.893720 0.000000
vt 0.879227 0.000000
vt 0.884058 0.000000
vt 0.289855 0.000000
vt 0.294686 0.000000
vt 0.004831 0.000000
vt 0.285024 0.000000
vt 0.009662 0.000000
vt 0.014493 0.000000
vt 0.019324 0.000000
vt 0.024155 0.000000
vt 0.280193 0.000000
vt 0.028986 0.000000
vt 0.033816 0.000000
vt 0.038647 0.000000
vt 0.043478 0.000000
vt 0.048309 0.000000
vt 0.275362 0.000000
vt 0.053140 0.000000
vt 0.057971 0.000000
vt 0.062802 0.000000
vt 0.067633 0.000000
vt 0.270531 0.000000
vt 0.072464 0.000000
vt 0.265700 0.000000
vt 0.077295 0.000000
vt 0.260870 0.000000
vt 0.082126 0.000000
vt 0.086957 0.000000
vt 0.256039 0.000000
vt 0.091787 0.000000
vt 0.251208 0.000000
vt 0.096618 0.000000
vt 0.246377 0.000000
vt 0.101449 0.000000
vt 0.241546 0.000000
vt 0.106280 0.000000
vt 0.236715 0.000000
vt 0.231884 0.000000
vt 0.227053 0.000000
vt 0.115942 0.000000
vt 0.120773 0.000000
vt 0.217391 0.000000
vt 0.125604 0.000000
vt 0.212560 0.000000
vt 0.130435 0.000000
vt 0.207729 0.000000
vt 0.135266 0.000000
vt 0.202899 0.000000
vt 0.140097 0.000000
vt 0.198068 0.000000
vt 0.144928 0.000000
vt 0.193237 0.000000
vt 0.149758 0.000000
vt 0.188406 0.000000
vt 0.183575 0.000000
vt 0.154589 0.000000
vt 0.178744 0.000000
vt 0.159420 0.000000
vt 0.164251 0.000000
vt 0.169082 0.000000
vt 0.173913 0.000000
vt 0.904762 0.000000
vt 0.918367 0.000000
vt 0.911565 0.000000
vt 0.659864 0.000000
vt 0.673469 0.000000
vt 0.897959 0.000000
vt 0.680272 0.000000
vt 0.891156 0.000000
vt 0.687075 0.000000
vt 0.884354 0.000000
vt 0.693878 0.000000
vt 0.700680 0.000000
vt 0.877551 0.000000
vt 0.707483 0.000000
vt 0.870748 0.000000
vt 0.714286 0.000000
vt 0.863946 0.000000
vt 0.721088 0.000000
vt 0.857143 0.000000
vt 0.727891 0.000000
vt 0.850340 0.000000
vt 0.734694 0.000000
vt 0.843537 0.000000
vt 0.741497 0.000000
vt 0.836735 0.000000
vt 0.748299 0.000000
vt 0.829932 0.000000
vt 0.755102 0.000000
vt 0.761905 0.000000
vt 0.768707 0.000000
vt 0.775510 0.000000
vt 0.782313 0.000000
vt 0.789116 0.000000
vt 0.795918 0.000000
vt 0.802721 0.000000
vt 0.809524 0.000000
vt 0.816327 0.000000
vt 0.823129 0.000000
vt 0.925170 0.000000
vt 0.931973 0.000000
vt 0.938776 0.000000
vt 0.945578 0.000000
vt 0.653061 0.000000
vt 0.952381 0.000000
vt 0.959184 0.000000
vt 0.646259 0.000000
vt 0.639456 0.000000
vt 0.965986 0.000000
vt 0.632653 0.000000
vt 0.972789 0.000000
vt 0.625850 0.000000
vt 0.979592 0.000000
vt 0.619048 0.000000
vt 0.612245 0.000000
vt 0.986395 0.000000
vt 0.489796 0.000000
vt 0.993197 0.000000
vt 0.605442 0.000000
vt 0.598639 0.000000
vt 0.591837 0.000000
vt 0.585034 0.000000
vt 0.578231 0.000000
vt 0.571429 0.000000
vt 0.564626 0.000000
vt 0.557823 0.000000
vt 0.551020 0.000000
vt 0.544218 0.000000
vt 0.530612 0.000000
vt 0.523810 0.000000
vt 0.517007 0.000000
vt 0.482993 0.000000
vt 0.496599 0.000000
vt 0.510204 0.000000
vt 0.503401 0.000000
vt 0.006803 0.000000
vt 0.537415 0.000000
vt 0.476190 0.000000
vt 0.013605 0.000000
vt 0.469388 0.000000
vt 0.020408 0.000000
vt 0.462585 0.000000
vt 0.455782 0.000000
vt 0.027211 0.000000
vt 0.448980 0.000000
vt 0.034014 0.000000
vt 0.442177 0.000000
vt 0.040816 0.000000
vt 0.435374 0.000000
vt 0.047619 0.000000
vt 0.428571 0.000000
vt 0.054422 0.000000
vt 0.421769 0.000000
vt 0.061224 0.000000
vt 0.414966 0.000000
vt 0.408163 0.000000
vt 0.068027 0.000000
vt 0.074830 0.000000
vt 0.081633 0.000000
vt 0.401361 0.000000
vt 0.088435 0.000000
vt 0.095238 0.000000
vt 0.394558 0.000000
vt 0.102041 0.000000
vt 0.387755 0.000000
vt 0.108844 0.000000
vt 0.380952 0.000000
vt 0.244898 0.000000
vt 0.251701 0.000000
vt 0.238095 0.000000
vt 0.115646 0.000000
vt 0.231293 0.000000
vt 0.374150 0.000000
vt 0.258503 0.000000
vt 0.224490 0.000000
vt 0.122449 0.000000
vt 0.367347 0.000000
vt 0.265306 0.000000
vt 0.217687 0.000000
vt 0.360544 0.000000
vt 0.129252 0.000000
vt 0.272109 0.000000
vt 0.210884 0.000000
vt 0.353741 0.000000
vt 0.136054 0.000000
vt 0.278912 0.000000
vt 0.346939 0.000000
vt 0.204082 0.000000
vt 0.142857 0.000000
vt 0.285714 0.000000
vt 0.340136 0.000000
vt 0.197279 0.000000
vt 0.149660 0.000000
vt 0.292517 0.000000
vt 0.190476 0.000000
vt 0.156463 0.000000
vt 0.299320 0.000000
vt 0.326531 0.000000
vt 0.183673 0.000000
vt 0.306122 0.000000
vt 0.176871 0.000000
vt 0.170068 0.000000
vt 0.163265 0.000000
vt 0.312925 0.000000
vt 0.319728 0.000000
vt 0.114286 0.000000
vt 0.133333 0.000000
vt 0.123810 0.000000
vt 0.152381 0.000000
vt 0.104762 0.000000
vt 0.161905 0.000000
vt 0.171429 0.000000
vt 0.085714 0.000000
vt 0.180952 0.000000
vt 0.076190 0.000000
vt 0.066667 0.000000
vt 0.200000 0.000000
vt 0.057143 0.000000
vt 0.209524 0.000000
vt 0.038095 0.000000
vt 0.219048 0.000000
vt 0.028571 0.000000
vt 0.228571 0.000000
vt 0.019048 0.000000
vt 0.009524 0.000000
vt 0.247619 0.000000
vt 0.257143 0.000000
vt 0.876190 0.000000
vt 0.895238 0.000000
vt 0.885714 0.000000
vt 0.371429 0.000000
vt 0.390476 0.000000
vt 0.914286 0.000000
vt 0.361905 0.000000
vt 0.923810 0.000000
vt 0.352381 0.000000
vt 0.933333 0.000000
vt 0.342857 0.000000
vt 0.942857 0.000000
vt 0.323810 0.000000
vt 0.961905 0.000000
vt 0.314286 0.000000
vt 0.304762 0.000000
vt 0.971429 0.000000
vt 0.295238 0.000000
vt 0.980952 0.000000
vt 0.990476 0.000000
vt 0.276190 0.000000
vt 0.266667 0.000000
vt 0.866667 0.000000
vt 0.847619 0.000000
vt 0.838095 0.000000
vt 0.828571 0.000000
vt 0.819048 0.000000
vt 0.800000 0.000000
vt 0.790476 0.000000
vt 0.780952 0.000000
vt 0.771429 0.000000
vt 0.752381 0.000000
vt 0.514286 0.000000
vt 0.504762 0.000000
vt 0.495238 0.000000
vt 0.485714 0.000000
vt 0.466667 0.000000
vt 0.457143 0.000000
vt 0.447619 0.000000
vt 0.438095 0.000000
vt 0.419048 0.000000
vt 0.409524 0.000000
vt 0.400000 0.000000
vt 0.742857 0.000000
vt 0.733333 0.000000
vt 0.533333 0.000000
vt 0.723810 0.000000
vt 0.542857 0.000000
vt 0.552381 0.000000
vt 0.704762 0.000000
vt 0.561905 0.000000
vt 0.695238 0.000000
vt 0.685714 0.000000
vt 0.676190 0.000000
vt 0.580952 0.000000
vt 0.657143 0.000000
vt 0.590476 0.000000
vt 0.647619 0.000000
vt 0.600000 0.000000
vt 0.638095 0.000000
vt 0.609524 0.000000
vt 0.628571 0.000000
vt 0.000000 1.000000
vt 0.009434 1.000000
vt 0.009434 0.000000
vt 0.018868 1.000000
vt 0.018868 0.000000
vt 0.028302 1.000000
vt 0.028302 0.000000
vt 0.037736 1.000000
vt 0.037736 0.000000
vt 0.047170 1.000000
vt 0.047170 0.000000
vt 0.056604 1.000000
vt 0.056604 0.000000
vt 0.066038 1.000000
vt 0.066038 0.000000
vt 0.075472 1.000000
vt 0.075472 0.000000
vt 0.084906 1.000000
vt 0.084906 0.000000
vt 0.094340 1.000000
vt 0.094340 0.000000
vt 0.103774 1.000000
vt 0.103774 0.000000
vt 0.113208 1.000000
vt 0.113208 0.000000
vt 0.122642 1.000000
vt 0.122642 0.000000
vt 0.132075 1.000000
vt 0.132075 0.000000
vt 0.141509 1.000000
vt 0.141509 0.000000
vt 0.150943 1.000000
vt 0.150943 0.000000
vt 0.160377 1.000000
vt 0.160377 0.000000
vt 0.169811 1.000000
vt 0.169811 0.000000
vt 0.179245 1.000000
vt 0.179245 0.000000
vt 0.188679 1.000000
vt 0.188679 0.000000
vt 0.198113 1.000000
vt 0.198113 0.000000
vt 0.207547 1.000000
vt 0.207547 0.000000
vt 0.216981 1.000000
vt 0.216981 0.000000
vt 0.226415 1.000000
vt 0.226415 0.000000
vt 0.235849 1.000000
vt 0.235849 0.000000
vt 0.245283 1.000000
vt 0.245283 0.000000
vt 0.254717 1.000000
vt 0.254717 0.000000
vt 0.264151 1.000000
vt 0.264151 0.000000
vt 0.273585 1.000000
vt 0.273585 0.000000
vt 0.283019 1.000000
vt 0.283019 0.000000
vt 0.292453 1.000000
vt 0.292453 0.000000
vt 0.301887 1.000000
vt 0.301887 0.000000
vt 0.311321 1.000000
vt 0.311321 0.000000
vt 0.320755 1.000000
vt 0.320755 0.000000
vt 0.330189 1.000000
vt 0.330189 0.000000
vt 0.339623 1.000000
vt 0.339623 0.000000
vt 0.349057 1.000000
vt 0.349057 0.000000
vt 0.358491 1.000000
vt 0.358491 0.000000
vt 0.367925 1.000000
vt 0.367925 0.000000
vt 0.377358 1.000000
vt 0.377358 0.000000
vt 0.386792 1.000000
vt 0.386792 0.000000
vt 0.396226 1.000000
vt 0.396226 0.000000
vt 0.405660 1.000000
vt 0.405660 0.000000
vt 0.415094 1.000000
vt 0.415094 0.000000
vt 0.424528 1.000000
vt 0.424528 0.000000
vt 0.433962 1.000000
vt 0.433962 0.000000
vt 0.443396 1.000000
vt 0.443396 0.000000
vt 0.452830 1.000000
vt 0.452830 0.000000
vt 0.462264 1.000000
vt 0.462264 0.000000
vt 0.471698 1.000000
vt 0.471698 0.000000
vt 0.481132 1.000000
vt 0.481132 0.000000
vt 0.490566 1.000000
vt 0.490566 0.000000
vt 0.500000 1.000000
vt 0.509434 1.000000
vt 0.509434 0.000000
vt 0.518868 1.000000
vt 0.518868 0.000000
vt 0.528302 1.000000
vt 0.528302 0.000000
vt 0.537736 1.000000
vt 0.537736 0.000000
vt 0.547170 1.000000
vt 0.547170 0.000000
vt 0.556604 1.000000
vt 0.556604 0.000000
vt 0.566038 1.000000
vt 0.566038 0.000000
vt 0.575472 1.000000
vt 0.575472 0.000000
vt 0.584906 1.000000
vt 0.584906 0.000000
vt 0.594340 1.000000
vt 0.594340 0.000000
vt 0.603774 1.000000
vt 0.603774 0.000000
vt 0.613208 1.000000
vt 0.613208 0.000000
vt 0.622642 1.000000
vt 0.622642 0.000000
vt 0.632075 1.000000
vt 0.632075 0.000000
vt 0.641509 1.000000
vt 0.641509 0.000000
vt 0.650943 1.000000
vt 0.650943 0.000000
vt 0.660377 1.000000
vt 0.660377 0.000000
vt 0.669811 1.000000
vt 0.669811 0.000000
vt 0.679245 1.000000
vt 0.679245 0.000000
vt 0.688679 1.000000
vt 0.688679 0.000000
vt 0.698113 1.000000
vt 0.698113 0.000000
vt 0.707547 1.000000
vt 0.707547 0.000000
vt 0.716981 1.000000
vt 0.716981 0.000000
vt 0.726415 1.000000
vt 0.726415 0.000000
vt 0.735849 1.000000
vt 0.735849 0.000000
vt 0.745283 1.000000
vt 0.745283 0.000000
vt 0.754717 1.000000
vt 0.754717 0.000000
vt 0.764151 1.000000
vt 0.764151 0.000000
vt 0.773585 1.000000
vt 0.773585 0.000000
vt 0.783019 1.000000
vt 0.783019 0.000000
vt 0.792453 1.000000
vt 0.792453 0.000000
vt 0.801887 1.000000
vt 0.801887 0.000000
vt 0.811321 1.000000
vt 0.811321 0.000000
vt 0.820755 1.000000
vt 0.820755 0.000000
vt 0.830189 1.000000
vt 0.830189 0.000000
vt 0.839623 1.000000
vt 0.839623 0.000000
vt 0.849057 1.000000
vt 0.849057 0.000000
vt 0.858491 1.000000
vt 0.858491 0.000000
vt 0.867925 1.000000
vt 0.867925 0.000000
vt 0.877358 1.000000
vt 0.877358 0.000000
vt 0.886792 1.000000
vt 0.886792 0.000000
vt 0.896226 1.000000
vt 0.896226 0.000000
vt 0.905660 1.000000
vt 0.905660 0.000000
vt 0.915094 1.000000
vt 0.915094 0.000000
vt 0.924528 1.000000
vt 0.924528 0.000000
vt 0.933962 1.000000
vt 0.933962 0.000000
vt 0.943396 1.000000
vt 0.943396 0.000000
vt 0.952830 1.000000
vt 0.952830 0.000000
vt 0.962264 1.000000
vt 0.962264 0.000000
vt 0.971698 1.000000
vt 0.971698 0.000000
vt 0.981132 1.000000
vt 0.981132 0.000000
vt 0.990566 1.000000
vt 0.990566 0.000000
vt 1.000000 1.000000
vt 0.012987 1.000000
vt 0.012987 0.000000
vt 0.025974 1.000000
vt 0.025974 0.000000
vt 0.038961 1.000000
vt 0.038961 0.000000
vt 0.051948 1.000000
vt 0.051948 0.000000
vt 0.064935 1.000000
vt 0.064935 0.000000
vt 0.077922 1.000000
vt 0.077922 0.000000
vt 0.090909 1.000000
vt 0.103896 1.000000
vt 0.103896 0.000000
vt 0.116883 1.000000
vt 0.116883 0.000000
vt 0.129870 1.000000
vt 0.129870 0.000000
vt 0.142857 1.000000
vt 0.155844 1.000000
vt 0.155844 0.000000
vt 0.168831 1.000000
vt 0.168831 0.000000
vt 0.181818 1.000000
vt 0.194805 1.000000
vt 0.194805 0.000000
vt 0.207792 1.000000
vt 0.207792 0.000000
vt 0.220779 1.000000
vt 0.220779 0.000000
vt 0.233766 1.000000
vt 0.233766 0.000000
vt 0.246753 1.000000
vt 0.246753 0.000000
vt 0.259740 1.000000
vt 0.259740 0.000000
vt 0.272727 1.000000
vt 0.285714 1.000000
vt 0.298701 1.000000
vt 0.298701 0.000000
vt 0.311688 1.000000
vt 0.311688 0.000000
vt 0.324675 1.000000
vt 0.324675 0.000000
vt 0.337662 1.000000
vt 0.337662 0.000000
vt 0.350649 1.000000
vt 0.350649 0.000000
vt 0.363636 1.000000
vt 0.376623 1.000000
vt 0.376623 0.000000
vt 0.389610 1.000000
vt 0.389610 0.000000
vt 0.402597 1.000000
vt 0.402597 0.000000
vt 0.415584 1.000000
vt 0.415584 0.000000
vt 0.428571 1.000000
vt 0.441558 1.000000
vt 0.441558 0.000000
vt 0.454545 1.000000
vt 0.467532 1.000000
vt 0.467532 0.000000
vt 0.480519 1.000000
vt 0.480519 0.000000
vt 0.493506 1.000000
vt 0.493506 0.000000
vt 0.506494 1.000000
vt 0.506494 0.000000
vt 0.519481 1.000000
vt 0.519481 0.000000
vt 0.532468 1.000000
vt 0.532468 0.000000
vt 0.545455 1.000000
vt 0.558442 1.000000
vt 0.558442 0.000000
vt 0.571429 1.000000
vt 0.584416 1.000000
vt 0.584416 0.000000
vt 0.597403 1.000000
vt 0.597403 0.000000
vt 0.610390 1.000000
vt 0.610390 0.000000
vt 0.623377 1.000000
vt 0.623377 0.000000
vt 0.636364 1.000000
vt 0.649351 1.000000
vt 0.649351 0.000000
vt 0.662338 1.000000
vt 0.662338 0.000000
vt 0.675325 1.000000
vt 0.675325 0.000000
vt 0.688312 1.000000
vt 0.688312 0.000000
vt 0.701299 1.000000
vt 0.701299 0.000000
vt 0.714286 1.000000
vt 0.727273 1.000000
vt 0.740260 1.000000
vt 0.740260 0.000000
vt 0.753247 1.000000
vt 0.753247 0.000000
vt 0.766234 1.000000
vt 0.766234 0.000000
vt 0.779221 1.000000
vt 0.779221 0.000000
vt 0.792208 1.000000
vt 0.792208 0.000000
vt 0.805195 1.000000
vt 0.805195 0.000000
vt 0.818182 1.000000
vt 0.831169 1.000000
vt 0.831169 0.000000
vt 0.844156 1.000000
vt 0.844156 0.000000
vt 0.857143 1.000000
vt 0.870130 1.000000
vt 0.870130 0.000000
vt 0.883117 1.000000
vt 0.883117 0.000000
vt 0.896104 1.000000
vt 0.896104 0.000000
vt 0.909091 1.000000
vt 0.922078 1.000000
vt 0.922078 0.000000
vt 0.935065 1.000000
vt 0.935065 0.000000
vt 0.948052 1.000000
vt 0.948052 0.000000
vt 0.961039 1.000000
vt 0.961039 0.000000
vt 0.974026 1.000000
vt 0.974026 0.000000
vt 0.987013 1.000000
vt 0.987013 0.000000
vt 0.006757 1.000000
vt 0.006757 0.000000
vt 0.013514 1.000000
vt 0.013514 0.000000
vt 0.020270 1.000000
vt 0.020270 0.000000
vt 0.027027 1.000000
vt 0.027027 0.000000
vt 0.033784 1.000000
vt 0.033784 0.000000
vt 0.040541 1.000000
vt 0.040541 0.000000
vt 0.047297 1.000000
vt 0.047297 0.000000
vt 0.054054 1.000000
vt 0.054054 0.000000
vt 0.060811 1.000000
vt 0.060811 0.000000
vt 0.067568 1.000000
vt 0.067568 0.000000
vt 0.074324 1.000000
vt 0.074324 0.000000
vt 0.081081 1.000000
vt 0.081081 0.000000
vt 0.087838 1.000000
vt 0.087838 0.000000
vt 0.094595 1.000000
vt 0.094595 0.000000
vt 0.101351 1.000000
vt 0.101351 0.000000
vt 0.108108 1.000000
vt 0.108108 0.000000
vt 0.114865 1.000000
vt 0.114865 0.000000
vt 0.121622 1.000000
vt 0.121622 0.000000
vt 0.128378 1.000000
vt 0.128378 0.000000
vt 0.135135 1.000000
vt 0.135135 0.000000
vt 0.141892 1.000000
vt 0.141892 0.000000
vt 0.148649 1.000000
vt 0.148649 0.000000
vt 0.155405 1.000000
vt 0.155405 0.000000
vt 0.162162 1.000000
vt 0.162162 0.000000
vt 0.168919 1.000000
vt 0.168919 0.000000
vt 0.175676 1.000000
vt 0.175676 0.000000
vt 0.182432 1.000000
vt 0.182432 0.000000
vt 0.189189 1.000000
vt 0.189189 0.000000
vt 0.195946 1.000000
vt 0.195946 0.000000
vt 0.202703 1.000000
vt 0.202703 0.000000
vt 0.209459 1.000000
vt 0.209459 0.000000
vt 0.216216 1.000000
vt 0.216216 0.000000
vt 0.222973 1.000000
vt 0.222973 0.000000
vt 0.229730 1.000000
vt 0.229730 0.000000
vt 0.236486 1.000000
vt 0.236486 0.000000
vt 0.243243 1.000000
vt 0.243243 0.000000
vt 0.250000 1.000000
vt 0.256757 1.000000
vt 0.256757 0.000000
vt 0.263514 1.000000
vt 0.263514 0.000000
vt 0.270270 1.000000
vt 0.270270 0.000000
vt 0.277027 1.000000
vt 0.277027 0.000000
vt 0.283784 1.000000
vt 0.283784 0.000000
vt 0.290541 1.000000
vt 0.290541 0.000000
vt 0.297297 1.000000
vt 0.297297 0.000000
vt 0.304054 1.000000
vt 0.304054 0.000000
vt 0.310811 1.000000
vt 0.310811 0.000000
vt 0.317568 1.000000
vt 0.317568 0.000000
vt 0.324324 1.000000
vt 0.324324 0.000000
vt 0.331081 1.000000
vt 0.331081 0.000000
vt 0.337838 1.000000
vt 0.337838 0.000000
vt 0.344595 1.000000
vt 0.344595 0.000000
vt 0.351351 1.000000
vt 0.351351 0.000000
vt 0.358108 1.000000
vt 0.358108 0.000000
vt 0.364865 1.000000
vt 0.364865 0.000000
vt 0.371622 1.000000
vt 0.371622 0.000000
vt 0.378378 1.000000
vt 0.378378 0.000000
vt 0.385135 1.000000
vt 0.385135 0.000000
vt 0.391892 1.000000
vt 0.391892 0.000000
vt 0.398649 1.000000
vt 0.398649 0.000000
vt 0.405405 1.000000
vt 0.405405 0.000000
vt 0.412162 1.000000
vt 0.412162 0.000000
vt 0.418919 1.000000
vt 0.418919 0.000000
vt 0.425676 1.000000
vt 0.425676 0.000000
vt 0.432432 1.000000
vt 0.432432 0.000000
vt 0.439189 1.000000
vt 0.439189 0.000000
vt 0.445946 1.000000
vt 0.445946 0.000000
vt 0.452703 1.000000
vt 0.452703 0.000000
vt 0.459459 1.000000
vt 0.459459 0.000000
vt 0.466216 1.000000
vt 0.466216 0.000000
vt 0.472973 1.000000
vt 0.472973 0.000000
vt 0.479730 1.000000
vt 0.479730 0.000000
vt 0.486486 1.000000
vt 0.486486 0.000000
vt 0.493243 1.000000
vt 0.493243 0.000000
vt 0.506757 1.000000
vt 0.506757 0.000000
vt 0.513514 1.000000
vt 0.513514 0.000000
vt 0.520270 1.000000
vt 0.520270 0.000000
vt 0.527027 1.000000
vt 0.527027 0.000000
vt 0.533784 1.000000
vt 0.533784 0.000000
vt 0.540541 1.000000
vt 0.540541 0.000000
vt 0.547297 1.000000
vt 0.547297 0.000000
vt 0.554054 1.000000
vt 0.554054 0.000000
vt 0.560811 1.000000
vt 0.560811 0.000000
vt 0.567568 1.000000
vt 0.567568 0.000000
vt 0.574324 1.000000
vt 0.574324 0.000000
vt 0.581081 1.000000
vt 0.581081 0.000000
vt 0.587838 1.000000
vt 0.587838 0.000000
vt 0.594595 1.000000
vt 0.594595 0.000000
vt 0.601351 1.000000
vt 0.601351 0.000000
vt 0.608108 1.000000
vt 0.608108 0.000000
vt 0.614865 1.000000
vt 0.614865 0.000000
vt 0.621622 1.000000
vt 0.621622 0.000000
vt 0.628378 1.000000
vt 0.628378 0.000000
vt 0.635135 1.000000
vt 0.635135 0.000000
vt 0.641892 1.000000
vt 0.641892 0.000000
vt 0.648649 1.000000
vt 0.648649 0.000000
vt 0.655405 1.000000
vt 0.655405 0.000000
vt 0.662162 1.000000
vt 0.662162 0.000000
vt 0.668919 1.000000
vt 0.668919 0.000000
vt 0.675676 1.000000
vt 0.675676 0.000000
vt 0.682432 1.000000
vt 0.682432 0.000000
vt 0.689189 1.000000
vt 0.689189 0.000000
vt 0.695946 1.000000
vt 0.695946 0.000000
vt 0.702703 1.000000
vt 0.702703 0.000000
vt 0.709459 1.000000
vt 0.709459 0.000000
vt 0.716216 1.000000
vt 0.716216 0.000000
vt 0.722973 1.000000
vt 0.722973 0.000000
vt 0.729730 1.000000
vt 0.729730 0.000000
vt 0.736486 1.000000
vt 0.736486 0.000000
vt 0.743243 1.000000
vt 0.743243 0.000000
vt 0.750000 1.000000
vt 0.756757 1.000000
vt 0.756757 0.000000
vt 0.763514 1.000000
vt 0.763514 0.000000
vt 0.770270 1.000000
vt 0.770270 0.000000
vt 0.777027 1.000000
vt 0.777027 0.000000
vt 0.783784 1.000000
vt 0.783784 0.000000
vt 0.790541 1.000000
vt 0.790541 0.000000
vt 0.797297 1.000000
vt 0.797297 0.000000
vt 0.804054 1.000000
vt 0.804054 0.000000
vt 0.810811 1.000000
vt 0.810811 0.000000
vt 0.817568 1.000000
vt 0.817568 0.000000
vt 0.824324 1.000000
vt 0.824324 0.000000
vt 0.831081 1.000000
vt 0.831081 0.000000
vt 0.837838 1.000000
vt 0.837838 0.000000
vt 0.844595 1.000000
vt 0.844595 0.000000
vt 0.851351 1.000000
vt 0.851351 0.000000
vt 0.858108 1.000000
vt 0.858108 0.000000
vt 0.864865 1.000000
vt 0.864865 0.000000
vt 0.871622 1.000000
vt 0.871622 0.000000
vt 0.878378 1.000000
vt 0.878378 0.000000
vt 0.885135 1.000000
vt 0.885135 0.000000
vt 0.891892 1.000000
vt 0.891892 0.000000
vt 0.898649 1.000000
vt 0.898649 0.000000
vt 0.905405 1.000000
vt 0.905405 0.000000
vt 0.912162 1.000000
vt 0.912162 0.000000
vt 0.918919 1.000000
vt 0.918919 0.000000
vt 0.925676 1.000000
vt 0.925676 0.000000
vt 0.932432 1.000000
vt 0.932432 0.000000
vt 0.939189 1.000000
vt 0.939189 0.000000
vt 0.945946 1.000000
vt 0.945946 0.000000
vt 0.952703 1.000000
vt 0.952703 0.000000
vt 0.959459 1.000000
vt 0.959459 0.000000
vt 0.966216 1.000000
vt 0.966216 0.000000
vt 0.972973 1.000000
vt 0.972973 0.000000
vt 0.979730 1.000000
vt 0.979730 0.000000
vt 0.986486 1.000000
vt 0.986486 0.000000
vt 0.993243 1.000000
vt 0.993243 0.000000
vt 0.020833 1.000000
vt 0.020833 0.000000
vt 0.041667 1.000000
vt 0.041667 0.000000
vt 0.062500 1.000000
vt 0.062500 0.000000
vt 0.083333 1.000000
vt 0.083333 0.000000
vt 0.104167 1.000000
vt 0.104167 0.000000
vt 0.125000 1.000000
vt 0.125000 0.000000
vt 0.145833 1.000000
vt 0.145833 0.000000
vt 0.166667 1.000000
vt 0.166667 0.000000
vt 0.187500 1.000000
vt 0.187500 0.000000
vt 0.208333 1.000000
vt 0.208333 0.000000
vt 0.229167 1.000000
vt 0.229167 0.000000
vt 0.270833 1.000000
vt 0.270833 0.000000
vt 0.291667 1.000000
vt 0.291667 0.000000
vt 0.312500 1.000000
vt 0.312500 0.000000
vt 0.333333 1.000000
vt 0.354167 1.000000
vt 0.354167 0.000000
vt 0.375000 1.000000
vt 0.375000 0.000000
vt 0.395833 1.000000
vt 0.395833 0.000000
vt 0.416667 1.000000
vt 0.416667 0.000000
vt 0.437500 1.000000
vt 0.437500 0.000000
vt 0.458333 1.000000
vt 0.458333 0.000000
vt 0.479167 1.000000
vt 0.479167 0.000000
vt 0.520833 1.000000
vt 0.520833 0.000000
vt 0.541667 1.000000
vt 0.541667 0.000000
vt 0.562500 1.000000
vt 0.562500 0.000000
vt 0.583333 1.000000
vt 0.583333 0.000000
vt 0.604167 1.000000
vt 0.604167 0.000000
vt 0.625000 1.000000
vt 0.625000 0.000000
vt 0.645833 1.000000
vt 0.645833 0.000000
vt 0.666667 1.000000
vt 0.687500 1.000000
vt 0.687500 0.000000
vt 0.708333 1.000000
vt 0.708333 0.000000
vt 0.729167 1.000000
vt 0.729167 0.000000
vt 0.770833 1.000000
vt 0.770833 0.000000
vt 0.791667 1.000000
vt 0.791667 0.000000
vt 0.812500 1.000000
vt 0.812500 0.000000
vt 0.833333 1.000000
vt 0.833333 0.000000
vt 0.854167 1.000000
vt 0.854167 0.000000
vt 0.875000 1.000000
vt 0.875000 0.000000
vt 0.895833 1.000000
vt 0.895833 0.000000
vt 0.916667 1.000000
vt 0.916667 0.000000
vt 0.937500 1.000000
vt 0.937500 0.000000
vt 0.958333 1.000000
vt 0.958333 0.000000
vt 0.979167 1.000000
vt 0.979167 0.000000
vt 0.016129 1.000000
vt 0.016129 0.000000
vt 0.032258 1.000000
vt 0.032258 0.000000
vt 0.048387 1.000000
vt 0.048387 0.000000
vt 0.064516 1.000000
vt 0.064516 0.000000
vt 0.080645 1.000000
vt 0.080645 0.000000
vt 0.096774 1.000000
vt 0.096774 0.000000
vt 0.112903 1.000000
vt 0.112903 0.000000
vt 0.129032 1.000000
vt 0.129032 0.000000
vt 0.145161 1.000000
vt 0.145161 0.000000
vt 0.161290 1.000000
vt 0.161290 0.000000
vt 0.177419 1.000000
vt 0.177419 0.000000
vt 0.193548 1.000000
vt 0.193548 0.000000
vt 0.209677 1.000000
vt 0.209677 0.000000
vt 0.225806 1.000000
vt 0.225806 0.000000
vt 0.241935 1.000000
vt 0.241935 0.000000
vt 0.258065 1.000000
vt 0.258065 0.000000
vt 0.274194 1.000000
vt 0.274194 0.000000
vt 0.290323 1.000000
vt 0.290323 0.000000
vt 0.306452 1.000000
vt 0.306452 0.000000
vt 0.322581 1.000000
vt 0.322581 0.000000
vt 0.338710 1.000000
vt 0.338710 0.000000
vt 0.354839 1.000000
vt 0.354839 0.000000
vt 0.370968 1.000000
vt 0.370968 0.000000
vt 0.387097 1.000000
vt 0.387097 0.000000
vt 0.403226 1.000000
vt 0.403226 0.000000
vt 0.419355 1.000000
vt 0.419355 0.000000
vt 0.435484 1.000000
vt 0.435484 0.000000
vt 0.451613 1.000000
vt 0.451613 0.000000
vt 0.467742 1.000000
vt 0.467742 0.000000
vt 0.483871 1.000000
vt 0.483871 0.000000
vt 0.516129 1.000000
vt 0.516129 0.000000
vt 0.532258 1.000000
vt 0.532258 0.000000
vt 0.548387 1.000000
vt 0.548387 0.000000
vt 0.564516 1.000000
vt 0.564516 0.000000
vt 0.580645 1.000000
vt 0.580645 0.000000
vt 0.596774 1.000000
vt 0.596774 0.000000
vt 0.612903 1.000000
vt 0.612903 0.000000
vt 0.629032 1.000000
vt 0.629032 0.000000
vt 0.645161 1.000000
vt 0.645161 0.000000
vt 0.661290 1.000000
vt 0.661290 0.000000
vt 0.677419 1.000000
vt 0.677419 0.000000
vt 0.693548 1.000000
vt 0.693548 0.000000
vt 0.709677 1.000000
vt 0.709677 0.000000
vt 0.725806 1.000000
vt 0.725806 0.000000
vt 0.741935 1.000000
vt 0.741935 0.000000
vt 0.758065 1.000000
vt 0.758065 0.000000
vt 0.774194 1.000000
vt 0.774194 0.000000
vt 0.790323 1.000000
vt 0.790323 0.000000
vt 0.806452 1.000000
vt 0.806452 0.000000
vt 0.822581 1.000000
vt 0.822581 0.000000
vt 0.838710 1.000000
vt 0.838710 0.000000
vt 0.854839 1.000000
vt 0.854839 0.000000
vt 0.870968 1.000000
vt 0.870968 0.000000
vt 0.887097 1.000000
vt 0.887097 0.000000
vt 0.903226 1.000000
vt 0.903226 0.000000
vt 0.919355 1.000000
vt 0.919355 0.000000
vt 0.935484 1.000000
vt 0.935484 0.000000
vt 0.951613 1.000000
vt 0.951613 0.000000
vt 0.967742 1.000000
vt 0.967742 0.000000
vt 0.983871 1.000000
vt 0.983871 0.000000
vt 0.020000 1.000000
vt 0.020000 0.000000
vt 0.040000 1.000000
vt 0.040000 0.000000
vt 0.060000 1.000000
vt 0.060000 0.000000
vt 0.080000 1.000000
vt 0.080000 0.000000
vt 0.100000 1.000000
vt 0.100000 0.000000
vt 0.120000 1.000000
vt 0.120000 0.000000
vt 0.140000 1.000000
vt 0.140000 0.000000
vt 0.160000 1.000000
vt 0.160000 0.000000
vt 0.180000 1.000000
vt 0.180000 0.000000
vt 0.200000 1.000000
vt 0.220000 1.000000
vt 0.220000 0.000000
vt 0.240000 1.000000
vt 0.240000 0.000000
vt 0.260000 1.000000
vt 0.260000 0.000000
vt 0.280000 1.000000
vt 0.280000 0.000000
vt 0.300000 1.000000
vt 0.300000 0.000000
vt 0.320000 1.000000
vt 0.320000 0.000000
vt 0.340000 1.000000
vt 0.340000 0.000000
vt 0.360000 1.000000
vt 0.360000 0.000000
vt 0.380000 1.000000
vt 0.380000 0.000000
vt 0.400000 1.000000
vt 0.420000 1.000000
vt 0.420000 0.000000
vt 0.440000 1.000000
vt 0.440000 0.000000
vt 0.460000 1.000000
vt 0.460000 0.000000
vt 0.480000 1.000000
vt 0.480000 0.000000
vt 0.520000 1.000000
vt 0.520000 0.000000
vt 0.540000 1.000000
vt 0.540000 0.000000
vt 0.560000 1.000000
vt 0.560000 0.000000
vt 0.580000 1.000000
vt 0.580000 0.000000
vt 0.600000 1.000000
vt 0.620000 1.000000
vt 0.620000 0.000000
vt 0.640000 1.000000
vt 0.640000 0.000000
vt 0.660000 1.000000
vt 0.660000 0.000000
vt 0.680000 1.000000
vt 0.680000 0.000000
vt 0.700000 1.000000
vt 0.700000 0.000000
vt 0.720000 1.000000
vt 0.720000 0.000000
vt 0.740000 1.000000
vt 0.740000 0.000000
vt 0.760000 1.000000
vt 0.760000 0.000000
vt 0.780000 1.000000
vt 0.780000 0.000000
vt 0.800000 1.000000
vt 0.820000 1.000000
vt 0.820000 0.000000
vt 0.840000 1.000000
vt 0.840000 0.000000
vt 0.860000 1.000000
vt 0.860000 0.000000
vt 0.880000 1.000000
vt 0.880000 0.000000
vt 0.900000 1.000000
vt 0.900000 0.000000
vt 0.920000 1.000000
vt 0.920000 0.000000
vt 0.940000 1.000000
vt 0.940000 0.000000
vt 0.960000 1.000000
vt 0.960000 0.000000
vt 0.980000 1.000000
vt 0.980000 0.000000
vt 0.010204 1.000000
vt 0.010204 0.000000
vt 0.020408 1.000000
vt 0.030612 1.000000
vt 0.030612 0.000000
vt 0.040816 1.000000
vt 0.051020 1.000000
vt 0.051020 0.000000
vt 0.061224 1.000000
vt 0.071429 1.000000
vt 0.071429 0.000000
vt 0.081633 1.000000
vt 0.091837 1.000000
vt 0.091837 0.000000
vt 0.102041 1.000000
vt 0.112245 1.000000
vt 0.112245 0.000000
vt 0.122449 1.000000
vt 0.132653 1.000000
vt 0.132653 0.000000
vt 0.153061 1.000000
vt 0.153061 0.000000
vt 0.163265 1.000000
vt 0.173469 1.000000
vt 0.173469 0.000000
vt 0.183673 1.000000
vt 0.193878 1.000000
vt 0.193878 0.000000
vt 0.204082 1.000000
vt 0.214286 1.000000
vt 0.214286 0.000000
vt 0.224490 1.000000
vt 0.234694 1.000000
vt 0.234694 0.000000
vt 0.244898 1.000000
vt 0.255102 1.000000
vt 0.255102 0.000000
vt 0.265306 1.000000
vt 0.275510 1.000000
vt 0.275510 0.000000
vt 0.295918 1.000000
vt 0.295918 0.000000
vt 0.306122 1.000000
vt 0.316327 1.000000
vt 0.316327 0.000000
vt 0.326531 1.000000
vt 0.336735 1.000000
vt 0.336735 0.000000
vt 0.346939 1.000000
vt 0.357143 1.000000
vt 0.357143 0.000000
vt 0.367347 1.000000
vt 0.377551 1.000000
vt 0.377551 0.000000
vt 0.387755 1.000000
vt 0.397959 1.000000
vt 0.397959 0.000000
vt 0.408163 1.000000
vt 0.418367 1.000000
vt 0.418367 0.000000
vt 0.438776 1.000000
vt 0.438776 0.000000
vt 0.448980 1.000000
vt 0.459184 1.000000
vt 0.459184 0.000000
vt 0.469388 1.000000
vt 0.479592 1.000000
vt 0.479592 0.000000
vt 0.489796 1.000000
vt 0.510204 1.000000
vt 0.520408 1.000000
vt 0.520408 0.000000
vt 0.530612 1.000000
vt 0.540816 1.000000
vt 0.540816 0.000000
vt 0.551020 1.000000
vt 0.561224 1.000000
vt 0.561224 0.000000
vt 0.581633 1.000000
vt 0.581633 0.000000
vt 0.591837 1.000000
vt 0.602041 1.000000
vt 0.602041 0.000000
vt 0.612245 1.000000
vt 0.622449 1.000000
vt 0.622449 0.000000
vt 0.632653 1.000000
vt 0.642857 1.000000
vt 0.642857 0.000000
vt 0.653061 1.000000
vt 0.663265 1.000000
vt 0.663265 0.000000
vt 0.673469 1.000000
vt 0.683673 1.000000
vt 0.683673 0.000000
vt 0.693878 1.000000
vt 0.704082 1.000000
vt 0.704082 0.000000
vt 0.724490 1.000000
vt 0.724490 0.000000
vt 0.734694 1.000000
vt 0.744898 1.000000
vt 0.744898 0.000000
vt 0.755102 1.000000
vt 0.765306 1.000000
vt 0.765306 0.000000
vt 0.775510 1.000000
vt 0.785714 1.000000
vt 0.785714 0.000000
vt 0.795918 1.000000
vt 0.806122 1.000000
vt 0.806122 0.000000
vt 0.816327 1.000000
vt 0.826531 1.000000
vt 0.826531 0.000000
vt 0.836735 1.000000
vt 0.846939 1.000000
vt 0.846939 0.000000
vt 0.867347 1.000000
vt 0.867347 0.000000
vt 0.877551 1.000000
vt 0.887755 1.000000
vt 0.887755 0.000000
vt 0.897959 1.000000
vt 0.908163 1.000000
vt 0.908163 0.000000
vt 0.918367 1.000000
vt 0.928571 1.000000
vt 0.928571 0.000000
vt 0.938776 1.000000
vt 0.948980 1.000000
vt 0.948980 0.000000
vt 0.959184 1.000000
vt 0.969388 1.000000
vt 0.969388 0.000000
vt 0.979592 1.000000
vt 0.989796 1.000000
vt 0.989796 0.000000
s 0
usemtl マテリアル.001
f 121/1/1 49/2/1 122/3/1
f 120/4/1 49/2/1 121/1/1
f 120/4/1 50/5/1 49/2/1
f 119/6/1 50/5/1 120/4/1
f 119/6/1 51/7/1 50/5/1
f 118/8/1 51/7/1 119/6/1
f 118/8/1 52/9/1 51/7/1
f 117/10/1 52/9/1 118/8/1
f 117/10/1 53/11/1 52/9/1
f 116/12/1 53/11/1 117/10/1
f 116/12/1 54/13/1 53/11/1
f 115/14/1 54/13/1 116/12/1
f 115/14/1 55/15/1 54/13/1
f 114/16/1 55/15/1 115/14/1
f 114/16/1 56/17/1 55/15/1
f 113/18/1 56/17/1 114/16/1
f 113/18/1 57/19/1 56/17/1
f 112/20/1 57/19/1 113/18/1
f 112/20/1 58/21/1 57/19/1
f 111/22/1 58/21/1 112/20/1
f 111/22/1 59/23/1 58/21/1
f 111/22/1 60/24/1 59/23/1
f 110/25/1 60/24/1 111/22/1
f 110/25/1 61/26/1 60/24/1
f 109/27/1 61/26/1 110/25/1
f 108/28/1 61/26/1 109/27/1
f 108/28/1 62/29/1 61/26/1
f 108/28/1 63/30/1 62/29/1
f 107/31/1 63/30/1 108/28/1
f 107/31/1 64/32/1 63/30/1
f 106/33/1 64/32/1 107/31/1
f 106/33/1 65/34/1 64/32/1
f 105/35/1 65/34/1 106/33/1
f 105/35/1 66/36/1 65/34/1
f 104/37/1 66/36/1 105/35/1
f 104/37/1 67/38/1 66/36/1
f 103/39/1 67/38/1 104/37/1
f 103/39/1 68/40/1 67/38/1
f 102/41/1 68/40/1 103/39/1
f 102/41/1 69/42/1 68/40/1
f 101/43/1 69/42/1 102/41/1
f 100/44/1 69/42/1 101/43/1
f 100/44/1 70/45/1 69/42/1
f 99/46/1 70/45/1 100/44/1
f 99/46/1 71/47/1 70/45/1
f 99/46/1 72/48/1 71/47/1
f 98/49/1 72/48/1 99/46/1
f 98/49/1 73/50/1 72/48/1
f 97/51/1 73/50/1 98/49/1
f 96/52/1 73/50/1 97/51/1
f 96/52/1 74/53/1 73/50/1
f 95/54/1 74/53/1 96/52/1
f 95/54/1 75/55/1 74/53/1
f 94/56/1 75/55/1 95/54/1
f 94/56/1 76/57/1 75/55/1
f 93/58/1 76/57/1 94/56/1
f 93/58/1 77/59/1 76/57/1
f 92/60/1 77/59/1 93/58/1
f 92/60/1 78/61/1 77/59/1
f 91/62/1 78/61/1 92/60/1
f 91/62/1 79/63/1 78/61/1
f 90/64/1 79/63/1 91/62/1
f 90/64/1 80/65/1 79/63/1
f 89/66/1 80/65/1 90/64/1
f 89/66/1 81/67/1 80/65/1
f 88/68/1 81/67/1 89/66/1
f 88/68/1 82/69/1 81/67/1
f 87/70/1 82/69/1 88/68/1
f 87/70/1 83/71/1 82/69/1
f 86/72/1 83/71/1 87/70/1
f 86/72/1 84/73/1 83/71/1
f 86/72/1 85/74/1 84/73/1
f 35/75/1 37/76/1 36/77/1
f 35/75/1 38/78/1 37/76/1
f 34/79/1 38/78/1 35/75/1
f 34/79/1 39/80/1 38/78/1
f 33/81/1 39/80/1 34/79/1
f 33/81/1 40/82/1 39/80/1
f 32/83/1 40/82/1 33/81/1
f 32/83/1 41/84/1 40/82/1
f 31/85/1 41/84/1 32/83/1
f 31/85/1 42/86/1 41/84/1
f 30/87/1 42/86/1 31/85/1
f 30/87/1 43/88/1 42/86/1
f 29/89/1 43/88/1 30/87/1
f 29/89/1 44/90/1 43/88/1
f 28/91/1 44/90/1 29/89/1
f 28/91/1 45/92/1 44/90/1
f 27/93/1 45/92/1 28/91/1
f 27/93/1 46/94/1 45/92/1
f 26/95/1 46/94/1 27/93/1
f 26/95/1 47/96/1 46/94/1
f 25/97/1 47/96/1 26/95/1
f 24/98/1 47/96/1 25/97/1
f 24/98/1 48/99/1 47/96/1
f 23/100/1 48/99/1 24/98/1
f 23/100/1 1/101/1 48/99/1
f 22/102/1 1/101/1 23/100/1
f 22/102/1 2/103/1 1/101/1
f 22/102/1 3/104/1 2/103/1
f 21/105/1 3/104/1 22/102/1
f 21/105/1 4/106/1 3/104/1
f 20/107/1 4/106/1 21/105/1
f 20/107/1 5/108/1 4/106/1
f 19/109/1 5/108/1 20/107/1
f 19/109/1 6/110/1 5/108/1
f 18/111/1 6/110/1 19/109/1
f 18/111/1 7/112/1 6/110/1
f 17/113/1 7/112/1 18/111/1
f 17/113/1 8/114/1 7/112/1
f 16/115/1 8/114/1 17/113/1
f 16/115/1 9/116/1 8/114/1
f 15/117/1 9/116/1 16/115/1
f 15/117/1 10/118/1 9/116/1
f 14/119/1 10/118/1 15/117/1
f 14/119/1 11/120/1 10/118/1
f 13/121/1 11/120/1 14/119/1
f 13/121/1 12/122/1 11/120/1
f 243/1/1 171/2/1 244/3/1
f 242/4/1 171/2/1 243/1/1
f 242/4/1 172/5/1 171/2/1
f 241/6/1 172/5/1 242/4/1
f 241/6/1 173/7/1 172/5/1
f 240/8/1 173/7/1 241/6/1
f 240/8/1 174/9/1 173/7/1
f 239/10/1 174/9/1 240/8/1
f 239/10/1 175/11/1 174/9/1
f 238/12/1 175/11/1 239/10/1
f 238/12/1 176/13/1 175/11/1
f 237/14/1 176/13/1 238/12/1
f 237/14/1 177/15/1 176/13/1
f 236/16/1 177/15/1 237/14/1
f 236/16/1 178/17/1 177/15/1
f 235/18/1 178/17/1 236/16/1
f 235/18/1 179/19/1 178/17/1
f 234/20/1 179/19/1 235/18/1
f 234/20/1 180/21/1 179/19/1
f 233/22/1 180/21/1 234/20/1
f 233/22/1 181/23/1 180/21/1
f 233/22/1 182/24/1 181/23/1
f 232/25/1 182/24/1 233/22/1
f 231/27/1 182/24/1 232/25/1
f 231/27/1 183/26/1 182/24/1
f 230/28/1 183/26/1 231/27/1
f 230/28/1 184/29/1 183/26/1
f 230/28/1 185/30/1 184/29/1
f 229/31/1 185/30/1 230/28/1
f 229/31/1 186/32/1 185/30/1
f 228/33/1 186/32/1 229/31/1
f 228/33/1 187/34/1 186/32/1
f 227/35/1 187/34/1 228/33/1
f 227/35/1 188/36/1 187/34/1
f 226/37/1 188/36/1 227/35/1
f 226/37/1 189/38/1 188/36/1
f 225/39/1 189/38/1 226/37/1
f 225/39/1 190/40/1 189/38/1
f 224/41/1 190/40/1 225/39/1
f 224/41/1 191/42/1 190/40/1
f 223/43/1 191/42/1 224/41/1
f 223/43/1 192/45/1 191/42/1
f 222/44/1 192/45/1 223/43/1
f 222/44/1 193/47/1 192/45/1
f 221/46/1 193/47/1 222/44/1
f 221/46/1 194/48/1 193/47/1
f 220/49/1 194/48/1 221/46/1
f 220/49/1 195/50/1 194/48/1
f 219/51/1 195/50/1 220/49/1
f 218/52/1 195/50/1 219/51/1
f 218/52/1 196/53/1 195/50/1
f 217/54/1 196/53/1 218/52/1
f 217/54/1 197/55/1 196/53/1
f 216/56/1 197/55/1 217/54/1
f 216/56/1 198/57/1 197/55/1
f 215/58/1 198/57/1 216/56/1
f 215/58/1 199/59/1 198/57/1
f 214/60/1 199/59/1 215/58/1
f 214/60/1 200/61/1 199/59/1
f 213/62/1 200/61/1 214/60/1
f 213/62/1 201/63/1 200/61/1
f 212/64/1 201/63/1 213/62/1
f 212/64/1 202/65/1 201/63/1
f 211/66/1 202/65/1 212/64/1
f 211/66/1 203/67/1 202/65/1
f 210/68/1 203/67/1 211/66/1
f 210/68/1 204/69/1 203/67/1
f 209/70/1 204/69/1 210/68/1
f 209/70/1 205/71/1 204/69/1
f 208/72/1 205/71/1 209/70/1
f 208/72/1 206/73/1 205/71/1
f 208/72/1 207/74/1 206/73/1
f 157/75/1 159/76/1 158/77/1
f 157/75/1 160/78/1 159/76/1
f 156/79/1 160/78/1 157/75/1
f 156/79/1 161/80/1 160/78/1
f 155/81/1 161/80/1 156/79/1
f 155/81/1 162/82/1 161/80/1
f 154/83/1 162/82/1 155/81/1
f 154/83/1 163/84/1 162/82/1
f 153/85/1 163/84/1 154/83/1
f 153/85/1 164/86/1 163/84/1
f 152/87/1 164/86/1 153/85/1
f 152/87/1 165/88/1 164/86/1
f 151/89/1 165/88/1 152/87/1
f 151/89/1 166/90/1 165/88/1
f 150/91/1 166/90/1 151/89/1
f 150/91/1 167/92/1 166/90/1
f 149/93/1 167/92/1 150/91/1
f 149/93/1 168/94/1 167/92/1
f 148/95/1 168/94/1 149/93/1
f 148/95/1 169/96/1 168/94/1
f 147/97/1 169/96/1 148/95/1
f 146/98/1 169/96/1 147/97/1
f 146/98/1 170/99/1 169/96/1
f 145/100/1 170/99/1 146/98/1
f 145/100/1 123/101/1 170/99/1
f 144/102/1 123/101/1 145/100/1
f 144/102/1 124/103/1 123/101/1
f 144/102/1 125/104/1 124/103/1
f 143/105/1 125/104/1 144/102/1
f 143/105/1 126/106/1 125/104/1
f 142/107/1 126/106/1 143/105/1
f 142/107/1 127/108/1 126/106/1
f 141/109/1 127/108/1 142/107/1
f 141/109/1 128/110/1 127/108/1
f 140/111/1 128/110/1 141/109/1
f 140/111/1 129/112/1 128/110/1
f 139/113/1 129/112/1 140/111/1
f 139/113/1 130/114/1 129/112/1
f 138/115/1 130/114/1 139/113/1
f 138/115/1 131/116/1 130/114/1
f 137/117/1 131/116/1 138/115/1
f 137/117/1 132/118/1 131/116/1
f 136/119/1 132/118/1 137/117/1
f 136/119/1 133/120/1 132/118/1
f 135/121/1 133/120/1 136/119/1
f 135/121/1 134/122/1 133/120/1
f 255/123/1 257/124/1 256/125/1
f 254/126/1 257/124/1 255/123/1
f 253/127/1 257/124/1 254/126/1
f 252/128/1 257/124/1 253/127/1
f 251/129/1 257/124/1 252/128/1
f 251/129/1 258/130/1 257/124/1
f 250/131/1 258/130/1 251/129/1
f 249/132/1 258/130/1 250/131/1
f 249/132/1 259/133/1 258/130/1
f 248/134/1 259/133/1 249/132/1
f 248/134/1 260/135/1 259/133/1
f 247/136/1 260/135/1 248/134/1
f 247/136/1 261/137/1 260/135/1
f 246/138/1 261/137/1 247/136/1
f 246/138/1 262/139/1 261/137/1
f 245/101/1 262/139/1 246/138/1
f 245/101/1 263/140/1 262/139/1
f 321/3/1 263/140/1 245/101/1
f 321/3/1 264/141/1 263/140/1
f 320/142/1 264/141/1 321/3/1
f 319/143/1 264/141/1 320/142/1
f 319/143/1 265/144/1 264/141/1
f 318/145/1 265/144/1 319/143/1
f 318/145/1 266/146/1 265/144/1
f 317/147/1 266/146/1 318/145/1
f 317/147/1 267/148/1 266/146/1
f 316/149/1 267/148/1 317/147/1
f 316/149/1 268/150/1 267/148/1
f 315/151/1 268/150/1 316/149/1
f 315/151/1 269/152/1 268/150/1
f 314/153/1 269/152/1 315/151/1
f 314/153/1 297/154/1 269/152/1
f 297/154/1 270/155/1 269/152/1
f 313/156/1 297/154/1 314/153/1
f 312/157/1 297/154/1 313/156/1
f 311/158/1 297/154/1 312/157/1
f 310/159/1 297/154/1 311/158/1
f 309/160/1 297/154/1 310/159/1
f 309/160/1 298/161/1 297/154/1
f 296/162/1 270/155/1 297/154/1
f 308/163/1 298/161/1 309/160/1
f 295/164/1 270/155/1 296/162/1
f 308/163/1 299/165/1 298/161/1
f 308/163/1 300/166/1 299/165/1
f 308/163/1 301/167/1 300/166/1
f 308/163/1 302/168/1 301/167/1
f 308/163/1 303/169/1 302/168/1
f 308/163/1 304/170/1 303/169/1
f 308/163/1 305/171/1 304/170/1
f 308/163/1 306/172/1 305/171/1
f 308/163/1 307/173/1 306/172/1
f 294/174/1 270/155/1 295/164/1
f 294/174/1 271/175/1 270/155/1
f 293/176/1 271/175/1 294/174/1
f 293/176/1 272/177/1 271/175/1
f 292/178/1 272/177/1 293/176/1
f 292/178/1 273/179/1 272/177/1
f 291/180/1 273/179/1 292/178/1
f 291/180/1 274/181/1 273/179/1
f 290/182/1 274/181/1 291/180/1
f 290/182/1 275/183/1 274/181/1
f 289/184/1 275/183/1 290/182/1
f 289/184/1 276/185/1 275/183/1
f 289/184/1 277/186/1 276/185/1
f 288/187/1 277/186/1 289/184/1
f 288/187/1 278/188/1 277/186/1
f 287/189/1 278/188/1 288/187/1
f 287/189/1 279/190/1 278/188/1
f 286/191/1 279/190/1 287/189/1
f 286/191/1 280/192/1 279/190/1
f 285/193/1 280/192/1 286/191/1
f 285/193/1 281/194/1 280/192/1
f 284/195/1 281/194/1 285/193/1
f 284/195/1 282/196/1 281/194/1
f 283/197/1 282/196/1 284/195/1
f 405/198/1 407/199/1 406/200/1
f 405/198/1 408/201/1 407/199/1
f 479/202/1 481/203/1 480/204/1
f 479/202/1 482/205/1 481/203/1
f 405/198/1 409/206/1 408/201/1
f 404/207/1 409/206/1 405/198/1
f 404/207/1 410/208/1 409/206/1
f 403/194/1 410/208/1 404/207/1
f 479/202/1 483/209/1 482/205/1
f 478/210/1 483/209/1 479/202/1
f 478/210/1 484/147/1 483/209/1
f 403/194/1 411/211/1 410/208/1
f 477/212/1 484/147/1 478/210/1
f 402/213/1 411/211/1 403/194/1
f 477/212/1 485/214/1 484/147/1
f 476/215/1 485/214/1 477/212/1
f 402/213/1 412/193/1 411/211/1
f 401/216/1 412/193/1 402/213/1
f 476/215/1 486/217/1 485/214/1
f 475/156/1 486/217/1 476/215/1
f 401/216/1 413/218/1 412/193/1
f 400/219/1 413/218/1 401/216/1
f 475/156/1 487/220/1 486/217/1
f 474/221/1 487/220/1 475/156/1
f 400/219/1 414/222/1 413/218/1
f 399/223/1 414/222/1 400/219/1
f 474/221/1 488/224/1 487/220/1
f 473/225/1 488/224/1 474/221/1
f 399/223/1 415/226/1 414/222/1
f 398/227/1 415/226/1 399/223/1
f 473/225/1 489/228/1 488/224/1
f 472/229/1 489/228/1 473/225/1
f 398/227/1 416/230/1 415/226/1
f 397/231/1 416/230/1 398/227/1
f 472/229/1 490/232/1 489/228/1
f 471/233/1 490/232/1 472/229/1
f 471/233/1 491/234/1 490/232/1
f 397/231/1 417/235/1 416/230/1
f 396/236/1 417/235/1 397/231/1
f 470/237/1 491/234/1 471/233/1
f 470/237/1 492/238/1 491/234/1
f 469/239/1 492/238/1 470/237/1
f 396/236/1 418/240/1 417/235/1
f 395/241/1 418/240/1 396/236/1
f 469/239/1 493/3/1 492/238/1
f 468/242/1 493/3/1 469/239/1
f 395/241/1 419/243/1 418/240/1
f 394/186/1 419/243/1 395/241/1
f 468/242/1 420/244/1 493/3/1
f 467/245/1 420/244/1 468/242/1
f 394/186/1 322/101/1 419/243/1
f 393/246/1 322/101/1 394/186/1
f 466/160/1 420/244/1 467/245/1
f 466/160/1 421/184/1 420/244/1
f 392/247/1 322/101/1 393/246/1
f 392/247/1 323/248/1 322/101/1
f 391/249/1 323/248/1 392/247/1
f 391/249/1 324/250/1 323/248/1
f 465/251/1 421/184/1 466/160/1
f 465/251/1 422/252/1 421/184/1
f 390/253/1 324/250/1 391/249/1
f 390/253/1 325/254/1 324/250/1
f 389/255/1 325/254/1 390/253/1
f 389/255/1 326/256/1 325/254/1
f 464/257/1 422/252/1 465/251/1
f 464/257/1 423/258/1 422/252/1
f 388/259/1 326/256/1 389/255/1
f 388/259/1 327/260/1 326/256/1
f 387/261/1 327/260/1 388/259/1
f 387/261/1 328/262/1 327/260/1
f 463/263/1 423/258/1 464/257/1
f 463/263/1 424/264/1 423/258/1
f 386/265/1 328/262/1 387/261/1
f 386/265/1 329/266/1 328/262/1
f 385/179/1 329/266/1 386/265/1
f 385/179/1 330/267/1 329/266/1
f 462/268/1 424/264/1 463/263/1
f 462/268/1 425/269/1 424/264/1
f 384/270/1 330/267/1 385/179/1
f 384/270/1 331/132/1 330/267/1
f 383/271/1 331/132/1 384/270/1
f 383/271/1 332/272/1 331/132/1
f 382/273/1 332/272/1 383/271/1
f 382/273/1 333/274/1 332/272/1
f 461/275/1 425/269/1 462/268/1
f 461/275/1 426/276/1 425/269/1
f 381/277/1 333/274/1 382/273/1
f 381/277/1 334/278/1 333/274/1
f 460/279/1 426/276/1 461/275/1
f 460/279/1 427/280/1 426/276/1
f 380/281/1 334/278/1 381/277/1
f 380/281/1 335/282/1 334/278/1
f 459/283/1 427/280/1 460/279/1
f 459/283/1 428/284/1 427/280/1
f 379/285/1 335/282/1 380/281/1
f 458/286/1 428/284/1 459/283/1
f 458/286/1 429/287/1 428/284/1
f 379/285/1 336/288/1 335/282/1
f 378/289/1 336/288/1 379/285/1
f 457/171/1 429/287/1 458/286/1
f 457/171/1 430/176/1 429/287/1
f 456/290/1 430/176/1 457/171/1
f 377/291/1 336/288/1 378/289/1
f 456/290/1 431/292/1 430/176/1
f 377/291/1 337/293/1 336/288/1
f 455/294/1 431/292/1 456/290/1
f 455/294/1 432/295/1 431/292/1
f 455/294/1 433/296/1 432/295/1
f 454/297/1 433/296/1 455/294/1
f 454/297/1 434/298/1 433/296/1
f 453/299/1 434/298/1 454/297/1
f 376/152/1 337/293/1 377/291/1
f 453/299/1 435/300/1 434/298/1
f 452/301/1 435/300/1 453/299/1
f 452/301/1 436/302/1 435/300/1
f 451/303/1 436/302/1 452/301/1
f 376/152/1 338/304/1 337/293/1
f 451/303/1 437/305/1 436/302/1
f 450/306/1 437/305/1 451/303/1
f 450/306/1 438/307/1 437/305/1
f 375/308/1 338/304/1 376/152/1
f 449/309/1 438/307/1 450/306/1
f 449/309/1 439/154/1 438/307/1
f 448/167/1 439/154/1 449/309/1
f 448/167/1 440/310/1 439/154/1
f 447/311/1 440/310/1 448/167/1
f 447/311/1 441/312/1 440/310/1
f 446/313/1 441/312/1 447/311/1
f 446/313/1 442/314/1 441/312/1
f 445/315/1 442/314/1 446/313/1
f 374/316/1 338/304/1 375/308/1
f 445/315/1 443/317/1 442/314/1
f 444/318/1 443/317/1 445/315/1
f 374/316/1 339/319/1 338/304/1
f 373/320/1 339/319/1 374/316/1
f 373/320/1 340/127/1 339/319/1
f 372/321/1 340/127/1 373/320/1
f 371/322/1 340/127/1 372/321/1
f 371/322/1 341/323/1 340/127/1
f 370/324/1 341/323/1 371/322/1
f 370/324/1 342/325/1 341/323/1
f 369/326/1 342/325/1 370/324/1
f 368/327/1 342/325/1 369/326/1
f 368/327/1 343/328/1 342/325/1
f 367/144/1 343/328/1 368/327/1
f 366/329/1 343/328/1 367/144/1
f 366/329/1 344/330/1 343/328/1
f 365/331/1 344/330/1 366/329/1
f 364/332/1 344/330/1 365/331/1
f 364/332/1 345/333/1 344/330/1
f 363/334/1 345/333/1 364/332/1
f 362/335/1 345/333/1 363/334/1
f 362/335/1 346/336/1 345/333/1
f 361/337/1 346/336/1 362/335/1
f 360/338/1 346/336/1 361/337/1
f 359/339/1 346/336/1 360/338/1
f 359/339/1 347/340/1 346/336/1
f 358/137/1 347/340/1 359/339/1
f 358/137/1 348/341/1 347/340/1
f 357/342/1 348/341/1 358/137/1
f 357/342/1 349/124/1 348/341/1
f 357/342/1 350/343/1 349/124/1
f 357/342/1 351/344/1 350/343/1
f 357/342/1 352/345/1 351/344/1
f 357/342/1 353/346/1 352/345/1
f 357/342/1 354/347/1 353/346/1
f 357/342/1 355/348/1 354/347/1
f 357/342/1 356/349/1 355/348/1
f 650/350/1 604/351/1 651/352/1
f 649/353/1 604/351/1 650/350/1
f 649/353/1 605/354/1 604/351/1
f 648/355/1 605/354/1 649/353/1
f 648/355/1 606/356/1 605/354/1
f 647/357/1 606/356/1 648/355/1
f 647/357/1 607/358/1 606/356/1
f 646/359/1 607/358/1 647/357/1
f 646/359/1 608/360/1 607/358/1
f 646/359/1 609/235/1 608/360/1
f 645/361/1 609/235/1 646/359/1
f 645/361/1 610/362/1 609/235/1
f 644/363/1 610/362/1 645/361/1
f 644/363/1 611/364/1 610/362/1
f 643/365/1 611/364/1 644/363/1
f 643/365/1 612/366/1 611/364/1
f 642/367/1 612/366/1 643/365/1
f 642/367/1 613/368/1 612/366/1
f 641/369/1 613/368/1 642/367/1
f 641/369/1 579/370/1 613/368/1
f 579/370/1 578/371/1 613/368/1
f 578/371/1 614/372/1 613/368/1
f 640/373/1 580/374/1 641/369/1
f 580/374/1 579/370/1 641/369/1
f 577/375/1 614/372/1 578/371/1
f 640/373/1 581/376/1 580/374/1
f 576/377/1 614/372/1 577/375/1
f 640/373/1 582/378/1 581/376/1
f 575/379/1 614/372/1 576/377/1
f 640/373/1 583/380/1 582/378/1
f 574/381/1 614/372/1 575/379/1
f 640/373/1 584/382/1 583/380/1
f 640/373/1 585/383/1 584/382/1
f 573/384/1 614/372/1 574/381/1
f 640/373/1 586/227/1 585/383/1
f 572/385/1 614/372/1 573/384/1
f 640/373/1 587/386/1 586/227/1
f 571/387/1 614/372/1 572/385/1
f 701/3/1 653/388/1 652/389/1
f 571/387/1 615/390/1 614/372/1
f 639/391/1 587/386/1 640/373/1
f 639/391/1 588/392/1 587/386/1
f 570/393/1 615/390/1 571/387/1
f 639/391/1 589/394/1 588/392/1
f 569/395/1 615/390/1 570/393/1
f 639/391/1 590/396/1 589/394/1
f 568/397/1 615/390/1 569/395/1
f 639/391/1 591/398/1 590/396/1
f 567/399/1 615/390/1 568/397/1
f 566/400/1 615/390/1 567/399/1
f 639/391/1 592/401/1 591/398/1
f 638/402/1 592/401/1 639/391/1
f 566/400/1 616/403/1 615/390/1
f 565/404/1 616/403/1 566/400/1
f 638/402/1 593/405/1 592/401/1
f 564/406/1 616/403/1 565/404/1
f 638/402/1 594/407/1 593/405/1
f 563/285/1 616/403/1 564/406/1
f 638/402/1 595/408/1 594/407/1
f 562/409/1 616/403/1 563/285/1
f 638/402/1 596/410/1 595/408/1
f 637/411/1 596/410/1 638/402/1
f 562/409/1 617/412/1 616/403/1
f 701/3/1 654/413/1 653/388/1
f 561/414/1 617/412/1 562/409/1
f 637/411/1 597/415/1 596/410/1
f 700/416/1 654/413/1 701/3/1
f 560/417/1 617/412/1 561/414/1
f 637/411/1 598/418/1 597/415/1
f 559/419/1 617/412/1 560/417/1
f 637/411/1 599/420/1 598/418/1
f 637/411/1 600/421/1 599/420/1
f 558/422/1 617/412/1 559/419/1
f 637/411/1 601/423/1 600/421/1
f 557/424/1 617/412/1 558/422/1
f 637/411/1 602/425/1 601/423/1
f 556/426/1 617/412/1 557/424/1
f 637/411/1 603/427/1 602/425/1
f 603/427/1 617/412/1 556/426/1
f 637/411/1 617/412/1 603/427/1
f 636/428/1 617/412/1 637/411/1
f 636/428/1 618/429/1 617/412/1
f 700/416/1 655/294/1 654/413/1
f 635/430/1 618/429/1 636/428/1
f 635/430/1 619/431/1 618/429/1
f 700/416/1 656/432/1 655/294/1
f 634/433/1 619/431/1 635/430/1
f 634/433/1 620/434/1 619/431/1
f 699/435/1 656/432/1 700/416/1
f 633/436/1 620/434/1 634/433/1
f 633/436/1 621/437/1 620/434/1
f 699/435/1 657/438/1 656/432/1
f 698/439/1 657/438/1 699/435/1
f 632/302/1 621/437/1 633/436/1
f 632/302/1 622/440/1 621/437/1
f 631/441/1 622/440/1 632/302/1
f 631/441/1 623/442/1 622/440/1
f 698/439/1 658/443/1 657/438/1
f 697/444/1 658/443/1 698/439/1
f 631/441/1 624/445/1 623/442/1
f 630/446/1 624/445/1 631/441/1
f 630/446/1 625/447/1 624/445/1
f 629/448/1 625/447/1 630/446/1
f 629/448/1 626/449/1 625/447/1
f 628/450/1 626/449/1 629/448/1
f 628/450/1 627/451/1 626/449/1
f 696/452/1 658/443/1 697/444/1
f 696/452/1 659/453/1 658/443/1
f 695/454/1 659/453/1 696/452/1
f 695/454/1 660/455/1 659/453/1
f 694/456/1 660/455/1 695/454/1
f 694/456/1 661/457/1 660/455/1
f 693/458/1 661/457/1 694/456/1
f 693/458/1 662/459/1 661/457/1
f 692/460/1 662/459/1 693/458/1
f 692/460/1 663/461/1 662/459/1
f 691/462/1 663/461/1 692/460/1
f 691/462/1 664/463/1 663/461/1
f 690/464/1 664/463/1 691/462/1
f 690/464/1 665/465/1 664/463/1
f 689/466/1 665/465/1 690/464/1
f 689/466/1 666/467/1 665/465/1
f 688/468/1 666/467/1 689/466/1
f 688/468/1 667/469/1 666/467/1
f 687/470/1 667/469/1 688/468/1
f 687/470/1 668/471/1 667/469/1
f 686/472/1 668/471/1 687/470/1
f 686/472/1 669/473/1 668/471/1
f 685/474/1 669/473/1 686/472/1
f 685/474/1 670/475/1 669/473/1
f 684/476/1 670/475/1 685/474/1
f 684/476/1 671/477/1 670/475/1
f 683/478/1 671/477/1 684/476/1
f 683/478/1 672/479/1 671/477/1
f 682/480/1 672/479/1 683/478/1
f 682/480/1 673/481/1 672/479/1
f 681/482/1 673/481/1 682/480/1
f 681/482/1 674/483/1 673/481/1
f 680/484/1 674/483/1 681/482/1
f 680/484/1 675/485/1 674/483/1
f 679/486/1 675/485/1 680/484/1
f 679/486/1 676/487/1 675/485/1
f 678/221/1 676/487/1 679/486/1
f 677/488/1 676/487/1 678/221/1
f 554/489/1 494/101/1 555/490/1
f 554/489/1 495/491/1 494/101/1
f 553/492/1 495/491/1 554/489/1
f 553/492/1 496/493/1 495/491/1
f 553/492/1 497/494/1 496/493/1
f 553/492/1 498/495/1 497/494/1
f 553/492/1 499/496/1 498/495/1
f 552/497/1 499/496/1 553/492/1
f 552/497/1 500/498/1 499/496/1
f 552/497/1 501/499/1 500/498/1
f 552/497/1 502/500/1 501/499/1
f 552/497/1 503/501/1 502/500/1
f 552/497/1 504/502/1 503/501/1
f 551/503/1 504/502/1 552/497/1
f 551/503/1 505/504/1 504/502/1
f 551/503/1 506/505/1 505/504/1
f 551/503/1 507/506/1 506/505/1
f 551/503/1 508/507/1 507/506/1
f 550/508/1 508/507/1 551/503/1
f 550/508/1 509/509/1 508/507/1
f 549/510/1 509/509/1 550/508/1
f 549/510/1 510/511/1 509/509/1
f 548/512/1 510/511/1 549/510/1
f 548/512/1 511/513/1 510/511/1
f 548/512/1 512/514/1 511/513/1
f 547/515/1 512/514/1 548/512/1
f 547/515/1 513/516/1 512/514/1
f 546/517/1 513/516/1 547/515/1
f 546/517/1 514/518/1 513/516/1
f 545/519/1 514/518/1 546/517/1
f 545/519/1 515/520/1 514/518/1
f 544/521/1 515/520/1 545/519/1
f 544/521/1 516/522/1 515/520/1
f 543/523/1 516/522/1 544/521/1
f 542/524/1 516/522/1 543/523/1
f 542/524/1 517/323/1 516/522/1
f 541/525/1 517/323/1 542/524/1
f 541/525/1 518/526/1 517/323/1
f 540/338/1 518/526/1 541/525/1
f 540/338/1 519/527/1 518/526/1
f 539/528/1 519/527/1 540/338/1
f 539/528/1 520/529/1 519/527/1
f 538/530/1 520/529/1 539/528/1
f 538/530/1 521/531/1 520/529/1
f 537/532/1 521/531/1 538/530/1
f 537/532/1 522/533/1 521/531/1
f 536/534/1 522/533/1 537/532/1
f 536/534/1 523/535/1 522/533/1
f 535/536/1 523/535/1 536/534/1
f 535/536/1 524/537/1 523/535/1
f 534/538/1 524/537/1 535/536/1
f 534/538/1 525/539/1 524/537/1
f 533/540/1 525/539/1 534/538/1
f 532/541/1 525/539/1 533/540/1
f 532/541/1 526/542/1 525/539/1
f 531/543/1 526/542/1 532/541/1
f 531/543/1 527/544/1 526/542/1
f 531/543/1 528/545/1 527/544/1
f 531/543/1 529/546/1 528/545/1
f 530/547/1 529/546/1 531/543/1
f 835/548/1 837/549/1 836/550/1
f 799/551/1 801/552/1 800/302/1
f 834/553/1 837/549/1 835/548/1
f 799/551/1 802/554/1 801/552/1
f 833/555/1 837/549/1 834/553/1
f 799/551/1 803/556/1 802/554/1
f 832/557/1 837/549/1 833/555/1
f 799/551/1 804/558/1 803/556/1
f 799/551/1 805/559/1 804/558/1
f 831/560/1 837/549/1 832/557/1
f 799/551/1 806/561/1 805/559/1
f 830/562/1 837/549/1 831/560/1
f 799/551/1 807/563/1 806/561/1
f 829/564/1 837/549/1 830/562/1
f 799/551/1 808/565/1 807/563/1
f 828/566/1 837/549/1 829/564/1
f 799/551/1 809/567/1 808/565/1
f 827/568/1 837/549/1 828/566/1
f 799/551/1 810/569/1 809/567/1
f 826/570/1 837/549/1 827/568/1
f 799/551/1 811/571/1 810/569/1
f 825/572/1 837/549/1 826/570/1
f 799/551/1 812/573/1 811/571/1
f 824/574/1 837/549/1 825/572/1
f 799/551/1 813/575/1 812/573/1
f 799/551/1 814/576/1 813/575/1
f 799/551/1 815/577/1 814/576/1
f 799/551/1 816/578/1 815/577/1
f 799/551/1 817/579/1 816/578/1
f 799/551/1 818/580/1 817/579/1
f 799/551/1 819/581/1 818/580/1
f 799/551/1 820/582/1 819/581/1
f 799/551/1 821/583/1 820/582/1
f 799/551/1 822/584/1 821/583/1
f 799/551/1 823/585/1 822/584/1
f 799/551/1 824/574/1 823/585/1
f 799/551/1 837/549/1 824/574/1
f 799/551/1 838/586/1 837/549/1
f 799/551/1 839/587/1 838/586/1
f 799/551/1 840/588/1 839/587/1
f 799/551/1 841/589/1 840/588/1
f 799/551/1 798/590/1 841/589/1
f 798/590/1 842/591/1 841/589/1
f 798/590/1 843/592/1 842/591/1
f 798/590/1 797/593/1 843/592/1
f 797/593/1 796/594/1 843/592/1
f 796/594/1 844/595/1 843/592/1
f 796/594/1 795/596/1 844/595/1
f 795/596/1 845/597/1 844/595/1
f 795/596/1 794/598/1 845/597/1
f 794/598/1 846/599/1 845/597/1
f 794/598/2 793/600/2 846/599/2
f 793/600/1 792/601/1 846/599/1
f 792/601/1 847/602/1 846/599/1
f 792/601/1 774/603/1 847/602/1
f 774/603/1 848/604/1 847/602/1
f 774/603/1 849/3/1 848/604/1
f 774/603/1 702/101/1 849/3/1
f 792/601/1 791/605/1 774/603/1
f 791/605/1 790/606/1 774/603/1
f 790/606/1 789/607/1 774/603/1
f 789/607/1 788/608/1 774/603/1
f 788/608/1 787/609/1 774/603/1
f 787/609/1 786/610/1 774/603/1
f 786/610/1 785/611/1 774/603/1
f 785/611/1 784/612/1 774/603/1
f 784/612/1 783/613/1 774/603/1
f 783/613/1 782/614/1 774/603/1
f 782/614/1 780/615/1 774/603/1
f 780/615/1 779/616/1 774/603/1
f 779/616/1 778/617/1 774/603/1
f 778/617/1 773/618/1 774/603/1
f 775/619/1 702/101/1 774/603/1
f 775/619/1 777/620/1 702/101/1
f 777/620/1 776/621/1 702/101/1
f 776/621/1 703/622/1 702/101/1
f 781/623/1 780/615/1 782/614/1
f 773/618/1 775/619/1 778/617/1
f 775/619/1 777/620/1 778/617/1
f 773/618/1 776/621/1 775/619/1
f 773/618/1 703/622/1 776/621/1
f 772/624/1 703/622/1 773/618/1
f 772/624/1 704/625/1 703/622/1
f 771/626/1 704/625/1 772/624/1
f 771/626/1 705/627/1 704/625/1
f 770/628/1 705/627/1 771/626/1
f 769/629/1 705/627/1 770/628/1
f 769/629/1 706/630/1 705/627/1
f 768/631/1 706/630/1 769/629/1
f 768/631/1 707/632/1 706/630/1
f 767/633/1 707/632/1 768/631/1
f 767/633/1 708/634/1 707/632/1
f 766/635/1 708/634/1 767/633/1
f 766/635/1 709/636/1 708/634/1
f 765/637/1 709/636/1 766/635/1
f 765/637/1 710/638/1 709/636/1
f 764/639/1 710/638/1 765/637/1
f 764/639/1 711/640/1 710/638/1
f 763/641/1 711/640/1 764/639/1
f 762/642/1 711/640/1 763/641/1
f 762/642/1 712/643/1 711/640/1
f 762/642/1 713/644/1 712/643/1
f 762/642/1 714/645/1 713/644/1
f 761/646/1 714/645/1 762/642/1
f 761/646/1 715/647/1 714/645/1
f 761/646/1 716/648/1 715/647/1
f 760/649/1 716/648/1 761/646/1
f 760/649/1 717/650/1 716/648/1
f 759/651/1 717/650/1 760/649/1
f 759/651/1 718/652/1 717/650/1
f 758/653/1 738/654/1 759/651/1
f 738/654/1 718/652/1 759/651/1
f 758/653/1 739/655/1 738/654/1
f 737/656/1 718/652/1 738/654/1
f 737/656/1 719/657/1 718/652/1
f 736/658/1 719/657/1 737/656/1
f 757/659/1 739/655/1 758/653/1
f 757/659/1 740/660/1 739/655/1
f 735/661/1 719/657/1 736/658/1
f 735/661/1 720/662/1 719/657/1
f 756/663/1 740/660/1 757/659/1
f 756/663/1 741/664/1 740/660/1
f 734/665/1 720/662/1 735/661/1
f 755/666/1 741/664/1 756/663/1
f 734/665/1 721/667/1 720/662/1
f 755/666/1 742/668/1 741/664/1
f 733/669/1 721/667/1 734/665/1
f 754/670/1 742/668/1 755/666/1
f 733/669/1 722/671/1 721/667/1
f 754/670/1 743/672/1 742/668/1
f 753/673/1 743/672/1 754/670/1
f 732/674/1 722/671/1 733/669/1
f 732/674/1 723/675/1 722/671/1
f 753/673/1 744/676/1 743/672/1
f 752/677/1 744/676/1 753/673/1
f 731/678/1 723/675/1 732/674/1
f 731/678/1 724/679/1 723/675/1
f 751/285/1 744/676/1 752/677/1
f 751/285/1 745/680/1 744/676/1
f 730/681/1 724/679/1 731/678/1
f 730/681/1 725/682/1 724/679/1
f 751/285/1 746/683/1 745/680/1
f 750/684/1 746/683/1 751/285/1
f 729/685/1 725/682/1 730/681/1
f 750/684/1 747/686/1 746/683/1
f 729/685/1 728/687/1 725/682/1
f 728/687/1 727/688/1 725/682/1
f 727/688/1 726/689/1 725/682/1
f 750/684/1 748/690/1 747/686/1
f 750/684/1 749/691/1 748/690/1
f 860/123/1 862/124/1 861/125/1
f 859/126/1 862/124/1 860/123/1
f 858/127/1 862/124/1 859/126/1
f 857/128/1 862/124/1 858/127/1
f 857/128/1 863/130/1 862/124/1
f 856/129/1 863/130/1 857/128/1
f 855/131/1 863/130/1 856/129/1
f 854/132/1 863/130/1 855/131/1
f 854/132/1 864/133/1 863/130/1
f 853/134/1 864/133/1 854/132/1
f 853/134/1 865/135/1 864/133/1
f 852/136/1 865/135/1 853/134/1
f 852/136/1 866/137/1 865/135/1
f 851/138/1 866/137/1 852/136/1
f 851/138/1 867/139/1 866/137/1
f 850/101/1 867/139/1 851/138/1
f 850/101/1 868/140/1 867/139/1
f 926/3/1 868/140/1 850/101/1
f 926/3/1 869/141/1 868/140/1
f 925/142/1 869/141/1 926/3/1
f 925/142/1 870/144/1 869/141/1
f 924/143/1 870/144/1 925/142/1
f 924/143/1 871/146/1 870/144/1
f 923/145/1 871/146/1 924/143/1
f 923/145/1 872/148/1 871/146/1
f 922/147/1 872/148/1 923/145/1
f 922/147/1 873/150/1 872/148/1
f 921/149/1 873/150/1 922/147/1
f 921/149/1 874/152/1 873/150/1
f 920/151/1 874/152/1 921/149/1
f 920/151/1 902/154/1 874/152/1
f 902/154/1 875/155/1 874/152/1
f 919/153/1 902/154/1 920/151/1
f 918/156/1 902/154/1 919/153/1
f 917/157/1 902/154/1 918/156/1
f 916/158/1 902/154/1 917/157/1
f 915/159/1 902/154/1 916/158/1
f 915/159/1 903/161/1 902/154/1
f 901/162/1 875/155/1 902/154/1
f 914/160/1 903/161/1 915/159/1
f 900/164/1 875/155/1 901/162/1
f 914/160/1 904/165/1 903/161/1
f 913/163/1 904/165/1 914/160/1
f 913/163/1 905/166/1 904/165/1
f 913/163/1 906/167/1 905/166/1
f 913/163/1 907/168/1 906/167/1
f 913/163/1 908/169/1 907/168/1
f 913/163/1 909/170/1 908/169/1
f 913/163/1 910/171/1 909/170/1
f 913/163/1 911/172/1 910/171/1
f 913/163/1 912/173/1 911/172/1
f 899/174/1 875/155/1 900/164/1
f 899/174/1 876/175/1 875/155/1
f 898/176/1 876/175/1 899/174/1
f 898/176/1 877/177/1 876/175/1
f 897/178/1 877/177/1 898/176/1
f 897/178/1 878/179/1 877/177/1
f 896/180/1 878/179/1 897/178/1
f 896/180/1 879/181/1 878/179/1
f 895/182/1 879/181/1 896/180/1
f 895/182/1 880/183/1 879/181/1
f 895/182/1 881/185/1 880/183/1
f 894/184/1 881/185/1 895/182/1
f 894/184/1 882/186/1 881/185/1
f 893/187/1 882/186/1 894/184/1
f 893/187/1 883/188/1 882/186/1
f 892/189/1 883/188/1 893/187/1
f 892/189/1 884/190/1 883/188/1
f 891/191/1 884/190/1 892/189/1
f 891/191/1 885/192/1 884/190/1
f 890/193/1 885/192/1 891/191/1
f 890/193/1 886/194/1 885/192/1
f 889/195/1 886/194/1 890/193/1
f 889/195/1 887/196/1 886/194/1
f 888/197/1 887/196/1 889/195/1
f 939/692/1 941/693/1 940/694/1
f 939/692/1 942/675/1 941/693/1
f 939/692/1 943/695/1 942/675/1
f 938/696/1 943/695/1 939/692/1
f 938/696/1 944/697/1 943/695/1
f 937/648/1 944/697/1 938/696/1
f 937/648/1 945/698/1 944/697/1
f 936/699/1 945/698/1 937/648/1
f 936/699/1 946/700/1 945/698/1
f 935/701/1 946/700/1 936/699/1
f 935/701/1 947/681/1 946/700/1
f 934/702/1 947/681/1 935/701/1
f 934/702/1 948/703/1 947/681/1
f 933/704/1 948/703/1 934/702/1
f 933/704/1 949/705/1 948/703/1
f 932/636/1 949/705/1 933/704/1
f 931/706/1 949/705/1 932/636/1
f 931/706/1 950/707/1 949/705/1
f 930/708/1 950/707/1 931/706/1
f 930/708/1 951/709/1 950/707/1
f 929/710/1 951/709/1 930/708/1
f 929/710/1 952/656/1 951/709/1
f 928/711/1 952/656/1 929/710/1
f 928/711/1 953/712/1 952/656/1
f 927/101/1 953/712/1 928/711/1
f 927/101/1 954/713/1 953/712/1
f 1019/714/1 1021/715/1 1020/716/1
f 966/717/1 968/718/1 967/653/1
f 1019/714/1 1022/548/1 1021/715/1
f 1019/714/1 1023/719/1 1022/548/1
f 965/720/1 968/718/1 966/717/1
f 1019/714/1 1024/721/1 1023/719/1
f 964/722/1 968/718/1 965/720/1
f 1019/714/1 1025/723/1 1024/721/1
f 963/724/1 968/718/1 964/722/1
f 1019/714/1 1026/725/1 1025/723/1
f 962/285/1 968/718/1 963/724/1
f 1019/714/1 1027/591/1 1026/725/1
f 961/726/1 968/718/1 962/285/1
f 1019/714/1 1028/727/1 1027/591/1
f 960/728/1 968/718/1 961/726/1
f 959/729/1 968/718/1 960/728/1
f 1019/714/1 1029/730/1 1028/727/1
f 958/731/1 968/718/1 959/729/1
f 1019/714/1 1030/732/1 1029/730/1
f 957/676/1 968/718/1 958/731/1
f 1019/714/1 1031/733/1 1030/732/1
f 956/734/1 968/718/1 957/676/1
f 1019/714/1 1032/3/1 1031/733/1
f 955/735/1 968/718/1 956/734/1
f 1019/714/1 927/101/1 1032/3/1
f 1019/714/1 954/713/1 927/101/1
f 1019/714/1 955/735/1 954/713/1
f 1019/714/1 1018/736/1 955/735/1
f 1018/736/1 1017/566/1 955/735/1
f 1017/566/1 1016/737/1 955/735/1
f 1016/737/1 1015/738/1 955/735/1
f 1015/738/1 1014/739/1 955/735/1
f 1014/739/1 1013/740/1 955/735/1
f 1013/740/1 1012/583/1 955/735/1
f 1012/583/1 1011/741/1 955/735/1
f 1011/741/1 1010/742/1 955/735/1
f 1010/742/1 1009/743/1 955/735/1
f 1009/743/1 1008/744/1 955/735/1
f 1008/744/1 1007/576/1 955/735/1
f 1007/576/1 1006/745/1 955/735/1
f 1006/745/1 981/746/1 955/735/1
f 981/746/1 980/747/1 955/735/1
f 980/747/1 979/748/1 955/735/1
f 979/748/1 978/749/1 955/735/1
f 978/749/1 977/624/1 955/735/1
f 977/624/1 976/750/1 955/735/1
f 976/750/1 975/751/1 955/735/1
f 975/751/1 974/752/1 955/735/1
f 974/752/1 973/753/1 955/735/1
f 973/753/1 972/637/1 955/735/1
f 972/637/1 971/754/1 955/735/1
f 971/754/1 970/755/1 955/735/1
f 970/755/1 969/756/1 955/735/1
f 969/756/1 968/718/1 955/735/1
f 1005/757/1 981/746/1 1006/745/1
f 1005/757/1 982/616/1 981/746/1
f 1004/758/1 982/616/1 1005/757/1
f 1004/758/1 983/759/1 982/616/1
f 1003/760/1 983/759/1 1004/758/1
f 1003/760/1 984/761/1 983/759/1
f 1002/563/1 984/761/1 1003/760/1
f 1002/563/1 985/762/1 984/761/1
f 1001/763/1 985/762/1 1002/563/1
f 1001/763/1 986/764/1 985/762/1
f 1000/765/1 986/764/1 1001/763/1
f 999/766/1 986/764/1 1000/765/1
f 999/766/1 987/610/1 986/764/1
f 998/767/1 987/610/1 999/766/1
f 998/767/1 988/768/1 987/610/1
f 997/302/1 988/768/1 998/767/1
f 996/769/1 988/768/1 997/302/1
f 996/769/1 989/770/1 988/768/1
f 995/771/1 989/770/1 996/769/1
f 995/771/1 990/772/1 989/770/1
f 994/773/1 990/772/1 995/771/1
f 994/773/1 991/774/1 990/772/1
f 993/775/1 991/774/1 994/773/1
f 993/775/1 992/600/1 991/774/1
f 1153/1/3 1154/3/3 1081/2/3
f 1152/4/3 1153/1/3 1081/2/3
f 1152/4/3 1081/2/3 1082/5/3
f 1151/6/3 1152/4/3 1082/5/3
f 1151/6/3 1082/5/3 1083/7/3
f 1150/8/3 1151/6/3 1083/7/3
f 1150/8/3 1083/7/3 1084/9/3
f 1149/10/3 1150/8/3 1084/9/3
f 1149/10/3 1084/9/3 1085/11/3
f 1148/12/3 1149/10/3 1085/11/3
f 1148/12/3 1085/11/3 1086/13/3
f 1147/14/3 1148/12/3 1086/13/3
f 1147/14/3 1086/13/3 1087/15/3
f 1146/16/3 1147/14/3 1087/15/3
f 1146/16/3 1087/15/3 1088/17/3
f 1145/18/3 1146/16/3 1088/17/3
f 1145/18/3 1088/17/3 1089/19/3
f 1144/20/3 1145/18/3 1089/19/3
f 1144/20/3 1089/19/3 1090/21/3
f 1143/22/3 1144/20/3 1090/21/3
f 1143/22/3 1090/21/3 1091/23/3
f 1143/22/3 1091/23/3 1092/24/3
f 1142/25/3 1143/22/3 1092/24/3
f 1142/25/3 1092/24/3 1093/26/3
f 1141/27/3 1142/25/3 1093/26/3
f 1140/28/3 1141/27/3 1093/26/3
f 1140/28/3 1093/26/3 1094/29/3
f 1140/28/3 1094/29/3 1095/30/3
f 1139/31/3 1140/28/3 1095/30/3
f 1139/31/3 1095/30/3 1096/32/3
f 1138/33/3 1139/31/3 1096/32/3
f 1138/33/3 1096/32/3 1097/34/3
f 1137/35/3 1138/33/3 1097/34/3
f 1137/35/3 1097/34/3 1098/36/3
f 1136/37/3 1137/35/3 1098/36/3
f 1136/37/3 1098/36/3 1099/38/3
f 1135/39/3 1136/37/3 1099/38/3
f 1135/39/3 1099/38/3 1100/40/3
f 1134/41/3 1135/39/3 1100/40/3
f 1134/41/3 1100/40/3 1101/42/3
f 1133/43/3 1134/41/3 1101/42/3
f 1132/44/3 1133/43/3 1101/42/3
f 1132/44/3 1101/42/3 1102/45/3
f 1131/46/3 1132/44/3 1102/45/3
f 1131/46/3 1102/45/3 1103/47/3
f 1131/46/3 1103/47/3 1104/48/3
f 1130/49/3 1131/46/3 1104/48/3
f 1130/49/3 1104/48/3 1105/50/3
f 1129/51/3 1130/49/3 1105/50/3
f 1128/52/3 1129/51/3 1105/50/3
f 1128/52/3 1105/50/3 1106/53/3
f 1127/54/3 1128/52/3 1106/53/3
f 1127/54/3 1106/53/3 1107/55/3
f 1126/56/3 1127/54/3 1107/55/3
f 1126/56/3 1107/55/3 1108/57/3
f 1125/58/3 1126/56/3 1108/57/3
f 1125/58/3 1108/57/3 1109/59/3
f 1124/60/3 1125/58/3 1109/59/3
f 1124/60/3 1109/59/3 1110/61/3
f 1123/62/3 1124/60/3 1110/61/3
f 1123/62/3 1110/61/3 1111/63/3
f 1122/64/3 1123/62/3 1111/63/3
f 1122/64/3 1111/63/3 1112/65/3
f 1121/66/3 1122/64/3 1112/65/3
f 1121/66/3 1112/65/3 1113/67/3
f 1120/68/3 1121/66/3 1113/67/3
f 1120/68/3 1113/67/3 1114/69/3
f 1119/70/3 1120/68/3 1114/69/3
f 1119/70/3 1114/69/3 1115/71/3
f 1118/72/3 1119/70/3 1115/71/3
f 1118/72/3 1115/71/3 1116/73/3
f 1118/72/3 1116/73/3 1117/74/3
f 1067/75/3 1068/77/3 1069/76/3
f 1067/75/3 1069/76/3 1070/78/3
f 1066/79/3 1067/75/3 1070/78/3
f 1066/79/3 1070/78/3 1071/80/3
f 1065/81/3 1066/79/3 1071/80/3
f 1065/81/3 1071/80/3 1072/82/3
f 1064/83/3 1065/81/3 1072/82/3
f 1064/83/3 1072/82/3 1073/84/3
f 1063/85/3 1064/83/3 1073/84/3
f 1063/85/3 1073/84/3 1074/86/3
f 1062/87/3 1063/85/3 1074/86/3
f 1062/87/3 1074/86/3 1075/88/3
f 1061/89/3 1062/87/3 1075/88/3
f 1061/89/3 1075/88/3 1076/90/3
f 1060/91/3 1061/89/3 1076/90/3
f 1060/91/3 1076/90/3 1077/92/3
f 1059/93/3 1060/91/3 1077/92/3
f 1059/93/3 1077/92/3 1078/94/3
f 1058/95/3 1059/93/3 1078/94/3
f 1058/95/3 1078/94/3 1079/96/3
f 1057/97/3 1058/95/3 1079/96/3
f 1056/98/3 1057/97/3 1079/96/3
f 1056/98/3 1079/96/3 1080/99/3
f 1055/100/3 1056/98/3 1080/99/3
f 1055/100/3 1080/99/3 1033/101/3
f 1054/102/3 1055/100/3 1033/101/3
f 1054/102/3 1033/101/3 1034/103/3
f 1054/102/3 1034/103/3 1035/104/3
f 1053/105/3 1054/102/3 1035/104/3
f 1053/105/3 1035/104/3 1036/106/3
f 1052/107/3 1053/105/3 1036/106/3
f 1052/107/3 1036/106/3 1037/108/3
f 1051/109/3 1052/107/3 1037/108/3
f 1051/109/3 1037/108/3 1038/110/3
f 1050/111/3 1051/109/3 1038/110/3
f 1050/111/3 1038/110/3 1039/112/3
f 1049/113/3 1050/111/3 1039/112/3
f 1049/113/3 1039/112/3 1040/114/3
f 1048/115/3 1049/113/3 1040/114/3
f 1048/115/3 1040/114/3 1041/116/3
f 1047/117/3 1048/115/3 1041/116/3
f 1047/117/3 1041/116/3 1042/118/3
f 1046/119/3 1047/117/3 1042/118/3
f 1046/119/3 1042/118/3 1043/120/3
f 1045/121/3 1046/119/3 1043/120/3
f 1045/121/3 1043/120/3 1044/122/3
f 1275/1/3 1276/3/3 1203/2/3
f 1274/4/3 1275/1/3 1203/2/3
f 1274/4/3 1203/2/3 1204/5/3
f 1273/6/3 1274/4/3 1204/5/3
f 1273/6/3 1204/5/3 1205/7/3
f 1272/8/3 1273/6/3 1205/7/3
f 1272/8/3 1205/7/3 1206/9/3
f 1271/10/3 1272/8/3 1206/9/3
f 1271/10/3 1206/9/3 1207/11/3
f 1270/12/3 1271/10/3 1207/11/3
f 1270/12/3 1207/11/3 1208/13/3
f 1269/14/3 1270/12/3 1208/13/3
f 1269/14/3 1208/13/3 1209/15/3
f 1268/16/3 1269/14/3 1209/15/3
f 1268/16/3 1209/15/3 1210/17/3
f 1267/18/3 1268/16/3 1210/17/3
f 1267/18/3 1210/17/3 1211/19/3
f 1266/20/3 1267/18/3 1211/19/3
f 1266/20/3 1211/19/3 1212/21/3
f 1265/22/3 1266/20/3 1212/21/3
f 1265/22/3 1212/21/3 1213/23/3
f 1265/22/3 1213/23/3 1214/24/3
f 1264/25/3 1265/22/3 1214/24/3
f 1263/27/3 1264/25/3 1214/24/3
f 1263/27/3 1214/24/3 1215/26/3
f 1262/28/3 1263/27/3 1215/26/3
f 1262/28/3 1215/26/3 1216/29/3
f 1262/28/3 1216/29/3 1217/30/3
f 1261/31/3 1262/28/3 1217/30/3
f 1261/31/3 1217/30/3 1218/32/3
f 1260/33/3 1261/31/3 1218/32/3
f 1260/33/3 1218/32/3 1219/34/3
f 1259/35/3 1260/33/3 1219/34/3
f 1259/35/3 1219/34/3 1220/36/3
f 1258/37/3 1259/35/3 1220/36/3
f 1258/37/3 1220/36/3 1221/38/3
f 1257/39/3 1258/37/3 1221/38/3
f 1257/39/3 1221/38/3 1222/40/3
f 1256/41/3 1257/39/3 1222/40/3
f 1256/41/3 1222/40/3 1223/42/3
f 1255/43/3 1256/41/3 1223/42/3
f 1255/43/3 1223/42/3 1224/45/3
f 1254/44/3 1255/43/3 1224/45/3
f 1254/44/3 1224/45/3 1225/47/3
f 1253/46/3 1254/44/3 1225/47/3
f 1253/46/3 1225/47/3 1226/48/3
f 1252/49/3 1253/46/3 1226/48/3
f 1252/49/3 1226/48/3 1227/50/3
f 1251/51/3 1252/49/3 1227/50/3
f 1250/52/3 1251/51/3 1227/50/3
f 1250/52/3 1227/50/3 1228/53/3
f 1249/54/3 1250/52/3 1228/53/3
f 1249/54/3 1228/53/3 1229/55/3
f 1248/56/3 1249/54/3 1229/55/3
f 1248/56/3 1229/55/3 1230/57/3
f 1247/58/3 1248/56/3 1230/57/3
f 1247/58/3 1230/57/3 1231/59/3
f 1246/60/3 1247/58/3 1231/59/3
f 1246/60/3 1231/59/3 1232/61/3
f 1245/62/3 1246/60/3 1232/61/3
f 1245/62/3 1232/61/3 1233/63/3
f 1244/64/3 1245/62/3 1233/63/3
f 1244/64/3 1233/63/3 1234/65/3
f 1243/66/3 1244/64/3 1234/65/3
f 1243/66/3 1234/65/3 1235/67/3
f 1242/68/3 1243/66/3 1235/67/3
f 1242/68/3 1235/67/3 1236/69/3
f 1241/70/3 1242/68/3 1236/69/3
f 1241/70/3 1236/69/3 1237/71/3
f 1240/72/3 1241/70/3 1237/71/3
f 1240/72/3 1237/71/3 1238/73/3
f 1240/72/3 1238/73/3 1239/74/3
f 1189/75/3 1190/77/3 1191/76/3
f 1189/75/3 1191/76/3 1192/78/3
f 1188/79/3 1189/75/3 1192/78/3
f 1188/79/3 1192/78/3 1193/80/3
f 1187/81/3 1188/79/3 1193/80/3
f 1187/81/3 1193/80/3 1194/82/3
f 1186/83/3 1187/81/3 1194/82/3
f 1186/83/3 1194/82/3 1195/84/3
f 1185/85/3 1186/83/3 1195/84/3
f 1185/85/3 1195/84/3 1196/86/3
f 1184/87/3 1185/85/3 1196/86/3
f 1184/87/3 1196/86/3 1197/88/3
f 1183/89/3 1184/87/3 1197/88/3
f 1183/89/3 1197/88/3 1198/90/3
f 1182/91/3 1183/89/3 1198/90/3
f 1182/91/3 1198/90/3 1199/92/3
f 1181/93/3 1182/91/3 1199/92/3
f 1181/93/3 1199/92/3 1200/94/3
f 1180/95/3 1181/93/3 1200/94/3
f 1180/95/3 1200/94/3 1201/96/3
f 1179/97/3 1180/95/3 1201/96/3
f 1178/98/3 1179/97/3 1201/96/3
f 1178/98/3 1201/96/3 1202/99/3
f 1177/100/3 1178/98/3 1202/99/3
f 1177/100/3 1202/99/3 1155/101/3
f 1176/102/3 1177/100/3 1155/101/3
f 1176/102/3 1155/101/3 1156/103/3
f 1176/102/3 1156/103/3 1157/104/3
f 1175/105/3 1176/102/3 1157/104/3
f 1175/105/3 1157/104/3 1158/106/3
f 1174/107/3 1175/105/3 1158/106/3
f 1174/107/3 1158/106/3 1159/108/3
f 1173/109/3 1174/107/3 1159/108/3
f 1173/109/3 1159/108/3 1160/110/3
f 1172/111/3 1173/109/3 1160/110/3
f 1172/111/3 1160/110/3 1161/112/3
f 1171/113/3 1172/111/3 1161/112/3
f 1171/113/3 1161/112/3 1162/114/3
f 1170/115/3 1171/113/3 1162/114/3
f 1170/115/3 1162/114/3 1163/116/3
f 1169/117/3 1170/115/3 1163/116/3
f 1169/117/3 1163/116/3 1164/118/3
f 1168/119/3 1169/117/3 1164/118/3
f 1168/119/3 1164/118/3 1165/120/3
f 1167/121/3 1168/119/3 1165/120/3
f 1167/121/3 1165/120/3 1166/122/3
f 1287/123/3 1288/125/3 1289/124/3
f 1286/126/3 1287/123/3 1289/124/3
f 1285/127/3 1286/126/3 1289/124/3
f 1284/128/3 1285/127/3 1289/124/3
f 1283/129/3 1284/128/3 1289/124/3
f 1283/129/3 1289/124/3 1290/130/3
f 1282/131/3 1283/129/3 1290/130/3
f 1281/132/3 1282/131/3 1290/130/3
f 1281/132/3 1290/130/3 1291/133/3
f 1280/134/3 1281/132/3 1291/133/3
f 1280/134/3 1291/133/3 1292/135/3
f 1279/136/3 1280/134/3 1292/135/3
f 1279/136/3 1292/135/3 1293/137/3
f 1278/138/3 1279/136/3 1293/137/3
f 1278/138/3 1293/137/3 1294/139/3
f 1277/101/3 1278/138/3 1294/139/3
f 1277/101/3 1294/139/3 1295/140/3
f 1353/3/3 1277/101/3 1295/140/3
f 1353/3/3 1295/140/3 1296/141/3
f 1352/142/3 1353/3/3 1296/141/3
f 1351/143/3 1352/142/3 1296/141/3
f 1351/143/3 1296/141/3 1297/144/3
f 1350/145/3 1351/143/3 1297/144/3
f 1350/145/3 1297/144/3 1298/146/3
f 1349/147/3 1350/145/3 1298/146/3
f 1349/147/3 1298/146/3 1299/148/3
f 1348/149/3 1349/147/3 1299/148/3
f 1348/149/3 1299/148/3 1300/150/3
f 1347/151/3 1348/149/3 1300/150/3
f 1347/151/3 1300/150/3 1301/152/3
f 1346/153/3 1347/151/3 1301/152/3
f 1346/153/3 1301/152/3 1329/154/3
f 1329/154/3 1301/152/3 1302/155/3
f 1345/156/3 1346/153/3 1329/154/3
f 1344/157/3 1345/156/3 1329/154/3
f 1343/158/3 1344/157/3 1329/154/3
f 1342/159/3 1343/158/3 1329/154/3
f 1341/160/3 1342/159/3 1329/154/3
f 1341/160/3 1329/154/3 1330/161/3
f 1328/162/3 1329/154/3 1302/155/3
f 1340/163/3 1341/160/3 1330/161/3
f 1327/164/3 1328/162/3 1302/155/3
f 1340/163/3 1330/161/3 1331/165/3
f 1340/163/3 1331/165/3 1332/166/3
f 1340/163/3 1332/166/3 1333/167/3
f 1340/163/3 1333/167/3 1334/168/3
f 1340/163/3 1334/168/3 1335/169/3
f 1340/163/3 1335/169/3 1336/170/3
f 1340/163/3 1336/170/3 1337/171/3
f 1340/163/3 1337/171/3 1338/172/3
f 1340/163/3 1338/172/3 1339/173/3
f 1326/174/3 1327/164/3 1302/155/3
f 1326/174/3 1302/155/3 1303/175/3
f 1325/176/3 1326/174/3 1303/175/3
f 1325/176/3 1303/175/3 1304/177/3
f 1324/178/3 1325/176/3 1304/177/3
f 1324/178/3 1304/177/3 1305/179/3
f 1323/180/3 1324/178/3 1305/179/3
f 1323/180/3 1305/179/3 1306/181/3
f 1322/182/3 1323/180/3 1306/181/3
f 1322/182/3 1306/181/3 1307/183/3
f 1321/184/3 1322/182/3 1307/183/3
f 1321/184/3 1307/183/3 1308/185/3
f 1321/184/3 1308/185/3 1309/186/3
f 1320/187/3 1321/184/3 1309/186/3
f 1320/187/3 1309/186/3 1310/188/3
f 1319/189/3 1320/187/3 1310/188/3
f 1319/189/3 1310/188/3 1311/190/3
f 1318/191/3 1319/189/3 1311/190/3
f 1318/191/3 1311/190/3 1312/192/3
f 1317/193/3 1318/191/3 1312/192/3
f 1317/193/3 1312/192/3 1313/194/3
f 1316/195/3 1317/193/3 1313/194/3
f 1316/195/3 1313/194/3 1314/196/3
f 1315/197/3 1316/195/3 1314/196/3
f 1437/198/3 1438/200/3 1439/199/3
f 1437/198/3 1439/199/3 1440/201/3
f 1511/202/3 1512/204/3 1513/203/3
f 1511/202/3 1513/203/3 1514/205/3
f 1437/198/3 1440/201/3 1441/206/3
f 1436/207/3 1437/198/3 1441/206/3
f 1436/207/3 1441/206/3 1442/208/3
f 1435/194/3 1436/207/3 1442/208/3
f 1511/202/3 1514/205/3 1515/209/3
f 1510/210/3 1511/202/3 1515/209/3
f 1510/210/3 1515/209/3 1516/147/3
f 1435/194/3 1442/208/3 1443/211/3
f 1509/212/3 1510/210/3 1516/147/3
f 1434/213/3 1435/194/3 1443/211/3
f 1509/212/3 1516/147/3 1517/214/3
f 1508/215/3 1509/212/3 1517/214/3
f 1434/213/3 1443/211/3 1444/193/3
f 1433/216/3 1434/213/3 1444/193/3
f 1508/215/3 1517/214/3 1518/217/3
f 1507/156/3 1508/215/3 1518/217/3
f 1433/216/3 1444/193/3 1445/218/3
f 1432/219/3 1433/216/3 1445/218/3
f 1507/156/3 1518/217/3 1519/220/3
f 1506/221/3 1507/156/3 1519/220/3
f 1432/219/3 1445/218/3 1446/222/3
f 1431/223/3 1432/219/3 1446/222/3
f 1506/221/3 1519/220/3 1520/224/3
f 1505/225/3 1506/221/3 1520/224/3
f 1431/223/3 1446/222/3 1447/226/3
f 1430/227/3 1431/223/3 1447/226/3
f 1505/225/3 1520/224/3 1521/228/3
f 1504/229/3 1505/225/3 1521/228/3
f 1430/227/3 1447/226/3 1448/230/3
f 1429/231/3 1430/227/3 1448/230/3
f 1504/229/3 1521/228/3 1522/232/3
f 1503/233/3 1504/229/3 1522/232/3
f 1503/233/3 1522/232/3 1523/234/3
f 1429/231/3 1448/230/3 1449/235/3
f 1428/236/3 1429/231/3 1449/235/3
f 1502/237/3 1503/233/3 1523/234/3
f 1502/237/3 1523/234/3 1524/238/3
f 1501/239/3 1502/237/3 1524/238/3
f 1428/236/3 1449/235/3 1450/240/3
f 1427/241/3 1428/236/3 1450/240/3
f 1501/239/3 1524/238/3 1525/3/3
f 1500/242/3 1501/239/3 1525/3/3
f 1427/241/3 1450/240/3 1451/243/3
f 1426/186/3 1427/241/3 1451/243/3
f 1500/242/3 1525/3/3 1452/244/3
f 1499/245/3 1500/242/3 1452/244/3
f 1426/186/3 1451/243/3 1354/101/3
f 1425/246/3 1426/186/3 1354/101/3
f 1498/160/3 1499/245/3 1452/244/3
f 1498/160/3 1452/244/3 1453/184/3
f 1424/247/3 1425/246/3 1354/101/3
f 1424/247/3 1354/101/3 1355/248/3
f 1423/249/3 1424/247/3 1355/248/3
f 1423/249/3 1355/248/3 1356/250/3
f 1497/251/3 1498/160/3 1453/184/3
f 1497/251/3 1453/184/3 1454/252/3
f 1422/253/3 1423/249/3 1356/250/3
f 1422/253/3 1356/250/3 1357/254/3
f 1421/255/3 1422/253/3 1357/254/3
f 1421/255/3 1357/254/3 1358/256/3
f 1496/257/3 1497/251/3 1454/252/3
f 1496/257/3 1454/252/3 1455/258/3
f 1420/259/3 1421/255/3 1358/256/3
f 1420/259/3 1358/256/3 1359/260/3
f 1419/261/3 1420/259/3 1359/260/3
f 1419/261/3 1359/260/3 1360/262/3
f 1495/263/3 1496/257/3 1455/258/3
f 1495/263/3 1455/258/3 1456/264/3
f 1418/265/3 1419/261/3 1360/262/3
f 1418/265/3 1360/262/3 1361/266/3
f 1417/179/3 1418/265/3 1361/266/3
f 1417/179/3 1361/266/3 1362/267/3
f 1494/268/3 1495/263/3 1456/264/3
f 1494/268/3 1456/264/3 1457/269/3
f 1416/270/3 1417/179/3 1362/267/3
f 1416/270/3 1362/267/3 1363/132/3
f 1415/271/3 1416/270/3 1363/132/3
f 1415/271/3 1363/132/3 1364/272/3
f 1414/273/3 1415/271/3 1364/272/3
f 1414/273/3 1364/272/3 1365/274/3
f 1493/275/3 1494/268/3 1457/269/3
f 1493/275/3 1457/269/3 1458/276/3
f 1413/277/3 1414/273/3 1365/274/3
f 1413/277/3 1365/274/3 1366/278/3
f 1492/279/3 1493/275/3 1458/276/3
f 1492/279/3 1458/276/3 1459/280/3
f 1412/281/3 1413/277/3 1366/278/3
f 1412/281/3 1366/278/3 1367/282/3
f 1491/283/3 1492/279/3 1459/280/3
f 1491/283/3 1459/280/3 1460/284/3
f 1411/285/3 1412/281/3 1367/282/3
f 1490/286/3 1491/283/3 1460/284/3
f 1490/286/3 1460/284/3 1461/287/3
f 1411/285/3 1367/282/3 1368/288/3
f 1410/289/3 1411/285/3 1368/288/3
f 1489/171/3 1490/286/3 1461/287/3
f 1489/171/3 1461/287/3 1462/176/3
f 1488/290/3 1489/171/3 1462/176/3
f 1409/291/3 1410/289/3 1368/288/3
f 1488/290/3 1462/176/3 1463/292/3
f 1409/291/3 1368/288/3 1369/293/3
f 1487/294/3 1488/290/3 1463/292/3
f 1487/294/3 1463/292/3 1464/295/3
f 1487/294/3 1464/295/3 1465/296/3
f 1486/297/3 1487/294/3 1465/296/3
f 1486/297/3 1465/296/3 1466/298/3
f 1485/299/3 1486/297/3 1466/298/3
f 1408/152/3 1409/291/3 1369/293/3
f 1485/299/3 1466/298/3 1467/300/3
f 1484/301/3 1485/299/3 1467/300/3
f 1484/301/3 1467/300/3 1468/302/3
f 1483/303/3 1484/301/3 1468/302/3
f 1408/152/3 1369/293/3 1370/304/3
f 1483/303/3 1468/302/3 1469/305/3
f 1482/306/3 1483/303/3 1469/305/3
f 1482/306/3 1469/305/3 1470/307/3
f 1407/308/3 1408/152/3 1370/304/3
f 1481/309/3 1482/306/3 1470/307/3
f 1481/309/3 1470/307/3 1471/154/3
f 1480/167/3 1481/309/3 1471/154/3
f 1480/167/3 1471/154/3 1472/310/3
f 1479/311/3 1480/167/3 1472/310/3
f 1479/311/3 1472/310/3 1473/312/3
f 1478/313/3 1479/311/3 1473/312/3
f 1478/313/3 1473/312/3 1474/314/3
f 1477/315/3 1478/313/3 1474/314/3
f 1406/316/3 1407/308/3 1370/304/3
f 1477/315/3 1474/314/3 1475/317/3
f 1476/318/3 1477/315/3 1475/317/3
f 1406/316/3 1370/304/3 1371/319/3
f 1405/320/3 1406/316/3 1371/319/3
f 1405/320/3 1371/319/3 1372/127/3
f 1404/321/3 1405/320/3 1372/127/3
f 1403/322/3 1404/321/3 1372/127/3
f 1403/322/3 1372/127/3 1373/323/3
f 1402/324/3 1403/322/3 1373/323/3
f 1402/324/3 1373/323/3 1374/325/3
f 1401/326/3 1402/324/3 1374/325/3
f 1400/327/3 1401/326/3 1374/325/3
f 1400/327/3 1374/325/3 1375/328/3
f 1399/144/3 1400/327/3 1375/328/3
f 1398/329/3 1399/144/3 1375/328/3
f 1398/329/3 1375/328/3 1376/330/3
f 1397/331/3 1398/329/3 1376/330/3
f 1396/332/3 1397/331/3 1376/330/3
f 1396/332/3 1376/330/3 1377/333/3
f 1395/334/3 1396/332/3 1377/333/3
f 1394/335/3 1395/334/3 1377/333/3
f 1394/335/3 1377/333/3 1378/336/3
f 1393/337/3 1394/335/3 1378/336/3
f 1392/338/3 1393/337/3 1378/336/3
f 1391/339/3 1392/338/3 1378/336/3
f 1391/339/3 1378/336/3 1379/340/3
f 1390/137/3 1391/339/3 1379/340/3
f 1390/137/3 1379/340/3 1380/341/3
f 1389/342/3 1390/137/3 1380/341/3
f 1389/342/3 1380/341/3 1381/124/3
f 1389/342/3 1381/124/3 1382/343/3
f 1389/342/3 1382/343/3 1383/344/3
f 1389/342/3 1383/344/3 1384/345/3
f 1389/342/3 1384/345/3 1385/346/3
f 1389/342/3 1385/346/3 1386/347/3
f 1389/342/3 1386/347/3 1387/348/3
f 1389/342/3 1387/348/3 1388/349/3
f 1682/350/3 1683/352/3 1636/351/3
f 1681/353/3 1682/350/3 1636/351/3
f 1681/353/3 1636/351/3 1637/354/3
f 1680/355/3 1681/353/3 1637/354/3
f 1680/355/3 1637/354/3 1638/356/3
f 1679/357/3 1680/355/3 1638/356/3
f 1679/357/3 1638/356/3 1639/358/3
f 1678/359/3 1679/357/3 1639/358/3
f 1678/359/3 1639/358/3 1640/360/3
f 1678/359/3 1640/360/3 1641/235/3
f 1677/361/3 1678/359/3 1641/235/3
f 1677/361/3 1641/235/3 1642/362/3
f 1676/363/3 1677/361/3 1642/362/3
f 1676/363/3 1642/362/3 1643/364/3
f 1675/365/3 1676/363/3 1643/364/3
f 1675/365/3 1643/364/3 1644/366/3
f 1674/367/3 1675/365/3 1644/366/3
f 1674/367/3 1644/366/3 1645/368/3
f 1673/369/3 1674/367/3 1645/368/3
f 1673/369/3 1645/368/3 1611/370/3
f 1611/370/3 1645/368/3 1610/371/3
f 1610/371/3 1645/368/3 1646/372/3
f 1672/373/3 1673/369/3 1612/374/3
f 1612/374/3 1673/369/3 1611/370/3
f 1609/375/3 1610/371/3 1646/372/3
f 1672/373/3 1612/374/3 1613/376/3
f 1608/377/3 1609/375/3 1646/372/3
f 1672/373/3 1613/376/3 1614/378/3
f 1607/379/3 1608/377/3 1646/372/3
f 1672/373/3 1614/378/3 1615/380/3
f 1606/381/3 1607/379/3 1646/372/3
f 1672/373/3 1615/380/3 1616/382/3
f 1672/373/3 1616/382/3 1617/383/3
f 1605/384/3 1606/381/3 1646/372/3
f 1672/373/3 1617/383/3 1618/227/3
f 1604/385/3 1605/384/3 1646/372/3
f 1672/373/3 1618/227/3 1619/386/3
f 1603/387/3 1604/385/3 1646/372/3
f 1733/3/3 1684/389/3 1685/388/3
f 1603/387/3 1646/372/3 1647/390/3
f 1671/391/3 1672/373/3 1619/386/3
f 1671/391/3 1619/386/3 1620/392/3
f 1602/393/3 1603/387/3 1647/390/3
f 1671/391/3 1620/392/3 1621/394/3
f 1601/395/3 1602/393/3 1647/390/3
f 1671/391/3 1621/394/3 1622/396/3
f 1600/397/3 1601/395/3 1647/390/3
f 1671/391/3 1622/396/3 1623/398/3
f 1599/399/3 1600/397/3 1647/390/3
f 1598/400/3 1599/399/3 1647/390/3
f 1671/391/3 1623/398/3 1624/401/3
f 1670/402/3 1671/391/3 1624/401/3
f 1598/400/3 1647/390/3 1648/403/3
f 1597/404/3 1598/400/3 1648/403/3
f 1670/402/3 1624/401/3 1625/405/3
f 1596/406/3 1597/404/3 1648/403/3
f 1670/402/3 1625/405/3 1626/407/3
f 1595/285/3 1596/406/3 1648/403/3
f 1670/402/3 1626/407/3 1627/408/3
f 1594/409/3 1595/285/3 1648/403/3
f 1670/402/3 1627/408/3 1628/410/3
f 1669/411/3 1670/402/3 1628/410/3
f 1594/409/3 1648/403/3 1649/412/3
f 1733/3/3 1685/388/3 1686/413/3
f 1593/414/3 1594/409/3 1649/412/3
f 1669/411/3 1628/410/3 1629/415/3
f 1732/416/3 1733/3/3 1686/413/3
f 1592/417/3 1593/414/3 1649/412/3
f 1669/411/3 1629/415/3 1630/418/3
f 1591/419/3 1592/417/3 1649/412/3
f 1669/411/3 1630/418/3 1631/420/3
f 1669/411/3 1631/420/3 1632/421/3
f 1590/422/3 1591/419/3 1649/412/3
f 1669/411/3 1632/421/3 1633/423/3
f 1589/424/3 1590/422/3 1649/412/3
f 1669/411/3 1633/423/3 1634/425/3
f 1588/426/3 1589/424/3 1649/412/3
f 1669/411/3 1634/425/3 1635/427/3
f 1635/427/3 1588/426/3 1649/412/3
f 1669/411/3 1635/427/3 1649/412/3
f 1668/428/3 1669/411/3 1649/412/3
f 1668/428/3 1649/412/3 1650/429/3
f 1732/416/3 1686/413/3 1687/294/3
f 1667/430/3 1668/428/3 1650/429/3
f 1667/430/3 1650/429/3 1651/431/3
f 1732/416/3 1687/294/3 1688/432/3
f 1666/433/3 1667/430/3 1651/431/3
f 1666/433/3 1651/431/3 1652/434/3
f 1731/435/3 1732/416/3 1688/432/3
f 1665/436/3 1666/433/3 1652/434/3
f 1665/436/3 1652/434/3 1653/437/3
f 1731/435/3 1688/432/3 1689/438/3
f 1730/439/3 1731/435/3 1689/438/3
f 1664/302/3 1665/436/3 1653/437/3
f 1664/302/3 1653/437/3 1654/440/3
f 1663/441/3 1664/302/3 1654/440/3
f 1663/441/3 1654/440/3 1655/442/3
f 1730/439/3 1689/438/3 1690/443/3
f 1729/444/3 1730/439/3 1690/443/3
f 1663/441/3 1655/442/3 1656/445/3
f 1662/446/3 1663/441/3 1656/445/3
f 1662/446/3 1656/445/3 1657/447/3
f 1661/448/3 1662/446/3 1657/447/3
f 1661/448/3 1657/447/3 1658/449/3
f 1660/450/3 1661/448/3 1658/449/3
f 1660/450/3 1658/449/3 1659/451/3
f 1728/452/3 1729/444/3 1690/443/3
f 1728/452/3 1690/443/3 1691/453/3
f 1727/454/3 1728/452/3 1691/453/3
f 1727/454/3 1691/453/3 1692/455/3
f 1726/456/3 1727/454/3 1692/455/3
f 1726/456/3 1692/455/3 1693/457/3
f 1725/458/3 1726/456/3 1693/457/3
f 1725/458/3 1693/457/3 1694/459/3
f 1724/460/3 1725/458/3 1694/459/3
f 1724/460/3 1694/459/3 1695/461/3
f 1723/462/3 1724/460/3 1695/461/3
f 1723/462/3 1695/461/3 1696/463/3
f 1722/464/3 1723/462/3 1696/463/3
f 1722/464/3 1696/463/3 1697/465/3
f 1721/466/3 1722/464/3 1697/465/3
f 1721/466/3 1697/465/3 1698/467/3
f 1720/468/3 1721/466/3 1698/467/3
f 1720/468/3 1698/467/3 1699/469/3
f 1719/470/3 1720/468/3 1699/469/3
f 1719/470/3 1699/469/3 1700/471/3
f 1718/472/3 1719/470/3 1700/471/3
f 1718/472/3 1700/471/3 1701/473/3
f 1717/474/3 1718/472/3 1701/473/3
f 1717/474/3 1701/473/3 1702/475/3
f 1716/476/3 1717/474/3 1702/475/3
f 1716/476/3 1702/475/3 1703/477/3
f 1715/478/3 1716/476/3 1703/477/3
f 1715/478/3 1703/477/3 1704/479/3
f 1714/480/3 1715/478/3 1704/479/3
f 1714/480/3 1704/479/3 1705/481/3
f 1713/482/3 1714/480/3 1705/481/3
f 1713/482/3 1705/481/3 1706/483/3
f 1712/484/3 1713/482/3 1706/483/3
f 1712/484/3 1706/483/3 1707/485/3
f 1711/486/3 1712/484/3 1707/485/3
f 1711/486/3 1707/485/3 1708/487/3
f 1710/221/3 1711/486/3 1708/487/3
f 1709/488/3 1710/221/3 1708/487/3
f 1586/489/3 1587/490/3 1526/101/3
f 1586/489/3 1526/101/3 1527/491/3
f 1585/492/3 1586/489/3 1527/491/3
f 1585/492/3 1527/491/3 1528/493/3
f 1585/492/3 1528/493/3 1529/494/3
f 1585/492/3 1529/494/3 1530/495/3
f 1585/492/3 1530/495/3 1531/496/3
f 1584/497/3 1585/492/3 1531/496/3
f 1584/497/3 1531/496/3 1532/498/3
f 1584/497/3 1532/498/3 1533/499/3
f 1584/497/3 1533/499/3 1534/500/3
f 1584/497/3 1534/500/3 1535/501/3
f 1584/497/3 1535/501/3 1536/502/3
f 1583/503/3 1584/497/3 1536/502/3
f 1583/503/3 1536/502/3 1537/504/3
f 1583/503/3 1537/504/3 1538/505/3
f 1583/503/3 1538/505/3 1539/506/3
f 1583/503/3 1539/506/3 1540/507/3
f 1582/508/3 1583/503/3 1540/507/3
f 1582/508/3 1540/507/3 1541/509/3
f 1581/510/3 1582/508/3 1541/509/3
f 1581/510/3 1541/509/3 1542/511/3
f 1580/512/3 1581/510/3 1542/511/3
f 1580/512/3 1542/511/3 1543/513/3
f 1580/512/3 1543/513/3 1544/514/3
f 1579/515/3 1580/512/3 1544/514/3
f 1579/515/3 1544/514/3 1545/516/3
f 1578/517/3 1579/515/3 1545/516/3
f 1578/517/3 1545/516/3 1546/518/3
f 1577/519/3 1578/517/3 1546/518/3
f 1577/519/3 1546/518/3 1547/520/3
f 1576/521/3 1577/519/3 1547/520/3
f 1576/521/3 1547/520/3 1548/522/3
f 1575/523/3 1576/521/3 1548/522/3
f 1574/524/3 1575/523/3 1548/522/3
f 1574/524/3 1548/522/3 1549/323/3
f 1573/525/3 1574/524/3 1549/323/3
f 1573/525/3 1549/323/3 1550/526/3
f 1572/338/3 1573/525/3 1550/526/3
f 1572/338/3 1550/526/3 1551/527/3
f 1571/528/3 1572/338/3 1551/527/3
f 1571/528/3 1551/527/3 1552/529/3
f 1570/530/3 1571/528/3 1552/529/3
f 1570/530/3 1552/529/3 1553/531/3
f 1569/532/3 1570/530/3 1553/531/3
f 1569/532/3 1553/531/3 1554/533/3
f 1568/534/3 1569/532/3 1554/533/3
f 1568/534/3 1554/533/3 1555/535/3
f 1567/536/3 1568/534/3 1555/535/3
f 1567/536/3 1555/535/3 1556/537/3
f 1566/538/3 1567/536/3 1556/537/3
f 1566/538/3 1556/537/3 1557/539/3
f 1565/540/3 1566/538/3 1557/539/3
f 1564/541/3 1565/540/3 1557/539/3
f 1564/541/3 1557/539/3 1558/542/3
f 1563/543/3 1564/541/3 1558/542/3
f 1563/543/3 1558/542/3 1559/544/3
f 1563/543/3 1559/544/3 1560/545/3
f 1563/543/3 1560/545/3 1561/546/3
f 1562/547/3 1563/543/3 1561/546/3
f 1867/548/3 1868/550/3 1869/549/3
f 1831/551/3 1832/302/3 1833/552/3
f 1866/553/3 1867/548/3 1869/549/3
f 1831/551/3 1833/552/3 1834/554/3
f 1865/555/3 1866/553/3 1869/549/3
f 1831/551/3 1834/554/3 1835/556/3
f 1864/557/3 1865/555/3 1869/549/3
f 1831/551/3 1835/556/3 1836/558/3
f 1831/551/3 1836/558/3 1837/559/3
f 1863/560/3 1864/557/3 1869/549/3
f 1831/551/3 1837/559/3 1838/561/3
f 1862/562/3 1863/560/3 1869/549/3
f 1831/551/3 1838/561/3 1839/563/3
f 1861/564/3 1862/562/3 1869/549/3
f 1831/551/3 1839/563/3 1840/565/3
f 1860/566/3 1861/564/3 1869/549/3
f 1831/551/3 1840/565/3 1841/567/3
f 1859/568/3 1860/566/3 1869/549/3
f 1831/551/3 1841/567/3 1842/569/3
f 1858/570/3 1859/568/3 1869/549/3
f 1831/551/3 1842/569/3 1843/571/3
f 1857/572/3 1858/570/3 1869/549/3
f 1831/551/3 1843/571/3 1844/573/3
f 1856/574/3 1857/572/3 1869/549/3
f 1831/551/3 1844/573/3 1845/575/3
f 1831/551/3 1845/575/3 1846/576/3
f 1831/551/3 1846/576/3 1847/577/3
f 1831/551/3 1847/577/3 1848/578/3
f 1831/551/3 1848/578/3 1849/579/3
f 1831/551/3 1849/579/3 1850/580/3
f 1831/551/3 1850/580/3 1851/581/3
f 1831/551/3 1851/581/3 1852/582/3
f 1831/551/3 1852/582/3 1853/583/3
f 1831/551/3 1853/583/3 1854/584/3
f 1831/551/3 1854/584/3 1855/585/3
f 1831/551/3 1855/585/3 1856/574/3
f 1831/551/3 1856/574/3 1869/549/3
f 1831/551/3 1869/549/3 1870/586/3
f 1831/551/3 1870/586/3 1871/587/3
f 1831/551/3 1871/587/3 1872/588/3
f 1831/551/3 1872/588/3 1873/589/3
f 1831/551/3 1873/589/3 1830/590/3
f 1830/590/3 1873/589/3 1874/591/3
f 1830/590/3 1874/591/3 1875/592/3
f 1830/590/3 1875/592/3 1829/593/3
f 1829/593/3 1875/592/3 1828/594/3
f 1828/594/3 1875/592/3 1876/595/3
f 1828/594/3 1876/595/3 1827/596/3
f 1827/596/3 1876/595/3 1877/597/3
f 1827/596/3 1877/597/3 1826/598/3
f 1826/598/3 1877/597/3 1878/599/3
f 1826/598/4 1878/599/4 1825/600/4
f 1825/600/3 1878/599/3 1824/601/3
f 1824/601/3 1878/599/3 1879/602/3
f 1824/601/3 1879/602/3 1806/603/3
f 1806/603/3 1879/602/3 1880/604/3
f 1806/603/3 1880/604/3 1881/3/3
f 1806/603/3 1881/3/3 1734/101/3
f 1824/601/3 1806/603/3 1823/605/3
f 1823/605/3 1806/603/3 1822/606/3
f 1822/606/3 1806/603/3 1821/607/3
f 1821/607/3 1806/603/3 1820/608/3
f 1820/608/3 1806/603/3 1819/609/3
f 1819/609/3 1806/603/3 1818/610/3
f 1818/610/3 1806/603/3 1817/611/3
f 1817/611/3 1806/603/3 1816/612/3
f 1816/612/3 1806/603/3 1815/613/3
f 1815/613/3 1806/603/3 1814/614/3
f 1814/614/3 1806/603/3 1812/615/3
f 1812/615/3 1806/603/3 1811/616/3
f 1811/616/3 1806/603/3 1810/617/3
f 1810/617/3 1806/603/3 1805/618/3
f 1807/619/3 1806/603/3 1734/101/3
f 1807/619/3 1734/101/3 1809/620/3
f 1809/620/3 1734/101/3 1808/621/3
f 1808/621/3 1734/101/3 1735/622/3
f 1813/623/1 1814/614/1 1812/615/1
f 1805/618/3 1810/617/3 1807/619/3
f 1807/619/1 1810/617/1 1809/620/1
f 1805/618/3 1807/619/3 1808/621/3
f 1805/618/3 1808/621/3 1735/622/3
f 1804/624/3 1805/618/3 1735/622/3
f 1804/624/3 1735/622/3 1736/625/3
f 1803/626/3 1804/624/3 1736/625/3
f 1803/626/3 1736/625/3 1737/627/3
f 1802/628/3 1803/626/3 1737/627/3
f 1801/629/3 1802/628/3 1737/627/3
f 1801/629/3 1737/627/3 1738/630/3
f 1800/631/3 1801/629/3 1738/630/3
f 1800/631/3 1738/630/3 1739/632/3
f 1799/633/3 1800/631/3 1739/632/3
f 1799/633/3 1739/632/3 1740/634/3
f 1798/635/3 1799/633/3 1740/634/3
f 1798/635/3 1740/634/3 1741/636/3
f 1797/637/3 1798/635/3 1741/636/3
f 1797/637/3 1741/636/3 1742/638/3
f 1796/639/3 1797/637/3 1742/638/3
f 1796/639/3 1742/638/3 1743/640/3
f 1795/641/3 1796/639/3 1743/640/3
f 1794/642/3 1795/641/3 1743/640/3
f 1794/642/3 1743/640/3 1744/643/3
f 1794/642/3 1744/643/3 1745/644/3
f 1794/642/3 1745/644/3 1746/645/3
f 1793/646/3 1794/642/3 1746/645/3
f 1793/646/3 1746/645/3 1747/647/3
f 1793/646/3 1747/647/3 1748/648/3
f 1792/649/3 1793/646/3 1748/648/3
f 1792/649/3 1748/648/3 1749/650/3
f 1791/651/3 1792/649/3 1749/650/3
f 1791/651/3 1749/650/3 1750/652/3
f 1790/653/3 1791/651/3 1770/654/3
f 1770/654/3 1791/651/3 1750/652/3
f 1790/653/3 1770/654/3 1771/655/3
f 1769/656/3 1770/654/3 1750/652/3
f 1769/656/3 1750/652/3 1751/657/3
f 1768/658/3 1769/656/3 1751/657/3
f 1789/659/3 1790/653/3 1771/655/3
f 1789/659/3 1771/655/3 1772/660/3
f 1767/661/3 1768/658/3 1751/657/3
f 1767/661/3 1751/657/3 1752/662/3
f 1788/663/3 1789/659/3 1772/660/3
f 1788/663/3 1772/660/3 1773/664/3
f 1766/665/3 1767/661/3 1752/662/3
f 1787/666/3 1788/663/3 1773/664/3
f 1766/665/3 1752/662/3 1753/667/3
f 1787/666/3 1773/664/3 1774/668/3
f 1765/669/3 1766/665/3 1753/667/3
f 1786/670/3 1787/666/3 1774/668/3
f 1765/669/3 1753/667/3 1754/671/3
f 1786/670/3 1774/668/3 1775/672/3
f 1785/673/3 1786/670/3 1775/672/3
f 1764/674/3 1765/669/3 1754/671/3
f 1764/674/3 1754/671/3 1755/675/3
f 1785/673/3 1775/672/3 1776/676/3
f 1784/677/3 1785/673/3 1776/676/3
f 1763/678/3 1764/674/3 1755/675/3
f 1763/678/3 1755/675/3 1756/679/3
f 1783/285/3 1784/677/3 1776/676/3
f 1783/285/3 1776/676/3 1777/680/3
f 1762/681/3 1763/678/3 1756/679/3
f 1762/681/3 1756/679/3 1757/682/3
f 1783/285/3 1777/680/3 1778/683/3
f 1782/684/3 1783/285/3 1778/683/3
f 1761/685/3 1762/681/3 1757/682/3
f 1782/684/3 1778/683/3 1779/686/3
f 1761/685/3 1757/682/3 1760/687/3
f 1760/687/3 1757/682/3 1759/688/3
f 1759/688/3 1757/682/3 1758/689/3
f 1782/684/3 1779/686/3 1780/690/3
f 1782/684/3 1780/690/3 1781/691/3
f 1892/123/3 1893/125/3 1894/124/3
f 1891/126/3 1892/123/3 1894/124/3
f 1890/127/3 1891/126/3 1894/124/3
f 1889/128/3 1890/127/3 1894/124/3
f 1889/128/3 1894/124/3 1895/130/3
f 1888/129/3 1889/128/3 1895/130/3
f 1887/131/3 1888/129/3 1895/130/3
f 1886/132/3 1887/131/3 1895/130/3
f 1886/132/3 1895/130/3 1896/133/3
f 1885/134/3 1886/132/3 1896/133/3
f 1885/134/3 1896/133/3 1897/135/3
f 1884/136/3 1885/134/3 1897/135/3
f 1884/136/3 1897/135/3 1898/137/3
f 1883/138/3 1884/136/3 1898/137/3
f 1883/138/3 1898/137/3 1899/139/3
f 1882/101/3 1883/138/3 1899/139/3
f 1882/101/3 1899/139/3 1900/140/3
f 1958/3/3 1882/101/3 1900/140/3
f 1958/3/3 1900/140/3 1901/141/3
f 1957/142/3 1958/3/3 1901/141/3
f 1957/142/3 1901/141/3 1902/144/3
f 1956/143/3 1957/142/3 1902/144/3
f 1956/143/3 1902/144/3 1903/146/3
f 1955/145/3 1956/143/3 1903/146/3
f 1955/145/3 1903/146/3 1904/148/3
f 1954/147/3 1955/145/3 1904/148/3
f 1954/147/3 1904/148/3 1905/150/3
f 1953/149/3 1954/147/3 1905/150/3
f 1953/149/3 1905/150/3 1906/152/3
f 1952/151/3 1953/149/3 1906/152/3
f 1952/151/3 1906/152/3 1934/154/3
f 1934/154/3 1906/152/3 1907/155/3
f 1951/153/3 1952/151/3 1934/154/3
f 1950/156/3 1951/153/3 1934/154/3
f 1949/157/3 1950/156/3 1934/154/3
f 1948/158/3 1949/157/3 1934/154/3
f 1947/159/3 1948/158/3 1934/154/3
f 1947/159/3 1934/154/3 1935/161/3
f 1933/162/3 1934/154/3 1907/155/3
f 1946/160/3 1947/159/3 1935/161/3
f 1932/164/3 1933/162/3 1907/155/3
f 1946/160/3 1935/161/3 1936/165/3
f 1945/163/3 1946/160/3 1936/165/3
f 1945/163/3 1936/165/3 1937/166/3
f 1945/163/3 1937/166/3 1938/167/3
f 1945/163/3 1938/167/3 1939/168/3
f 1945/163/3 1939/168/3 1940/169/3
f 1945/163/3 1940/169/3 1941/170/3
f 1945/163/3 1941/170/3 1942/171/3
f 1945/163/3 1942/171/3 1943/172/3
f 1945/163/3 1943/172/3 1944/173/3
f 1931/174/3 1932/164/3 1907/155/3
f 1931/174/3 1907/155/3 1908/175/3
f 1930/176/3 1931/174/3 1908/175/3
f 1930/176/3 1908/175/3 1909/177/3
f 1929/178/3 1930/176/3 1909/177/3
f 1929/178/3 1909/177/3 1910/179/3
f 1928/180/3 1929/178/3 1910/179/3
f 1928/180/3 1910/179/3 1911/181/3
f 1927/182/3 1928/180/3 1911/181/3
f 1927/182/3 1911/181/3 1912/183/3
f 1927/182/3 1912/183/3 1913/185/3
f 1926/184/3 1927/182/3 1913/185/3
f 1926/184/3 1913/185/3 1914/186/3
f 1925/187/3 1926/184/3 1914/186/3
f 1925/187/3 1914/186/3 1915/188/3
f 1924/189/3 1925/187/3 1915/188/3
f 1924/189/3 1915/188/3 1916/190/3
f 1923/191/3 1924/189/3 1916/190/3
f 1923/191/3 1916/190/3 1917/192/3
f 1922/193/3 1923/191/3 1917/192/3
f 1922/193/3 1917/192/3 1918/194/3
f 1921/195/3 1922/193/3 1918/194/3
f 1921/195/3 1918/194/3 1919/196/3
f 1920/197/3 1921/195/3 1919/196/3
f 1971/692/3 1972/694/3 1973/693/3
f 1971/692/3 1973/693/3 1974/675/3
f 1971/692/3 1974/675/3 1975/695/3
f 1970/696/3 1971/692/3 1975/695/3
f 1970/696/3 1975/695/3 1976/697/3
f 1969/648/3 1970/696/3 1976/697/3
f 1969/648/3 1976/697/3 1977/698/3
f 1968/699/3 1969/648/3 1977/698/3
f 1968/699/3 1977/698/3 1978/700/3
f 1967/701/3 1968/699/3 1978/700/3
f 1967/701/3 1978/700/3 1979/681/3
f 1966/702/3 1967/701/3 1979/681/3
f 1966/702/3 1979/681/3 1980/703/3
f 1965/704/3 1966/702/3 1980/703/3
f 1965/704/3 1980/703/3 1981/705/3
f 1964/636/3 1965/704/3 1981/705/3
f 1963/706/3 1964/636/3 1981/705/3
f 1963/706/3 1981/705/3 1982/707/3
f 1962/708/3 1963/706/3 1982/707/3
f 1962/708/3 1982/707/3 1983/709/3
f 1961/710/3 1962/708/3 1983/709/3
f 1961/710/3 1983/709/3 1984/656/3
f 1960/711/3 1961/710/3 1984/656/3
f 1960/711/3 1984/656/3 1985/712/3
f 1959/101/3 1960/711/3 1985/712/3
f 1959/101/3 1985/712/3 1986/713/3
f 2051/714/3 2052/716/3 2053/715/3
f 1998/717/3 1999/653/3 2000/718/3
f 2051/714/3 2053/715/3 2054/548/3
f 2051/714/3 2054/548/3 2055/719/3
f 1997/720/3 1998/717/3 2000/718/3
f 2051/714/3 2055/719/3 2056/721/3
f 1996/722/3 1997/720/3 2000/718/3
f 2051/714/3 2056/721/3 2057/723/3
f 1995/724/3 1996/722/3 2000/718/3
f 2051/714/3 2057/723/3 2058/725/3
f 1994/285/3 1995/724/3 2000/718/3
f 2051/714/3 2058/725/3 2059/591/3
f 1993/726/3 1994/285/3 2000/718/3
f 2051/714/3 2059/591/3 2060/727/3
f 1992/728/3 1993/726/3 2000/718/3
f 1991/729/3 1992/728/3 2000/718/3
f 2051/714/3 2060/727/3 2061/730/3
f 1990/731/3 1991/729/3 2000/718/3
f 2051/714/3 2061/730/3 2062/732/3
f 1989/676/3 1990/731/3 2000/718/3
f 2051/714/3 2062/732/3 2063/733/3
f 1988/734/3 1989/676/3 2000/718/3
f 2051/714/3 2063/733/3 2064/3/3
f 1987/735/3 1988/734/3 2000/718/3
f 2051/714/3 2064/3/3 1959/101/3
f 2051/714/3 1959/101/3 1986/713/3
f 2051/714/3 1986/713/3 1987/735/3
f 2051/714/3 1987/735/3 2050/736/3
f 2050/736/3 1987/735/3 2049/566/3
f 2049/566/3 1987/735/3 2048/737/3
f 2048/737/3 1987/735/3 2047/738/3
f 2047/738/3 1987/735/3 2046/739/3
f 2046/739/3 1987/735/3 2045/740/3
f 2045/740/3 1987/735/3 2044/583/3
f 2044/583/3 1987/735/3 2043/741/3
f 2043/741/3 1987/735/3 2042/742/3
f 2042/742/3 1987/735/3 2041/743/3
f 2041/743/3 1987/735/3 2040/744/3
f 2040/744/3 1987/735/3 2039/576/3
f 2039/576/3 1987/735/3 2038/745/3
f 2038/745/3 1987/735/3 2013/746/3
f 2013/746/3 1987/735/3 2012/747/3
f 2012/747/3 1987/735/3 2011/748/3
f 2011/748/3 1987/735/3 2010/749/3
f 2010/749/3 1987/735/3 2009/624/3
f 2009/624/3 1987/735/3 2008/750/3
f 2008/750/3 1987/735/3 2007/751/3
f 2007/751/3 1987/735/3 2006/752/3
f 2006/752/3 1987/735/3 2005/753/3
f 2005/753/3 1987/735/3 2004/637/3
f 2004/637/3 1987/735/3 2003/754/3
f 2003/754/3 1987/735/3 2002/755/3
f 2002/755/3 1987/735/3 2001/756/3
f 2001/756/3 1987/735/3 2000/718/3
f 2037/757/3 2038/745/3 2013/746/3
f 2037/757/3 2013/746/3 2014/616/3
f 2036/758/3 2037/757/3 2014/616/3
f 2036/758/3 2014/616/3 2015/759/3
f 2035/760/3 2036/758/3 2015/759/3
f 2035/760/3 2015/759/3 2016/761/3
f 2034/563/3 2035/760/3 2016/761/3
f 2034/563/3 2016/761/3 2017/762/3
f 2033/763/3 2034/563/3 2017/762/3
f 2033/763/3 2017/762/3 2018/764/3
f 2032/765/3 2033/763/3 2018/764/3
f 2031/766/3 2032/765/3 2018/764/3
f 2031/766/3 2018/764/3 2019/610/3
f 2030/767/3 2031/766/3 2019/610/3
f 2030/767/3 2019/610/3 2020/768/3
f 2029/302/3 2030/767/3 2020/768/3
f 2028/769/3 2029/302/3 2020/768/3
f 2028/769/3 2020/768/3 2021/770/3
f 2027/771/3 2028/769/3 2021/770/3
f 2027/771/3 2021/770/3 2022/772/3
f 2026/773/3 2027/771/3 2022/772/3
f 2026/773/3 2022/772/3 2023/774/3
f 2025/775/3 2026/773/3 2023/774/3
f 2025/775/3 2023/774/3 2024/600/3
s 1
f 2066/776/5 2068/777/6 2067/778/6 2065/101/5
f 2068/777/6 2070/779/7 2069/780/7 2067/778/6
f 2070/779/7 2072/781/8 2071/782/8 2069/780/7
f 2072/781/8 2074/783/9 2073/784/9 2071/782/8
f 2074/783/9 2076/785/10 2075/786/10 2073/784/9
f 2076/785/10 2078/787/11 2077/788/11 2075/786/10
f 2078/787/11 2080/789/12 2079/790/12 2077/788/11
f 2080/789/12 2082/791/13 2081/792/13 2079/790/12
f 2082/791/13 2084/793/14 2083/794/14 2081/792/13
f 2084/793/14 2086/795/15 2085/796/15 2083/794/14
f 2086/795/15 2088/797/16 2087/798/16 2085/796/15
f 2088/797/16 2090/799/17 2089/800/17 2087/798/16
f 2090/799/17 2092/801/18 2091/802/18 2089/800/17
f 2092/801/18 2094/803/19 2093/804/19 2091/802/18
f 2094/803/19 2096/805/20 2095/806/20 2093/804/19
f 2096/805/20 2098/807/21 2097/808/21 2095/806/20
f 2098/807/21 2100/809/22 2099/810/22 2097/808/21
f 2100/809/22 2102/811/23 2101/812/23 2099/810/22
f 2102/811/23 2104/813/24 2103/814/24 2101/812/23
f 2104/813/24 2106/815/25 2105/816/25 2103/814/24
f 2106/815/25 2108/817/26 2107/818/26 2105/816/25
f 2108/817/26 2110/819/27 2109/820/27 2107/818/26
f 2110/819/27 2112/821/28 2111/822/28 2109/820/27
f 2112/821/28 2114/823/29 2113/824/29 2111/822/28
f 2114/823/29 2116/825/30 2115/826/30 2113/824/29
f 2116/825/30 2118/827/31 2117/828/31 2115/826/30
f 2118/827/31 2120/829/32 2119/830/32 2117/828/31
f 2120/829/32 2122/831/33 2121/832/33 2119/830/32
f 2122/831/33 2124/833/34 2123/834/34 2121/832/33
f 2124/833/34 2126/835/35 2125/836/35 2123/834/34
f 2126/835/35 2128/837/36 2127/838/36 2125/836/35
f 2128/837/36 2130/839/37 2129/840/37 2127/838/36
f 2130/839/37 2132/841/38 2131/842/38 2129/840/37
f 2132/841/38 2134/843/39 2133/844/39 2131/842/38
f 2134/843/39 2136/845/40 2135/846/40 2133/844/39
f 2136/845/40 2138/847/41 2137/848/41 2135/846/40
f 2138/847/41 2140/849/42 2139/850/42 2137/848/41
f 2140/849/42 2142/851/43 2141/852/43 2139/850/42
f 2142/851/43 2144/853/44 2143/854/44 2141/852/43
f 2144/853/44 2146/855/45 2145/856/45 2143/854/44
f 2146/855/45 2148/857/46 2147/858/46 2145/856/45
f 2148/857/46 2150/859/47 2149/860/47 2147/858/46
f 2150/859/47 2152/861/48 2151/862/48 2149/860/47
f 2152/861/48 2154/863/49 2153/864/49 2151/862/48
f 2154/863/49 2156/865/50 2155/866/50 2153/864/49
f 2156/865/50 2158/867/51 2157/868/51 2155/866/50
f 2158/867/51 2160/869/52 2159/870/52 2157/868/51
f 2160/869/52 2162/871/53 2161/872/53 2159/870/52
f 2162/871/53 2164/873/54 2163/874/54 2161/872/53
f 2164/873/54 2166/875/55 2165/876/55 2163/874/54
f 2166/875/55 2168/877/56 2167/878/56 2165/876/55
f 2168/877/56 2170/879/57 2169/880/57 2167/878/56
f 2170/879/57 2172/881/58 2171/197/58 2169/880/57
f 2172/881/58 2174/882/59 2173/883/59 2171/197/58
f 2174/882/59 2176/884/60 2175/885/60 2173/883/59
f 2176/884/60 2178/886/61 2177/887/61 2175/885/60
f 2178/886/61 2180/888/62 2179/889/62 2177/887/61
f 2180/888/62 2182/890/63 2181/891/63 2179/889/62
f 2182/890/63 2184/892/64 2183/893/64 2181/891/63
f 2184/892/64 2186/894/65 2185/895/65 2183/893/64
f 2186/894/65 2188/896/66 2187/897/66 2185/895/65
f 2188/896/66 2190/898/67 2189/899/67 2187/897/66
f 2190/898/67 2192/900/68 2191/901/68 2189/899/67
f 2192/900/68 2194/902/69 2193/903/69 2191/901/68
f 2194/902/69 2196/904/70 2195/905/70 2193/903/69
f 2196/904/70 2198/906/71 2197/907/71 2195/905/70
f 2198/906/71 2200/908/72 2199/909/72 2197/907/71
f 2200/908/72 2202/910/73 2201/911/73 2199/909/72
f 2202/910/73 2204/912/74 2203/913/74 2201/911/73
f 2204/912/74 2206/914/75 2205/915/75 2203/913/74
f 2206/914/75 2208/916/76 2207/917/76 2205/915/75
f 2208/916/76 2210/918/77 2209/919/77 2207/917/76
f 2210/918/77 2212/920/78 2211/921/78 2209/919/77
f 2212/920/78 2214/922/79 2213/923/79 2211/921/78
f 2214/922/79 2216/924/80 2215/925/80 2213/923/79
f 2216/924/80 2218/926/81 2217/927/81 2215/925/80
f 2218/926/81 2220/928/82 2219/929/82 2217/927/81
f 2220/928/82 2222/930/83 2221/931/83 2219/929/82
f 2222/930/83 2224/932/84 2223/933/84 2221/931/83
f 2224/932/84 2226/934/85 2225/935/85 2223/933/84
f 2226/934/85 2228/936/86 2227/937/86 2225/935/85
f 2228/936/86 2230/938/87 2229/939/87 2227/937/86
f 2230/938/87 2232/940/88 2231/941/88 2229/939/87
f 2232/940/88 2234/942/89 2233/943/89 2231/941/88
f 2234/942/89 2236/944/90 2235/945/90 2233/943/89
f 2236/944/90 2238/946/91 2237/947/91 2235/945/90
f 2238/946/91 2240/948/92 2239/949/92 2237/947/91
f 2240/948/92 2242/950/93 2241/951/93 2239/949/92
f 2242/950/93 2244/952/94 2243/953/94 2241/951/93
f 2244/952/94 2246/954/95 2245/955/95 2243/953/94
f 2246/954/95 2248/956/96 2247/957/96 2245/955/95
f 2248/956/96 2250/958/97 2249/959/97 2247/957/96
f 2250/958/97 2252/960/98 2251/961/98 2249/959/97
f 2252/960/98 2254/962/99 2253/963/99 2251/961/98
f 2254/962/99 2256/964/100 2255/965/100 2253/963/99
f 2256/964/100 2258/966/101 2257/967/101 2255/965/100
f 2258/966/101 2260/968/102 2259/969/102 2257/967/101
f 2260/968/102 2262/970/103 2261/971/103 2259/969/102
f 2262/970/103 2264/972/104 2263/973/104 2261/971/103
f 2264/972/104 2266/974/105 2265/975/105 2263/973/104
f 2266/974/105 2268/976/106 2267/977/106 2265/975/105
f 2268/976/106 2270/978/107 2269/979/107 2267/977/106
f 2270/978/107 2272/980/108 2271/981/108 2269/979/107
f 2272/980/108 2274/982/109 2273/983/109 2271/981/108
f 2274/982/109 2276/984/110 2275/985/110 2273/983/109
f 2276/984/110 2066/986/5 2065/3/5 2275/985/110
f 2278/776/111 2280/987/112 2279/988/112 2277/101/111
f 2280/987/112 2282/989/113 2281/990/113 2279/988/112
f 2282/989/113 2284/991/114 2283/992/114 2281/990/113
f 2284/991/114 2286/993/115 2285/994/115 2283/992/114
f 2286/993/115 2288/995/116 2287/996/116 2285/994/115
f 2288/995/116 2290/997/117 2289/998/117 2287/996/116
f 2290/997/117 2292/999/118 2291/122/118 2289/998/117
f 2292/999/118 2294/1000/119 2293/1001/119 2291/122/118
f 2294/1000/119 2296/1002/76 2295/1003/76 2293/1001/119
f 2296/1002/76 2298/1004/120 2297/1005/120 2295/1003/76
f 2298/1004/120 2300/1006/121 2299/675/121 2297/1005/120
f 2300/1006/121 2302/1007/122 2301/1008/122 2299/675/121
f 2302/1007/122 2304/1009/123 2303/1010/123 2301/1008/122
f 2304/1009/123 2306/1011/124 2305/100/124 2303/1010/123
f 2306/1011/124 2308/1012/125 2307/1013/125 2305/100/124
f 2308/1012/125 2310/1014/126 2309/1015/126 2307/1013/125
f 2310/1014/126 2312/1016/127 2311/1017/127 2309/1015/126
f 2312/1016/127 2314/1018/128 2313/1019/128 2311/1017/127
f 2314/1018/128 2316/1020/129 2315/1021/129 2313/1019/128
f 2316/1020/129 2318/1022/130 2317/1023/130 2315/1021/129
f 2318/1022/130 2320/1024/131 2319/79/131 2317/1023/130
f 2320/1024/131 2322/1025/132 2321/676/132 2319/79/131
f 2322/1025/132 2324/1026/133 2323/1027/133 2321/676/132
f 2324/1026/133 2326/1028/134 2325/1029/134 2323/1027/133
f 2326/1028/134 2328/1030/135 2327/1031/135 2325/1029/134
f 2328/1030/135 2330/1032/136 2329/1033/136 2327/1031/135
f 2330/1032/136 2332/1034/137 2331/1035/137 2329/1033/136
f 2332/1034/137 2334/1036/138 2333/92/138 2331/1035/137
f 2334/1036/138 2336/1037/139 2335/1038/139 2333/92/138
f 2336/1037/139 2338/1039/140 2337/1040/140 2335/1038/139
f 2338/1039/140 2340/1041/141 2339/1042/141 2337/1040/140
f 2340/1041/141 2342/1043/142 2341/1044/142 2339/1042/141
f 2342/1043/142 2344/1045/143 2343/637/143 2341/1044/142
f 2344/1045/143 2346/1046/144 2345/1047/144 2343/637/143
f 2346/1046/144 2348/1048/145 2347/17/145 2345/1047/144
f 2348/1048/145 2350/1049/146 2349/1050/146 2347/17/145
f 2350/1049/146 2352/1051/147 2351/1052/147 2349/1050/146
f 2352/1051/147 2354/1053/148 2353/1054/148 2351/1052/147
f 2354/1053/148 2356/1055/149 2355/1056/149 2353/1054/148
f 2356/1055/149 2358/1057/150 2357/1058/150 2355/1056/149
f 2358/1057/150 2360/1059/151 2359/1060/151 2357/1058/150
f 2360/1059/151 2362/1061/152 2361/38/152 2359/1060/151
f 2362/1061/152 2364/1062/153 2363/1063/153 2361/38/152
f 2364/1062/153 2366/1064/154 2365/610/154 2363/1063/153
f 2366/1064/154 2368/1065/155 2367/1066/155 2365/610/154
f 2368/1065/155 2370/1067/156 2369/1068/156 2367/1066/155
f 2370/1067/156 2372/1069/157 2371/1070/157 2369/1068/156
f 2372/1069/157 2374/1071/158 2373/1072/158 2371/1070/157
f 2374/1071/158 2376/1073/159 2375/61/159 2373/1072/158
f 2376/1073/159 2378/1074/160 2377/1075/160 2375/61/159
f 2378/1074/160 2380/1076/161 2379/1077/161 2377/1075/160
f 2380/1076/161 2382/1078/162 2381/1079/162 2379/1077/161
f 2382/1078/162 2384/1080/163 2383/1081/163 2381/1079/162
f 2384/1080/163 2386/1082/164 2385/1083/164 2383/1081/163
f 2386/1082/164 2388/1084/165 2387/563/165 2385/1083/164
f 2388/1084/165 2390/1085/166 2389/66/166 2387/563/165
f 2390/1085/166 2392/1086/167 2391/1087/167 2389/66/166
f 2392/1086/167 2394/1088/168 2393/1089/168 2391/1087/167
f 2394/1088/168 2396/1090/169 2395/1091/169 2393/1089/168
f 2396/1090/169 2398/1092/170 2397/1093/170 2395/1091/169
f 2398/1092/170 2400/1094/171 2399/1095/171 2397/1093/170
f 2400/1094/171 2402/1096/172 2401/1097/172 2399/1095/171
f 2402/1096/172 2404/1098/173 2403/44/173 2401/1097/172
f 2404/1098/173 2406/1099/174 2405/1100/174 2403/44/173
f 2406/1099/174 2408/1101/175 2407/1102/175 2405/1100/174
f 2408/1101/175 2410/1103/176 2409/566/176 2407/1102/175
f 2410/1103/176 2412/1104/177 2411/1105/177 2409/566/176
f 2412/1104/177 2414/1106/178 2413/1107/178 2411/1105/177
f 2414/1106/178 2416/1108/179 2415/1109/179 2413/1107/178
f 2416/1108/179 2418/1110/180 2417/22/180 2415/1109/179
f 2418/1110/180 2420/1111/181 2419/1112/181 2417/22/180
f 2420/1111/181 2422/1113/182 2421/1114/182 2419/1112/181
f 2422/1113/182 2424/1115/183 2423/1116/183 2421/1114/182
f 2424/1115/183 2426/1117/184 2425/1118/184 2423/1116/183
f 2426/1117/184 2428/1119/185 2427/1120/185 2425/1118/184
f 2428/1119/185 2430/1121/186 2429/1122/186 2427/1120/185
f 2430/1121/186 2278/986/111 2277/3/111 2429/1122/186
f 2432/776/187 2434/1123/188 2433/1124/188 2431/101/187
f 2434/1123/188 2436/1125/189 2435/1126/189 2433/1124/188
f 2436/1125/189 2438/1127/190 2437/1128/190 2435/1126/189
f 2438/1127/190 2440/1129/191 2439/1130/191 2437/1128/190
f 2440/1129/191 2442/1131/192 2441/1132/192 2439/1130/191
f 2442/1131/192 2444/1133/193 2443/1134/193 2441/1132/192
f 2444/1133/193 2446/1135/194 2445/1136/194 2443/1134/193
f 2446/1135/194 2448/1137/195 2447/1138/195 2445/1136/194
f 2448/1137/195 2450/1139/196 2449/1140/196 2447/1138/195
f 2450/1139/196 2452/1141/197 2451/1142/197 2449/1140/196
f 2452/1141/197 2454/1143/198 2453/1144/198 2451/1142/197
f 2454/1143/198 2456/1145/45 2455/1146/45 2453/1144/198
f 2456/1145/45 2458/1147/199 2457/1148/199 2455/1146/45
f 2458/1147/199 2460/1149/200 2459/1150/200 2457/1148/199
f 2460/1149/200 2462/1151/201 2461/1152/201 2459/1150/200
f 2462/1151/201 2464/1153/202 2463/1154/202 2461/1152/201
f 2464/1153/202 2466/1155/203 2465/1156/203 2463/1154/202
f 2466/1155/203 2468/1157/204 2467/1158/204 2465/1156/203
f 2468/1157/204 2470/1159/205 2469/1160/205 2467/1158/204
f 2470/1159/205 2472/1161/206 2471/1162/206 2469/1160/205
f 2472/1161/206 2474/1163/207 2473/1164/207 2471/1162/206
f 2474/1163/207 2476/1165/208 2475/1166/208 2473/1164/207
f 2476/1165/208 2478/1167/209 2477/1168/209 2475/1166/208
f 2478/1167/209 2480/1169/210 2479/1170/210 2477/1168/209
f 2480/1169/210 2482/1171/211 2481/1172/211 2479/1170/210
f 2482/1171/211 2484/1173/212 2483/1174/212 2481/1172/211
f 2484/1173/212 2486/1175/213 2485/1176/213 2483/1174/212
f 2486/1175/213 2488/1177/214 2487/1178/214 2485/1176/213
f 2488/1177/214 2490/1179/215 2489/1180/215 2487/1178/214
f 2490/1179/215 2492/1181/216 2491/1182/216 2489/1180/215
f 2492/1181/216 2494/1183/217 2493/1184/217 2491/1182/216
f 2494/1183/217 2496/1185/218 2495/1186/218 2493/1184/217
f 2496/1185/218 2498/1187/219 2497/1188/219 2495/1186/218
f 2498/1187/219 2500/1189/220 2499/1190/220 2497/1188/219
f 2500/1189/220 2502/1191/221 2501/1192/221 2499/1190/220
f 2502/1191/221 2504/1193/222 2503/1194/222 2501/1192/221
f 2504/1193/222 2506/1195/223 2505/141/223 2503/1194/222
f 2506/1195/223 2508/1196/224 2507/1197/224 2505/141/223
f 2508/1196/224 2510/1198/225 2509/1199/225 2507/1197/224
f 2510/1198/225 2512/1200/226 2511/1201/226 2509/1199/225
f 2512/1200/226 2514/1202/227 2513/1203/227 2511/1201/226
f 2514/1202/227 2516/1204/228 2515/1205/228 2513/1203/227
f 2516/1204/228 2518/1206/229 2517/1207/229 2515/1205/228
f 2518/1206/229 2520/1208/230 2519/1209/230 2517/1207/229
f 2520/1208/230 2522/1210/231 2521/1211/231 2519/1209/230
f 2522/1210/231 2524/1212/232 2523/1213/232 2521/1211/231
f 2524/1212/232 2526/1214/233 2525/1215/233 2523/1213/232
f 2526/1214/233 2528/1216/234 2527/1217/234 2525/1215/233
f 2528/1216/234 2530/1218/235 2529/1219/235 2527/1217/234
f 2530/1218/235 2532/1220/236 2531/1221/236 2529/1219/235
f 2532/1220/236 2534/1222/237 2533/1223/237 2531/1221/236
f 2534/1222/237 2536/1224/238 2535/1225/238 2533/1223/237
f 2536/1224/238 2538/1226/239 2537/1227/239 2535/1225/238
f 2538/1226/239 2540/1228/240 2539/1229/240 2537/1227/239
f 2540/1228/240 2542/1230/241 2541/1231/241 2539/1229/240
f 2542/1230/241 2544/1232/242 2543/1233/242 2541/1231/241
f 2544/1232/242 2546/1234/243 2545/1235/243 2543/1233/242
f 2546/1234/243 2548/1236/244 2547/1237/244 2545/1235/243
f 2548/1236/244 2550/1238/245 2549/1239/245 2547/1237/244
f 2550/1238/245 2552/1240/246 2551/1241/246 2549/1239/245
f 2552/1240/246 2554/1242/247 2553/1243/247 2551/1241/246
f 2554/1242/247 2556/1244/248 2555/1245/248 2553/1243/247
f 2556/1244/248 2558/1246/249 2557/1247/249 2555/1245/248
f 2558/1246/249 2560/1248/250 2559/1249/250 2557/1247/249
f 2560/1248/250 2562/1250/251 2561/1251/251 2559/1249/250
f 2562/1250/251 2564/1252/252 2563/1253/252 2561/1251/251
f 2564/1252/252 2566/1254/253 2565/1255/253 2563/1253/252
f 2566/1254/253 2568/1256/254 2567/1257/254 2565/1255/253
f 2568/1256/254 2570/1258/255 2569/1259/255 2567/1257/254
f 2570/1258/255 2572/1260/256 2571/1261/256 2569/1259/255
f 2572/1260/256 2574/1262/257 2573/1263/257 2571/1261/256
f 2574/1262/257 2576/1264/258 2575/1265/258 2573/1263/257
f 2576/1264/258 2578/1266/259 2577/1267/259 2575/1265/258
f 2578/1266/259 2580/881/256 2579/197/256 2577/1267/259
f 2580/881/256 2582/1268/260 2581/1269/260 2579/197/256
f 2582/1268/260 2584/1270/260 2583/1271/260 2581/1269/260
f 2584/1270/260 2586/1272/260 2585/1273/260 2583/1271/260
f 2586/1272/260 2588/1274/260 2587/1275/260 2585/1273/260
f 2588/1274/260 2590/1276/260 2589/1277/260 2587/1275/260
f 2590/1276/260 2592/1278/260 2591/1279/260 2589/1277/260
f 2592/1278/260 2594/1280/260 2593/1281/260 2591/1279/260
f 2594/1280/260 2596/1282/260 2595/1283/260 2593/1281/260
f 2596/1282/260 2598/1284/260 2597/1285/260 2595/1283/260
f 2598/1284/260 2600/1286/260 2599/1287/260 2597/1285/260
f 2600/1286/260 2602/1288/261 2601/1289/261 2599/1287/260
f 2602/1288/261 2604/1290/262 2603/1291/262 2601/1289/261
f 2604/1290/262 2606/1292/263 2605/1293/263 2603/1291/262
f 2606/1292/263 2608/1294/264 2607/1295/264 2605/1293/263
f 2608/1294/264 2610/1296/265 2609/1297/265 2607/1295/264
f 2610/1296/265 2612/1298/266 2611/1299/266 2609/1297/265
f 2612/1298/266 2614/1300/267 2613/1301/267 2611/1299/266
f 2614/1300/267 2616/1302/268 2615/1303/268 2613/1301/267
f 2616/1302/268 2618/1304/269 2617/1305/269 2615/1303/268
f 2618/1304/269 2620/1306/270 2619/1307/270 2617/1305/269
f 2620/1306/270 2622/1308/271 2621/1309/271 2619/1307/270
f 2622/1308/271 2624/1310/272 2623/1311/272 2621/1309/271
f 2624/1310/272 2626/1312/273 2625/1313/273 2623/1311/272
f 2626/1312/273 2628/1314/274 2627/1315/274 2625/1313/273
f 2628/1314/274 2630/1316/275 2629/1317/275 2627/1315/274
f 2630/1316/275 2632/1318/276 2631/1319/276 2629/1317/275
f 2632/1318/276 2634/1320/277 2633/1321/277 2631/1319/276
f 2634/1320/277 2636/1322/278 2635/1323/278 2633/1321/277
f 2636/1322/278 2638/1324/279 2637/1325/279 2635/1323/278
f 2638/1324/279 2640/1326/280 2639/1327/280 2637/1325/279
f 2640/1326/280 2642/1328/281 2641/1329/281 2639/1327/280
f 2642/1328/281 2644/1330/282 2643/1331/282 2641/1329/281
f 2644/1330/282 2646/1332/283 2645/1333/283 2643/1331/282
f 2646/1332/283 2648/1334/284 2647/1335/284 2645/1333/283
f 2648/1334/284 2650/1336/285 2649/1337/285 2647/1335/284
f 2650/1336/285 2652/1338/286 2651/1339/286 2649/1337/285
f 2652/1338/286 2654/1340/287 2653/168/287 2651/1339/286
f 2654/1340/287 2656/1341/287 2655/1342/287 2653/168/287
f 2656/1341/287 2658/1343/287 2657/1344/287 2655/1342/287
f 2658/1343/287 2660/1345/287 2659/1346/287 2657/1344/287
f 2660/1345/287 2662/1347/287 2661/1348/287 2659/1346/287
f 2662/1347/287 2664/1349/287 2663/1350/287 2661/1348/287
f 2664/1349/287 2666/1351/287 2665/1352/287 2663/1350/287
f 2666/1351/287 2668/1353/287 2667/1354/287 2665/1352/287
f 2668/1353/287 2670/1355/287 2669/1356/287 2667/1354/287
f 2670/1355/287 2672/1357/287 2671/1358/287 2669/1356/287
f 2672/1357/287 2674/1359/287 2673/1360/287 2671/1358/287
f 2674/1359/287 2676/1361/288 2675/1362/288 2673/1360/287
f 2676/1361/288 2678/1363/289 2677/1364/289 2675/1362/288
f 2678/1363/289 2680/1365/290 2679/1366/290 2677/1364/289
f 2680/1365/290 2682/1367/291 2681/1368/291 2679/1366/290
f 2682/1367/291 2684/1369/292 2683/1370/292 2681/1368/291
f 2684/1369/292 2686/1371/293 2685/1372/293 2683/1370/292
f 2686/1371/293 2688/1373/294 2687/1374/294 2685/1372/293
f 2688/1373/294 2690/1375/295 2689/1376/295 2687/1374/294
f 2690/1375/295 2692/1377/296 2691/1378/296 2689/1376/295
f 2692/1377/296 2694/1379/297 2693/1380/297 2691/1378/296
f 2694/1379/297 2696/1381/298 2695/1382/298 2693/1380/297
f 2696/1381/298 2698/1383/299 2697/1384/299 2695/1382/298
f 2698/1383/299 2700/1385/300 2699/1386/300 2697/1384/299
f 2700/1385/300 2702/1387/301 2701/1388/301 2699/1386/300
f 2702/1387/301 2704/1389/302 2703/1390/302 2701/1388/301
f 2704/1389/302 2706/1391/303 2705/1392/303 2703/1390/302
f 2706/1391/303 2708/1393/304 2707/1394/304 2705/1392/303
f 2708/1393/304 2710/1395/305 2709/1396/305 2707/1394/304
f 2710/1395/305 2712/1397/306 2711/1398/306 2709/1396/305
f 2712/1397/306 2714/1399/307 2713/1400/307 2711/1398/306
f 2714/1399/307 2716/1401/308 2715/1402/308 2713/1400/307
f 2716/1401/308 2718/1403/309 2717/1404/309 2715/1402/308
f 2718/1403/309 2720/1405/310 2719/1406/310 2717/1404/309
f 2720/1405/310 2722/1407/311 2721/1408/311 2719/1406/310
f 2722/1407/311 2724/1409/312 2723/1410/312 2721/1408/311
f 2724/1409/312 2726/1411/313 2725/1412/313 2723/1410/312
f 2726/1411/313 2432/986/187 2431/3/187 2725/1412/313
f 2728/776/314 2730/1413/315 2729/1414/315 2727/101/314
f 2730/1413/315 2732/1415/316 2731/1416/316 2729/1414/315
f 2732/1415/316 2734/1417/317 2733/1418/317 2731/1416/316
f 2734/1417/317 2736/1419/318 2735/1420/318 2733/1418/317
f 2736/1419/318 2738/1421/5 2737/1422/5 2735/1420/318
f 2738/1421/5 2740/1423/319 2739/1424/319 2737/1422/5
f 2740/1423/319 2742/1425/320 2741/1426/320 2739/1424/319
f 2742/1425/320 2744/1427/321 2743/1428/321 2741/1426/320
f 2744/1427/321 2746/1429/322 2745/1430/322 2743/1428/321
f 2746/1429/322 2748/1431/323 2747/1432/323 2745/1430/322
f 2748/1431/323 2750/1433/324 2749/1434/324 2747/1432/323
f 2750/1433/324 2752/1195/325 2751/141/325 2749/1434/324
f 2752/1195/325 2754/1435/326 2753/1436/326 2751/141/325
f 2754/1435/326 2756/1437/327 2755/1438/327 2753/1436/326
f 2756/1437/327 2758/1439/328 2757/1440/328 2755/1438/327
f 2758/1439/328 2760/1441/329 2759/285/329 2757/1440/328
f 2760/1441/329 2762/1442/330 2761/1443/330 2759/285/329
f 2762/1442/330 2764/1444/331 2763/1445/331 2761/1443/330
f 2764/1444/331 2766/1446/332 2765/1447/332 2763/1445/331
f 2766/1446/332 2768/1448/333 2767/1449/333 2765/1447/332
f 2768/1448/333 2770/1450/334 2769/1451/334 2767/1449/333
f 2770/1450/334 2772/1452/335 2771/1453/335 2769/1451/334
f 2772/1452/335 2774/1454/336 2773/1455/336 2771/1453/335
f 2774/1454/336 2776/881/337 2775/197/337 2773/1455/336
f 2776/881/337 2778/1456/338 2777/1457/338 2775/197/337
f 2778/1456/338 2780/1458/339 2779/1459/339 2777/1457/338
f 2780/1458/339 2782/1460/340 2781/1461/340 2779/1459/339
f 2782/1460/340 2784/1462/341 2783/1463/341 2781/1461/340
f 2784/1462/341 2786/1464/223 2785/1465/223 2783/1463/341
f 2786/1464/223 2788/1466/342 2787/1467/342 2785/1465/223
f 2788/1466/342 2790/1468/343 2789/1469/343 2787/1467/342
f 2790/1468/343 2792/1470/344 2791/302/344 2789/1469/343
f 2792/1470/344 2794/1471/345 2793/1472/345 2791/302/344
f 2794/1471/345 2796/1473/346 2795/1474/346 2793/1472/345
f 2796/1473/346 2798/1475/347 2797/1476/347 2795/1474/346
f 2798/1475/347 2800/1340/348 2799/168/348 2797/1476/347
f 2800/1340/348 2802/1477/349 2801/1478/349 2799/168/348
f 2802/1477/349 2804/1479/350 2803/1480/350 2801/1478/349
f 2804/1479/350 2806/1481/351 2805/1482/351 2803/1480/350
f 2806/1481/351 2808/1483/352 2807/1484/352 2805/1482/351
f 2808/1483/352 2810/1485/353 2809/1486/353 2807/1484/352
f 2810/1485/353 2812/1487/354 2811/1488/354 2809/1486/353
f 2812/1487/354 2814/1489/355 2813/1490/355 2811/1488/354
f 2814/1489/355 2816/1491/356 2815/1492/356 2813/1490/355
f 2816/1491/356 2818/1493/357 2817/1494/357 2815/1492/356
f 2818/1493/357 2820/1495/358 2819/1496/358 2817/1494/357
f 2820/1495/358 2822/1497/359 2821/1498/359 2819/1496/358
f 2822/1497/359 2728/986/314 2727/3/314 2821/1498/359
f 2824/776/360 2826/1413/361 2825/1414/361 2823/101/360
f 2826/1413/361 2828/1415/362 2827/1416/362 2825/1414/361
f 2828/1415/362 2830/1417/363 2829/1418/363 2827/1416/362
f 2830/1417/363 2832/1419/354 2831/1420/354 2829/1418/363
f 2832/1419/354 2834/1421/364 2833/1422/364 2831/1420/354
f 2834/1421/364 2836/1423/365 2835/1424/365 2833/1422/364
f 2836/1423/365 2838/1425/366 2837/1426/366 2835/1424/365
f 2838/1425/366 2840/1427/367 2839/1428/367 2837/1426/366
f 2840/1427/367 2842/1429/368 2841/1430/368 2839/1428/367
f 2842/1429/368 2844/1431/369 2843/1432/369 2841/1430/368
f 2844/1431/369 2846/1433/370 2845/1434/370 2843/1432/369
f 2846/1433/370 2848/1195/371 2847/141/371 2845/1434/370
f 2848/1195/371 2850/1435/372 2849/1436/372 2847/141/371
f 2850/1435/372 2852/1437/373 2851/1438/373 2849/1436/372
f 2852/1437/373 2854/1439/374 2853/1440/374 2851/1438/373
f 2854/1439/374 2856/1441/375 2855/285/375 2853/1440/374
f 2856/1441/375 2858/1442/376 2857/1443/376 2855/285/375
f 2858/1442/376 2860/1444/377 2859/1445/377 2857/1443/376
f 2860/1444/377 2862/1446/378 2861/1447/378 2859/1445/377
f 2862/1446/378 2864/1448/379 2863/1449/379 2861/1447/378
f 2864/1448/379 2866/1450/380 2865/1451/380 2863/1449/379
f 2866/1450/380 2868/1452/381 2867/1453/381 2865/1451/380
f 2868/1452/381 2870/1454/382 2869/1455/382 2867/1453/381
f 2870/1454/382 2872/881/383 2871/197/383 2869/1455/382
f 2872/881/383 2874/1456/384 2873/1457/384 2871/197/383
f 2874/1456/384 2876/1458/385 2875/1459/385 2873/1457/384
f 2876/1458/385 2878/1460/386 2877/1461/386 2875/1459/385
f 2878/1460/386 2880/1462/387 2879/1463/387 2877/1461/386
f 2880/1462/387 2882/1464/388 2881/1465/388 2879/1463/387
f 2882/1464/388 2884/1466/389 2883/1467/389 2881/1465/388
f 2884/1466/389 2886/1468/390 2885/1469/390 2883/1467/389
f 2886/1468/390 2888/1470/391 2887/302/391 2885/1469/390
f 2888/1470/391 2890/1471/326 2889/1472/326 2887/302/391
f 2890/1471/326 2892/1473/392 2891/1474/392 2889/1472/326
f 2892/1473/392 2894/1475/393 2893/1476/393 2891/1474/392
f 2894/1475/393 2896/1340/394 2895/168/394 2893/1476/393
f 2896/1340/394 2898/1477/395 2897/1478/395 2895/168/394
f 2898/1477/395 2900/1479/396 2899/1480/396 2897/1478/395
f 2900/1479/396 2902/1481/397 2901/1482/397 2899/1480/396
f 2902/1481/397 2904/1483/398 2903/1484/398 2901/1482/397
f 2904/1483/398 2906/1485/399 2905/1486/399 2903/1484/398
f 2906/1485/399 2908/1487/400 2907/1488/400 2905/1486/399
f 2908/1487/400 2910/1489/401 2909/1490/401 2907/1488/400
f 2910/1489/401 2912/1491/402 2911/1492/402 2909/1490/401
f 2912/1491/402 2914/1493/403 2913/1494/403 2911/1492/402
f 2914/1493/403 2916/1495/404 2915/1496/404 2913/1494/403
f 2916/1495/404 2918/1497/405 2917/1498/405 2915/1496/404
f 2918/1497/405 2824/986/360 2823/3/360 2917/1498/405
f 2920/776/406 2922/1499/407 2921/1500/407 2919/101/406
f 2922/1499/407 2924/1501/408 2923/1502/408 2921/1500/407
f 2924/1501/408 2926/1503/409 2925/1504/409 2923/1502/408
f 2926/1503/409 2928/1505/410 2927/1506/410 2925/1504/409
f 2928/1505/410 2930/1507/411 2929/1508/411 2927/1506/410
f 2930/1507/411 2932/1509/412 2931/1510/412 2929/1508/411
f 2932/1509/412 2934/1511/413 2933/1512/413 2931/1510/412
f 2934/1511/413 2936/1513/414 2935/1514/414 2933/1512/413
f 2936/1513/414 2938/1515/415 2937/1516/415 2935/1514/414
f 2938/1515/415 2940/1517/416 2939/1518/416 2937/1516/415
f 2940/1517/416 2942/1519/417 2941/1520/417 2939/1518/416
f 2942/1519/417 2944/1521/418 2943/1522/418 2941/1520/417
f 2944/1521/418 2946/1523/419 2945/1524/419 2943/1522/418
f 2946/1523/419 2948/1525/420 2947/1526/420 2945/1524/419
f 2948/1525/420 2950/1527/421 2949/1528/421 2947/1526/420
f 2950/1527/421 2952/1529/422 2951/1530/422 2949/1528/421
f 2952/1529/422 2954/1531/423 2953/1532/423 2951/1530/422
f 2954/1531/423 2956/1533/424 2955/1534/424 2953/1532/423
f 2956/1533/424 2958/1535/425 2957/1536/425 2955/1534/424
f 2958/1535/425 2960/1537/426 2959/1538/426 2957/1536/425
f 2960/1537/426 2962/1539/427 2961/1540/427 2959/1538/426
f 2962/1539/427 2964/1541/428 2963/1542/428 2961/1540/427
f 2964/1541/428 2966/1543/429 2965/1544/429 2963/1542/428
f 2966/1543/429 2968/1545/430 2967/1546/430 2965/1544/429
f 2968/1545/430 2970/1547/431 2969/1548/431 2967/1546/430
f 2970/1547/431 2972/1549/432 2971/1550/432 2969/1548/431
f 2972/1549/432 2974/1551/433 2973/1552/433 2971/1550/432
f 2974/1551/433 2976/1553/434 2975/1554/434 2973/1552/433
f 2976/1553/434 2978/1555/435 2977/1556/435 2975/1554/434
f 2978/1555/435 2980/1557/436 2979/1558/436 2977/1556/435
f 2980/1557/436 2982/881/437 2981/197/437 2979/1558/436
f 2982/881/437 2984/1559/438 2983/1560/438 2981/197/437
f 2984/1559/438 2986/1561/439 2985/1562/439 2983/1560/438
f 2986/1561/439 2988/1563/304 2987/1564/304 2985/1562/439
f 2988/1563/304 2990/1565/440 2989/1566/440 2987/1564/304
f 2990/1565/440 2992/1567/441 2991/1568/441 2989/1566/440
f 2992/1567/441 2994/1569/442 2993/1570/442 2991/1568/441
f 2994/1569/442 2996/1571/443 2995/1572/443 2993/1570/442
f 2996/1571/443 2998/1573/444 2997/1574/444 2995/1572/443
f 2998/1573/444 3000/1575/445 2999/1576/445 2997/1574/444
f 3000/1575/445 3002/1577/446 3001/1578/446 2999/1576/445
f 3002/1577/446 3004/1579/447 3003/1580/447 3001/1578/446
f 3004/1579/447 3006/1581/448 3005/1582/448 3003/1580/447
f 3006/1581/448 3008/1583/449 3007/1584/449 3005/1582/448
f 3008/1583/449 3010/1585/450 3009/1586/450 3007/1584/449
f 3010/1585/450 3012/1587/451 3011/1588/451 3009/1586/450
f 3012/1587/451 3014/1589/79 3013/1590/79 3011/1588/451
f 3014/1589/79 3016/1591/452 3015/1592/452 3013/1590/79
f 3016/1591/452 3018/1593/453 3017/1594/453 3015/1592/452
f 3018/1593/453 3020/1595/454 3019/1596/454 3017/1594/453
f 3020/1595/454 3022/1597/455 3021/1598/455 3019/1596/454
f 3022/1597/455 3024/1599/456 3023/1600/456 3021/1598/455
f 3024/1599/456 3026/1601/457 3025/1602/457 3023/1600/456
f 3026/1601/457 3028/1603/458 3027/1604/458 3025/1602/457
f 3028/1603/458 3030/1605/459 3029/1606/459 3027/1604/458
f 3030/1605/459 3032/1607/460 3031/1608/460 3029/1606/459
f 3032/1607/460 3034/1609/461 3033/1610/461 3031/1608/460
f 3034/1609/461 3036/1611/462 3035/1612/462 3033/1610/461
f 3036/1611/462 3038/1613/463 3037/1614/463 3035/1612/462
f 3038/1613/463 3040/1615/464 3039/1616/464 3037/1614/463
f 3040/1615/464 3042/1617/465 3041/1618/465 3039/1616/464
f 3042/1617/465 2920/986/406 2919/3/406 3041/1618/465
f 3044/776/466 3046/1619/467 3045/1620/467 3043/101/466
f 3046/1619/467 3048/1621/468 3047/1622/468 3045/1620/467
f 3048/1621/468 3050/1623/469 3049/1624/469 3047/1622/468
f 3050/1623/469 3052/1625/470 3051/1626/470 3049/1624/469
f 3052/1625/470 3054/1627/471 3053/1628/471 3051/1626/470
f 3054/1627/471 3056/1629/472 3055/1630/472 3053/1628/471
f 3056/1629/472 3058/1631/473 3057/1632/473 3055/1630/472
f 3058/1631/473 3060/1633/474 3059/1634/474 3057/1632/473
f 3060/1633/474 3062/1635/475 3061/1636/475 3059/1634/474
f 3062/1635/475 3064/1637/476 3063/703/476 3061/1636/475
f 3064/1637/476 3066/1638/477 3065/1639/477 3063/703/476
f 3066/1638/477 3068/1640/478 3067/1641/478 3065/1639/477
f 3068/1640/478 3070/1642/479 3069/1643/479 3067/1641/478
f 3070/1642/479 3072/1644/480 3071/1645/480 3069/1643/479
f 3072/1644/480 3074/1646/481 3073/1647/481 3071/1645/480
f 3074/1646/481 3076/1648/482 3075/1649/482 3073/1647/481
f 3076/1648/482 3078/1650/483 3077/1651/483 3075/1649/482
f 3078/1650/483 3080/1652/484 3079/1653/484 3077/1651/483
f 3080/1652/484 3082/1654/485 3081/1655/485 3079/1653/484
f 3082/1654/485 3084/1656/486 3083/756/486 3081/1655/485
f 3084/1656/486 3086/1657/487 3085/1658/487 3083/756/486
f 3086/1657/487 3088/1659/488 3087/1660/488 3085/1658/487
f 3088/1659/488 3090/1661/489 3089/1662/489 3087/1660/488
f 3090/1661/489 3092/1663/490 3091/1664/490 3089/1662/489
f 3092/1663/490 3094/881/491 3093/197/491 3091/1664/490
f 3094/881/491 3096/1665/492 3095/1666/492 3093/197/491
f 3096/1665/492 3098/1667/493 3097/1668/493 3095/1666/492
f 3098/1667/493 3100/1669/494 3099/1670/494 3097/1668/493
f 3100/1669/494 3102/1671/495 3101/1672/495 3099/1670/494
f 3102/1671/495 3104/1673/496 3103/772/496 3101/1672/495
f 3104/1673/496 3106/1674/497 3105/1675/497 3103/772/496
f 3106/1674/497 3108/1676/498 3107/1677/498 3105/1675/497
f 3108/1676/498 3110/1678/499 3109/1679/499 3107/1677/498
f 3110/1678/499 3112/1680/500 3111/1681/500 3109/1679/499
f 3112/1680/500 3114/1682/501 3113/1683/501 3111/1681/500
f 3114/1682/501 3116/1684/502 3115/1685/502 3113/1683/501
f 3116/1684/502 3118/1686/503 3117/1687/503 3115/1685/502
f 3118/1686/503 3120/1688/504 3119/1689/504 3117/1687/503
f 3120/1688/504 3122/1690/505 3121/1691/505 3119/1689/504
f 3122/1690/505 3124/1692/506 3123/741/506 3121/1691/505
f 3124/1692/506 3126/1693/507 3125/1694/507 3123/741/506
f 3126/1693/507 3128/1695/508 3127/1696/508 3125/1694/507
f 3128/1695/508 3130/1697/509 3129/1698/509 3127/1696/508
f 3130/1697/509 3132/1699/510 3131/1700/510 3129/1698/509
f 3132/1699/510 3134/1701/511 3133/1702/511 3131/1700/510
f 3134/1701/511 3136/1703/512 3135/1704/512 3133/1702/511
f 3136/1703/512 3138/1705/513 3137/1706/513 3135/1704/512
f 3138/1705/513 3140/1707/514 3139/1708/514 3137/1706/513
f 3140/1707/514 3142/1709/515 3141/1710/515 3139/1708/514
f 3142/1709/515 3044/986/466 3043/3/466 3141/1710/515
f 3144/776/370 3146/1711/370 3145/1712/370 3143/101/370
f 3146/1711/370 3148/1713/370 3147/627/370 3145/1712/370
f 3148/1713/370 3150/1714/370 3149/1715/370 3147/627/370
f 3150/1714/370 3152/1716/370 3151/634/370 3149/1715/370
f 3152/1716/370 3154/1717/370 3153/1718/370 3151/634/370
f 3154/1717/370 3156/1719/370 3155/640/370 3153/1718/370
f 3156/1719/370 3158/1720/370 3157/1721/370 3155/640/370
f 3158/1720/370 3160/1722/370 3159/645/370 3157/1721/370
f 3160/1722/370 3162/1723/370 3161/1724/370 3159/645/370
f 3162/1723/370 3164/1725/370 3163/650/370 3161/1724/370
f 3164/1725/370 3166/1726/516 3165/1727/516 3163/650/370
f 3166/1726/516 3168/1728/517 3167/662/517 3165/1727/516
f 3168/1728/517 3170/1729/518 3169/1730/518 3167/662/517
f 3170/1729/518 3172/1006/519 3171/675/519 3169/1730/518
f 3172/1006/519 3174/1731/520 3173/1732/520 3171/675/519
f 3174/1731/520 3176/1733/521 3175/689/521 3173/1732/520
f 3176/1733/521 3178/1734/522 3177/1735/522 3175/689/521
f 3178/1734/522 3180/1736/523 3179/685/523 3177/1735/522
f 3180/1736/523 3182/1737/524 3181/1738/524 3179/685/523
f 3182/1737/524 3184/1739/525 3183/674/525 3181/1738/524
f 3184/1739/525 3186/1740/526 3185/1741/526 3183/674/525
f 3186/1740/526 3188/1742/527 3187/661/527 3185/1741/526
f 3188/1742/527 3190/1743/528 3189/1744/528 3187/661/527
f 3190/1743/528 3192/1745/529 3191/654/529 3189/1744/528
f 3192/1745/529 3194/1746/530 3193/1747/530 3191/654/529
f 3194/1746/530 3196/1748/531 3195/664/531 3193/1747/530
f 3196/1748/531 3198/1749/532 3197/1750/532 3195/664/531
f 3198/1749/532 3200/1025/533 3199/676/533 3197/1750/532
f 3200/1025/533 3202/1751/534 3201/1752/534 3199/676/533
f 3202/1751/534 3204/1753/535 3203/686/535 3201/1752/534
f 3204/1753/535 3206/1754/536 3205/1755/536 3203/686/535
f 3206/1754/536 3208/1756/537 3207/684/537 3205/1755/536
f 3208/1756/537 3210/1757/538 3209/1758/538 3207/684/537
f 3210/1757/538 3212/1759/539 3211/673/539 3209/1758/538
f 3212/1759/539 3214/1760/540 3213/1761/540 3211/673/539
f 3214/1760/540 3216/1762/541 3215/663/541 3213/1761/540
f 3216/1762/541 3218/1763/542 3217/1764/542 3215/663/541
f 3218/1763/542 3220/1765/176 3219/651/176 3217/1764/542
f 3220/1765/176 3222/1766/543 3221/1767/543 3219/651/176
f 3222/1766/543 3224/1768/544 3223/642/544 3221/1767/543
f 3224/1768/544 3226/1769/545 3225/1770/545 3223/642/544
f 3226/1769/545 3228/1045/546 3227/637/546 3225/1770/545
f 3228/1045/546 3230/1771/547 3229/1772/547 3227/637/546
f 3230/1771/547 3232/1773/548 3231/631/548 3229/1772/547
f 3232/1773/548 3234/1774/549 3233/1775/549 3231/631/548
f 3234/1774/549 3236/1776/550 3235/626/550 3233/1775/549
f 3236/1776/550 3238/1777/551 3237/1778/551 3235/626/550
f 3238/1777/551 3240/1779/552 3239/603/552 3237/1778/551
f 3240/1779/552 3242/881/553 3241/197/553 3239/603/552
f 3242/881/553 3244/1780/554 3243/620/554 3241/197/553
f 3244/1780/554 3246/1781/555 3245/1782/555 3243/620/554
f 3246/1781/555 3248/1783/556 3247/615/556 3245/1782/555
f 3248/1783/556 3250/1784/557 3249/1785/557 3247/615/556
f 3250/1784/557 3252/1786/558 3251/613/558 3249/1785/557
f 3252/1786/558 3254/1787/559 3253/1788/559 3251/613/558
f 3254/1787/559 3256/1064/560 3255/610/560 3253/1788/559
f 3256/1064/560 3258/1789/561 3257/1790/561 3255/610/560
f 3258/1789/561 3260/1791/562 3259/607/562 3257/1790/561
f 3260/1791/562 3262/1792/563 3261/1793/563 3259/607/562
f 3262/1792/563 3264/1794/160 3263/601/160 3261/1793/563
f 3264/1794/160 3266/1795/393 3265/1796/393 3263/601/160
f 3266/1795/393 3268/1797/393 3267/596/393 3265/1796/393
f 3268/1797/393 3270/1798/393 3269/1799/393 3267/596/393
f 3270/1798/393 3272/1800/393 3271/590/393 3269/1799/393
f 3272/1800/393 3274/1801/393 3273/1802/393 3271/590/393
f 3274/1801/393 3276/1803/393 3275/552/393 3273/1802/393
f 3276/1803/393 3278/1804/393 3277/1805/393 3275/552/393
f 3278/1804/393 3280/1806/393 3279/558/393 3277/1805/393
f 3280/1806/393 3282/1807/393 3281/1808/393 3279/558/393
f 3282/1807/393 3284/1084/393 3283/563/393 3281/1808/393
f 3284/1084/393 3286/1809/393 3285/1810/393 3283/563/393
f 3286/1809/393 3288/1811/564 3287/569/564 3285/1810/393
f 3288/1811/564 3290/1812/565 3289/1813/565 3287/569/564
f 3290/1812/565 3292/1814/566 3291/575/566 3289/1813/565
f 3292/1814/566 3294/1815/567 3293/1816/567 3291/575/566
f 3294/1815/567 3296/1817/568 3295/578/568 3293/1816/567
f 3296/1817/568 3298/1818/569 3297/1819/569 3295/578/568
f 3298/1818/569 3300/1820/570 3299/581/570 3297/1819/569
f 3300/1820/570 3302/1821/571 3301/1822/571 3299/581/570
f 3302/1821/571 3304/1823/572 3303/584/572 3301/1822/571
f 3304/1823/572 3306/1824/573 3305/1825/573 3303/584/572
f 3306/1824/573 3308/1826/574 3307/572/574 3305/1825/573
f 3308/1826/574 3310/1827/575 3309/1828/575 3307/572/574
f 3310/1827/575 3312/1103/576 3311/566/576 3309/1828/575
f 3312/1103/576 3314/1829/577 3313/1830/577 3311/566/576
f 3314/1829/577 3316/1831/578 3315/560/578 3313/1830/577
f 3316/1831/578 3318/1832/579 3317/1833/579 3315/560/578
f 3318/1832/579 3320/1834/580 3319/553/580 3317/1833/579
f 3320/1834/580 3322/1835/581 3321/1836/581 3319/553/580
f 3322/1835/581 3324/1837/582 3323/549/582 3321/1836/581
f 3324/1837/582 3326/1838/583 3325/1839/583 3323/549/582
f 3326/1838/583 3328/1840/584 3327/588/584 3325/1839/583
f 3328/1840/584 3330/1841/585 3329/1842/585 3327/588/584
f 3330/1841/585 3332/1843/586 3331/592/586 3329/1842/585
f 3332/1843/586 3334/1844/587 3333/1845/587 3331/592/586
f 3334/1844/587 3336/1846/588 3335/599/588 3333/1845/587
f 3336/1846/588 3338/1847/589 3337/1848/589 3335/599/588
f 3338/1847/589 3144/986/370 3143/3/370 3337/1848/589
f 3340/776/370 3342/1125/370 3341/1126/370 3339/101/370
f 3342/1125/370 3344/1129/370 3343/1130/370 3341/1126/370
f 3344/1129/370 3346/1133/370 3345/1134/370 3343/1130/370
f 3346/1133/370 3348/1137/370 3347/1138/370 3345/1134/370
f 3348/1137/370 3350/1141/370 3349/1142/370 3347/1138/370
f 3350/1141/370 3352/1145/370 3351/1146/370 3349/1142/370
f 3352/1145/370 3354/1149/370 3353/1150/370 3351/1146/370
f 3354/1149/370 3356/1153/370 3355/1154/370 3353/1150/370
f 3356/1153/370 3358/1157/370 3357/1158/370 3355/1154/370
f 3358/1157/370 3360/1161/370 3359/1162/370 3357/1158/370
f 3360/1161/370 3362/1165/590 3361/1166/590 3359/1162/370
f 3362/1165/590 3364/1169/591 3363/1170/591 3361/1166/590
f 3364/1169/591 3366/1173/592 3365/1174/592 3363/1170/591
f 3366/1173/592 3368/1177/593 3367/1178/593 3365/1174/592
f 3368/1177/593 3370/1181/594 3369/1182/594 3367/1178/593
f 3370/1181/594 3372/1185/595 3371/1186/595 3369/1182/594
f 3372/1185/595 3374/1189/596 3373/1190/596 3371/1186/595
f 3374/1189/596 3376/1193/597 3375/1194/597 3373/1190/596
f 3376/1193/597 3378/1196/598 3377/1197/598 3375/1194/597
f 3378/1196/598 3380/1200/599 3379/1201/599 3377/1197/598
f 3380/1200/599 3382/1204/600 3381/1205/600 3379/1201/599
f 3382/1204/600 3384/1208/601 3383/1209/601 3381/1205/600
f 3384/1208/601 3386/1212/602 3385/1213/602 3383/1209/601
f 3386/1212/602 3388/1216/603 3387/1217/603 3385/1213/602
f 3388/1216/603 3390/1220/604 3389/1221/604 3387/1217/603
f 3390/1220/604 3392/1224/605 3391/1225/605 3389/1221/604
f 3392/1224/605 3394/1228/606 3393/1229/606 3391/1225/605
f 3394/1228/606 3396/1232/607 3395/1233/607 3393/1229/606
f 3396/1232/607 3398/1236/608 3397/1237/608 3395/1233/607
f 3398/1236/608 3400/1240/609 3399/1241/609 3397/1237/608
f 3400/1240/609 3402/1244/610 3401/1245/610 3399/1241/609
f 3402/1244/610 3404/1248/611 3403/1249/611 3401/1245/610
f 3404/1248/611 3406/1252/612 3405/1253/612 3403/1249/611
f 3406/1252/612 3408/1256/613 3407/1257/613 3405/1253/612
f 3408/1256/613 3410/1260/614 3409/1261/614 3407/1257/613
f 3410/1260/614 3412/1264/615 3411/1265/615 3409/1261/614
f 3412/1264/615 3414/881/393 3413/197/393 3411/1265/615
f 3414/881/393 3416/1270/393 3415/1271/393 3413/197/393
f 3416/1270/393 3418/1274/393 3417/1275/393 3415/1271/393
f 3418/1274/393 3420/1278/393 3419/1279/393 3417/1275/393
f 3420/1278/393 3422/1282/393 3421/1283/393 3419/1279/393
f 3422/1282/393 3424/1286/393 3423/1287/393 3421/1283/393
f 3424/1286/393 3426/1290/393 3425/1291/393 3423/1287/393
f 3426/1290/393 3428/1294/393 3427/1295/393 3425/1291/393
f 3428/1294/393 3430/1298/393 3429/1299/393 3427/1295/393
f 3430/1298/393 3432/1302/393 3431/1303/393 3429/1299/393
f 3432/1302/393 3434/1306/393 3433/1307/393 3431/1303/393
f 3434/1306/393 3436/1310/616 3435/1311/616 3433/1307/393
f 3436/1310/616 3438/1314/617 3437/1315/617 3435/1311/616
f 3438/1314/617 3440/1318/618 3439/1319/618 3437/1315/617
f 3440/1318/618 3442/1322/619 3441/1323/619 3439/1319/618
f 3442/1322/619 3444/1326/620 3443/1327/620 3441/1323/619
f 3444/1326/620 3446/1330/621 3445/1331/621 3443/1327/620
f 3446/1330/621 3448/1334/622 3447/1335/622 3445/1331/621
f 3448/1334/622 3450/1338/623 3449/1339/623 3447/1335/622
f 3450/1338/623 3452/1341/624 3451/1342/624 3449/1339/623
f 3452/1341/624 3454/1345/625 3453/1346/625 3451/1342/624
f 3454/1345/625 3456/1349/626 3455/1350/626 3453/1346/625
f 3456/1349/626 3458/1353/627 3457/1354/627 3455/1350/626
f 3458/1353/627 3460/1357/628 3459/1358/628 3457/1354/627
f 3460/1357/628 3462/1361/629 3461/1362/629 3459/1358/628
f 3462/1361/629 3464/1365/630 3463/1366/630 3461/1362/629
f 3464/1365/630 3466/1369/631 3465/1370/631 3463/1366/630
f 3466/1369/631 3468/1373/632 3467/1374/632 3465/1370/631
f 3468/1373/632 3470/1377/633 3469/1378/633 3467/1374/632
f 3470/1377/633 3472/1381/634 3471/1382/634 3469/1378/633
f 3472/1381/634 3474/1385/635 3473/1386/635 3471/1382/634
f 3474/1385/635 3476/1389/636 3475/1390/636 3473/1386/635
f 3476/1389/636 3478/1393/637 3477/1394/637 3475/1390/636
f 3478/1393/637 3480/1397/638 3479/1398/638 3477/1394/637
f 3480/1397/638 3482/1401/639 3481/1402/639 3479/1398/638
f 3482/1401/639 3484/1405/640 3483/1406/640 3481/1402/639
f 3484/1405/640 3486/1409/641 3485/1410/641 3483/1406/640
f 3486/1409/641 3340/986/370 3339/3/370 3485/1410/641
f 3488/776/642 3490/987/643 3489/988/643 3487/101/642
f 3490/987/643 3492/989/644 3491/990/644 3489/988/643
f 3492/989/644 3494/991/114 3493/992/114 3491/990/644
f 3494/991/114 3496/993/645 3495/994/645 3493/992/114
f 3496/993/645 3498/995/646 3497/996/646 3495/994/645
f 3498/995/646 3500/997/647 3499/998/647 3497/996/646
f 3500/997/647 3502/999/648 3501/122/648 3499/998/647
f 3502/999/648 3504/1000/649 3503/1001/649 3501/122/648
f 3504/1000/649 3506/1002/650 3505/1003/650 3503/1001/649
f 3506/1002/650 3508/1004/651 3507/1005/651 3505/1003/650
f 3508/1004/651 3510/1006/652 3509/675/652 3507/1005/651
f 3510/1006/652 3512/1007/653 3511/1008/653 3509/675/652
f 3512/1007/653 3514/1009/654 3513/1010/654 3511/1008/653
f 3514/1009/654 3516/1011/655 3515/100/655 3513/1010/654
f 3516/1011/655 3518/1012/656 3517/1013/656 3515/100/655
f 3518/1012/656 3520/1014/657 3519/1015/657 3517/1013/656
f 3520/1014/657 3522/1016/658 3521/1017/658 3519/1015/657
f 3522/1016/658 3524/1018/659 3523/1019/659 3521/1017/658
f 3524/1018/659 3526/1020/660 3525/1021/660 3523/1019/659
f 3526/1020/660 3528/1022/661 3527/1023/661 3525/1021/660
f 3528/1022/661 3530/1024/662 3529/79/662 3527/1023/661
f 3530/1024/662 3532/1025/663 3531/676/663 3529/79/662
f 3532/1025/663 3534/1026/664 3533/1027/664 3531/676/663
f 3534/1026/664 3536/1028/665 3535/1029/665 3533/1027/664
f 3536/1028/665 3538/1030/666 3537/1031/666 3535/1029/665
f 3538/1030/666 3540/1032/667 3539/1033/667 3537/1031/666
f 3540/1032/667 3542/1034/668 3541/1035/668 3539/1033/667
f 3542/1034/668 3544/1036/669 3543/92/669 3541/1035/668
f 3544/1036/669 3546/1037/670 3545/1038/670 3543/92/669
f 3546/1037/670 3548/1039/671 3547/1040/671 3545/1038/670
f 3548/1039/671 3550/1041/672 3549/1042/672 3547/1040/671
f 3550/1041/672 3552/1043/673 3551/1044/673 3549/1042/672
f 3552/1043/673 3554/1045/599 3553/637/599 3551/1044/673
f 3554/1045/599 3556/1046/674 3555/1047/674 3553/637/599
f 3556/1046/674 3558/1048/675 3557/17/675 3555/1047/674
f 3558/1048/675 3560/1049/676 3559/1050/676 3557/17/675
f 3560/1049/676 3562/1051/677 3561/1052/677 3559/1050/676
f 3562/1051/677 3564/1053/678 3563/1054/678 3561/1052/677
f 3564/1053/678 3566/1055/606 3565/1056/606 3563/1054/678
f 3566/1055/606 3568/1057/679 3567/1058/679 3565/1056/606
f 3568/1057/679 3570/1059/680 3569/1060/680 3567/1058/679
f 3570/1059/680 3572/1061/681 3571/38/681 3569/1060/680
f 3572/1061/681 3574/1062/682 3573/1063/682 3571/38/681
f 3574/1062/682 3576/1064/683 3575/610/683 3573/1063/682
f 3576/1064/683 3578/1065/684 3577/1066/684 3575/610/683
f 3578/1065/684 3580/1067/685 3579/1068/685 3577/1066/684
f 3580/1067/685 3582/1069/686 3581/1070/686 3579/1068/685
f 3582/1069/686 3584/1071/687 3583/1072/687 3581/1070/686
f 3584/1071/687 3586/1073/688 3585/61/688 3583/1072/687
f 3586/1073/688 3588/1074/689 3587/1075/689 3585/61/688
f 3588/1074/689 3590/1076/690 3589/1077/690 3587/1075/689
f 3590/1076/690 3592/1078/691 3591/1079/691 3589/1077/690
f 3592/1078/691 3594/1080/692 3593/1081/692 3591/1079/691
f 3594/1080/692 3596/1082/693 3595/1083/693 3593/1081/692
f 3596/1082/693 3598/1084/694 3597/563/694 3595/1083/693
f 3598/1084/694 3600/1085/695 3599/66/695 3597/563/694
f 3600/1085/695 3602/1086/696 3601/1087/696 3599/66/695
f 3602/1086/696 3604/1088/697 3603/1089/697 3601/1087/696
f 3604/1088/697 3606/1090/698 3605/1091/698 3603/1089/697
f 3606/1090/698 3608/1092/699 3607/1093/699 3605/1091/698
f 3608/1092/699 3610/1094/700 3609/1095/700 3607/1093/699
f 3610/1094/700 3612/1096/701 3611/1097/701 3609/1095/700
f 3612/1096/701 3614/1098/702 3613/44/702 3611/1097/701
f 3614/1098/702 3616/1099/703 3615/1100/703 3613/44/702
f 3616/1099/703 3618/1101/704 3617/1102/704 3615/1100/703
f 3618/1101/704 3620/1103/705 3619/566/705 3617/1102/704
f 3620/1103/705 3622/1104/706 3621/1105/706 3619/566/705
f 3622/1104/706 3624/1106/707 3623/1107/707 3621/1105/706
f 3624/1106/707 3626/1108/708 3625/1109/708 3623/1107/707
f 3626/1108/708 3628/1110/180 3627/22/180 3625/1109/708
f 3628/1110/180 3630/1111/709 3629/1112/709 3627/22/180
f 3630/1111/709 3632/1113/710 3631/1114/710 3629/1112/709
f 3632/1113/710 3634/1115/711 3633/1116/711 3631/1114/710
f 3634/1115/711 3636/1117/712 3635/1118/712 3633/1116/711
f 3636/1117/712 3638/1119/713 3637/1120/713 3635/1118/712
f 3638/1119/713 3640/1121/714 3639/1122/714 3637/1120/713
f 3640/1121/714 3488/986/642 3487/3/642 3639/1122/714
f 3642/776/715 3644/1125/716 3643/1126/716 3641/101/715
f 3644/1125/716 3646/1129/717 3645/1130/717 3643/1126/716
f 3646/1129/717 3648/1133/718 3647/1134/718 3645/1130/717
f 3648/1133/718 3650/1137/719 3649/1138/719 3647/1134/718
f 3650/1137/719 3652/1141/720 3651/1142/720 3649/1138/719
f 3652/1141/720 3654/1145/721 3653/1146/721 3651/1142/720
f 3654/1145/721 3656/1149/722 3655/1150/722 3653/1146/721
f 3656/1149/722 3658/1153/723 3657/1154/723 3655/1150/722
f 3658/1153/723 3660/1157/724 3659/1158/724 3657/1154/723
f 3660/1157/724 3662/1161/725 3661/1162/725 3659/1158/724
f 3662/1161/725 3664/1165/726 3663/1166/726 3661/1162/725
f 3664/1165/726 3666/1169/727 3665/1170/727 3663/1166/726
f 3666/1169/727 3668/1173/728 3667/1174/728 3665/1170/727
f 3668/1173/728 3670/1177/729 3669/1178/729 3667/1174/728
f 3670/1177/729 3672/1181/730 3671/1182/730 3669/1178/729
f 3672/1181/730 3674/1185/731 3673/1186/731 3671/1182/730
f 3674/1185/731 3676/1189/732 3675/1190/732 3673/1186/731
f 3676/1189/732 3678/1193/733 3677/1194/733 3675/1190/732
f 3678/1193/733 3680/1196/734 3679/1197/734 3677/1194/733
f 3680/1196/734 3682/1200/735 3681/1201/735 3679/1197/734
f 3682/1200/735 3684/1204/736 3683/1205/736 3681/1201/735
f 3684/1204/736 3686/1208/737 3685/1209/737 3683/1205/736
f 3686/1208/737 3688/1212/738 3687/1213/738 3685/1209/737
f 3688/1212/738 3690/1216/739 3689/1217/739 3687/1213/738
f 3690/1216/739 3692/1220/740 3691/1221/740 3689/1217/739
f 3692/1220/740 3694/1224/741 3693/1225/741 3691/1221/740
f 3694/1224/741 3696/1228/742 3695/1229/742 3693/1225/741
f 3696/1228/742 3698/1232/743 3697/1233/743 3695/1229/742
f 3698/1232/743 3700/1236/744 3699/1237/744 3697/1233/743
f 3700/1236/744 3702/1240/745 3701/1241/745 3699/1237/744
f 3702/1240/745 3704/1244/746 3703/1245/746 3701/1241/745
f 3704/1244/746 3706/1248/747 3705/1249/747 3703/1245/746
f 3706/1248/747 3708/1252/748 3707/1253/748 3705/1249/747
f 3708/1252/748 3710/1256/749 3709/1257/749 3707/1253/748
f 3710/1256/749 3712/1260/750 3711/1261/750 3709/1257/749
f 3712/1260/750 3714/1264/260 3713/1265/260 3711/1261/750
f 3714/1264/260 3716/881/751 3715/197/751 3713/1265/260
f 3716/881/751 3718/1270/752 3717/1271/752 3715/197/751
f 3718/1270/752 3720/1274/753 3719/1275/753 3717/1271/752
f 3720/1274/753 3722/1278/754 3721/1279/754 3719/1275/753
f 3722/1278/754 3724/1282/755 3723/1283/755 3721/1279/754
f 3724/1282/755 3726/1286/502 3725/1287/502 3723/1283/755
f 3726/1286/502 3728/1290/756 3727/1291/756 3725/1287/502
f 3728/1290/756 3730/1294/757 3729/1295/757 3727/1291/756
f 3730/1294/757 3732/1298/758 3731/1299/758 3729/1295/757
f 3732/1298/758 3734/1302/759 3733/1303/759 3731/1299/758
f 3734/1302/759 3736/1306/760 3735/1307/760 3733/1303/759
f 3736/1306/760 3738/1310/761 3737/1311/761 3735/1307/760
f 3738/1310/761 3740/1314/762 3739/1315/762 3737/1311/761
f 3740/1314/762 3742/1318/763 3741/1319/763 3739/1315/762
f 3742/1318/763 3744/1322/764 3743/1323/764 3741/1319/763
f 3744/1322/764 3746/1326/765 3745/1327/765 3743/1323/764
f 3746/1326/765 3748/1330/572 3747/1331/572 3745/1327/765
f 3748/1330/572 3750/1334/766 3749/1335/766 3747/1331/572
f 3750/1334/766 3752/1338/622 3751/1339/622 3749/1335/766
f 3752/1338/622 3754/1341/767 3753/1342/767 3751/1339/622
f 3754/1341/767 3756/1345/768 3755/1346/768 3753/1342/767
f 3756/1345/768 3758/1349/769 3757/1350/769 3755/1346/768
f 3758/1349/769 3760/1353/770 3759/1354/770 3757/1350/769
f 3760/1353/770 3762/1357/771 3761/1358/771 3759/1354/770
f 3762/1357/771 3764/1361/772 3763/1362/772 3761/1358/771
f 3764/1361/772 3766/1365/773 3765/1366/773 3763/1362/772
f 3766/1365/773 3768/1369/774 3767/1370/774 3765/1366/773
f 3768/1369/774 3770/1373/775 3769/1374/775 3767/1370/774
f 3770/1373/775 3772/1377/776 3771/1378/776 3769/1374/775
f 3772/1377/776 3774/1381/777 3773/1382/777 3771/1378/776
f 3774/1381/777 3776/1385/778 3775/1386/778 3773/1382/777
f 3776/1385/778 3778/1389/779 3777/1390/779 3775/1386/778
f 3778/1389/779 3780/1393/780 3779/1394/780 3777/1390/779
f 3780/1393/780 3782/1397/781 3781/1398/781 3779/1394/780
f 3782/1397/781 3784/1401/782 3783/1402/782 3781/1398/781
f 3784/1401/782 3786/1405/783 3785/1406/783 3783/1402/782
f 3786/1405/783 3788/1409/287 3787/1410/287 3785/1406/783
f 3788/1409/287 3642/986/715 3641/3/715 3787/1410/287
f 3790/776/784 3792/1413/785 3791/1414/785 3789/101/784
f 3792/1413/785 3794/1415/786 3793/1416/786 3791/1414/785
f 3794/1415/786 3796/1417/787 3795/1418/787 3793/1416/786
f 3796/1417/787 3798/1419/788 3797/1420/788 3795/1418/787
f 3798/1419/788 3800/1421/789 3799/1422/789 3797/1420/788
f 3800/1421/789 3802/1423/790 3801/1424/790 3799/1422/789
f 3802/1423/790 3804/1425/791 3803/1426/791 3801/1424/790
f 3804/1425/791 3806/1427/792 3805/1428/792 3803/1426/791
f 3806/1427/792 3808/1429/793 3807/1430/793 3805/1428/792
f 3808/1429/793 3810/1431/381 3809/1432/381 3807/1430/793
f 3810/1431/381 3812/1433/260 3811/1434/260 3809/1432/381
f 3812/1433/260 3814/1195/794 3813/141/794 3811/1434/260
f 3814/1195/794 3816/1435/795 3815/1436/795 3813/141/794
f 3816/1435/795 3818/1437/796 3817/1438/796 3815/1436/795
f 3818/1437/796 3820/1439/797 3819/1440/797 3817/1438/796
f 3820/1439/797 3822/1441/798 3821/285/798 3819/1440/797
f 3822/1441/798 3824/1442/388 3823/1443/388 3821/285/798
f 3824/1442/388 3826/1444/799 3825/1445/799 3823/1443/388
f 3826/1444/799 3828/1446/800 3827/1447/800 3825/1445/799
f 3828/1446/800 3830/1448/801 3829/1449/801 3827/1447/800
f 3830/1448/801 3832/1450/802 3831/1451/802 3829/1449/801
f 3832/1450/802 3834/1452/803 3833/1453/803 3831/1451/802
f 3834/1452/803 3836/1454/393 3835/1455/393 3833/1453/803
f 3836/1454/393 3838/881/804 3837/197/804 3835/1455/393
f 3838/881/804 3840/1456/805 3839/1457/805 3837/197/804
f 3840/1456/805 3842/1458/806 3841/1459/806 3839/1457/805
f 3842/1458/806 3844/1460/807 3843/1461/807 3841/1459/806
f 3844/1460/807 3846/1462/808 3845/1463/808 3843/1461/807
f 3846/1462/808 3848/1464/5 3847/1465/5 3845/1463/808
f 3848/1464/5 3850/1466/809 3849/1467/809 3847/1465/5
f 3850/1466/809 3852/1468/810 3851/1469/810 3849/1467/809
f 3852/1468/810 3854/1470/811 3853/302/811 3851/1469/810
f 3854/1470/811 3856/1471/704 3855/1472/704 3853/302/811
f 3856/1471/704 3858/1473/812 3857/1474/812 3855/1472/704
f 3858/1473/812 3860/1475/287 3859/1476/287 3857/1474/812
f 3860/1475/287 3862/1340/813 3861/168/813 3859/1476/287
f 3862/1340/813 3864/1477/814 3863/1478/814 3861/168/813
f 3864/1477/814 3866/1479/815 3865/1480/815 3863/1478/814
f 3866/1479/815 3868/1481/816 3867/1482/816 3865/1480/815
f 3868/1481/816 3870/1483/817 3869/1484/817 3867/1482/816
f 3870/1483/817 3872/1485/32 3871/1486/32 3869/1484/817
f 3872/1485/32 3874/1487/818 3873/1488/818 3871/1486/32
f 3874/1487/818 3876/1489/819 3875/1490/819 3873/1488/818
f 3876/1489/819 3878/1491/820 3877/1492/820 3875/1490/819
f 3878/1491/820 3880/1493/821 3879/1494/821 3877/1492/820
f 3880/1493/821 3882/1495/822 3881/1496/822 3879/1494/821
f 3882/1495/822 3884/1497/370 3883/1498/370 3881/1496/822
f 3884/1497/370 3790/986/784 3789/3/784 3883/1498/370
f 3886/776/715 3888/1125/716 3887/1126/716 3885/101/715
f 3888/1125/716 3890/1129/717 3889/1130/717 3887/1126/716
f 3890/1129/717 3892/1133/718 3891/1134/718 3889/1130/717
f 3892/1133/718 3894/1137/719 3893/1138/719 3891/1134/718
f 3894/1137/719 3896/1141/720 3895/1142/720 3893/1138/719
f 3896/1141/720 3898/1145/721 3897/1146/721 3895/1142/720
f 3898/1145/721 3900/1149/722 3899/1150/722 3897/1146/721
f 3900/1149/722 3902/1153/723 3901/1154/723 3899/1150/722
f 3902/1153/723 3904/1157/724 3903/1158/724 3901/1154/723
f 3904/1157/724 3906/1161/725 3905/1162/725 3903/1158/724
f 3906/1161/725 3908/1165/726 3907/1166/726 3905/1162/725
f 3908/1165/726 3910/1169/727 3909/1170/727 3907/1166/726
f 3910/1169/727 3912/1173/728 3911/1174/728 3909/1170/727
f 3912/1173/728 3914/1177/729 3913/1178/729 3911/1174/728
f 3914/1177/729 3916/1181/730 3915/1182/730 3913/1178/729
f 3916/1181/730 3918/1185/731 3917/1186/731 3915/1182/730
f 3918/1185/731 3920/1189/732 3919/1190/732 3917/1186/731
f 3920/1189/732 3922/1193/733 3921/1194/733 3919/1190/732
f 3922/1193/733 3924/1196/734 3923/1197/734 3921/1194/733
f 3924/1196/734 3926/1200/735 3925/1201/735 3923/1197/734
f 3926/1200/735 3928/1204/736 3927/1205/736 3925/1201/735
f 3928/1204/736 3930/1208/737 3929/1209/737 3927/1205/736
f 3930/1208/737 3932/1212/738 3931/1213/738 3929/1209/737
f 3932/1212/738 3934/1216/739 3933/1217/739 3931/1213/738
f 3934/1216/739 3936/1220/740 3935/1221/740 3933/1217/739
f 3936/1220/740 3938/1224/741 3937/1225/741 3935/1221/740
f 3938/1224/741 3940/1228/742 3939/1229/742 3937/1225/741
f 3940/1228/742 3942/1232/743 3941/1233/743 3939/1229/742
f 3942/1232/743 3944/1236/744 3943/1237/744 3941/1233/743
f 3944/1236/744 3946/1240/745 3945/1241/745 3943/1237/744
f 3946/1240/745 3948/1244/746 3947/1245/746 3945/1241/745
f 3948/1244/746 3950/1248/747 3949/1249/747 3947/1245/746
f 3950/1248/747 3952/1252/748 3951/1253/748 3949/1249/747
f 3952/1252/748 3954/1256/749 3953/1257/749 3951/1253/748
f 3954/1256/749 3956/1260/750 3955/1261/750 3953/1257/749
f 3956/1260/750 3958/1264/260 3957/1265/260 3955/1261/750
f 3958/1264/260 3960/881/751 3959/197/751 3957/1265/260
f 3960/881/751 3962/1270/752 3961/1271/752 3959/197/751
f 3962/1270/752 3964/1274/753 3963/1275/753 3961/1271/752
f 3964/1274/753 3966/1278/754 3965/1279/754 3963/1275/753
f 3966/1278/754 3968/1282/755 3967/1283/755 3965/1279/754
f 3968/1282/755 3970/1286/502 3969/1287/502 3967/1283/755
f 3970/1286/502 3972/1290/756 3971/1291/756 3969/1287/502
f 3972/1290/756 3974/1294/757 3973/1295/757 3971/1291/756
f 3974/1294/757 3976/1298/758 3975/1299/758 3973/1295/757
f 3976/1298/758 3978/1302/759 3977/1303/759 3975/1299/758
f 3978/1302/759 3980/1306/760 3979/1307/760 3977/1303/759
f 3980/1306/760 3982/1310/761 3981/1311/761 3979/1307/760
f 3982/1310/761 3984/1314/762 3983/1315/762 3981/1311/761
f 3984/1314/762 3986/1318/763 3985/1319/763 3983/1315/762
f 3986/1318/763 3988/1322/764 3987/1323/764 3985/1319/763
f 3988/1322/764 3990/1326/765 3989/1327/765 3987/1323/764
f 3990/1326/765 3992/1330/572 3991/1331/572 3989/1327/765
f 3992/1330/572 3994/1334/766 3993/1335/766 3991/1331/572
f 3994/1334/766 3996/1338/622 3995/1339/622 3993/1335/766
f 3996/1338/622 3998/1341/767 3997/1342/767 3995/1339/622
f 3998/1341/767 4000/1345/768 3999/1346/768 3997/1342/767
f 4000/1345/768 4002/1349/769 4001/1350/769 3999/1346/768
f 4002/1349/769 4004/1353/770 4003/1354/770 4001/1350/769
f 4004/1353/770 4006/1357/771 4005/1358/771 4003/1354/770
f 4006/1357/771 4008/1361/772 4007/1362/772 4005/1358/771
f 4008/1361/772 4010/1365/773 4009/1366/773 4007/1362/772
f 4010/1365/773 4012/1369/774 4011/1370/774 4009/1366/773
f 4012/1369/774 4014/1373/823 4013/1374/823 4011/1370/774
f 4014/1373/823 4016/1377/776 4015/1378/776 4013/1374/823
f 4016/1377/776 4018/1381/777 4017/1382/777 4015/1378/776
f 4018/1381/777 4020/1385/778 4019/1386/778 4017/1382/777
f 4020/1385/778 4022/1389/779 4021/1390/779 4019/1386/778
f 4022/1389/779 4024/1393/780 4023/1394/780 4021/1390/779
f 4024/1393/780 4026/1397/781 4025/1398/781 4023/1394/780
f 4026/1397/781 4028/1401/782 4027/1402/782 4025/1398/781
f 4028/1401/782 4030/1405/783 4029/1406/783 4027/1402/782
f 4030/1405/783 4032/1409/287 4031/1410/287 4029/1406/783
f 4032/1409/287 3886/986/715 3885/3/715 4031/1410/287
f 4034/776/784 4036/1413/785 4035/1414/785 4033/101/784
f 4036/1413/785 4038/1415/786 4037/1416/786 4035/1414/785
f 4038/1415/786 4040/1417/787 4039/1418/787 4037/1416/786
f 4040/1417/787 4042/1419/788 4041/1420/788 4039/1418/787
f 4042/1419/788 4044/1421/789 4043/1422/789 4041/1420/788
f 4044/1421/789 4046/1423/790 4045/1424/790 4043/1422/789
f 4046/1423/790 4048/1425/791 4047/1426/791 4045/1424/790
f 4048/1425/791 4050/1427/792 4049/1428/792 4047/1426/791
f 4050/1427/792 4052/1429/793 4051/1430/793 4049/1428/792
f 4052/1429/793 4054/1431/381 4053/1432/381 4051/1430/793
f 4054/1431/381 4056/1433/260 4055/1434/260 4053/1432/381
f 4056/1433/260 4058/1195/794 4057/141/794 4055/1434/260
f 4058/1195/794 4060/1435/795 4059/1436/795 4057/141/794
f 4060/1435/795 4062/1437/796 4061/1438/796 4059/1436/795
f 4062/1437/796 4064/1439/797 4063/1440/797 4061/1438/796
f 4064/1439/797 4066/1441/824 4065/285/824 4063/1440/797
f 4066/1441/824 4068/1442/388 4067/1443/388 4065/285/824
f 4068/1442/388 4070/1444/799 4069/1445/799 4067/1443/388
f 4070/1444/799 4072/1446/800 4071/1447/800 4069/1445/799
f 4072/1446/800 4074/1448/801 4073/1449/801 4071/1447/800
f 4074/1448/801 4076/1450/802 4075/1451/802 4073/1449/801
f 4076/1450/802 4078/1452/803 4077/1453/803 4075/1451/802
f 4078/1452/803 4080/1454/393 4079/1455/393 4077/1453/803
f 4080/1454/393 4082/881/804 4081/197/804 4079/1455/393
f 4082/881/804 4084/1456/805 4083/1457/805 4081/197/804
f 4084/1456/805 4086/1458/806 4085/1459/806 4083/1457/805
f 4086/1458/806 4088/1460/807 4087/1461/807 4085/1459/806
f 4088/1460/807 4090/1462/808 4089/1463/808 4087/1461/807
f 4090/1462/808 4092/1464/5 4091/1465/5 4089/1463/808
f 4092/1464/5 4094/1466/809 4093/1467/809 4091/1465/5
f 4094/1466/809 4096/1468/810 4095/1469/810 4093/1467/809
f 4096/1468/810 4098/1470/811 4097/302/811 4095/1469/810
f 4098/1470/811 4100/1471/704 4099/1472/704 4097/302/811
f 4100/1471/704 4102/1473/812 4101/1474/812 4099/1472/704
f 4102/1473/812 4104/1475/287 4103/1476/287 4101/1474/812
f 4104/1475/287 4106/1340/813 4105/168/813 4103/1476/287
f 4106/1340/813 4108/1477/814 4107/1478/814 4105/168/813
f 4108/1477/814 4110/1479/815 4109/1480/815 4107/1478/814
f 4110/1479/815 4112/1481/816 4111/1482/816 4109/1480/815
f 4112/1481/816 4114/1483/817 4113/1484/817 4111/1482/816
f 4114/1483/817 4116/1485/32 4115/1486/32 4113/1484/817
f 4116/1485/32 4118/1487/818 4117/1488/818 4115/1486/32
f 4118/1487/818 4120/1489/819 4119/1490/819 4117/1488/818
f 4120/1489/819 4122/1491/820 4121/1492/820 4119/1490/819
f 4122/1491/820 4124/1493/821 4123/1494/821 4121/1492/820
f 4124/1493/821 4126/1495/825 4125/1496/825 4123/1494/821
f 4126/1495/825 4128/1497/370 4127/1498/370 4125/1496/825
f 4128/1497/370 4034/986/784 4033/3/784 4127/1498/370
