# Blender 4.4.1
# www.blender.org
mtllib goal.mtl
o 球
v 0.000000 1.497779 -0.143532
v 0.000000 1.424696 -0.214810
v 0.000000 1.329207 -0.253386
v 0.000000 1.277530 -0.258350
v 0.000000 1.225852 -0.253386
v 0.000000 1.130364 -0.214810
v 0.009082 1.537332 -0.049433
v 0.017816 1.522258 -0.096967
v 0.025865 1.497779 -0.140774
v 0.032919 1.464836 -0.179171
v 0.038709 1.424696 -0.210683
v 0.043011 1.378899 -0.234098
v 0.045661 1.329207 -0.248517
v 0.046555 1.277530 -0.253386
v 0.045661 1.225852 -0.248517
v 0.043011 1.176160 -0.234098
v 0.038709 1.130364 -0.210683
v 0.032919 1.090223 -0.179171
v 0.025865 1.057280 -0.140774
v 0.017816 1.032802 -0.096967
v 0.009082 1.017728 -0.049433
v 0.017816 1.537332 -0.046565
v 0.034947 1.522258 -0.091341
v 0.050735 1.497779 -0.132606
v 0.064574 1.464836 -0.168775
v 0.075931 1.424696 -0.198459
v 0.084370 1.378899 -0.220516
v 0.089567 1.329207 -0.234098
v 0.091321 1.277530 -0.238684
v 0.089567 1.225852 -0.234098
v 0.084370 1.176160 -0.220516
v 0.075931 1.130364 -0.198459
v 0.064574 1.090223 -0.168775
v 0.050735 1.057280 -0.132606
v 0.034947 1.032802 -0.091341
v 0.017816 1.017728 -0.046565
v 0.025865 1.537332 -0.041907
v 0.050735 1.522258 -0.082204
v 0.073656 1.497779 -0.119342
v 0.093747 1.464836 -0.151894
v 0.110235 1.424696 -0.178608
v 0.122486 1.378899 -0.198459
v 0.130030 1.329207 -0.210683
v 0.132578 1.277530 -0.214810
v 0.130030 1.225852 -0.210683
v 0.122486 1.176160 -0.198459
v 0.110235 1.130364 -0.178608
v 0.093747 1.090223 -0.151894
v 0.073656 1.057280 -0.119342
v 0.050735 1.032802 -0.082204
v 0.025865 1.017728 -0.041907
v 0.032919 1.537332 -0.035639
v 0.064574 1.522258 -0.069909
v 0.093747 1.497779 -0.101492
v 0.119317 1.464836 -0.129175
v 0.140302 1.424696 -0.151894
v 0.155895 1.378899 -0.168775
v 0.165497 1.329207 -0.179171
v 0.168740 1.277530 -0.182681
v 0.165497 1.225852 -0.179171
v 0.155895 1.176160 -0.168775
v 0.140302 1.130364 -0.151894
v 0.119317 1.090223 -0.129175
v 0.093747 1.057280 -0.101492
v 0.064574 1.032802 -0.069909
v 0.032919 1.017728 -0.035639
v 0.038709 1.537332 -0.028002
v 0.075931 1.522258 -0.054927
v 0.110235 1.497779 -0.079742
v 0.140302 1.464836 -0.101492
v 0.164978 1.424696 -0.119342
v 0.183313 1.378899 -0.132606
v 0.194604 1.329207 -0.140774
v 0.198417 1.277530 -0.143532
v 0.194604 1.225852 -0.140774
v 0.183313 1.176160 -0.132606
v 0.164978 1.130364 -0.119342
v 0.140302 1.090223 -0.101492
v 0.110235 1.057280 -0.079742
v 0.075931 1.032802 -0.054927
v 0.038709 1.017728 -0.028002
v 0.000000 1.542421 -0.000000
v 0.043011 1.537332 -0.019288
v 0.084370 1.522258 -0.037834
v 0.122486 1.497779 -0.054927
v 0.155895 1.464836 -0.069909
v 0.183313 1.424696 -0.082204
v 0.203687 1.378899 -0.091341
v 0.216233 1.329207 -0.096967
v 0.220469 1.277530 -0.098866
v 0.216233 1.225852 -0.096967
v 0.203687 1.176160 -0.091341
v 0.183313 1.130364 -0.082204
v 0.155895 1.090223 -0.069909
v 0.122486 1.057280 -0.054927
v 0.084370 1.032802 -0.037834
v 0.043011 1.017728 -0.019288
v 0.045661 1.537332 -0.009833
v 0.089567 1.522258 -0.019288
v 0.130030 1.497779 -0.028002
v 0.165497 1.464836 -0.035639
v 0.194604 1.424696 -0.041907
v 0.216233 1.378899 -0.046565
v 0.229551 1.329207 -0.049433
v 0.234049 1.277530 -0.050402
v 0.229551 1.225852 -0.049433
v 0.216233 1.176160 -0.046565
v 0.194604 1.130364 -0.041907
v 0.165497 1.090223 -0.035639
v 0.130030 1.057280 -0.028002
v 0.089567 1.032802 -0.019288
v 0.045661 1.017728 -0.009833
v 0.046555 1.537332 -0.000000
v 0.091321 1.522258 -0.000000
v 0.132578 1.497779 -0.000000
v 0.168740 1.464836 -0.000000
v 0.198417 1.424696 -0.000000
v 0.220469 1.378899 -0.000000
v 0.234049 1.329207 -0.000000
v 0.238634 1.277530 -0.000000
v 0.234049 1.225852 -0.000000
v 0.220469 1.176160 -0.000000
v 0.198417 1.130364 -0.000000
v 0.168740 1.090223 -0.000000
v 0.132578 1.057280 -0.000000
v 0.091321 1.032802 -0.000000
v 0.046555 1.017728 -0.000000
v 0.045661 1.537332 0.009833
v 0.089567 1.522258 0.019288
v 0.130030 1.497779 0.028002
v 0.165497 1.464836 0.035639
v 0.194604 1.424696 0.041907
v 0.216233 1.378899 0.046565
v 0.229551 1.329207 0.049433
v 0.234049 1.277530 0.050402
v 0.229551 1.225852 0.049433
v 0.216233 1.176160 0.046565
v 0.194604 1.130364 0.041907
v 0.165497 1.090223 0.035639
v 0.130030 1.057280 0.028002
v 0.089567 1.032802 0.019288
v 0.045661 1.017728 0.009833
v 0.043011 1.537332 0.019288
v 0.084370 1.522258 0.037834
v 0.122486 1.497779 0.054927
v 0.155895 1.464836 0.069909
v 0.183313 1.424696 0.082204
v 0.203687 1.378899 0.091341
v 0.216233 1.329207 0.096967
v 0.220469 1.277530 0.098866
v 0.216233 1.225852 0.096967
v 0.203687 1.176160 0.091341
v 0.183313 1.130364 0.082204
v 0.155895 1.090223 0.069909
v 0.122486 1.057280 0.054927
v 0.084370 1.032802 0.037834
v 0.043011 1.017728 0.019288
v 0.038709 1.537332 0.028002
v 0.075931 1.522258 0.054927
v 0.110234 1.497779 0.079742
v 0.140302 1.464836 0.101492
v 0.164978 1.424696 0.119342
v 0.183313 1.378899 0.132606
v 0.194604 1.329207 0.140774
v 0.198417 1.277530 0.143532
v 0.194604 1.225852 0.140774
v 0.183313 1.176160 0.132606
v 0.164978 1.130364 0.119342
v 0.140302 1.090223 0.101492
v 0.110234 1.057280 0.079742
v 0.075931 1.032802 0.054927
v 0.038709 1.017728 0.028002
v 0.032919 1.537332 0.035639
v 0.064574 1.522258 0.069909
v 0.093747 1.497779 0.101492
v 0.119317 1.464836 0.129175
v 0.140302 1.424696 0.151894
v 0.155895 1.378899 0.168775
v 0.165497 1.329207 0.179171
v 0.168740 1.277530 0.182681
v 0.165497 1.225852 0.179171
v 0.155895 1.176160 0.168775
v 0.140302 1.130364 0.151894
v 0.119317 1.090223 0.129175
v 0.093747 1.057280 0.101492
v 0.064574 1.032802 0.069909
v 0.032919 1.017728 0.035639
v 0.025865 1.537332 0.041907
v 0.050735 1.522258 0.082204
v 0.073656 1.497779 0.119342
v 0.093747 1.464836 0.151894
v 0.110234 1.424696 0.178608
v 0.122486 1.378899 0.198459
v 0.130030 1.329207 0.210683
v 0.132578 1.277530 0.214810
v 0.130030 1.225852 0.210683
v 0.122486 1.176160 0.198459
v 0.110234 1.130364 0.178608
v 0.093747 1.090223 0.151894
v 0.073656 1.057280 0.119342
v 0.050735 1.032802 0.082204
v 0.025865 1.017728 0.041907
v 0.017816 1.537332 0.046565
v 0.034947 1.522258 0.091341
v 0.050735 1.497779 0.132606
v 0.064574 1.464836 0.168775
v 0.075931 1.424696 0.198459
v 0.084370 1.378899 0.220516
v 0.089567 1.329207 0.234098
v 0.091321 1.277530 0.238684
v 0.089567 1.225852 0.234098
v 0.084370 1.176160 0.220516
v 0.075931 1.130364 0.198459
v 0.064574 1.090223 0.168775
v 0.050735 1.057280 0.132606
v 0.034947 1.032802 0.091341
v 0.017816 1.017728 0.046565
v 0.009082 1.537332 0.049433
v 0.017816 1.522258 0.096967
v 0.025865 1.497779 0.140774
v 0.032919 1.464836 0.179171
v 0.038709 1.424696 0.210683
v 0.043011 1.378899 0.234098
v 0.045661 1.329207 0.248517
v 0.046555 1.277530 0.253386
v 0.045661 1.225852 0.248517
v 0.043011 1.176160 0.234098
v 0.038709 1.130364 0.210683
v 0.032919 1.090223 0.179171
v 0.025865 1.057280 0.140774
v 0.017816 1.032802 0.096967
v 0.009082 1.017728 0.049433
v 0.000000 1.537332 0.050402
v 0.000000 1.522258 0.098866
v 0.000000 1.497779 0.143532
v 0.000000 1.464836 0.182681
v 0.000000 1.424696 0.214810
v 0.000000 1.378899 0.238684
v 0.000000 1.329207 0.253386
v 0.000000 1.277530 0.258350
v 0.000000 1.225852 0.253386
v 0.000000 1.176160 0.238684
v 0.000000 1.130364 0.214810
v 0.000000 1.090223 0.182681
v 0.000000 1.057280 0.143532
v 0.000000 1.032802 0.098866
v 0.000000 1.017728 0.050402
v -0.009082 1.537332 0.049433
v -0.017816 1.522258 0.096967
v -0.025865 1.497779 0.140774
v -0.032919 1.464836 0.179171
v -0.038709 1.424696 0.210683
v -0.043011 1.378899 0.234098
v -0.045661 1.329207 0.248517
v -0.046555 1.277530 0.253386
v -0.045661 1.225852 0.248517
v -0.043011 1.176160 0.234098
v -0.038709 1.130364 0.210683
v -0.032919 1.090223 0.179171
v -0.025865 1.057280 0.140774
v -0.017816 1.032802 0.096967
v -0.009082 1.017728 0.049433
v -0.017816 1.537332 0.046565
v -0.034947 1.522258 0.091341
v -0.050735 1.497779 0.132606
v -0.064574 1.464836 0.168775
v -0.075931 1.424696 0.198459
v -0.084370 1.378899 0.220516
v -0.089567 1.329207 0.234098
v -0.091321 1.277530 0.238684
v -0.089567 1.225852 0.234098
v -0.084370 1.176160 0.220516
v -0.075931 1.130364 0.198459
v -0.064574 1.090223 0.168775
v -0.050735 1.057280 0.132606
v -0.034947 1.032802 0.091341
v -0.017816 1.017728 0.046565
v -0.025865 1.537332 0.041907
v -0.050735 1.522258 0.082204
v -0.073656 1.497779 0.119342
v -0.093747 1.464836 0.151894
v -0.110234 1.424696 0.178608
v -0.122486 1.378899 0.198459
v -0.130030 1.329207 0.210683
v -0.132578 1.277530 0.214810
v -0.130030 1.225852 0.210683
v -0.122486 1.176160 0.198459
v -0.110234 1.130364 0.178608
v -0.093747 1.090223 0.151894
v -0.073656 1.057280 0.119342
v -0.050735 1.032802 0.082204
v -0.025865 1.017728 0.041907
v -0.032919 1.537332 0.035639
v -0.064574 1.522258 0.069909
v -0.093747 1.497779 0.101492
v -0.119317 1.464836 0.129175
v -0.140302 1.424696 0.151894
v -0.155895 1.378899 0.168775
v -0.165497 1.329207 0.179171
v -0.168740 1.277530 0.182681
v -0.165497 1.225852 0.179171
v -0.155895 1.176160 0.168775
v -0.140302 1.130364 0.151894
v -0.119317 1.090223 0.129175
v -0.093747 1.057280 0.101492
v -0.064574 1.032802 0.069909
v -0.032919 1.017728 0.035639
v 0.000000 1.012638 -0.000000
v -0.038709 1.537332 0.028002
v -0.075931 1.522258 0.054927
v -0.110234 1.497779 0.079742
v -0.140302 1.464836 0.101492
v -0.164978 1.424696 0.119342
v -0.183313 1.378899 0.132606
v -0.194604 1.329207 0.140774
v -0.198417 1.277530 0.143531
v -0.194604 1.225852 0.140774
v -0.183313 1.176160 0.132606
v -0.164978 1.130364 0.119342
v -0.140302 1.090223 0.101492
v -0.110234 1.057280 0.079742
v -0.075931 1.032802 0.054927
v -0.038709 1.017728 0.028002
v -0.043011 1.537332 0.019288
v -0.084370 1.522258 0.037834
v -0.122486 1.497779 0.054927
v -0.155895 1.464836 0.069909
v -0.183313 1.424696 0.082204
v -0.203687 1.378899 0.091341
v -0.216233 1.329207 0.096967
v -0.220469 1.277530 0.098866
v -0.216233 1.225852 0.096967
v -0.203687 1.176160 0.091341
v -0.183313 1.130364 0.082204
v -0.155895 1.090223 0.069909
v -0.122486 1.057280 0.054927
v -0.084370 1.032802 0.037834
v -0.043011 1.017728 0.019288
v -0.045661 1.537332 0.009833
v -0.089567 1.522258 0.019288
v -0.130030 1.497779 0.028002
v -0.165497 1.464836 0.035639
v -0.194604 1.424696 0.041907
v -0.216233 1.378899 0.046565
v -0.229551 1.329207 0.049433
v -0.234049 1.277530 0.050401
v -0.229551 1.225852 0.049433
v -0.216233 1.176160 0.046565
v -0.194604 1.130364 0.041907
v -0.165497 1.090223 0.035639
v -0.130030 1.057280 0.028002
v -0.089567 1.032802 0.019288
v -0.045661 1.017728 0.009833
v -0.046555 1.537332 -0.000000
v -0.091321 1.522258 -0.000000
v -0.132578 1.497779 -0.000000
v -0.168740 1.464836 -0.000000
v -0.198417 1.424696 -0.000000
v -0.220469 1.378899 -0.000000
v -0.234049 1.329207 -0.000000
v -0.238634 1.277530 -0.000000
v -0.234049 1.225852 -0.000000
v -0.220469 1.176160 -0.000000
v -0.198417 1.130364 -0.000000
v -0.168740 1.090223 -0.000000
v -0.132578 1.057280 -0.000000
v -0.091321 1.032802 -0.000000
v -0.046555 1.017728 -0.000000
v -0.045661 1.537332 -0.009833
v -0.089567 1.522258 -0.019288
v -0.130030 1.497779 -0.028002
v -0.165497 1.464836 -0.035639
v -0.194604 1.424696 -0.041907
v -0.216233 1.378899 -0.046565
v -0.229551 1.329207 -0.049433
v -0.234048 1.277530 -0.050402
v -0.229551 1.225852 -0.049433
v -0.216233 1.176160 -0.046565
v -0.194604 1.130364 -0.041907
v -0.165497 1.090223 -0.035639
v -0.130030 1.057280 -0.028002
v -0.089567 1.032802 -0.019288
v -0.045661 1.017728 -0.009833
v -0.043011 1.537332 -0.019288
v -0.084370 1.522258 -0.037834
v -0.122486 1.497779 -0.054927
v -0.155895 1.464836 -0.069909
v -0.183313 1.424696 -0.082204
v -0.203687 1.378899 -0.091341
v -0.216233 1.329207 -0.096967
v -0.220469 1.277530 -0.098866
v -0.216233 1.225852 -0.096967
v -0.203687 1.176160 -0.091341
v -0.183313 1.130364 -0.082204
v -0.155895 1.090223 -0.069909
v -0.122486 1.057280 -0.054927
v -0.084370 1.032802 -0.037834
v -0.043011 1.017728 -0.019288
v -0.038709 1.537332 -0.028002
v -0.075931 1.522258 -0.054927
v -0.110234 1.497779 -0.079742
v -0.140302 1.464836 -0.101492
v -0.164978 1.424696 -0.119342
v -0.183313 1.378899 -0.132606
v -0.194604 1.329207 -0.140774
v -0.198417 1.277530 -0.143532
v -0.194604 1.225852 -0.140774
v -0.183313 1.176160 -0.132606
v -0.164978 1.130364 -0.119342
v -0.140302 1.090223 -0.101492
v -0.110234 1.057280 -0.079742
v -0.075931 1.032802 -0.054927
v -0.038709 1.017728 -0.028002
v -0.032919 1.537332 -0.035639
v -0.064574 1.522258 -0.069909
v -0.093747 1.497779 -0.101492
v -0.119317 1.464836 -0.129175
v -0.140302 1.424696 -0.151894
v -0.155895 1.378899 -0.168775
v -0.165497 1.329207 -0.179171
v -0.168739 1.277530 -0.182681
v -0.165497 1.225852 -0.179171
v -0.155895 1.176160 -0.168775
v -0.140302 1.130364 -0.151894
v -0.119317 1.090223 -0.129175
v -0.093747 1.057280 -0.101492
v -0.064574 1.032802 -0.069909
v -0.032919 1.017728 -0.035639
v -0.025865 1.537332 -0.041907
v -0.050735 1.522258 -0.082204
v -0.073656 1.497779 -0.119342
v -0.093747 1.464836 -0.151894
v -0.110234 1.424696 -0.178608
v -0.122486 1.378899 -0.198459
v -0.130030 1.329207 -0.210683
v -0.132578 1.277530 -0.214810
v -0.130030 1.225852 -0.210683
v -0.122486 1.176160 -0.198459
v -0.110234 1.130364 -0.178608
v -0.093747 1.090223 -0.151894
v -0.073656 1.057280 -0.119342
v -0.050735 1.032802 -0.082204
v -0.025865 1.017728 -0.041907
v -0.017816 1.537332 -0.046565
v -0.034947 1.522258 -0.091341
v -0.050735 1.497779 -0.132606
v -0.064574 1.464836 -0.168775
v -0.075931 1.424696 -0.198459
v -0.084370 1.378899 -0.220516
v -0.089566 1.329207 -0.234098
v -0.091321 1.277530 -0.238684
v -0.089566 1.225852 -0.234098
v -0.084370 1.176160 -0.220516
v -0.075931 1.130364 -0.198459
v -0.064574 1.090223 -0.168775
v -0.050735 1.057280 -0.132606
v -0.034947 1.032802 -0.091341
v -0.017816 1.017728 -0.046565
v -0.009082 1.537332 -0.049433
v -0.017816 1.522258 -0.096967
v -0.025865 1.497779 -0.140774
v -0.032919 1.464836 -0.179171
v -0.038709 1.424696 -0.210683
v -0.043011 1.378899 -0.234098
v -0.045661 1.329207 -0.248517
v -0.046555 1.277530 -0.253386
v -0.045661 1.225852 -0.248517
v -0.043011 1.176160 -0.234098
v -0.038709 1.130364 -0.210683
v -0.032919 1.090223 -0.179171
v -0.025865 1.057280 -0.140774
v -0.017816 1.032802 -0.096967
v -0.009082 1.017728 -0.049433
v 0.000000 1.537332 -0.050402
v 0.000000 1.522258 -0.098866
v 0.000000 1.464836 -0.182681
v 0.000000 1.378899 -0.238684
v 0.000000 1.176160 -0.238684
v 0.000000 1.090223 -0.182681
v 0.000000 1.057280 -0.143531
v 0.000000 1.032802 -0.098866
v 0.000000 1.017728 -0.050402
v -0.055625 0.727921 -1.059793
v -0.021650 0.333832 0.109699
v -0.026052 1.126111 0.108309
v 0.072869 0.727921 -1.059793
v 0.038894 0.333832 0.109699
v 0.043296 1.126111 0.108309
v -0.000161 -0.029882 -0.274131
v -0.000161 -0.167832 -0.411798
v -0.000161 -0.348072 -0.486303
v -0.000161 -0.445617 -0.495891
v 0.018869 0.044776 -0.092389
v 0.037168 0.016323 -0.184195
v 0.054032 -0.029882 -0.268804
v 0.068814 -0.092063 -0.342965
v 0.080945 -0.167832 -0.403826
v 0.089959 -0.254275 -0.449051
v 0.095510 -0.348072 -0.476900
v 0.097384 -0.445617 -0.486303
v 0.037168 0.044776 -0.086850
v 0.073062 0.016323 -0.173329
v 0.106143 -0.029882 -0.253029
v 0.135138 -0.092063 -0.322887
v 0.158934 -0.167832 -0.380217
v 0.176615 -0.254275 -0.422818
v 0.187504 -0.348072 -0.449051
v 0.191181 -0.445617 -0.457909
v 0.054032 0.044776 -0.077854
v 0.106143 0.016323 -0.155684
v 0.154168 -0.029882 -0.227412
v 0.196263 -0.092063 -0.290282
v 0.230809 -0.167832 -0.341878
v 0.256479 -0.254275 -0.380217
v 0.272286 -0.348072 -0.403826
v 0.277624 -0.445617 -0.411798
v 0.068814 0.044776 -0.065748
v 0.135138 0.016323 -0.131936
v 0.196263 -0.029882 -0.192936
v 0.249839 -0.092063 -0.246403
v 0.293808 -0.167832 -0.290282
v 0.326479 -0.254275 -0.322887
v 0.346599 -0.348072 -0.342965
v 0.353392 -0.445617 -0.349744
v 0.080945 0.044776 -0.050997
v 0.158934 0.016323 -0.103001
v 0.230809 -0.029882 -0.150928
v 0.293808 -0.092063 -0.192936
v 0.345510 -0.167832 -0.227411
v 0.383928 -0.254275 -0.253029
v 0.407585 -0.348072 -0.268804
v 0.415574 -0.445617 -0.274131
v -0.000161 0.054383 0.003086
v 0.089959 0.044776 -0.034167
v 0.176615 0.016323 -0.069988
v 0.256479 -0.029882 -0.103001
v 0.326480 -0.092063 -0.131936
v 0.383928 -0.167832 -0.155683
v 0.426615 -0.254275 -0.173329
v 0.452902 -0.348072 -0.184195
v 0.461778 -0.445617 -0.187864
v 0.095510 0.044776 -0.015906
v 0.187504 0.016323 -0.034167
v 0.272286 -0.029882 -0.050997
v 0.346599 -0.092063 -0.065748
v 0.407585 -0.167832 -0.077854
v 0.452902 -0.254275 -0.086850
v 0.480809 -0.348072 -0.092389
v 0.490231 -0.445617 -0.094260
v 0.097384 0.044776 0.003086
v 0.191181 0.016323 0.003086
v 0.277624 -0.029882 0.003086
v 0.353392 -0.092063 0.003086
v 0.415574 -0.167832 0.003086
v 0.461779 -0.254275 0.003086
v 0.490231 -0.348072 0.003086
v 0.499839 -0.445617 0.003086
v 0.095510 0.044776 0.022077
v 0.187504 0.016323 0.040338
v 0.272286 -0.029882 0.057168
v 0.346599 -0.092063 0.071919
v 0.407585 -0.167832 0.084026
v 0.452902 -0.254275 0.093021
v 0.480809 -0.348072 0.098561
v 0.490231 -0.445617 0.100431
v 0.089959 0.044776 0.040338
v 0.176615 0.016323 0.076159
v 0.256479 -0.029882 0.109172
v 0.326479 -0.092063 0.138108
v 0.383928 -0.167832 0.161855
v 0.426615 -0.254275 0.179500
v 0.452902 -0.348072 0.190367
v 0.461778 -0.445617 0.194036
v 0.080945 0.044776 0.057168
v 0.158934 0.016323 0.109172
v 0.230809 -0.029882 0.157099
v 0.293808 -0.092063 0.199107
v 0.345510 -0.167832 0.233583
v 0.383928 -0.254275 0.259200
v 0.407585 -0.348072 0.274976
v 0.415573 -0.445617 0.280302
v 0.068814 0.044776 0.071919
v 0.135138 0.016323 0.138108
v 0.196262 -0.029882 0.199107
v 0.249839 -0.092063 0.252574
v 0.293808 -0.167832 0.296453
v 0.326479 -0.254275 0.329058
v 0.346599 -0.348072 0.349136
v 0.353392 -0.445617 0.355915
v 0.054032 0.044776 0.084025
v 0.106143 0.016323 0.161855
v 0.154168 -0.029882 0.233583
v 0.196263 -0.092063 0.296453
v 0.230809 -0.167832 0.348049
v 0.256479 -0.254275 0.386388
v 0.272286 -0.348072 0.409998
v 0.277624 -0.445617 0.417969
v 0.037168 0.044776 0.093021
v 0.073062 0.016323 0.179501
v 0.106142 -0.029882 0.259200
v 0.135138 -0.092063 0.329058
v 0.158934 -0.167832 0.386388
v 0.176615 -0.254275 0.428989
v 0.187504 -0.348072 0.455222
v 0.191180 -0.445617 0.464080
v 0.018869 0.044776 0.098561
v 0.037168 0.016323 0.190367
v 0.054032 -0.029882 0.274975
v 0.068814 -0.092063 0.349136
v 0.080945 -0.167832 0.409998
v 0.089959 -0.254275 0.455222
v 0.095510 -0.348072 0.483071
v 0.097384 -0.445617 0.492474
v -0.000161 0.044776 0.100431
v -0.000161 0.016323 0.194036
v -0.000161 -0.029882 0.280302
v -0.000161 -0.092063 0.355915
v -0.000161 -0.167832 0.417969
v -0.000161 -0.254275 0.464080
v -0.000161 -0.348072 0.492474
v -0.000161 -0.445617 0.502062
v -0.019191 0.044776 0.098561
v -0.037490 0.016323 0.190367
v -0.054354 -0.029882 0.274975
v -0.069136 -0.092063 0.349136
v -0.081267 -0.167832 0.409998
v -0.090281 -0.254275 0.455222
v -0.095832 -0.348072 0.483071
v -0.097706 -0.445617 0.492474
v -0.037490 0.044776 0.093021
v -0.073385 0.016323 0.179500
v -0.106465 -0.029882 0.259200
v -0.135460 -0.092063 0.329058
v -0.159256 -0.167832 0.386388
v -0.176938 -0.254275 0.428989
v -0.187826 -0.348072 0.455222
v -0.191503 -0.445617 0.464080
v -0.054354 0.044776 0.084025
v -0.106465 0.016323 0.161855
v -0.154490 -0.029882 0.233583
v -0.196585 -0.092063 0.296453
v -0.231131 -0.167832 0.348049
v -0.256801 -0.254275 0.386388
v -0.272609 -0.348072 0.409997
v -0.277946 -0.445617 0.417969
v -0.069136 0.044776 0.071919
v -0.135460 0.016323 0.138108
v -0.196585 -0.029882 0.199107
v -0.250161 -0.092063 0.252574
v -0.294130 -0.167832 0.296453
v -0.326802 -0.254275 0.329058
v -0.346921 -0.348072 0.349136
v -0.353714 -0.445617 0.355915
v -0.081267 0.044776 0.057168
v -0.159256 0.016323 0.109172
v -0.231131 -0.029882 0.157099
v -0.294130 -0.092063 0.199107
v -0.345832 -0.167832 0.233583
v -0.384250 -0.254275 0.259200
v -0.407908 -0.348072 0.274975
v -0.415896 -0.445617 0.280302
v -0.090281 0.044776 0.040338
v -0.176938 0.016323 0.076159
v -0.256801 -0.029882 0.109172
v -0.326802 -0.092063 0.138108
v -0.384250 -0.167832 0.161855
v -0.426938 -0.254275 0.179500
v -0.453225 -0.348072 0.190366
v -0.462101 -0.445617 0.194035
v -0.095832 0.044776 0.022077
v -0.187826 0.016323 0.040338
v -0.272609 -0.029882 0.057168
v -0.346921 -0.092063 0.071919
v -0.407908 -0.167832 0.084025
v -0.453225 -0.254275 0.093021
v -0.481131 -0.348072 0.098561
v -0.490553 -0.445617 0.100431
v -0.097706 0.044776 0.003086
v -0.191503 0.016323 0.003086
v -0.277946 -0.029882 0.003086
v -0.353715 -0.092063 0.003086
v -0.415896 -0.167832 0.003086
v -0.462101 -0.254275 0.003086
v -0.490554 -0.348072 0.003086
v -0.500161 -0.445617 0.003085
v -0.095832 0.044776 -0.015906
v -0.187826 0.016323 -0.034167
v -0.272609 -0.029882 -0.050997
v -0.346921 -0.092063 -0.065748
v -0.407908 -0.167832 -0.077854
v -0.453225 -0.254275 -0.086850
v -0.481131 -0.348072 -0.092389
v -0.490553 -0.445617 -0.094260
v -0.090281 0.044776 -0.034167
v -0.176938 0.016323 -0.069988
v -0.256801 -0.029882 -0.103001
v -0.326802 -0.092063 -0.131936
v -0.384250 -0.167832 -0.155684
v -0.426938 -0.254275 -0.173329
v -0.453225 -0.348072 -0.184195
v -0.462100 -0.445617 -0.187864
v -0.081267 0.044776 -0.050997
v -0.159256 0.016323 -0.103001
v -0.231131 -0.029882 -0.150928
v -0.294130 -0.092063 -0.192936
v -0.345832 -0.167832 -0.227411
v -0.384250 -0.254275 -0.253029
v -0.407908 -0.348072 -0.268804
v -0.415895 -0.445617 -0.274131
v -0.069136 0.044776 -0.065748
v -0.135460 0.016323 -0.131936
v -0.196585 -0.029882 -0.192936
v -0.250161 -0.092063 -0.246403
v -0.294130 -0.167832 -0.290282
v -0.326802 -0.254275 -0.322886
v -0.346921 -0.348072 -0.342965
v -0.353714 -0.445617 -0.349744
v -0.054354 0.044776 -0.077854
v -0.106465 0.016323 -0.155683
v -0.154490 -0.029882 -0.227411
v -0.196585 -0.092063 -0.290282
v -0.231131 -0.167832 -0.341878
v -0.256801 -0.254275 -0.380217
v -0.272609 -0.348072 -0.403826
v -0.277946 -0.445617 -0.411798
v -0.037490 0.044776 -0.086850
v -0.073384 0.016323 -0.173329
v -0.106465 -0.029882 -0.253029
v -0.135460 -0.092063 -0.322886
v -0.159256 -0.167832 -0.380217
v -0.176938 -0.254275 -0.422817
v -0.187826 -0.348072 -0.449051
v -0.191502 -0.445617 -0.457908
v -0.019191 0.044776 -0.092389
v -0.037490 0.016323 -0.184195
v -0.054354 -0.029882 -0.268804
v -0.069136 -0.092063 -0.342965
v -0.081267 -0.167832 -0.403826
v -0.090281 -0.254275 -0.449051
v -0.095832 -0.348072 -0.476900
v -0.097706 -0.445617 -0.486303
v -0.000161 0.044776 -0.094260
v -0.000161 0.016323 -0.187864
v -0.000161 -0.092063 -0.349744
v -0.000161 -0.254275 -0.457908
v -0.000161 0.028412 -0.117786
v -0.000161 1.109785 -0.117786
v 0.021743 0.028412 -0.115256
v 0.021743 1.109785 -0.115256
v 0.042804 0.028412 -0.107761
v 0.042804 1.109785 -0.107761
v 0.062215 0.028412 -0.095591
v 0.062215 1.109785 -0.095591
v 0.079229 0.028412 -0.079212
v 0.079229 1.109785 -0.079212
v 0.093192 0.028412 -0.059254
v 0.093192 1.109785 -0.059254
v 0.103567 0.028412 -0.036485
v 0.103567 1.109785 -0.036485
v 0.109956 0.028412 -0.011778
v 0.109956 1.109785 -0.011778
v 0.112113 0.028412 0.013915
v 0.112113 1.109785 0.013915
v 0.109956 0.028412 0.039609
v 0.109956 1.109785 0.039609
v 0.103567 0.028412 0.064315
v 0.103567 1.109785 0.064315
v 0.093192 0.028412 0.087085
v 0.093192 1.109785 0.087085
v 0.079229 0.028412 0.107042
v 0.079229 1.109785 0.107042
v 0.062215 0.028412 0.123421
v 0.062215 1.109785 0.123421
v 0.042804 0.028412 0.135592
v 0.042804 1.109785 0.135592
v 0.021743 0.028412 0.143086
v 0.021743 1.109785 0.143086
v -0.000161 0.028412 0.145617
v -0.000161 1.109785 0.145617
v -0.022065 0.028412 0.143086
v -0.022065 1.109785 0.143086
v -0.043127 0.028412 0.135592
v -0.043127 1.109785 0.135592
v -0.062538 0.028412 0.123421
v -0.062538 1.109785 0.123421
v -0.079551 0.028412 0.107042
v -0.079551 1.109785 0.107042
v -0.093514 0.028412 0.087085
v -0.093514 1.109785 0.087085
v -0.103889 0.028412 0.064315
v -0.103889 1.109785 0.064315
v -0.110279 0.028412 0.039609
v -0.110279 1.109785 0.039609
v -0.112436 0.028412 0.013915
v -0.112436 1.109785 0.013915
v -0.110279 0.028412 -0.011778
v -0.110279 1.109785 -0.011778
v -0.103889 0.028412 -0.036485
v -0.103889 1.109785 -0.036485
v -0.093514 0.028412 -0.059254
v -0.093514 1.109785 -0.059254
v -0.079551 0.028412 -0.079212
v -0.079551 1.109785 -0.079212
v -0.062538 0.028412 -0.095591
v -0.062538 1.109785 -0.095591
v -0.043127 0.028412 -0.107761
v -0.043127 1.109785 -0.107761
v -0.022065 0.028412 -0.115256
v -0.022065 1.109785 -0.115256
vn 0.0830 -0.6227 -0.7780
vn 0.0830 0.6227 -0.7780
vn 0.0829 0.6227 -0.7780
vn 0.0685 -0.7634 -0.6423
vn 0.0941 0.4602 -0.8828
vn 0.0512 -0.8758 -0.4800
vn 0.1017 0.2822 -0.9539
vn 0.0316 -0.9544 -0.2968
vn 0.0317 -0.9544 -0.2969
vn 0.1055 0.0951 -0.9899
vn 0.0107 0.9949 -0.1005
vn 0.0107 -0.9949 -0.1005
vn 0.1055 -0.0951 -0.9899
vn 0.1056 -0.0951 -0.9899
vn 0.0316 0.9544 -0.2968
vn 0.0317 0.9544 -0.2968
vn 0.1017 -0.2822 -0.9539
vn 0.0512 0.8758 -0.4800
vn 0.0941 -0.4602 -0.8828
vn 0.0685 0.7634 -0.6423
vn 0.2774 -0.4579 -0.8446
vn 0.2023 0.7613 -0.6160
vn 0.2447 -0.6203 -0.7452
vn 0.2447 0.6203 -0.7452
vn 0.2023 -0.7613 -0.6160
vn 0.2774 0.4579 -0.8446
vn 0.1513 -0.8745 -0.4608
vn 0.2995 0.2806 -0.9119
vn 0.0937 -0.9539 -0.2853
vn 0.3106 0.0945 -0.9458
vn 0.0317 0.9948 -0.0966
vn 0.0317 -0.9948 -0.0966
vn 0.3106 -0.0945 -0.9458
vn 0.0937 0.9539 -0.2853
vn 0.2995 -0.2806 -0.9119
vn 0.1513 0.8745 -0.4608
vn 0.1514 0.8745 -0.4608
vn 0.1520 -0.9529 -0.2626
vn 0.4987 0.0934 -0.8617
vn 0.0515 0.9947 -0.0890
vn 0.0515 -0.9947 -0.0890
vn 0.4987 -0.0934 -0.8617
vn 0.1520 0.9529 -0.2626
vn 0.4812 -0.2776 -0.8315
vn 0.2451 0.8721 -0.4235
vn 0.2451 0.8721 -0.4236
vn 0.4463 -0.4537 -0.7713
vn 0.3269 0.7576 -0.5649
vn 0.3946 -0.6159 -0.6819
vn 0.3946 0.6159 -0.6819
vn 0.3269 -0.7576 -0.5649
vn 0.4463 0.4537 -0.7713
vn 0.2451 -0.8721 -0.4235
vn 0.4812 0.2776 -0.8315
vn 0.4372 0.7528 -0.4921
vn 0.4372 0.7528 -0.4920
vn 0.5262 -0.6103 -0.5922
vn 0.5262 0.6103 -0.5922
vn 0.4372 -0.7528 -0.4921
vn 0.5937 0.4484 -0.6682
vn 0.3287 -0.8690 -0.3699
vn 0.6388 0.2738 -0.7190
vn 0.6388 0.2739 -0.7190
vn 0.2043 -0.9515 -0.2299
vn 0.2042 -0.9515 -0.2299
vn 0.6614 0.0921 -0.7444
vn 0.0693 0.9945 -0.0780
vn 0.0693 -0.9945 -0.0780
vn 0.6614 -0.0921 -0.7444
vn 0.2043 0.9515 -0.2299
vn 0.2042 0.9515 -0.2299
vn 0.6388 -0.2738 -0.7190
vn 0.3287 0.8690 -0.3699
vn 0.5937 -0.4484 -0.6682
vn 0.7936 0.0907 -0.6016
vn 0.0844 0.9944 -0.0640
vn 0.0844 -0.9944 -0.0640
vn 0.7936 -0.0907 -0.6016
vn 0.2485 0.9501 -0.1884
vn 0.7673 -0.2700 -0.5817
vn 0.3990 0.8657 -0.3024
vn 0.7145 -0.4429 -0.5416
vn 0.5291 0.7478 -0.4011
vn 0.6349 -0.6043 -0.4813
vn 0.6349 0.6043 -0.4813
vn 0.5291 -0.7478 -0.4011
vn 0.7145 0.4429 -0.5416
vn 0.3989 -0.8657 -0.3024
vn 0.7673 0.2700 -0.5817
vn 0.2485 -0.9501 -0.1884
vn 0.7180 -0.5990 -0.3545
vn 0.7180 0.5990 -0.3545
vn 0.6000 -0.7432 -0.2962
vn 0.8061 0.4380 -0.3980
vn 0.4536 -0.8626 -0.2239
vn 0.8642 0.2665 -0.4267
vn 0.2831 -0.9488 -0.1398
vn 0.8931 0.0894 -0.4409
vn 0.0963 0.9942 -0.0475
vn 0.0963 -0.9942 -0.0475
vn 0.8931 -0.0894 -0.4409
vn 0.2831 0.9488 -0.1398
vn 0.8642 -0.2665 -0.4267
vn 0.4536 0.8626 -0.2239
vn 0.8061 -0.4380 -0.3980
vn 0.6000 0.7432 -0.2962
vn 0.1045 0.9941 -0.0293
vn 0.1045 -0.9941 -0.0293
vn 0.9591 -0.0885 -0.2687
vn 0.3069 0.9478 -0.0860
vn 0.9288 -0.2639 -0.2602
vn 0.9288 -0.2640 -0.2602
vn 0.4908 0.8603 -0.1375
vn 0.4909 0.8603 -0.1375
vn 0.8673 -0.4344 -0.2430
vn 0.6480 0.7397 -0.1816
vn 0.7739 -0.5950 -0.2168
vn 0.7739 0.5950 -0.2168
vn 0.6480 -0.7397 -0.1816
vn 0.8673 0.4343 -0.2430
vn 0.4908 -0.8603 -0.1375
vn 0.9288 0.2639 -0.2602
vn 0.3069 -0.9478 -0.0860
vn 0.3069 -0.9479 -0.0860
vn 0.9591 0.0885 -0.2687
vn 0.9591 0.0885 -0.2688
vn 0.8020 0.5929 -0.0730
vn 0.6722 -0.7379 -0.0612
vn 0.8980 0.4324 -0.0817
vn 0.5097 -0.8591 -0.0464
vn 0.5097 -0.8591 -0.0463
vn 0.9609 0.2626 -0.0874
vn 0.3190 -0.9473 -0.0290
vn 0.9920 0.0880 -0.0903
vn 0.9920 0.0880 -0.0902
vn 0.1087 0.9940 -0.0099
vn 0.1087 -0.9940 -0.0099
vn 0.9920 -0.0880 -0.0903
vn 0.3190 0.9473 -0.0290
vn 0.9609 -0.2626 -0.0874
vn 0.5097 0.8591 -0.0464
vn 0.8980 -0.4324 -0.0817
vn 0.6722 0.7379 -0.0612
vn 0.8020 -0.5929 -0.0730
vn 0.9920 -0.0880 0.0903
vn 0.3190 0.9473 0.0290
vn 0.9609 -0.2626 0.0874
vn 0.5097 0.8591 0.0464
vn 0.8980 -0.4324 0.0817
vn 0.6722 0.7379 0.0612
vn 0.8020 -0.5929 0.0730
vn 0.8020 0.5929 0.0730
vn 0.6722 -0.7379 0.0612
vn 0.8980 0.4324 0.0817
vn 0.5097 -0.8591 0.0464
vn 0.5097 -0.8591 0.0463
vn 0.9609 0.2626 0.0874
vn 0.3190 -0.9473 0.0290
vn 0.9920 0.0880 0.0903
vn 0.9920 0.0880 0.0902
vn 0.1087 0.9940 0.0099
vn 0.1087 -0.9940 0.0099
vn 0.6480 -0.7397 0.1816
vn 0.8673 0.4343 0.2430
vn 0.4908 -0.8603 0.1375
vn 0.9288 0.2639 0.2602
vn 0.9288 0.2640 0.2602
vn 0.3069 -0.9478 0.0860
vn 0.9591 0.0885 0.2687
vn 0.9591 0.0885 0.2688
vn 0.1045 0.9941 0.0293
vn 0.1045 -0.9941 0.0293
vn 0.9591 -0.0885 0.2687
vn 0.3069 0.9478 0.0860
vn 0.9288 -0.2639 0.2602
vn 0.4908 0.8603 0.1375
vn 0.4909 0.8603 0.1375
vn 0.8673 -0.4344 0.2430
vn 0.6480 0.7397 0.1816
vn 0.7739 -0.5950 0.2168
vn 0.7739 0.5950 0.2168
vn 0.8642 -0.2665 0.4267
vn 0.4536 0.8626 0.2239
vn 0.8061 -0.4380 0.3980
vn 0.6000 0.7432 0.2962
vn 0.7180 -0.5990 0.3545
vn 0.7180 0.5990 0.3545
vn 0.6000 -0.7432 0.2962
vn 0.8061 0.4380 0.3980
vn 0.4536 -0.8626 0.2239
vn 0.8642 0.2665 0.4267
vn 0.2831 -0.9488 0.1398
vn 0.8931 0.0894 0.4409
vn 0.0963 0.9942 0.0475
vn 0.0963 -0.9942 0.0475
vn 0.8931 -0.0894 0.4409
vn 0.2831 0.9488 0.1398
vn 0.3989 -0.8657 0.3024
vn 0.3990 -0.8657 0.3024
vn 0.7673 0.2700 0.5817
vn 0.2485 -0.9501 0.1884
vn 0.7936 0.0907 0.6016
vn 0.0844 0.9944 0.0640
vn 0.0844 -0.9944 0.0640
vn 0.7936 -0.0907 0.6016
vn 0.2485 0.9501 0.1884
vn 0.7673 -0.2700 0.5817
vn 0.3990 0.8657 0.3024
vn 0.7145 -0.4429 0.5416
vn 0.5291 0.7478 0.4011
vn 0.6349 -0.6043 0.4813
vn 0.6349 0.6043 0.4813
vn 0.5291 -0.7478 0.4011
vn 0.7145 0.4429 0.5416
vn 0.3287 0.8690 0.3699
vn 0.5937 -0.4484 0.6682
vn 0.5936 -0.4485 0.6682
vn 0.4372 0.7528 0.4921
vn 0.5262 -0.6103 0.5922
vn 0.5262 0.6103 0.5922
vn 0.4372 -0.7528 0.4921
vn 0.5937 0.4484 0.6682
vn 0.3287 -0.8690 0.3699
vn 0.6388 0.2738 0.7190
vn 0.6388 0.2739 0.7190
vn 0.2042 -0.9515 0.2299
vn 0.2043 -0.9515 0.2299
vn 0.6614 0.0921 0.7444
vn 0.0693 0.9945 0.0780
vn 0.0693 -0.9945 0.0780
vn 0.6614 -0.0921 0.7444
vn 0.2042 0.9515 0.2299
vn 0.2043 0.9515 0.2299
vn 0.6388 -0.2738 0.7190
vn 0.6388 -0.2739 0.7190
vn 0.4812 0.2776 0.8315
vn 0.1520 -0.9529 0.2626
vn 0.1520 -0.9528 0.2626
vn 0.4987 0.0934 0.8617
vn 0.0515 0.9947 0.0890
vn 0.0515 -0.9947 0.0890
vn 0.4987 -0.0934 0.8617
vn 0.1520 0.9529 0.2626
vn 0.4812 -0.2776 0.8315
vn 0.2451 0.8721 0.4235
vn 0.2451 0.8721 0.4236
vn 0.4463 -0.4537 0.7713
vn 0.3269 0.7576 0.5649
vn 0.3946 -0.6159 0.6819
vn 0.3946 0.6159 0.6819
vn 0.3269 -0.7576 0.5649
vn 0.4463 0.4537 0.7713
vn 0.2451 -0.8721 0.4235
vn 0.2774 -0.4579 0.8446
vn 0.2023 0.7613 0.6160
vn 0.2447 -0.6203 0.7452
vn 0.2447 0.6203 0.7452
vn 0.2023 -0.7613 0.6160
vn 0.2774 0.4579 0.8446
vn 0.1513 -0.8745 0.4608
vn 0.2995 0.2806 0.9119
vn 0.0937 -0.9539 0.2853
vn 0.3106 0.0945 0.9458
vn 0.0317 0.9948 0.0966
vn 0.0317 -0.9948 0.0966
vn 0.3106 -0.0945 0.9458
vn 0.0937 0.9539 0.2853
vn 0.2995 -0.2806 0.9119
vn 0.1513 0.8745 0.4608
vn 0.1514 0.8745 0.4608
vn 0.0316 -0.9544 0.2968
vn 0.0317 -0.9544 0.2968
vn 0.1055 0.0951 0.9899
vn 0.0107 0.9949 0.1005
vn 0.0107 -0.9949 0.1005
vn 0.1055 -0.0951 0.9899
vn 0.1056 -0.0951 0.9899
vn 0.0316 0.9544 0.2968
vn 0.0317 0.9544 0.2968
vn 0.1017 -0.2822 0.9539
vn 0.0512 0.8758 0.4800
vn 0.0941 -0.4602 0.8828
vn 0.0685 0.7634 0.6423
vn 0.0830 -0.6227 0.7780
vn 0.0830 0.6227 0.7780
vn 0.0829 0.6227 0.7780
vn 0.0685 -0.7634 0.6423
vn 0.0941 0.4602 0.8828
vn 0.0512 -0.8758 0.4800
vn 0.1017 0.2822 0.9539
vn -0.0685 0.7634 0.6423
vn -0.0830 -0.6227 0.7780
vn -0.0830 0.6227 0.7780
vn -0.0829 0.6227 0.7780
vn -0.0685 -0.7634 0.6423
vn -0.0941 0.4602 0.8828
vn -0.0512 -0.8758 0.4800
vn -0.1017 0.2822 0.9539
vn -0.0316 -0.9544 0.2968
vn -0.0317 -0.9544 0.2969
vn -0.1055 0.0951 0.9899
vn -0.0107 0.9949 0.1005
vn -0.0107 -0.9949 0.1005
vn -0.1055 -0.0951 0.9899
vn -0.1056 -0.0951 0.9899
vn -0.0316 0.9544 0.2968
vn -0.0317 0.9544 0.2968
vn -0.1017 -0.2822 0.9539
vn -0.0512 0.8758 0.4800
vn -0.0941 -0.4602 0.8828
vn -0.3106 0.0945 0.9458
vn -0.0317 0.9948 0.0966
vn -0.0317 -0.9948 0.0966
vn -0.3106 -0.0945 0.9458
vn -0.0937 0.9539 0.2853
vn -0.2995 -0.2806 0.9119
vn -0.1513 0.8745 0.4608
vn -0.1514 0.8745 0.4608
vn -0.2774 -0.4579 0.8446
vn -0.2023 0.7613 0.6160
vn -0.2447 -0.6203 0.7452
vn -0.2447 0.6203 0.7452
vn -0.2023 -0.7613 0.6160
vn -0.2774 0.4579 0.8446
vn -0.1513 -0.8745 0.4608
vn -0.2995 0.2806 0.9119
vn -0.0937 -0.9539 0.2853
vn -0.3946 -0.6159 0.6819
vn -0.3946 0.6159 0.6819
vn -0.3269 -0.7576 0.5649
vn -0.4463 0.4537 0.7713
vn -0.2451 -0.8721 0.4235
vn -0.4812 0.2776 0.8315
vn -0.1520 -0.9529 0.2626
vn -0.4987 0.0934 0.8617
vn -0.0515 0.9947 0.0890
vn -0.0515 -0.9947 0.0890
vn -0.4987 -0.0934 0.8617
vn -0.1520 0.9529 0.2626
vn -0.4812 -0.2776 0.8315
vn -0.2451 0.8721 0.4235
vn -0.2451 0.8721 0.4236
vn -0.4463 -0.4537 0.7713
vn -0.3269 0.7576 0.5649
vn -0.0693 -0.9945 0.0780
vn -0.6614 -0.0921 0.7444
vn -0.2043 0.9515 0.2299
vn -0.2042 0.9515 0.2299
vn -0.6388 -0.2738 0.7190
vn -0.3287 0.8690 0.3699
vn -0.5937 -0.4484 0.6682
vn -0.4372 0.7528 0.4921
vn -0.4372 0.7528 0.4920
vn -0.5262 -0.6103 0.5922
vn -0.5262 -0.6102 0.5922
vn -0.5262 0.6103 0.5922
vn -0.4372 -0.7528 0.4921
vn -0.5937 0.4484 0.6682
vn -0.3287 -0.8690 0.3699
vn -0.6388 0.2738 0.7190
vn -0.6388 0.2739 0.7190
vn -0.2043 -0.9515 0.2299
vn -0.2042 -0.9515 0.2299
vn -0.6614 0.0921 0.7444
vn -0.0693 0.9945 0.0780
vn -0.5291 -0.7478 0.4011
vn -0.7145 0.4429 0.5416
vn -0.3990 -0.8657 0.3024
vn -0.3989 -0.8657 0.3024
vn -0.7673 0.2700 0.5817
vn -0.2485 -0.9501 0.1884
vn -0.7936 0.0907 0.6016
vn -0.0844 0.9944 0.0640
vn -0.0844 -0.9944 0.0640
vn -0.7936 -0.0907 0.6016
vn -0.2485 0.9501 0.1884
vn -0.7673 -0.2700 0.5817
vn -0.3990 0.8657 0.3024
vn -0.7145 -0.4429 0.5416
vn -0.5291 0.7478 0.4011
vn -0.6349 -0.6043 0.4813
vn -0.6349 0.6043 0.4813
vn -0.2831 0.9488 0.1398
vn -0.8642 -0.2665 0.4267
vn -0.4536 0.8626 0.2239
vn -0.8061 -0.4380 0.3980
vn -0.6000 0.7432 0.2962
vn -0.7180 -0.5990 0.3545
vn -0.7180 0.5990 0.3545
vn -0.6000 -0.7432 0.2962
vn -0.8061 0.4380 0.3980
vn -0.4536 -0.8626 0.2239
vn -0.8642 0.2665 0.4267
vn -0.2831 -0.9488 0.1398
vn -0.8931 0.0894 0.4409
vn -0.0963 0.9942 0.0475
vn -0.0963 -0.9942 0.0475
vn -0.8931 -0.0894 0.4409
vn -0.8673 0.4343 0.2430
vn -0.4908 -0.8603 0.1375
vn -0.9288 0.2639 0.2602
vn -0.3069 -0.9478 0.0860
vn -0.9591 0.0885 0.2687
vn -0.9591 0.0885 0.2688
vn -0.1045 0.9941 0.0293
vn -0.1045 -0.9941 0.0293
vn -0.9591 -0.0885 0.2687
vn -0.3069 0.9478 0.0860
vn -0.9288 -0.2639 0.2602
vn -0.9288 -0.2640 0.2602
vn -0.4908 0.8603 0.1375
vn -0.4909 0.8603 0.1375
vn -0.8673 -0.4344 0.2430
vn -0.6480 0.7397 0.1816
vn -0.7739 -0.5950 0.2168
vn -0.7739 0.5950 0.2168
vn -0.6480 -0.7397 0.1816
vn -0.9609 -0.2626 0.0874
vn -0.5097 0.8591 0.0464
vn -0.8980 -0.4324 0.0817
vn -0.6722 0.7379 0.0612
vn -0.8020 -0.5929 0.0730
vn -0.8020 0.5929 0.0730
vn -0.6722 -0.7379 0.0612
vn -0.8980 0.4324 0.0817
vn -0.5097 -0.8591 0.0464
vn -0.9609 0.2626 0.0874
vn -0.3190 -0.9473 0.0290
vn -0.9920 0.0880 0.0903
vn -0.9920 0.0880 0.0902
vn -0.1087 0.9940 0.0099
vn -0.1087 -0.9940 0.0099
vn -0.9920 -0.0880 0.0903
vn -0.3190 0.9473 0.0290
vn -0.5097 -0.8591 -0.0464
vn -0.5097 -0.8591 -0.0463
vn -0.9609 0.2626 -0.0874
vn -0.3190 -0.9473 -0.0290
vn -0.9920 0.0880 -0.0903
vn -0.1087 0.9940 -0.0099
vn -0.1087 -0.9940 -0.0099
vn -0.9920 -0.0880 -0.0903
vn -0.3190 0.9473 -0.0290
vn -0.9609 -0.2626 -0.0874
vn -0.5097 0.8591 -0.0464
vn -0.8980 -0.4324 -0.0817
vn -0.6722 0.7379 -0.0612
vn -0.8020 -0.5929 -0.0730
vn -0.8020 0.5929 -0.0730
vn -0.6722 -0.7379 -0.0612
vn -0.8980 0.4324 -0.0817
vn -0.4908 0.8603 -0.1375
vn -0.8673 -0.4344 -0.2430
vn -0.6480 0.7397 -0.1816
vn -0.7739 -0.5950 -0.2168
vn -0.7739 0.5950 -0.2168
vn -0.6480 -0.7397 -0.1816
vn -0.8673 0.4343 -0.2430
vn -0.4908 -0.8603 -0.1375
vn -0.9288 0.2639 -0.2602
vn -0.9288 0.2640 -0.2602
vn -0.3069 -0.9478 -0.0860
vn -0.9591 0.0885 -0.2687
vn -0.1045 0.9941 -0.0293
vn -0.1045 -0.9941 -0.0293
vn -0.9591 -0.0885 -0.2687
vn -0.3069 0.9478 -0.0860
vn -0.9288 -0.2639 -0.2602
vn -0.8642 0.2665 -0.4267
vn -0.2831 -0.9488 -0.1398
vn -0.8931 0.0894 -0.4409
vn -0.0963 0.9942 -0.0475
vn -0.0963 -0.9942 -0.0475
vn -0.8931 -0.0894 -0.4409
vn -0.2831 0.9488 -0.1398
vn -0.8642 -0.2665 -0.4267
vn -0.4536 0.8626 -0.2239
vn -0.8061 -0.4380 -0.3980
vn -0.6000 0.7432 -0.2962
vn -0.7180 -0.5990 -0.3545
vn -0.7180 0.5990 -0.3545
vn -0.6000 -0.7432 -0.2962
vn -0.8061 0.4380 -0.3980
vn -0.4536 -0.8626 -0.2239
vn -0.7145 -0.4429 -0.5416
vn -0.5291 0.7478 -0.4011
vn -0.6349 -0.6043 -0.4813
vn -0.6349 0.6043 -0.4813
vn -0.5291 -0.7478 -0.4011
vn -0.7145 0.4429 -0.5416
vn -0.3990 -0.8657 -0.3024
vn -0.7673 0.2700 -0.5817
vn -0.2485 -0.9501 -0.1884
vn -0.7936 0.0907 -0.6016
vn -0.0844 0.9944 -0.0640
vn -0.0844 -0.9944 -0.0640
vn -0.7936 -0.0907 -0.6016
vn -0.2485 0.9501 -0.1884
vn -0.7673 -0.2700 -0.5817
vn -0.3990 0.8657 -0.3024
vn -0.2043 -0.9515 -0.2299
vn -0.2042 -0.9515 -0.2299
vn -0.6614 0.0921 -0.7444
vn -0.0693 0.9945 -0.0780
vn -0.0693 -0.9945 -0.0780
vn -0.6614 -0.0921 -0.7444
vn -0.2043 0.9515 -0.2299
vn -0.2042 0.9515 -0.2299
vn -0.6388 -0.2738 -0.7190
vn -0.6388 -0.2739 -0.7190
vn -0.3287 0.8690 -0.3699
vn -0.5937 -0.4484 -0.6682
vn -0.5936 -0.4485 -0.6682
vn -0.4372 0.7528 -0.4921
vn -0.5262 -0.6103 -0.5922
vn -0.5262 0.6103 -0.5922
vn -0.4372 -0.7528 -0.4921
vn -0.5937 0.4484 -0.6682
vn -0.3287 -0.8690 -0.3699
vn -0.6388 0.2738 -0.7190
vn -0.6388 0.2739 -0.7190
vn -0.3946 -0.6159 -0.6819
vn -0.3946 0.6159 -0.6819
vn -0.3269 -0.7576 -0.5649
vn -0.4463 0.4537 -0.7713
vn -0.2451 -0.8721 -0.4235
vn -0.4812 0.2776 -0.8315
vn -0.1520 -0.9529 -0.2626
vn -0.4987 0.0934 -0.8617
vn -0.0515 0.9947 -0.0890
vn -0.0515 -0.9947 -0.0890
vn -0.4987 -0.0934 -0.8617
vn -0.1520 0.9529 -0.2626
vn -0.4812 -0.2776 -0.8315
vn -0.2451 0.8721 -0.4236
vn -0.2451 0.8721 -0.4235
vn -0.4463 -0.4537 -0.7713
vn -0.3269 0.7576 -0.5649
vn -0.0317 0.9948 -0.0966
vn -0.0317 -0.9948 -0.0966
vn -0.3106 -0.0945 -0.9458
vn -0.0937 0.9539 -0.2853
vn -0.2995 -0.2806 -0.9119
vn -0.1514 0.8745 -0.4608
vn -0.1513 0.8745 -0.4608
vn -0.2774 -0.4579 -0.8446
vn -0.2023 0.7613 -0.6160
vn -0.2447 -0.6203 -0.7452
vn -0.2447 0.6203 -0.7452
vn -0.2023 -0.7613 -0.6160
vn -0.2774 0.4579 -0.8446
vn -0.1513 -0.8745 -0.4608
vn -0.2995 0.2806 -0.9119
vn -0.0937 -0.9539 -0.2853
vn -0.3106 0.0945 -0.9458
vn -0.0830 0.6227 -0.7780
vn -0.0829 0.6227 -0.7780
vn -0.0685 -0.7634 -0.6423
vn -0.0941 0.4602 -0.8828
vn -0.0512 -0.8758 -0.4800
vn -0.1017 0.2822 -0.9539
vn -0.0316 -0.9544 -0.2968
vn -0.0317 -0.9544 -0.2968
vn -0.1055 0.0951 -0.9899
vn -0.0107 0.9949 -0.1005
vn -0.0107 -0.9949 -0.1005
vn -0.1055 -0.0951 -0.9899
vn -0.1056 -0.0951 -0.9899
vn -0.0317 0.9544 -0.2968
vn -0.0316 0.9544 -0.2968
vn -0.1017 -0.2822 -0.9539
vn -0.0512 0.8758 -0.4800
vn -0.0941 -0.4602 -0.8828
vn -0.0685 0.7634 -0.6423
vn -0.0830 -0.6227 -0.7780
vn 0.0829 -0.6227 -0.7780
vn 0.1056 0.0951 -0.9899
vn 0.3269 -0.7576 -0.5650
vn 0.4372 -0.7528 -0.4920
vn 0.6388 -0.2739 -0.7190
vn 0.9591 -0.0885 -0.2688
vn 0.6480 0.7397 -0.1815
vn 0.9288 0.2640 -0.2602
vn 0.8019 0.5929 -0.0730
vn 0.9920 -0.0880 -0.0902
vn 0.9920 -0.0880 0.0902
vn 0.9591 -0.0885 0.2688
vn 0.9288 -0.2640 0.2602
vn 0.5262 -0.6102 0.5922
vn 0.1056 0.0951 0.9899
vn 0.0829 -0.6227 0.7780
vn -0.0829 -0.6227 0.7780
vn -0.1056 0.0951 0.9899
vn -0.3269 -0.7576 0.5650
vn -0.1520 -0.9528 0.2626
vn -0.6388 -0.2739 0.7190
vn -0.5937 -0.4485 0.6682
vn -0.4372 -0.7528 0.4920
vn -0.9288 0.2640 0.2602
vn -0.3069 -0.9479 0.0860
vn -0.9591 -0.0885 0.2688
vn -0.6480 0.7397 0.1815
vn -0.8019 0.5929 0.0730
vn -0.9920 -0.0880 0.0902
vn -0.9288 -0.2640 -0.2602
vn -0.7936 -0.0906 -0.6016
vn -0.5262 -0.6102 -0.5922
vn -0.1056 0.0951 -0.9899
vn -0.0829 -0.6227 -0.7780
vn -0.9996 -0.0055 0.0272
vn 0.9996 -0.0055 0.0272
vn -0.0000 -0.9476 -0.3193
vn -0.0000 0.9465 -0.3227
vn -0.0000 0.0018 1.0000
vn 0.0758 0.6318 -0.7714
vn 0.0864 0.4689 -0.8790
vn 0.0937 0.2885 -0.9529
vn 0.0974 0.0974 -0.9905
vn 0.0974 0.0973 -0.9905
vn 0.0097 0.9951 -0.0982
vn 0.0286 0.9564 -0.2907
vn 0.0464 0.8806 -0.4716
vn 0.0623 0.7709 -0.6339
vn 0.1373 0.8806 -0.4535
vn 0.1845 0.7709 -0.6096
vn 0.2246 0.6318 -0.7418
vn 0.2559 0.4689 -0.8453
vn 0.2774 0.2885 -0.9164
vn 0.2884 0.0974 -0.9526
vn 0.0286 0.9951 -0.0944
vn 0.0846 0.9564 -0.2795
vn 0.4506 0.2886 -0.8448
vn 0.4684 0.0974 -0.8781
vn 0.0464 0.9951 -0.0870
vn 0.1374 0.9564 -0.2576
vn 0.2230 0.8807 -0.4180
vn 0.2997 0.7710 -0.5619
vn 0.3648 0.6320 -0.6838
vn 0.4157 0.4690 -0.7792
vn 0.4034 0.7711 -0.4926
vn 0.4910 0.6321 -0.5995
vn 0.5595 0.4692 -0.6832
vn 0.6066 0.2887 -0.7407
vn 0.6306 0.0974 -0.7700
vn 0.0625 0.9951 -0.0763
vn 0.1850 0.9564 -0.2258
vn 0.1849 0.9564 -0.2258
vn 0.3001 0.8807 -0.3664
vn 0.7687 0.0975 -0.6321
vn 0.0761 0.9951 -0.0626
vn 0.2254 0.9565 -0.1853
vn 0.3657 0.8808 -0.3007
vn 0.4916 0.7712 -0.4043
vn 0.5984 0.6322 -0.4921
vn 0.6820 0.4693 -0.5609
vn 0.7395 0.2888 -0.6081
vn 0.6829 0.6324 -0.3658
vn 0.7783 0.4695 -0.4169
vn 0.8439 0.2889 -0.4520
vn 0.8773 0.0975 -0.4699
vn 0.0869 0.9951 -0.0465
vn 0.2571 0.9565 -0.1377
vn 0.4173 0.8809 -0.2235
vn 0.5610 0.7714 -0.3005
vn 0.0942 0.9951 -0.0286
vn 0.2790 0.9565 -0.0848
vn 0.4528 0.8809 -0.1376
vn 0.6088 0.7715 -0.1850
vn 0.7411 0.6325 -0.2253
vn 0.8447 0.4696 -0.2568
vn 0.9160 0.2890 -0.2784
vn 0.9522 0.0975 -0.2894
vn 0.7708 0.6326 -0.0761
vn 0.8786 0.4696 -0.0867
vn 0.9527 0.2890 -0.0940
vn 0.9904 0.0975 -0.0977
vn 0.9904 0.0976 -0.0978
vn 0.0980 0.9951 -0.0097
vn 0.2902 0.9565 -0.0286
vn 0.4709 0.8810 -0.0465
vn 0.6332 0.7715 -0.0625
vn 0.6331 0.7715 -0.0625
vn 0.2902 0.9565 0.0286
vn 0.4709 0.8810 0.0465
vn 0.6331 0.7715 0.0625
vn 0.6332 0.7715 0.0625
vn 0.7708 0.6326 0.0761
vn 0.8786 0.4696 0.0867
vn 0.9527 0.2890 0.0940
vn 0.9904 0.0975 0.0977
vn 0.9904 0.0976 0.0978
vn 0.0980 0.9951 0.0097
vn 0.8447 0.4696 0.2568
vn 0.9160 0.2890 0.2784
vn 0.9522 0.0975 0.2894
vn 0.0942 0.9951 0.0286
vn 0.2790 0.9565 0.0848
vn 0.4528 0.8809 0.1376
vn 0.6088 0.7715 0.1850
vn 0.6088 0.7715 0.1851
vn 0.7411 0.6325 0.2253
vn 0.2571 0.9565 0.1377
vn 0.4173 0.8809 0.2235
vn 0.5610 0.7714 0.3005
vn 0.6829 0.6324 0.3657
vn 0.7783 0.4695 0.4169
vn 0.8439 0.2889 0.4520
vn 0.8773 0.0975 0.4699
vn 0.0869 0.9951 0.0465
vn 0.6820 0.4693 0.5609
vn 0.7395 0.2888 0.6081
vn 0.7687 0.0975 0.6321
vn 0.0761 0.9951 0.0626
vn 0.2254 0.9565 0.1853
vn 0.3657 0.8808 0.3007
vn 0.4916 0.7713 0.4043
vn 0.4916 0.7712 0.4043
vn 0.5984 0.6322 0.4921
vn 0.3001 0.8807 0.3664
vn 0.4034 0.7711 0.4926
vn 0.4910 0.6321 0.5995
vn 0.5595 0.4692 0.6832
vn 0.6066 0.2887 0.7407
vn 0.6306 0.0974 0.7700
vn 0.0625 0.9951 0.0763
vn 0.1849 0.9565 0.2258
vn 0.1850 0.9564 0.2258
vn 0.4506 0.2886 0.8448
vn 0.4684 0.0974 0.8781
vn 0.0464 0.9951 0.0870
vn 0.1374 0.9564 0.2576
vn 0.2230 0.8807 0.4180
vn 0.2997 0.7710 0.5619
vn 0.3648 0.6320 0.6838
vn 0.4157 0.4690 0.7792
vn 0.1845 0.7709 0.6096
vn 0.2246 0.6318 0.7418
vn 0.2559 0.4689 0.8453
vn 0.2774 0.2885 0.9164
vn 0.2884 0.0974 0.9526
vn 0.0286 0.9951 0.0944
vn 0.0846 0.9564 0.2795
vn 0.1373 0.8806 0.4535
vn 0.0974 0.0974 0.9905
vn 0.0974 0.0973 0.9905
vn 0.0097 0.9951 0.0982
vn 0.0286 0.9564 0.2907
vn 0.0464 0.8806 0.4716
vn 0.0623 0.7709 0.6339
vn 0.0758 0.6318 0.7714
vn 0.0864 0.4689 0.8790
vn 0.0937 0.2885 0.9529
vn -0.0623 0.7709 0.6339
vn -0.0758 0.6318 0.7714
vn -0.0864 0.4689 0.8790
vn -0.0937 0.2885 0.9529
vn -0.0974 0.0974 0.9905
vn -0.0974 0.0973 0.9905
vn -0.0097 0.9951 0.0982
vn -0.0286 0.9564 0.2907
vn -0.0464 0.8806 0.4716
vn -0.2884 0.0974 0.9526
vn -0.0286 0.9951 0.0944
vn -0.0846 0.9564 0.2795
vn -0.1373 0.8806 0.4535
vn -0.1845 0.7709 0.6096
vn -0.2246 0.6318 0.7418
vn -0.2559 0.4689 0.8453
vn -0.2774 0.2885 0.9164
vn -0.3648 0.6320 0.6838
vn -0.4157 0.4690 0.7792
vn -0.4506 0.2886 0.8448
vn -0.4684 0.0974 0.8781
vn -0.0464 0.9951 0.0870
vn -0.1374 0.9564 0.2576
vn -0.2230 0.8807 0.4180
vn -0.2997 0.7710 0.5619
vn -0.0625 0.9951 0.0763
vn -0.1850 0.9564 0.2258
vn -0.1849 0.9564 0.2258
vn -0.3001 0.8807 0.3664
vn -0.4034 0.7711 0.4926
vn -0.4910 0.6321 0.5995
vn -0.5595 0.4692 0.6832
vn -0.6066 0.2887 0.7407
vn -0.6306 0.0974 0.7700
vn -0.5984 0.6322 0.4921
vn -0.6820 0.4693 0.5609
vn -0.7395 0.2888 0.6081
vn -0.7687 0.0975 0.6321
vn -0.0761 0.9951 0.0626
vn -0.2254 0.9565 0.1853
vn -0.3657 0.8808 0.3007
vn -0.4916 0.7712 0.4043
vn -0.2571 0.9565 0.1377
vn -0.4173 0.8809 0.2235
vn -0.5610 0.7714 0.3005
vn -0.6829 0.6324 0.3658
vn -0.7783 0.4695 0.4169
vn -0.8439 0.2889 0.4520
vn -0.8773 0.0975 0.4699
vn -0.0869 0.9951 0.0465
vn -0.8447 0.4696 0.2568
vn -0.9160 0.2890 0.2784
vn -0.9522 0.0975 0.2894
vn -0.0942 0.9951 0.0286
vn -0.2790 0.9565 0.0848
vn -0.4528 0.8809 0.1376
vn -0.6088 0.7715 0.1851
vn -0.6088 0.7715 0.1850
vn -0.7411 0.6325 0.2253
vn -0.4709 0.8810 0.0465
vn -0.6331 0.7715 0.0625
vn -0.6332 0.7715 0.0625
vn -0.7708 0.6326 0.0761
vn -0.7708 0.6325 0.0761
vn -0.8786 0.4696 0.0867
vn -0.9527 0.2890 0.0940
vn -0.9904 0.0975 0.0978
vn -0.0980 0.9951 0.0097
vn -0.2902 0.9565 0.0286
vn -0.9527 0.2890 -0.0940
vn -0.9904 0.0975 -0.0978
vn -0.0980 0.9951 -0.0097
vn -0.2902 0.9565 -0.0286
vn -0.4709 0.8810 -0.0465
vn -0.6332 0.7715 -0.0625
vn -0.6331 0.7715 -0.0625
vn -0.7708 0.6326 -0.0761
vn -0.7708 0.6325 -0.0761
vn -0.8786 0.4696 -0.0867
vn -0.4528 0.8809 -0.1376
vn -0.6088 0.7715 -0.1851
vn -0.7411 0.6325 -0.2253
vn -0.8447 0.4696 -0.2568
vn -0.9160 0.2890 -0.2784
vn -0.9522 0.0975 -0.2894
vn -0.0942 0.9951 -0.0286
vn -0.2790 0.9565 -0.0848
vn -0.8439 0.2889 -0.4520
vn -0.8773 0.0975 -0.4699
vn -0.0869 0.9951 -0.0465
vn -0.2571 0.9565 -0.1377
vn -0.4173 0.8809 -0.2235
vn -0.5610 0.7714 -0.3005
vn -0.6829 0.6324 -0.3658
vn -0.7783 0.4695 -0.4169
vn -0.4916 0.7712 -0.4043
vn -0.5984 0.6322 -0.4921
vn -0.6820 0.4693 -0.5609
vn -0.7395 0.2888 -0.6081
vn -0.7687 0.0975 -0.6321
vn -0.0761 0.9951 -0.0626
vn -0.2254 0.9565 -0.1853
vn -0.3657 0.8808 -0.3007
vn -0.6306 0.0974 -0.7700
vn -0.0625 0.9951 -0.0763
vn -0.1849 0.9564 -0.2258
vn -0.1850 0.9564 -0.2258
vn -0.3001 0.8807 -0.3664
vn -0.4034 0.7711 -0.4926
vn -0.4910 0.6321 -0.5995
vn -0.5595 0.4692 -0.6832
vn -0.5596 0.4692 -0.6832
vn -0.6066 0.2887 -0.7407
vn -0.2997 0.7710 -0.5619
vn -0.3647 0.6320 -0.6838
vn -0.3648 0.6320 -0.6838
vn -0.4157 0.4690 -0.7792
vn -0.4506 0.2886 -0.8448
vn -0.4684 0.0974 -0.8781
vn -0.0464 0.9951 -0.0870
vn -0.1374 0.9564 -0.2576
vn -0.2230 0.8807 -0.4180
vn -0.2884 0.0974 -0.9526
vn -0.0286 0.9951 -0.0944
vn -0.0846 0.9564 -0.2795
vn -0.1373 0.8806 -0.4535
vn -0.1845 0.7709 -0.6096
vn -0.1846 0.7709 -0.6096
vn -0.2246 0.6318 -0.7418
vn -0.2559 0.4689 -0.8453
vn -0.2774 0.2885 -0.9164
vn -0.0758 0.6318 -0.7714
vn -0.0864 0.4689 -0.8790
vn -0.0937 0.2885 -0.9529
vn -0.0974 0.0974 -0.9905
vn -0.0974 0.0973 -0.9905
vn -0.0097 0.9951 -0.0982
vn -0.0286 0.9564 -0.2907
vn -0.0464 0.8806 -0.4716
vn -0.0623 0.7709 -0.6339
vn -0.0000 -1.0000 -0.0000
vn 0.0973 0.0974 -0.9905
vn 0.1849 0.9565 -0.2258
vn 0.4916 0.7713 -0.4043
vn 0.9522 0.0975 -0.2895
vn 0.7708 0.6325 -0.0761
vn 0.7708 0.6325 0.0761
vn 0.9522 0.0975 0.2895
vn 0.0973 0.0974 0.9905
vn -0.0973 0.0974 0.9905
vn -0.4157 0.4691 0.7792
vn -0.1849 0.9565 0.2258
vn -0.4916 0.7713 0.4043
vn -0.4916 0.7713 -0.4043
vn -0.0973 0.0974 -0.9905
vn 0.1147 -0.0000 -0.9934
vn 0.3353 -0.0000 -0.9421
vn 0.5312 -0.0000 -0.8472
vn 0.6935 -0.0000 -0.7204
vn 0.8194 -0.0000 -0.5733
vn 0.9100 -0.0000 -0.4146
vn 0.9682 -0.0000 -0.2504
vn 0.9965 -0.0000 -0.0837
vn 0.9965 -0.0000 0.0837
vn 0.9682 -0.0000 0.2504
vn 0.9100 -0.0000 0.4146
vn 0.8194 -0.0000 0.5733
vn 0.6935 -0.0000 0.7204
vn 0.5312 -0.0000 0.8472
vn 0.3352 -0.0000 0.9421
vn 0.1148 -0.0000 0.9934
vn -0.1148 -0.0000 0.9934
vn -0.3352 -0.0000 0.9421
vn -0.5312 -0.0000 0.8472
vn -0.6936 -0.0000 0.7204
vn -0.8194 -0.0000 0.5733
vn -0.9100 -0.0000 0.4146
vn -0.9681 -0.0000 0.2504
vn -0.9965 -0.0000 0.0837
vn -0.9965 -0.0000 -0.0837
vn -0.9681 -0.0000 -0.2504
vn -0.9100 -0.0000 -0.4146
vn -0.8194 -0.0000 -0.5733
vn -0.6936 -0.0000 -0.7204
vn -0.5312 -0.0000 -0.8472
vn -0.0000 1.0000 -0.0000
vn -0.3353 -0.0000 -0.9421
vn -0.1147 -0.0000 -0.9934
vt 0.757811 0.907127
vt 0.745099 0.925487
vt 0.745964 0.907127
vt 0.585416 0.925508
vt 0.572704 0.907148
vt 0.586635 0.907148
vt 0.701334 0.904745
vt 0.690539 0.886494
vt 0.699848 0.886494
vt 0.880960 0.875782
vt 0.866123 0.894243
vt 0.865480 0.875782
vt 0.235368 0.965401
vt 0.227262 0.947252
vt 0.233674 0.947252
vt 0.324433 0.864856
vt 0.308395 0.883393
vt 0.307999 0.864856
vt 0.469928 0.863361
vt 0.475035 0.881431
vt 0.471766 0.881431
vt 0.287859 0.864854
vt 0.304426 0.883433
vt 0.287671 0.883433
vt 0.610788 0.927494
vt 0.610788 0.945623
vt 0.607538 0.927839
vt 0.610788 0.965919
vt 0.607529 0.948085
vt 0.610788 0.947840
vt 0.880960 0.873566
vt 0.864338 0.854987
vt 0.880772 0.854987
vt 0.142850 0.939696
vt 0.137743 0.957767
vt 0.136438 0.939696
vt 0.385649 0.883398
vt 0.369612 0.864861
vt 0.385091 0.864861
vt 0.951782 0.408604
vt 0.959889 0.390455
vt 0.961091 0.408604
vt 0.824099 0.896488
vt 0.838936 0.914948
vt 0.825004 0.914948
vt 0.517404 0.945856
vt 0.528198 0.927606
vt 0.529252 0.945856
vt 0.122308 0.898651
vt 0.107881 0.917087
vt 0.108287 0.898651
vt 0.939260 0.896359
vt 0.949294 0.914542
vt 0.937371 0.914542
vt 0.933875 0.390323
vt 0.921404 0.408638
vt 0.921951 0.390323
vt 0.923780 0.424188
vt 0.936251 0.442503
vt 0.922230 0.442503
vt 0.657735 0.927717
vt 0.647700 0.945900
vt 0.648367 0.927717
vt 0.002260 0.898651
vt 0.016687 0.917087
vt 0.001108 0.917087
vt 0.524617 0.948072
vt 0.517404 0.966133
vt 0.518164 0.948073
vt 0.551540 0.865767
vt 0.535252 0.884294
vt 0.535002 0.865767
vt 0.967890 0.855152
vt 0.973518 0.873118
vt 0.970228 0.873118
vt 0.842220 0.873564
vt 0.825598 0.854987
vt 0.842460 0.854987
vt 0.493608 0.948113
vt 0.490322 0.965891
vt 0.490322 0.947955
vt 0.759163 0.945783
vt 0.759163 0.927704
vt 0.762423 0.928146
vt 0.862780 0.429694
vt 0.846002 0.411117
vt 0.862540 0.411117
vt 0.739492 0.966057
vt 0.735377 0.948091
vt 0.741830 0.948091
vt 0.389013 0.864861
vt 0.405302 0.883389
vt 0.389722 0.883389
vt 0.958461 0.855152
vt 0.965674 0.873213
vt 0.956305 0.873213
vt 0.033358 0.977631
vt 0.037166 0.959853
vt 0.036687 0.977631
vt 0.386274 0.844069
vt 0.369265 0.862645
vt 0.369216 0.844070
vt 0.985004 0.444983
vt 0.982176 0.462694
vt 0.981676 0.444983
vt 0.476006 0.984534
vt 0.473178 0.966823
vt 0.476506 0.966823
vt 0.186796 0.844067
vt 0.203805 0.862643
vt 0.187075 0.862643
vt 0.980367 0.893539
vt 0.976559 0.875760
vt 0.983087 0.875760
vt 0.703117 0.884278
vt 0.686532 0.865767
vt 0.702292 0.865767
vt 0.807747 0.957733
vt 0.814718 0.975635
vt 0.805241 0.975635
vt 0.362976 0.906275
vt 0.348556 0.924667
vt 0.348792 0.906275
vt 0.092282 0.939834
vt 0.102148 0.957896
vt 0.090085 0.957897
vt 0.281147 0.926801
vt 0.268766 0.945035
vt 0.269084 0.926801
vt 0.179134 0.945067
vt 0.166753 0.926833
vt 0.180937 0.926833
vt 0.003304 0.957759
vt 0.013170 0.939697
vt 0.012782 0.957759
vt 0.904103 0.834233
vt 0.918524 0.852625
vt 0.902764 0.852625
vt 0.871461 0.957741
vt 0.864490 0.975642
vt 0.864933 0.957741
vt 0.608381 0.865766
vt 0.591797 0.884278
vt 0.591651 0.865766
vt 0.700000 0.966028
vt 0.690121 0.948117
vt 0.702362 0.948117
vt 0.362950 0.945017
vt 0.348770 0.926883
vt 0.361011 0.926883
vt 0.478737 0.945739
vt 0.492917 0.927606
vt 0.493131 0.945739
vt 0.582582 0.948124
vt 0.572704 0.966035
vt 0.572964 0.948124
vt 0.201349 0.924617
vt 0.186796 0.906280
vt 0.202790 0.906280
vt 0.980996 0.366543
vt 0.974074 0.384246
vt 0.974371 0.366543
vt 0.743724 0.884257
vt 0.760605 0.865766
vt 0.760703 0.884257
vt 0.759146 0.985845
vt 0.762846 0.968302
vt 0.762523 0.985845
vt 0.226970 0.862639
vt 0.244248 0.844067
vt 0.244282 0.862639
vt 0.989285 0.287112
vt 0.986243 0.304567
vt 0.985908 0.287112
vt 0.493764 0.985687
vt 0.490721 0.968232
vt 0.494099 0.968232
vt 0.842909 0.852771
vt 0.825631 0.834198
vt 0.842610 0.834198
vt 0.448173 0.985021
vt 0.444472 0.967479
vt 0.451097 0.967479
vt 0.783454 0.894269
vt 0.766572 0.875778
vt 0.782566 0.875778
vt 0.976769 0.346623
vt 0.983692 0.364327
vt 0.974074 0.364327
vt 0.390455 0.924628
vt 0.405007 0.906291
vt 0.404848 0.924628
vt 0.784056 0.834198
vt 0.766513 0.852768
vt 0.766475 0.834198
vt 0.848205 0.977705
vt 0.845159 0.994895
vt 0.844775 0.977705
vt 0.363509 0.984782
vt 0.363509 0.967324
vt 0.366886 0.967922
vt 0.346340 0.841853
vt 0.328796 0.823283
vt 0.346040 0.823283
vt 0.733160 0.968368
vt 0.726800 0.985667
vt 0.726432 0.968368
vt 0.467800 0.904077
vt 0.450668 0.885608
vt 0.466911 0.885608
vt 0.478737 0.985731
vt 0.488166 0.968232
vt 0.488505 0.985731
vt 0.283565 0.906304
vt 0.268766 0.924585
vt 0.268947 0.906304
vt 0.767680 0.957731
vt 0.777745 0.975487
vt 0.765313 0.975487
vt 0.954089 0.873183
vt 0.939714 0.855152
vt 0.952146 0.855152
vt 0.952699 0.937214
vt 0.938324 0.955244
vt 0.938080 0.937214
vt 0.854840 0.957733
vt 0.844775 0.975489
vt 0.845073 0.957733
vt 0.240859 0.924585
vt 0.226059 0.906304
vt 0.242302 0.906304
vt 0.657468 0.985743
vt 0.648039 0.968245
vt 0.654768 0.968245
vt 0.883304 0.852703
vt 0.900436 0.834234
vt 0.900547 0.852703
vt 0.988404 0.774151
vt 0.982044 0.756852
vt 0.985474 0.756852
vt 0.799331 0.955514
vt 0.784907 0.937574
vt 0.797512 0.937574
vt 0.864490 0.955524
vt 0.878914 0.937584
vt 0.879313 0.955524
vt 0.149396 0.977689
vt 0.159785 0.960069
vt 0.159300 0.977689
vt 0.480089 0.907158
vt 0.495207 0.925389
vt 0.478737 0.925389
vt 0.989052 0.503980
vt 0.981676 0.521298
vt 0.982230 0.503980
vt 0.184237 0.885612
vt 0.166935 0.904063
vt 0.166753 0.885612
vt 0.991056 0.957698
vt 0.986977 0.974782
vt 0.987578 0.957698
vt 0.244797 0.823282
vt 0.227032 0.841850
vt 0.226970 0.823282
vt 0.994979 0.287112
vt 0.992126 0.304068
vt 0.991502 0.287112
vt 0.987221 0.462177
vt 0.987221 0.444983
vt 0.990650 0.445560
vt 0.267342 0.823281
vt 0.285107 0.841850
vt 0.267623 0.841850
vt 0.989622 0.937209
vt 0.993701 0.954293
vt 0.986879 0.954293
vt 0.428305 0.904063
vt 0.411003 0.885613
vt 0.427473 0.885613
vt 0.712173 0.985686
vt 0.704797 0.968368
vt 0.714701 0.968368
vt 0.898295 0.917006
vt 0.883176 0.935237
vt 0.883472 0.917006
vt 0.090886 0.960113
vt 0.101275 0.977733
vt 0.088670 0.977733
vt 0.083093 0.979949
vt 0.080600 0.996733
vt 0.079579 0.979949
vt 0.992867 0.444983
vt 0.996374 0.461584
vt 0.992867 0.461797
vt 0.328327 0.802499
vt 0.346239 0.821066
vt 0.328573 0.821066
vt 0.971520 0.977880
vt 0.976016 0.994806
vt 0.969123 0.994806
vt 0.267342 0.885650
vt 0.284711 0.904088
vt 0.268069 0.904088
vt 0.981676 0.638109
vt 0.990779 0.620924
vt 0.991683 0.638109
vt 0.858416 0.917165
vt 0.842956 0.935360
vt 0.843440 0.917164
vt 0.371153 0.967275
vt 0.381952 0.984795
vt 0.369216 0.984795
vt 0.384192 0.965059
vt 0.369866 0.947185
vt 0.382603 0.947185
vt 0.287671 0.965067
vt 0.301997 0.947193
vt 0.302647 0.965067
vt 0.359356 0.967324
vt 0.348556 0.984843
vt 0.349349 0.967324
vt 0.839559 0.935360
vt 0.824099 0.917164
vt 0.840740 0.917164
vt 0.991683 0.735120
vt 0.982580 0.717934
vt 0.989473 0.717934
vt 0.723000 0.886473
vt 0.705631 0.904911
vt 0.705333 0.886473
vt 0.873968 0.994785
vt 0.868056 0.977859
vt 0.871571 0.977859
vt 0.429471 0.821066
vt 0.447383 0.802499
vt 0.447483 0.821066
vt 0.410821 0.965122
vt 0.424918 0.947283
vt 0.425880 0.965122
vt 0.550030 0.968011
vt 0.538795 0.985478
vt 0.539967 0.968010
vt 0.108840 0.919303
vt 0.124614 0.937480
vt 0.107881 0.937480
vt 0.891445 0.977673
vt 0.883176 0.994788
vt 0.884514 0.977673
vt 0.538679 0.904941
vt 0.556002 0.886511
vt 0.556443 0.904941
vt 0.163259 0.996748
vt 0.157778 0.979905
vt 0.161312 0.979905
vt 0.285454 0.802499
vt 0.267491 0.821065
vt 0.267342 0.802499
vt 0.991502 0.363438
vt 0.991502 0.346623
vt 0.995009 0.363012
vt 0.990621 0.832004
vt 0.990621 0.815189
vt 0.994128 0.815615
vt 0.204140 0.821065
vt 0.186177 0.802499
vt 0.203941 0.802499
vt 0.041620 0.979886
vt 0.046604 0.996728
vt 0.039673 0.996728
vt 0.687269 0.904925
vt 0.669946 0.886494
vt 0.686679 0.886494
vt 0.909506 0.977634
vt 0.917775 0.994750
vt 0.907713 0.994750
vt 0.035832 0.919303
vt 0.020058 0.937480
vt 0.020773 0.919303
vt 0.590423 0.968001
vt 0.601659 0.985469
vt 0.588852 0.985469
vt 0.309809 0.947280
vt 0.323907 0.965120
vt 0.311099 0.965120
vt 0.183812 0.821065
vt 0.165899 0.802499
vt 0.183663 0.802499
vt 0.063642 0.996654
vt 0.068627 0.979812
vt 0.070573 0.996654
vt 0.629545 0.886494
vt 0.646718 0.904924
vt 0.629985 0.904925
vt 0.948143 0.977433
vt 0.939874 0.994549
vt 0.938080 0.977433
vt 0.344592 0.926789
vt 0.328574 0.944965
vt 0.329533 0.926788
vt 0.237693 0.985084
vt 0.226059 0.967617
vt 0.238866 0.967617
vt 0.201855 0.965123
vt 0.188086 0.947284
vt 0.200893 0.947284
vt 0.498718 0.965795
vt 0.512487 0.947955
vt 0.513777 0.965795
vt 0.422455 0.967339
vt 0.410821 0.984806
vt 0.412392 0.967339
vt 0.127546 0.919303
vt 0.143564 0.937480
vt 0.126831 0.937480
vt 0.775376 0.994819
vt 0.767107 0.977704
vt 0.774038 0.977703
vt 0.667289 0.886494
vt 0.650115 0.904924
vt 0.649525 0.886494
vt 0.061426 0.996654
vt 0.056441 0.979812
vt 0.059975 0.979812
vt 0.247013 0.821065
vt 0.264926 0.802499
vt 0.265126 0.821065
vt 0.034146 0.980273
vt 0.030638 0.996662
vt 0.030638 0.979847
vt 0.995821 0.504606
vt 0.997330 0.521298
vt 0.993796 0.521298
vt 0.465258 0.967274
vt 0.453314 0.984794
vt 0.455251 0.967274
vt 0.821399 0.935360
vt 0.805241 0.917164
vt 0.821882 0.917164
vt 0.990779 0.659728
vt 0.981676 0.676913
vt 0.983886 0.659728
vt 0.226059 0.904088
vt 0.242998 0.885650
vt 0.243725 0.904088
vt 0.008001 0.996738
vt 0.003505 0.979812
vt 0.007019 0.979812
vt 0.467712 0.802499
vt 0.449945 0.821066
vt 0.449699 0.802499
vt 0.092184 0.979949
vt 0.091163 0.996733
vt 0.088670 0.979949
vt 0.074870 0.996733
vt 0.073848 0.979949
vt 0.077362 0.979949
vt 0.386797 0.821066
vt 0.369030 0.802499
vt 0.386697 0.802499
vt 0.898806 0.977831
vt 0.904718 0.994757
vt 0.897825 0.994757
vt 0.305337 0.904086
vt 0.288398 0.885649
vt 0.305039 0.885649
vt 0.990779 0.599304
vt 0.981676 0.582119
vt 0.991683 0.582119
vt 0.921096 0.873183
vt 0.937254 0.854987
vt 0.936073 0.873182
vt 0.400375 0.984804
vt 0.388431 0.967284
vt 0.401168 0.967284
vt 0.468291 0.965057
vt 0.454903 0.947183
vt 0.467640 0.947183
vt 0.363533 0.947233
vt 0.350145 0.965107
vt 0.348556 0.947233
vt 0.386700 0.904066
vt 0.370048 0.885615
vt 0.386518 0.885615
vt 0.622747 0.985709
vt 0.613397 0.968391
vt 0.623301 0.968391
vt 0.880664 0.917136
vt 0.864490 0.935368
vt 0.865842 0.917137
vt 0.074334 0.960113
vt 0.086454 0.977733
vt 0.073848 0.977733
vt 0.935864 0.955438
vt 0.922860 0.937498
vt 0.935465 0.937498
vt 0.021969 0.957636
vt 0.034973 0.939696
vt 0.036791 0.957636
vt 0.051793 0.960049
vt 0.039673 0.977669
vt 0.041889 0.960049
vt 0.605026 0.925380
vt 0.588852 0.907148
vt 0.605322 0.907148
vt 0.991026 0.543049
vt 0.981676 0.560368
vt 0.984204 0.543049
vt 0.204280 0.885613
vt 0.187628 0.904064
vt 0.186796 0.885613
vt 0.993056 0.390455
vt 0.986835 0.407539
vt 0.989578 0.390455
vt 0.206357 0.841850
vt 0.223903 0.823282
vt 0.224184 0.841850
vt 0.799157 0.994818
vt 0.799781 0.977862
vt 0.802635 0.994818
vt 0.990621 0.737336
vt 0.994050 0.753953
vt 0.990621 0.754530
vt 0.307999 0.823281
vt 0.325545 0.841850
vt 0.308061 0.841850
vt 0.986509 0.366543
vt 0.992730 0.383627
vt 0.985908 0.383627
vt 0.567672 0.968284
vt 0.558244 0.985783
vt 0.560944 0.968284
vt 0.406257 0.885605
vt 0.389902 0.904075
vt 0.389013 0.885605
vt 0.991664 0.855152
vt 0.985304 0.872451
vt 0.988234 0.855152
vt 0.803853 0.834198
vt 0.786572 0.852768
vt 0.786272 0.834198
vt 0.781022 0.977703
vt 0.780638 0.994893
vt 0.777592 0.977703
vt 0.993558 0.977692
vt 0.993941 0.994882
vt 0.990512 0.994882
vt 0.409673 0.823282
vt 0.426954 0.841853
vt 0.409711 0.841853
vt 0.982044 0.776368
vt 0.988404 0.793667
vt 0.981676 0.793667
vt 0.884794 0.424188
vt 0.901148 0.442657
vt 0.884906 0.442657
vt 0.686044 0.985734
vt 0.676615 0.968235
vt 0.686383 0.968235
vt 0.222975 0.906328
vt 0.206913 0.924608
vt 0.208356 0.906328
vt 0.950215 0.975217
vt 0.938080 0.957460
vt 0.950512 0.957460
vt 0.954089 0.893791
vt 0.941413 0.875760
vt 0.953845 0.875760
vt 0.897795 0.937453
vt 0.885119 0.955484
vt 0.883176 0.937453
vt 0.933176 0.957655
vt 0.921041 0.975411
vt 0.923408 0.957655
vt 0.303732 0.924583
vt 0.287671 0.906303
vt 0.303913 0.906303
vt 0.974074 0.304567
vt 0.980997 0.286863
vt 0.983692 0.304567
vt 0.426656 0.906280
vt 0.410821 0.924616
vt 0.412262 0.906280
vt 0.558504 0.948156
vt 0.570485 0.966067
vt 0.558244 0.966067
vt 0.430521 0.926833
vt 0.442977 0.944966
vt 0.430735 0.944966
vt 0.603246 0.927596
vt 0.590791 0.945729
vt 0.588852 0.927596
vt 0.641208 0.948117
vt 0.629227 0.966028
vt 0.631590 0.948117
vt 0.166912 0.906280
vt 0.182747 0.924617
vt 0.166753 0.924617
vt 0.440139 0.984977
vt 0.433217 0.967273
vt 0.439842 0.967274
vt 0.722312 0.865767
vt 0.706221 0.884257
vt 0.705333 0.865766
vt 0.742002 0.985816
vt 0.738301 0.968274
vt 0.741678 0.968274
vt 0.223668 0.844067
vt 0.206656 0.862639
vt 0.206357 0.844067
vt 0.016426 0.976991
vt 0.019753 0.959853
vt 0.019753 0.977571
vt 0.644254 0.968245
vt 0.644588 0.985700
vt 0.641211 0.985700
vt 0.823381 0.852771
vt 0.806369 0.834198
vt 0.823348 0.834198
vt 0.745099 0.985841
vt 0.748799 0.968299
vt 0.751724 0.985841
vt 0.724529 0.865767
vt 0.740620 0.884257
vt 0.724626 0.884257
vt 0.667439 0.884278
vt 0.683345 0.865767
vt 0.684170 0.884278
vt 0.982608 0.855152
vt 0.976559 0.872930
vt 0.979279 0.855152
vt 0.406072 0.844069
vt 0.389292 0.862645
vt 0.389013 0.844069
vt 0.015387 0.957107
vt 0.018673 0.939697
vt 0.018673 0.957632
vt 0.343237 0.967272
vt 0.343736 0.984983
vt 0.340408 0.984983
vt 0.429471 0.844067
vt 0.446251 0.862643
vt 0.429520 0.862643
vt 0.977167 0.834234
vt 0.983215 0.852012
vt 0.976687 0.852012
vt 0.570487 0.884278
vt 0.554582 0.865767
vt 0.570342 0.865767
vt 0.828067 0.957733
vt 0.837102 0.975635
vt 0.827624 0.975635
vt 0.918680 0.896359
vt 0.903157 0.914750
vt 0.904496 0.896359
vt 0.119555 0.957759
vt 0.107881 0.939696
vt 0.119943 0.939696
vt 0.240243 0.945036
vt 0.227862 0.926801
vt 0.239924 0.926801
vt 0.323993 0.926830
vt 0.311613 0.945064
vt 0.309809 0.926830
vt 0.133833 0.939696
vt 0.122160 0.957759
vt 0.124356 0.939696
vt 0.163246 0.917043
vt 0.147723 0.898651
vt 0.163483 0.898651
vt 0.975475 0.916967
vt 0.966440 0.934869
vt 0.968947 0.916967
vt 0.087463 0.898651
vt 0.072290 0.917087
vt 0.073442 0.898651
vt 0.948899 0.408638
vt 0.937642 0.390455
vt 0.949565 0.390455
vt 0.570091 0.925473
vt 0.557620 0.907158
vt 0.569544 0.907158
vt 0.104106 0.919303
vt 0.091636 0.937618
vt 0.090086 0.919303
vt 0.687238 0.927717
vt 0.675981 0.945900
vt 0.677870 0.927717
vt 0.054901 0.898651
vt 0.070074 0.917087
vt 0.054495 0.917087
vt 0.713941 0.948091
vt 0.705333 0.966151
vt 0.707488 0.948091
vt 0.329279 0.883389
vt 0.345108 0.864861
vt 0.345817 0.883389
vt 0.973518 0.875760
vt 0.967890 0.893727
vt 0.970228 0.875760
vt 0.766475 0.873562
vt 0.783098 0.854984
vt 0.783337 0.873562
vt 0.218438 0.964911
vt 0.221698 0.947275
vt 0.221698 0.965354
vt 0.761988 0.948171
vt 0.762846 0.966086
vt 0.759556 0.966086
vt 0.348556 0.844070
vt 0.365179 0.862647
vt 0.348640 0.862647
vt 0.529813 0.948073
vt 0.535441 0.966039
vt 0.528988 0.966039
vt 0.478737 0.865766
vt 0.494567 0.884294
vt 0.478988 0.884294
vt 0.957065 0.875760
vt 0.965674 0.893821
vt 0.956305 0.893821
vt 0.476428 0.903678
vt 0.471855 0.885608
vt 0.475123 0.885608
vt 0.223668 0.864856
vt 0.207101 0.883434
vt 0.206913 0.864856
vt 0.737856 0.945408
vt 0.741107 0.927624
vt 0.741107 0.945753
vt 0.607538 0.907148
vt 0.610788 0.924932
vt 0.607538 0.925277
vt 0.864996 0.390323
vt 0.881563 0.408902
vt 0.865130 0.408902
vt 0.237584 0.965323
vt 0.242158 0.947252
vt 0.243996 0.965323
vt 0.186796 0.864859
vt 0.202672 0.883396
vt 0.187192 0.883396
vt 0.956117 0.916967
vt 0.964224 0.935116
vt 0.954915 0.935116
vt 0.859631 0.896488
vt 0.844793 0.914948
vt 0.845699 0.896488
vt 0.716128 0.945875
vt 0.705333 0.927624
vt 0.717181 0.927624
vt 0.643476 0.925501
vt 0.630764 0.907141
vt 0.642611 0.907141
vt 0.659624 0.907141
vt 0.646912 0.925501
vt 0.645693 0.907141
vt 0.569038 0.927689
vt 0.558244 0.945940
vt 0.559729 0.927689
vt 0.767117 0.896485
vt 0.781955 0.914946
vt 0.766475 0.914946
vt 0.963022 0.937333
vt 0.954915 0.955481
vt 0.956610 0.937332
vt 0.445904 0.864859
vt 0.430029 0.883396
vt 0.429471 0.864859
vt 0.725278 0.927624
vt 0.735640 0.945874
vt 0.723792 0.945874
vt 0.613397 0.907071
vt 0.626463 0.925431
vt 0.614616 0.925431
vt 0.685653 0.925501
vt 0.698720 0.907141
vt 0.699585 0.925501
vt 0.623759 0.927647
vt 0.613397 0.945898
vt 0.614450 0.927647
vt 0.866386 0.896459
vt 0.880960 0.914920
vt 0.865480 0.914920
vt 0.964611 0.442337
vt 0.956505 0.424188
vt 0.962917 0.424188
vt 0.265126 0.864856
vt 0.249088 0.883393
vt 0.248692 0.864856
vt 0.476340 0.840857
vt 0.471233 0.822786
vt 0.474502 0.822787
vt 0.284097 0.864856
vt 0.267475 0.883434
vt 0.267342 0.864856
vt 0.473178 0.944311
vt 0.473178 0.926182
vt 0.476428 0.943966
vt 0.447838 0.947183
vt 0.451097 0.965017
vt 0.447838 0.965262
vt 0.865822 0.424188
vt 0.882444 0.442766
vt 0.866011 0.442766
vt 0.469928 0.861144
vt 0.475035 0.843073
vt 0.476340 0.861144
vt 0.166753 0.864859
vt 0.182791 0.883396
vt 0.167311 0.883396
vt 0.561179 0.904643
vt 0.569285 0.886494
vt 0.570487 0.904643
vt 0.820976 0.896488
vt 0.806402 0.914948
vt 0.807045 0.896488
vt 0.785554 0.873562
vt 0.802332 0.854984
vt 0.802416 0.873561
vt 0.718290 0.965869
vt 0.721576 0.948091
vt 0.721576 0.966026
vt 0.476438 0.946528
vt 0.476438 0.964607
vt 0.473178 0.964164
vt 0.845917 0.390323
vt 0.862696 0.408900
vt 0.846157 0.408900
vt 0.021969 0.977819
vt 0.027597 0.959853
vt 0.028422 0.977819
vt 0.497492 0.865767
vt 0.513781 0.884294
vt 0.498201 0.884294
vt 0.958588 0.834234
vt 0.965801 0.852294
vt 0.956433 0.852294
vt 0.104513 0.898651
vt 0.090086 0.917087
vt 0.090492 0.898651
vt 0.663730 0.927717
vt 0.673764 0.945900
vt 0.661840 0.945900
vt 0.935154 0.914674
vt 0.921680 0.896359
vt 0.933604 0.896359
vt 0.087869 0.919303
vt 0.074395 0.937618
vt 0.073848 0.919303
vt 0.700156 0.927717
vt 0.690121 0.945900
vt 0.690788 0.927717
vt 0.037851 0.898651
vt 0.052278 0.917087
vt 0.036699 0.917087
vt 0.731005 0.948091
vt 0.723792 0.966151
vt 0.724552 0.948091
vt 0.467095 0.864863
vt 0.450807 0.883391
vt 0.450557 0.864863
vt 0.823387 0.975699
vt 0.817759 0.957733
vt 0.821049 0.957733
vt 0.221097 0.945059
vt 0.207231 0.926825
vt 0.219293 0.926824
vt 0.410821 0.945067
vt 0.424686 0.926833
vt 0.425004 0.945067
vt 0.050082 0.939771
vt 0.040216 0.957833
vt 0.040605 0.939770
vt 0.917057 0.873379
vt 0.902636 0.854987
vt 0.918396 0.854987
vt 0.975918 0.954987
vt 0.966883 0.937085
vt 0.973411 0.937085
vt 0.589434 0.865766
vt 0.572849 0.884278
vt 0.572704 0.865766
vt 0.984022 0.914137
vt 0.977974 0.896359
vt 0.981302 0.896359
vt 0.410196 0.862642
vt 0.427205 0.844067
vt 0.427254 0.862642
vt 0.122703 0.977599
vt 0.126030 0.959975
vt 0.126030 0.977693
vt 0.303123 0.967283
vt 0.305952 0.984994
vt 0.302624 0.984994
vt 0.166753 0.844067
vt 0.183762 0.862643
vt 0.167032 0.862643
vt 0.980854 0.916967
vt 0.984662 0.934745
vt 0.978134 0.934745
vt 0.610598 0.865766
vt 0.627183 0.884278
vt 0.611422 0.884278
vt 0.965813 0.390455
vt 0.972784 0.408357
vt 0.963307 0.408357
vt 0.917848 0.390323
vt 0.903428 0.408715
vt 0.903665 0.390323
vt 0.149919 0.939790
vt 0.159785 0.957853
vt 0.147723 0.957853
vt 0.879511 0.957741
vt 0.879511 0.975459
vt 0.876184 0.974879
vt 0.845126 0.834198
vt 0.862404 0.852771
vt 0.845425 0.852771
vt 0.607088 0.968135
vt 0.610788 0.985678
vt 0.604163 0.985678
vt 0.806402 0.875781
vt 0.823284 0.894271
vt 0.807290 0.894271
vt 0.974074 0.324487
vt 0.983394 0.306783
vt 0.983692 0.324487
vt 0.383769 0.906282
vt 0.369216 0.924619
vt 0.369375 0.906282
vt 0.664521 0.948117
vt 0.674399 0.966028
vt 0.662158 0.966028
vt 0.383610 0.944969
vt 0.369430 0.926835
vt 0.381671 0.926835
vt 0.539460 0.945739
vt 0.553640 0.927605
vt 0.553854 0.945739
vt 0.754977 0.948171
vt 0.745099 0.966082
vt 0.745359 0.948171
vt 0.249082 0.906277
vt 0.263635 0.924614
vt 0.247641 0.924614
vt 0.338192 0.984975
vt 0.328872 0.967272
vt 0.335497 0.967272
vt 0.785670 0.894268
vt 0.802551 0.875778
vt 0.802649 0.894268
vt 0.521104 0.968350
vt 0.517404 0.985892
vt 0.517727 0.968349
vt 0.325311 0.844067
vt 0.308032 0.862639
vt 0.307999 0.844067
vt 0.985908 0.364078
vt 0.988951 0.346623
vt 0.989285 0.364078
vt 0.964980 0.957698
vt 0.954915 0.975454
vt 0.955212 0.957698
vt 0.330017 0.906291
vt 0.344817 0.924572
vt 0.328574 0.924572
vt 0.638995 0.985743
vt 0.629566 0.968245
vt 0.636294 0.968245
vt 0.883176 0.873457
vt 0.900308 0.854987
vt 0.900420 0.873457
vt 0.992032 0.893060
vt 0.985672 0.875761
vt 0.989102 0.875760
vt 0.386797 0.823283
vt 0.369254 0.841853
vt 0.369216 0.823283
vt 0.853777 0.994895
vt 0.856824 0.977705
vt 0.857207 0.994895
vt 0.265972 0.967337
vt 0.265972 0.984795
vt 0.262594 0.984196
vt 0.449514 0.823282
vt 0.467057 0.841853
vt 0.449814 0.841853
vt 0.981676 0.754635
vt 0.988036 0.737336
vt 0.988404 0.754635
vt 0.328574 0.885606
vt 0.345706 0.904075
vt 0.329463 0.904075
vt 0.664632 0.985743
vt 0.674060 0.968245
vt 0.674399 0.985743
vt 0.720133 0.907127
vt 0.705333 0.925408
vt 0.705514 0.907127
vt 0.786876 0.957731
vt 0.796940 0.975487
vt 0.784508 0.975487
vt 0.953086 0.442218
vt 0.938712 0.424188
vt 0.951144 0.424188
vt 0.903157 0.955445
vt 0.917531 0.937414
vt 0.917775 0.955445
vt 0.988981 0.896359
vt 0.993060 0.913443
vt 0.986238 0.913443
vt 0.307999 0.885609
vt 0.325301 0.904060
vt 0.308831 0.904060
vt 0.989052 0.501763
vt 0.981676 0.484445
vt 0.991580 0.484445
vt 0.552503 0.907158
vt 0.537384 0.925389
vt 0.537680 0.907158
vt 0.003324 0.959975
vt 0.013714 0.977595
vt 0.001108 0.977595
vt 0.780136 0.955514
vt 0.765711 0.937574
vt 0.778317 0.937574
vt 0.844775 0.955516
vt 0.859199 0.937576
vt 0.859598 0.955516
vt 0.118270 0.959975
vt 0.107881 0.977595
vt 0.108366 0.959975
vt 0.500069 0.907158
vt 0.515188 0.925389
vt 0.498718 0.925389
vt 0.991580 0.579902
vt 0.982230 0.562584
vt 0.989052 0.562584
vt 0.348556 0.904059
vt 0.365858 0.885608
vt 0.366040 0.904059
vt 0.989622 0.934051
vt 0.993701 0.916967
vt 0.993099 0.934051
vt 0.447297 0.823282
vt 0.429532 0.841851
vt 0.429471 0.823282
vt 0.879614 0.977675
vt 0.879614 0.994869
vt 0.876184 0.978252
vt 0.994050 0.756852
vt 0.994050 0.774046
vt 0.990621 0.773469
vt 0.186028 0.823282
vt 0.203793 0.841851
vt 0.186309 0.841851
vt 0.766495 0.917162
vt 0.781955 0.935358
vt 0.765313 0.935358
vt 0.991683 0.696315
vt 0.982580 0.679130
vt 0.989473 0.679130
vt 0.725216 0.904911
vt 0.742585 0.886474
vt 0.742882 0.904911
vt 0.834705 0.977851
vt 0.830209 0.994777
vt 0.831191 0.977851
vt 0.409242 0.821066
vt 0.427154 0.802499
vt 0.427254 0.821066
vt 0.861382 0.994826
vt 0.861382 0.977859
vt 0.864858 0.994310
vt 0.996517 0.441002
vt 0.993009 0.424401
vt 0.996517 0.424188
vt 0.348556 0.802499
vt 0.366468 0.821066
vt 0.348801 0.821066
vt 0.807638 0.977852
vt 0.812134 0.994778
vt 0.805241 0.994778
vt 0.762765 0.904911
vt 0.745396 0.886473
vt 0.762038 0.886473
vt 0.991683 0.601521
vt 0.982580 0.618707
vt 0.981676 0.601521
vt 0.936073 0.875596
vt 0.920613 0.893791
vt 0.921096 0.875596
vt 0.258441 0.984856
vt 0.247641 0.967337
vt 0.260378 0.967337
vt 0.445498 0.965057
vt 0.431172 0.947183
vt 0.443909 0.947183
vt 0.268766 0.965126
vt 0.283092 0.947252
vt 0.283742 0.965126
vt 0.176677 0.967339
vt 0.165877 0.984859
vt 0.166670 0.967339
vt 0.478737 0.886511
vt 0.496061 0.904941
vt 0.479328 0.904941
vt 0.931104 0.977628
vt 0.922379 0.994744
vt 0.921041 0.977628
vt 0.303445 0.926800
vt 0.287671 0.944976
vt 0.288385 0.926800
vt 0.200284 0.984806
vt 0.189048 0.967339
vt 0.201855 0.967339
vt 0.262701 0.965120
vt 0.248604 0.947281
vt 0.261411 0.947281
vt 0.603911 0.947946
vt 0.589814 0.965785
vt 0.588852 0.947946
vt 0.280001 0.967342
vt 0.268766 0.984809
vt 0.269938 0.967342
vt 0.002067 0.919303
vt 0.017842 0.937480
vt 0.001108 0.937480
vt 0.794571 0.994819
vt 0.785846 0.977703
vt 0.792778 0.977703
vt 0.883176 0.914789
vt 0.900500 0.896359
vt 0.900940 0.914789
vt 0.015202 0.979812
vt 0.010217 0.996654
vt 0.011668 0.979812
vt 0.326111 0.802499
vt 0.308148 0.821065
vt 0.307999 0.802499
vt 0.993797 0.500579
vt 0.995822 0.483887
vt 0.997330 0.500579
vt 0.024903 0.980035
vt 0.028422 0.996478
vt 0.024903 0.996796
vt 0.206357 0.802499
vt 0.224320 0.821065
vt 0.206556 0.821065
vt 0.149127 0.979906
vt 0.154111 0.996748
vt 0.147180 0.996748
vt 0.988295 0.994808
vt 0.980026 0.977692
vt 0.986957 0.977692
vt 0.516482 0.886511
vt 0.499308 0.904941
vt 0.498718 0.886511
vt 0.137176 0.996662
vt 0.132192 0.979820
vt 0.135725 0.979820
vt 0.305783 0.802499
vt 0.287870 0.821065
vt 0.287671 0.802499
vt 0.997316 0.464910
vt 0.997316 0.481670
vt 0.993797 0.465228
vt 0.103650 0.979949
vt 0.103650 0.996710
vt 0.100131 0.996391
vt 0.226685 0.802499
vt 0.244597 0.821065
vt 0.226833 0.821065
vt 0.126029 0.979909
vt 0.121045 0.996751
vt 0.119098 0.979909
vt 0.518698 0.886511
vt 0.535872 0.904941
vt 0.519139 0.904941
vt 0.954915 0.994786
vt 0.963184 0.977671
vt 0.964978 0.994786
vt 0.467576 0.926790
vt 0.451557 0.944967
vt 0.452516 0.926790
vt 0.208086 0.967640
vt 0.219720 0.985107
vt 0.206913 0.985107
vt 0.165877 0.947283
vt 0.179647 0.965123
vt 0.166840 0.965123
vt 0.553854 0.947955
vt 0.540085 0.965794
vt 0.538795 0.947955
vt 0.499891 0.985478
vt 0.511525 0.968011
vt 0.509953 0.985478
vt 0.055210 0.919303
vt 0.071228 0.937480
vt 0.054495 0.937480
vt 0.991683 0.640326
vt 0.983886 0.657511
vt 0.981676 0.640326
vt 0.921223 0.852429
vt 0.937382 0.834233
vt 0.936200 0.852429
vt 0.288463 0.967283
vt 0.300407 0.984803
vt 0.287671 0.984803
vt 0.328574 0.947181
vt 0.341961 0.965055
vt 0.329224 0.965055
vt 0.403408 0.947194
vt 0.390020 0.965068
vt 0.388431 0.947194
vt 0.321753 0.967336
vt 0.309809 0.984856
vt 0.311746 0.967336
vt 0.800667 0.935358
vt 0.784508 0.917162
vt 0.801150 0.917162
vt 0.991683 0.715717
vt 0.983886 0.698532
vt 0.990779 0.698532
vt 0.590370 0.886494
vt 0.573431 0.904932
vt 0.572704 0.886494
vt 0.114774 0.996737
vt 0.110278 0.979811
vt 0.113792 0.979811
vt 0.305683 0.823282
vt 0.287916 0.841848
vt 0.287671 0.823282
vt 0.094401 0.996733
vt 0.095422 0.979949
vt 0.097915 0.996733
vt 0.142900 0.979820
vt 0.142900 0.996634
vt 0.139393 0.996421
vt 0.389013 0.802499
vt 0.406780 0.821066
vt 0.389114 0.821066
vt 0.816934 0.994842
vt 0.821430 0.977916
vt 0.823827 0.994842
vt 0.592587 0.886494
vt 0.609526 0.904932
vt 0.592884 0.904932
vt 0.448006 0.885613
vt 0.431354 0.904064
vt 0.430521 0.885613
vt 0.992129 0.327322
vt 0.985908 0.344407
vt 0.988651 0.327322
vt 0.183812 0.823282
vt 0.166266 0.841850
vt 0.165985 0.823282
vt 0.991025 0.850851
vt 0.994454 0.834234
vt 0.994454 0.851428
vt 0.994050 0.793562
vt 0.990621 0.776945
vt 0.994050 0.776367
vt 0.247299 0.823281
vt 0.264845 0.841850
vt 0.247360 0.841850
vt 0.986509 0.307402
vt 0.992730 0.324487
vt 0.985908 0.324487
vt 0.247641 0.885610
vt 0.264293 0.904060
vt 0.247824 0.904060
vt 0.991580 0.464910
vt 0.984204 0.482228
vt 0.981676 0.464910
vt 0.903453 0.935198
vt 0.919627 0.916967
vt 0.918275 0.935198
vt 0.142365 0.977603
vt 0.130245 0.959983
vt 0.142850 0.959983
vt 0.805241 0.937576
vt 0.818244 0.955517
vt 0.805639 0.955517
vt 0.837102 0.937576
vt 0.824098 0.955516
vt 0.822279 0.937576
vt 0.054980 0.977595
vt 0.067100 0.959975
vt 0.064884 0.977595
vt 0.534872 0.925389
vt 0.518698 0.907158
vt 0.535168 0.907158
vt 0.991580 0.540833
vt 0.984204 0.523515
vt 0.991026 0.523515
vt 0.723973 0.925408
vt 0.740035 0.907127
vt 0.738592 0.925408
vt 0.895311 0.975456
vt 0.883176 0.957700
vt 0.895608 0.957700
vt 0.938080 0.916967
vt 0.950756 0.934997
vt 0.938324 0.934997
vt 0.954216 0.834233
vt 0.941541 0.852264
vt 0.939598 0.834233
vt 0.905641 0.975417
vt 0.917775 0.957661
vt 0.915408 0.975417
vt 0.467619 0.924574
vt 0.451557 0.906293
vt 0.467800 0.906293
vt 0.575178 0.968252
vt 0.582244 0.985750
vt 0.575516 0.985750
vt 0.883176 0.894142
vt 0.899531 0.875673
vt 0.900420 0.894142
vt 0.988404 0.813183
vt 0.984606 0.795883
vt 0.988036 0.795884
vt 0.406595 0.823283
vt 0.389314 0.841853
vt 0.389013 0.823283
vt 0.180831 0.984199
vt 0.184208 0.967339
vt 0.184208 0.984797
vt 0.994049 0.795778
vt 0.994049 0.812973
vt 0.990620 0.812896
vt 0.348556 0.823283
vt 0.365837 0.841853
vt 0.348594 0.841854
vt 0.984433 0.424188
vt 0.990793 0.441487
vt 0.984065 0.441487
vt 0.883968 0.390323
vt 0.900322 0.408792
vt 0.884080 0.408792
vt 0.699888 0.968245
vt 0.692822 0.985743
vt 0.690121 0.968245
vt 0.717241 0.985910
vt 0.723543 0.968368
vt 0.720618 0.985910
vt 0.284653 0.844067
vt 0.267641 0.862639
vt 0.267342 0.844067
vt 0.244459 0.967617
vt 0.244459 0.985075
vt 0.241083 0.967682
vt 0.985766 0.851688
vt 0.985431 0.834234
vt 0.988808 0.834234
vt 0.287671 0.844065
vt 0.304683 0.862638
vt 0.287704 0.862638
vt 0.535290 0.985798
vt 0.528988 0.968255
vt 0.535613 0.968255
vt 0.825598 0.875781
vt 0.841689 0.894271
vt 0.825695 0.894271
vt 0.983692 0.326703
vt 0.976769 0.344407
vt 0.974074 0.326703
vt 0.430680 0.924616
vt 0.446515 0.906280
vt 0.445075 0.924617
vt 0.659681 0.966028
vt 0.647700 0.948117
vt 0.659941 0.948117
vt 0.389013 0.926844
vt 0.401469 0.944977
vt 0.389227 0.944978
vt 0.513112 0.927606
vt 0.500657 0.945739
vt 0.498718 0.927606
vt 0.963297 0.914270
vt 0.975277 0.896359
vt 0.972915 0.914270
vt 0.323834 0.924614
vt 0.307999 0.906277
vt 0.323993 0.906277
vt 0.975001 0.390455
vt 0.981923 0.408158
vt 0.975299 0.408158
vt 0.861988 0.875781
vt 0.845897 0.894271
vt 0.845009 0.875781
vt 0.247641 0.926830
vt 0.260022 0.945064
vt 0.247960 0.945064
vt 0.200979 0.926833
vt 0.188599 0.945067
vt 0.186796 0.926833
vt 0.074237 0.957897
vt 0.085911 0.939834
vt 0.083714 0.957896
vt 0.902873 0.875596
vt 0.918396 0.893987
vt 0.902636 0.893987
vt 0.966828 0.424188
vt 0.973799 0.442089
vt 0.967271 0.442090
vt 0.665223 0.865767
vt 0.649317 0.884278
vt 0.648492 0.865767
vt 0.978233 0.957698
vt 0.982041 0.975476
vt 0.978712 0.975476
vt 0.345817 0.844070
vt 0.329037 0.862645
vt 0.328758 0.844070
vt 0.981848 0.424188
vt 0.981848 0.441906
vt 0.978522 0.424282
vt 0.403884 0.984995
vt 0.403384 0.967284
vt 0.406712 0.967284
vt 0.265126 0.862642
vt 0.248345 0.844067
vt 0.265076 0.844067
vt 0.984662 0.937209
vt 0.980854 0.954987
vt 0.978134 0.937209
vt 0.629545 0.865766
vt 0.645450 0.884278
vt 0.629690 0.884278
vt 0.686093 0.948117
vt 0.679122 0.966019
vt 0.676615 0.948117
vt 0.919777 0.424188
vt 0.904254 0.442579
vt 0.905594 0.424188
vt 0.066168 0.957759
vt 0.054495 0.939696
vt 0.066557 0.939696
vt 0.802447 0.957731
vt 0.801588 0.975645
vt 0.799157 0.957731
vt 0.898683 0.975615
vt 0.897825 0.957700
vt 0.901115 0.957700
vt 0.467095 0.862647
vt 0.450472 0.844069
vt 0.467011 0.844069
vt 0.973646 0.852200
vt 0.968017 0.834233
vt 0.974470 0.834233
vt 0.532786 0.884294
vt 0.516956 0.865767
vt 0.532536 0.865767
vt 0.488106 0.947955
vt 0.480893 0.966016
vt 0.478737 0.947955
vt 0.140849 0.898651
vt 0.125676 0.917087
vt 0.126828 0.898651
vt 0.640802 0.945901
vt 0.629545 0.927717
vt 0.641469 0.927717
vt 0.935864 0.935282
vt 0.923393 0.916967
vt 0.935317 0.916967
vt 0.161744 0.919259
vt 0.149273 0.937574
vt 0.147723 0.919259
vt 0.573370 0.945907
vt 0.584628 0.927724
vt 0.582739 0.945907
vt 0.034076 0.917087
vt 0.018904 0.898651
vt 0.034483 0.898651
vt 0.613397 0.948114
vt 0.620610 0.966174
vt 0.614157 0.966174
vt 0.348556 0.883392
vt 0.364385 0.864864
vt 0.365094 0.883392
vt 0.970388 0.975664
vt 0.976016 0.957698
vt 0.973678 0.975664
vt 0.861988 0.854987
vt 0.845365 0.873564
vt 0.845126 0.854987
vt 0.683437 0.907141
vt 0.670724 0.925501
vt 0.669505 0.907141
vt 0.041484 0.937554
vt 0.052278 0.919303
vt 0.050793 0.937554
vt 0.206913 0.904111
vt 0.221487 0.885650
vt 0.222393 0.904111
vt 0.206913 0.947275
vt 0.214528 0.965424
vt 0.208115 0.965424
vt 0.864654 0.852771
vt 0.880529 0.834233
vt 0.881087 0.852771
vt 0.470016 0.905895
vt 0.474590 0.923965
vt 0.471321 0.923966
vt 0.243725 0.864856
vt 0.227158 0.883434
vt 0.226970 0.864856
vt 0.534719 0.927951
vt 0.531468 0.945735
vt 0.531468 0.927606
vt 0.665091 0.925270
vt 0.661840 0.907486
vt 0.665091 0.907141
vt 0.806626 0.854987
vt 0.823193 0.873566
vt 0.806759 0.873566
vt 0.475035 0.820570
vt 0.469928 0.802499
vt 0.476340 0.802499
vt 0.427254 0.883396
vt 0.411379 0.864859
vt 0.426859 0.864859
vt 0.960820 0.896359
vt 0.953206 0.914508
vt 0.951511 0.896359
vt 0.785670 0.896485
vt 0.800244 0.914945
vt 0.786313 0.914945
vt 0.756946 0.927704
vt 0.746584 0.945954
vt 0.745099 0.927704
vt 0.613397 0.886494
vt 0.626109 0.904854
vt 0.614262 0.904854
vt 0.759030 0.925487
vt 0.573569 0.925508
vt 0.689486 0.904745
vt 0.880054 0.894243
vt 0.226059 0.965401
vt 0.323875 0.883393
vt 0.476340 0.863361
vt 0.304293 0.864854
vt 0.864205 0.873566
vt 0.141012 0.957767
vt 0.369216 0.883398
vt 0.953477 0.390455
vt 0.839578 0.896488
vt 0.518889 0.927606
vt 0.123460 0.917087
vt 0.948628 0.896359
vt 0.935425 0.408638
vt 0.935704 0.424188
vt 0.659624 0.945900
vt 0.016281 0.898651
vt 0.526772 0.966133
vt 0.550831 0.884294
vt 0.974343 0.855152
vt 0.825682 0.873564
vt 0.845917 0.429694
vt 0.736202 0.966057
vt 0.405552 0.864861
vt 0.964914 0.855152
vt 0.030638 0.959853
vt 0.385996 0.862645
vt 0.203855 0.844067
vt 0.977039 0.893538
vt 0.686386 0.884278
vt 0.814275 0.957733
vt 0.364316 0.924667
vt 0.101759 0.939834
vt 0.282950 0.945035
vt 0.167072 0.945067
vt 0.001108 0.939697
vt 0.918287 0.834233
vt 0.873968 0.975642
vt 0.607557 0.884278
vt 0.690382 0.966028
vt 0.348556 0.945017
vt 0.480676 0.927606
vt 0.584945 0.966035
vt 0.186955 0.924617
vt 0.983692 0.384246
vt 0.744611 0.865767
vt 0.756221 0.968302
vt 0.227269 0.844067
vt 0.825598 0.852771
vt 0.444796 0.985021
vt 0.766475 0.894269
vt 0.983394 0.346623
vt 0.389013 0.906291
vt 0.783756 0.852768
vt 0.328758 0.841853
vt 0.730230 0.985667
vt 0.450557 0.904077
vt 0.481438 0.968232
vt 0.285008 0.924585
vt 0.777448 0.957731
vt 0.939470 0.873183
vt 0.950756 0.955244
vt 0.857207 0.975489
vt 0.226240 0.924585
vt 0.647700 0.985743
vt 0.884193 0.834234
vt 0.981676 0.774151
vt 0.784509 0.955514
vt 0.866309 0.937584
vt 0.147180 0.960069
vt 0.494911 0.907158
vt 0.991580 0.521298
vt 0.183405 0.904063
vt 0.993799 0.974782
vt 0.244516 0.841850
vt 0.285169 0.823281
vt 0.993100 0.937209
vt 0.410821 0.904063
vt 0.705351 0.985686
vt 0.899646 0.935237
vt 0.100790 0.960113
vt 0.346340 0.802499
vt 0.975034 0.977880
vt 0.285008 0.885650
vt 0.983886 0.620923
vt 0.859598 0.935360
vt 0.381160 0.967275
vt 0.369216 0.965059
vt 0.289260 0.947193
vt 0.361293 0.984843
vt 0.824582 0.935360
vt 0.981676 0.735120
vt 0.722272 0.904911
vt 0.867075 0.994785
vt 0.429716 0.802499
vt 0.412111 0.947283
vt 0.551602 0.985478
vt 0.123899 0.919303
vt 0.893239 0.994788
vt 0.539269 0.886511
vt 0.156327 0.996748
vt 0.285255 0.821065
vt 0.186028 0.821065
vt 0.045153 0.979886
vt 0.669505 0.904925
vt 0.916437 0.977634
vt 0.036791 0.937480
vt 0.600486 0.968001
vt 0.324869 0.947280
vt 0.165699 0.821065
vt 0.065093 0.979812
vt 0.647309 0.886494
vt 0.946805 0.994549
vt 0.345307 0.944965
vt 0.227631 0.985084
vt 0.186796 0.965123
vt 0.499680 0.947955
vt 0.423628 0.984806
vt 0.142605 0.919303
vt 0.765313 0.994819
vt 0.666849 0.904925
vt 0.054495 0.996654
vt 0.247162 0.802499
vt 0.466051 0.984793
vt 0.806422 0.935360
vt 0.991683 0.676913
vt 0.226357 0.885651
vt 0.001108 0.996738
vt 0.467611 0.821066
vt 0.368785 0.821066
vt 0.902320 0.977831
vt 0.287671 0.904086
vt 0.983886 0.599305
vt 0.920613 0.854987
vt 0.390368 0.984804
vt 0.453314 0.965057
vt 0.362882 0.965107
vt 0.369216 0.904066
vt 0.615925 0.985709
vt 0.880960 0.935368
vt 0.084238 0.960113
vt 0.921041 0.955438
vt 0.022367 0.939696
vt 0.052278 0.977669
vt 0.590203 0.925379
vt 0.991580 0.560368
vt 0.204098 0.904064
vt 0.993657 0.407539
vt 0.206418 0.823282
vt 0.325826 0.823281
vt 0.989987 0.366543
vt 0.568011 0.985783
vt 0.406145 0.904075
vt 0.992032 0.872451
vt 0.803815 0.852768
vt 0.427254 0.823282
vt 0.985474 0.776367
vt 0.902037 0.424188
vt 0.679316 0.985734
vt 0.223156 0.924608
vt 0.940447 0.975217
vt 0.939471 0.893791
vt 0.897551 0.955484
vt 0.933473 0.975411
vt 0.289114 0.924583
vt 0.974372 0.286863
vt 0.426815 0.924617
vt 0.568122 0.948156
vt 0.444916 0.926833
vt 0.603032 0.945729
vt 0.641469 0.966028
vt 0.181306 0.906280
vt 0.430521 0.984977
vt 0.722214 0.884257
vt 0.735377 0.985816
vt 0.223635 0.862639
vt 0.806070 0.852771
vt 0.745422 0.968299
vt 0.741508 0.865766
vt 0.667585 0.865767
vt 0.983087 0.872930
vt 0.406023 0.862645
vt 0.446530 0.844067
vt 0.980495 0.834233
vt 0.553757 0.884278
vt 0.834595 0.957733
vt 0.918917 0.914750
vt 0.110077 0.957758
vt 0.226059 0.945036
vt 0.323675 0.945064
vt 0.134222 0.957759
vt 0.149063 0.917043
vt 0.975918 0.934869
vt 0.087869 0.917087
vt 0.939531 0.408638
vt 0.556070 0.925473
vt 0.103559 0.937618
vt 0.687905 0.945900
vt 0.068922 0.898651
vt 0.714701 0.966151
vt 0.329529 0.864861
vt 0.974343 0.893727
vt 0.766559 0.854984
vt 0.365419 0.844070
vt 0.533103 0.948072
vt 0.495276 0.865766
vt 0.963518 0.875760
vt 0.470016 0.903678
vt 0.223535 0.883434
vt 0.881752 0.390323
vt 0.238889 0.947252
vt 0.203229 0.864859
vt 0.962529 0.916967
vt 0.860273 0.914948
vt 0.706819 0.945875
vt 0.629545 0.925501
vt 0.658759 0.925501
vt 0.570091 0.945940
vt 0.781049 0.896485
vt 0.964224 0.955481
vt 0.445509 0.883396
vt 0.734587 0.927624
vt 0.627328 0.907071
vt 0.686872 0.907141
vt 0.625244 0.945898
vt 0.880318 0.896459
vt 0.955303 0.442337
vt 0.264568 0.883393
vt 0.469928 0.840857
vt 0.283909 0.883434
vt 0.882578 0.424188
vt 0.471766 0.843074
vt 0.183187 0.864859
vt 0.562873 0.886494
vt 0.821882 0.914948
vt 0.785793 0.854984
vt 0.862780 0.390323
vt 0.024307 0.959853
vt 0.514031 0.865767
vt 0.965041 0.834234
vt 0.105665 0.917087
vt 0.673098 0.927717
vt 0.921133 0.914674
vt 0.086319 0.937618
vt 0.702045 0.945900
vt 0.051872 0.898651
vt 0.733160 0.966151
vt 0.466386 0.883391
vt 0.816934 0.975699
vt 0.206913 0.945059
vt 0.412624 0.926833
vt 0.052278 0.957833
vt 0.902873 0.873379
vt 0.966440 0.954987
vt 0.588610 0.884278
vt 0.977494 0.914137
vt 0.410474 0.844067
vt 0.183812 0.844067
vt 0.984182 0.916967
vt 0.627328 0.865766
vt 0.972342 0.390455
vt 0.919188 0.408715
vt 0.159397 0.939790
vt 0.862437 0.834198
vt 0.610465 0.968135
vt 0.823381 0.875781
vt 0.976769 0.306783
vt 0.385210 0.924619
vt 0.674138 0.948117
vt 0.369216 0.944969
vt 0.541399 0.927606
vt 0.757340 0.966082
vt 0.263476 0.906277
vt 0.328574 0.984975
vt 0.786557 0.875778
vt 0.524029 0.985892
vt 0.325011 0.862639
vt 0.967347 0.975454
vt 0.344636 0.906291
vt 0.629227 0.985743
vt 0.884065 0.854987
vt 0.985304 0.893060
vt 0.386497 0.841853
vt 0.467095 0.823282
vt 0.984606 0.737336
vt 0.345817 0.885606
vt 0.667332 0.968245
vt 0.721576 0.925408
vt 0.796643 0.957731
vt 0.938468 0.442218
vt 0.905099 0.937414
vt 0.992459 0.896359
vt 0.325483 0.885609
vt 0.982230 0.501763
vt 0.553854 0.925389
vt 0.013228 0.959975
vt 0.765313 0.955514
vt 0.846594 0.937576
vt 0.120486 0.977595
vt 0.514892 0.907158
vt 0.981676 0.579902
vt 0.349388 0.885608
vt 0.986878 0.916967
vt 0.447017 0.841851
vt 0.203855 0.823282
vt 0.781471 0.917162
vt 0.981676 0.696315
vt 0.725943 0.886473
vt 0.837102 0.994777
vt 0.409487 0.802499
vt 0.366568 0.802499
vt 0.811152 0.977852
vt 0.745099 0.904911
vt 0.989473 0.618707
vt 0.937254 0.893791
vt 0.248434 0.984856
vt 0.430521 0.965057
vt 0.270355 0.947252
vt 0.178614 0.984859
vt 0.496501 0.886511
vt 0.929311 0.994743
vt 0.304404 0.944976
vt 0.190221 0.984807
vt 0.247641 0.965120
vt 0.602621 0.965785
vt 0.281573 0.984809
vt 0.017127 0.919303
vt 0.784508 0.994819
vt 0.883767 0.896359
vt 0.017149 0.996654
vt 0.325912 0.821065
vt 0.224468 0.802499
vt 0.152660 0.979905
vt 0.978233 0.994808
vt 0.516041 0.904941
vt 0.130245 0.996662
vt 0.305634 0.821065
vt 0.244797 0.802499
vt 0.124579 0.996752
vt 0.536462 0.886511
vt 0.956253 0.977670
vt 0.468291 0.944967
vt 0.218148 0.967640
vt 0.180937 0.947283
vt 0.552892 0.965794
vt 0.498718 0.968011
vt 0.070269 0.919303
vt 0.990779 0.657511
vt 0.920740 0.834233
vt 0.298470 0.967283
vt 0.343551 0.947181
vt 0.402757 0.965068
vt 0.322546 0.984856
vt 0.785690 0.935358
vt 0.981676 0.715717
vt 0.590073 0.904932
vt 0.107881 0.996737
vt 0.305582 0.841848
vt 0.407025 0.802499
vt 0.817916 0.977916
vt 0.610253 0.886494
vt 0.447823 0.904064
vt 0.992730 0.344407
vt 0.183750 0.841850
vt 0.265126 0.823281
vt 0.989987 0.307402
vt 0.265126 0.885610
vt 0.991026 0.482229
vt 0.903157 0.916967
vt 0.132461 0.977603
vt 0.820063 0.937576
vt 0.836703 0.955516
vt 0.054495 0.959975
vt 0.520050 0.925389
vt 0.981676 0.540833
vt 0.723792 0.907127
vt 0.885543 0.975456
vt 0.952699 0.916967
vt 0.953973 0.852264
vt 0.905343 0.957661
vt 0.453000 0.924574
vt 0.584945 0.968252
vt 0.883288 0.875673
vt 0.981676 0.813183
vt 0.406557 0.841853
vt 0.366137 0.823283
vt 0.987863 0.424188
vt 0.901211 0.390323
vt 0.699550 0.985743
vt 0.716918 0.968368
vt 0.284620 0.862639
vt 0.304982 0.844065
vt 0.531913 0.985798
vt 0.842577 0.875781
vt 0.983394 0.344407
vt 0.430521 0.906280
vt 0.650063 0.966028
vt 0.403408 0.926844
vt 0.512898 0.945739
vt 0.963036 0.896359
vt 0.309440 0.924614
vt 0.984619 0.390455
vt 0.861891 0.894271
vt 0.261825 0.926830
vt 0.200661 0.945067
vt 0.073848 0.939834
vt 0.917057 0.875596
vt 0.976305 0.424188
vt 0.665077 0.884278
vt 0.984761 0.957698
vt 0.345768 0.862645
vt 0.248067 0.862642
vt 0.984183 0.954987
vt 0.646276 0.865766
vt 0.685650 0.966019
vt 0.920014 0.442579
vt 0.056691 0.957759
vt 0.450233 0.862647
vt 0.970356 0.852200
vt 0.516247 0.884294
vt 0.487346 0.966016
vt 0.141256 0.917087
vt 0.631434 0.945900
vt 0.921843 0.935282
vt 0.161197 0.937574
vt 0.572704 0.927724
vt 0.020055 0.917087
vt 0.622765 0.948114
vt 0.348806 0.864864
vt 0.969563 0.957698
vt 0.861904 0.873564
vt 0.682572 0.925501
vt 0.040430 0.919303
vt 0.207555 0.885650
vt 0.216222 0.947275
vt 0.865050 0.834233
vt 0.476428 0.905895
vt 0.243592 0.883434
vt 0.823381 0.854987
vt 0.471766 0.820570
vt 0.410821 0.883396
vt 0.959618 0.914508
vt 0.801150 0.896485
vt 0.755893 0.945954
vt 0.627328 0.886494
vt 0.620446 0.445109
vt 0.762281 0.863550
vt 0.478738 0.863550
vt 0.747298 0.442893
vt 0.478737 0.351943
vt 0.747298 0.001108
vt 0.831542 0.442766
vt 0.797716 0.001108
vt 0.843701 0.001108
vt 0.760098 0.442766
vt 0.795499 0.001108
vt 0.784916 0.442766
vt 0.975649 0.001108
vt 0.998892 0.284647
vt 0.974074 0.284647
vt 0.809875 0.442766
vt 0.749514 0.001108
vt 0.997317 0.001108
vt 0.476287 0.573527
vt 0.417802 0.622595
vt 0.426792 0.569919
vt 0.473762 0.506709
vt 0.421627 0.518713
vt 0.449526 0.445905
vt 0.403660 0.473050
vt 0.407971 0.400636
vt 0.375845 0.436163
vt 0.324143 0.766737
vt 0.272196 0.798989
vt 0.316880 0.757244
vt 0.375976 0.734284
vt 0.360479 0.717403
vt 0.422318 0.692024
vt 0.395055 0.672713
vt 0.457758 0.637484
vt 0.343673 0.704363
vt 0.368938 0.659521
vt 0.383380 0.614165
vt 0.387249 0.570020
vt 0.381467 0.529070
vt 0.367468 0.492997
vt 0.346827 0.463150
vt 0.272136 0.797611
vt 0.308183 0.749302
vt 0.349113 0.537842
vt 0.338099 0.508286
vt 0.322454 0.483604
vt 0.270941 0.795712
vt 0.298461 0.742931
vt 0.326389 0.694598
vt 0.344468 0.650687
vt 0.353488 0.609597
vt 0.354629 0.571776
vt 0.321641 0.644913
vt 0.327109 0.607317
vt 0.326882 0.574113
vt 0.322080 0.545057
vt 0.313566 0.520014
vt 0.301831 0.499052
vt 0.268492 0.793771
vt 0.288023 0.738057
vt 0.309080 0.687527
vt 0.292418 0.528792
vt 0.283951 0.510433
vt 0.264900 0.792092
vt 0.277101 0.734574
vt 0.291954 0.682652
vt 0.300226 0.641301
vt 0.303348 0.606371
vt 0.302550 0.576442
vt 0.298707 0.550741
vt 0.281430 0.606176
vt 0.280532 0.578428
vt 0.277783 0.554916
vt 0.273551 0.534985
vt 0.267924 0.518334
vt 0.260349 0.790878
vt 0.265865 0.732375
vt 0.275068 0.679593
vt 0.279899 0.639247
vt 0.255057 0.790250
vt 0.254442 0.731365
vt 0.258387 0.678082
vt 0.260300 0.638374
vt 0.260672 0.606387
vt 0.259930 0.579874
vt 0.258349 0.557593
vt 0.256111 0.538797
vt 0.253230 0.523124
vt 0.240452 0.606822
vt 0.239958 0.580678
vt 0.239537 0.558761
vt 0.239158 0.540297
vt 0.238794 0.524762
vt 0.249253 0.790266
vt 0.242929 0.731472
vt 0.241834 0.677959
vt 0.241057 0.638474
vt 0.225294 0.678744
vt 0.221819 0.639119
vt 0.220226 0.607155
vt 0.219974 0.580635
vt 0.220712 0.558340
vt 0.222202 0.539539
vt 0.224377 0.523855
vt 0.239050 0.790485
vt 0.231421 0.731843
vt 0.201240 0.556396
vt 0.204734 0.536449
vt 0.209655 0.519858
vt 0.233256 0.790734
vt 0.220043 0.733328
vt 0.208673 0.680925
vt 0.202248 0.640751
vt 0.199461 0.607723
vt 0.199340 0.579950
vt 0.191897 0.684665
vt 0.181979 0.643591
vt 0.177533 0.608727
vt 0.177262 0.578738
vt 0.180251 0.552928
vt 0.185859 0.530895
vt 0.193768 0.512557
vt 0.228003 0.791604
vt 0.208898 0.735997
vt 0.156723 0.547934
vt 0.164616 0.522651
vt 0.175979 0.501574
vt 0.223520 0.793031
vt 0.198117 0.739940
vt 0.174945 0.690239
vt 0.160661 0.648042
vt 0.153752 0.610544
vt 0.152813 0.577223
vt 0.137987 0.654729
vt 0.127343 0.613808
vt 0.124846 0.575799
vt 0.129350 0.541435
vt 0.139762 0.511350
vt 0.155262 0.486237
vt 0.220020 0.794881
vt 0.187876 0.745260
vt 0.157889 0.698031
vt 0.109622 0.496422
vt 0.130326 0.465540
vt 0.217677 0.796941
vt 0.178411 0.752053
vt 0.140965 0.708537
vt 0.113766 0.664585
vt 0.097430 0.619547
vt 0.091866 0.575166
vt 0.096342 0.533507
vt 0.063062 0.629442
vt 0.051809 0.576584
vt 0.055044 0.524341
vt 0.071852 0.476901
vt 0.099807 0.437939
vt 0.216587 0.798900
vt 0.170039 0.760380
vt 0.124659 0.722323
vt 0.088062 0.678930
vt 0.063764 0.400955
vt 0.216605 0.800283
vt 0.163171 0.770204
vt 0.109842 0.739919
vt 0.061488 0.699522
vt 0.023390 0.646205
vt 0.001732 0.582413
vt 0.001108 0.514334
vt 0.022902 0.450636
vt 0.024102 0.154459
vt 0.089148 0.121966
vt 0.063830 0.171476
vt 0.002035 0.218400
vt 0.052295 0.224474
vt 0.001108 0.286800
vt 0.055333 0.276947
vt 0.022794 0.350909
vt 0.072058 0.324655
vt 0.100050 0.363872
vt 0.164880 0.030930
vt 0.218564 0.001108
vt 0.171703 0.040807
vt 0.111301 0.060959
vt 0.126050 0.078670
vt 0.062610 0.101178
vt 0.110034 0.305157
vt 0.130740 0.336211
vt 0.218529 0.002494
vt 0.180040 0.049193
vt 0.142316 0.092566
vt 0.114848 0.136472
vt 0.098265 0.181556
vt 0.092496 0.226059
vt 0.096828 0.267887
vt 0.128245 0.187435
vt 0.125594 0.225547
vt 0.129983 0.260043
vt 0.140313 0.290263
vt 0.155765 0.315487
vt 0.219599 0.004466
vt 0.189479 0.056045
vt 0.159217 0.103172
vt 0.139083 0.146459
vt 0.221921 0.006549
vt 0.199702 0.061426
vt 0.176261 0.111055
vt 0.161778 0.153254
vt 0.154716 0.190805
vt 0.153661 0.224217
vt 0.157480 0.253619
vt 0.165282 0.279018
vt 0.176484 0.300158
vt 0.178554 0.192705
vt 0.178204 0.222771
vt 0.181144 0.248688
vt 0.186716 0.270869
vt 0.194574 0.289461
vt 0.225403 0.008430
vt 0.210470 0.065428
vt 0.193210 0.116711
vt 0.183119 0.157793
vt 0.221606 0.068156
vt 0.209985 0.120526
vt 0.203407 0.160707
vt 0.200526 0.193770
vt 0.200358 0.221602
vt 0.202253 0.245243
vt 0.205786 0.265327
vt 0.210823 0.282157
vt 0.229871 0.009894
vt 0.221037 0.220931
vt 0.221792 0.243274
vt 0.223351 0.262143
vt 0.225666 0.277906
vt 0.235113 0.010807
vt 0.232978 0.069699
vt 0.226605 0.122776
vt 0.222988 0.162401
vt 0.221317 0.194382
vt 0.243142 0.123627
vt 0.242227 0.163103
vt 0.241549 0.194748
vt 0.241032 0.220887
vt 0.240638 0.242800
vt 0.240344 0.261261
vt 0.240144 0.276794
vt 0.240901 0.011100
vt 0.244484 0.070128
vt 0.257254 0.262635
vt 0.254517 0.278224
vt 0.251100 0.011381
vt 0.255993 0.070293
vt 0.259690 0.123571
vt 0.261461 0.163261
vt 0.261755 0.195218
vt 0.260984 0.221689
vt 0.259422 0.243916
vt 0.281041 0.162450
vt 0.282478 0.195472
vt 0.281533 0.223150
vt 0.278781 0.246564
vt 0.274591 0.266349
vt 0.269089 0.282755
vt 0.256906 0.011441
vt 0.267416 0.069341
vt 0.276363 0.122130
vt 0.293252 0.272549
vt 0.284740 0.290638
vt 0.262205 0.010856
vt 0.278654 0.067201
vt 0.293243 0.119146
vt 0.301340 0.160470
vt 0.304342 0.195338
vt 0.303467 0.225176
vt 0.299576 0.250760
vt 0.328037 0.194473
vt 0.327695 0.227575
vt 0.322802 0.256507
vt 0.314194 0.281421
vt 0.302291 0.302304
vt 0.266768 0.009680
vt 0.289583 0.063780
vt 0.310364 0.114354
vt 0.322722 0.156946
vt 0.322897 0.317773
vt 0.270375 0.008033
vt 0.300034 0.058967
vt 0.327675 0.107376
vt 0.345518 0.151280
vt 0.354344 0.192299
vt 0.355332 0.230004
vt 0.349701 0.263797
vt 0.338601 0.293210
vt 0.384158 0.187869
vt 0.387827 0.231879
vt 0.381904 0.272653
vt 0.367828 0.308541
vt 0.347174 0.338216
vt 0.272843 0.006117
vt 0.309776 0.052659
vt 0.344973 0.097715
vt 0.369963 0.142579
vt 0.376031 0.365165
vt 0.274057 0.004232
vt 0.318502 0.044779
vt 0.361809 0.084789
vt 0.396071 0.129549
vt 0.418501 0.179620
vt 0.427219 0.232139
vt 0.421869 0.283112
vt 0.403825 0.328517
vt 0.476521 0.228760
vt 0.473725 0.295251
vt 0.449414 0.355670
vt 0.274132 0.002858
vt 0.325805 0.035344
vt 0.377364 0.068029
vt 0.423353 0.110436
vt 0.458382 0.164979
vt 0.961461 0.444983
vt 0.969352 0.831981
vt 0.961461 0.831981
vt 0.943642 0.001108
vt 0.951643 0.388107
vt 0.943642 0.388107
vt 0.922811 0.001108
vt 0.931010 0.388107
vt 0.922811 0.388107
vt 0.909528 0.444983
vt 0.917980 0.831981
vt 0.909528 0.831981
vt 0.887927 0.444983
vt 0.896644 0.831981
vt 0.887927 0.831981
vt 0.877392 0.388107
vt 0.868438 0.001108
vt 0.877392 0.001108
vt 0.843302 0.444983
vt 0.852435 0.831981
vt 0.843302 0.831981
vt 0.809160 0.444983
vt 0.818387 0.831981
vt 0.809160 0.831981
vt 0.774828 0.444983
vt 0.784056 0.831981
vt 0.774828 0.831981
vt 0.845917 0.001108
vt 0.855050 0.388107
vt 0.845917 0.388107
vt 0.865822 0.444983
vt 0.874777 0.831981
vt 0.865822 0.831981
vt 0.876994 0.444983
vt 0.885710 0.831981
vt 0.876994 0.831981
vt 0.901475 0.001108
vt 0.909927 0.388107
vt 0.901475 0.388107
vt 0.920196 0.444983
vt 0.928396 0.831981
vt 0.920196 0.831981
vt 0.959245 0.831981
vt 0.951245 0.444983
vt 0.959245 0.444983
vt 0.953859 0.001108
vt 0.961750 0.388107
vt 0.953859 0.388107
vt 0.963966 0.001108
vt 0.971858 0.388107
vt 0.963966 0.388107
vt 0.941028 0.444983
vt 0.949028 0.831981
vt 0.941028 0.831981
vt 0.938811 0.831981
vt 0.930612 0.444983
vt 0.938811 0.444983
vt 0.898860 0.444983
vt 0.907311 0.831981
vt 0.898860 0.831981
vt 0.888325 0.388107
vt 0.879608 0.001108
vt 0.888325 0.001108
vt 0.866221 0.388107
vt 0.857266 0.001108
vt 0.866221 0.001108
vt 0.831953 0.444983
vt 0.841086 0.831981
vt 0.831953 0.831981
vt 0.797716 0.444983
vt 0.806943 0.831981
vt 0.797716 0.831981
vt 0.795499 0.831981
vt 0.786272 0.444983
vt 0.795499 0.444983
vt 0.829736 0.831981
vt 0.820603 0.444983
vt 0.829737 0.444983
vt 0.863606 0.831981
vt 0.854651 0.444983
vt 0.863606 0.444983
vt 0.899258 0.388107
vt 0.890541 0.001108
vt 0.899258 0.001108
vt 0.912143 0.001108
vt 0.920595 0.388107
vt 0.912143 0.388107
vt 0.933227 0.001108
vt 0.941426 0.388107
vt 0.933227 0.388107
vt 0.135123 0.894146
vt 0.084943 0.864335
vt 0.111764 0.804788
vt 0.764611 0.444983
vt 0.772612 0.831981
vt 0.764611 0.831981
vt 0.971569 0.444983
vt 0.979460 0.831981
vt 0.971569 0.831981
vt 0.052827 0.894876
vt 0.002647 0.861926
vt 0.029469 0.804057
vt 0.969352 0.444983
vt 0.951643 0.001108
vt 0.931010 0.001108
vt 0.917980 0.444983
vt 0.896644 0.444983
vt 0.868438 0.388107
vt 0.852435 0.444983
vt 0.818387 0.444983
vt 0.784056 0.444983
vt 0.855050 0.001108
vt 0.874777 0.444983
vt 0.885710 0.444983
vt 0.909927 0.001108
vt 0.928396 0.444983
vt 0.951245 0.831981
vt 0.961750 0.001108
vt 0.971857 0.001108
vt 0.949028 0.444983
vt 0.930612 0.831981
vt 0.907311 0.444983
vt 0.879608 0.388107
vt 0.857266 0.388107
vt 0.841086 0.444983
vt 0.806943 0.444983
vt 0.786272 0.831981
vt 0.820603 0.831981
vt 0.854651 0.831981
vt 0.890541 0.388107
vt 0.920595 0.001108
vt 0.941426 0.001108
vt 0.119499 0.802745
vt 0.127386 0.802499
vt 0.135122 0.804057
vt 0.142409 0.807361
vt 0.148967 0.812282
vt 0.154544 0.818632
vt 0.158926 0.826168
vt 0.161944 0.834598
vt 0.163483 0.843601
vt 0.163483 0.852828
vt 0.161944 0.861927
vt 0.158926 0.870546
vt 0.154544 0.878356
vt 0.148967 0.885055
vt 0.142410 0.890386
vt 0.127387 0.896188
vt 0.104478 0.891573
vt 0.119500 0.896434
vt 0.111764 0.894876
vt 0.097920 0.886651
vt 0.092343 0.880301
vt 0.087961 0.872765
vt 0.083404 0.855333
vt 0.087961 0.828387
vt 0.083404 0.846105
vt 0.084942 0.837007
vt 0.092342 0.820578
vt 0.097919 0.813878
vt 0.104477 0.808547
vt 0.772612 0.444983
vt 0.979460 0.444983
vt 0.037205 0.802499
vt 0.045092 0.802745
vt 0.052827 0.804788
vt 0.060114 0.808547
vt 0.066672 0.813878
vt 0.072249 0.820578
vt 0.076631 0.828387
vt 0.079649 0.837007
vt 0.081187 0.846105
vt 0.081187 0.855333
vt 0.079649 0.864335
vt 0.076630 0.872766
vt 0.072248 0.880301
vt 0.066671 0.886651
vt 0.060113 0.891573
vt 0.045091 0.896434
vt 0.037204 0.896188
vt 0.029468 0.894146
vt 0.022181 0.890386
vt 0.015624 0.885055
vt 0.010047 0.878355
vt 0.005665 0.870546
vt 0.001108 0.852828
vt 0.001108 0.843601
vt 0.002647 0.834598
vt 0.005666 0.826168
vt 0.010048 0.818632
vt 0.015624 0.812282
vt 0.022182 0.807360
s 1
usemtl マテリアル.003
f 479/1/1 17/2/1 18/3/1
f 476/4/2 11/5/2 2/6/3
f 479/7/4 19/8/4 480/9/4
f 477/10/5 11/11/5 12/12/5
f 480/13/6 20/14/6 481/15/6
f 3/16/7 12/17/7 13/18/7
f 481/19/8 21/20/9 482/21/9
f 3/22/10 14/23/10 4/24/10
f 474/25/11 82/26/11 7/27/11
f 308/28/12 482/29/12 21/30/12
f 4/31/13 15/32/13 5/33/14
f 475/34/15 7/35/16 8/36/15
f 5/37/17 16/38/17 478/39/17
f 1/40/18 8/41/18 9/42/18
f 478/43/19 17/44/19 6/45/19
f 476/46/20 9/47/20 10/48/20
f 17/49/21 31/50/21 32/51/21
f 9/52/22 25/53/22 10/54/22
f 18/55/23 32/56/23 33/57/23
f 10/58/24 26/59/24 11/60/24
f 19/61/25 33/62/25 34/63/25
f 11/64/26 27/65/26 12/66/26
f 20/67/27 34/68/27 35/69/27
f 13/70/28 27/71/28 28/72/28
f 20/73/29 36/74/29 21/75/29
f 13/76/30 29/77/30 14/78/30
f 7/79/31 82/80/31 22/81/31
f 308/82/32 21/83/32 36/84/32
f 14/85/33 30/86/33 15/87/33
f 7/88/34 23/89/34 8/90/34
f 15/91/35 31/92/35 16/93/35
f 8/94/36 24/95/37 9/96/37
f 36/97/38 50/98/38 51/99/38
f 29/100/39 43/101/39 44/102/39
f 22/103/40 82/104/40 37/105/40
f 308/106/41 36/107/41 51/108/41
f 29/109/42 45/110/42 30/111/42
f 22/112/43 38/113/43 23/114/43
f 30/115/44 46/116/44 31/117/44
f 23/118/45 39/119/46 24/120/46
f 32/121/47 46/122/47 47/123/47
f 24/124/48 40/125/48 25/126/48
f 33/127/49 47/128/49 48/129/49
f 25/130/50 41/131/50 26/132/50
f 34/133/51 48/134/51 49/135/51
f 26/136/52 42/137/52 27/138/52
f 35/139/53 49/140/53 50/141/53
f 28/142/54 42/143/54 43/144/54
f 39/145/55 55/146/55 40/147/56
f 47/148/57 63/149/57 48/150/57
f 41/151/58 55/152/58 56/153/58
f 49/154/59 63/155/59 64/156/59
f 41/157/60 57/158/60 42/159/60
f 50/160/61 64/161/61 65/162/61
f 43/163/62 57/164/62 58/165/63
f 51/166/64 65/167/65 66/168/64
f 44/169/66 58/170/66 59/171/66
f 37/172/67 82/173/67 52/174/67
f 308/175/68 51/176/68 66/177/68
f 44/178/69 60/179/69 45/180/69
f 37/181/70 53/182/71 38/183/71
f 45/184/72 61/185/72 46/186/72
f 38/187/73 54/188/73 39/189/73
f 47/190/74 61/191/74 62/192/74
f 59/193/75 73/194/75 74/195/75
f 52/196/76 82/197/76 67/198/76
f 308/199/77 66/200/77 81/201/77
f 59/202/78 75/203/78 60/204/78
f 53/205/79 67/206/79 68/207/79
f 60/208/80 76/209/80 61/210/80
f 54/211/81 68/212/81 69/213/81
f 62/214/82 76/215/82 77/216/82
f 54/217/83 70/218/83 55/219/83
f 62/220/84 78/221/84 63/222/84
f 56/223/85 70/224/85 71/225/85
f 64/226/86 78/227/86 79/228/86
f 56/229/87 72/230/87 57/231/87
f 64/232/88 80/233/88 65/234/88
f 58/235/89 72/236/89 73/237/89
f 65/238/90 81/239/90 66/240/90
f 77/241/91 94/242/91 78/243/91
f 71/244/92 86/245/92 87/246/92
f 79/247/93 94/248/93 95/249/93
f 71/250/94 88/251/94 72/252/94
f 80/253/95 95/254/95 96/255/95
f 73/256/96 88/257/96 89/258/96
f 81/259/97 96/260/97 97/261/97
f 74/262/98 89/263/98 90/264/98
f 67/265/99 82/266/99 83/267/99
f 308/268/100 81/269/100 97/270/100
f 74/271/101 91/272/101 75/273/101
f 67/274/102 84/275/102 68/276/102
f 75/277/103 92/278/103 76/279/103
f 68/280/104 85/281/104 69/282/104
f 77/283/105 92/284/105 93/285/105
f 69/286/106 86/287/106 70/288/106
f 83/289/107 82/290/107 98/291/107
f 308/292/108 97/293/108 112/294/108
f 90/295/109 106/296/109 91/297/109
f 83/298/110 99/299/110 84/300/110
f 91/301/111 107/302/111 92/303/112
f 85/304/113 99/305/113 100/306/114
f 93/307/115 107/308/115 108/309/115
f 85/310/116 101/311/116 86/312/116
f 93/313/117 109/314/117 94/315/117
f 87/316/118 101/317/118 102/318/118
f 95/319/119 109/320/119 110/321/119
f 87/322/120 103/323/120 88/324/120
f 95/325/121 111/326/121 96/327/121
f 89/328/122 103/329/122 104/330/122
f 96/331/123 112/332/124 97/333/124
f 90/334/125 104/335/125 105/336/126
f 102/337/127 116/338/127 117/339/127
f 110/340/128 124/341/128 125/342/128
f 102/343/129 118/344/129 103/345/129
f 111/346/130 125/347/130 126/348/131
f 104/349/132 118/350/132 119/351/132
f 111/352/133 127/353/133 112/354/133
f 105/355/134 119/356/134 120/357/135
f 98/358/136 82/359/136 113/360/136
f 308/361/137 112/362/137 127/363/137
f 105/364/138 121/365/138 106/366/138
f 98/367/139 114/368/139 99/369/139
f 106/370/140 122/371/140 107/372/140
f 99/373/141 115/374/141 100/375/141
f 108/376/142 122/377/142 123/378/142
f 100/379/143 116/380/143 101/381/143
f 108/382/144 124/383/144 109/384/144
f 120/385/145 136/386/145 121/387/145
f 114/388/146 128/389/146 129/390/146
f 121/391/147 137/392/147 122/393/147
f 115/394/148 129/395/148 130/396/148
f 123/397/149 137/398/149 138/399/149
f 115/400/150 131/401/150 116/402/150
f 123/403/151 139/404/151 124/405/151
f 117/406/152 131/407/152 132/408/152
f 125/409/153 139/410/153 140/411/153
f 117/412/154 133/413/154 118/414/154
f 125/415/155 141/416/155 126/417/156
f 119/418/157 133/419/157 134/420/157
f 126/421/158 142/422/158 127/423/158
f 120/424/159 134/425/159 135/426/160
f 113/427/161 82/428/161 128/429/161
f 308/430/162 127/431/162 142/432/162
f 140/433/163 154/434/163 155/435/163
f 132/436/164 148/437/164 133/438/164
f 141/439/165 155/440/165 156/441/165
f 134/442/166 148/443/166 149/444/167
f 141/445/168 157/446/168 142/447/168
f 135/448/169 149/449/169 150/450/170
f 128/451/171 82/452/171 143/453/171
f 308/454/172 142/455/172 157/456/172
f 135/457/173 151/458/173 136/459/173
f 128/460/174 144/461/174 129/462/174
f 136/463/175 152/464/175 137/465/175
f 129/466/176 145/467/176 130/468/177
f 138/469/178 152/470/178 153/471/178
f 130/472/179 146/473/179 131/474/179
f 138/475/180 154/476/180 139/477/180
f 132/478/181 146/479/181 147/480/181
f 151/481/182 167/482/182 152/483/182
f 144/484/183 160/485/183 145/486/183
f 153/487/184 167/488/184 168/489/184
f 145/490/185 161/491/185 146/492/185
f 153/493/186 169/494/186 154/495/186
f 147/496/187 161/497/187 162/498/187
f 155/499/188 169/500/188 170/501/188
f 147/502/189 163/503/189 148/504/189
f 156/505/190 170/506/190 171/507/190
f 149/508/191 163/509/191 164/510/191
f 157/511/192 171/512/192 172/513/192
f 150/514/193 164/515/193 165/516/193
f 143/517/194 82/518/194 158/519/194
f 308/520/195 157/521/195 172/522/195
f 150/523/196 166/524/196 151/525/196
f 143/526/197 159/527/197 144/528/197
f 171/529/198 185/530/199 186/531/198
f 164/532/200 178/533/200 179/534/200
f 172/535/201 186/536/201 187/537/201
f 165/538/202 179/539/202 180/540/202
f 158/541/203 82/542/203 173/543/203
f 308/544/204 172/545/204 187/546/204
f 165/547/205 181/548/205 166/549/205
f 158/550/206 174/551/206 159/552/206
f 166/553/207 182/554/207 167/555/207
f 159/556/208 175/557/208 160/558/208
f 168/559/209 182/560/209 183/561/209
f 160/562/210 176/563/210 161/564/210
f 168/565/211 184/566/211 169/567/211
f 162/568/212 176/569/212 177/570/212
f 170/571/213 184/572/213 185/573/213
f 162/574/214 178/575/214 163/576/214
f 175/577/215 189/578/215 190/579/215
f 183/580/216 197/581/216 198/582/217
f 175/583/218 191/584/218 176/585/218
f 183/586/219 199/587/219 184/588/219
f 177/589/220 191/590/220 192/591/220
f 185/592/221 199/593/221 200/594/221
f 177/595/222 193/596/222 178/597/222
f 185/598/223 201/599/223 186/600/223
f 179/601/224 193/602/225 194/603/224
f 186/604/226 202/605/227 187/606/227
f 180/607/228 194/608/228 195/609/228
f 173/610/229 82/611/229 188/612/229
f 308/613/230 187/614/230 202/615/230
f 180/616/231 196/617/231 181/618/231
f 174/619/232 188/620/233 189/621/232
f 181/622/234 197/623/235 182/624/235
f 194/625/236 208/626/236 209/627/236
f 202/628/237 216/629/238 217/630/237
f 195/631/239 209/632/239 210/633/239
f 188/634/240 82/635/240 203/636/240
f 308/637/241 202/638/241 217/639/241
f 195/640/242 211/641/242 196/642/242
f 188/643/243 204/644/243 189/645/243
f 196/646/244 212/647/244 197/648/244
f 189/649/245 205/650/246 190/651/246
f 198/652/247 212/653/247 213/654/247
f 190/655/248 206/656/248 191/657/248
f 198/658/249 214/659/249 199/660/249
f 192/661/250 206/662/250 207/663/250
f 200/664/251 214/665/251 215/666/251
f 192/667/252 208/668/252 193/669/252
f 201/670/253 215/671/253 216/672/253
f 213/673/254 227/674/254 228/675/254
f 205/676/255 221/677/255 206/678/255
f 213/679/256 229/680/256 214/681/256
f 207/682/257 221/683/257 222/684/257
f 215/685/258 229/686/258 230/687/258
f 207/688/259 223/689/259 208/690/259
f 216/691/260 230/692/260 231/693/260
f 209/694/261 223/695/261 224/696/261
f 217/697/262 231/698/262 232/699/262
f 210/700/263 224/701/263 225/702/263
f 203/703/264 82/704/264 218/705/264
f 308/706/265 217/707/265 232/708/265
f 210/709/266 226/710/266 211/711/266
f 203/712/267 219/713/267 204/714/267
f 211/715/268 227/716/268 212/717/268
f 204/718/269 220/719/270 205/720/270
f 231/721/271 247/722/272 232/723/272
f 225/724/273 239/725/273 240/726/273
f 218/727/274 82/728/274 233/729/274
f 308/730/275 232/731/275 247/732/275
f 225/733/276 241/734/276 226/735/277
f 219/736/278 233/737/279 234/738/278
f 226/739/280 242/740/280 227/741/280
f 219/742/281 235/743/281 220/744/281
f 228/745/282 242/746/282 243/747/282
f 220/748/283 236/749/283 221/750/283
f 228/751/284 244/752/284 229/753/284
f 222/754/285 236/755/285 237/756/286
f 230/757/287 244/758/287 245/759/287
f 222/760/288 238/761/288 223/762/288
f 231/763/289 245/764/289 246/765/289
f 224/766/290 238/767/290 239/768/290
f 235/769/291 251/770/291 236/771/291
f 243/772/292 259/773/292 244/774/292
f 237/775/293 251/776/293 252/777/294
f 245/778/295 259/779/295 260/780/295
f 237/781/296 253/782/296 238/783/296
f 245/784/297 261/785/297 246/786/297
f 239/787/298 253/788/298 254/789/298
f 246/790/299 262/791/300 247/792/300
f 240/793/301 254/794/301 255/795/301
f 233/796/302 82/797/302 248/798/302
f 308/799/303 247/800/303 262/801/303
f 240/802/304 256/803/304 241/804/305
f 234/805/306 248/806/307 249/807/306
f 241/808/308 257/809/308 242/810/308
f 235/811/309 249/812/309 250/813/309
f 243/814/310 257/815/310 258/816/310
f 255/817/311 269/818/311 270/819/311
f 248/820/312 82/821/312 263/822/312
f 308/823/313 262/824/313 277/825/313
f 255/826/314 271/827/314 256/828/314
f 249/829/315 263/830/315 264/831/315
f 256/832/316 272/833/316 257/834/316
f 249/835/317 265/836/318 250/837/318
f 258/838/319 272/839/319 273/840/319
f 250/841/320 266/842/320 251/843/320
f 258/844/321 274/845/321 259/846/321
f 252/847/322 266/848/322 267/849/322
f 260/850/323 274/851/323 275/852/323
f 252/853/324 268/854/324 253/855/324
f 261/856/325 275/857/325 276/858/325
f 254/859/326 268/860/326 269/861/326
f 261/862/327 277/863/327 262/864/327
f 273/865/328 289/866/328 274/867/328
f 267/868/329 281/869/329 282/870/329
f 275/871/330 289/872/330 290/873/330
f 267/874/331 283/875/331 268/876/331
f 275/877/332 291/878/332 276/879/332
f 269/880/333 283/881/333 284/882/333
f 276/883/334 292/884/334 277/885/334
f 270/886/335 284/887/335 285/888/335
f 263/889/336 82/890/336 278/891/336
f 308/892/337 277/893/337 292/894/337
f 270/895/338 286/896/338 271/897/338
f 263/898/339 279/899/339 264/900/339
f 271/901/340 287/902/340 272/903/340
f 264/904/341 280/905/342 265/906/342
f 273/907/343 287/908/343 288/909/343
f 265/910/344 281/911/344 266/912/344
f 308/913/345 292/914/345 307/915/345
f 285/916/346 301/917/346 286/918/346
f 278/919/347 294/920/348 279/921/348
f 286/922/349 302/923/349 287/924/349
f 280/925/350 294/926/350 295/927/350
f 288/928/351 302/929/351 303/930/351
f 280/931/352 296/932/352 281/933/353
f 288/934/354 304/935/354 289/936/355
f 282/937/356 296/938/356 297/939/356
f 290/940/357 304/941/357 305/942/357
f 282/943/358 298/944/358 283/945/358
f 290/946/359 306/947/359 291/948/359
f 284/949/360 298/950/360 299/951/361
f 292/952/362 306/953/363 307/954/362
f 285/955/364 299/956/364 300/957/364
f 278/958/365 82/959/365 293/960/365
f 305/961/366 320/962/366 321/963/366
f 297/964/367 314/965/367 298/966/367
f 305/967/368 322/968/369 306/969/369
f 299/970/370 314/971/370 315/972/370
f 306/973/371 323/974/371 307/975/371
f 300/976/372 315/977/372 316/978/372
f 293/979/373 82/980/373 309/981/373
f 308/982/374 307/983/374 323/984/374
f 300/985/375 317/986/375 301/987/375
f 294/988/376 309/989/376 310/990/376
f 301/991/377 318/992/377 302/993/377
f 295/994/378 310/995/378 311/996/378
f 303/997/379 318/998/379 319/999/379
f 295/1000/380 312/1001/380 296/1002/380
f 303/1003/381 320/1004/381 304/1005/381
f 297/1006/382 312/1007/382 313/1008/382
f 309/1009/383 325/1010/383 310/1011/383
f 317/1012/384 333/1013/384 318/1014/384
f 310/1015/385 326/1016/385 311/1017/385
f 319/1018/386 333/1019/386 334/1020/386
f 311/1021/387 327/1022/387 312/1023/387
f 319/1024/388 335/1025/388 320/1026/388
f 313/1027/389 327/1028/389 328/1029/389
f 321/1030/390 335/1031/390 336/1032/390
f 313/1033/391 329/1034/391 314/1035/391
f 321/1036/392 337/1037/392 322/1038/392
f 315/1039/393 329/1040/393 330/1041/393
f 323/1042/394 337/1043/394 338/1044/394
f 316/1045/395 330/1046/395 331/1047/395
f 309/1048/396 82/1049/396 324/1050/396
f 308/1051/397 323/1052/397 338/1053/397
f 316/1054/398 332/1055/398 317/1056/398
f 328/1057/399 344/1058/399 329/1059/399
f 336/1060/400 352/1061/400 337/1062/400
f 330/1063/401 344/1064/401 345/1065/401
f 338/1066/402 352/1067/402 353/1068/402
f 331/1069/403 345/1070/403 346/1071/404
f 324/1072/405 82/1073/405 339/1074/405
f 308/1075/406 338/1076/406 353/1077/406
f 331/1078/407 347/1079/407 332/1080/407
f 324/1081/408 340/1082/408 325/1083/408
f 332/1084/409 348/1085/409 333/1086/410
f 326/1087/411 340/1088/411 341/1089/412
f 334/1090/413 348/1091/413 349/1092/413
f 326/1093/414 342/1094/414 327/1095/414
f 334/1096/415 350/1097/415 335/1098/415
f 328/1099/416 342/1100/416 343/1101/416
f 336/1102/417 350/1103/417 351/1104/417
f 347/1105/418 363/1106/418 348/1107/418
f 341/1108/419 355/1109/419 356/1110/419
f 349/1111/420 363/1112/420 364/1113/420
f 341/1114/421 357/1115/421 342/1116/421
f 349/1117/422 365/1118/422 350/1119/422
f 343/1120/423 357/1121/423 358/1122/423
f 351/1123/424 365/1124/424 366/1125/424
f 343/1126/425 359/1127/425 344/1128/425
f 351/1129/426 367/1130/426 352/1131/426
f 345/1132/427 359/1133/427 360/1134/427
f 353/1135/428 367/1136/428 368/1137/428
f 346/1138/429 360/1139/429 361/1140/430
f 339/1141/431 82/1142/431 354/1143/431
f 308/1144/432 353/1145/432 368/1146/432
f 346/1147/433 362/1148/433 347/1149/433
f 339/1150/434 355/1151/434 340/1152/434
f 366/1153/435 382/1154/435 367/1155/436
f 360/1156/437 374/1157/437 375/1158/437
f 367/1159/438 383/1160/438 368/1161/438
f 361/1162/439 375/1163/439 376/1164/439
f 354/1165/440 82/1166/440 369/1167/440
f 308/1168/441 368/1169/441 383/1170/441
f 361/1171/442 377/1172/442 362/1173/442
f 355/1174/443 369/1175/443 370/1176/443
f 362/1177/444 378/1178/444 363/1179/444
f 356/1180/445 370/1181/445 371/1182/445
f 364/1183/446 378/1184/446 379/1185/446
f 356/1186/447 372/1187/447 357/1188/447
f 364/1189/448 380/1190/448 365/1191/448
f 358/1192/449 372/1193/449 373/1194/449
f 366/1195/450 380/1196/450 381/1197/450
f 358/1198/451 374/1199/451 359/1200/451
f 371/1201/452 385/1202/452 386/1203/452
f 379/1204/453 393/1205/453 394/1206/453
f 371/1207/454 387/1208/454 372/1209/454
f 379/1210/455 395/1211/455 380/1212/455
f 373/1213/456 387/1214/456 388/1215/456
f 381/1216/457 395/1217/457 396/1218/457
f 373/1219/458 389/1220/458 374/1221/458
f 381/1222/459 397/1223/459 382/1224/459
f 375/1225/460 389/1226/460 390/1227/461
f 382/1228/462 398/1229/462 383/1230/462
f 376/1231/463 390/1232/463 391/1233/463
f 369/1234/464 82/1235/464 384/1236/464
f 308/1237/465 383/1238/465 398/1239/465
f 376/1240/466 392/1241/466 377/1242/466
f 370/1243/467 384/1244/467 385/1245/467
f 377/1246/468 393/1247/468 378/1248/468
f 390/1249/469 404/1250/469 405/1251/469
f 398/1252/470 412/1253/470 413/1254/470
f 391/1255/471 405/1256/471 406/1257/471
f 384/1258/472 82/1259/472 399/1260/472
f 308/1261/473 398/1262/473 413/1263/473
f 391/1264/474 407/1265/474 392/1266/474
f 384/1267/475 400/1268/475 385/1269/475
f 392/1270/476 408/1271/476 393/1272/476
f 386/1273/477 400/1274/477 401/1275/477
f 394/1276/478 408/1277/478 409/1278/478
f 386/1279/479 402/1280/479 387/1281/479
f 394/1282/480 410/1283/480 395/1284/480
f 388/1285/481 402/1286/481 403/1287/481
f 396/1288/482 410/1289/482 411/1290/482
f 388/1291/483 404/1292/483 389/1293/483
f 396/1294/484 412/1295/484 397/1296/484
f 409/1297/485 423/1298/485 424/1299/485
f 401/1300/486 417/1301/486 402/1302/486
f 409/1303/487 425/1304/487 410/1305/487
f 403/1306/488 417/1307/488 418/1308/488
f 411/1309/489 425/1310/489 426/1311/489
f 403/1312/490 419/1313/490 404/1314/490
f 411/1315/491 427/1316/491 412/1317/491
f 405/1318/492 419/1319/492 420/1320/492
f 412/1321/493 428/1322/493 413/1323/493
f 406/1324/494 420/1325/494 421/1326/494
f 399/1327/495 82/1328/495 414/1329/495
f 308/1330/496 413/1331/496 428/1332/496
f 406/1333/497 422/1334/497 407/1335/497
f 399/1336/498 415/1337/498 400/1338/498
f 407/1339/499 423/1340/499 408/1341/499
f 401/1342/500 415/1343/500 416/1344/500
f 428/1345/501 442/1346/502 443/1347/501
f 421/1348/503 435/1349/503 436/1350/503
f 414/1351/504 82/1352/504 429/1353/504
f 308/1354/505 428/1355/505 443/1356/505
f 421/1357/506 437/1358/506 422/1359/506
f 414/1360/507 430/1361/508 415/1362/508
f 422/1363/509 438/1364/510 423/1365/510
f 416/1366/511 430/1367/511 431/1368/511
f 424/1369/512 438/1370/512 439/1371/513
f 416/1372/514 432/1373/514 417/1374/514
f 424/1375/515 440/1376/515 425/1377/515
f 418/1378/516 432/1379/516 433/1380/516
f 426/1381/517 440/1382/517 441/1383/517
f 418/1384/518 434/1385/518 419/1386/518
f 426/1387/519 442/1388/519 427/1389/519
f 420/1390/520 434/1391/521 435/1392/520
f 439/1393/522 455/1394/522 440/1395/522
f 433/1396/523 447/1397/523 448/1398/523
f 441/1399/524 455/1400/524 456/1401/524
f 433/1402/525 449/1403/525 434/1404/525
f 441/1405/526 457/1406/526 442/1407/526
f 435/1408/527 449/1409/527 450/1410/527
f 442/1411/528 458/1412/528 443/1413/528
f 436/1414/529 450/1415/529 451/1416/529
f 429/1417/530 82/1418/530 444/1419/530
f 308/1420/531 443/1421/531 458/1422/531
f 436/1423/532 452/1424/532 437/1425/532
f 430/1426/533 444/1427/533 445/1428/533
f 437/1429/534 453/1430/534 438/1431/534
f 431/1432/535 445/1433/536 446/1434/535
f 439/1435/537 453/1436/537 454/1437/537
f 431/1438/538 447/1439/538 432/1440/538
f 444/1441/539 82/1442/539 459/1443/539
f 308/1444/540 458/1445/540 473/1446/540
f 451/1447/541 467/1448/541 452/1449/541
f 444/1450/542 460/1451/542 445/1452/542
f 452/1453/543 468/1454/543 453/1455/543
f 446/1456/544 460/1457/545 461/1458/544
f 454/1459/546 468/1460/546 469/1461/546
f 446/1462/547 462/1463/547 447/1464/547
f 454/1465/548 470/1466/548 455/1467/548
f 448/1468/549 462/1469/549 463/1470/549
f 456/1471/550 470/1472/550 471/1473/550
f 448/1474/551 464/1475/551 449/1476/551
f 456/1477/552 472/1478/552 457/1479/552
f 450/1480/553 464/1481/553 465/1482/553
f 458/1483/554 472/1484/554 473/1485/554
f 451/1486/555 465/1487/555 466/1488/555
f 463/1489/556 476/1490/556 2/1491/557
f 471/1492/558 479/1493/558 480/1494/558
f 464/1495/559 2/1496/559 477/1497/559
f 471/1498/560 481/1499/560 472/1500/560
f 465/1501/561 477/1502/561 3/1503/561
f 472/1504/562 482/1505/563 473/1506/563
f 466/1507/564 3/1508/564 4/1509/564
f 459/1510/565 82/1511/565 474/1512/565
f 308/1513/566 473/1514/566 482/1515/566
f 466/1516/567 5/1517/567 467/1518/568
f 459/1519/569 475/1520/570 460/1521/570
f 467/1522/571 478/1523/571 468/1524/571
f 461/1525/572 475/1526/572 1/1527/572
f 468/1528/573 6/1529/573 469/1530/573
f 462/1531/574 1/1532/574 476/1533/574
f 469/1534/575 479/1535/575 470/1536/575
f 479/1/1 6/1537/576 17/2/1
f 476/4/2 10/1538/2 11/5/2
f 479/7/4 18/1539/4 19/8/4
f 477/10/5 2/1540/5 11/11/5
f 480/13/6 19/1541/6 20/14/6
f 3/16/7 477/1542/7 12/17/7
f 481/19/8 20/1543/8 21/20/9
f 3/22/10 13/1544/577 14/23/10
f 4/31/13 14/1545/13 15/32/13
f 475/34/15 474/1546/16 7/35/16
f 5/37/17 15/1547/17 16/38/17
f 1/40/18 475/1548/18 8/41/18
f 478/43/19 16/1549/19 17/44/19
f 476/46/20 1/1550/20 9/47/20
f 17/49/21 16/1551/21 31/50/21
f 9/52/22 24/1552/22 25/53/22
f 18/55/23 17/1553/23 32/56/23
f 10/58/24 25/1554/24 26/59/24
f 19/61/25 18/1555/25 33/62/25
f 11/64/26 26/1556/26 27/65/26
f 20/67/27 19/1557/27 34/68/27
f 13/70/28 12/1558/28 27/71/28
f 20/73/29 35/1559/29 36/74/29
f 13/76/30 28/1560/30 29/77/30
f 14/85/33 29/1561/33 30/86/33
f 7/88/34 22/1562/34 23/89/34
f 15/91/35 30/1563/35 31/92/35
f 8/94/36 23/1564/36 24/95/37
f 36/97/38 35/1565/38 50/98/38
f 29/100/39 28/1566/39 43/101/39
f 29/109/42 44/1567/42 45/110/42
f 22/112/43 37/1568/43 38/113/43
f 30/115/44 45/1569/44 46/116/44
f 23/118/45 38/1570/45 39/119/46
f 32/121/47 31/1571/47 46/122/47
f 24/124/48 39/1572/48 40/125/48
f 33/127/49 32/1573/49 47/128/49
f 25/130/50 40/1574/50 41/131/50
f 34/133/51 33/1575/578 48/134/51
f 26/136/52 41/1576/52 42/137/52
f 35/139/53 34/1577/53 49/140/53
f 28/142/54 27/1578/54 42/143/54
f 39/145/55 54/1579/55 55/146/55
f 47/148/57 62/1580/57 63/149/57
f 41/151/58 40/1581/58 55/152/58
f 49/154/59 48/1582/579 63/155/59
f 41/157/60 56/1583/60 57/158/60
f 50/160/61 49/1584/61 64/161/61
f 43/163/62 42/1585/62 57/164/62
f 51/166/64 50/1586/65 65/167/65
f 44/169/66 43/1587/66 58/170/66
f 44/178/69 59/1588/69 60/179/69
f 37/181/70 52/1589/70 53/182/71
f 45/184/72 60/1590/580 61/185/72
f 38/187/73 53/1591/73 54/188/73
f 47/190/74 46/1592/74 61/191/74
f 59/193/75 58/1593/75 73/194/75
f 59/202/78 74/1594/78 75/203/78
f 53/205/79 52/1595/79 67/206/79
f 60/208/80 75/1596/80 76/209/80
f 54/211/81 53/1597/81 68/212/81
f 62/214/82 61/1598/82 76/215/82
f 54/217/83 69/1599/83 70/218/83
f 62/220/84 77/1600/84 78/221/84
f 56/223/85 55/1601/85 70/224/85
f 64/226/86 63/1602/86 78/227/86
f 56/229/87 71/1603/87 72/230/87
f 64/232/88 79/1604/88 80/233/88
f 58/235/89 57/1605/89 72/236/89
f 65/238/90 80/1606/90 81/239/90
f 77/241/91 93/1607/91 94/242/91
f 71/244/92 70/1608/92 86/245/92
f 79/247/93 78/1609/93 94/248/93
f 71/250/94 87/1610/94 88/251/94
f 80/253/95 79/1611/95 95/254/95
f 73/256/96 72/1612/96 88/257/96
f 81/259/97 80/1613/97 96/260/97
f 74/262/98 73/1614/98 89/263/98
f 74/271/101 90/1615/101 91/272/101
f 67/274/102 83/1616/102 84/275/102
f 75/277/103 91/1617/103 92/278/103
f 68/280/104 84/1618/104 85/281/104
f 77/283/105 76/1619/105 92/284/105
f 69/286/106 85/1620/106 86/287/106
f 90/295/109 105/1621/581 106/296/109
f 83/298/110 98/1622/110 99/299/110
f 91/301/111 106/1623/111 107/302/111
f 85/304/113 84/1624/113 99/305/113
f 93/307/115 92/1625/115 107/308/115
f 85/310/116 100/1626/582 101/311/116
f 93/313/117 108/1627/117 109/314/117
f 87/316/118 86/1628/118 101/317/118
f 95/319/119 94/1629/119 109/320/119
f 87/322/120 102/1630/120 103/323/120
f 95/325/121 110/1631/121 111/326/121
f 89/328/122 88/1632/583 103/329/122
f 96/331/123 111/1633/123 112/332/124
f 90/334/125 89/1634/125 104/335/125
f 102/337/127 101/1635/584 116/338/127
f 110/340/128 109/1636/128 124/341/128
f 102/343/129 117/1637/129 118/344/129
f 111/346/130 110/1638/130 125/347/130
f 104/349/132 103/1639/132 118/350/132
f 111/352/133 126/1640/133 127/353/133
f 105/355/134 104/1641/134 119/356/134
f 105/364/138 120/1642/585 121/365/138
f 98/367/139 113/1643/139 114/368/139
f 106/370/140 121/1644/140 122/371/140
f 99/373/141 114/1645/141 115/374/141
f 108/376/142 107/1646/142 122/377/142
f 100/379/143 115/1647/143 116/380/143
f 108/382/144 123/1648/144 124/383/144
f 120/385/145 135/1649/586 136/386/145
f 114/388/146 113/1650/146 128/389/146
f 121/391/147 136/1651/147 137/392/147
f 115/394/148 114/1652/148 129/395/148
f 123/397/149 122/1653/149 137/398/149
f 115/400/150 130/1654/150 131/401/150
f 123/403/151 138/1655/151 139/404/151
f 117/406/152 116/1656/152 131/407/152
f 125/409/153 124/1657/153 139/410/153
f 117/412/154 132/1658/154 133/413/154
f 125/415/155 140/1659/155 141/416/155
f 119/418/157 118/1660/157 133/419/157
f 126/421/158 141/1661/158 142/422/158
f 120/424/159 119/1662/159 134/425/159
f 140/433/163 139/1663/163 154/434/163
f 132/436/164 147/1664/164 148/437/164
f 141/439/165 140/1665/165 155/440/165
f 134/442/166 133/1666/166 148/443/166
f 141/445/168 156/1667/168 157/446/168
f 135/448/169 134/1668/169 149/449/169
f 135/457/173 150/1669/587 151/458/173
f 128/460/174 143/1670/174 144/461/174
f 136/463/175 151/1671/588 152/464/175
f 129/466/176 144/1672/176 145/467/176
f 138/469/178 137/1673/178 152/470/178
f 130/472/179 145/1674/179 146/473/179
f 138/475/180 153/1675/180 154/476/180
f 132/478/181 131/1676/181 146/479/181
f 151/481/182 166/1677/182 167/482/182
f 144/484/183 159/1678/183 160/485/183
f 153/487/184 152/1679/184 167/488/184
f 145/490/185 160/1680/185 161/491/185
f 153/493/186 168/1681/186 169/494/186
f 147/496/187 146/1682/187 161/497/187
f 155/499/188 154/1683/188 169/500/188
f 147/502/189 162/1684/189 163/503/189
f 156/505/190 155/1685/190 170/506/190
f 149/508/191 148/1686/191 163/509/191
f 157/511/192 156/1687/192 171/512/192
f 150/514/193 149/1688/193 164/515/193
f 150/523/196 165/1689/196 166/524/196
f 143/526/197 158/1690/197 159/527/197
f 171/529/198 170/1691/199 185/530/199
f 164/532/200 163/1692/200 178/533/200
f 172/535/201 171/1693/201 186/536/201
f 165/538/202 164/1694/202 179/539/202
f 165/547/205 180/1695/205 181/548/205
f 158/550/206 173/1696/206 174/551/206
f 166/553/207 181/1697/207 182/554/207
f 159/556/208 174/1698/208 175/557/208
f 168/559/209 167/1699/209 182/560/209
f 160/562/210 175/1700/210 176/563/210
f 168/565/211 183/1701/211 184/566/211
f 162/568/212 161/1702/212 176/569/212
f 170/571/213 169/1703/213 184/572/213
f 162/574/214 177/1704/214 178/575/214
f 175/577/215 174/1705/215 189/578/215
f 183/580/216 182/1706/216 197/581/216
f 175/583/218 190/1707/218 191/584/218
f 183/586/219 198/1708/589 199/587/219
f 177/589/220 176/1709/220 191/590/220
f 185/592/221 184/1710/221 199/593/221
f 177/595/222 192/1711/222 193/596/222
f 185/598/223 200/1712/223 201/599/223
f 179/601/224 178/1713/225 193/602/225
f 186/604/226 201/1714/226 202/605/227
f 180/607/228 179/1715/228 194/608/228
f 180/616/231 195/1716/231 196/617/231
f 174/619/232 173/1717/233 188/620/233
f 181/622/234 196/1718/234 197/623/235
f 194/625/236 193/1719/236 208/626/236
f 202/628/237 201/1720/238 216/629/238
f 195/631/239 194/1721/239 209/632/239
f 195/640/242 210/1722/242 211/641/242
f 188/643/243 203/1723/243 204/644/243
f 196/646/244 211/1724/244 212/647/244
f 189/649/245 204/1725/245 205/650/246
f 198/652/247 197/1726/247 212/653/247
f 190/655/248 205/1727/248 206/656/248
f 198/658/249 213/1728/249 214/659/249
f 192/661/250 191/1729/250 206/662/250
f 200/664/251 199/1730/251 214/665/251
f 192/667/252 207/1731/252 208/668/252
f 201/670/253 200/1732/253 215/671/253
f 213/673/254 212/1733/254 227/674/254
f 205/676/255 220/1734/255 221/677/255
f 213/679/256 228/1735/256 229/680/256
f 207/682/257 206/1736/257 221/683/257
f 215/685/258 214/1737/258 229/686/258
f 207/688/259 222/1738/259 223/689/259
f 216/691/260 215/1739/260 230/692/260
f 209/694/261 208/1740/261 223/695/261
f 217/697/262 216/1741/262 231/698/262
f 210/700/263 209/1742/263 224/701/263
f 210/709/266 225/1743/266 226/710/266
f 203/712/267 218/1744/267 219/713/267
f 211/715/268 226/1745/268 227/716/268
f 204/718/269 219/1746/269 220/719/270
f 231/721/271 246/1747/271 247/722/272
f 225/724/273 224/1748/590 239/725/273
f 225/733/276 240/1749/276 241/734/276
f 219/736/278 218/1750/279 233/737/279
f 226/739/280 241/1751/280 242/740/280
f 219/742/281 234/1752/281 235/743/281
f 228/745/282 227/1753/282 242/746/282
f 220/748/283 235/1754/283 236/749/283
f 228/751/284 243/1755/591 244/752/284
f 222/754/285 221/1756/285 236/755/285
f 230/757/287 229/1757/287 244/758/287
f 222/760/288 237/1758/288 238/761/288
f 231/763/289 230/1759/289 245/764/289
f 224/766/290 223/1760/290 238/767/290
f 235/769/291 250/1761/291 251/770/291
f 243/772/292 258/1762/592 259/773/292
f 237/775/293 236/1763/293 251/776/293
f 245/778/295 244/1764/295 259/779/295
f 237/781/296 252/1765/296 253/782/296
f 245/784/297 260/1766/297 261/785/297
f 239/787/298 238/1767/298 253/788/298
f 246/790/299 261/1768/299 262/791/300
f 240/793/301 239/1769/593 254/794/301
f 240/802/304 255/1770/304 256/803/304
f 234/805/306 233/1771/307 248/806/307
f 241/808/308 256/1772/308 257/809/308
f 235/811/309 234/1773/309 249/812/309
f 243/814/310 242/1774/310 257/815/310
f 255/817/311 254/1775/311 269/818/311
f 255/826/314 270/1776/314 271/827/314
f 249/829/315 248/1777/315 263/830/315
f 256/832/316 271/1778/316 272/833/316
f 249/835/317 264/1779/317 265/836/318
f 258/838/319 257/1780/319 272/839/319
f 250/841/320 265/1781/320 266/842/320
f 258/844/321 273/1782/321 274/845/321
f 252/847/322 251/1783/322 266/848/322
f 260/850/323 259/1784/323 274/851/323
f 252/853/324 267/1785/324 268/854/324
f 261/856/325 260/1786/325 275/857/325
f 254/859/326 253/1787/326 268/860/326
f 261/862/327 276/1788/327 277/863/327
f 273/865/328 288/1789/328 289/866/328
f 267/868/329 266/1790/329 281/869/329
f 275/871/330 274/1791/594 289/872/330
f 267/874/331 282/1792/331 283/875/331
f 275/877/332 290/1793/332 291/878/332
f 269/880/333 268/1794/333 283/881/333
f 276/883/334 291/1795/595 292/884/334
f 270/886/335 269/1796/335 284/887/335
f 270/895/338 285/1797/338 286/896/338
f 263/898/339 278/1798/339 279/899/339
f 271/901/340 286/1799/340 287/902/340
f 264/904/341 279/1800/341 280/905/342
f 273/907/343 272/1801/343 287/908/343
f 265/910/344 280/1802/344 281/911/344
f 285/916/346 300/1803/346 301/917/346
f 278/919/347 293/1804/347 294/920/348
f 286/922/349 301/1805/596 302/923/349
f 280/925/350 279/1806/350 294/926/350
f 288/928/351 287/1807/597 302/929/351
f 280/931/352 295/1808/352 296/932/352
f 288/934/354 303/1809/354 304/935/354
f 282/937/356 281/1810/356 296/938/356
f 290/940/357 289/1811/598 304/941/357
f 282/943/358 297/1812/358 298/944/358
f 290/946/359 305/1813/359 306/947/359
f 284/949/360 283/1814/360 298/950/360
f 292/952/362 291/1815/363 306/953/363
f 285/955/364 284/1816/364 299/956/364
f 305/961/366 304/1817/366 320/962/366
f 297/964/367 313/1818/367 314/965/367
f 305/967/368 321/1819/368 322/968/369
f 299/970/370 298/1820/370 314/971/370
f 306/973/371 322/1821/371 323/974/371
f 300/976/372 299/1822/372 315/977/372
f 300/985/375 316/1823/375 317/986/375
f 294/988/376 293/1824/376 309/989/376
f 301/991/377 317/1825/377 318/992/377
f 295/994/378 294/1826/378 310/995/378
f 303/997/379 302/1827/379 318/998/379
f 295/1000/380 311/1828/380 312/1001/380
f 303/1003/381 319/1829/381 320/1004/381
f 297/1006/382 296/1830/382 312/1007/382
f 309/1009/383 324/1831/383 325/1010/383
f 317/1012/384 332/1832/384 333/1013/384
f 310/1015/385 325/1833/385 326/1016/385
f 319/1018/386 318/1834/386 333/1019/386
f 311/1021/387 326/1835/387 327/1022/387
f 319/1024/388 334/1836/388 335/1025/388
f 313/1027/389 312/1837/389 327/1028/389
f 321/1030/390 320/1838/390 335/1031/390
f 313/1033/391 328/1839/391 329/1034/391
f 321/1036/392 336/1840/392 337/1037/392
f 315/1039/393 314/1841/393 329/1040/393
f 323/1042/394 322/1842/394 337/1043/394
f 316/1045/395 315/1843/395 330/1046/395
f 316/1054/398 331/1844/398 332/1055/398
f 328/1057/399 343/1845/399 344/1058/399
f 336/1060/400 351/1846/400 352/1061/400
f 330/1063/401 329/1847/599 344/1064/401
f 338/1066/402 337/1848/600 352/1067/402
f 331/1069/403 330/1849/403 345/1070/403
f 331/1078/407 346/1850/601 347/1079/407
f 324/1081/408 339/1851/408 340/1082/408
f 332/1084/409 347/1852/409 348/1085/409
f 326/1087/411 325/1853/411 340/1088/411
f 334/1090/413 333/1854/413 348/1091/413
f 326/1093/414 341/1855/602 342/1094/414
f 334/1096/415 349/1856/415 350/1097/415
f 328/1099/416 327/1857/416 342/1100/416
f 336/1102/417 335/1858/417 350/1103/417
f 347/1105/418 362/1859/418 363/1106/418
f 341/1108/419 340/1860/419 355/1109/419
f 349/1111/420 348/1861/420 363/1112/420
f 341/1114/421 356/1862/421 357/1115/421
f 349/1117/422 364/1863/422 365/1118/422
f 343/1120/423 342/1864/603 357/1121/423
f 351/1123/424 350/1865/424 365/1124/424
f 343/1126/425 358/1866/425 359/1127/425
f 351/1129/426 366/1867/426 367/1130/426
f 345/1132/427 344/1868/427 359/1133/427
f 353/1135/428 352/1869/428 367/1136/428
f 346/1138/429 345/1870/429 360/1139/429
f 346/1147/433 361/1871/604 362/1148/433
f 339/1150/434 354/1872/434 355/1151/434
f 366/1153/435 381/1873/435 382/1154/435
f 360/1156/437 359/1874/437 374/1157/437
f 367/1159/438 382/1875/438 383/1160/438
f 361/1162/439 360/1876/439 375/1163/439
f 361/1171/442 376/1877/442 377/1172/442
f 355/1174/443 354/1878/443 369/1175/443
f 362/1177/444 377/1879/444 378/1178/444
f 356/1180/445 355/1880/445 370/1181/445
f 364/1183/446 363/1881/446 378/1184/446
f 356/1186/447 371/1882/447 372/1187/447
f 364/1189/448 379/1883/448 380/1190/448
f 358/1192/449 357/1884/449 372/1193/449
f 366/1195/450 365/1885/450 380/1196/450
f 358/1198/451 373/1886/451 374/1199/451
f 371/1201/452 370/1887/452 385/1202/452
f 379/1204/453 378/1888/453 393/1205/453
f 371/1207/454 386/1889/454 387/1208/454
f 379/1210/455 394/1890/455 395/1211/455
f 373/1213/456 372/1891/456 387/1214/456
f 381/1216/457 380/1892/457 395/1217/457
f 373/1219/458 388/1893/458 389/1220/458
f 381/1222/459 396/1894/459 397/1223/459
f 375/1225/460 374/1895/460 389/1226/460
f 382/1228/462 397/1896/462 398/1229/462
f 376/1231/463 375/1897/463 390/1232/463
f 376/1240/466 391/1898/466 392/1241/466
f 370/1243/467 369/1899/467 384/1244/467
f 377/1246/468 392/1900/605 393/1247/468
f 390/1249/469 389/1901/469 404/1250/469
f 398/1252/470 397/1902/470 412/1253/470
f 391/1255/471 390/1903/471 405/1256/471
f 391/1264/474 406/1904/474 407/1265/474
f 384/1267/475 399/1905/475 400/1268/475
f 392/1270/476 407/1906/476 408/1271/476
f 386/1273/477 385/1907/477 400/1274/477
f 394/1276/478 393/1908/478 408/1277/478
f 386/1279/479 401/1909/479 402/1280/479
f 394/1282/480 409/1910/480 410/1283/480
f 388/1285/481 387/1911/481 402/1286/481
f 396/1288/482 395/1912/482 410/1289/482
f 388/1291/483 403/1913/483 404/1292/483
f 396/1294/484 411/1914/484 412/1295/484
f 409/1297/485 408/1915/485 423/1298/485
f 401/1300/486 416/1916/486 417/1301/486
f 409/1303/487 424/1917/487 425/1304/487
f 403/1306/488 402/1918/488 417/1307/488
f 411/1309/489 410/1919/489 425/1310/489
f 403/1312/490 418/1920/490 419/1313/490
f 411/1315/491 426/1921/491 427/1316/491
f 405/1318/492 404/1922/492 419/1319/492
f 412/1321/493 427/1923/493 428/1322/493
f 406/1324/494 405/1924/494 420/1325/494
f 406/1333/497 421/1925/606 422/1334/497
f 399/1336/498 414/1926/498 415/1337/498
f 407/1339/499 422/1927/499 423/1340/499
f 401/1342/500 400/1928/500 415/1343/500
f 428/1345/501 427/1929/502 442/1346/502
f 421/1348/503 420/1930/503 435/1349/503
f 421/1357/506 436/1931/506 437/1358/506
f 414/1360/507 429/1932/507 430/1361/508
f 422/1363/509 437/1933/509 438/1364/510
f 416/1366/511 415/1934/511 430/1367/511
f 424/1369/512 423/1935/512 438/1370/512
f 416/1372/514 431/1936/514 432/1373/514
f 424/1375/515 439/1937/607 440/1376/515
f 418/1378/516 417/1938/516 432/1379/516
f 426/1381/517 425/1939/517 440/1382/517
f 418/1384/518 433/1940/518 434/1385/518
f 426/1387/519 441/1941/519 442/1388/519
f 420/1390/520 419/1942/521 434/1391/521
f 439/1393/522 454/1943/522 455/1394/522
f 433/1396/523 432/1944/523 447/1397/523
f 441/1399/524 440/1945/524 455/1400/524
f 433/1402/525 448/1946/525 449/1403/525
f 441/1405/526 456/1947/526 457/1406/526
f 435/1408/527 434/1948/527 449/1409/527
f 442/1411/528 457/1949/528 458/1412/528
f 436/1414/529 435/1950/529 450/1415/529
f 436/1423/532 451/1951/532 452/1424/532
f 430/1426/533 429/1952/533 444/1427/533
f 437/1429/534 452/1953/534 453/1430/534
f 431/1432/535 430/1954/536 445/1433/536
f 439/1435/537 438/1955/537 453/1436/537
f 431/1438/538 446/1956/538 447/1439/538
f 451/1447/541 466/1957/541 467/1448/541
f 444/1450/542 459/1958/542 460/1451/542
f 452/1453/543 467/1959/543 468/1454/543
f 446/1456/544 445/1960/545 460/1457/545
f 454/1459/546 453/1961/546 468/1460/546
f 446/1462/547 461/1962/547 462/1463/547
f 454/1465/548 469/1963/548 470/1466/548
f 448/1468/549 447/1964/549 462/1469/549
f 456/1471/550 455/1965/550 470/1472/550
f 448/1474/551 463/1966/551 464/1475/551
f 456/1477/552 471/1967/552 472/1478/552
f 450/1480/553 449/1968/553 464/1481/553
f 458/1483/554 457/1969/554 472/1484/554
f 451/1486/555 450/1970/555 465/1487/555
f 463/1489/556 462/1971/556 476/1490/556
f 471/1492/558 470/1972/558 479/1493/558
f 464/1495/559 463/1973/559 2/1496/559
f 471/1498/560 480/1974/560 481/1499/560
f 465/1501/561 464/1975/561 477/1502/561
f 472/1504/562 481/1976/562 482/1505/563
f 466/1507/564 465/1977/608 3/1508/564
f 466/1516/567 4/1978/567 5/1517/567
f 459/1519/569 474/1979/569 475/1520/570
f 467/1522/571 5/1980/571 478/1523/571
f 461/1525/572 460/1981/572 475/1526/572
f 468/1528/573 478/1982/573 6/1529/573
f 462/1531/574 461/1983/574 1/1532/574
f 469/1534/575 6/1984/609 479/1535/575
usemtl マテリアル.002
f 483/1985/610 484/1986/610 485/1987/610
f 488/1988/611 487/1989/611 486/1990/611
f 487/1991/612 483/1992/612 486/1993/612
f 488/1994/613 483/1995/613 485/1996/613
f 484/1997/614 488/1998/614 485/1999/614
f 487/1991/612 484/2000/612 483/1992/612
f 488/1994/613 486/2001/613 483/1995/613
f 484/1997/614 487/2002/614 488/1998/614
usemtl マテリアル
f 490/2003/615 496/2004/615 497/2005/615
f 745/2006/616 497/2005/616 498/2007/616
f 491/2008/617 498/2007/617 499/2009/617
f 492/2010/618 499/2009/618 500/2011/619
f 742/2012/620 533/2013/620 493/2014/620
f 743/2015/621 493/2014/621 494/2016/621
f 489/2017/622 494/2016/622 495/2018/622
f 744/2019/623 495/2018/623 496/2004/623
f 495/2018/624 502/2020/624 503/2021/624
f 496/2004/625 503/2021/625 504/2022/625
f 497/2005/626 504/2022/626 505/2023/626
f 498/2007/627 505/2023/627 506/2024/627
f 499/2009/628 506/2024/628 507/2025/628
f 500/2011/629 507/2025/629 508/2026/629
f 493/2014/630 533/2027/630 501/2028/630
f 494/2016/631 501/2028/631 502/2020/631
f 507/2025/632 514/2029/632 515/2030/632
f 508/2026/633 515/2030/633 516/2031/633
f 501/2028/634 533/2032/634 509/2033/634
f 502/2020/635 509/2033/635 510/2034/635
f 503/2021/636 510/2034/636 511/2035/636
f 504/2022/637 511/2035/637 512/2036/637
f 505/2023/638 512/2036/638 513/2037/638
f 506/2024/639 513/2037/639 514/2029/639
f 512/2036/640 519/2038/640 520/2039/640
f 513/2037/641 520/2039/641 521/2040/641
f 514/2029/642 521/2040/642 522/2041/642
f 515/2030/643 522/2041/643 523/2042/643
f 516/2031/644 523/2042/644 524/2043/644
f 509/2033/645 533/2044/645 517/2045/645
f 510/2034/646 517/2045/647 518/2046/646
f 511/2035/648 518/2046/648 519/2038/648
f 524/2043/649 531/2047/649 532/2048/649
f 517/2045/650 533/2049/650 525/2050/650
f 518/2046/651 525/2050/651 526/2051/651
f 519/2038/652 526/2051/652 527/2052/652
f 520/2039/653 527/2052/653 528/2053/653
f 521/2040/654 528/2053/654 529/2054/654
f 522/2041/655 529/2054/655 530/2055/655
f 523/2042/656 530/2055/656 531/2047/656
f 529/2054/657 537/2056/657 538/2057/657
f 530/2055/658 538/2057/658 539/2058/658
f 531/2047/659 539/2058/659 540/2059/659
f 532/2048/660 540/2059/660 541/2060/660
f 525/2050/661 533/2061/661 534/2062/661
f 526/2051/662 534/2062/662 535/2063/662
f 527/2052/663 535/2063/663 536/2064/663
f 528/2053/664 536/2064/664 537/2056/664
f 534/2062/665 533/2065/665 542/2066/665
f 535/2063/666 542/2066/666 543/2067/666
f 536/2064/667 543/2067/667 544/2068/667
f 537/2056/668 544/2068/668 545/2069/668
f 538/2057/669 545/2069/669 546/2070/669
f 539/2058/670 546/2070/670 547/2071/670
f 540/2059/671 547/2071/671 548/2072/671
f 541/2060/672 548/2072/672 549/2073/672
f 546/2070/673 553/2074/673 554/2075/673
f 547/2071/674 554/2075/674 555/2076/674
f 548/2072/675 555/2076/675 556/2077/675
f 549/2073/676 556/2077/676 557/2078/677
f 542/2066/678 533/2079/678 550/2080/678
f 543/2067/679 550/2080/679 551/2081/679
f 544/2068/680 551/2081/680 552/2082/680
f 545/2069/681 552/2082/682 553/2074/681
f 550/2080/683 559/2083/683 551/2081/683
f 551/2081/684 560/2084/684 552/2082/684
f 552/2082/685 561/2085/686 553/2074/686
f 553/2074/687 562/2086/687 554/2075/687
f 554/2075/688 563/2087/688 555/2076/688
f 555/2076/689 564/2088/689 556/2077/689
f 556/2077/690 565/2089/690 557/2078/691
f 550/2080/692 533/2090/692 558/2091/692
f 562/2086/693 571/2092/693 563/2087/693
f 563/2087/694 572/2093/694 564/2088/694
f 564/2088/695 573/2094/695 565/2089/695
f 558/2091/696 533/2095/696 566/2096/696
f 558/2091/697 567/2097/697 559/2083/697
f 559/2083/698 568/2098/698 560/2084/698
f 560/2084/699 569/2099/700 561/2085/700
f 561/2085/701 570/2100/701 562/2086/701
f 566/2096/702 575/2101/702 567/2097/702
f 567/2097/703 576/2102/703 568/2098/703
f 568/2098/704 577/2103/704 569/2099/704
f 569/2099/705 578/2104/705 570/2100/705
f 570/2100/706 579/2105/706 571/2092/706
f 571/2092/707 580/2106/707 572/2093/707
f 572/2093/708 581/2107/708 573/2094/708
f 566/2096/709 533/2108/709 574/2109/709
f 578/2104/710 587/2110/710 579/2105/710
f 579/2105/711 588/2111/711 580/2106/711
f 580/2106/712 589/2112/712 581/2107/712
f 574/2109/713 533/2113/713 582/2114/713
f 574/2109/714 583/2115/714 575/2101/714
f 575/2101/715 584/2116/715 576/2102/715
f 576/2102/716 585/2117/716 577/2103/717
f 577/2103/718 586/2118/718 578/2104/718
f 583/2115/719 592/2119/719 584/2116/719
f 584/2116/720 593/2120/720 585/2117/720
f 585/2117/721 594/2121/721 586/2118/721
f 586/2118/722 595/2122/722 587/2110/722
f 587/2110/723 596/2123/723 588/2111/723
f 588/2111/724 597/2124/724 589/2112/724
f 582/2114/725 533/2125/725 590/2126/725
f 582/2114/726 591/2127/727 583/2115/727
f 595/2122/728 604/2128/728 596/2123/728
f 596/2123/729 605/2129/729 597/2124/729
f 590/2126/730 533/2130/730 598/2131/730
f 590/2126/731 599/2132/731 591/2127/731
f 591/2127/732 600/2133/732 592/2119/732
f 592/2119/733 601/2134/733 593/2120/733
f 593/2120/734 602/2135/734 594/2121/734
f 594/2121/735 603/2136/735 595/2122/735
f 600/2133/736 609/2137/736 601/2134/736
f 601/2134/737 610/2138/737 602/2135/737
f 602/2135/738 611/2139/738 603/2136/738
f 603/2136/739 612/2140/739 604/2128/739
f 604/2128/740 613/2141/740 605/2129/740
f 598/2131/741 533/2142/741 606/2143/741
f 598/2131/742 607/2144/742 599/2132/742
f 599/2132/743 608/2145/743 600/2133/743
f 612/2140/744 621/2146/744 613/2141/745
f 606/2143/746 533/2147/746 614/2148/746
f 606/2143/747 615/2149/747 607/2144/747
f 607/2144/748 616/2150/748 608/2145/748
f 608/2145/749 617/2151/749 609/2137/749
f 609/2137/750 618/2152/750 610/2138/750
f 610/2138/751 619/2153/751 611/2139/751
f 611/2139/752 620/2154/752 612/2140/752
f 617/2155/753 624/2156/753 625/2157/753
f 618/2158/754 625/2157/754 626/2159/754
f 619/2160/755 626/2159/755 627/2161/755
f 620/2162/756 627/2161/756 628/2163/756
f 621/2146/757 628/2163/757 629/2164/758
f 614/2165/759 533/2166/759 622/2167/759
f 615/2168/760 622/2167/760 623/2169/760
f 616/2170/761 623/2169/761 624/2156/761
f 629/2164/762 636/2171/762 637/2172/762
f 622/2167/763 533/2173/763 630/2174/763
f 623/2169/764 630/2174/764 631/2175/764
f 624/2156/765 631/2175/765 632/2176/765
f 625/2157/766 632/2176/766 633/2177/766
f 626/2159/767 633/2177/767 634/2178/767
f 627/2161/768 634/2178/768 635/2179/768
f 628/2163/769 635/2179/769 636/2171/769
f 634/2178/770 641/2180/770 642/2181/770
f 635/2179/771 642/2181/771 643/2182/771
f 636/2171/772 643/2182/772 644/2183/772
f 637/2172/773 644/2183/773 645/2184/773
f 630/2174/774 533/2185/774 638/2186/774
f 631/2175/775 638/2186/775 639/2187/775
f 632/2176/776 639/2187/776 640/2188/776
f 633/2177/777 640/2188/777 641/2180/777
f 638/2186/778 533/2189/778 646/2190/778
f 639/2187/779 646/2190/780 647/2191/779
f 640/2188/781 647/2191/781 648/2192/781
f 641/2180/782 648/2192/782 649/2193/782
f 642/2181/783 649/2193/783 650/2194/783
f 643/2182/784 650/2194/784 651/2195/784
f 644/2183/785 651/2195/785 652/2196/785
f 645/2184/786 652/2196/786 653/2197/786
f 650/2194/787 657/2198/787 658/2199/787
f 651/2195/788 658/2199/788 659/2200/788
f 652/2196/789 659/2200/789 660/2201/789
f 653/2197/790 660/2201/790 661/2202/790
f 646/2190/791 533/2203/791 654/2204/791
f 647/2191/792 654/2204/792 655/2205/792
f 648/2192/793 655/2205/793 656/2206/793
f 649/2193/794 656/2206/794 657/2198/794
f 655/2205/795 662/2207/795 663/2208/795
f 656/2206/796 663/2208/796 664/2209/796
f 657/2198/797 664/2209/797 665/2210/797
f 658/2199/798 665/2210/798 666/2211/798
f 659/2200/799 666/2211/799 667/2212/799
f 660/2201/800 667/2212/800 668/2213/800
f 661/2202/801 668/2213/801 669/2214/801
f 654/2204/802 533/2215/802 662/2207/802
f 667/2212/803 674/2216/803 675/2217/803
f 668/2213/804 675/2217/804 676/2218/804
f 669/2214/805 676/2218/805 677/2219/805
f 662/2207/806 533/2220/806 670/2221/806
f 663/2208/807 670/2221/807 671/2222/807
f 664/2209/808 671/2222/808 672/2223/808
f 665/2210/809 672/2223/809 673/2224/810
f 666/2211/811 673/2224/811 674/2216/811
f 672/2223/812 679/2225/812 680/2226/812
f 673/2224/813 680/2226/814 681/2227/813
f 674/2216/815 681/2227/815 682/2228/816
f 675/2217/817 682/2228/817 683/2229/817
f 676/2218/818 683/2229/818 684/2230/818
f 677/2219/819 684/2230/819 685/2231/819
f 670/2221/820 533/2232/820 678/2233/820
f 671/2222/821 678/2233/821 679/2225/821
f 683/2229/822 692/2234/822 684/2230/822
f 684/2230/823 693/2235/823 685/2231/823
f 678/2233/824 533/2236/824 686/2237/824
f 678/2233/825 687/2238/825 679/2225/825
f 679/2225/826 688/2239/826 680/2226/826
f 680/2226/827 689/2240/828 681/2227/828
f 681/2227/829 690/2241/829 682/2228/830
f 682/2228/831 691/2242/831 683/2229/831
f 687/2238/832 696/2243/832 688/2239/832
f 688/2239/833 697/2244/833 689/2240/833
f 689/2240/834 698/2245/834 690/2241/834
f 690/2241/835 699/2246/835 691/2242/835
f 691/2242/836 700/2247/836 692/2234/836
f 692/2234/837 701/2248/837 693/2235/837
f 686/2237/838 533/2249/838 694/2250/838
f 686/2237/839 695/2251/839 687/2238/839
f 699/2246/840 708/2252/840 700/2247/840
f 700/2247/841 709/2253/841 701/2248/841
f 694/2250/842 533/2254/842 702/2255/842
f 694/2250/843 703/2256/843 695/2251/843
f 695/2251/844 704/2257/844 696/2243/844
f 696/2243/845 705/2258/845 697/2244/845
f 697/2244/846 706/2259/846 698/2245/846
f 698/2245/847 707/2260/847 699/2246/847
f 704/2257/848 713/2261/848 705/2258/848
f 705/2258/849 714/2262/849 706/2259/849
f 706/2259/850 715/2263/850 707/2260/850
f 707/2260/851 716/2264/851 708/2252/851
f 708/2252/852 717/2265/852 709/2253/852
f 702/2255/853 533/2266/853 710/2267/853
f 702/2255/854 711/2268/854 703/2256/854
f 703/2256/855 712/2269/855 704/2257/855
f 716/2264/856 725/2270/856 717/2265/856
f 710/2267/857 533/2271/857 718/2272/857
f 710/2267/858 719/2273/859 711/2268/859
f 711/2268/860 720/2274/860 712/2269/860
f 712/2269/861 721/2275/861 713/2261/861
f 713/2261/862 722/2276/862 714/2262/862
f 714/2262/863 723/2277/863 715/2263/864
f 715/2263/865 724/2278/865 716/2264/865
f 720/2274/866 729/2279/866 721/2275/866
f 721/2275/867 730/2280/867 722/2276/868
f 722/2276/869 731/2281/869 723/2277/869
f 723/2277/870 732/2282/870 724/2278/870
f 724/2278/871 733/2283/871 725/2270/871
f 718/2272/872 533/2284/872 726/2285/872
f 718/2272/873 727/2286/873 719/2273/873
f 719/2273/874 728/2287/874 720/2274/874
f 732/2282/875 741/2288/875 733/2283/875
f 726/2285/876 533/2289/876 734/2290/876
f 726/2285/877 735/2291/877 727/2286/877
f 727/2286/878 736/2292/878 728/2287/878
f 728/2287/879 737/2293/879 729/2279/880
f 729/2279/881 738/2294/881 730/2280/881
f 730/2280/882 739/2295/882 731/2281/882
f 731/2281/883 740/2296/883 732/2282/883
f 737/2293/884 490/2297/884 738/2294/884
f 738/2294/885 745/2298/885 739/2295/885
f 739/2295/886 491/2299/886 740/2296/886
f 740/2296/887 492/2010/887 741/2288/888
f 734/2290/889 533/2300/889 742/2301/889
f 734/2290/890 743/2302/890 735/2291/890
f 735/2291/891 489/2303/891 736/2292/891
f 736/2292/892 744/2304/892 737/2293/892
f 669/2214/893 685/2231/893 701/2248/893
f 490/2003/615 744/2019/615 496/2004/615
f 745/2006/616 490/2003/616 497/2005/616
f 491/2008/617 745/2006/617 498/2007/617
f 492/2010/618 491/2008/894 499/2009/618
f 743/2015/621 742/2012/621 493/2014/621
f 489/2017/622 743/2015/622 494/2016/622
f 744/2019/623 489/2017/623 495/2018/623
f 495/2018/624 494/2016/624 502/2020/624
f 496/2004/625 495/2018/625 503/2021/625
f 497/2005/626 496/2004/626 504/2022/626
f 498/2007/627 497/2005/627 505/2023/627
f 499/2009/628 498/2007/628 506/2024/628
f 500/2011/629 499/2009/629 507/2025/629
f 494/2016/631 493/2014/631 501/2028/631
f 507/2025/632 506/2024/632 514/2029/632
f 508/2026/633 507/2025/633 515/2030/633
f 502/2020/635 501/2028/635 509/2033/635
f 503/2021/636 502/2020/636 510/2034/636
f 504/2022/637 503/2021/637 511/2035/637
f 505/2023/638 504/2022/638 512/2036/638
f 506/2024/639 505/2023/639 513/2037/639
f 512/2036/640 511/2035/640 519/2038/640
f 513/2037/641 512/2036/641 520/2039/641
f 514/2029/642 513/2037/642 521/2040/642
f 515/2030/643 514/2029/643 522/2041/643
f 516/2031/644 515/2030/644 523/2042/644
f 510/2034/646 509/2033/895 517/2045/647
f 511/2035/648 510/2034/648 518/2046/648
f 524/2043/649 523/2042/649 531/2047/649
f 518/2046/651 517/2045/651 525/2050/651
f 519/2038/652 518/2046/652 526/2051/652
f 520/2039/653 519/2038/896 527/2052/653
f 521/2040/654 520/2039/654 528/2053/654
f 522/2041/655 521/2040/655 529/2054/655
f 523/2042/656 522/2041/656 530/2055/656
f 529/2054/657 528/2053/657 537/2056/657
f 530/2055/658 529/2054/658 538/2057/658
f 531/2047/659 530/2055/659 539/2058/659
f 532/2048/660 531/2047/660 540/2059/660
f 526/2051/662 525/2050/662 534/2062/662
f 527/2052/663 526/2051/663 535/2063/663
f 528/2053/664 527/2052/664 536/2064/664
f 535/2063/666 534/2062/666 542/2066/666
f 536/2064/667 535/2063/667 543/2067/667
f 537/2056/668 536/2064/668 544/2068/668
f 538/2057/669 537/2056/669 545/2069/669
f 539/2058/670 538/2057/670 546/2070/670
f 540/2059/671 539/2058/671 547/2071/671
f 541/2060/672 540/2059/897 548/2072/672
f 546/2070/673 545/2069/898 553/2074/673
f 547/2071/674 546/2070/674 554/2075/674
f 548/2072/675 547/2071/675 555/2076/675
f 549/2073/676 548/2072/676 556/2077/676
f 543/2067/679 542/2066/679 550/2080/679
f 544/2068/680 543/2067/680 551/2081/680
f 545/2069/681 544/2068/682 552/2082/682
f 550/2080/683 558/2091/683 559/2083/683
f 551/2081/684 559/2083/684 560/2084/684
f 552/2082/685 560/2084/685 561/2085/686
f 553/2074/687 561/2085/899 562/2086/687
f 554/2075/688 562/2086/688 563/2087/688
f 555/2076/689 563/2087/689 564/2088/689
f 556/2077/690 564/2088/690 565/2089/690
f 562/2086/693 570/2100/693 571/2092/693
f 563/2087/694 571/2092/694 572/2093/694
f 564/2088/695 572/2093/900 573/2094/695
f 558/2091/697 566/2096/697 567/2097/697
f 559/2083/698 567/2097/698 568/2098/698
f 560/2084/699 568/2098/699 569/2099/700
f 561/2085/701 569/2099/701 570/2100/701
f 566/2096/702 574/2109/702 575/2101/702
f 567/2097/703 575/2101/703 576/2102/703
f 568/2098/704 576/2102/704 577/2103/704
f 569/2099/705 577/2103/705 578/2104/705
f 570/2100/706 578/2104/706 579/2105/706
f 571/2092/707 579/2105/707 580/2106/707
f 572/2093/708 580/2106/708 581/2107/708
f 578/2104/710 586/2118/710 587/2110/710
f 579/2105/711 587/2110/711 588/2111/711
f 580/2106/712 588/2111/712 589/2112/712
f 574/2109/714 582/2114/714 583/2115/714
f 575/2101/715 583/2115/715 584/2116/715
f 576/2102/716 584/2116/716 585/2117/716
f 577/2103/718 585/2117/718 586/2118/718
f 583/2115/719 591/2127/719 592/2119/719
f 584/2116/720 592/2119/720 593/2120/720
f 585/2117/721 593/2120/721 594/2121/721
f 586/2118/722 594/2121/722 595/2122/722
f 587/2110/723 595/2122/723 596/2123/723
f 588/2111/724 596/2123/724 597/2124/724
f 582/2114/726 590/2126/726 591/2127/727
f 595/2122/728 603/2136/728 604/2128/728
f 596/2123/729 604/2128/729 605/2129/729
f 590/2126/731 598/2131/731 599/2132/731
f 591/2127/732 599/2132/732 600/2133/732
f 592/2119/733 600/2133/733 601/2134/733
f 593/2120/734 601/2134/734 602/2135/734
f 594/2121/735 602/2135/735 603/2136/735
f 600/2133/736 608/2145/736 609/2137/736
f 601/2134/737 609/2137/737 610/2138/737
f 602/2135/738 610/2138/738 611/2139/738
f 603/2136/739 611/2139/739 612/2140/739
f 604/2128/740 612/2140/740 613/2141/740
f 598/2131/742 606/2143/742 607/2144/742
f 599/2132/743 607/2144/743 608/2145/743
f 612/2140/744 620/2154/901 621/2146/744
f 606/2143/747 614/2148/747 615/2149/747
f 607/2144/748 615/2149/748 616/2150/748
f 608/2145/749 616/2150/749 617/2151/749
f 609/2137/750 617/2151/750 618/2152/750
f 610/2138/751 618/2152/751 619/2153/751
f 611/2139/752 619/2153/752 620/2154/752
f 617/2155/753 616/2170/753 624/2156/753
f 618/2158/754 617/2155/754 625/2157/754
f 619/2160/755 618/2158/755 626/2159/755
f 620/2162/756 619/2160/756 627/2161/756
f 621/2146/757 620/2162/902 628/2163/757
f 615/2168/760 614/2165/760 622/2167/760
f 616/2170/761 615/2168/761 623/2169/761
f 629/2164/762 628/2163/762 636/2171/762
f 623/2169/764 622/2167/764 630/2174/764
f 624/2156/765 623/2169/765 631/2175/765
f 625/2157/766 624/2156/766 632/2176/766
f 626/2159/767 625/2157/767 633/2177/767
f 627/2161/768 626/2159/768 634/2178/768
f 628/2163/769 627/2161/769 635/2179/769
f 634/2178/770 633/2177/770 641/2180/770
f 635/2179/771 634/2178/903 642/2181/771
f 636/2171/772 635/2179/772 643/2182/772
f 637/2172/773 636/2171/773 644/2183/773
f 631/2175/775 630/2174/775 638/2186/775
f 632/2176/776 631/2175/776 639/2187/776
f 633/2177/777 632/2176/777 640/2188/777
f 639/2187/779 638/2186/904 646/2190/780
f 640/2188/781 639/2187/781 647/2191/781
f 641/2180/782 640/2188/782 648/2192/782
f 642/2181/783 641/2180/783 649/2193/783
f 643/2182/784 642/2181/784 650/2194/784
f 644/2183/785 643/2182/785 651/2195/785
f 645/2184/786 644/2183/786 652/2196/786
f 650/2194/787 649/2193/787 657/2198/787
f 651/2195/788 650/2194/788 658/2199/788
f 652/2196/789 651/2195/789 659/2200/789
f 653/2197/790 652/2196/790 660/2201/790
f 647/2191/792 646/2190/792 654/2204/792
f 648/2192/793 647/2191/793 655/2205/793
f 649/2193/794 648/2192/905 656/2206/794
f 655/2205/795 654/2204/795 662/2207/795
f 656/2206/796 655/2205/796 663/2208/796
f 657/2198/797 656/2206/797 664/2209/797
f 658/2199/798 657/2198/798 665/2210/798
f 659/2200/799 658/2199/799 666/2211/799
f 660/2201/800 659/2200/800 667/2212/800
f 661/2202/801 660/2201/801 668/2213/801
f 667/2212/803 666/2211/803 674/2216/803
f 668/2213/804 667/2212/804 675/2217/804
f 669/2214/805 668/2213/805 676/2218/805
f 663/2208/807 662/2207/807 670/2221/807
f 664/2209/808 663/2208/808 671/2222/808
f 665/2210/809 664/2209/809 672/2223/809
f 666/2211/811 665/2210/811 673/2224/811
f 672/2223/812 671/2222/812 679/2225/812
f 673/2224/813 672/2223/814 680/2226/814
f 674/2216/815 673/2224/815 681/2227/815
f 675/2217/817 674/2216/817 682/2228/817
f 676/2218/818 675/2217/818 683/2229/818
f 677/2219/819 676/2218/819 684/2230/819
f 671/2222/821 670/2221/821 678/2233/821
f 683/2229/822 691/2242/822 692/2234/822
f 684/2230/823 692/2234/823 693/2235/823
f 678/2233/825 686/2237/825 687/2238/825
f 679/2225/826 687/2238/826 688/2239/826
f 680/2226/827 688/2239/827 689/2240/828
f 681/2227/829 689/2240/829 690/2241/829
f 682/2228/831 690/2241/831 691/2242/831
f 687/2238/832 695/2251/832 696/2243/832
f 688/2239/833 696/2243/833 697/2244/833
f 689/2240/834 697/2244/834 698/2245/834
f 690/2241/835 698/2245/835 699/2246/835
f 691/2242/836 699/2246/836 700/2247/836
f 692/2234/837 700/2247/837 701/2248/837
f 686/2237/839 694/2250/839 695/2251/839
f 699/2246/840 707/2260/840 708/2252/840
f 700/2247/841 708/2252/841 709/2253/841
f 694/2250/843 702/2255/843 703/2256/843
f 695/2251/844 703/2256/844 704/2257/844
f 696/2243/845 704/2257/845 705/2258/845
f 697/2244/846 705/2258/846 706/2259/846
f 698/2245/847 706/2259/847 707/2260/847
f 704/2257/848 712/2269/906 713/2261/848
f 705/2258/849 713/2261/849 714/2262/849
f 706/2259/850 714/2262/850 715/2263/850
f 707/2260/851 715/2263/851 716/2264/851
f 708/2252/852 716/2264/852 717/2265/852
f 702/2255/854 710/2267/854 711/2268/854
f 703/2256/855 711/2268/855 712/2269/855
f 716/2264/856 724/2278/856 725/2270/856
f 710/2267/858 718/2272/858 719/2273/859
f 711/2268/860 719/2273/860 720/2274/860
f 712/2269/861 720/2274/861 721/2275/861
f 713/2261/862 721/2275/862 722/2276/862
f 714/2262/863 722/2276/863 723/2277/863
f 715/2263/865 723/2277/865 724/2278/865
f 720/2274/866 728/2287/866 729/2279/866
f 721/2275/867 729/2279/867 730/2280/867
f 722/2276/869 730/2280/869 731/2281/869
f 723/2277/870 731/2281/870 732/2282/870
f 724/2278/871 732/2282/871 733/2283/871
f 718/2272/873 726/2285/873 727/2286/873
f 719/2273/874 727/2286/874 728/2287/874
f 732/2282/875 740/2296/875 741/2288/875
f 726/2285/877 734/2290/877 735/2291/877
f 727/2286/878 735/2291/878 736/2292/878
f 728/2287/879 736/2292/879 737/2293/879
f 729/2279/881 737/2293/881 738/2294/881
f 730/2280/882 738/2294/882 739/2295/882
f 731/2281/883 739/2295/883 740/2296/883
f 737/2293/884 744/2304/884 490/2297/884
f 738/2294/885 490/2297/885 745/2298/885
f 739/2295/886 745/2298/886 491/2299/886
f 740/2296/887 491/2299/907 492/2010/887
f 734/2290/890 742/2301/890 743/2302/890
f 735/2291/891 743/2302/891 489/2303/891
f 736/2292/892 489/2303/892 744/2304/892
f 492/2010/893 500/2011/893 621/2146/893
f 500/2011/893 508/2026/893 613/2141/893
f 621/2146/893 500/2011/893 613/2141/893
f 508/2026/893 516/2031/893 605/2129/893
f 516/2031/893 524/2043/893 597/2124/893
f 605/2129/893 516/2031/893 597/2124/893
f 524/2043/893 532/2048/893 589/2112/893
f 532/2048/893 541/2060/893 581/2107/893
f 589/2112/893 532/2048/893 581/2107/893
f 541/2060/893 549/2073/893 557/2078/893
f 557/2078/893 565/2089/893 573/2094/893
f 573/2094/893 581/2107/893 541/2060/893
f 589/2112/893 597/2124/893 524/2043/893
f 605/2129/893 613/2141/893 508/2026/893
f 621/2146/893 629/2164/893 741/2288/893
f 629/2164/893 637/2172/893 733/2283/893
f 637/2172/893 645/2184/893 725/2270/893
f 645/2184/893 653/2197/893 717/2265/893
f 653/2197/893 661/2202/893 717/2265/893
f 661/2202/893 669/2214/893 709/2253/893
f 717/2265/893 661/2202/893 709/2253/893
f 669/2214/893 677/2219/893 685/2231/893
f 685/2231/893 693/2235/893 701/2248/893
f 701/2248/893 709/2253/893 669/2214/893
f 717/2265/893 725/2270/893 645/2184/893
f 725/2270/893 733/2283/893 637/2172/893
f 733/2283/893 741/2288/893 629/2164/893
f 741/2288/893 492/2010/893 621/2146/893
f 541/2060/893 557/2078/893 573/2094/893
usemtl マテリアル.001
f 747/2305/908 748/2306/908 746/2307/908
f 749/2308/909 750/2309/909 748/2310/909
f 751/2311/910 752/2312/910 750/2313/910
f 753/2314/911 754/2315/911 752/2316/911
f 755/2317/912 756/2318/912 754/2319/912
f 757/2320/913 758/2321/913 756/2322/913
f 759/2323/914 760/2324/914 758/2325/914
f 761/2326/915 762/2327/915 760/2328/915
f 763/2329/916 764/2330/916 762/2331/916
f 765/2332/917 766/2333/917 764/2334/917
f 767/2335/918 768/2336/918 766/2337/918
f 769/2338/919 770/2339/919 768/2340/919
f 771/2341/920 772/2342/920 770/2343/920
f 773/2344/921 774/2345/921 772/2346/921
f 775/2347/922 776/2348/922 774/2349/922
f 777/2350/923 778/2351/923 776/2352/923
f 779/2353/924 780/2354/924 778/2355/924
f 781/2356/925 782/2357/925 780/2358/925
f 783/2359/926 784/2360/926 782/2361/926
f 785/2362/927 786/2363/927 784/2364/927
f 787/2365/928 788/2366/928 786/2367/928
f 789/2368/929 790/2369/929 788/2370/929
f 791/2371/930 792/2372/930 790/2373/930
f 793/2374/931 794/2375/931 792/2376/931
f 795/2377/932 796/2378/932 794/2379/932
f 797/2380/933 798/2381/933 796/2382/933
f 799/2383/934 800/2384/934 798/2385/934
f 801/2386/935 802/2387/935 800/2388/935
f 803/2389/936 804/2390/936 802/2391/936
f 805/2392/937 806/2393/937 804/2394/937
f 783/2395/938 767/2396/938 751/2397/938
f 807/2398/939 808/2399/939 806/2400/939
f 809/2401/940 746/2402/940 808/2403/940
f 776/2404/893 792/2405/893 808/2406/893
f 747/2305/908 749/2407/908 748/2306/908
f 749/2308/909 751/2408/909 750/2309/909
f 751/2311/910 753/2409/910 752/2312/910
f 753/2314/911 755/2410/911 754/2315/911
f 755/2317/912 757/2411/912 756/2318/912
f 757/2320/913 759/2412/913 758/2321/913
f 759/2323/914 761/2413/914 760/2324/914
f 761/2326/915 763/2414/915 762/2327/915
f 763/2329/916 765/2415/916 764/2330/916
f 765/2332/917 767/2416/917 766/2333/917
f 767/2335/918 769/2417/918 768/2336/918
f 769/2338/919 771/2418/919 770/2339/919
f 771/2341/920 773/2419/920 772/2342/920
f 773/2344/921 775/2420/921 774/2345/921
f 775/2347/922 777/2421/922 776/2348/922
f 777/2350/923 779/2422/923 778/2351/923
f 779/2353/924 781/2423/924 780/2354/924
f 781/2356/925 783/2424/925 782/2357/925
f 783/2359/926 785/2425/926 784/2360/926
f 785/2362/927 787/2426/927 786/2363/927
f 787/2365/928 789/2427/928 788/2366/928
f 789/2368/929 791/2428/929 790/2369/929
f 791/2371/930 793/2429/930 792/2372/930
f 793/2374/931 795/2430/931 794/2375/931
f 795/2377/932 797/2431/932 796/2378/932
f 797/2380/933 799/2432/933 798/2381/933
f 799/2383/934 801/2433/934 800/2384/934
f 801/2386/935 803/2434/935 802/2387/935
f 803/2389/936 805/2435/936 804/2390/936
f 805/2392/937 807/2436/937 806/2393/937
f 751/2397/938 749/2437/938 747/2438/938
f 747/2438/938 809/2439/938 751/2397/938
f 809/2439/938 807/2440/938 751/2397/938
f 807/2440/938 805/2441/938 803/2442/938
f 803/2442/938 801/2443/938 799/2444/938
f 799/2444/938 797/2445/938 795/2446/938
f 795/2446/938 793/2447/938 799/2444/938
f 793/2447/938 791/2448/938 799/2444/938
f 791/2448/938 789/2449/938 787/2450/938
f 787/2450/938 785/2451/938 783/2395/938
f 783/2395/938 781/2452/938 775/2453/938
f 781/2452/938 779/2454/938 775/2453/938
f 779/2454/938 777/2455/938 775/2453/938
f 775/2453/938 773/2456/938 771/2457/938
f 771/2457/938 769/2458/938 767/2396/938
f 767/2396/938 765/2459/938 759/2460/938
f 765/2459/938 763/2461/938 759/2460/938
f 763/2461/938 761/2462/938 759/2460/938
f 759/2460/938 757/2463/938 755/2464/938
f 755/2464/938 753/2465/938 751/2397/938
f 807/2440/938 803/2442/938 751/2397/938
f 803/2442/938 799/2444/938 751/2397/938
f 791/2448/938 787/2450/938 799/2444/938
f 787/2450/938 783/2395/938 799/2444/938
f 775/2453/938 771/2457/938 783/2395/938
f 771/2457/938 767/2396/938 783/2395/938
f 759/2460/938 755/2464/938 767/2396/938
f 755/2464/938 751/2397/938 767/2396/938
f 751/2397/938 799/2444/938 783/2395/938
f 807/2398/939 809/2466/939 808/2399/939
f 809/2401/940 747/2467/940 746/2402/940
f 808/2406/893 746/2468/893 748/2469/893
f 748/2469/893 750/2470/893 752/2471/893
f 752/2471/893 754/2472/893 756/2473/893
f 756/2473/893 758/2474/893 760/2475/893
f 760/2475/893 762/2476/893 764/2477/893
f 764/2477/893 766/2478/893 768/2479/893
f 768/2479/893 770/2480/893 772/2481/893
f 772/2481/893 774/2482/893 776/2404/893
f 776/2404/893 778/2483/893 780/2484/893
f 780/2484/893 782/2485/893 784/2486/893
f 784/2486/893 786/2487/893 788/2488/893
f 788/2488/893 790/2489/893 792/2405/893
f 792/2405/893 794/2490/893 796/2491/893
f 796/2491/893 798/2492/893 800/2493/893
f 800/2493/893 802/2494/893 804/2495/893
f 804/2495/893 806/2496/893 808/2406/893
f 808/2406/893 748/2469/893 760/2475/893
f 748/2469/893 752/2471/893 760/2475/893
f 752/2471/893 756/2473/893 760/2475/893
f 760/2475/893 764/2477/893 776/2404/893
f 764/2477/893 768/2479/893 776/2404/893
f 768/2479/893 772/2481/893 776/2404/893
f 776/2404/893 780/2484/893 792/2405/893
f 780/2484/893 784/2486/893 792/2405/893
f 784/2486/893 788/2488/893 792/2405/893
f 792/2405/893 796/2491/893 808/2406/893
f 796/2491/893 800/2493/893 808/2406/893
f 800/2493/893 804/2495/893 808/2406/893
f 808/2406/893 760/2475/893 776/2404/893
