# Blender 4.4.1
# www.blender.org
mtllib ClearFont.mtl
o テキスト
v -9.776808 -0.348470 -0.369078
v -8.954850 -0.348470 -0.360892
v -8.954990 -0.189088 -0.346830
v -9.776948 -0.189088 -0.355016
v -9.777036 -0.089476 -0.346228
v -9.145068 -0.089476 -0.339932
v -9.145200 0.059944 -0.326750
v -9.777168 0.059944 -0.333044
v -9.777256 0.161548 -0.324080
v -9.203286 0.161548 -0.318362
v -9.203632 0.554024 -0.283734
v -9.777602 0.554024 -0.289452
v -9.777670 0.631722 -0.282596
v -8.993710 0.631722 -0.274786
v -8.993852 0.795088 -0.260372
v -9.777814 0.795088 -0.268182
v -9.777954 0.954468 -0.254120
v -9.969944 0.954468 -0.256032
v -9.969804 0.795088 -0.270094
v -10.769766 0.795088 -0.278062
v -10.769622 0.631722 -0.292476
v -9.969660 0.631722 -0.284508
v -9.969592 0.554024 -0.291364
v -10.569562 0.554024 -0.297340
v -10.569218 0.161548 -0.331968
v -9.969246 0.161548 -0.325992
v -9.969158 0.059944 -0.334956
v -10.601128 0.059944 -0.341252
v -10.600908 -0.189088 -0.363224
v -10.808898 -0.189088 -0.365296
v -10.808758 -0.348470 -0.379358
v -10.600768 -0.348470 -0.377286
v -10.600458 -0.703092 -0.408574
v -10.408468 -0.703092 -0.406662
v -10.408544 -0.615432 -0.398928
v -9.968564 -0.615432 -0.394546
v -9.968462 -0.731252 -0.404764
v -9.967832 -0.753920 -0.406758
v -9.965914 -0.774912 -0.408592
v -9.962628 -0.794158 -0.410258
v -9.957870 -0.811802 -0.411766
v -9.951534 -0.827928 -0.413126
v -9.943536 -0.842548 -0.414338
v -9.933882 -0.855622 -0.415394
v -9.922668 -0.867108 -0.416296
v -9.910052 -0.877042 -0.417048
v -9.896190 -0.885560 -0.417660
v -9.881182 -0.892860 -0.418156
v -9.864956 -0.899212 -0.418554
v -9.847212 -0.904704 -0.418862
v -9.827792 -0.909294 -0.419074
v -9.806694 -0.913070 -0.419196
v -9.783810 -0.916132 -0.419240
v -9.759032 -0.918570 -0.419208
v -9.732258 -0.920462 -0.419108
v -9.703388 -0.921882 -0.418946
v -9.672322 -0.922898 -0.418726
v -9.638972 -0.923576 -0.418454
v -9.603246 -0.923984 -0.418134
v -9.565058 -0.924180 -0.417770
v -9.508726 -0.924252 -0.417216
v -9.502694 -0.900250 -0.415038
v -9.499908 -0.890988 -0.414192
v -9.496516 -0.881024 -0.413280
v -9.492602 -0.870556 -0.412316
v -9.488258 -0.859766 -0.411322
v -9.483572 -0.848818 -0.410308
v -9.478630 -0.837882 -0.409294
v -9.473518 -0.827112 -0.408294
v -9.468328 -0.816670 -0.407320
v -9.463150 -0.806714 -0.406390
v -9.458074 -0.797404 -0.405518
v -9.435392 -0.757844 -0.401802
v -9.500964 -0.759756 -0.402624
v -9.530580 -0.760400 -0.402974
v -9.559668 -0.760838 -0.403304
v -9.587910 -0.761090 -0.403606
v -9.614996 -0.761176 -0.403884
v -9.640604 -0.761116 -0.404134
v -9.664420 -0.760934 -0.404356
v -9.686128 -0.760648 -0.404546
v -9.705406 -0.760282 -0.404706
v -9.721924 -0.759852 -0.404832
v -9.735340 -0.759386 -0.404926
v -9.745214 -0.758912 -0.404982
v -9.753322 -0.758302 -0.405008
v -9.759850 -0.757422 -0.404996
v -9.764894 -0.756314 -0.404948
v -9.768452 -0.755104 -0.404878
v -9.770676 -0.753964 -0.404798
v -9.771956 -0.752988 -0.404726
v -9.772846 -0.751974 -0.404644
v -9.773752 -0.750410 -0.404516
v -9.774734 -0.747744 -0.404290
v -9.775626 -0.743650 -0.403938
v -9.776242 -0.738040 -0.403448
v -9.776474 -0.730680 -0.402802
v -9.776574 -0.615432 -0.392634
v -9.126606 -0.615432 -0.386160
v -9.126746 -0.458044 -0.372272
v -9.776712 -0.458044 -0.378746
v -9.777384 0.306984 -0.311248
v -9.777474 0.408590 -0.302282
v -9.387496 0.408590 -0.298398
v -9.387406 0.306984 -0.307364
v -10.377356 0.306984 -0.317224
v -10.377446 0.408590 -0.308260
v -9.969464 0.408590 -0.304196
v -9.969374 0.306984 -0.313160
v -10.408918 -0.189088 -0.361312
v -10.409006 -0.089476 -0.352522
v -9.969026 -0.089476 -0.348140
v -9.968938 -0.189088 -0.356930
v -10.408682 -0.458044 -0.385042
v -10.408778 -0.348470 -0.375374
v -9.968798 -0.348470 -0.370992
v -9.968702 -0.458044 -0.380660
v -7.983472 0.891172 -0.241830
v -7.982828 0.848524 -0.245588
v -7.982002 0.804454 -0.249468
v -7.980902 0.759062 -0.253462
v -7.979438 0.712448 -0.257560
v -7.977520 0.664708 -0.261754
v -7.975056 0.615944 -0.266032
v -7.971954 0.566250 -0.270386
v -7.968124 0.515724 -0.274806
v -7.963474 0.464464 -0.279284
v -7.957912 0.412568 -0.283808
v -7.954172 0.382690 -0.286406
v -8.783502 0.382690 -0.294668
v -8.783332 0.189440 -0.311718
v -8.033428 0.189440 -0.304248
v -8.061574 0.107980 -0.311716
v -8.103710 0.004274 -0.321288
v -8.150878 -0.095302 -0.330544
v -8.203074 -0.190320 -0.339448
v -8.260304 -0.280356 -0.347962
v -8.322566 -0.364990 -0.356052
v -8.389862 -0.443810 -0.363676
v -8.462196 -0.516404 -0.370802
v -8.539578 -0.582368 -0.377394
v -8.622024 -0.641302 -0.383416
v -8.709562 -0.692806 -0.388832
v -8.829672 -0.749420 -0.395024
v -8.798718 -0.778214 -0.397256
v -8.789196 -0.787760 -0.398004
v -8.779386 -0.798212 -0.398828
v -8.769434 -0.809394 -0.399716
v -8.759466 -0.821134 -0.400654
v -8.749612 -0.833256 -0.401624
v -8.739990 -0.845596 -0.402618
v -8.730724 -0.857978 -0.403618
v -8.721930 -0.870234 -0.404612
v -8.713730 -0.882190 -0.405586
v -8.706246 -0.893664 -0.406524
v -8.689650 -0.920660 -0.408740
v -8.578096 -0.862302 -0.402480
v -8.487798 -0.805312 -0.396550
v -8.402828 -0.741648 -0.390086
v -8.323102 -0.671570 -0.383110
v -8.248532 -0.595338 -0.375640
v -8.179022 -0.513208 -0.367700
v -8.114468 -0.425438 -0.359312
v -8.054772 -0.332280 -0.350498
v -7.999822 -0.233980 -0.341276
v -7.949510 -0.130782 -0.331668
v -7.903726 -0.022928 -0.321696
v -7.883798 0.031166 -0.316724
v -7.873270 -0.006088 -0.319906
v -7.840324 -0.102518 -0.328088
v -7.801288 -0.197852 -0.336110
v -7.755612 -0.291532 -0.343922
v -7.702746 -0.382988 -0.351466
v -7.642148 -0.471646 -0.358684
v -7.573278 -0.556932 -0.365524
v -7.495614 -0.638258 -0.371928
v -7.408638 -0.715048 -0.377836
v -7.311844 -0.786722 -0.383198
v -7.204730 -0.852716 -0.387954
v -7.071598 -0.920172 -0.392580
v -7.055490 -0.895854 -0.390274
v -7.048504 -0.886084 -0.389342
v -7.040692 -0.875834 -0.388360
v -7.032172 -0.865262 -0.387342
v -7.023060 -0.854522 -0.386304
v -7.013470 -0.843760 -0.385258
v -7.003518 -0.833116 -0.384220
v -6.993318 -0.822738 -0.383202
v -6.982988 -0.812762 -0.382220
v -6.972648 -0.803334 -0.381284
v -6.962428 -0.794596 -0.380412
v -6.927232 -0.766692 -0.377598
v -7.073984 -0.696022 -0.372824
v -7.179464 -0.633174 -0.368330
v -7.273758 -0.564592 -0.363216
v -7.357532 -0.490878 -0.357546
v -7.431450 -0.412616 -0.351378
v -7.496160 -0.330390 -0.344766
v -7.552294 -0.244774 -0.337770
v -7.600476 -0.156350 -0.330448
v -7.641318 -0.065710 -0.322856
v -7.675422 0.026550 -0.315056
v -7.703392 0.119820 -0.307104
v -7.720072 0.189440 -0.301126
v -6.983420 0.189440 -0.293790
v -6.983590 0.382690 -0.276738
v -7.753982 0.382690 -0.284412
v -7.758576 0.417688 -0.281370
v -7.764224 0.469318 -0.276870
v -7.768798 0.520338 -0.272414
v -7.772422 0.570628 -0.268012
v -7.775222 0.620074 -0.263678
v -7.777316 0.668560 -0.259420
v -7.778830 0.715966 -0.255252
v -7.779888 0.762180 -0.251184
v -7.780614 0.807084 -0.247230
v -7.781130 0.850566 -0.243398
v -7.781564 0.892514 -0.239700
v -7.782268 0.952476 -0.234416
v -7.984294 0.952476 -0.236428
v -5.204330 0.391300 -0.258256
v -5.223568 0.392254 -0.258364
v -5.244636 0.393484 -0.258464
v -5.267366 0.394966 -0.258560
v -5.291598 0.396670 -0.258652
v -5.317172 0.398570 -0.258738
v -5.343928 0.400638 -0.258822
v -5.371714 0.402844 -0.258904
v -5.400374 0.405162 -0.258986
v -5.429754 0.407562 -0.259066
v -5.459700 0.410020 -0.259148
v -5.475068 0.411280 -0.259190
v -5.479408 0.432572 -0.257354
v -5.486336 0.468808 -0.254226
v -5.492836 0.505308 -0.251070
v -5.498856 0.541960 -0.247896
v -5.504352 0.578650 -0.244712
v -5.509272 0.615264 -0.241530
v -5.513568 0.651688 -0.238360
v -5.517196 0.687810 -0.235208
v -5.520104 0.723514 -0.232086
v -5.522248 0.758682 -0.229004
v -5.523578 0.793202 -0.225972
v -5.524360 0.848902 -0.221066
v -5.752174 0.826700 -0.225294
v -5.745602 0.795456 -0.227984
v -5.743616 0.785842 -0.228814
v -5.741646 0.776108 -0.229652
v -5.739696 0.766272 -0.230502
v -5.737774 0.756358 -0.231356
v -5.735888 0.746386 -0.232218
v -5.734044 0.736378 -0.233082
v -5.732250 0.726354 -0.233950
v -5.730510 0.716338 -0.234816
v -5.728834 0.706350 -0.235680
v -5.727228 0.696412 -0.236542
v -5.725646 0.686192 -0.237428
v -5.678080 0.428634 -0.259680
v -5.675278 0.428400 -0.259674
v -5.697986 0.430254 -0.259736
v -5.720052 0.432000 -0.259802
v -5.741400 0.433622 -0.259872
v -5.761956 0.435106 -0.259944
v -5.781648 0.436438 -0.260024
v -5.800400 0.437606 -0.260108
v -5.818144 0.438594 -0.260196
v -5.834808 0.439388 -0.260292
v -5.850330 0.439976 -0.260396
v -5.864650 0.440340 -0.260506
v -5.877938 0.440468 -0.260628
v -5.923384 0.438938 -0.261214
v -5.967552 0.433958 -0.262094
v -6.009882 0.424964 -0.263310
v -6.049962 0.411352 -0.264910
v -6.087294 0.392518 -0.266944
v -6.121274 0.367912 -0.269454
v -6.151226 0.337124 -0.272468
v -6.176524 0.299898 -0.276006
v -6.196690 0.256050 -0.280076
v -6.211392 0.205344 -0.284696
v -6.220374 0.147440 -0.289894
v -6.223370 0.082206 -0.295680
v -6.222590 0.020604 -0.301108
v -6.220338 -0.043156 -0.306712
v -6.216558 -0.108634 -0.312452
v -6.211206 -0.175040 -0.318260
v -6.204226 -0.241588 -0.324062
v -6.195568 -0.307496 -0.329792
v -6.185178 -0.371976 -0.335378
v -6.172990 -0.434258 -0.340752
v -6.158940 -0.493570 -0.345846
v -6.142946 -0.549160 -0.350592
v -6.124900 -0.600292 -0.354924
v -6.104742 -0.646042 -0.358760
v -6.087150 -0.678864 -0.361480
v -6.067778 -0.707860 -0.363846
v -6.046674 -0.733116 -0.365864
v -6.023886 -0.754772 -0.367548
v -5.999506 -0.772970 -0.368912
v -5.973668 -0.787880 -0.369970
v -5.946520 -0.799720 -0.370744
v -5.918196 -0.808748 -0.371258
v -5.888794 -0.815256 -0.371540
v -5.858376 -0.819542 -0.371616
v -5.826982 -0.821906 -0.371512
v -5.794672 -0.822630 -0.371254
v -5.774240 -0.822340 -0.371024
v -5.753440 -0.821504 -0.370744
v -5.732350 -0.820178 -0.370416
v -5.711120 -0.818412 -0.370048
v -5.689898 -0.816252 -0.369646
v -5.668832 -0.813754 -0.369216
v -5.648080 -0.810960 -0.368764
v -5.627792 -0.807922 -0.368294
v -5.608124 -0.804688 -0.367812
v -5.589226 -0.801304 -0.367324
v -5.571252 -0.797818 -0.366838
v -5.540980 -0.791474 -0.365976
v -5.508236 -0.579494 -0.346946
v -5.559576 -0.594542 -0.348784
v -5.581070 -0.600244 -0.349502
v -5.602962 -0.605510 -0.350184
v -5.625008 -0.610316 -0.350828
v -5.646958 -0.614634 -0.351428
v -5.668564 -0.618442 -0.351980
v -5.689578 -0.621718 -0.352478
v -5.709750 -0.624438 -0.352918
v -5.728824 -0.626582 -0.353298
v -5.746534 -0.628128 -0.353610
v -5.762604 -0.629062 -0.353854
v -5.776782 -0.629374 -0.354022
v -5.794114 -0.629028 -0.354164
v -5.810702 -0.627884 -0.354228
v -5.826442 -0.625796 -0.354200
v -5.841306 -0.622632 -0.354070
v -5.855300 -0.618270 -0.353824
v -5.868474 -0.612568 -0.353452
v -5.880914 -0.605358 -0.352940
v -5.892728 -0.596412 -0.352268
v -5.903996 -0.585450 -0.351414
v -5.914758 -0.572164 -0.350348
v -5.924986 -0.556248 -0.349046
v -5.934694 -0.537286 -0.347470
v -5.949460 -0.502668 -0.344562
v -5.962968 -0.463254 -0.341218
v -5.975232 -0.419490 -0.337478
v -5.986214 -0.372048 -0.333402
v -5.995894 -0.321576 -0.329044
v -6.004264 -0.268710 -0.324464
v -6.011330 -0.214078 -0.319712
v -6.017094 -0.158302 -0.314848
v -6.021568 -0.101996 -0.309924
v -6.024762 -0.045780 -0.304996
v -6.026688 0.009732 -0.300116
v -6.027354 0.063638 -0.295366
v -6.025724 0.104470 -0.291748
v -6.020966 0.138880 -0.288664
v -6.013376 0.167490 -0.286064
v -6.003288 0.190784 -0.283908
v -5.990978 0.209432 -0.282140
v -5.976510 0.224232 -0.280690
v -5.959694 0.235904 -0.279492
v -5.940248 0.244926 -0.278502
v -5.918022 0.251552 -0.277696
v -5.893042 0.255976 -0.277056
v -5.865460 0.258420 -0.276566
v -5.835388 0.259168 -0.276202
v -5.823244 0.259050 -0.276090
v -5.809638 0.258700 -0.275986
v -5.794822 0.258130 -0.275888
v -5.778900 0.257352 -0.275798
v -5.761976 0.256382 -0.275716
v -5.744144 0.255230 -0.275640
v -5.725502 0.253912 -0.275570
v -5.706142 0.252442 -0.275508
v -5.686160 0.250832 -0.275450
v -5.665646 0.249098 -0.275398
v -5.644692 0.247252 -0.275354
v -5.637294 0.246578 -0.275338
v -5.620990 0.185390 -0.280576
v -5.598420 0.104604 -0.287480
v -5.573150 0.018776 -0.294802
v -5.545130 -0.071114 -0.302454
v -5.514312 -0.164090 -0.310352
v -5.480642 -0.259172 -0.318406
v -5.444066 -0.355382 -0.326530
v -5.404530 -0.451748 -0.334640
v -5.361972 -0.547292 -0.342648
v -5.316338 -0.641046 -0.350466
v -5.267556 -0.732036 -0.358008
v -5.207026 -0.833610 -0.366368
v -5.005994 -0.751992 -0.357164
v -5.069864 -0.660712 -0.349746
v -5.116864 -0.583966 -0.343442
v -5.161562 -0.502016 -0.336656
v -5.203822 -0.416176 -0.329502
v -5.243514 -0.327754 -0.322096
v -5.280524 -0.238056 -0.314550
v -5.314740 -0.148386 -0.306978
v -5.346050 -0.060040 -0.299494
v -5.374352 0.025682 -0.292212
v -5.399542 0.107480 -0.285244
v -5.421514 0.184058 -0.278706
v -5.432806 0.226456 -0.275078
v -5.207820 0.203516 -0.274860
v -5.195810 0.201974 -0.274878
v -5.182200 0.200252 -0.274894
v -5.167522 0.198406 -0.274910
v -5.152028 0.196460 -0.274928
v -5.135960 0.194432 -0.274946
v -5.119574 0.192344 -0.274968
v -5.103116 0.190214 -0.274992
v -5.086842 0.188068 -0.275018
v -5.071002 0.185924 -0.275050
v -5.055854 0.183804 -0.275086
v -5.041656 0.181732 -0.275128
v -5.007802 0.176512 -0.275252
v -4.985426 0.391312 -0.256074
v -5.023994 0.390196 -0.256558
v -5.039244 0.389824 -0.256742
v -5.054152 0.389536 -0.256916
v -5.068808 0.389330 -0.257080
v -5.083292 0.389206 -0.257236
v -5.097690 0.389164 -0.257382
v -5.112088 0.389206 -0.257522
v -5.126574 0.389330 -0.257656
v -5.141228 0.389536 -0.257784
v -5.156138 0.389824 -0.257906
v -5.171388 0.390196 -0.258026
v -5.187018 0.390648 -0.258142
v -6.614872 -0.230976 -0.327216
v -6.591206 -0.155218 -0.320296
v -6.570902 -0.096958 -0.314952
v -6.547354 -0.034986 -0.309250
v -6.520956 0.029534 -0.303292
v -6.492092 0.095446 -0.297190
v -6.461160 0.161606 -0.291044
v -6.428546 0.226862 -0.284960
v -6.394652 0.290064 -0.279046
v -6.359882 0.350060 -0.273406
v -6.324654 0.405682 -0.268146
v -6.289410 0.455756 -0.263376
v -6.238040 0.519772 -0.257216
v -6.422486 0.602800 -0.251728
v -6.464248 0.544922 -0.257250
v -6.498230 0.492984 -0.262172
v -6.533124 0.435492 -0.267592
v -6.568422 0.373696 -0.273396
v -6.603590 0.308860 -0.279468
v -6.638082 0.242264 -0.285688
v -6.671350 0.175184 -0.291938
v -6.702842 0.108910 -0.298100
v -6.732004 0.044718 -0.304056
v -6.758286 -0.016114 -0.309684
v -6.781138 -0.072326 -0.314872
v -6.806280 -0.139392 -0.321040
v -6.484436 0.520276 -0.259626
v -6.465420 0.557698 -0.256134
v -6.453950 0.579706 -0.254078
v -6.441604 0.602858 -0.251912
v -6.428528 0.626846 -0.249666
v -6.414876 0.651356 -0.247366
v -6.400790 0.676078 -0.245046
v -6.386424 0.700704 -0.242728
v -6.371928 0.724922 -0.240448
v -6.357450 0.748420 -0.238230
v -6.343148 0.770884 -0.236106
v -6.329178 0.791994 -0.234104
v -6.301396 0.832064 -0.230290
v -6.447336 0.891272 -0.226520
v -6.469490 0.859534 -0.229542
v -6.483332 0.838842 -0.231504
v -6.497684 0.816642 -0.233606
v -6.512384 0.793256 -0.235816
v -6.527258 0.769012 -0.238104
v -6.542132 0.744238 -0.240438
v -6.556832 0.719268 -0.242788
v -6.571178 0.694434 -0.245122
v -6.584996 0.670072 -0.247410
v -6.598110 0.646512 -0.249620
v -6.610340 0.624088 -0.251720
v -6.631592 0.584218 -0.255450
v -6.710718 0.601916 -0.254676
v -6.690690 0.640424 -0.251078
v -6.678566 0.663132 -0.248954
v -6.665746 0.686552 -0.246760
v -6.652344 0.710450 -0.244518
v -6.638474 0.734594 -0.242250
v -6.624252 0.758752 -0.239976
v -6.609788 0.782688 -0.237720
v -6.595202 0.806172 -0.235502
v -6.580606 0.828966 -0.233346
v -6.566120 0.850836 -0.231272
v -6.551864 0.871540 -0.229302
v -6.523126 0.911442 -0.225496
v -6.667210 0.971000 -0.221674
v -6.690008 0.938900 -0.224734
v -6.704504 0.917806 -0.226740
v -6.719596 0.895238 -0.228882
v -6.735066 0.871550 -0.231126
v -6.750692 0.847102 -0.233440
v -6.766252 0.822248 -0.235788
v -6.781518 0.797348 -0.238136
v -6.796268 0.772764 -0.240452
v -6.810278 0.748852 -0.242702
v -6.823326 0.725964 -0.244852
v -6.835194 0.704448 -0.246868
v -6.855514 0.666000 -0.250464
v -3.801030 0.264710 -0.255448
v -3.849476 0.292572 -0.253472
v -3.898124 0.319818 -0.251552
v -3.946510 0.346318 -0.249696
v -3.994172 0.371944 -0.247910
v -4.040646 0.396564 -0.246200
v -4.085464 0.420048 -0.244574
v -4.128162 0.442264 -0.243040
v -4.168266 0.463076 -0.241602
v -4.205304 0.482352 -0.240270
v -4.238796 0.499950 -0.239052
v -4.268030 0.515606 -0.237960
v -4.281842 0.523698 -0.237384
v -4.295322 0.531678 -0.236814
v -4.308218 0.539418 -0.236260
v -4.320584 0.546974 -0.235716
v -4.332476 0.554396 -0.235180
v -4.343950 0.561744 -0.234646
v -4.355064 0.569070 -0.234110
v -4.365876 0.576428 -0.233568
v -4.376448 0.583880 -0.233016
v -4.386840 0.591480 -0.232450
v -4.397114 0.599288 -0.231862
v -4.425092 0.621398 -0.230190
v -4.535448 0.443752 -0.246964
v -4.506376 0.426360 -0.248210
v -4.494426 0.419384 -0.248706
v -4.482300 0.412462 -0.249196
v -4.469984 0.405572 -0.249682
v -4.457460 0.398692 -0.250164
v -4.444720 0.391802 -0.250646
v -4.431746 0.384880 -0.251126
v -4.418526 0.377906 -0.251610
v -4.405044 0.370858 -0.252098
v -4.391284 0.363716 -0.252592
v -4.377236 0.356456 -0.253092
v -4.362830 0.349030 -0.253604
v -4.325932 0.330302 -0.254888
v -4.284014 0.309246 -0.256330
v -4.237846 0.286088 -0.257912
v -4.188178 0.261044 -0.259628
v -4.135770 0.234330 -0.261464
v -4.081380 0.206170 -0.263406
v -4.025778 0.176786 -0.265446
v -3.969730 0.146402 -0.267568
v -3.914002 0.115244 -0.269762
v -3.859372 0.083542 -0.272016
v -3.806612 0.051528 -0.274314
v -3.756428 0.019394 -0.276650
v -3.711998 -0.010388 -0.278836
v -3.670996 -0.040504 -0.281084
v -3.633412 -0.071058 -0.283406
v -3.599378 -0.102048 -0.285802
v -3.569018 -0.133470 -0.288272
v -3.542446 -0.165320 -0.290818
v -3.519758 -0.197596 -0.293440
v -3.501040 -0.230300 -0.296140
v -3.486358 -0.263458 -0.298920
v -3.475770 -0.297128 -0.301784
v -3.469336 -0.331400 -0.304744
v -3.467158 -0.366198 -0.307794
v -3.470156 -0.403050 -0.311076
v -3.479074 -0.436858 -0.314148
v -3.493896 -0.467940 -0.317038
v -3.514770 -0.496454 -0.319762
v -3.541950 -0.522426 -0.322324
v -3.575696 -0.545726 -0.324716
v -3.616180 -0.566112 -0.326918
v -3.663486 -0.583314 -0.328908
v -3.717630 -0.597070 -0.330660
v -3.778598 -0.607142 -0.332156
v -3.846358 -0.613324 -0.333378
v -3.921046 -0.615430 -0.334306
v -3.975872 -0.614864 -0.334802
v -4.032360 -0.613196 -0.335218
v -4.089776 -0.610482 -0.335550
v -4.147562 -0.606778 -0.335800
v -4.205156 -0.602136 -0.335964
v -4.262006 -0.596616 -0.336044
v -4.317548 -0.590274 -0.336036
v -4.371226 -0.583166 -0.335944
v -4.422474 -0.575352 -0.335766
v -4.470722 -0.566896 -0.335500
v -4.515394 -0.557860 -0.335148
v -4.580896 -0.542436 -0.334438
v -4.580704 -0.761870 -0.353800
v -4.524174 -0.771038 -0.354046
v -4.481242 -0.777342 -0.354174
v -4.435476 -0.783404 -0.354254
v -4.387074 -0.789152 -0.354278
v -4.336232 -0.794506 -0.354244
v -4.283146 -0.799394 -0.354146
v -4.228018 -0.803740 -0.353982
v -4.171044 -0.807468 -0.353742
v -4.112424 -0.810498 -0.353426
v -4.052360 -0.812758 -0.353028
v -3.991048 -0.814172 -0.352540
v -3.928510 -0.814660 -0.351962
v -3.835862 -0.812268 -0.350828
v -3.747792 -0.804884 -0.349298
v -3.665000 -0.792202 -0.347354
v -3.588032 -0.773894 -0.344972
v -3.517440 -0.749598 -0.342126
v -3.453818 -0.718920 -0.338784
v -3.397834 -0.681444 -0.334920
v -3.350274 -0.636802 -0.330508
v -3.312026 -0.584756 -0.325534
v -3.283964 -0.525276 -0.320006
v -3.266802 -0.458462 -0.313940
v -3.261060 -0.384574 -0.307362
v -3.263956 -0.331764 -0.302732
v -3.272404 -0.280924 -0.298330
v -3.286224 -0.231774 -0.294130
v -3.305204 -0.184278 -0.290128
v -3.329112 -0.138372 -0.286316
v -3.357710 -0.093968 -0.282682
v -3.390776 -0.050952 -0.279216
v -3.428096 -0.009194 -0.275902
v -3.469470 0.031440 -0.272730
v -3.514706 0.071088 -0.269682
v -3.563628 0.109888 -0.266744
v -3.601550 0.137434 -0.264692
v -3.586680 0.164466 -0.262158
v -3.562818 0.209586 -0.257940
v -3.538594 0.256978 -0.253516
v -3.514096 0.306354 -0.248916
v -3.489422 0.357420 -0.244164
v -3.464662 0.409886 -0.239288
v -3.439912 0.463454 -0.234314
v -3.415266 0.517834 -0.229270
v -3.390822 0.572726 -0.224182
v -3.366676 0.627838 -0.219080
v -3.342922 0.682872 -0.213986
v -3.311826 0.755938 -0.207230
v -3.507660 0.837400 -0.201992
v -3.535194 0.763420 -0.208794
v -3.556168 0.709350 -0.213774
v -3.577756 0.655808 -0.218714
v -3.599842 0.602986 -0.223594
v -3.622318 0.551072 -0.228400
v -3.645068 0.500256 -0.233110
v -3.667986 0.450726 -0.237708
v -3.690954 0.402672 -0.242178
v -3.713860 0.356284 -0.246500
v -3.736594 0.311752 -0.250656
v -3.759042 0.269268 -0.254628
v -3.771226 0.247024 -0.256712
v -1.410190 -0.403654 -0.290610
v -1.418924 -0.434770 -0.293442
v -1.433530 -0.463810 -0.296150
v -1.454234 -0.490842 -0.298742
v -1.481336 -0.515778 -0.301212
v -1.515098 -0.538386 -0.303544
v -1.555696 -0.558344 -0.305708
v -1.603218 -0.575322 -0.307680
v -1.657702 -0.589000 -0.309430
v -1.719158 -0.599090 -0.310932
v -1.787588 -0.605324 -0.312164
v -1.863168 -0.607460 -0.313106
v -1.931184 -0.606850 -0.313728
v -1.998326 -0.605032 -0.314238
v -2.064088 -0.602046 -0.314628
v -2.128152 -0.597926 -0.314904
v -2.190194 -0.592708 -0.315062
v -2.249900 -0.586430 -0.315102
v -2.306942 -0.579128 -0.315026
v -2.360998 -0.570844 -0.314834
v -2.411738 -0.561618 -0.314524
v -2.458826 -0.551498 -0.314100
v -2.501916 -0.540536 -0.313562
v -2.566704 -0.520904 -0.312476
v -2.569010 -0.734452 -0.331342
v -2.515186 -0.748160 -0.332016
v -2.471994 -0.757556 -0.332414
v -2.424868 -0.766362 -0.332722
v -2.374056 -0.774522 -0.332936
v -2.319820 -0.781972 -0.333052
v -2.262422 -0.788646 -0.333070
v -2.202132 -0.794482 -0.332984
v -2.139220 -0.799410 -0.332792
v -2.073958 -0.803364 -0.332492
v -2.006616 -0.806272 -0.332078
v -1.937472 -0.808068 -0.331548
v -1.866600 -0.808684 -0.330896
v -1.767686 -0.805884 -0.329664
v -1.675736 -0.797482 -0.328006
v -1.591124 -0.783496 -0.325928
v -1.514052 -0.763914 -0.323434
v -1.444728 -0.738702 -0.320518
v -1.383398 -0.707796 -0.317180
v -1.330376 -0.671122 -0.313416
v -1.286066 -0.628642 -0.309226
v -1.250962 -0.580428 -0.304622
v -1.225556 -0.526720 -0.299630
v -1.210214 -0.467890 -0.294286
v -1.205170 -0.404864 -0.288674
v -1.205702 -0.378282 -0.286334
v -1.207140 -0.352710 -0.284092
v -1.209388 -0.327564 -0.281896
v -1.212332 -0.302864 -0.279744
v -1.215862 -0.278620 -0.277640
v -1.219872 -0.254852 -0.275584
v -1.224248 -0.231572 -0.273572
v -1.228886 -0.208796 -0.271610
v -1.233676 -0.186540 -0.269694
v -1.238510 -0.164822 -0.267824
v -1.243284 -0.143660 -0.266006
v -1.251766 -0.105766 -0.262746
v -1.455924 -0.125856 -0.266552
v -1.442212 -0.168916 -0.270216
v -1.436448 -0.188148 -0.271854
v -1.431144 -0.207134 -0.273478
v -1.426322 -0.225894 -0.275084
v -1.422000 -0.244450 -0.276678
v -1.418194 -0.262820 -0.278262
v -1.414924 -0.281026 -0.279836
v -1.412206 -0.299090 -0.281402
v -1.410058 -0.317032 -0.282964
v -1.408498 -0.334880 -0.284524
v -1.407542 -0.352654 -0.286082
v -1.407222 -0.369688 -0.287582
v -1.926062 0.653918 -0.202428
v -1.974308 0.654730 -0.202838
v -2.022572 0.656024 -0.203204
v -2.070602 0.657752 -0.203530
v -2.118146 0.659868 -0.203816
v -2.164950 0.662322 -0.204066
v -2.210764 0.665064 -0.204280
v -2.255334 0.668050 -0.204460
v -2.298410 0.671228 -0.204610
v -2.339738 0.674550 -0.204728
v -2.379066 0.677970 -0.204818
v -2.438080 0.683486 -0.204920
v -2.437902 0.479704 -0.222900
v -2.383670 0.475804 -0.222702
v -2.344944 0.473134 -0.222552
v -2.303582 0.470420 -0.222380
v -2.259984 0.467728 -0.222184
v -2.214540 0.465118 -0.221962
v -2.167650 0.462654 -0.221712
v -2.119702 0.460396 -0.221434
v -2.071096 0.458410 -0.221124
v -2.022220 0.456754 -0.220784
v -1.973468 0.455494 -0.220410
v -1.925232 0.454692 -0.220000
v -1.877926 0.454410 -0.219554
v -1.828360 0.454614 -0.219042
v -1.780004 0.455206 -0.218508
v -1.732778 0.456160 -0.217952
v -1.686620 0.457446 -0.217380
v -1.641468 0.459038 -0.216790
v -1.597262 0.460906 -0.216184
v -1.553942 0.463026 -0.215566
v -1.511442 0.465366 -0.214936
v -1.469704 0.467898 -0.214296
v -1.428666 0.470598 -0.213650
v -1.388264 0.473436 -0.212996
v -1.329956 0.477750 -0.212036
v -1.330134 0.681994 -0.194014
v -1.389110 0.675144 -0.195206
v -1.427218 0.671304 -0.195924
v -1.466854 0.667860 -0.196624
v -1.507930 0.664806 -0.197302
v -1.550360 0.662134 -0.197960
v -1.594058 0.659840 -0.198598
v -1.638938 0.657918 -0.199216
v -1.684914 0.656358 -0.199810
v -1.731900 0.655158 -0.200384
v -1.779814 0.654308 -0.200936
v -1.828570 0.653804 -0.201468
v -1.878058 0.653638 -0.201974
v 0.248660 -0.423274 -0.275818
v 0.267552 -0.426348 -0.275900
v 0.285284 -0.431270 -0.276158
v 0.301696 -0.437866 -0.276576
v 0.316626 -0.445964 -0.277142
v 0.329920 -0.455376 -0.277840
v 0.341438 -0.465916 -0.278656
v 0.351054 -0.477396 -0.279572
v 0.358672 -0.489640 -0.280578
v 0.364212 -0.502504 -0.281658
v 0.367610 -0.515888 -0.282804
v 0.368766 -0.529626 -0.284006
v 0.366896 -0.549000 -0.285734
v 0.361460 -0.566774 -0.287356
v 0.352530 -0.583332 -0.288906
v 0.340062 -0.598788 -0.290394
v 0.324008 -0.613082 -0.291816
v 0.304412 -0.626038 -0.293154
v 0.281408 -0.637448 -0.294390
v 0.255194 -0.647114 -0.295504
v 0.225998 -0.654864 -0.296478
v 0.194064 -0.660548 -0.297298
v 0.159640 -0.664040 -0.297948
v 0.122710 -0.665238 -0.298422
v 0.108794 -0.665158 -0.298554
v 0.094784 -0.664912 -0.298672
v 0.080944 -0.664504 -0.298774
v 0.067276 -0.663934 -0.298860
v 0.053780 -0.663200 -0.298930
v 0.040458 -0.662304 -0.298982
v 0.027306 -0.661246 -0.299020
v 0.014328 -0.660028 -0.299042
v 0.001522 -0.658646 -0.299048
v -0.011114 -0.657104 -0.299038
v -0.023574 -0.655400 -0.299012
v -0.016310 -0.656502 -0.299036
v -0.013668 -0.638706 -0.297440
v -0.005066 -0.604322 -0.294320
v 0.006576 -0.572300 -0.291378
v 0.021114 -0.542860 -0.288636
v 0.038408 -0.516200 -0.286112
v 0.058324 -0.492502 -0.283822
v 0.080752 -0.471936 -0.281784
v 0.105614 -0.454662 -0.280012
v 0.132860 -0.440848 -0.278522
v 0.162472 -0.430682 -0.277330
v 0.194446 -0.424386 -0.276456
v 0.228856 -0.422216 -0.275922
v 0.468696 0.741614 -0.170836
v 0.422610 0.742518 -0.171216
v 0.366112 0.743936 -0.171652
v 0.301818 0.745788 -0.172130
v 0.232322 0.748002 -0.172626
v 0.160204 0.750498 -0.173124
v 0.088050 0.753202 -0.173606
v 0.018444 0.756036 -0.174048
v -0.046030 0.758924 -0.174436
v -0.102764 0.761788 -0.174748
v -0.149120 0.764548 -0.174966
v -0.182772 0.767140 -0.175072
v -0.197040 0.768172 -0.175124
v -0.209872 0.769260 -0.175156
v -0.221508 0.770414 -0.175170
v -0.232032 0.771620 -0.175168
v -0.241526 0.772872 -0.175152
v -0.250074 0.774162 -0.175124
v -0.257760 0.775482 -0.175084
v -0.264674 0.776822 -0.175034
v -0.270910 0.778176 -0.174976
v -0.276562 0.779540 -0.174912
v -0.281738 0.780914 -0.174844
v -0.299608 0.786064 -0.174566
v -0.412868 0.643646 -0.188262
v -0.386648 0.624950 -0.189650
v -0.377344 0.618404 -0.190136
v -0.367972 0.611856 -0.190620
v -0.358554 0.605296 -0.191104
v -0.349120 0.598708 -0.191592
v -0.339696 0.592076 -0.192084
v -0.330308 0.585390 -0.192580
v -0.320984 0.578634 -0.193084
v -0.311754 0.571798 -0.193594
v -0.302642 0.564866 -0.194116
v -0.293676 0.557830 -0.194646
v -0.284540 0.550398 -0.195212
v -0.256028 0.528324 -0.196876
v -0.221602 0.500870 -0.198956
v -0.181936 0.468672 -0.201402
v -0.138064 0.432648 -0.204142
v -0.090998 0.393698 -0.207112
v -0.041748 0.352722 -0.210236
v 0.008682 0.310614 -0.213450
v 0.059288 0.268272 -0.216682
v 0.109072 0.226584 -0.219864
v 0.157030 0.186444 -0.222928
v 0.202168 0.148740 -0.225806
v 0.163622 0.180810 -0.223360
v 0.239046 0.156240 -0.224776
v 0.215154 0.163082 -0.224410
v 0.191190 0.169062 -0.224122
v 0.167194 0.174226 -0.223906
v 0.143200 0.178616 -0.223756
v 0.119242 0.182278 -0.223672
v 0.095358 0.185258 -0.223648
v 0.071582 0.187598 -0.223678
v 0.047946 0.189340 -0.223760
v 0.024488 0.190532 -0.223888
v 0.001240 0.191216 -0.224060
v -0.022178 0.191438 -0.224272
v -0.104774 0.187280 -0.225462
v -0.183418 0.175022 -0.227328
v -0.257188 0.155110 -0.229820
v -0.325554 0.127960 -0.232896
v -0.387986 0.093996 -0.236514
v -0.443934 0.053638 -0.240634
v -0.492832 0.007322 -0.245208
v -0.534104 -0.044502 -0.250192
v -0.567160 -0.101346 -0.255536
v -0.591422 -0.162694 -0.261192
v -0.606330 -0.227992 -0.267102
v -0.611362 -0.296628 -0.273208
v -0.605648 -0.377290 -0.280270
v -0.588854 -0.452948 -0.286778
v -0.561294 -0.523194 -0.292702
v -0.523366 -0.587534 -0.298002
v -0.475526 -0.645506 -0.302640
v -0.418272 -0.696698 -0.306588
v -0.352104 -0.740766 -0.309816
v -0.277492 -0.777418 -0.312308
v -0.194874 -0.806386 -0.314040
v -0.104650 -0.827410 -0.314998
v -0.007198 -0.840226 -0.315158
v 0.097088 -0.844558 -0.314500
v 0.164410 -0.842092 -0.313612
v 0.227174 -0.834838 -0.312348
v 0.285242 -0.822998 -0.310724
v 0.338414 -0.806758 -0.308762
v 0.386474 -0.786298 -0.306478
v 0.429182 -0.761780 -0.303888
v 0.466262 -0.733368 -0.301012
v 0.497386 -0.701242 -0.297868
v 0.522178 -0.665642 -0.294480
v 0.540246 -0.626900 -0.290880
v 0.551244 -0.585440 -0.287112
v 0.554910 -0.541828 -0.283228
v 0.552146 -0.504826 -0.279990
v 0.544090 -0.469052 -0.276914
v 0.530970 -0.434844 -0.274026
v 0.513036 -0.402622 -0.271362
v 0.490544 -0.372794 -0.268954
v 0.463746 -0.345750 -0.266834
v 0.432894 -0.321870 -0.265034
v 0.398244 -0.301530 -0.263584
v 0.360042 -0.285092 -0.262514
v 0.318540 -0.272920 -0.261854
v 0.273986 -0.265366 -0.261630
v 0.226612 -0.262772 -0.261874
v 0.164248 -0.266222 -0.262800
v 0.106584 -0.276296 -0.264262
v 0.053664 -0.292554 -0.266224
v 0.005568 -0.314534 -0.268644
v -0.037626 -0.341734 -0.271474
v -0.075854 -0.373622 -0.274668
v -0.109082 -0.409644 -0.278178
v -0.137306 -0.449246 -0.281954
v -0.160554 -0.491884 -0.285948
v -0.178868 -0.537032 -0.290114
v -0.192298 -0.584184 -0.294408
v -0.196348 -0.607088 -0.296470
v -0.210932 -0.600822 -0.296062
v -0.245006 -0.582828 -0.294814
v -0.275982 -0.562838 -0.293358
v -0.303830 -0.540892 -0.291698
v -0.328526 -0.517020 -0.289838
v -0.350064 -0.491232 -0.287778
v -0.368430 -0.463518 -0.285516
v -0.383608 -0.433846 -0.283048
v -0.395554 -0.402170 -0.280372
v -0.404210 -0.368440 -0.277482
v -0.409492 -0.332614 -0.274372
v -0.411284 -0.295014 -0.271074
v -0.407706 -0.250132 -0.267078
v -0.397242 -0.207846 -0.263242
v -0.380214 -0.168018 -0.259558
v -0.356928 -0.130882 -0.256048
v -0.327674 -0.096732 -0.252744
v -0.292748 -0.065908 -0.249676
v -0.252476 -0.038776 -0.246880
v -0.207204 -0.015724 -0.244396
v -0.157296 0.002864 -0.242258
v -0.103138 0.016606 -0.240506
v -0.045116 0.025124 -0.239176
v 0.016484 0.028050 -0.238306
v 0.095222 0.025178 -0.237774
v 0.168242 0.016638 -0.237800
v 0.236282 0.002554 -0.238366
v 0.300238 -0.016976 -0.239452
v 0.361014 -0.041894 -0.241046
v 0.419502 -0.072166 -0.243134
v 0.476558 -0.107778 -0.245708
v 0.533008 -0.148706 -0.248756
v 0.589644 -0.194910 -0.252270
v 0.647248 -0.246326 -0.256232
v 0.706590 -0.302874 -0.260632
v 0.782938 -0.378884 -0.266578
v 0.926004 -0.231230 -0.252124
v 0.865982 -0.182160 -0.248392
v 0.819786 -0.144240 -0.245506
v 0.771430 -0.104422 -0.242474
v 0.721714 -0.063376 -0.239348
v 0.671440 -0.021774 -0.236178
v 0.621408 0.019712 -0.233016
v 0.572418 0.060408 -0.229912
v 0.525268 0.099646 -0.226920
v 0.480760 0.136754 -0.224088
v 0.439694 0.171056 -0.221470
v 0.402868 0.201886 -0.219118
v 0.370988 0.228648 -0.217074
v 0.340194 0.253924 -0.215150
v 0.304742 0.283190 -0.212920
v 0.265516 0.315712 -0.210442
v 0.223512 0.350666 -0.207776
v 0.179730 0.387226 -0.204986
v 0.135162 0.424568 -0.202134
v 0.090804 0.461864 -0.199286
v 0.047654 0.498294 -0.196500
v 0.006706 0.533028 -0.193844
v -0.031038 0.565240 -0.191376
v -0.064578 0.594098 -0.189164
v -0.050338 0.581696 -0.190118
v -0.074636 0.582652 -0.190274
v -0.032176 0.580892 -0.190008
v 0.018462 0.578728 -0.189694
v 0.075230 0.576254 -0.189346
v 0.136084 0.573558 -0.188978
v 0.198980 0.570730 -0.188602
v 0.261874 0.567860 -0.188228
v 0.322726 0.565040 -0.187870
v 0.379488 0.562358 -0.187542
v 0.430118 0.559906 -0.187254
v 0.472560 0.557772 -0.187020
v 0.504858 0.556042 -0.186850
v 0.515870 0.555504 -0.186788
v 0.526828 0.554890 -0.186734
v 0.537824 0.554194 -0.186686
v 0.548840 0.553414 -0.186644
v 0.559854 0.552554 -0.186610
v 0.570844 0.551614 -0.186584
v 0.581788 0.550590 -0.186566
v 0.592666 0.549486 -0.186554
v 0.603452 0.548302 -0.186552
v 0.614128 0.547036 -0.186556
v 0.624672 0.545690 -0.186570
v 0.657078 0.541240 -0.186640
v 0.664538 0.751928 -0.167976
v 0.629772 0.747728 -0.168692
v 0.618060 0.746506 -0.168916
v 0.606076 0.745430 -0.169130
v 0.593916 0.744492 -0.169334
v 0.581678 0.743690 -0.169528
v 0.569456 0.743014 -0.169708
v 0.557344 0.742462 -0.169878
v 0.545438 0.742024 -0.170036
v 0.533828 0.741696 -0.170180
v 0.522610 0.741470 -0.170312
v 0.511876 0.741338 -0.170430
v 0.501778 0.741296 -0.170534
v 1.847386 0.239002 -0.201454
v 1.869284 0.282970 -0.197356
v 1.883202 0.310212 -0.194812
v 1.897714 0.337910 -0.192224
v 1.912742 0.365874 -0.189608
v 1.928206 0.393914 -0.186978
v 1.944032 0.421838 -0.184358
v 1.960136 0.449456 -0.181760
v 1.976440 0.476580 -0.179204
v 1.992866 0.503016 -0.176708
v 2.009328 0.528572 -0.174288
v 2.025748 0.553056 -0.171964
v 2.056358 0.596680 -0.167810
v 1.904432 0.660382 -0.163702
v 1.881812 0.627380 -0.166840
v 1.866826 0.604946 -0.168968
v 1.850654 0.580214 -0.171312
v 1.833598 0.553626 -0.173828
v 1.815962 0.525630 -0.176474
v 1.798056 0.496674 -0.179208
v 1.780186 0.467210 -0.181986
v 1.762662 0.437684 -0.184766
v 1.745790 0.408546 -0.187504
v 1.729876 0.380236 -0.190162
v 1.715222 0.353190 -0.192694
v 1.692666 0.309508 -0.196774
v 1.580952 0.344318 -0.194814
v 1.603176 0.387846 -0.190752
v 1.617282 0.414516 -0.188258
v 1.632110 0.441640 -0.185716
v 1.647562 0.469016 -0.183148
v 1.663538 0.496448 -0.180568
v 1.679936 0.523736 -0.177996
v 1.696658 0.550682 -0.175452
v 1.713602 0.577090 -0.172954
v 1.730666 0.602758 -0.170518
v 1.747748 0.627488 -0.168166
v 1.764742 0.651076 -0.165916
v 1.796556 0.693208 -0.161880
v 1.647374 0.762178 -0.157280
v 1.623232 0.730090 -0.160352
v 1.607276 0.707936 -0.162466
v 1.590248 0.683478 -0.164794
v 1.572438 0.657164 -0.167294
v 1.554144 0.629460 -0.169920
v 1.535672 0.600830 -0.172630
v 1.517326 0.571742 -0.175380
v 1.499416 0.542664 -0.178124
v 1.482244 0.514066 -0.180818
v 1.466118 0.486406 -0.183420
v 1.451338 0.460142 -0.185884
v 1.428468 0.417618 -0.189866
v 2.465970 0.536434 -0.169046
v 2.468434 0.466826 -0.175164
v 2.471070 0.389794 -0.181936
v 2.473794 0.306808 -0.189230
v 2.476522 0.219348 -0.196920
v 2.479170 0.128884 -0.204878
v 2.481652 0.036892 -0.212970
v 2.483884 -0.055152 -0.221070
v 2.485782 -0.145772 -0.229046
v 2.487260 -0.233488 -0.236772
v 2.488236 -0.316822 -0.244116
v 2.488620 -0.393792 -0.250904
v 2.485936 -0.443870 -0.255350
v 2.478162 -0.487492 -0.259276
v 2.465694 -0.525428 -0.262748
v 2.448920 -0.558080 -0.265796
v 2.428116 -0.585908 -0.268458
v 2.403438 -0.609364 -0.270774
v 2.374954 -0.628786 -0.272772
v 2.342750 -0.644396 -0.274470
v 2.306978 -0.656328 -0.275880
v 2.267872 -0.664690 -0.277006
v 2.225722 -0.669602 -0.277860
v 2.180994 -0.671198 -0.278446
v 2.094550 -0.667128 -0.278948
v 2.014530 -0.655416 -0.278712
v 1.940440 -0.636772 -0.277804
v 1.871894 -0.611888 -0.276292
v 1.808510 -0.581432 -0.274236
v 1.749924 -0.546062 -0.271698
v 1.695794 -0.506428 -0.268740
v 1.645798 -0.463182 -0.265422
v 1.599626 -0.416986 -0.261806
v 1.556978 -0.368516 -0.257954
v 1.517556 -0.318450 -0.253928
v 1.465828 -0.246200 -0.248068
v 1.325100 -0.413620 -0.264242
v 1.372174 -0.475102 -0.269200
v 1.415138 -0.525814 -0.273246
v 1.463654 -0.576982 -0.277278
v 1.517946 -0.627506 -0.281196
v 1.578234 -0.676276 -0.284898
v 1.644738 -0.722176 -0.288286
v 1.717666 -0.764084 -0.291258
v 1.797216 -0.800874 -0.293712
v 1.883568 -0.831420 -0.295546
v 1.976890 -0.854600 -0.296662
v 2.077338 -0.869308 -0.296960
v 2.184944 -0.874444 -0.296342
v 2.256702 -0.871844 -0.295396
v 2.324512 -0.863816 -0.294012
v 2.388152 -0.849976 -0.292158
v 2.447224 -0.829920 -0.289800
v 2.501262 -0.803240 -0.286908
v 2.549724 -0.769558 -0.283452
v 2.591998 -0.728586 -0.279416
v 2.627476 -0.680158 -0.274790
v 2.655634 -0.624210 -0.269572
v 2.676074 -0.560680 -0.263762
v 2.688502 -0.489438 -0.257352
v 2.692630 -0.410704 -0.250364
v 2.692124 -0.332216 -0.243444
v 2.690850 -0.247226 -0.235956
v 2.688962 -0.157022 -0.228016
v 2.686612 -0.063364 -0.219774
v 2.683956 0.031986 -0.211388
v 2.681146 0.127258 -0.203008
v 2.678340 0.220682 -0.194792
v 2.675690 0.310486 -0.186894
v 2.673350 0.394892 -0.179470
v 2.671478 0.472120 -0.172674
v 2.670224 0.540372 -0.166664
v 2.669742 0.597860 -0.161596
v 2.669848 0.615962 -0.159998
v 2.670202 0.633942 -0.158408
v 2.670802 0.651752 -0.156830
v 2.671648 0.669344 -0.155270
v 2.672738 0.686678 -0.153730
v 2.674074 0.703708 -0.152214
v 2.675652 0.720390 -0.150726
v 2.677474 0.736682 -0.149270
v 2.679538 0.752538 -0.147850
v 2.681838 0.767910 -0.146470
v 2.684378 0.782754 -0.145136
v 2.691854 0.821228 -0.141666
v 2.442466 0.818768 -0.144368
v 2.448202 0.779792 -0.147750
v 2.450438 0.763352 -0.149178
v 2.452510 0.746796 -0.150618
v 2.454418 0.730150 -0.152068
v 2.456162 0.713446 -0.153524
v 2.457742 0.696712 -0.154986
v 2.459156 0.679974 -0.156448
v 2.460408 0.663262 -0.157910
v 2.461494 0.646606 -0.159370
v 2.462414 0.630032 -0.160822
v 2.463170 0.613572 -0.162268
v 2.463764 0.597152 -0.163710
v 3.343034 -0.912280 -0.288144
v 3.519026 -0.912280 -0.286390
v 3.518962 -0.838566 -0.279888
v 4.232926 -0.838566 -0.272776
v 4.232996 -0.918256 -0.279806
v 4.402988 -0.918256 -0.278114
v 4.402388 -0.234910 -0.217822
v 3.342440 -0.234910 -0.228380
v 3.518574 -0.398276 -0.241040
v 4.232540 -0.398276 -0.233928
v 4.232782 -0.675200 -0.258362
v 3.518818 -0.675200 -0.265474
v 3.362078 0.175494 -0.191970
v 4.376028 0.175494 -0.181870
v 4.375884 0.338860 -0.167456
v 3.361934 0.338860 -0.177556
v 3.362324 -0.105414 -0.216754
v 4.376274 -0.105414 -0.206654
v 4.376132 0.055960 -0.192416
v 3.362184 0.055960 -0.202516
v 3.205838 0.458396 -0.168562
v 4.519772 0.458396 -0.155474
v 4.519626 0.625746 -0.140710
v 3.205690 0.625746 -0.153798
v 3.876308 0.924790 -0.120730
v 3.861632 0.902696 -0.122826
v 3.847132 0.879986 -0.124974
v 3.832916 0.856874 -0.127154
v 3.819100 0.833572 -0.129348
v 3.805796 0.810298 -0.131534
v 3.793116 0.787260 -0.133694
v 3.781174 0.764676 -0.135806
v 3.770084 0.742750 -0.137852
v 3.759956 0.721688 -0.139810
v 3.750904 0.701688 -0.141666
v 3.735640 0.665316 -0.145026
v 3.906426 0.589166 -0.150046
v 3.921736 0.626824 -0.146570
v 3.930384 0.646666 -0.144732
v 3.940124 0.667826 -0.142768
v 3.950816 0.690028 -0.140702
v 3.962322 0.713008 -0.138560
v 3.974506 0.736504 -0.136366
v 3.987234 0.760262 -0.134142
v 4.000368 0.784022 -0.131916
v 4.013774 0.807528 -0.129708
v 4.027314 0.830524 -0.127544
v 4.040854 0.852756 -0.125448
v 4.067310 0.894630 -0.121488
v 3.899860 0.958766 -0.117498
v 4.466320 0.846238 -0.121784
v 4.478672 0.812160 -0.124668
v 4.491496 0.778142 -0.127542
v 4.504780 0.744212 -0.130404
v 4.518512 0.710394 -0.133250
v 4.532676 0.676718 -0.136082
v 4.547258 0.643212 -0.138892
v 4.562246 0.609898 -0.141684
v 4.577624 0.576810 -0.144450
v 4.593380 0.543970 -0.147190
v 4.609502 0.511408 -0.149904
v 4.623744 0.483512 -0.152222
v 4.624982 -0.924232 -0.276430
v 4.802974 -0.924232 -0.274656
v 4.802004 0.179602 -0.177264
v 4.780308 0.213048 -0.174530
v 4.795686 0.189868 -0.176422
v 4.811222 0.166988 -0.178286
v 4.826914 0.144432 -0.180120
v 4.842752 0.122228 -0.181920
v 4.858732 0.100404 -0.183688
v 4.874846 0.078986 -0.185416
v 4.891090 0.058002 -0.187106
v 4.907458 0.037478 -0.188754
v 4.923944 0.017442 -0.190358
v 4.940542 -0.002078 -0.191916
v 4.977396 -0.043948 -0.195244
v 4.994262 -0.007674 -0.191874
v 4.999192 0.002100 -0.190962
v 5.005094 0.013182 -0.189926
v 5.011778 0.025230 -0.188796
v 5.019062 0.037924 -0.187604
v 5.026768 0.050962 -0.186376
v 5.034724 0.064044 -0.185142
v 5.042750 0.076872 -0.183930
v 5.050674 0.089148 -0.182768
v 5.058308 0.100566 -0.181686
v 5.065460 0.110808 -0.180710
v 5.081664 0.132726 -0.178614
v 5.026654 0.195348 -0.173636
v 4.983224 0.249548 -0.169286
v 4.940650 0.307400 -0.164606
v 4.899120 0.368540 -0.159624
v 4.858818 0.432612 -0.154372
v 4.819928 0.499252 -0.148880
v 4.782634 0.568104 -0.143176
v 4.747110 0.638808 -0.137290
v 4.713540 0.711002 -0.131254
v 4.682096 0.784332 -0.125098
v 4.652958 0.858434 -0.118848
v 4.619816 0.951080 -0.111004
v 4.447668 0.899874 -0.117236
v 5.555556 0.046482 -0.181504
v 5.585242 0.035078 -0.182216
v 5.616038 0.023028 -0.182972
v 5.647876 0.010334 -0.183774
v 5.680682 -0.002994 -0.184624
v 5.714390 -0.016948 -0.185520
v 5.748928 -0.031524 -0.186462
v 5.784228 -0.046714 -0.187450
v 5.820220 -0.062508 -0.188486
v 5.856832 -0.078902 -0.189568
v 5.893996 -0.095888 -0.190696
v 5.920000 -0.108024 -0.191508
v 5.914228 -0.497890 -0.225966
v 6.109488 -0.497890 -0.224022
v 6.107522 -0.456656 -0.220404
v 6.106632 -0.434444 -0.218452
v 6.105824 -0.410590 -0.216356
v 6.105094 -0.385368 -0.214136
v 6.104448 -0.359054 -0.211822
v 6.103884 -0.331922 -0.209432
v 6.103402 -0.304244 -0.206996
v 6.103004 -0.276290 -0.204532
v 6.102688 -0.248336 -0.202070
v 6.102456 -0.220652 -0.199628
v 6.102308 -0.193506 -0.197234
v 6.102326 -0.200746 -0.197874
v 6.117718 -0.209098 -0.198458
v 6.159828 -0.233716 -0.200210
v 6.198978 -0.258688 -0.202024
v 6.234902 -0.284042 -0.203902
v 6.267332 -0.309796 -0.205852
v 6.296010 -0.335956 -0.207876
v 6.320696 -0.362512 -0.209972
v 6.341178 -0.389446 -0.212146
v 6.357296 -0.416754 -0.214394
v 6.368942 -0.444484 -0.216726
v 6.376032 -0.472772 -0.219150
v 6.378452 -0.501816 -0.221690
v 6.375618 -0.534284 -0.224582
v 6.367560 -0.561222 -0.227040
v 6.354774 -0.583578 -0.229140
v 6.337292 -0.602358 -0.230972
v 6.314878 -0.618178 -0.232590
v 6.287454 -0.631258 -0.234018
v 6.255226 -0.641684 -0.235258
v 6.218574 -0.649592 -0.236322
v 6.177948 -0.655202 -0.237222
v 6.133798 -0.658796 -0.237978
v 6.086560 -0.660698 -0.238616
v 6.036662 -0.661254 -0.239162
v 5.996882 -0.660886 -0.239526
v 5.954966 -0.659798 -0.239848
v 5.911268 -0.658008 -0.240126
v 5.866134 -0.655536 -0.240356
v 5.819902 -0.652402 -0.240540
v 5.772912 -0.648628 -0.240676
v 5.725504 -0.644234 -0.240760
v 5.678016 -0.639242 -0.240792
v 5.630784 -0.633672 -0.240772
v 5.584150 -0.627548 -0.240696
v 5.538452 -0.620890 -0.240564
v 5.470068 -0.609858 -0.240272
v 5.475276 -0.810392 -0.257914
v 5.531880 -0.817420 -0.257970
v 5.574010 -0.822128 -0.257966
v 5.618214 -0.826584 -0.257920
v 5.664092 -0.830744 -0.257830
v 5.711240 -0.834572 -0.257698
v 5.759252 -0.838022 -0.257524
v 5.807726 -0.841058 -0.257308
v 5.856256 -0.843634 -0.257052
v 5.904436 -0.845712 -0.256756
v 5.951862 -0.847248 -0.256420
v 5.998134 -0.848200 -0.256042
v 6.042966 -0.848528 -0.255624
v 6.113914 -0.847158 -0.254798
v 6.182220 -0.842748 -0.253728
v 6.247232 -0.834846 -0.252382
v 6.308396 -0.822976 -0.250726
v 6.365168 -0.806620 -0.248718
v 6.416964 -0.785216 -0.246312
v 6.463128 -0.758154 -0.243466
v 6.502852 -0.724840 -0.240130
v 6.535154 -0.684834 -0.236278
v 6.559030 -0.637972 -0.231906
v 6.573678 -0.584308 -0.227024
v 6.578602 -0.523766 -0.221632
v 6.573450 -0.463454 -0.216362
v 6.558682 -0.406732 -0.211504
v 6.535286 -0.353640 -0.207052
v 6.504308 -0.304074 -0.202986
v 6.466768 -0.257808 -0.199278
v 6.423620 -0.214554 -0.195892
v 6.375762 -0.174006 -0.192790
v 6.324050 -0.135868 -0.189940
v 6.269322 -0.099864 -0.187308
v 6.212414 -0.065728 -0.184864
v 6.154150 -0.033218 -0.182574
v 6.109916 -0.009794 -0.180948
v 6.110990 -0.006164 -0.180618
v 6.118058 0.009962 -0.179124
v 6.126710 0.024238 -0.177778
v 6.136870 0.036814 -0.176568
v 6.148502 0.047814 -0.175480
v 6.161588 0.057324 -0.174512
v 6.176112 0.065384 -0.173656
v 6.192034 0.072004 -0.172912
v 6.209288 0.077172 -0.172284
v 6.227782 0.080874 -0.171774
v 6.247404 0.083098 -0.171382
v 6.267972 0.083836 -0.171112
v 6.297956 0.082634 -0.170920
v 6.327930 0.079110 -0.170932
v 6.357816 0.073382 -0.171140
v 6.387466 0.065568 -0.171534
v 6.416738 0.055794 -0.172104
v 6.445478 0.044192 -0.172842
v 6.473542 0.030892 -0.173736
v 6.500776 0.016028 -0.174776
v 6.527032 -0.000256 -0.175952
v 6.552166 -0.017826 -0.177252
v 6.576026 -0.036532 -0.178664
v 6.598570 -0.056320 -0.180186
v 6.612530 -0.069680 -0.181226
v 6.626606 -0.083944 -0.182344
v 6.640766 -0.098996 -0.183532
v 6.655054 -0.114792 -0.184784
v 6.669508 -0.131278 -0.186094
v 6.684170 -0.148404 -0.187460
v 6.699088 -0.166122 -0.188874
v 6.714302 -0.184378 -0.190334
v 6.729860 -0.203122 -0.191832
v 6.745808 -0.222302 -0.193366
v 6.762192 -0.241866 -0.194930
v 6.791080 -0.275948 -0.197648
v 6.960850 -0.151512 -0.184978
v 6.883838 -0.075330 -0.179022
v 6.828300 -0.017352 -0.174460
v 6.777264 0.038986 -0.169996
v 6.730518 0.093660 -0.165638
v 6.687856 0.146650 -0.161388
v 6.649062 0.197938 -0.157248
v 6.613928 0.247502 -0.153224
v 6.582244 0.295326 -0.149320
v 6.553796 0.341390 -0.145538
v 6.528376 0.385676 -0.141884
v 6.505772 0.428170 -0.138360
v 6.499728 0.440466 -0.137334
v 6.555724 0.440466 -0.136776
v 6.578246 0.440548 -0.136546
v 6.602468 0.440800 -0.136282
v 6.628126 0.441216 -0.135990
v 6.654984 0.441800 -0.135670
v 6.682810 0.442550 -0.135328
v 6.711372 0.443466 -0.134962
v 6.740436 0.444548 -0.134576
v 6.769768 0.445798 -0.134174
v 6.799134 0.447216 -0.133756
v 6.828302 0.448800 -0.133326
v 6.857040 0.450552 -0.132886
v 6.903658 0.453740 -0.132140
v 6.903490 0.644312 -0.115326
v 6.854008 0.638188 -0.116358
v 6.825978 0.635112 -0.116910
v 6.797072 0.632292 -0.117446
v 6.767580 0.629738 -0.117966
v 6.737798 0.627456 -0.118464
v 6.708012 0.625458 -0.118936
v 6.678516 0.623746 -0.119382
v 6.649596 0.622332 -0.119794
v 6.621546 0.621220 -0.120172
v 6.594656 0.620418 -0.120510
v 6.569220 0.619932 -0.120806
v 6.545612 0.619770 -0.121056
v 6.428276 0.621540 -0.122068
v 6.425874 0.629122 -0.121424
v 6.419606 0.650336 -0.119614
v 6.413774 0.671578 -0.117798
v 6.408396 0.692774 -0.115980
v 6.403482 0.713854 -0.114170
v 6.399048 0.734742 -0.112370
v 6.395110 0.755368 -0.110590
v 6.391680 0.775656 -0.108834
v 6.388772 0.795534 -0.107108
v 6.386400 0.814924 -0.105422
v 6.384574 0.833752 -0.103778
v 6.381878 0.872444 -0.100390
v 6.175322 0.854878 -0.103998
v 6.182860 0.817656 -0.107208
v 6.186182 0.801522 -0.108598
v 6.189746 0.784624 -0.110054
v 6.193588 0.766972 -0.111574
v 6.197744 0.748576 -0.113156
v 6.202248 0.729444 -0.114798
v 6.207132 0.709590 -0.116502
v 6.212436 0.689020 -0.118264
v 6.218188 0.667742 -0.120084
v 6.224430 0.645768 -0.121962
v 6.231192 0.623106 -0.123894
v 6.229906 0.627206 -0.123544
v 6.207378 0.628376 -0.123666
v 6.155818 0.631388 -0.123914
v 6.103992 0.634786 -0.124130
v 6.052056 0.638598 -0.124310
v 6.000160 0.642850 -0.124452
v 5.948462 0.647568 -0.124552
v 5.897114 0.652780 -0.124602
v 5.846272 0.658514 -0.124604
v 5.796092 0.664796 -0.124548
v 5.746730 0.671652 -0.124436
v 5.698340 0.679106 -0.124260
v 5.627190 0.691272 -0.123894
v 5.629908 0.502996 -0.140482
v 5.697344 0.492792 -0.140710
v 5.749966 0.485744 -0.140808
v 5.804076 0.479314 -0.140836
v 5.859404 0.473474 -0.140800
v 5.915676 0.468190 -0.140706
v 5.972618 0.463438 -0.140558
v 6.029958 0.459186 -0.140362
v 6.087418 0.455408 -0.140124
v 6.144724 0.452076 -0.139846
v 6.201602 0.449158 -0.139538
v 6.257772 0.446630 -0.139200
v 6.300500 0.444952 -0.138924
v 6.307438 0.429512 -0.140216
v 6.320310 0.402382 -0.142482
v 6.333890 0.375160 -0.144750
v 6.348120 0.347950 -0.147008
v 6.362934 0.320860 -0.149252
v 6.378274 0.293996 -0.151468
v 6.394078 0.267466 -0.153652
v 6.410290 0.241376 -0.155794
v 6.426846 0.215834 -0.157882
v 6.443686 0.190944 -0.159910
v 6.460756 0.166818 -0.161870
v 6.420342 0.221342 -0.157460
v 6.483642 0.184600 -0.160072
v 6.461338 0.195704 -0.159314
v 6.437954 0.205752 -0.158662
v 6.413714 0.214758 -0.158108
v 6.388840 0.222732 -0.157652
v 6.363558 0.229672 -0.157292
v 6.338094 0.235576 -0.157024
v 6.312672 0.240438 -0.156848
v 6.287518 0.244248 -0.156762
v 6.262854 0.246992 -0.156766
v 6.238896 0.248654 -0.156858
v 6.215702 0.249218 -0.157040
v 6.182214 0.247834 -0.157496
v 6.149672 0.243674 -0.158186
v 6.118424 0.236760 -0.159108
v 6.088664 0.227108 -0.160256
v 6.060590 0.214730 -0.161628
v 6.034424 0.199642 -0.163220
v 6.010390 0.181872 -0.165028
v 5.988730 0.161456 -0.167044
v 5.969694 0.138462 -0.169262
v 5.953522 0.112978 -0.171672
v 5.940442 0.085112 -0.174262
v 5.938026 0.077666 -0.174944
v 5.924324 0.084108 -0.174512
v 5.890668 0.099568 -0.173482
v 5.857714 0.114392 -0.172502
v 5.825472 0.128644 -0.171566
v 5.793952 0.142386 -0.170668
v 5.763164 0.155678 -0.169802
v 5.733116 0.168584 -0.168962
v 5.703818 0.181164 -0.168144
v 5.675278 0.193480 -0.167340
v 5.647508 0.205590 -0.166548
v 5.620514 0.217558 -0.165762
v 5.594054 0.229556 -0.164966
v 5.579166 0.236008 -0.164546
v 5.564906 0.242248 -0.164136
v 5.551022 0.248400 -0.163732
v 5.537444 0.254502 -0.163330
v 5.524102 0.260598 -0.162924
v 5.510926 0.266728 -0.162514
v 5.497842 0.272936 -0.162098
v 5.484780 0.279262 -0.161670
v 5.471668 0.285750 -0.161228
v 5.458432 0.292444 -0.160768
v 5.445002 0.299384 -0.160290
v 5.412210 0.316694 -0.159088
v 5.328452 0.126684 -0.176690
v 5.363794 0.116750 -0.177214
v 5.377534 0.112582 -0.177446
v 5.391912 0.107956 -0.177710
v 5.406774 0.102944 -0.178004
v 5.421982 0.097618 -0.178322
v 5.437396 0.092048 -0.178660
v 5.452874 0.086304 -0.179014
v 5.468284 0.080456 -0.179376
v 5.483488 0.074576 -0.179744
v 5.498352 0.068732 -0.180110
v 5.512744 0.062994 -0.180474
v 5.526778 0.057330 -0.180834
v 7.441190 0.131102 -0.155256
v 7.495872 0.189702 -0.149540
v 7.550396 0.252500 -0.143456
v 7.604340 0.318896 -0.137060
v 7.657274 0.388294 -0.130408
v 7.708766 0.460096 -0.123560
v 7.758380 0.533706 -0.116570
v 7.805680 0.608524 -0.109496
v 7.850228 0.683956 -0.102396
v 7.891586 0.759410 -0.095328
v 7.938860 0.853244 -0.086576
v 7.763450 0.924128 -0.082068
v 7.722114 0.839990 -0.089904
v 7.684728 0.772022 -0.096274
v 7.643414 0.703760 -0.102710
v 7.598720 0.635872 -0.109146
v 7.551194 0.569022 -0.115518
v 7.501388 0.503870 -0.121762
v 7.449854 0.441074 -0.127816
v 7.397146 0.381292 -0.133618
v 7.343822 0.325182 -0.139100
v 7.290452 0.273404 -0.144200
v 7.237614 0.226618 -0.148854
v 7.166060 0.169702 -0.154590
v 8.319950 0.779536 -0.089284
v 8.349026 0.716730 -0.094536
v 8.379848 0.655058 -0.099672
v 8.412330 0.594622 -0.104680
v 8.446382 0.535524 -0.109556
v 8.481912 0.477864 -0.114290
v 8.518834 0.421748 -0.118874
v 8.557056 0.367274 -0.123300
v 8.596492 0.314548 -0.127560
v 8.637054 0.263670 -0.131646
v 8.678654 0.214742 -0.135548
v 8.690770 0.201394 -0.136606
v 7.475832 0.201394 -0.148708
v 7.475870 0.180404 -0.150560
v 7.475956 0.167126 -0.151730
v 7.476034 0.160302 -0.152332
v 7.476146 0.152756 -0.152996
v 7.476302 0.144776 -0.153698
v 7.476508 0.136638 -0.154414
v 7.476772 0.128622 -0.155120
v 7.477104 0.120988 -0.155790
v 7.477516 0.113962 -0.156406
v 7.477974 0.108428 -0.156890
v 7.485534 -0.036358 -0.169590
v 7.493100 -0.166328 -0.180984
v 7.500826 -0.281970 -0.191110
v 7.508882 -0.384120 -0.200044
v 7.517442 -0.473622 -0.207856
v 7.526684 -0.551334 -0.214622
v 7.536800 -0.618130 -0.220414
v 7.547998 -0.674908 -0.225314
v 7.560526 -0.722596 -0.229396
v 7.574708 -0.762136 -0.232744
v 7.590974 -0.794422 -0.235432
v 7.609192 -0.819260 -0.237442
v 7.620980 -0.832290 -0.238474
v 7.632924 -0.843674 -0.239360
v 7.645316 -0.853726 -0.240122
v 7.658180 -0.862492 -0.240768
v 7.671520 -0.870022 -0.241300
v 7.685334 -0.876392 -0.241724
v 7.699618 -0.881690 -0.242050
v 7.714380 -0.886030 -0.242286
v 7.729648 -0.889534 -0.242442
v 7.745470 -0.892326 -0.242532
v 7.761902 -0.894530 -0.242562
v 7.779054 -0.896266 -0.242544
v 7.797662 -0.897634 -0.242480
v 7.818258 -0.898660 -0.242364
v 7.840674 -0.899356 -0.242204
v 7.864760 -0.899734 -0.241996
v 7.890364 -0.899806 -0.241748
v 7.917318 -0.899578 -0.241460
v 7.945458 -0.899056 -0.241132
v 7.974618 -0.898250 -0.240772
v 8.004626 -0.897166 -0.240376
v 8.035316 -0.895810 -0.239952
v 8.066514 -0.894192 -0.239498
v 8.114764 -0.891322 -0.238764
v 8.117872 -0.863722 -0.236298
v 8.119606 -0.852440 -0.235284
v 8.121876 -0.840560 -0.234214
v 8.124672 -0.828250 -0.233100
v 8.127972 -0.815682 -0.231958
v 8.131762 -0.803018 -0.230802
v 8.136020 -0.790418 -0.229648
v 8.140718 -0.778046 -0.228510
v 8.145832 -0.766064 -0.227402
v 8.151324 -0.754636 -0.226338
v 8.157156 -0.743924 -0.225336
v 8.184626 -0.699790 -0.221168
v 8.112714 -0.705900 -0.222422
v 8.081130 -0.708172 -0.222938
v 8.050270 -0.710032 -0.223410
v 8.020386 -0.711524 -0.223838
v 7.991732 -0.712686 -0.224226
v 7.964562 -0.713560 -0.224574
v 7.939124 -0.714186 -0.224884
v 7.915668 -0.714604 -0.225154
v 7.894444 -0.714860 -0.225388
v 7.875704 -0.714990 -0.225586
v 7.859686 -0.715038 -0.225750
v 7.846722 -0.715046 -0.225880
v 7.836912 -0.714958 -0.225970
v 7.828014 -0.714678 -0.226034
v 7.819942 -0.714176 -0.226070
v 7.812666 -0.713430 -0.226076
v 7.806154 -0.712432 -0.226052
v 7.800354 -0.711174 -0.226000
v 7.795194 -0.709656 -0.225918
v 7.790572 -0.707868 -0.225806
v 7.786356 -0.705784 -0.225664
v 7.782402 -0.703334 -0.225486
v 7.778574 -0.700426 -0.225268
v 7.775510 -0.697626 -0.225052
v 7.765610 -0.684514 -0.223994
v 7.755652 -0.664666 -0.222342
v 7.745768 -0.636954 -0.219994
v 7.736258 -0.601046 -0.216920
v 7.727246 -0.556564 -0.213086
v 7.718766 -0.503078 -0.208450
v 7.710814 -0.440112 -0.202974
v 7.703368 -0.367166 -0.196610
v 7.696398 -0.283722 -0.189316
v 7.689868 -0.189252 -0.181046
v 7.683738 -0.083216 -0.171750
v 7.678984 0.014122 -0.163208
v 8.184854 0.014122 -0.158170
v 8.197660 -0.067304 -0.165228
v 8.217544 -0.164248 -0.173584
v 8.242884 -0.259020 -0.181694
v 8.274774 -0.351104 -0.189502
v 8.314302 -0.439968 -0.196950
v 8.362554 -0.525046 -0.203976
v 8.420588 -0.605748 -0.210518
v 8.489420 -0.681464 -0.216514
v 8.570028 -0.751596 -0.221900
v 8.663356 -0.815582 -0.226616
v 8.770346 -0.872898 -0.230608
v 8.908336 -0.929820 -0.234256
v 8.921422 -0.903684 -0.231820
v 8.926858 -0.893740 -0.230888
v 8.933044 -0.883194 -0.229896
v 8.939870 -0.872244 -0.228862
v 8.947230 -0.861070 -0.227802
v 8.955012 -0.849850 -0.226734
v 8.963110 -0.838756 -0.225676
v 8.971418 -0.827964 -0.224640
v 8.979818 -0.817648 -0.223646
v 8.988194 -0.807984 -0.222710
v 8.996414 -0.799152 -0.221850
v 9.026786 -0.769200 -0.218904
v 8.887554 -0.716412 -0.215632
v 8.792442 -0.668986 -0.212394
v 8.710436 -0.616098 -0.208544
v 8.640392 -0.558226 -0.204136
v 8.581154 -0.495790 -0.199216
v 8.531600 -0.429168 -0.193832
v 8.490654 -0.358720 -0.188024
v 8.457284 -0.284818 -0.181834
v 8.430496 -0.207870 -0.175312
v 8.409306 -0.128310 -0.168502
v 8.392728 -0.046606 -0.161458
v 8.383286 0.014122 -0.156194
v 8.765952 0.014122 -0.152382
v 8.765856 0.122432 -0.142826
v 8.744566 0.144232 -0.141114
v 8.757720 0.131016 -0.142148
v 8.770888 0.118034 -0.143164
v 8.784082 0.105278 -0.144158
v 8.797308 0.092744 -0.145132
v 8.810570 0.080422 -0.146086
v 8.823878 0.068310 -0.147022
v 8.837238 0.056398 -0.147940
v 8.850654 0.044682 -0.148842
v 8.864134 0.033152 -0.149724
v 8.877684 0.021804 -0.150590
v 8.905972 -0.001386 -0.152356
v 8.925836 0.020478 -0.150228
v 8.934160 0.029062 -0.149388
v 8.943762 0.038522 -0.148458
v 8.954362 0.048610 -0.147462
v 8.965694 0.059098 -0.146424
v 8.977498 0.069768 -0.145364
v 8.989526 0.080412 -0.144306
v 9.001522 0.090820 -0.143268
v 9.013234 0.100784 -0.142272
v 9.024412 0.110094 -0.141338
v 9.034792 0.118536 -0.140490
v 9.064414 0.141924 -0.138132
v 8.985136 0.202112 -0.133610
v 8.928400 0.250510 -0.129904
v 8.873442 0.302764 -0.125842
v 8.820450 0.358602 -0.121442
v 8.769618 0.417756 -0.116728
v 8.721134 0.479952 -0.111724
v 8.675180 0.544922 -0.106448
v 8.631948 0.612388 -0.100926
v 8.591620 0.682080 -0.095178
v 8.554380 0.753724 -0.089226
v 8.520412 0.827042 -0.083096
v 8.483014 0.918606 -0.075388
v 8.283894 0.864046 -0.082186
v 9.592092 -0.193074 -0.162436
v 9.591870 0.059944 -0.140112
v 10.621820 0.059944 -0.129852
v 10.622042 -0.193074 -0.152176
v 9.591484 0.498240 -0.101440
v 10.621434 0.498240 -0.091180
v 10.621660 0.241240 -0.113856
v 9.591710 0.241240 -0.124116
v 9.592474 -0.627386 -0.200756
v 9.592250 -0.372376 -0.178256
v 10.622200 -0.372376 -0.167996
v 10.622424 -0.627386 -0.190496
v 10.024420 0.886144 -0.062900
v 10.032562 0.864424 -0.064734
v 10.040780 0.842594 -0.066580
v 10.049066 0.820726 -0.068426
v 10.057414 0.798896 -0.070270
v 10.065818 0.777182 -0.072102
v 10.074270 0.755656 -0.073916
v 10.082766 0.734394 -0.075708
v 10.091298 0.713470 -0.077470
v 10.099864 0.692958 -0.079194
v 10.108454 0.672932 -0.080876
v 10.104652 0.681528 -0.080156
v 9.393334 0.681528 -0.087240
v 9.394732 -0.910286 -0.227688
v 9.592722 -0.910286 -0.225716
v 9.592634 -0.808682 -0.216752
v 10.622584 -0.808682 -0.206492
v 10.622680 -0.920248 -0.216336
v 10.814670 -0.920248 -0.214424
v 10.813262 0.681528 -0.073096
v 10.301670 0.681528 -0.078192
v 10.298738 0.690206 -0.077456
v 10.291218 0.713116 -0.075510
v 10.283740 0.736584 -0.073514
v 10.276364 0.760424 -0.071484
v 10.269152 0.784454 -0.069434
v 10.262170 0.808488 -0.067384
v 10.255484 0.832346 -0.065344
v 10.249154 0.855840 -0.063334
v 10.243244 0.878784 -0.061368
v 10.237820 0.900990 -0.059464
v 10.232944 0.922270 -0.057634
v 10.224790 0.960804 -0.054316
v 10.007642 0.930964 -0.059112
v -9.781572 -0.390658 0.109040
v -8.959612 -0.390658 0.117228
v -8.959752 -0.231278 0.131290
v -9.781712 -0.231278 0.123102
v -9.781800 -0.131664 0.131890
v -9.149830 -0.131664 0.138186
v -9.149962 0.017754 0.151370
v -9.781930 0.017754 0.145074
v -9.782020 0.119360 0.154038
v -9.208048 0.119360 0.159756
v -9.208394 0.511836 0.194384
v -9.782364 0.511836 0.188668
v -9.782434 0.589534 0.195522
v -8.998472 0.589534 0.203332
v -8.998616 0.752898 0.217746
v -9.782576 0.752898 0.209936
v -9.782716 0.912280 0.224000
v -9.974706 0.912280 0.222086
v -9.974566 0.752898 0.208024
v -10.774528 0.752898 0.200056
v -10.774386 0.589534 0.185642
v -9.974424 0.589534 0.193610
v -9.974354 0.511836 0.186756
v -10.574326 0.511836 0.180778
v -10.573980 0.119360 0.146150
v -9.974010 0.119360 0.152126
v -9.973920 0.017754 0.143162
v -10.605890 0.017754 0.136866
v -10.605670 -0.231278 0.114894
v -10.813660 -0.231278 0.112822
v -10.813520 -0.390658 0.098760
v -10.605530 -0.390658 0.100832
v -10.605220 -0.745280 0.069544
v -10.413230 -0.745280 0.071456
v -10.413306 -0.657622 0.079190
v -9.973326 -0.657622 0.083572
v -9.973226 -0.773440 0.073354
v -9.972594 -0.796110 0.071360
v -9.970676 -0.817100 0.069526
v -9.967390 -0.836348 0.067862
v -9.962632 -0.853990 0.066352
v -9.956296 -0.870118 0.064992
v -9.948300 -0.884738 0.063782
v -9.938646 -0.897810 0.062724
v -9.927430 -0.909296 0.061822
v -9.914814 -0.919232 0.061072
v -9.900954 -0.927748 0.060458
v -9.885946 -0.935048 0.059964
v -9.869720 -0.941400 0.059564
v -9.851974 -0.946892 0.059256
v -9.832554 -0.951484 0.059044
v -9.811456 -0.955260 0.058922
v -9.788572 -0.958322 0.058880
v -9.763794 -0.960760 0.058912
v -9.737022 -0.962652 0.059010
v -9.708150 -0.964070 0.059174
v -9.677084 -0.965086 0.059392
v -9.643734 -0.965766 0.059666
v -9.608008 -0.966172 0.059986
v -9.569820 -0.966370 0.060348
v -9.513488 -0.966442 0.060902
v -9.507456 -0.942440 0.063082
v -9.504670 -0.933176 0.063926
v -9.501278 -0.923212 0.064840
v -9.497364 -0.912746 0.065802
v -9.493022 -0.901954 0.066798
v -9.488334 -0.891008 0.067810
v -9.483392 -0.880070 0.068824
v -9.478280 -0.869302 0.069826
v -9.473090 -0.858860 0.070798
v -9.467912 -0.848902 0.071728
v -9.462838 -0.839592 0.072600
v -9.440154 -0.800032 0.076318
v -9.505726 -0.801946 0.075496
v -9.535342 -0.802590 0.075144
v -9.564430 -0.803026 0.074816
v -9.592674 -0.803278 0.074512
v -9.619758 -0.803364 0.074234
v -9.645366 -0.803306 0.073984
v -9.669182 -0.803124 0.073764
v -9.690892 -0.802838 0.073572
v -9.710168 -0.802470 0.073412
v -9.726688 -0.802042 0.073286
v -9.740102 -0.801576 0.073194
v -9.749978 -0.801100 0.073138
v -9.758084 -0.800490 0.073110
v -9.764612 -0.799612 0.073122
v -9.769656 -0.798504 0.073170
v -9.773216 -0.797292 0.073242
v -9.775440 -0.796152 0.073320
v -9.776720 -0.795176 0.073394
v -9.777608 -0.794164 0.073474
v -9.778514 -0.792600 0.073602
v -9.779498 -0.789932 0.073828
v -9.780388 -0.785840 0.074180
v -9.781004 -0.780230 0.074670
v -9.781236 -0.772868 0.075316
v -9.781336 -0.657622 0.085486
v -9.131370 -0.657622 0.091960
v -9.131508 -0.500232 0.105846
v -9.781476 -0.500232 0.099372
v -9.782148 0.264794 0.166870
v -9.782238 0.366400 0.175836
v -9.392258 0.366400 0.179720
v -9.392168 0.264794 0.170756
v -10.382118 0.264794 0.160894
v -10.382208 0.366400 0.169860
v -9.974226 0.366400 0.173924
v -9.974138 0.264794 0.164958
v -10.413682 -0.231278 0.116806
v -10.413768 -0.131664 0.125596
v -9.973790 -0.131664 0.129978
v -9.973702 -0.231278 0.121190
v -10.413444 -0.500232 0.093076
v -10.413540 -0.390658 0.102744
v -9.973562 -0.390658 0.107128
v -9.973464 -0.500232 0.097460
v -7.988234 0.848984 0.236288
v -7.987590 0.806334 0.232532
v -7.986764 0.762264 0.228652
v -7.985664 0.716872 0.224656
v -7.984202 0.670258 0.220558
v -7.982282 0.622520 0.216364
v -7.979818 0.573754 0.212086
v -7.976716 0.524060 0.207732
v -7.972888 0.473536 0.203312
v -7.968236 0.422276 0.198836
v -7.962676 0.370378 0.194312
v -7.958934 0.340500 0.191712
v -8.788264 0.340500 0.183452
v -8.788094 0.147252 0.166400
v -8.038190 0.147252 0.173870
v -8.066338 0.065790 0.166402
v -8.108472 -0.037916 0.156832
v -8.155640 -0.137492 0.147574
v -8.207838 -0.232508 0.138670
v -8.265066 -0.322544 0.130156
v -8.327328 -0.407180 0.122068
v -8.394624 -0.486000 0.114442
v -8.466958 -0.558594 0.107316
v -8.544340 -0.624558 0.100724
v -8.626788 -0.683490 0.094702
v -8.714324 -0.734996 0.089286
v -8.834434 -0.791608 0.083094
v -8.803482 -0.820404 0.080862
v -8.793958 -0.829948 0.080114
v -8.784148 -0.840400 0.079290
v -8.774196 -0.851584 0.078402
v -8.764228 -0.863322 0.077466
v -8.754376 -0.875446 0.076494
v -8.744752 -0.887784 0.075502
v -8.735486 -0.900166 0.074500
v -8.726694 -0.912422 0.073506
v -8.718494 -0.924378 0.072534
v -8.711010 -0.935854 0.071596
v -8.694414 -0.962850 0.069378
v -8.582858 -0.904492 0.075640
v -8.492560 -0.847500 0.081568
v -8.407590 -0.783836 0.088032
v -8.327864 -0.713758 0.095010
v -8.253294 -0.637526 0.102480
v -8.183784 -0.555398 0.110418
v -8.119232 -0.467628 0.118806
v -8.059534 -0.374470 0.127622
v -8.004584 -0.276170 0.136842
v -7.954272 -0.172972 0.146450
v -7.908490 -0.065118 0.156422
v -7.888560 -0.011024 0.161394
v -7.878032 -0.048276 0.158212
v -7.845086 -0.144706 0.150032
v -7.806052 -0.240042 0.142008
v -7.760376 -0.333720 0.134196
v -7.707510 -0.425176 0.126654
v -7.646910 -0.513836 0.119434
v -7.578042 -0.599120 0.112594
v -7.500378 -0.680448 0.106192
v -7.413400 -0.757238 0.100282
v -7.316606 -0.828912 0.094922
v -7.209494 -0.894904 0.090166
v -7.076360 -0.962360 0.085540
v -7.060254 -0.938044 0.087846
v -7.053268 -0.928274 0.088776
v -7.045454 -0.918022 0.089760
v -7.036934 -0.907452 0.090778
v -7.027822 -0.896710 0.091816
v -7.018232 -0.885948 0.092860
v -7.008280 -0.875306 0.093898
v -6.998080 -0.864926 0.094916
v -6.987750 -0.854952 0.095900
v -6.977410 -0.845522 0.096834
v -6.967190 -0.836784 0.097708
v -6.931994 -0.808882 0.100520
v -7.078748 -0.738212 0.105294
v -7.184226 -0.675362 0.109790
v -7.278520 -0.606780 0.114902
v -7.362294 -0.533066 0.120572
v -7.436214 -0.454806 0.126742
v -7.500922 -0.372578 0.133352
v -7.557056 -0.286962 0.140348
v -7.605240 -0.198540 0.147670
v -7.646080 -0.107900 0.155262
v -7.680184 -0.015640 0.163062
v -7.708156 0.077632 0.171014
v -7.724834 0.147252 0.176992
v -6.988184 0.147252 0.184330
v -6.988354 0.340500 0.201380
v -7.758746 0.340500 0.193706
v -7.763340 0.375500 0.196748
v -7.768986 0.427128 0.201248
v -7.773562 0.478148 0.205704
v -7.777186 0.528440 0.210106
v -7.779984 0.577886 0.214442
v -7.782078 0.626370 0.218698
v -7.783594 0.673778 0.222866
v -7.784652 0.719990 0.226934
v -7.785376 0.764894 0.230890
v -7.785894 0.808378 0.234720
v -7.786326 0.850326 0.238418
v -7.787030 0.910286 0.243702
v -7.989056 0.910286 0.241690
v -5.209092 0.349110 0.219862
v -5.228330 0.350064 0.219756
v -5.249398 0.351296 0.219654
v -5.272130 0.352778 0.219558
v -5.296360 0.354482 0.219468
v -5.321934 0.356382 0.219380
v -5.348690 0.358448 0.219296
v -5.376478 0.360654 0.219214
v -5.405138 0.362972 0.219132
v -5.434516 0.365374 0.219052
v -5.464462 0.367832 0.218970
v -5.479830 0.369090 0.218928
v -5.484170 0.390384 0.220764
v -5.491098 0.426620 0.223892
v -5.497598 0.463120 0.227048
v -5.503620 0.499770 0.230224
v -5.509114 0.536460 0.233406
v -5.514034 0.573074 0.236588
v -5.518332 0.609500 0.239758
v -5.521958 0.645620 0.242910
v -5.524868 0.681324 0.246032
v -5.527010 0.716494 0.249114
v -5.528342 0.751014 0.252146
v -5.529122 0.806714 0.257054
v -5.756938 0.784510 0.252826
v -5.750364 0.753268 0.250134
v -5.748380 0.743654 0.249306
v -5.746408 0.733918 0.248466
v -5.744458 0.724082 0.247618
v -5.742538 0.714168 0.246762
v -5.740650 0.704196 0.245900
v -5.738806 0.694188 0.245036
v -5.737012 0.684166 0.244170
v -5.735272 0.674150 0.243302
v -5.733596 0.664162 0.242438
v -5.731990 0.654222 0.241578
v -5.730408 0.644004 0.240692
v -5.682842 0.386446 0.218438
v -5.680042 0.386210 0.218446
v -5.702748 0.388066 0.218382
v -5.724814 0.389812 0.218316
v -5.746162 0.391432 0.218248
v -5.766720 0.392916 0.218174
v -5.786410 0.394250 0.218096
v -5.805162 0.395416 0.218012
v -5.822906 0.396404 0.217922
v -5.839572 0.397200 0.217826
v -5.855094 0.397786 0.217722
v -5.869412 0.398152 0.217612
v -5.882700 0.398280 0.217492
v -5.928148 0.396748 0.216904
v -5.972314 0.391768 0.216024
v -6.014644 0.382774 0.214810
v -6.054724 0.369164 0.213208
v -6.092058 0.350330 0.211174
v -6.126036 0.325724 0.208666
v -6.155988 0.294936 0.205650
v -6.181288 0.257710 0.202114
v -6.201452 0.213860 0.198044
v -6.216154 0.163156 0.193422
v -6.225136 0.105250 0.188224
v -6.228132 0.040016 0.182438
v -6.227354 -0.021586 0.177010
v -6.225100 -0.085346 0.171406
v -6.221322 -0.150822 0.165666
v -6.215970 -0.217228 0.159860
v -6.208990 -0.283778 0.154056
v -6.200332 -0.349684 0.148328
v -6.189940 -0.414166 0.142742
v -6.177754 -0.476446 0.137366
v -6.163704 -0.535758 0.132274
v -6.147710 -0.591348 0.127528
v -6.129664 -0.642480 0.123196
v -6.109504 -0.688232 0.119358
v -6.091914 -0.721054 0.116638
v -6.072540 -0.750050 0.114272
v -6.051438 -0.775304 0.112254
v -6.028648 -0.796960 0.110570
v -6.004268 -0.815158 0.109208
v -5.978430 -0.830070 0.108148
v -5.951282 -0.841908 0.107374
v -5.922958 -0.850938 0.106860
v -5.893556 -0.857444 0.106578
v -5.863140 -0.861732 0.106504
v -5.831744 -0.864096 0.106608
v -5.799436 -0.864820 0.106866
v -5.779002 -0.864528 0.107094
v -5.758202 -0.863694 0.107376
v -5.737114 -0.862368 0.107702
v -5.715884 -0.860600 0.108070
v -5.694660 -0.858442 0.108472
v -5.673596 -0.855942 0.108902
v -5.652842 -0.853150 0.109356
v -5.632556 -0.850112 0.109826
v -5.612886 -0.846878 0.110306
v -5.593988 -0.843494 0.110794
v -5.576014 -0.840008 0.111280
v -5.545742 -0.833662 0.112142
v -5.512998 -0.621682 0.131172
v -5.564338 -0.636730 0.129334
v -5.585832 -0.642432 0.128616
v -5.607726 -0.647700 0.127934
v -5.629772 -0.652504 0.127290
v -5.651720 -0.656822 0.126690
v -5.673326 -0.660632 0.126140
v -5.694342 -0.663906 0.125640
v -5.714512 -0.666626 0.125200
v -5.733586 -0.668770 0.124820
v -5.751298 -0.670318 0.124508
v -5.767368 -0.671252 0.124266
v -5.781544 -0.671562 0.124096
v -5.798876 -0.671216 0.123954
v -5.815464 -0.670072 0.123890
v -5.831204 -0.667984 0.123918
v -5.846068 -0.664822 0.124048
v -5.860064 -0.660458 0.124294
v -5.873236 -0.654758 0.124666
v -5.885676 -0.647548 0.125178
v -5.897490 -0.638602 0.125850
v -5.908760 -0.627638 0.126706
v -5.919520 -0.614352 0.127770
v -5.929750 -0.598436 0.129072
v -5.939456 -0.579474 0.130650
v -5.954222 -0.544856 0.133556
v -5.967730 -0.505442 0.136900
v -5.979996 -0.461678 0.140640
v -5.990976 -0.414236 0.144716
v -6.000656 -0.363764 0.149074
v -6.009028 -0.310900 0.153656
v -6.016092 -0.256268 0.158406
v -6.021858 -0.200490 0.163270
v -6.026330 -0.144186 0.168194
v -6.029524 -0.087970 0.173122
v -6.031450 -0.032458 0.178002
v -6.032116 0.021448 0.182752
v -6.030486 0.062282 0.186372
v -6.025730 0.096692 0.189454
v -6.018138 0.125300 0.192054
v -6.008050 0.148596 0.194210
v -5.995740 0.167244 0.195978
v -5.981272 0.182042 0.197428
v -5.964456 0.193714 0.198626
v -5.945012 0.202736 0.199616
v -5.922784 0.209364 0.200422
v -5.897804 0.213788 0.201062
v -5.870224 0.216232 0.201552
v -5.840150 0.216978 0.201918
v -5.828006 0.216860 0.202028
v -5.814400 0.216510 0.202132
v -5.799584 0.215940 0.202230
v -5.783664 0.215164 0.202320
v -5.766738 0.214192 0.202402
v -5.748908 0.213042 0.202478
v -5.730264 0.211724 0.202548
v -5.710906 0.210254 0.202612
v -5.690922 0.208644 0.202668
v -5.670408 0.206910 0.202720
v -5.649454 0.205064 0.202766
v -5.642056 0.204388 0.202780
v -5.625752 0.143200 0.197542
v -5.603182 0.062416 0.190640
v -5.577912 -0.023412 0.183318
v -5.549894 -0.113304 0.175664
v -5.519076 -0.206280 0.167768
v -5.485404 -0.301360 0.159712
v -5.448828 -0.397572 0.151588
v -5.409292 -0.493936 0.143478
v -5.366736 -0.589482 0.135472
v -5.321100 -0.683236 0.127652
v -5.272320 -0.774226 0.120110
v -5.211788 -0.875798 0.111750
v -5.010756 -0.794180 0.120954
v -5.074628 -0.702902 0.128372
v -5.121626 -0.626156 0.134676
v -5.166326 -0.544206 0.141462
v -5.208584 -0.458364 0.148616
v -5.248276 -0.369944 0.156024
v -5.285286 -0.280246 0.163570
v -5.319502 -0.190574 0.171142
v -5.350812 -0.102228 0.178624
v -5.379116 -0.016508 0.185906
v -5.404304 0.065292 0.192874
v -5.426278 0.141868 0.199412
v -5.437568 0.184268 0.203042
v -5.212582 0.161328 0.203258
v -5.200572 0.159784 0.203242
v -5.186962 0.158062 0.203224
v -5.172286 0.156218 0.203208
v -5.156790 0.154272 0.203190
v -5.140724 0.152244 0.203172
v -5.124336 0.150154 0.203150
v -5.107880 0.148026 0.203128
v -5.091604 0.145878 0.203100
v -5.075764 0.143734 0.203068
v -5.060616 0.141616 0.203032
v -5.046420 0.139542 0.202990
v -5.012566 0.134322 0.202868
v -4.990190 0.349124 0.222044
v -5.028756 0.348006 0.221562
v -5.044006 0.347634 0.221376
v -5.058916 0.347346 0.221202
v -5.073570 0.347140 0.221038
v -5.088054 0.347016 0.220884
v -5.102452 0.346976 0.220736
v -5.116852 0.347016 0.220596
v -5.131336 0.347140 0.220464
v -5.145990 0.347346 0.220336
v -5.160902 0.347634 0.220212
v -5.176152 0.348006 0.220094
v -5.191782 0.348458 0.219978
v -6.619636 -0.273166 0.150902
v -6.595968 -0.197408 0.157824
v -6.575664 -0.139148 0.163166
v -6.552118 -0.077176 0.168870
v -6.525718 -0.012656 0.174826
v -6.496856 0.053258 0.180930
v -6.465922 0.119416 0.187076
v -6.433310 0.184672 0.193158
v -6.399416 0.247876 0.199072
v -6.364644 0.307870 0.204714
v -6.329416 0.363494 0.209972
v -6.294172 0.413566 0.214742
v -6.242802 0.477582 0.220902
v -6.427248 0.560610 0.226392
v -6.469010 0.502734 0.220868
v -6.502992 0.450794 0.215946
v -6.537886 0.393304 0.210526
v -6.573184 0.331508 0.204722
v -6.608352 0.266672 0.198650
v -6.642846 0.200074 0.192430
v -6.676114 0.132996 0.186180
v -6.707604 0.066720 0.180018
v -6.736768 0.002530 0.174064
v -6.763048 -0.058302 0.168434
v -6.785900 -0.114514 0.163246
v -6.811042 -0.181580 0.157078
v -6.489198 0.478086 0.218492
v -6.470182 0.515508 0.221984
v -6.458714 0.537516 0.224040
v -6.446366 0.560670 0.226206
v -6.433292 0.584656 0.228452
v -6.419638 0.609166 0.230752
v -6.405552 0.633888 0.233074
v -6.391188 0.658514 0.235390
v -6.376690 0.682734 0.237672
v -6.362214 0.706232 0.239888
v -6.347910 0.728696 0.242014
v -6.333940 0.749804 0.244016
v -6.306160 0.789874 0.247828
v -6.452098 0.849084 0.251598
v -6.474252 0.817346 0.248578
v -6.488094 0.796654 0.246614
v -6.502448 0.774454 0.244512
v -6.517148 0.751068 0.242302
v -6.532020 0.726822 0.240014
v -6.546896 0.702048 0.237680
v -6.561594 0.677078 0.235330
v -6.575942 0.652246 0.232996
v -6.589758 0.627882 0.230708
v -6.602872 0.604324 0.228500
v -6.615102 0.581898 0.226398
v -6.636354 0.542030 0.222668
v -6.715480 0.559726 0.223442
v -6.695452 0.598236 0.227040
v -6.683328 0.620942 0.229164
v -6.670508 0.644362 0.231358
v -6.657106 0.668260 0.233600
v -6.643238 0.692406 0.235870
v -6.629014 0.716562 0.238142
v -6.614552 0.740500 0.240398
v -6.599964 0.763982 0.242616
v -6.585368 0.786776 0.244774
v -6.570882 0.808646 0.246848
v -6.556626 0.829352 0.248816
v -6.527890 0.869254 0.252624
v -6.671974 0.928812 0.256444
v -6.694770 0.896710 0.253384
v -6.709268 0.875616 0.251378
v -6.724360 0.853050 0.249236
v -6.739830 0.829362 0.246992
v -6.755456 0.804912 0.244680
v -6.771014 0.780058 0.242332
v -6.786280 0.755160 0.239982
v -6.801030 0.730576 0.237666
v -6.815042 0.706662 0.235416
v -6.828090 0.683776 0.233266
v -6.839956 0.662260 0.231250
v -6.860278 0.623810 0.227654
v -3.805792 0.222520 0.222670
v -3.854238 0.250384 0.224646
v -3.902886 0.277630 0.226566
v -3.951272 0.304130 0.228422
v -3.998934 0.329754 0.230208
v -4.045408 0.354374 0.231918
v -4.090228 0.377858 0.233544
v -4.132924 0.400074 0.235080
v -4.173028 0.420888 0.236516
v -4.210068 0.440162 0.237848
v -4.243558 0.457760 0.239068
v -4.272792 0.473416 0.240158
v -4.286606 0.481510 0.240734
v -4.300086 0.489490 0.241304
v -4.312982 0.497230 0.241858
v -4.325346 0.504784 0.242402
v -4.337238 0.512208 0.242938
v -4.348712 0.519554 0.243472
v -4.359826 0.526880 0.244008
v -4.370640 0.534240 0.244550
v -4.381210 0.541692 0.245102
v -4.391602 0.549292 0.245670
v -4.401876 0.557098 0.246256
v -4.429854 0.579208 0.247928
v -4.540210 0.401564 0.231154
v -4.511138 0.384170 0.229908
v -4.499188 0.377194 0.229412
v -4.487064 0.370272 0.228922
v -4.474746 0.363382 0.228436
v -4.462224 0.356502 0.227954
v -4.449482 0.349612 0.227474
v -4.436508 0.342692 0.226992
v -4.423288 0.335718 0.226508
v -4.409806 0.328670 0.226020
v -4.396048 0.321526 0.225528
v -4.382000 0.314266 0.225026
v -4.367592 0.306842 0.224514
v -4.330696 0.288112 0.223230
v -4.288776 0.267056 0.221790
v -4.242608 0.243898 0.220206
v -4.192940 0.218854 0.218490
v -4.140532 0.192142 0.216656
v -4.086144 0.163980 0.214712
v -4.030542 0.134596 0.212674
v -3.974492 0.104212 0.210550
v -3.918766 0.073054 0.208356
v -3.864134 0.041352 0.206104
v -3.811374 0.009340 0.203804
v -3.761190 -0.022796 0.201468
v -3.716762 -0.052576 0.199282
v -3.675758 -0.082694 0.197034
v -3.638174 -0.113248 0.194712
v -3.604142 -0.144236 0.192316
v -3.573782 -0.175660 0.189846
v -3.547208 -0.207510 0.187300
v -3.524522 -0.239784 0.184678
v -3.505804 -0.272488 0.181980
v -3.491122 -0.305648 0.179200
v -3.480532 -0.339316 0.176334
v -3.474098 -0.373590 0.173374
v -3.471920 -0.408386 0.170326
v -3.474918 -0.445238 0.167044
v -3.483836 -0.479048 0.163972
v -3.498660 -0.510130 0.161080
v -3.519532 -0.538644 0.158356
v -3.546714 -0.564616 0.155794
v -3.580460 -0.587914 0.153402
v -3.620944 -0.608302 0.151200
v -3.668250 -0.625504 0.149212
v -3.722394 -0.639258 0.147458
v -3.783360 -0.649332 0.145962
v -3.851122 -0.655514 0.144742
v -3.925808 -0.657618 0.143812
v -3.980634 -0.657052 0.143316
v -4.037124 -0.655384 0.142900
v -4.094540 -0.652672 0.142568
v -4.152324 -0.648966 0.142318
v -4.209920 -0.644326 0.142154
v -4.266768 -0.638806 0.142076
v -4.322312 -0.632462 0.142082
v -4.375988 -0.625354 0.142174
v -4.427236 -0.617542 0.142354
v -4.475484 -0.609084 0.142620
v -4.520158 -0.600050 0.142972
v -4.585660 -0.584626 0.143680
v -4.585466 -0.804060 0.124320
v -4.528936 -0.813226 0.124074
v -4.486004 -0.819530 0.123944
v -4.440238 -0.825594 0.123866
v -4.391838 -0.831340 0.123840
v -4.340994 -0.836696 0.123874
v -4.287910 -0.841584 0.123972
v -4.232780 -0.845930 0.124138
v -4.175806 -0.849656 0.124376
v -4.117188 -0.852688 0.124692
v -4.057122 -0.854948 0.125092
v -3.995810 -0.856360 0.125578
v -3.933272 -0.856850 0.126158
v -3.840624 -0.854458 0.127292
v -3.752554 -0.847072 0.128820
v -3.669762 -0.834390 0.130764
v -3.592794 -0.816082 0.133146
v -3.522204 -0.791788 0.135992
v -3.458580 -0.761108 0.139334
v -3.402596 -0.723634 0.143198
v -3.355036 -0.678990 0.147612
v -3.316788 -0.626944 0.152584
v -3.288728 -0.567464 0.158112
v -3.271564 -0.500650 0.164180
v -3.265822 -0.426764 0.170756
v -3.268718 -0.373954 0.175388
v -3.277166 -0.323112 0.179790
v -3.290988 -0.273964 0.183988
v -3.309968 -0.226466 0.187990
v -3.333874 -0.180562 0.191804
v -3.362474 -0.136158 0.195436
v -3.395540 -0.093140 0.198904
v -3.432860 -0.051384 0.202216
v -3.474232 -0.010750 0.205390
v -3.519470 0.028898 0.208438
v -3.568390 0.067698 0.211374
v -3.606312 0.095246 0.213426
v -3.591442 0.122278 0.215960
v -3.567580 0.167396 0.220180
v -3.543356 0.214790 0.224602
v -3.518860 0.264164 0.229204
v -3.494184 0.315232 0.233956
v -3.469424 0.367696 0.238832
v -3.444674 0.421266 0.243804
v -3.420030 0.475644 0.248848
v -3.395586 0.530538 0.253936
v -3.371440 0.585650 0.259040
v -3.347686 0.640684 0.264132
v -3.316588 0.713750 0.270890
v -3.512422 0.795212 0.276126
v -3.539956 0.721232 0.269324
v -3.560932 0.667160 0.264344
v -3.582518 0.613620 0.259404
v -3.604604 0.560798 0.254524
v -3.627080 0.508884 0.249720
v -3.649832 0.458066 0.245008
v -3.672748 0.408536 0.240410
v -3.695716 0.360482 0.235940
v -3.718624 0.314094 0.231620
v -3.741358 0.269562 0.227464
v -3.763804 0.227078 0.223490
v -3.775988 0.204836 0.221406
v -1.414954 -0.445844 0.187510
v -1.423686 -0.476960 0.184676
v -1.438292 -0.505998 0.181968
v -1.458996 -0.533030 0.179378
v -1.486098 -0.557968 0.176906
v -1.519860 -0.580574 0.174576
v -1.560458 -0.600534 0.172410
v -1.607980 -0.617510 0.170438
v -1.662464 -0.631188 0.168688
v -1.723922 -0.641278 0.167186
v -1.792350 -0.647514 0.165954
v -1.867930 -0.649650 0.165014
v -1.935946 -0.649038 0.164390
v -2.003090 -0.647220 0.163882
v -2.068852 -0.644234 0.163490
v -2.132914 -0.640114 0.163216
v -2.194958 -0.634896 0.163058
v -2.254662 -0.628618 0.163016
v -2.311706 -0.621318 0.163092
v -2.365760 -0.613032 0.163286
v -2.416500 -0.603806 0.163594
v -2.463588 -0.593686 0.164018
v -2.506678 -0.582724 0.164556
v -2.571468 -0.563094 0.165644
v -2.573772 -0.776642 0.146776
v -2.519948 -0.790350 0.146104
v -2.476758 -0.799746 0.145704
v -2.429630 -0.808552 0.145396
v -2.378820 -0.816710 0.145182
v -2.324582 -0.824160 0.145066
v -2.267186 -0.830836 0.145048
v -2.206896 -0.836672 0.145134
v -2.143982 -0.841600 0.145326
v -2.078720 -0.845552 0.145628
v -2.011380 -0.848462 0.146042
v -1.942234 -0.850258 0.146572
v -1.871364 -0.850874 0.147224
v -1.772448 -0.848074 0.148456
v -1.680498 -0.839672 0.150112
v -1.595888 -0.825684 0.152190
v -1.518814 -0.806102 0.154686
v -1.449490 -0.780890 0.157600
v -1.388160 -0.749984 0.160938
v -1.335138 -0.713312 0.164702
v -1.290828 -0.670832 0.168892
v -1.255724 -0.622616 0.173496
v -1.230318 -0.568910 0.178488
v -1.214976 -0.510078 0.183832
v -1.209932 -0.447054 0.189444
v -1.210464 -0.420470 0.191784
v -1.211904 -0.394898 0.194028
v -1.214150 -0.369754 0.196224
v -1.217094 -0.345052 0.198374
v -1.220624 -0.320810 0.200478
v -1.224634 -0.297040 0.202536
v -1.229010 -0.273762 0.204546
v -1.233648 -0.250986 0.206510
v -1.238438 -0.228730 0.208426
v -1.243274 -0.207012 0.210294
v -1.248048 -0.185850 0.212114
v -1.256528 -0.147956 0.215372
v -1.460686 -0.168044 0.211566
v -1.446976 -0.211104 0.207904
v -1.441210 -0.230336 0.206264
v -1.435908 -0.249322 0.204642
v -1.431084 -0.268084 0.203034
v -1.426762 -0.286638 0.201440
v -1.422956 -0.305008 0.199856
v -1.419686 -0.323214 0.198282
v -1.416968 -0.341278 0.196716
v -1.414820 -0.359222 0.195154
v -1.413260 -0.377070 0.193594
v -1.412304 -0.394844 0.192036
v -1.411984 -0.411876 0.190536
v -1.930824 0.611730 0.275690
v -1.979070 0.612540 0.275282
v -2.027334 0.613836 0.274914
v -2.075366 0.615564 0.274590
v -2.122908 0.617680 0.274302
v -2.169714 0.620132 0.274052
v -2.215526 0.622876 0.273838
v -2.260096 0.625860 0.273658
v -2.303172 0.629038 0.273508
v -2.344500 0.632362 0.273390
v -2.383830 0.635780 0.273300
v -2.442844 0.641296 0.273200
v -2.442664 0.437516 0.255220
v -2.388432 0.433616 0.255416
v -2.349706 0.430944 0.255566
v -2.308344 0.428232 0.255738
v -2.264746 0.425540 0.255934
v -2.219304 0.422930 0.256158
v -2.172412 0.420464 0.256406
v -2.124466 0.418208 0.256686
v -2.075858 0.416220 0.256994
v -2.026982 0.414566 0.257334
v -1.978232 0.413306 0.257710
v -1.929994 0.412504 0.258120
v -1.882688 0.412222 0.258566
v -1.833122 0.412426 0.259078
v -1.784766 0.413018 0.259612
v -1.737540 0.413970 0.260166
v -1.691382 0.415258 0.260738
v -1.646230 0.416848 0.261330
v -1.602026 0.418718 0.261934
v -1.558704 0.420836 0.262552
v -1.516204 0.423176 0.263182
v -1.474466 0.425710 0.263822
v -1.433428 0.428410 0.264468
v -1.393028 0.431246 0.265122
v -1.334718 0.435562 0.266084
v -1.334896 0.639806 0.284104
v -1.393872 0.632954 0.282912
v -1.431980 0.629116 0.282194
v -1.471616 0.625672 0.281494
v -1.512692 0.622616 0.280816
v -1.555122 0.619946 0.280158
v -1.598820 0.617652 0.279520
v -1.643700 0.615728 0.278904
v -1.689676 0.614170 0.278308
v -1.736662 0.612968 0.277734
v -1.784576 0.612120 0.277182
v -1.833332 0.611614 0.276652
v -1.882820 0.611448 0.276144
v 0.243896 -0.465464 0.202302
v 0.262790 -0.468538 0.202218
v 0.280522 -0.473458 0.201960
v 0.296932 -0.480056 0.201542
v 0.311862 -0.488152 0.200976
v 0.325158 -0.497566 0.200278
v 0.336676 -0.508106 0.199462
v 0.346292 -0.519586 0.198546
v 0.353910 -0.531830 0.197542
v 0.359450 -0.544692 0.196462
v 0.362846 -0.558076 0.195314
v 0.364004 -0.571816 0.194114
v 0.362134 -0.591188 0.192386
v 0.356698 -0.608964 0.190762
v 0.347768 -0.625520 0.189212
v 0.335298 -0.640978 0.187724
v 0.319246 -0.655272 0.186304
v 0.299650 -0.668228 0.184964
v 0.276646 -0.679638 0.183728
v 0.250432 -0.689304 0.182614
v 0.221236 -0.697052 0.181640
v 0.189302 -0.702736 0.180820
v 0.154876 -0.706230 0.180170
v 0.117948 -0.707426 0.179696
v 0.104032 -0.707346 0.179564
v 0.090020 -0.707102 0.179446
v 0.076182 -0.706694 0.179344
v 0.062514 -0.706122 0.179260
v 0.049018 -0.705390 0.179190
v 0.035694 -0.704494 0.179136
v 0.022544 -0.703436 0.179098
v 0.009566 -0.702216 0.179076
v -0.003242 -0.700836 0.179070
v -0.015876 -0.699292 0.179080
v -0.028338 -0.697588 0.179108
v -0.021072 -0.698692 0.179082
v -0.018432 -0.680894 0.180678
v -0.009828 -0.646510 0.183798
v 0.001814 -0.614490 0.186740
v 0.016352 -0.585048 0.189482
v 0.033644 -0.558388 0.192008
v 0.053560 -0.534692 0.194296
v 0.075990 -0.514126 0.196336
v 0.100852 -0.496852 0.198106
v 0.128098 -0.483038 0.199598
v 0.157708 -0.472870 0.200790
v 0.189682 -0.466574 0.201664
v 0.224092 -0.464406 0.202198
v 0.463934 0.699424 0.307282
v 0.417846 0.700330 0.306904
v 0.361350 0.701746 0.306466
v 0.297056 0.703600 0.305988
v 0.227560 0.705812 0.305492
v 0.155442 0.708308 0.304994
v 0.083288 0.711012 0.304514
v 0.013680 0.713846 0.304070
v -0.050792 0.716736 0.303682
v -0.107528 0.719600 0.303370
v -0.153882 0.722358 0.303152
v -0.187534 0.724952 0.303046
v -0.201804 0.725982 0.302994
v -0.214634 0.727072 0.302964
v -0.226272 0.728224 0.302948
v -0.236796 0.729432 0.302950
v -0.246288 0.730684 0.302966
v -0.254836 0.731974 0.302996
v -0.262522 0.733292 0.303034
v -0.269436 0.734632 0.303084
v -0.275672 0.735986 0.303142
v -0.281326 0.737352 0.303206
v -0.286500 0.738726 0.303276
v -0.304372 0.743874 0.303552
v -0.417630 0.601458 0.289856
v -0.391410 0.582762 0.288468
v -0.382108 0.576214 0.287984
v -0.372734 0.569668 0.287498
v -0.363316 0.563108 0.287014
v -0.353882 0.556518 0.286526
v -0.344458 0.549888 0.286036
v -0.335070 0.543202 0.285538
v -0.325748 0.536446 0.285036
v -0.316516 0.529608 0.284524
v -0.307404 0.522678 0.284004
v -0.298438 0.515642 0.283472
v -0.289302 0.508210 0.282906
v -0.260790 0.486136 0.281244
v -0.226364 0.458682 0.279164
v -0.186700 0.426484 0.276718
v -0.142826 0.390458 0.273976
v -0.095760 0.351508 0.271008
v -0.046510 0.310532 0.267882
v 0.003918 0.268426 0.264670
v 0.054526 0.226082 0.261436
v 0.104310 0.184394 0.258254
v 0.152268 0.144254 0.255190
v 0.197404 0.106552 0.252312
v 0.158860 0.138620 0.254758
v 0.234284 0.114050 0.253342
v 0.210392 0.120892 0.253708
v 0.186428 0.126872 0.253996
v 0.162432 0.132036 0.254214
v 0.138438 0.136428 0.254362
v 0.114480 0.140090 0.254446
v 0.090596 0.143068 0.254472
v 0.066820 0.145408 0.254440
v 0.043184 0.147152 0.254360
v 0.019726 0.148344 0.254230
v -0.003522 0.149026 0.254060
v -0.026940 0.149248 0.253846
v -0.109538 0.145090 0.252656
v -0.188182 0.132834 0.250792
v -0.261950 0.112920 0.248300
v -0.330318 0.085772 0.245222
v -0.392748 0.051806 0.241604
v -0.448696 0.011448 0.237486
v -0.497594 -0.034868 0.232912
v -0.538866 -0.086690 0.227928
v -0.571924 -0.143536 0.222582
v -0.596184 -0.204884 0.216926
v -0.611092 -0.270180 0.211016
v -0.616124 -0.338818 0.204910
v -0.610412 -0.419480 0.197850
v -0.593616 -0.495136 0.191340
v -0.566058 -0.565382 0.185416
v -0.528130 -0.629724 0.180118
v -0.480290 -0.687694 0.175478
v -0.423036 -0.738886 0.171532
v -0.356866 -0.782956 0.168302
v -0.282254 -0.819608 0.165810
v -0.199636 -0.848574 0.164078
v -0.109412 -0.869598 0.163122
v -0.011960 -0.882414 0.162962
v 0.092324 -0.886746 0.163618
v 0.159648 -0.884280 0.164506
v 0.222410 -0.877028 0.165772
v 0.280480 -0.865186 0.167394
v 0.333652 -0.848948 0.169356
v 0.381710 -0.828488 0.171642
v 0.424420 -0.803970 0.174230
v 0.461500 -0.775556 0.177106
v 0.492622 -0.743430 0.180252
v 0.517414 -0.707832 0.183640
v 0.535484 -0.669088 0.187238
v 0.546482 -0.627630 0.191006
v 0.550148 -0.584018 0.194890
v 0.547384 -0.547016 0.198128
v 0.539326 -0.511242 0.201204
v 0.526208 -0.477032 0.204092
v 0.508274 -0.444810 0.206758
v 0.485782 -0.414982 0.209166
v 0.458982 -0.387938 0.211284
v 0.428132 -0.364060 0.213084
v 0.393480 -0.343718 0.214534
v 0.355280 -0.327282 0.215604
v 0.313778 -0.315110 0.216264
v 0.269224 -0.307554 0.216488
v 0.221850 -0.304962 0.216244
v 0.159486 -0.308412 0.215318
v 0.101820 -0.318484 0.213856
v 0.048902 -0.334744 0.211894
v 0.000806 -0.356724 0.209476
v -0.042390 -0.383924 0.206644
v -0.080618 -0.415810 0.203450
v -0.113844 -0.451832 0.199940
v -0.142068 -0.491434 0.196166
v -0.165316 -0.534074 0.192172
v -0.183630 -0.579222 0.188004
v -0.197062 -0.626372 0.183710
v -0.201110 -0.649276 0.181650
v -0.215694 -0.643012 0.182056
v -0.249770 -0.625018 0.183306
v -0.280746 -0.605026 0.184760
v -0.308592 -0.583080 0.186420
v -0.333288 -0.559208 0.188280
v -0.354826 -0.533422 0.190342
v -0.373194 -0.505708 0.192604
v -0.388370 -0.476036 0.195070
v -0.400316 -0.444360 0.197746
v -0.408974 -0.410630 0.200636
v -0.414254 -0.374802 0.203746
v -0.416046 -0.337202 0.207046
v -0.412468 -0.292322 0.211042
v -0.402004 -0.250036 0.214876
v -0.384976 -0.210206 0.218562
v -0.361690 -0.173072 0.222070
v -0.332436 -0.138922 0.225374
v -0.297510 -0.108096 0.228442
v -0.257238 -0.080966 0.231238
v -0.211966 -0.057914 0.233722
v -0.162060 -0.039326 0.235860
v -0.107900 -0.025584 0.237612
v -0.049878 -0.017066 0.238942
v 0.011722 -0.014138 0.239814
v 0.090460 -0.017010 0.240344
v 0.163480 -0.025550 0.240318
v 0.231520 -0.039634 0.239754
v 0.295476 -0.059166 0.238666
v 0.356252 -0.084082 0.237074
v 0.414740 -0.114356 0.234984
v 0.471796 -0.149968 0.232410
v 0.528246 -0.190896 0.229362
v 0.584882 -0.237098 0.225848
v 0.642484 -0.288514 0.221886
v 0.701828 -0.345062 0.217486
v 0.778174 -0.421072 0.211540
v 0.921242 -0.273418 0.225994
v 0.861220 -0.224348 0.229726
v 0.815024 -0.186430 0.232612
v 0.766666 -0.146610 0.235644
v 0.716952 -0.105564 0.238770
v 0.666678 -0.063962 0.241942
v 0.616646 -0.022478 0.245104
v 0.567656 0.018220 0.248206
v 0.520506 0.057458 0.251200
v 0.475998 0.094564 0.254030
v 0.434930 0.128868 0.256648
v 0.398106 0.159696 0.259002
v 0.366226 0.186460 0.261046
v 0.335432 0.211734 0.262968
v 0.299980 0.241000 0.265198
v 0.260754 0.273524 0.267678
v 0.218750 0.308478 0.270344
v 0.174966 0.345038 0.273134
v 0.130398 0.382378 0.275984
v 0.086042 0.419676 0.278834
v 0.042890 0.456104 0.281618
v 0.001944 0.490838 0.284276
v -0.035802 0.523050 0.286742
v -0.069340 0.551908 0.288954
v -0.055100 0.539506 0.288002
v -0.079398 0.540464 0.287844
v -0.036940 0.538702 0.288112
v 0.013698 0.536540 0.288424
v 0.070466 0.534064 0.288772
v 0.131320 0.531368 0.289140
v 0.194216 0.528540 0.289518
v 0.257112 0.525672 0.289890
v 0.317964 0.522852 0.290248
v 0.374726 0.520170 0.290576
v 0.425356 0.517716 0.290864
v 0.467798 0.515582 0.291098
v 0.500096 0.513854 0.291268
v 0.511108 0.513316 0.291330
v 0.522064 0.512700 0.291386
v 0.533062 0.512004 0.291434
v 0.544078 0.511226 0.291474
v 0.555092 0.510366 0.291508
v 0.566082 0.509424 0.291534
v 0.577026 0.508402 0.291554
v 0.587902 0.507298 0.291564
v 0.598690 0.506112 0.291568
v 0.609366 0.504846 0.291562
v 0.619908 0.503500 0.291548
v 0.652316 0.499050 0.291478
v 0.659776 0.709738 0.310144
v 0.625010 0.705538 0.309426
v 0.613298 0.704318 0.309202
v 0.601312 0.703240 0.308988
v 0.589154 0.702304 0.308784
v 0.576916 0.701500 0.308592
v 0.564694 0.700826 0.308410
v 0.552582 0.700272 0.308240
v 0.540676 0.699834 0.308084
v 0.529066 0.699506 0.307938
v 0.517848 0.699280 0.307806
v 0.507114 0.699150 0.307688
v 0.497014 0.699108 0.307584
v 1.842624 0.196812 0.276666
v 1.864522 0.240780 0.280764
v 1.878440 0.268024 0.283306
v 1.892952 0.295722 0.285894
v 1.907980 0.323686 0.288512
v 1.923444 0.351724 0.291140
v 1.939268 0.379648 0.293762
v 1.955372 0.407268 0.296358
v 1.971678 0.434390 0.298914
v 1.988102 0.460826 0.301410
v 2.004566 0.486384 0.303830
v 2.020986 0.510866 0.306154
v 2.051596 0.554492 0.310308
v 1.899670 0.618192 0.314416
v 1.877050 0.585190 0.311278
v 1.862064 0.562756 0.309150
v 1.845892 0.538024 0.306806
v 1.828836 0.511436 0.304290
v 1.811200 0.483440 0.301644
v 1.793294 0.454486 0.298910
v 1.775424 0.425020 0.296132
v 1.757900 0.395496 0.293354
v 1.741028 0.366358 0.290614
v 1.725114 0.338048 0.287958
v 1.710460 0.311000 0.285424
v 1.687904 0.267318 0.281346
v 1.576190 0.302128 0.283304
v 1.598414 0.345658 0.287366
v 1.612520 0.372328 0.289860
v 1.627348 0.399450 0.292402
v 1.642800 0.426826 0.294972
v 1.658774 0.454258 0.297550
v 1.675174 0.481546 0.300122
v 1.691894 0.508494 0.302666
v 1.708838 0.534902 0.305166
v 1.725904 0.560570 0.307600
v 1.742986 0.585298 0.309952
v 1.759980 0.608888 0.312204
v 1.791794 0.651020 0.316238
v 1.642612 0.719990 0.320838
v 1.618470 0.687902 0.317766
v 1.602514 0.665748 0.315652
v 1.585486 0.641288 0.313324
v 1.567674 0.614976 0.310826
v 1.549380 0.587270 0.308198
v 1.530908 0.558640 0.305488
v 1.512564 0.529552 0.302738
v 1.494652 0.500476 0.299994
v 1.477482 0.471876 0.297300
v 1.461356 0.444216 0.294698
v 1.446576 0.417954 0.292234
v 1.423706 0.375428 0.288254
v 2.461208 0.494246 0.309072
v 2.463670 0.424638 0.302954
v 2.466306 0.347604 0.296184
v 2.469032 0.264620 0.288888
v 2.471760 0.177158 0.281198
v 2.474408 0.086694 0.273242
v 2.476890 -0.005298 0.265148
v 2.479122 -0.097342 0.257050
v 2.481020 -0.187962 0.249072
v 2.482498 -0.275678 0.241346
v 2.483472 -0.359010 0.234004
v 2.483856 -0.435982 0.227214
v 2.481174 -0.486060 0.222770
v 2.473398 -0.529682 0.218842
v 2.460932 -0.567618 0.215372
v 2.444156 -0.600268 0.212322
v 2.423354 -0.628098 0.209660
v 2.398674 -0.651552 0.207344
v 2.370192 -0.670974 0.205346
v 2.337988 -0.686586 0.203648
v 2.302216 -0.698518 0.202240
v 2.263110 -0.706880 0.201112
v 2.220960 -0.711790 0.200258
v 2.176232 -0.713388 0.199672
v 2.089788 -0.709316 0.199170
v 2.009766 -0.697604 0.199408
v 1.935678 -0.678960 0.200314
v 1.867130 -0.654076 0.201828
v 1.803746 -0.623622 0.203884
v 1.745162 -0.588252 0.206420
v 1.691032 -0.548616 0.209378
v 1.641036 -0.505370 0.212696
v 1.594864 -0.459176 0.216314
v 1.552216 -0.410704 0.220166
v 1.512794 -0.360640 0.224190
v 1.461066 -0.288390 0.230050
v 1.320336 -0.455810 0.213876
v 1.367412 -0.517290 0.208920
v 1.410376 -0.568002 0.204872
v 1.458892 -0.619172 0.200840
v 1.513184 -0.669696 0.196924
v 1.573472 -0.718464 0.193220
v 1.639976 -0.764364 0.189832
v 1.712904 -0.806274 0.186862
v 1.792454 -0.843064 0.184408
v 1.878806 -0.873610 0.182572
v 1.972128 -0.896790 0.181456
v 2.072576 -0.911496 0.181158
v 2.180182 -0.916632 0.181778
v 2.251940 -0.914032 0.182722
v 2.319748 -0.906004 0.184106
v 2.383390 -0.892164 0.185960
v 2.442460 -0.872110 0.188318
v 2.496498 -0.845430 0.191212
v 2.544960 -0.811748 0.194666
v 2.587236 -0.770774 0.198702
v 2.622714 -0.722348 0.203330
v 2.650870 -0.666400 0.208546
v 2.671312 -0.602868 0.214356
v 2.683740 -0.531628 0.220766
v 2.687866 -0.452892 0.227754
v 2.687362 -0.374406 0.234676
v 2.686088 -0.289416 0.242162
v 2.684200 -0.199212 0.250104
v 2.681850 -0.105552 0.258344
v 2.679192 -0.010204 0.266732
v 2.676384 0.085068 0.275110
v 2.673576 0.178492 0.283326
v 2.670928 0.268296 0.291224
v 2.668588 0.352704 0.298648
v 2.666714 0.429930 0.305444
v 2.665460 0.498184 0.311454
v 2.664978 0.555672 0.316522
v 2.665086 0.573774 0.318120
v 2.665440 0.591754 0.319710
v 2.666040 0.609562 0.321288
v 2.666884 0.627154 0.322848
v 2.667976 0.644488 0.324390
v 2.669310 0.661518 0.325906
v 2.670890 0.678202 0.327394
v 2.672712 0.694494 0.328848
v 2.674774 0.710348 0.330268
v 2.677076 0.725720 0.331648
v 2.679616 0.740564 0.332982
v 2.687092 0.779038 0.336452
v 2.437702 0.776578 0.333752
v 2.443440 0.737604 0.330370
v 2.445674 0.721164 0.328940
v 2.447746 0.704606 0.327500
v 2.449656 0.687962 0.326050
v 2.451400 0.671258 0.324594
v 2.452980 0.654522 0.323134
v 2.454394 0.637784 0.321670
v 2.455644 0.621074 0.320208
v 2.456730 0.604418 0.318750
v 2.457652 0.587844 0.317296
v 2.458408 0.571382 0.315850
v 2.459002 0.554962 0.314408
v 3.338272 -0.954468 0.189974
v 3.514264 -0.954468 0.191728
v 3.514198 -0.880754 0.198232
v 4.228164 -0.880754 0.205344
v 4.228234 -0.960444 0.198312
v 4.398224 -0.960444 0.200006
v 4.397624 -0.277100 0.260298
v 3.337678 -0.277100 0.249740
v 3.513812 -0.440466 0.237078
v 4.227776 -0.440466 0.244190
v 4.228020 -0.717390 0.219756
v 3.514056 -0.717390 0.212646
v 3.357316 0.133306 0.286150
v 4.371264 0.133306 0.296248
v 4.371122 0.296670 0.310662
v 3.357172 0.296670 0.300562
v 3.357562 -0.147602 0.261364
v 4.371512 -0.147602 0.271464
v 4.371370 0.013770 0.285702
v 3.357420 0.013770 0.275602
v 3.201074 0.416206 0.309556
v 4.515010 0.416206 0.322644
v 4.514862 0.583556 0.337410
v 3.200928 0.583556 0.324322
v 3.871546 0.882602 0.357388
v 3.856870 0.860506 0.355294
v 3.842370 0.837796 0.353144
v 3.828154 0.814684 0.350964
v 3.814338 0.791384 0.348770
v 3.801032 0.768108 0.346584
v 3.788352 0.745072 0.344424
v 3.776412 0.722486 0.342312
v 3.765320 0.700560 0.340268
v 3.755194 0.679498 0.338308
v 3.746140 0.659498 0.336454
v 3.730878 0.623126 0.333092
v 3.901664 0.546976 0.328074
v 3.916974 0.584634 0.331548
v 3.925622 0.604476 0.333386
v 3.935362 0.625636 0.335350
v 3.946054 0.647838 0.337416
v 3.957558 0.670818 0.339558
v 3.969744 0.694316 0.341752
v 3.982470 0.718072 0.343976
v 3.995604 0.741832 0.346204
v 4.009012 0.765338 0.348410
v 4.022552 0.788336 0.350576
v 4.036090 0.810566 0.352672
v 4.062548 0.852440 0.356630
v 3.895096 0.916576 0.360622
v 4.461558 0.804050 0.356334
v 4.473908 0.769972 0.353450
v 4.486732 0.735954 0.350576
v 4.500018 0.702022 0.347714
v 4.513750 0.668206 0.344868
v 4.527914 0.634530 0.342038
v 4.542494 0.601022 0.339226
v 4.557482 0.567710 0.336436
v 4.572862 0.534620 0.333668
v 4.588618 0.501780 0.330928
v 4.604738 0.469218 0.328216
v 4.618982 0.441322 0.325896
v 4.620220 -0.966422 0.201690
v 4.798210 -0.966422 0.203462
v 4.797240 0.137412 0.300854
v 4.775544 0.170858 0.303590
v 4.790922 0.147680 0.301698
v 4.806460 0.124800 0.299834
v 4.822152 0.102244 0.298000
v 4.837990 0.080040 0.296198
v 4.853968 0.058216 0.294432
v 4.870082 0.036798 0.292702
v 4.886328 0.015814 0.291012
v 4.902696 -0.004710 0.289364
v 4.919180 -0.024746 0.287760
v 4.935780 -0.044268 0.286204
v 4.972634 -0.086136 0.282876
v 4.989500 -0.049862 0.286244
v 4.994428 -0.040090 0.287156
v 5.000332 -0.029006 0.288192
v 5.007016 -0.016960 0.289322
v 5.014300 -0.004264 0.290514
v 5.022006 0.008772 0.291742
v 5.029962 0.021854 0.292976
v 5.037988 0.034684 0.294188
v 5.045910 0.046960 0.295350
v 5.053546 0.058378 0.296434
v 5.060698 0.068618 0.297408
v 5.076902 0.090536 0.299504
v 5.021892 0.153158 0.304482
v 4.978462 0.207360 0.308832
v 4.935886 0.265210 0.313512
v 4.894356 0.326352 0.318494
v 4.854054 0.390422 0.323746
v 4.815166 0.457064 0.329238
v 4.777870 0.525916 0.334942
v 4.742348 0.596618 0.340828
v 4.708776 0.668814 0.346864
v 4.677334 0.742142 0.353022
v 4.648196 0.816244 0.359270
v 4.615054 0.908890 0.367114
v 4.442904 0.857686 0.360882
v 5.550794 0.004292 0.296614
v 5.580480 -0.007110 0.295904
v 5.611276 -0.019162 0.295146
v 5.643112 -0.031854 0.294344
v 5.675920 -0.045182 0.293494
v 5.709628 -0.059138 0.292600
v 5.744166 -0.073714 0.291656
v 5.779466 -0.088902 0.290668
v 5.815456 -0.104698 0.289634
v 5.852068 -0.121090 0.288552
v 5.889234 -0.138076 0.287422
v 5.915238 -0.150214 0.286610
v 5.909466 -0.540078 0.252152
v 6.104726 -0.540078 0.254096
v 6.102758 -0.498844 0.257716
v 6.101870 -0.476634 0.259666
v 6.101060 -0.452778 0.261764
v 6.100332 -0.427556 0.263982
v 6.099686 -0.401242 0.266298
v 6.099122 -0.374110 0.268686
v 6.098640 -0.346432 0.271124
v 6.098242 -0.318480 0.273586
v 6.097926 -0.290526 0.276050
v 6.097694 -0.262840 0.278490
v 6.097546 -0.235696 0.280884
v 6.097564 -0.242936 0.280246
v 6.112956 -0.251286 0.279662
v 6.155064 -0.275904 0.277908
v 6.194216 -0.300876 0.276096
v 6.230140 -0.326230 0.274216
v 6.262570 -0.351986 0.272266
v 6.291248 -0.378144 0.270244
v 6.315934 -0.404700 0.268146
v 6.336416 -0.431634 0.265974
v 6.352534 -0.458944 0.263724
v 6.364178 -0.486672 0.261394
v 6.371270 -0.514962 0.258968
v 6.373690 -0.544006 0.256430
v 6.370856 -0.576472 0.253536
v 6.362798 -0.603410 0.251078
v 6.350012 -0.625768 0.248978
v 6.332528 -0.644548 0.247148
v 6.310116 -0.660368 0.245528
v 6.282692 -0.673446 0.244100
v 6.250464 -0.683874 0.242860
v 6.213812 -0.691782 0.241796
v 6.173184 -0.697392 0.240898
v 6.129034 -0.700986 0.240140
v 6.081796 -0.702888 0.239502
v 6.031898 -0.703442 0.238956
v 5.992118 -0.703076 0.238592
v 5.950202 -0.701988 0.238270
v 5.906506 -0.700198 0.237994
v 5.861372 -0.697726 0.237762
v 5.815140 -0.694592 0.237578
v 5.768150 -0.690818 0.237442
v 5.720742 -0.686424 0.237358
v 5.673254 -0.681430 0.237326
v 5.626022 -0.675862 0.237346
v 5.579388 -0.669736 0.237422
v 5.533690 -0.663080 0.237554
v 5.465304 -0.652046 0.237848
v 5.470514 -0.852580 0.220204
v 5.527118 -0.859608 0.220148
v 5.569248 -0.864316 0.220152
v 5.613452 -0.868772 0.220200
v 5.659330 -0.872934 0.220288
v 5.706476 -0.876760 0.220420
v 5.754490 -0.880212 0.220594
v 5.802964 -0.883246 0.220810
v 5.851494 -0.885824 0.221066
v 5.899674 -0.887900 0.221362
v 5.947100 -0.889436 0.221700
v 5.993372 -0.890390 0.222076
v 6.038202 -0.890718 0.222494
v 6.109150 -0.889348 0.223322
v 6.177456 -0.884938 0.224390
v 6.242468 -0.877036 0.225736
v 6.303634 -0.865164 0.227392
v 6.360404 -0.848810 0.229402
v 6.412200 -0.827404 0.231806
v 6.458366 -0.800342 0.234654
v 6.498088 -0.767030 0.237988
v 6.530392 -0.727022 0.241840
v 6.554266 -0.680162 0.246214
v 6.568914 -0.626498 0.251094
v 6.573838 -0.565954 0.256486
v 6.568688 -0.505644 0.261756
v 6.553918 -0.448922 0.266614
v 6.530524 -0.395830 0.271066
v 6.499546 -0.346262 0.275132
v 6.462006 -0.299996 0.278840
v 6.418858 -0.256742 0.282228
v 6.371000 -0.216194 0.285328
v 6.319286 -0.178058 0.288178
v 6.264560 -0.142052 0.290810
v 6.207650 -0.107918 0.293256
v 6.149388 -0.075406 0.295544
v 6.105152 -0.051984 0.297170
v 6.106226 -0.048354 0.297502
v 6.113296 -0.032228 0.298994
v 6.121948 -0.017950 0.300340
v 6.132108 -0.005374 0.301552
v 6.143740 0.005626 0.302638
v 6.156826 0.015134 0.303608
v 6.171350 0.023196 0.304464
v 6.187272 0.029814 0.305206
v 6.204526 0.034982 0.305834
v 6.223020 0.038684 0.306344
v 6.242640 0.040908 0.306736
v 6.263210 0.041648 0.307006
v 6.293192 0.040446 0.307200
v 6.323168 0.036922 0.307186
v 6.353054 0.031192 0.306978
v 6.382704 0.023378 0.306584
v 6.411974 0.013606 0.306014
v 6.440716 0.002004 0.305276
v 6.468778 -0.011298 0.304382
v 6.496012 -0.026160 0.303342
v 6.522270 -0.042446 0.302166
v 6.547404 -0.060014 0.300866
v 6.571262 -0.078720 0.299454
v 6.593808 -0.098510 0.297932
v 6.607768 -0.111870 0.296892
v 6.621844 -0.126132 0.295774
v 6.636004 -0.141186 0.294586
v 6.650290 -0.156980 0.293336
v 6.664746 -0.173466 0.292024
v 6.679408 -0.190594 0.290660
v 6.694324 -0.208310 0.289244
v 6.709540 -0.226566 0.287786
v 6.725098 -0.245310 0.286286
v 6.741046 -0.264490 0.284752
v 6.757430 -0.284056 0.283190
v 6.786316 -0.318136 0.280470
v 6.956088 -0.193702 0.293142
v 6.879076 -0.117520 0.299096
v 6.823536 -0.059540 0.303660
v 6.772500 -0.003204 0.308122
v 6.725756 0.051470 0.312480
v 6.683092 0.104460 0.316732
v 6.644300 0.155748 0.320870
v 6.609166 0.205312 0.324894
v 6.577482 0.253136 0.328798
v 6.549034 0.299200 0.332580
v 6.523612 0.343488 0.336234
v 6.501008 0.385980 0.339760
v 6.494964 0.398276 0.340784
v 6.550962 0.398276 0.341342
v 6.573482 0.398360 0.341574
v 6.597706 0.398610 0.341836
v 6.623364 0.399026 0.342128
v 6.650220 0.399610 0.342448
v 6.678048 0.400360 0.342792
v 6.706610 0.401276 0.343156
v 6.735672 0.402360 0.343542
v 6.765004 0.403610 0.343944
v 6.794372 0.405026 0.344362
v 6.823540 0.406610 0.344792
v 6.852276 0.408362 0.345232
v 6.898896 0.411550 0.345978
v 6.898728 0.602122 0.362792
v 6.849246 0.595998 0.361760
v 6.821216 0.592922 0.361210
v 6.792308 0.590102 0.360672
v 6.762818 0.587548 0.360154
v 6.733034 0.585268 0.359656
v 6.703250 0.583268 0.359182
v 6.673752 0.581558 0.358738
v 6.644834 0.580142 0.358324
v 6.616784 0.579030 0.357946
v 6.589894 0.578228 0.357608
v 6.564458 0.577744 0.357312
v 6.540850 0.577580 0.357062
v 6.423512 0.579352 0.356050
v 6.421110 0.586934 0.356696
v 6.414844 0.608148 0.358504
v 6.409012 0.629390 0.360320
v 6.403632 0.650586 0.362138
v 6.398718 0.671664 0.363948
v 6.394286 0.692554 0.365748
v 6.390348 0.713180 0.367528
v 6.386918 0.733468 0.369284
v 6.384010 0.753344 0.371010
v 6.381636 0.772736 0.372698
v 6.379810 0.791564 0.374340
v 6.377116 0.830256 0.377728
v 6.170558 0.812688 0.374120
v 6.178098 0.775466 0.370910
v 6.181418 0.759334 0.369520
v 6.184982 0.742436 0.368064
v 6.188826 0.724784 0.366546
v 6.192982 0.706386 0.364964
v 6.197484 0.687256 0.363320
v 6.202370 0.667400 0.361616
v 6.207672 0.646830 0.359854
v 6.213426 0.625554 0.358034
v 6.219668 0.603580 0.356158
v 6.226428 0.580918 0.354226
v 6.225144 0.585018 0.354574
v 6.202616 0.586186 0.354452
v 6.151056 0.589200 0.354206
v 6.099230 0.592598 0.353988
v 6.047292 0.596410 0.353808
v 5.995398 0.600660 0.353666
v 5.943698 0.605378 0.353568
v 5.892352 0.610592 0.353516
v 5.841510 0.616326 0.353516
v 5.791330 0.622606 0.353570
v 5.741968 0.629462 0.353684
v 5.693578 0.636918 0.353858
v 5.622426 0.649084 0.354224
v 5.625146 0.460808 0.337638
v 5.692582 0.450602 0.337408
v 5.745204 0.443556 0.337310
v 5.799314 0.437126 0.337282
v 5.854640 0.431284 0.337318
v 5.910912 0.426002 0.337412
v 5.967856 0.421250 0.337560
v 6.025196 0.416998 0.337756
v 6.082656 0.413220 0.337996
v 6.139962 0.409886 0.338272
v 6.196838 0.406970 0.338582
v 6.253010 0.404442 0.338918
v 6.295738 0.402764 0.339196
v 6.302674 0.387324 0.337902
v 6.315548 0.360194 0.335636
v 6.329128 0.332972 0.333370
v 6.343356 0.305762 0.331110
v 6.358170 0.278672 0.328868
v 6.373510 0.251808 0.326650
v 6.389316 0.225278 0.324466
v 6.405528 0.199186 0.322326
v 6.422082 0.173644 0.320236
v 6.438924 0.148756 0.318208
v 6.455994 0.124628 0.316248
v 6.415580 0.179154 0.320658
v 6.478878 0.142410 0.318046
v 6.456576 0.153516 0.318804
v 6.433192 0.163564 0.319458
v 6.408952 0.172570 0.320010
v 6.384078 0.180542 0.320466
v 6.358796 0.187484 0.320828
v 6.333332 0.193388 0.321094
v 6.307910 0.198250 0.321270
v 6.282754 0.202058 0.321356
v 6.258090 0.204802 0.321352
v 6.234132 0.206466 0.321260
v 6.210938 0.207030 0.321080
v 6.177450 0.205646 0.320624
v 6.144910 0.201484 0.319932
v 6.113662 0.194570 0.319010
v 6.083900 0.184918 0.317862
v 6.055828 0.172540 0.316490
v 6.029660 0.157454 0.314898
v 6.005626 0.139682 0.313092
v 5.983968 0.119268 0.311074
v 5.964932 0.096274 0.308856
v 5.948760 0.070788 0.306446
v 5.935680 0.042922 0.303856
v 5.933262 0.035476 0.303176
v 5.919562 0.041920 0.303608
v 5.885904 0.057378 0.304636
v 5.852952 0.072202 0.305616
v 5.820710 0.086454 0.306552
v 5.789190 0.100196 0.307452
v 5.758402 0.113490 0.308318
v 5.728354 0.126396 0.309156
v 5.699056 0.138976 0.309976
v 5.670516 0.151290 0.310778
v 5.642746 0.163402 0.311570
v 5.615752 0.175368 0.312356
v 5.589292 0.187368 0.313152
v 5.574404 0.193818 0.313572
v 5.560142 0.200060 0.313982
v 5.546258 0.206212 0.314386
v 5.532682 0.212314 0.314790
v 5.519340 0.218408 0.315194
v 5.506164 0.224540 0.315604
v 5.493080 0.230746 0.316022
v 5.480018 0.237072 0.316450
v 5.466904 0.243562 0.316892
v 5.453670 0.250254 0.317350
v 5.440240 0.257196 0.317828
v 5.407448 0.274506 0.319030
v 5.323690 0.084494 0.301428
v 5.359032 0.074562 0.300904
v 5.372772 0.070392 0.300674
v 5.387148 0.065768 0.300408
v 5.402012 0.060756 0.300114
v 5.417220 0.055430 0.299796
v 5.432632 0.049858 0.299458
v 5.448112 0.044114 0.299106
v 5.463522 0.038268 0.298742
v 5.478724 0.032388 0.298376
v 5.493590 0.026542 0.298008
v 5.507982 0.020804 0.297644
v 5.522014 0.015142 0.297284
v 7.436428 0.088912 0.322864
v 7.491108 0.147514 0.328580
v 7.545632 0.210310 0.334664
v 7.599576 0.276706 0.341060
v 7.652512 0.346104 0.347710
v 7.704002 0.417906 0.354560
v 7.753618 0.491516 0.361548
v 7.800918 0.566336 0.368622
v 7.845466 0.641768 0.375722
v 7.886822 0.717220 0.382792
v 7.934098 0.811054 0.391542
v 7.758688 0.881938 0.396050
v 7.717352 0.797800 0.388214
v 7.679966 0.729834 0.381844
v 7.638652 0.661572 0.375410
v 7.593958 0.593682 0.368974
v 7.546432 0.526832 0.362602
v 7.496626 0.461680 0.356356
v 7.445090 0.398884 0.350302
v 7.392382 0.339104 0.344502
v 7.339060 0.282994 0.339020
v 7.285690 0.231216 0.333918
v 7.232852 0.184428 0.329264
v 7.161298 0.127514 0.323530
v 8.315188 0.737346 0.388834
v 8.344264 0.674542 0.383582
v 8.375086 0.612870 0.378448
v 8.407568 0.552434 0.373438
v 8.441620 0.493334 0.368562
v 8.477150 0.435676 0.363828
v 8.514072 0.379558 0.359244
v 8.552294 0.325086 0.354818
v 8.591730 0.272358 0.350558
v 8.632290 0.221480 0.346474
v 8.673892 0.172552 0.342570
v 8.686008 0.159204 0.341512
v 7.471070 0.159204 0.329412
v 7.471108 0.138214 0.327560
v 7.471194 0.124938 0.326388
v 7.471270 0.118114 0.325788
v 7.471384 0.110568 0.325122
v 7.471540 0.102586 0.324420
v 7.471746 0.094450 0.323704
v 7.472010 0.086432 0.323000
v 7.472342 0.078798 0.322328
v 7.472752 0.071774 0.321712
v 7.473212 0.066240 0.321230
v 7.480770 -0.078546 0.308528
v 7.488336 -0.208518 0.297136
v 7.496064 -0.324160 0.287008
v 7.504118 -0.426308 0.278074
v 7.512678 -0.515810 0.270262
v 7.521922 -0.593522 0.263498
v 7.532036 -0.660318 0.257704
v 7.543234 -0.717098 0.252806
v 7.555764 -0.764786 0.248722
v 7.569946 -0.804324 0.245374
v 7.586210 -0.836610 0.242688
v 7.604428 -0.861450 0.240678
v 7.616218 -0.874478 0.239644
v 7.628162 -0.885862 0.238760
v 7.640552 -0.895916 0.237996
v 7.653416 -0.904680 0.237350
v 7.666758 -0.912212 0.236818
v 7.680572 -0.918580 0.236394
v 7.694856 -0.923880 0.236070
v 7.709618 -0.928220 0.235834
v 7.724886 -0.931724 0.235676
v 7.740706 -0.934516 0.235588
v 7.757140 -0.936718 0.235556
v 7.774292 -0.938456 0.235574
v 7.792900 -0.939822 0.235638
v 7.813496 -0.940848 0.235754
v 7.835912 -0.941544 0.235916
v 7.859998 -0.941924 0.236122
v 7.885600 -0.941994 0.236370
v 7.912556 -0.941766 0.236660
v 7.940696 -0.941244 0.236986
v 7.969854 -0.940438 0.237348
v 7.999864 -0.939354 0.237742
v 8.030552 -0.938000 0.238168
v 8.061750 -0.936382 0.238620
v 8.110000 -0.933512 0.239354
v 8.113108 -0.905910 0.241820
v 8.114842 -0.894630 0.242834
v 8.117114 -0.882748 0.243904
v 8.119910 -0.870440 0.245018
v 8.123210 -0.857870 0.246160
v 8.127000 -0.845206 0.247316
v 8.131258 -0.832606 0.248470
v 8.135954 -0.820236 0.249608
v 8.141068 -0.808254 0.250716
v 8.146562 -0.796824 0.251780
v 8.152394 -0.786114 0.252784
v 8.179864 -0.741980 0.256952
v 8.107952 -0.748088 0.255696
v 8.076366 -0.750360 0.255180
v 8.045508 -0.752222 0.254708
v 8.015624 -0.753712 0.254280
v 7.986970 -0.754874 0.253892
v 7.959798 -0.755748 0.253544
v 7.934360 -0.756374 0.253236
v 7.910904 -0.756794 0.252964
v 7.889682 -0.757048 0.252730
v 7.870940 -0.757180 0.252532
v 7.854922 -0.757228 0.252368
v 7.841960 -0.757234 0.252240
v 7.832150 -0.757148 0.252150
v 7.823252 -0.756866 0.252086
v 7.815180 -0.756364 0.252050
v 7.807904 -0.755620 0.252042
v 7.801390 -0.754620 0.252066
v 7.795592 -0.753362 0.252118
v 7.790432 -0.751844 0.252202
v 7.785810 -0.750058 0.252314
v 7.781594 -0.747972 0.252456
v 7.777640 -0.745524 0.252632
v 7.773812 -0.742616 0.252850
v 7.770746 -0.739814 0.253066
v 7.760846 -0.726704 0.254126
v 7.750890 -0.706856 0.255778
v 7.741004 -0.679144 0.258124
v 7.731496 -0.643234 0.261198
v 7.722484 -0.598752 0.265034
v 7.714002 -0.545266 0.269668
v 7.706050 -0.482300 0.275146
v 7.698606 -0.409356 0.281508
v 7.691636 -0.325912 0.288802
v 7.685104 -0.231440 0.297072
v 7.678974 -0.125406 0.306368
v 7.674222 -0.028068 0.314910
v 8.180090 -0.028068 0.319948
v 8.192896 -0.109494 0.312892
v 8.212780 -0.206438 0.304534
v 8.238122 -0.301208 0.296424
v 8.270010 -0.393294 0.288616
v 8.309540 -0.482158 0.281170
v 8.357790 -0.567236 0.274142
v 8.415826 -0.647936 0.267600
v 8.484658 -0.723652 0.261604
v 8.565264 -0.793786 0.256218
v 8.658594 -0.857770 0.251502
v 8.765584 -0.915088 0.247510
v 8.903574 -0.972008 0.243862
v 8.916660 -0.945872 0.246298
v 8.922096 -0.935928 0.247230
v 8.928282 -0.925384 0.248222
v 8.935108 -0.914434 0.249256
v 8.942466 -0.903260 0.250316
v 8.950248 -0.892038 0.251384
v 8.958348 -0.880946 0.252444
v 8.966654 -0.870154 0.253478
v 8.975054 -0.859838 0.254472
v 8.983430 -0.850174 0.255408
v 8.991652 -0.841342 0.256270
v 9.022024 -0.811390 0.259214
v 8.882792 -0.758602 0.262486
v 8.787678 -0.711174 0.265724
v 8.705674 -0.658288 0.269574
v 8.635630 -0.600414 0.273982
v 8.576392 -0.537978 0.278902
v 8.526838 -0.471356 0.284286
v 8.485892 -0.400908 0.290096
v 8.452522 -0.327008 0.296284
v 8.425734 -0.250058 0.302808
v 8.404542 -0.170498 0.309616
v 8.387966 -0.088796 0.316660
v 8.378522 -0.028068 0.321926
v 8.761190 -0.028068 0.325736
v 8.761094 0.080244 0.335294
v 8.739804 0.102044 0.337004
v 8.752956 0.088826 0.335970
v 8.766126 0.075844 0.334956
v 8.779318 0.063088 0.333962
v 8.792546 0.050554 0.332986
v 8.805808 0.038234 0.332032
v 8.819114 0.026122 0.331096
v 8.832474 0.014210 0.330178
v 8.845890 0.002492 0.329278
v 8.859372 -0.009036 0.328394
v 8.872922 -0.020384 0.327528
v 8.901210 -0.043574 0.325764
v 8.921072 -0.021710 0.327890
v 8.929396 -0.013126 0.328730
v 8.939000 -0.003666 0.329662
v 8.949600 0.006420 0.330656
v 8.960930 0.016908 0.331696
v 8.972736 0.027580 0.332754
v 8.984764 0.038224 0.333814
v 8.996758 0.048632 0.334852
v 9.008472 0.058596 0.335848
v 9.019650 0.067904 0.336780
v 9.030030 0.076346 0.337628
v 9.059652 0.099736 0.339988
v 8.980374 0.159922 0.344508
v 8.923638 0.208322 0.348214
v 8.868680 0.260574 0.352278
v 8.815688 0.316412 0.356676
v 8.764856 0.375566 0.361390
v 8.716370 0.437764 0.366396
v 8.670418 0.502732 0.371670
v 8.627186 0.570200 0.377194
v 8.586858 0.639892 0.382942
v 8.549618 0.711534 0.388892
v 8.515648 0.784852 0.395024
v 8.478250 0.876418 0.402730
v 8.279132 0.821856 0.395932
v 9.587328 -0.235262 0.315684
v 9.587106 0.017754 0.338008
v 10.617056 0.017754 0.348266
v 10.617280 -0.235262 0.325942
v 9.586722 0.456052 0.376678
v 10.616672 0.456052 0.386938
v 10.616898 0.199050 0.364262
v 9.586948 0.199050 0.354004
v 9.587712 -0.669576 0.277364
v 9.587488 -0.414566 0.299864
v 10.617438 -0.414566 0.310122
v 10.617662 -0.669576 0.287622
v 10.019658 0.843954 0.415220
v 10.027798 0.822236 0.413384
v 10.036016 0.800404 0.411540
v 10.044302 0.778536 0.409692
v 10.052652 0.756706 0.407850
v 10.061056 0.734992 0.406016
v 10.069506 0.713466 0.404202
v 10.078004 0.692204 0.402410
v 10.086536 0.671280 0.400648
v 10.095102 0.650770 0.398924
v 10.103692 0.630744 0.397242
v 10.099888 0.639340 0.397964
v 9.388570 0.639340 0.390878
v 9.389970 -0.952476 0.250430
v 9.587960 -0.952476 0.252402
v 9.587870 -0.850870 0.261368
v 10.617820 -0.850870 0.271626
v 10.617918 -0.962438 0.261784
v 10.809908 -0.962438 0.263696
v 10.808500 0.639340 0.405022
v 10.296908 0.639340 0.399926
v 10.293974 0.648018 0.400662
v 10.286456 0.670928 0.402610
v 10.278978 0.694394 0.404606
v 10.271600 0.718236 0.406636
v 10.264390 0.742264 0.408684
v 10.257408 0.766300 0.410736
v 10.250722 0.790156 0.412774
v 10.244392 0.813650 0.414784
v 10.238482 0.836594 0.416750
v 10.233058 0.858802 0.418656
v 10.228180 0.880082 0.420484
v 10.220026 0.918616 0.423804
v 10.002880 0.888774 0.419008
v 9.587328 -0.235262 0.315684
v 9.592092 -0.193074 -0.162436
v 9.587106 0.017754 0.338008
v 9.591870 0.059944 -0.140112
v 10.617056 0.017754 0.348266
v 10.621820 0.059944 -0.129852
v 10.617280 -0.235262 0.325942
v 10.622042 -0.193074 -0.152176
v 9.586722 0.456052 0.376678
v 9.591484 0.498240 -0.101440
v 10.616672 0.456052 0.386938
v 10.621434 0.498240 -0.091180
v 10.616898 0.199050 0.364262
v 10.621660 0.241240 -0.113856
v 9.586948 0.199050 0.354004
v 9.591710 0.241240 -0.124116
v 9.587712 -0.669576 0.277364
v 9.592474 -0.627386 -0.200756
v 9.587488 -0.414566 0.299864
v 9.592250 -0.372376 -0.178256
v 10.617438 -0.414566 0.310122
v 10.622200 -0.372376 -0.167996
v 10.617662 -0.669576 0.287622
v 10.622424 -0.627386 -0.190496
v 10.019658 0.843954 0.415220
v 10.024420 0.886144 -0.062900
v 10.027798 0.822236 0.413384
v 10.032562 0.864424 -0.064734
v 10.036016 0.800404 0.411540
v 10.040780 0.842594 -0.066580
v 10.044302 0.778536 0.409692
v 10.049066 0.820726 -0.068426
v 10.052652 0.756706 0.407850
v 10.057414 0.798896 -0.070270
v 10.061056 0.734992 0.406016
v 10.065818 0.777182 -0.072102
v 10.069506 0.713466 0.404202
v 10.074270 0.755656 -0.073916
v 10.078004 0.692204 0.402410
v 10.082766 0.734394 -0.075708
v 10.086536 0.671280 0.400648
v 10.091298 0.713470 -0.077470
v 10.095102 0.650770 0.398924
v 10.099864 0.692958 -0.079194
v 10.103692 0.630744 0.397242
v 10.108454 0.672932 -0.080876
v 10.099888 0.639340 0.397964
v 10.104652 0.681528 -0.080156
v 9.388570 0.639340 0.390878
v 9.393334 0.681528 -0.087240
v 9.389970 -0.952476 0.250430
v 9.394732 -0.910286 -0.227688
v 9.587960 -0.952476 0.252402
v 9.592722 -0.910286 -0.225716
v 9.587870 -0.850870 0.261368
v 9.592634 -0.808682 -0.216752
v 10.617820 -0.850870 0.271626
v 10.622584 -0.808682 -0.206492
v 10.617918 -0.962438 0.261784
v 10.622680 -0.920248 -0.216336
v 10.809908 -0.962438 0.263696
v 10.814670 -0.920248 -0.214424
v 10.808500 0.639340 0.405022
v 10.813262 0.681528 -0.073096
v 10.296908 0.639340 0.399926
v 10.301670 0.681528 -0.078192
v 10.293974 0.648018 0.400662
v 10.298738 0.690206 -0.077456
v 10.286456 0.670928 0.402610
v 10.291218 0.713116 -0.075510
v 10.278978 0.694394 0.404606
v 10.283740 0.736584 -0.073514
v 10.271600 0.718236 0.406636
v 10.276364 0.760424 -0.071484
v 10.264390 0.742264 0.408684
v 10.269152 0.784454 -0.069434
v 10.257408 0.766300 0.410736
v 10.262170 0.808488 -0.067384
v 10.250722 0.790156 0.412774
v 10.255484 0.832346 -0.065344
v 10.244392 0.813650 0.414784
v 10.249154 0.855840 -0.063334
v 10.238482 0.836594 0.416750
v 10.243244 0.878784 -0.061368
v 10.233058 0.858802 0.418656
v 10.237820 0.900990 -0.059464
v 10.228180 0.880082 0.420484
v 10.232944 0.922270 -0.057634
v 10.220026 0.918616 0.423804
v 10.224790 0.960804 -0.054316
v 10.002880 0.888774 0.419008
v 10.007642 0.930964 -0.059112
v 7.190084 0.104096 0.321750
v 7.194846 0.146286 -0.156370
v 7.200032 0.095518 0.321092
v 7.204796 0.137708 -0.157026
v 7.210440 0.086106 0.320364
v 7.215202 0.128294 -0.157754
v 7.221142 0.076020 0.319582
v 7.225906 0.118210 -0.158538
v 7.231986 0.065420 0.318754
v 7.236748 0.107608 -0.159364
v 7.242816 0.054458 0.317894
v 7.247578 0.096648 -0.160224
v 7.253486 0.043290 0.317016
v 7.258248 0.085480 -0.161104
v 7.263848 0.032072 0.316128
v 7.268610 0.074260 -0.161990
v 7.273756 0.020958 0.315246
v 7.278518 0.063146 -0.162872
v 7.283056 0.010108 0.314382
v 7.287820 0.052298 -0.163736
v 7.291602 -0.000310 0.313548
v 7.296364 0.041878 -0.164570
v 7.312654 -0.027382 0.311368
v 7.317416 0.014806 -0.166750
v 7.382006 0.035100 0.317572
v 7.386770 0.077288 -0.160546
v 7.436428 0.088912 0.322864
v 7.441190 0.131102 -0.155256
v 7.491108 0.147514 0.328580
v 7.495872 0.189702 -0.149540
v 7.545632 0.210310 0.334664
v 7.550396 0.252500 -0.143456
v 7.599576 0.276706 0.341060
v 7.604340 0.318896 -0.137060
v 7.652512 0.346104 0.347710
v 7.657274 0.388294 -0.130408
v 7.704002 0.417906 0.354560
v 7.708766 0.460096 -0.123560
v 7.753618 0.491516 0.361548
v 7.758380 0.533706 -0.116570
v 7.800918 0.566336 0.368622
v 7.805680 0.608524 -0.109496
v 7.845466 0.641768 0.375722
v 7.850228 0.683956 -0.102396
v 7.886822 0.717220 0.382792
v 7.891586 0.759410 -0.095328
v 7.934098 0.811054 0.391542
v 7.938860 0.853244 -0.086576
v 7.758688 0.881938 0.396050
v 7.763450 0.924128 -0.082068
v 7.717352 0.797800 0.388214
v 7.722114 0.839990 -0.089904
v 7.679966 0.729834 0.381844
v 7.684728 0.772022 -0.096274
v 7.638652 0.661572 0.375410
v 7.643414 0.703760 -0.102710
v 7.593958 0.593682 0.368974
v 7.598720 0.635872 -0.109146
v 7.546432 0.526832 0.362602
v 7.551194 0.569022 -0.115518
v 7.496626 0.461680 0.356356
v 7.501388 0.503870 -0.121762
v 7.445090 0.398884 0.350302
v 7.449854 0.441074 -0.127816
v 7.392382 0.339104 0.344502
v 7.397146 0.381292 -0.133618
v 7.339060 0.282994 0.339020
v 7.343822 0.325182 -0.139100
v 7.285690 0.231216 0.333918
v 7.290452 0.273404 -0.144200
v 7.232852 0.184428 0.329264
v 7.237614 0.226618 -0.148854
v 7.161298 0.127514 0.323530
v 7.166060 0.169702 -0.154590
v 8.315188 0.737346 0.388834
v 8.319950 0.779536 -0.089284
v 8.344264 0.674542 0.383582
v 8.349026 0.716730 -0.094536
v 8.375086 0.612870 0.378448
v 8.379848 0.655058 -0.099672
v 8.407568 0.552434 0.373438
v 8.412330 0.594622 -0.104680
v 8.441620 0.493334 0.368562
v 8.446382 0.535524 -0.109556
v 8.477150 0.435676 0.363828
v 8.481912 0.477864 -0.114290
v 8.514072 0.379558 0.359244
v 8.518834 0.421748 -0.118874
v 8.552294 0.325086 0.354818
v 8.557056 0.367274 -0.123300
v 8.591730 0.272358 0.350558
v 8.596492 0.314548 -0.127560
v 8.632290 0.221480 0.346474
v 8.637054 0.263670 -0.131646
v 8.673892 0.172552 0.342570
v 8.678654 0.214742 -0.135548
v 8.686008 0.159204 0.341512
v 8.690770 0.201394 -0.136606
v 7.471070 0.159204 0.329412
v 7.475832 0.201394 -0.148708
v 7.471108 0.138214 0.327560
v 7.475870 0.180404 -0.150560
v 7.471118 0.135276 0.327300
v 7.475882 0.177466 -0.150818
v 7.471146 0.130756 0.326902
v 7.475908 0.172944 -0.151218
v 7.471194 0.124938 0.326388
v 7.475956 0.167126 -0.151730
v 7.471270 0.118114 0.325788
v 7.476034 0.160302 -0.152332
v 7.471384 0.110568 0.325122
v 7.476146 0.152756 -0.152996
v 7.471540 0.102586 0.324420
v 7.476302 0.144776 -0.153698
v 7.471746 0.094450 0.323704
v 7.476508 0.136638 -0.154414
v 7.472010 0.086432 0.323000
v 7.476772 0.128622 -0.155120
v 7.472342 0.078798 0.322328
v 7.477104 0.120988 -0.155790
v 7.472752 0.071774 0.321712
v 7.477516 0.113962 -0.156406
v 7.473212 0.066240 0.321230
v 7.477974 0.108428 -0.156890
v 7.480770 -0.078546 0.308528
v 7.485534 -0.036358 -0.169590
v 7.488336 -0.208518 0.297136
v 7.493100 -0.166328 -0.180984
v 7.496064 -0.324160 0.287008
v 7.500826 -0.281970 -0.191110
v 7.504118 -0.426308 0.278074
v 7.508882 -0.384120 -0.200044
v 7.512678 -0.515810 0.270262
v 7.517442 -0.473622 -0.207856
v 7.521922 -0.593522 0.263498
v 7.526684 -0.551334 -0.214622
v 7.532036 -0.660318 0.257704
v 7.536800 -0.618130 -0.220414
v 7.543234 -0.717098 0.252806
v 7.547998 -0.674908 -0.225314
v 7.555764 -0.764786 0.248722
v 7.560526 -0.722596 -0.229396
v 7.569946 -0.804324 0.245374
v 7.574708 -0.762136 -0.232744
v 7.586210 -0.836610 0.242688
v 7.590974 -0.794422 -0.235432
v 7.604428 -0.861450 0.240678
v 7.609192 -0.819260 -0.237442
v 7.616218 -0.874478 0.239644
v 7.620980 -0.832290 -0.238474
v 7.628162 -0.885862 0.238760
v 7.632924 -0.843674 -0.239360
v 7.640552 -0.895916 0.237996
v 7.645316 -0.853726 -0.240122
v 7.653416 -0.904680 0.237350
v 7.658180 -0.862492 -0.240768
v 7.666758 -0.912212 0.236818
v 7.671520 -0.870022 -0.241300
v 7.680572 -0.918580 0.236394
v 7.685334 -0.876392 -0.241724
v 7.694856 -0.923880 0.236070
v 7.699618 -0.881690 -0.242050
v 7.709618 -0.928220 0.235834
v 7.714380 -0.886030 -0.242286
v 7.724886 -0.931724 0.235676
v 7.729648 -0.889534 -0.242442
v 7.740706 -0.934516 0.235588
v 7.745470 -0.892326 -0.242532
v 7.757140 -0.936718 0.235556
v 7.761902 -0.894530 -0.242562
v 7.774292 -0.938456 0.235574
v 7.779054 -0.896266 -0.242544
v 7.792900 -0.939822 0.235638
v 7.797662 -0.897634 -0.242480
v 7.813496 -0.940848 0.235754
v 7.818258 -0.898660 -0.242364
v 7.835912 -0.941544 0.235916
v 7.840674 -0.899356 -0.242204
v 7.859998 -0.941924 0.236122
v 7.864760 -0.899734 -0.241996
v 7.885600 -0.941994 0.236370
v 7.890364 -0.899806 -0.241748
v 7.912556 -0.941766 0.236660
v 7.917318 -0.899578 -0.241460
v 7.940696 -0.941244 0.236986
v 7.945458 -0.899056 -0.241132
v 7.969854 -0.940438 0.237348
v 7.974618 -0.898250 -0.240772
v 7.999864 -0.939354 0.237742
v 8.004626 -0.897166 -0.240376
v 8.030552 -0.938000 0.238168
v 8.035316 -0.895810 -0.239952
v 8.061750 -0.936382 0.238620
v 8.066514 -0.894192 -0.239498
v 8.110000 -0.933512 0.239354
v 8.114764 -0.891322 -0.238764
v 8.113108 -0.905910 0.241820
v 8.117872 -0.863722 -0.236298
v 8.114842 -0.894630 0.242834
v 8.119606 -0.852440 -0.235284
v 8.117114 -0.882748 0.243904
v 8.121876 -0.840560 -0.234214
v 8.119910 -0.870440 0.245018
v 8.124672 -0.828250 -0.233100
v 8.123210 -0.857870 0.246160
v 8.127972 -0.815682 -0.231958
v 8.127000 -0.845206 0.247316
v 8.131762 -0.803018 -0.230802
v 8.131258 -0.832606 0.248470
v 8.136020 -0.790418 -0.229648
v 8.135954 -0.820236 0.249608
v 8.140718 -0.778046 -0.228510
v 8.141068 -0.808254 0.250716
v 8.145832 -0.766064 -0.227402
v 8.146562 -0.796824 0.251780
v 8.151324 -0.754636 -0.226338
v 8.152394 -0.786114 0.252784
v 8.157156 -0.743924 -0.225336
v 8.179864 -0.741980 0.256952
v 8.184626 -0.699790 -0.221168
v 8.107952 -0.748088 0.255696
v 8.112714 -0.705900 -0.222422
v 8.076366 -0.750360 0.255180
v 8.081130 -0.708172 -0.222938
v 8.045508 -0.752222 0.254708
v 8.050270 -0.710032 -0.223410
v 8.015624 -0.753712 0.254280
v 8.020386 -0.711524 -0.223838
v 7.986970 -0.754874 0.253892
v 7.991732 -0.712686 -0.224226
v 7.959798 -0.755748 0.253544
v 7.964562 -0.713560 -0.224574
v 7.934360 -0.756374 0.253236
v 7.939124 -0.714186 -0.224884
v 7.910904 -0.756794 0.252964
v 7.915668 -0.714604 -0.225154
v 7.889682 -0.757048 0.252730
v 7.894444 -0.714860 -0.225388
v 7.870940 -0.757180 0.252532
v 7.875704 -0.714990 -0.225586
v 7.854922 -0.757228 0.252368
v 7.859686 -0.715038 -0.225750
v 7.841960 -0.757234 0.252240
v 7.846722 -0.715046 -0.225880
v 7.832150 -0.757148 0.252150
v 7.836912 -0.714958 -0.225970
v 7.823252 -0.756866 0.252086
v 7.828014 -0.714678 -0.226034
v 7.815180 -0.756364 0.252050
v 7.819942 -0.714176 -0.226070
v 7.807904 -0.755620 0.252042
v 7.812666 -0.713430 -0.226076
v 7.801390 -0.754620 0.252066
v 7.806154 -0.712432 -0.226052
v 7.795592 -0.753362 0.252118
v 7.800354 -0.711174 -0.226000
v 7.790432 -0.751844 0.252202
v 7.795194 -0.709656 -0.225918
v 7.785810 -0.750058 0.252314
v 7.790572 -0.707868 -0.225806
v 7.781594 -0.747972 0.252456
v 7.786356 -0.705784 -0.225664
v 7.777640 -0.745524 0.252632
v 7.782402 -0.703334 -0.225486
v 7.773812 -0.742616 0.252850
v 7.778574 -0.700426 -0.225268
v 7.770746 -0.739814 0.253066
v 7.775510 -0.697626 -0.225052
v 7.760846 -0.726704 0.254126
v 7.765610 -0.684514 -0.223994
v 7.750890 -0.706856 0.255778
v 7.755652 -0.664666 -0.222342
v 7.741004 -0.679144 0.258124
v 7.745768 -0.636954 -0.219994
v 7.731496 -0.643234 0.261198
v 7.736258 -0.601046 -0.216920
v 7.722484 -0.598752 0.265034
v 7.727246 -0.556564 -0.213086
v 7.714002 -0.545266 0.269668
v 7.718766 -0.503078 -0.208450
v 7.706050 -0.482300 0.275146
v 7.710814 -0.440112 -0.202974
v 7.698606 -0.409356 0.281508
v 7.703368 -0.367166 -0.196610
v 7.691636 -0.325912 0.288802
v 7.696398 -0.283722 -0.189316
v 7.685104 -0.231440 0.297072
v 7.689868 -0.189252 -0.181046
v 7.678974 -0.125406 0.306368
v 7.683738 -0.083216 -0.171750
v 7.674222 -0.028068 0.314910
v 7.678984 0.014122 -0.163208
v 8.180090 -0.028068 0.319948
v 8.184854 0.014122 -0.158170
v 8.192896 -0.109494 0.312892
v 8.197660 -0.067304 -0.165228
v 8.212780 -0.206438 0.304534
v 8.217544 -0.164248 -0.173584
v 8.238122 -0.301208 0.296424
v 8.242884 -0.259020 -0.181694
v 8.270010 -0.393294 0.288616
v 8.274774 -0.351104 -0.189502
v 8.309540 -0.482158 0.281170
v 8.314302 -0.439968 -0.196950
v 8.357790 -0.567236 0.274142
v 8.362554 -0.525046 -0.203976
v 8.415826 -0.647936 0.267600
v 8.420588 -0.605748 -0.210518
v 8.484658 -0.723652 0.261604
v 8.489420 -0.681464 -0.216514
v 8.565264 -0.793786 0.256218
v 8.570028 -0.751596 -0.221900
v 8.658594 -0.857770 0.251502
v 8.663356 -0.815582 -0.226616
v 8.765584 -0.915088 0.247510
v 8.770346 -0.872898 -0.230608
v 8.903574 -0.972008 0.243862
v 8.908336 -0.929820 -0.234256
v 8.916660 -0.945872 0.246298
v 8.921422 -0.903684 -0.231820
v 8.922096 -0.935928 0.247230
v 8.926858 -0.893740 -0.230888
v 8.928282 -0.925384 0.248222
v 8.933044 -0.883194 -0.229896
v 8.935108 -0.914434 0.249256
v 8.939870 -0.872244 -0.228862
v 8.942466 -0.903260 0.250316
v 8.947230 -0.861070 -0.227802
v 8.950248 -0.892038 0.251384
v 8.955012 -0.849850 -0.226734
v 8.958348 -0.880946 0.252444
v 8.963110 -0.838756 -0.225676
v 8.966654 -0.870154 0.253478
v 8.971418 -0.827964 -0.224640
v 8.975054 -0.859838 0.254472
v 8.979818 -0.817648 -0.223646
v 8.983430 -0.850174 0.255408
v 8.988194 -0.807984 -0.222710
v 8.991652 -0.841342 0.256270
v 8.996414 -0.799152 -0.221850
v 9.022024 -0.811390 0.259214
v 9.026786 -0.769200 -0.218904
v 8.882792 -0.758602 0.262486
v 8.887554 -0.716412 -0.215632
v 8.787678 -0.711174 0.265724
v 8.792442 -0.668986 -0.212394
v 8.705674 -0.658288 0.269574
v 8.710436 -0.616098 -0.208544
v 8.635630 -0.600414 0.273982
v 8.640392 -0.558226 -0.204136
v 8.576392 -0.537978 0.278902
v 8.581154 -0.495790 -0.199216
v 8.526838 -0.471356 0.284286
v 8.531600 -0.429168 -0.193832
v 8.485892 -0.400908 0.290096
v 8.490654 -0.358720 -0.188024
v 8.452522 -0.327008 0.296284
v 8.457284 -0.284818 -0.181834
v 8.425734 -0.250058 0.302808
v 8.430496 -0.207870 -0.175312
v 8.404542 -0.170498 0.309616
v 8.409306 -0.128310 -0.168502
v 8.387966 -0.088796 0.316660
v 8.392728 -0.046606 -0.161458
v 8.378522 -0.028068 0.321926
v 8.383286 0.014122 -0.156194
v 8.761190 -0.028068 0.325736
v 8.765952 0.014122 -0.152382
v 8.761094 0.080244 0.335294
v 8.765856 0.122432 -0.142826
v 8.739804 0.102044 0.337004
v 8.744566 0.144232 -0.141114
v 8.752956 0.088826 0.335970
v 8.757720 0.131016 -0.142148
v 8.766126 0.075844 0.334956
v 8.770888 0.118034 -0.143164
v 8.779318 0.063088 0.333962
v 8.784082 0.105278 -0.144158
v 8.792546 0.050554 0.332986
v 8.797308 0.092744 -0.145132
v 8.805808 0.038234 0.332032
v 8.810570 0.080422 -0.146086
v 8.819114 0.026122 0.331096
v 8.823878 0.068310 -0.147022
v 8.832474 0.014210 0.330178
v 8.837238 0.056398 -0.147940
v 8.845890 0.002492 0.329278
v 8.850654 0.044682 -0.148842
v 8.859372 -0.009036 0.328394
v 8.864134 0.033152 -0.149724
v 8.872922 -0.020384 0.327528
v 8.877684 0.021804 -0.150590
v 8.901210 -0.043574 0.325764
v 8.905972 -0.001386 -0.152356
v 8.921072 -0.021710 0.327890
v 8.925836 0.020478 -0.150228
v 8.929396 -0.013126 0.328730
v 8.934160 0.029062 -0.149388
v 8.939000 -0.003666 0.329662
v 8.943762 0.038522 -0.148458
v 8.949600 0.006420 0.330656
v 8.954362 0.048610 -0.147462
v 8.960930 0.016908 0.331696
v 8.965694 0.059098 -0.146424
v 8.972736 0.027580 0.332754
v 8.977498 0.069768 -0.145364
v 8.984764 0.038224 0.333814
v 8.989526 0.080412 -0.144306
v 8.996758 0.048632 0.334852
v 9.001522 0.090820 -0.143268
v 9.008472 0.058596 0.335848
v 9.013234 0.100784 -0.142272
v 9.019650 0.067904 0.336780
v 9.024412 0.110094 -0.141338
v 9.030030 0.076346 0.337628
v 9.034792 0.118536 -0.140490
v 9.059652 0.099736 0.339988
v 9.064414 0.141924 -0.138132
v 8.980374 0.159922 0.344508
v 8.985136 0.202112 -0.133610
v 8.923638 0.208322 0.348214
v 8.928400 0.250510 -0.129904
v 8.868680 0.260574 0.352278
v 8.873442 0.302764 -0.125842
v 8.815688 0.316412 0.356676
v 8.820450 0.358602 -0.121442
v 8.764856 0.375566 0.361390
v 8.769618 0.417756 -0.116728
v 8.716370 0.437764 0.366396
v 8.721134 0.479952 -0.111724
v 8.670418 0.502732 0.371670
v 8.675180 0.544922 -0.106448
v 8.627186 0.570200 0.377194
v 8.631948 0.612388 -0.100926
v 8.586858 0.639892 0.382942
v 8.591620 0.682080 -0.095178
v 8.549618 0.711534 0.388892
v 8.554380 0.753724 -0.089226
v 8.515648 0.784852 0.395024
v 8.520412 0.827042 -0.083096
v 8.478250 0.876418 0.402730
v 8.483014 0.918606 -0.075388
v 8.279132 0.821856 0.395932
v 8.283894 0.864046 -0.082186
v 5.550794 0.004292 0.296614
v 5.555556 0.046482 -0.181504
v 5.580480 -0.007110 0.295904
v 5.585242 0.035078 -0.182216
v 5.611276 -0.019162 0.295146
v 5.616038 0.023028 -0.182972
v 5.643112 -0.031854 0.294344
v 5.647876 0.010334 -0.183774
v 5.675920 -0.045182 0.293494
v 5.680682 -0.002994 -0.184624
v 5.709628 -0.059138 0.292600
v 5.714390 -0.016948 -0.185520
v 5.744166 -0.073714 0.291656
v 5.748928 -0.031524 -0.186462
v 5.779466 -0.088902 0.290668
v 5.784228 -0.046714 -0.187450
v 5.815456 -0.104698 0.289634
v 5.820220 -0.062508 -0.188486
v 5.852068 -0.121090 0.288552
v 5.856832 -0.078902 -0.189568
v 5.889234 -0.138076 0.287422
v 5.893996 -0.095888 -0.190696
v 5.915238 -0.150214 0.286610
v 5.920000 -0.108024 -0.191508
v 5.909466 -0.540078 0.252152
v 5.914228 -0.497890 -0.225966
v 6.104726 -0.540078 0.254096
v 6.109488 -0.497890 -0.224022
v 6.102758 -0.498844 0.257716
v 6.107522 -0.456656 -0.220404
v 6.101870 -0.476634 0.259666
v 6.106632 -0.434444 -0.218452
v 6.101060 -0.452778 0.261764
v 6.105824 -0.410590 -0.216356
v 6.100332 -0.427556 0.263982
v 6.105094 -0.385368 -0.214136
v 6.099686 -0.401242 0.266298
v 6.104448 -0.359054 -0.211822
v 6.099122 -0.374110 0.268686
v 6.103884 -0.331922 -0.209432
v 6.098640 -0.346432 0.271124
v 6.103402 -0.304244 -0.206996
v 6.098242 -0.318480 0.273586
v 6.103004 -0.276290 -0.204532
v 6.097926 -0.290526 0.276050
v 6.102688 -0.248336 -0.202070
v 6.097694 -0.262840 0.278490
v 6.102456 -0.220652 -0.199628
v 6.097546 -0.235696 0.280884
v 6.102308 -0.193506 -0.197234
v 6.097564 -0.242936 0.280246
v 6.102326 -0.200746 -0.197874
v 6.112956 -0.251286 0.279662
v 6.117718 -0.209098 -0.198458
v 6.155064 -0.275904 0.277908
v 6.159828 -0.233716 -0.200210
v 6.194216 -0.300876 0.276096
v 6.198978 -0.258688 -0.202024
v 6.230140 -0.326230 0.274216
v 6.234902 -0.284042 -0.203902
v 6.262570 -0.351986 0.272266
v 6.267332 -0.309796 -0.205852
v 6.291248 -0.378144 0.270244
v 6.296010 -0.335956 -0.207876
v 6.315934 -0.404700 0.268146
v 6.320696 -0.362512 -0.209972
v 6.336416 -0.431634 0.265974
v 6.341178 -0.389446 -0.212146
v 6.352534 -0.458944 0.263724
v 6.357296 -0.416754 -0.214394
v 6.364178 -0.486672 0.261394
v 6.368942 -0.444484 -0.216726
v 6.371270 -0.514962 0.258968
v 6.376032 -0.472772 -0.219150
v 6.373690 -0.544006 0.256430
v 6.378452 -0.501816 -0.221690
v 6.370856 -0.576472 0.253536
v 6.375618 -0.534284 -0.224582
v 6.362798 -0.603410 0.251078
v 6.367560 -0.561222 -0.227040
v 6.350012 -0.625768 0.248978
v 6.354774 -0.583578 -0.229140
v 6.332528 -0.644548 0.247148
v 6.337292 -0.602358 -0.230972
v 6.310116 -0.660368 0.245528
v 6.314878 -0.618178 -0.232590
v 6.282692 -0.673446 0.244100
v 6.287454 -0.631258 -0.234018
v 6.250464 -0.683874 0.242860
v 6.255226 -0.641684 -0.235258
v 6.213812 -0.691782 0.241796
v 6.218574 -0.649592 -0.236322
v 6.173184 -0.697392 0.240898
v 6.177948 -0.655202 -0.237222
v 6.129034 -0.700986 0.240140
v 6.133798 -0.658796 -0.237978
v 6.081796 -0.702888 0.239502
v 6.086560 -0.660698 -0.238616
v 6.031898 -0.703442 0.238956
v 6.036662 -0.661254 -0.239162
v 5.992118 -0.703076 0.238592
v 5.996882 -0.660886 -0.239526
v 5.950202 -0.701988 0.238270
v 5.954966 -0.659798 -0.239848
v 5.906506 -0.700198 0.237994
v 5.911268 -0.658008 -0.240126
v 5.861372 -0.697726 0.237762
v 5.866134 -0.655536 -0.240356
v 5.815140 -0.694592 0.237578
v 5.819902 -0.652402 -0.240540
v 5.768150 -0.690818 0.237442
v 5.772912 -0.648628 -0.240676
v 5.720742 -0.686424 0.237358
v 5.725504 -0.644234 -0.240760
v 5.673254 -0.681430 0.237326
v 5.678016 -0.639242 -0.240792
v 5.626022 -0.675862 0.237346
v 5.630784 -0.633672 -0.240772
v 5.579388 -0.669736 0.237422
v 5.584150 -0.627548 -0.240696
v 5.533690 -0.663080 0.237554
v 5.538452 -0.620890 -0.240564
v 5.465304 -0.652046 0.237848
v 5.470068 -0.609858 -0.240272
v 5.470514 -0.852580 0.220204
v 5.475276 -0.810392 -0.257914
v 5.527118 -0.859608 0.220148
v 5.531880 -0.817420 -0.257970
v 5.569248 -0.864316 0.220152
v 5.574010 -0.822128 -0.257966
v 5.613452 -0.868772 0.220200
v 5.618214 -0.826584 -0.257920
v 5.659330 -0.872934 0.220288
v 5.664092 -0.830744 -0.257830
v 5.706476 -0.876760 0.220420
v 5.711240 -0.834572 -0.257698
v 5.754490 -0.880212 0.220594
v 5.759252 -0.838022 -0.257524
v 5.802964 -0.883246 0.220810
v 5.807726 -0.841058 -0.257308
v 5.851494 -0.885824 0.221066
v 5.856256 -0.843634 -0.257052
v 5.899674 -0.887900 0.221362
v 5.904436 -0.845712 -0.256756
v 5.947100 -0.889436 0.221700
v 5.951862 -0.847248 -0.256420
v 5.993372 -0.890390 0.222076
v 5.998134 -0.848200 -0.256042
v 6.038202 -0.890718 0.222494
v 6.042966 -0.848528 -0.255624
v 6.109150 -0.889348 0.223322
v 6.113914 -0.847158 -0.254798
v 6.177456 -0.884938 0.224390
v 6.182220 -0.842748 -0.253728
v 6.242468 -0.877036 0.225736
v 6.247232 -0.834846 -0.252382
v 6.303634 -0.865164 0.227392
v 6.308396 -0.822976 -0.250726
v 6.360404 -0.848810 0.229402
v 6.365168 -0.806620 -0.248718
v 6.412200 -0.827404 0.231806
v 6.416964 -0.785216 -0.246312
v 6.458366 -0.800342 0.234654
v 6.463128 -0.758154 -0.243466
v 6.498088 -0.767030 0.237988
v 6.502852 -0.724840 -0.240130
v 6.530392 -0.727022 0.241840
v 6.535154 -0.684834 -0.236278
v 6.554266 -0.680162 0.246214
v 6.559030 -0.637972 -0.231906
v 6.568914 -0.626498 0.251094
v 6.573678 -0.584308 -0.227024
v 6.573838 -0.565954 0.256486
v 6.578602 -0.523766 -0.221632
v 6.568688 -0.505644 0.261756
v 6.573450 -0.463454 -0.216362
v 6.553918 -0.448922 0.266614
v 6.558682 -0.406732 -0.211504
v 6.530524 -0.395830 0.271066
v 6.535286 -0.353640 -0.207052
v 6.499546 -0.346262 0.275132
v 6.504308 -0.304074 -0.202986
v 6.462006 -0.299996 0.278840
v 6.466768 -0.257808 -0.199278
v 6.418858 -0.256742 0.282228
v 6.423620 -0.214554 -0.195892
v 6.371000 -0.216194 0.285328
v 6.375762 -0.174006 -0.192790
v 6.319286 -0.178058 0.288178
v 6.324050 -0.135868 -0.189940
v 6.264560 -0.142052 0.290810
v 6.269322 -0.099864 -0.187308
v 6.207650 -0.107918 0.293256
v 6.212414 -0.065728 -0.184864
v 6.149388 -0.075406 0.295544
v 6.154150 -0.033218 -0.182574
v 6.105152 -0.051984 0.297170
v 6.109916 -0.009794 -0.180948
v 6.106226 -0.048354 0.297502
v 6.110990 -0.006164 -0.180618
v 6.113296 -0.032228 0.298994
v 6.118058 0.009962 -0.179124
v 6.121948 -0.017950 0.300340
v 6.126710 0.024238 -0.177778
v 6.132108 -0.005374 0.301552
v 6.136870 0.036814 -0.176568
v 6.143740 0.005626 0.302638
v 6.148502 0.047814 -0.175480
v 6.156826 0.015134 0.303608
v 6.161588 0.057324 -0.174512
v 6.171350 0.023196 0.304464
v 6.176112 0.065384 -0.173656
v 6.187272 0.029814 0.305206
v 6.192034 0.072004 -0.172912
v 6.204526 0.034982 0.305834
v 6.209288 0.077172 -0.172284
v 6.223020 0.038684 0.306344
v 6.227782 0.080874 -0.171774
v 6.242640 0.040908 0.306736
v 6.247404 0.083098 -0.171382
v 6.263210 0.041648 0.307006
v 6.267972 0.083836 -0.171112
v 6.293192 0.040446 0.307200
v 6.297956 0.082634 -0.170920
v 6.323168 0.036922 0.307186
v 6.327930 0.079110 -0.170932
v 6.353054 0.031192 0.306978
v 6.357816 0.073382 -0.171140
v 6.382704 0.023378 0.306584
v 6.387466 0.065568 -0.171534
v 6.411974 0.013606 0.306014
v 6.416738 0.055794 -0.172104
v 6.440716 0.002004 0.305276
v 6.445478 0.044192 -0.172842
v 6.468778 -0.011298 0.304382
v 6.473542 0.030892 -0.173736
v 6.496012 -0.026160 0.303342
v 6.500776 0.016028 -0.174776
v 6.522270 -0.042446 0.302166
v 6.527032 -0.000256 -0.175952
v 6.547404 -0.060014 0.300866
v 6.552166 -0.017826 -0.177252
v 6.571262 -0.078720 0.299454
v 6.576026 -0.036532 -0.178664
v 6.593808 -0.098510 0.297932
v 6.598570 -0.056320 -0.180186
v 6.607768 -0.111870 0.296892
v 6.612530 -0.069680 -0.181226
v 6.621844 -0.126132 0.295774
v 6.626606 -0.083944 -0.182344
v 6.636004 -0.141186 0.294586
v 6.640766 -0.098996 -0.183532
v 6.650290 -0.156980 0.293336
v 6.655054 -0.114792 -0.184784
v 6.664746 -0.173466 0.292024
v 6.669508 -0.131278 -0.186094
v 6.679408 -0.190594 0.290660
v 6.684170 -0.148404 -0.187460
v 6.694324 -0.208310 0.289244
v 6.699088 -0.166122 -0.188874
v 6.709540 -0.226566 0.287786
v 6.714302 -0.184378 -0.190334
v 6.725098 -0.245310 0.286286
v 6.729860 -0.203122 -0.191832
v 6.741046 -0.264490 0.284752
v 6.745808 -0.222302 -0.193366
v 6.757430 -0.284056 0.283190
v 6.762192 -0.241866 -0.194930
v 6.786316 -0.318136 0.280470
v 6.791080 -0.275948 -0.197648
v 6.956088 -0.193702 0.293142
v 6.960850 -0.151512 -0.184978
v 6.879076 -0.117520 0.299096
v 6.883838 -0.075330 -0.179022
v 6.823536 -0.059540 0.303660
v 6.828300 -0.017352 -0.174460
v 6.772500 -0.003204 0.308122
v 6.777264 0.038986 -0.169996
v 6.725756 0.051470 0.312480
v 6.730518 0.093660 -0.165638
v 6.683092 0.104460 0.316732
v 6.687856 0.146650 -0.161388
v 6.644300 0.155748 0.320870
v 6.649062 0.197938 -0.157248
v 6.609166 0.205312 0.324894
v 6.613928 0.247502 -0.153224
v 6.577482 0.253136 0.328798
v 6.582244 0.295326 -0.149320
v 6.549034 0.299200 0.332580
v 6.553796 0.341390 -0.145538
v 6.523612 0.343488 0.336234
v 6.528376 0.385676 -0.141884
v 6.501008 0.385980 0.339760
v 6.505772 0.428170 -0.138360
v 6.494964 0.398276 0.340784
v 6.499728 0.440466 -0.137334
v 6.550962 0.398276 0.341342
v 6.555724 0.440466 -0.136776
v 6.573482 0.398360 0.341574
v 6.578246 0.440548 -0.136546
v 6.597706 0.398610 0.341836
v 6.602468 0.440800 -0.136282
v 6.623364 0.399026 0.342128
v 6.628126 0.441216 -0.135990
v 6.650220 0.399610 0.342448
v 6.654984 0.441800 -0.135670
v 6.678048 0.400360 0.342792
v 6.682810 0.442550 -0.135328
v 6.706610 0.401276 0.343156
v 6.711372 0.443466 -0.134962
v 6.735672 0.402360 0.343542
v 6.740436 0.444548 -0.134576
v 6.765004 0.403610 0.343944
v 6.769768 0.445798 -0.134174
v 6.794372 0.405026 0.344362
v 6.799134 0.447216 -0.133756
v 6.823540 0.406610 0.344792
v 6.828302 0.448800 -0.133326
v 6.852276 0.408362 0.345232
v 6.857040 0.450552 -0.132886
v 6.898896 0.411550 0.345978
v 6.903658 0.453740 -0.132140
v 6.898728 0.602122 0.362792
v 6.903490 0.644312 -0.115326
v 6.849246 0.595998 0.361760
v 6.854008 0.638188 -0.116358
v 6.821216 0.592922 0.361210
v 6.825978 0.635112 -0.116910
v 6.792308 0.590102 0.360672
v 6.797072 0.632292 -0.117446
v 6.762818 0.587548 0.360154
v 6.767580 0.629738 -0.117966
v 6.733034 0.585268 0.359656
v 6.737798 0.627456 -0.118464
v 6.703250 0.583268 0.359182
v 6.708012 0.625458 -0.118936
v 6.673752 0.581558 0.358738
v 6.678516 0.623746 -0.119382
v 6.644834 0.580142 0.358324
v 6.649596 0.622332 -0.119794
v 6.616784 0.579030 0.357946
v 6.621546 0.621220 -0.120172
v 6.589894 0.578228 0.357608
v 6.594656 0.620418 -0.120510
v 6.564458 0.577744 0.357312
v 6.569220 0.619932 -0.120806
v 6.540850 0.577580 0.357062
v 6.545612 0.619770 -0.121056
v 6.423512 0.579352 0.356050
v 6.428276 0.621540 -0.122068
v 6.421110 0.586934 0.356696
v 6.425874 0.629122 -0.121424
v 6.414844 0.608148 0.358504
v 6.419606 0.650336 -0.119614
v 6.409012 0.629390 0.360320
v 6.413774 0.671578 -0.117798
v 6.403632 0.650586 0.362138
v 6.408396 0.692774 -0.115980
v 6.398718 0.671664 0.363948
v 6.403482 0.713854 -0.114170
v 6.394286 0.692554 0.365748
v 6.399048 0.734742 -0.112370
v 6.390348 0.713180 0.367528
v 6.395110 0.755368 -0.110590
v 6.386918 0.733468 0.369284
v 6.391680 0.775656 -0.108834
v 6.384010 0.753344 0.371010
v 6.388772 0.795534 -0.107108
v 6.381636 0.772736 0.372698
v 6.386400 0.814924 -0.105422
v 6.379810 0.791564 0.374340
v 6.384574 0.833752 -0.103778
v 6.377116 0.830256 0.377728
v 6.381878 0.872444 -0.100390
v 6.170558 0.812688 0.374120
v 6.175322 0.854878 -0.103998
v 6.178098 0.775466 0.370910
v 6.182860 0.817656 -0.107208
v 6.181418 0.759334 0.369520
v 6.186182 0.801522 -0.108598
v 6.184982 0.742436 0.368064
v 6.189746 0.784624 -0.110054
v 6.188826 0.724784 0.366546
v 6.193588 0.766972 -0.111574
v 6.192982 0.706386 0.364964
v 6.197744 0.748576 -0.113156
v 6.197484 0.687256 0.363320
v 6.202248 0.729444 -0.114798
v 6.202370 0.667400 0.361616
v 6.207132 0.709590 -0.116502
v 6.207672 0.646830 0.359854
v 6.212436 0.689020 -0.118264
v 6.213426 0.625554 0.358034
v 6.218188 0.667742 -0.120084
v 6.219668 0.603580 0.356158
v 6.224430 0.645768 -0.121962
v 6.226428 0.580918 0.354226
v 6.231192 0.623106 -0.123894
v 6.225144 0.585018 0.354574
v 6.229906 0.627206 -0.123544
v 6.202616 0.586186 0.354452
v 6.207378 0.628376 -0.123666
v 6.151056 0.589200 0.354206
v 6.155818 0.631388 -0.123914
v 6.099230 0.592598 0.353988
v 6.103992 0.634786 -0.124130
v 6.047292 0.596410 0.353808
v 6.052056 0.638598 -0.124310
v 5.995398 0.600660 0.353666
v 6.000160 0.642850 -0.124452
v 5.943698 0.605378 0.353568
v 5.948462 0.647568 -0.124552
v 5.892352 0.610592 0.353516
v 5.897114 0.652780 -0.124602
v 5.841510 0.616326 0.353516
v 5.846272 0.658514 -0.124604
v 5.791330 0.622606 0.353570
v 5.796092 0.664796 -0.124548
v 5.741968 0.629462 0.353684
v 5.746730 0.671652 -0.124436
v 5.693578 0.636918 0.353858
v 5.698340 0.679106 -0.124260
v 5.622426 0.649084 0.354224
v 5.627190 0.691272 -0.123894
v 5.625146 0.460808 0.337638
v 5.629908 0.502996 -0.140482
v 5.692582 0.450602 0.337408
v 5.697344 0.492792 -0.140710
v 5.745204 0.443556 0.337310
v 5.749966 0.485744 -0.140808
v 5.799314 0.437126 0.337282
v 5.804076 0.479314 -0.140836
v 5.854640 0.431284 0.337318
v 5.859404 0.473474 -0.140800
v 5.910912 0.426002 0.337412
v 5.915676 0.468190 -0.140706
v 5.967856 0.421250 0.337560
v 5.972618 0.463438 -0.140558
v 6.025196 0.416998 0.337756
v 6.029958 0.459186 -0.140362
v 6.082656 0.413220 0.337996
v 6.087418 0.455408 -0.140124
v 6.139962 0.409886 0.338272
v 6.144724 0.452076 -0.139846
v 6.196838 0.406970 0.338582
v 6.201602 0.449158 -0.139538
v 6.253010 0.404442 0.338918
v 6.257772 0.446630 -0.139200
v 6.295738 0.402764 0.339196
v 6.300500 0.444952 -0.138924
v 6.302674 0.387324 0.337902
v 6.307438 0.429512 -0.140216
v 6.315548 0.360194 0.335636
v 6.320310 0.402382 -0.142482
v 6.329128 0.332972 0.333370
v 6.333890 0.375160 -0.144750
v 6.343356 0.305762 0.331110
v 6.348120 0.347950 -0.147008
v 6.358170 0.278672 0.328868
v 6.362934 0.320860 -0.149252
v 6.373510 0.251808 0.326650
v 6.378274 0.293996 -0.151468
v 6.389316 0.225278 0.324466
v 6.394078 0.267466 -0.153652
v 6.405528 0.199186 0.322326
v 6.410290 0.241376 -0.155794
v 6.422082 0.173644 0.320236
v 6.426846 0.215834 -0.157882
v 6.438924 0.148756 0.318208
v 6.443686 0.190944 -0.159910
v 6.455994 0.124628 0.316248
v 6.460756 0.166818 -0.161870
v 6.415580 0.179154 0.320658
v 6.420342 0.221342 -0.157460
v 6.478878 0.142410 0.318046
v 6.483642 0.184600 -0.160072
v 6.456576 0.153516 0.318804
v 6.461338 0.195704 -0.159314
v 6.433192 0.163564 0.319458
v 6.437954 0.205752 -0.158662
v 6.408952 0.172570 0.320010
v 6.413714 0.214758 -0.158108
v 6.384078 0.180542 0.320466
v 6.388840 0.222732 -0.157652
v 6.358796 0.187484 0.320828
v 6.363558 0.229672 -0.157292
v 6.333332 0.193388 0.321094
v 6.338094 0.235576 -0.157024
v 6.307910 0.198250 0.321270
v 6.312672 0.240438 -0.156848
v 6.282754 0.202058 0.321356
v 6.287518 0.244248 -0.156762
v 6.258090 0.204802 0.321352
v 6.262854 0.246992 -0.156766
v 6.234132 0.206466 0.321260
v 6.238896 0.248654 -0.156858
v 6.210938 0.207030 0.321080
v 6.215702 0.249218 -0.157040
v 6.177450 0.205646 0.320624
v 6.182214 0.247834 -0.157496
v 6.144910 0.201484 0.319932
v 6.149672 0.243674 -0.158186
v 6.113662 0.194570 0.319010
v 6.118424 0.236760 -0.159108
v 6.083900 0.184918 0.317862
v 6.088664 0.227108 -0.160256
v 6.055828 0.172540 0.316490
v 6.060590 0.214730 -0.161628
v 6.029660 0.157454 0.314898
v 6.034424 0.199642 -0.163220
v 6.005626 0.139682 0.313092
v 6.010390 0.181872 -0.165028
v 5.983968 0.119268 0.311074
v 5.988730 0.161456 -0.167044
v 5.964932 0.096274 0.308856
v 5.969694 0.138462 -0.169262
v 5.948760 0.070788 0.306446
v 5.953522 0.112978 -0.171672
v 5.935680 0.042922 0.303856
v 5.940442 0.085112 -0.174262
v 5.933262 0.035476 0.303176
v 5.938026 0.077666 -0.174944
v 5.919562 0.041920 0.303608
v 5.924324 0.084108 -0.174512
v 5.885904 0.057378 0.304636
v 5.890668 0.099568 -0.173482
v 5.852952 0.072202 0.305616
v 5.857714 0.114392 -0.172502
v 5.820710 0.086454 0.306552
v 5.825472 0.128644 -0.171566
v 5.789190 0.100196 0.307452
v 5.793952 0.142386 -0.170668
v 5.758402 0.113490 0.308318
v 5.763164 0.155678 -0.169802
v 5.728354 0.126396 0.309156
v 5.733116 0.168584 -0.168962
v 5.699056 0.138976 0.309976
v 5.703818 0.181164 -0.168144
v 5.670516 0.151290 0.310778
v 5.675278 0.193480 -0.167340
v 5.642746 0.163402 0.311570
v 5.647508 0.205590 -0.166548
v 5.615752 0.175368 0.312356
v 5.620514 0.217558 -0.165762
v 5.589292 0.187368 0.313152
v 5.594054 0.229556 -0.164966
v 5.574404 0.193818 0.313572
v 5.579166 0.236008 -0.164546
v 5.560142 0.200060 0.313982
v 5.564906 0.242248 -0.164136
v 5.546258 0.206212 0.314386
v 5.551022 0.248400 -0.163732
v 5.532682 0.212314 0.314790
v 5.537444 0.254502 -0.163330
v 5.519340 0.218408 0.315194
v 5.524102 0.260598 -0.162924
v 5.506164 0.224540 0.315604
v 5.510926 0.266728 -0.162514
v 5.493080 0.230746 0.316022
v 5.497842 0.272936 -0.162098
v 5.480018 0.237072 0.316450
v 5.484780 0.279262 -0.161670
v 5.466904 0.243562 0.316892
v 5.471668 0.285750 -0.161228
v 5.453670 0.250254 0.317350
v 5.458432 0.292444 -0.160768
v 5.440240 0.257196 0.317828
v 5.445002 0.299384 -0.160290
v 5.407448 0.274506 0.319030
v 5.412210 0.316694 -0.159088
v 5.323690 0.084494 0.301428
v 5.328452 0.126684 -0.176690
v 5.359032 0.074562 0.300904
v 5.363794 0.116750 -0.177214
v 5.372772 0.070392 0.300674
v 5.377534 0.112582 -0.177446
v 5.387148 0.065768 0.300408
v 5.391912 0.107956 -0.177710
v 5.402012 0.060756 0.300114
v 5.406774 0.102944 -0.178004
v 5.417220 0.055430 0.299796
v 5.421982 0.097618 -0.178322
v 5.432632 0.049858 0.299458
v 5.437396 0.092048 -0.178660
v 5.448112 0.044114 0.299106
v 5.452874 0.086304 -0.179014
v 5.463522 0.038268 0.298742
v 5.468284 0.080456 -0.179376
v 5.478724 0.032388 0.298376
v 5.483488 0.074576 -0.179744
v 5.493590 0.026542 0.298008
v 5.498352 0.068732 -0.180110
v 5.507982 0.020804 0.297644
v 5.512744 0.062994 -0.180474
v 5.522014 0.015142 0.297284
v 5.526778 0.057330 -0.180834
v 3.357316 0.133306 0.286150
v 3.362078 0.175494 -0.191970
v 4.371264 0.133306 0.296248
v 4.376028 0.175494 -0.181870
v 4.371122 0.296670 0.310662
v 4.375884 0.338860 -0.167456
v 3.357172 0.296670 0.300562
v 3.361934 0.338860 -0.177556
v 3.357562 -0.147602 0.261364
v 3.362324 -0.105414 -0.216754
v 4.371512 -0.147602 0.271464
v 4.376274 -0.105414 -0.206654
v 4.371370 0.013770 0.285702
v 4.376132 0.055960 -0.192416
v 3.357420 0.013770 0.275602
v 3.362184 0.055960 -0.202516
v 3.201074 0.416206 0.309556
v 3.205838 0.458396 -0.168562
v 4.515010 0.416206 0.322644
v 4.519772 0.458396 -0.155474
v 4.514862 0.583556 0.337410
v 4.519626 0.625746 -0.140710
v 3.200928 0.583556 0.324322
v 3.205690 0.625746 -0.153798
v 3.871546 0.882602 0.357388
v 3.876308 0.924790 -0.120730
v 3.856870 0.860506 0.355294
v 3.861632 0.902696 -0.122826
v 3.842370 0.837796 0.353144
v 3.847132 0.879986 -0.124974
v 3.828154 0.814684 0.350964
v 3.832916 0.856874 -0.127154
v 3.814338 0.791384 0.348770
v 3.819100 0.833572 -0.129348
v 3.801032 0.768108 0.346584
v 3.805796 0.810298 -0.131534
v 3.788352 0.745072 0.344424
v 3.793116 0.787260 -0.133694
v 3.776412 0.722486 0.342312
v 3.781174 0.764676 -0.135806
v 3.765320 0.700560 0.340268
v 3.770084 0.742750 -0.137852
v 3.755194 0.679498 0.338308
v 3.759956 0.721688 -0.139810
v 3.746140 0.659498 0.336454
v 3.750904 0.701688 -0.141666
v 3.730878 0.623126 0.333092
v 3.735640 0.665316 -0.145026
v 3.901664 0.546976 0.328074
v 3.906426 0.589166 -0.150046
v 3.916974 0.584634 0.331548
v 3.921736 0.626824 -0.146570
v 3.925622 0.604476 0.333386
v 3.930384 0.646666 -0.144732
v 3.935362 0.625636 0.335350
v 3.940124 0.667826 -0.142768
v 3.946054 0.647838 0.337416
v 3.950816 0.690028 -0.140702
v 3.957558 0.670818 0.339558
v 3.962322 0.713008 -0.138560
v 3.969744 0.694316 0.341752
v 3.974506 0.736504 -0.136366
v 3.982470 0.718072 0.343976
v 3.987234 0.760262 -0.134142
v 3.995604 0.741832 0.346204
v 4.000368 0.784022 -0.131916
v 4.009012 0.765338 0.348410
v 4.013774 0.807528 -0.129708
v 4.022552 0.788336 0.350576
v 4.027314 0.830524 -0.127544
v 4.036090 0.810566 0.352672
v 4.040854 0.852756 -0.125448
v 4.062548 0.852440 0.356630
v 4.067310 0.894630 -0.121488
v 3.895096 0.916576 0.360622
v 3.899860 0.958766 -0.117498
v 3.338272 -0.954468 0.189974
v 3.343034 -0.912280 -0.288144
v 3.514264 -0.954468 0.191728
v 3.519026 -0.912280 -0.286390
v 3.514198 -0.880754 0.198232
v 3.518962 -0.838566 -0.279888
v 4.228164 -0.880754 0.205344
v 4.232926 -0.838566 -0.272776
v 4.228234 -0.960444 0.198312
v 4.232996 -0.918256 -0.279806
v 4.398224 -0.960444 0.200006
v 4.402988 -0.918256 -0.278114
v 4.397624 -0.277100 0.260298
v 4.402388 -0.234910 -0.217822
v 3.337678 -0.277100 0.249740
v 3.342440 -0.234910 -0.228380
v 3.513812 -0.440466 0.237078
v 3.518574 -0.398276 -0.241040
v 4.227776 -0.440466 0.244190
v 4.232540 -0.398276 -0.233928
v 4.228020 -0.717390 0.219756
v 4.232782 -0.675200 -0.258362
v 3.514056 -0.717390 0.212646
v 3.518818 -0.675200 -0.265474
v 4.461558 0.804050 0.356334
v 4.466320 0.846238 -0.121784
v 4.473908 0.769972 0.353450
v 4.478672 0.812160 -0.124668
v 4.486732 0.735954 0.350576
v 4.491496 0.778142 -0.127542
v 4.500018 0.702022 0.347714
v 4.504780 0.744212 -0.130404
v 4.513750 0.668206 0.344868
v 4.518512 0.710394 -0.133250
v 4.527914 0.634530 0.342038
v 4.532676 0.676718 -0.136082
v 4.542494 0.601022 0.339226
v 4.547258 0.643212 -0.138892
v 4.557482 0.567710 0.336436
v 4.562246 0.609898 -0.141684
v 4.572862 0.534620 0.333668
v 4.577624 0.576810 -0.144450
v 4.588618 0.501780 0.330928
v 4.593380 0.543970 -0.147190
v 4.604738 0.469218 0.328216
v 4.609502 0.511408 -0.149904
v 4.618982 0.441322 0.325896
v 4.623744 0.483512 -0.152222
v 4.620220 -0.966422 0.201690
v 4.624982 -0.924232 -0.276430
v 4.798210 -0.966422 0.203462
v 4.802974 -0.924232 -0.274656
v 4.797240 0.137412 0.300854
v 4.802004 0.179602 -0.177264
v 4.775544 0.170858 0.303590
v 4.780308 0.213048 -0.174530
v 4.790922 0.147680 0.301698
v 4.795686 0.189868 -0.176422
v 4.806460 0.124800 0.299834
v 4.811222 0.166988 -0.178286
v 4.822152 0.102244 0.298000
v 4.826914 0.144432 -0.180120
v 4.837990 0.080040 0.296198
v 4.842752 0.122228 -0.181920
v 4.853968 0.058216 0.294432
v 4.858732 0.100404 -0.183688
v 4.870082 0.036798 0.292702
v 4.874846 0.078986 -0.185416
v 4.886328 0.015814 0.291012
v 4.891090 0.058002 -0.187106
v 4.902696 -0.004710 0.289364
v 4.907458 0.037478 -0.188754
v 4.919180 -0.024746 0.287760
v 4.923944 0.017442 -0.190358
v 4.935780 -0.044268 0.286204
v 4.940542 -0.002078 -0.191916
v 4.972634 -0.086136 0.282876
v 4.977396 -0.043948 -0.195244
v 4.989500 -0.049862 0.286244
v 4.994262 -0.007674 -0.191874
v 4.994428 -0.040090 0.287156
v 4.999192 0.002100 -0.190962
v 5.000332 -0.029006 0.288192
v 5.005094 0.013182 -0.189926
v 5.007016 -0.016960 0.289322
v 5.011778 0.025230 -0.188796
v 5.014300 -0.004264 0.290514
v 5.019062 0.037924 -0.187604
v 5.022006 0.008772 0.291742
v 5.026768 0.050962 -0.186376
v 5.029962 0.021854 0.292976
v 5.034724 0.064044 -0.185142
v 5.037988 0.034684 0.294188
v 5.042750 0.076872 -0.183930
v 5.045910 0.046960 0.295350
v 5.050674 0.089148 -0.182768
v 5.053546 0.058378 0.296434
v 5.058308 0.100566 -0.181686
v 5.060698 0.068618 0.297408
v 5.065460 0.110808 -0.180710
v 5.076902 0.090536 0.299504
v 5.081664 0.132726 -0.178614
v 5.021892 0.153158 0.304482
v 5.026654 0.195348 -0.173636
v 4.978462 0.207360 0.308832
v 4.983224 0.249548 -0.169286
v 4.935886 0.265210 0.313512
v 4.940650 0.307400 -0.164606
v 4.894356 0.326352 0.318494
v 4.899120 0.368540 -0.159624
v 4.854054 0.390422 0.323746
v 4.858818 0.432612 -0.154372
v 4.815166 0.457064 0.329238
v 4.819928 0.499252 -0.148880
v 4.777870 0.525916 0.334942
v 4.782634 0.568104 -0.143176
v 4.742348 0.596618 0.340828
v 4.747110 0.638808 -0.137290
v 4.708776 0.668814 0.346864
v 4.713540 0.711002 -0.131254
v 4.677334 0.742142 0.353022
v 4.682096 0.784332 -0.125098
v 4.648196 0.816244 0.359270
v 4.652958 0.858434 -0.118848
v 4.615054 0.908890 0.367114
v 4.619816 0.951080 -0.111004
v 4.442904 0.857686 0.360882
v 4.447668 0.899874 -0.117236
v 1.842624 0.196812 0.276666
v 1.847386 0.239002 -0.201454
v 1.864522 0.240780 0.280764
v 1.869284 0.282970 -0.197356
v 1.878440 0.268024 0.283306
v 1.883202 0.310212 -0.194812
v 1.892952 0.295722 0.285894
v 1.897714 0.337910 -0.192224
v 1.907980 0.323686 0.288512
v 1.912742 0.365874 -0.189608
v 1.923444 0.351724 0.291140
v 1.928206 0.393914 -0.186978
v 1.939268 0.379648 0.293762
v 1.944032 0.421838 -0.184358
v 1.955372 0.407268 0.296358
v 1.960136 0.449456 -0.181760
v 1.971678 0.434390 0.298914
v 1.976440 0.476580 -0.179204
v 1.988102 0.460826 0.301410
v 1.992866 0.503016 -0.176708
v 2.004566 0.486384 0.303830
v 2.009328 0.528572 -0.174288
v 2.020986 0.510866 0.306154
v 2.025748 0.553056 -0.171964
v 2.051596 0.554492 0.310308
v 2.056358 0.596680 -0.167810
v 1.899670 0.618192 0.314416
v 1.904432 0.660382 -0.163702
v 1.877050 0.585190 0.311278
v 1.881812 0.627380 -0.166840
v 1.862064 0.562756 0.309150
v 1.866826 0.604946 -0.168968
v 1.845892 0.538024 0.306806
v 1.850654 0.580214 -0.171312
v 1.828836 0.511436 0.304290
v 1.833598 0.553626 -0.173828
v 1.811200 0.483440 0.301644
v 1.815962 0.525630 -0.176474
v 1.793294 0.454486 0.298910
v 1.798056 0.496674 -0.179208
v 1.775424 0.425020 0.296132
v 1.780186 0.467210 -0.181986
v 1.757900 0.395496 0.293354
v 1.762662 0.437684 -0.184766
v 1.741028 0.366358 0.290614
v 1.745790 0.408546 -0.187504
v 1.725114 0.338048 0.287958
v 1.729876 0.380236 -0.190162
v 1.710460 0.311000 0.285424
v 1.715222 0.353190 -0.192694
v 1.687904 0.267318 0.281346
v 1.692666 0.309508 -0.196774
v 1.576190 0.302128 0.283304
v 1.580952 0.344318 -0.194814
v 1.598414 0.345658 0.287366
v 1.603176 0.387846 -0.190752
v 1.612520 0.372328 0.289860
v 1.617282 0.414516 -0.188258
v 1.627348 0.399450 0.292402
v 1.632110 0.441640 -0.185716
v 1.642800 0.426826 0.294972
v 1.647562 0.469016 -0.183148
v 1.658774 0.454258 0.297550
v 1.663538 0.496448 -0.180568
v 1.675174 0.481546 0.300122
v 1.679936 0.523736 -0.177996
v 1.691894 0.508494 0.302666
v 1.696658 0.550682 -0.175452
v 1.708838 0.534902 0.305166
v 1.713602 0.577090 -0.172954
v 1.725904 0.560570 0.307600
v 1.730666 0.602758 -0.170518
v 1.742986 0.585298 0.309952
v 1.747748 0.627488 -0.168166
v 1.759980 0.608888 0.312204
v 1.764742 0.651076 -0.165916
v 1.791794 0.651020 0.316238
v 1.796556 0.693208 -0.161880
v 1.642612 0.719990 0.320838
v 1.647374 0.762178 -0.157280
v 1.618470 0.687902 0.317766
v 1.623232 0.730090 -0.160352
v 1.602514 0.665748 0.315652
v 1.607276 0.707936 -0.162466
v 1.585486 0.641288 0.313324
v 1.590248 0.683478 -0.164794
v 1.567674 0.614976 0.310826
v 1.572438 0.657164 -0.167294
v 1.549380 0.587270 0.308198
v 1.554144 0.629460 -0.169920
v 1.530908 0.558640 0.305488
v 1.535672 0.600830 -0.172630
v 1.512564 0.529552 0.302738
v 1.517326 0.571742 -0.175380
v 1.494652 0.500476 0.299994
v 1.499416 0.542664 -0.178124
v 1.477482 0.471876 0.297300
v 1.482244 0.514066 -0.180818
v 1.461356 0.444216 0.294698
v 1.466118 0.486406 -0.183420
v 1.446576 0.417954 0.292234
v 1.451338 0.460142 -0.185884
v 1.423706 0.375428 0.288254
v 1.428468 0.417618 -0.189866
v 2.461208 0.494246 0.309072
v 2.465970 0.536434 -0.169046
v 2.463670 0.424638 0.302954
v 2.468434 0.466826 -0.175164
v 2.466306 0.347604 0.296184
v 2.471070 0.389794 -0.181936
v 2.469032 0.264620 0.288888
v 2.473794 0.306808 -0.189230
v 2.471760 0.177158 0.281198
v 2.476522 0.219348 -0.196920
v 2.474408 0.086694 0.273242
v 2.479170 0.128884 -0.204878
v 2.476890 -0.005298 0.265148
v 2.481652 0.036892 -0.212970
v 2.479122 -0.097342 0.257050
v 2.483884 -0.055152 -0.221070
v 2.481020 -0.187962 0.249072
v 2.485782 -0.145772 -0.229046
v 2.482498 -0.275678 0.241346
v 2.487260 -0.233488 -0.236772
v 2.483472 -0.359010 0.234004
v 2.488236 -0.316822 -0.244116
v 2.483856 -0.435982 0.227214
v 2.488620 -0.393792 -0.250904
v 2.481174 -0.486060 0.222770
v 2.485936 -0.443870 -0.255350
v 2.473398 -0.529682 0.218842
v 2.478162 -0.487492 -0.259276
v 2.460932 -0.567618 0.215372
v 2.465694 -0.525428 -0.262748
v 2.444156 -0.600268 0.212322
v 2.448920 -0.558080 -0.265796
v 2.423354 -0.628098 0.209660
v 2.428116 -0.585908 -0.268458
v 2.398674 -0.651552 0.207344
v 2.403438 -0.609364 -0.270774
v 2.370192 -0.670974 0.205346
v 2.374954 -0.628786 -0.272772
v 2.337988 -0.686586 0.203648
v 2.342750 -0.644396 -0.274470
v 2.302216 -0.698518 0.202240
v 2.306978 -0.656328 -0.275880
v 2.263110 -0.706880 0.201112
v 2.267872 -0.664690 -0.277006
v 2.220960 -0.711790 0.200258
v 2.225722 -0.669602 -0.277860
v 2.176232 -0.713388 0.199672
v 2.180994 -0.671198 -0.278446
v 2.089788 -0.709316 0.199170
v 2.094550 -0.667128 -0.278948
v 2.009766 -0.697604 0.199408
v 2.014530 -0.655416 -0.278712
v 1.935678 -0.678960 0.200314
v 1.940440 -0.636772 -0.277804
v 1.867130 -0.654076 0.201828
v 1.871894 -0.611888 -0.276292
v 1.803746 -0.623622 0.203884
v 1.808510 -0.581432 -0.274236
v 1.745162 -0.588252 0.206420
v 1.749924 -0.546062 -0.271698
v 1.691032 -0.548616 0.209378
v 1.695794 -0.506428 -0.268740
v 1.641036 -0.505370 0.212696
v 1.645798 -0.463182 -0.265422
v 1.594864 -0.459176 0.216314
v 1.599626 -0.416986 -0.261806
v 1.552216 -0.410704 0.220166
v 1.556978 -0.368516 -0.257954
v 1.512794 -0.360640 0.224190
v 1.517556 -0.318450 -0.253928
v 1.461066 -0.288390 0.230050
v 1.465828 -0.246200 -0.248068
v 1.320336 -0.455810 0.213876
v 1.325100 -0.413620 -0.264242
v 1.367412 -0.517290 0.208920
v 1.372174 -0.475102 -0.269200
v 1.410376 -0.568002 0.204872
v 1.415138 -0.525814 -0.273246
v 1.458892 -0.619172 0.200840
v 1.463654 -0.576982 -0.277278
v 1.513184 -0.669696 0.196924
v 1.517946 -0.627506 -0.281196
v 1.573472 -0.718464 0.193220
v 1.578234 -0.676276 -0.284898
v 1.639976 -0.764364 0.189832
v 1.644738 -0.722176 -0.288286
v 1.712904 -0.806274 0.186862
v 1.717666 -0.764084 -0.291258
v 1.792454 -0.843064 0.184408
v 1.797216 -0.800874 -0.293712
v 1.878806 -0.873610 0.182572
v 1.883568 -0.831420 -0.295546
v 1.972128 -0.896790 0.181456
v 1.976890 -0.854600 -0.296662
v 2.072576 -0.911496 0.181158
v 2.077338 -0.869308 -0.296960
v 2.180182 -0.916632 0.181778
v 2.184944 -0.874444 -0.296342
v 2.251940 -0.914032 0.182722
v 2.256702 -0.871844 -0.295396
v 2.319748 -0.906004 0.184106
v 2.324512 -0.863816 -0.294012
v 2.383390 -0.892164 0.185960
v 2.388152 -0.849976 -0.292158
v 2.442460 -0.872110 0.188318
v 2.447224 -0.829920 -0.289800
v 2.496498 -0.845430 0.191212
v 2.501262 -0.803240 -0.286908
v 2.544960 -0.811748 0.194666
v 2.549724 -0.769558 -0.283452
v 2.587236 -0.770774 0.198702
v 2.591998 -0.728586 -0.279416
v 2.622714 -0.722348 0.203330
v 2.627476 -0.680158 -0.274790
v 2.650870 -0.666400 0.208546
v 2.655634 -0.624210 -0.269572
v 2.671312 -0.602868 0.214356
v 2.676074 -0.560680 -0.263762
v 2.683740 -0.531628 0.220766
v 2.688502 -0.489438 -0.257352
v 2.687866 -0.452892 0.227754
v 2.692630 -0.410704 -0.250364
v 2.687362 -0.374406 0.234676
v 2.692124 -0.332216 -0.243444
v 2.686088 -0.289416 0.242162
v 2.690850 -0.247226 -0.235956
v 2.684200 -0.199212 0.250104
v 2.688962 -0.157022 -0.228016
v 2.681850 -0.105552 0.258344
v 2.686612 -0.063364 -0.219774
v 2.679192 -0.010204 0.266732
v 2.683956 0.031986 -0.211388
v 2.676384 0.085068 0.275110
v 2.681146 0.127258 -0.203008
v 2.673576 0.178492 0.283326
v 2.678340 0.220682 -0.194792
v 2.670928 0.268296 0.291224
v 2.675690 0.310486 -0.186894
v 2.668588 0.352704 0.298648
v 2.673350 0.394892 -0.179470
v 2.666714 0.429930 0.305444
v 2.671478 0.472120 -0.172674
v 2.665460 0.498184 0.311454
v 2.670224 0.540372 -0.166664
v 2.664978 0.555672 0.316522
v 2.669742 0.597860 -0.161596
v 2.665086 0.573774 0.318120
v 2.669848 0.615962 -0.159998
v 2.665440 0.591754 0.319710
v 2.670202 0.633942 -0.158408
v 2.666040 0.609562 0.321288
v 2.670802 0.651752 -0.156830
v 2.666884 0.627154 0.322848
v 2.671648 0.669344 -0.155270
v 2.667976 0.644488 0.324390
v 2.672738 0.686678 -0.153730
v 2.669310 0.661518 0.325906
v 2.674074 0.703708 -0.152214
v 2.670890 0.678202 0.327394
v 2.675652 0.720390 -0.150726
v 2.672712 0.694494 0.328848
v 2.677474 0.736682 -0.149270
v 2.674774 0.710348 0.330268
v 2.679538 0.752538 -0.147850
v 2.677076 0.725720 0.331648
v 2.681838 0.767910 -0.146470
v 2.679616 0.740564 0.332982
v 2.684378 0.782754 -0.145136
v 2.687092 0.779038 0.336452
v 2.691854 0.821228 -0.141666
v 2.437702 0.776578 0.333752
v 2.442466 0.818768 -0.144368
v 2.443440 0.737604 0.330370
v 2.448202 0.779792 -0.147750
v 2.445674 0.721164 0.328940
v 2.450438 0.763352 -0.149178
v 2.447746 0.704606 0.327500
v 2.452510 0.746796 -0.150618
v 2.449656 0.687962 0.326050
v 2.454418 0.730150 -0.152068
v 2.451400 0.671258 0.324594
v 2.456162 0.713446 -0.153524
v 2.452980 0.654522 0.323134
v 2.457742 0.696712 -0.154986
v 2.454394 0.637784 0.321670
v 2.459156 0.679974 -0.156448
v 2.455644 0.621074 0.320208
v 2.460408 0.663262 -0.157910
v 2.456730 0.604418 0.318750
v 2.461494 0.646606 -0.159370
v 2.457652 0.587844 0.317296
v 2.462414 0.630032 -0.160822
v 2.458408 0.571382 0.315850
v 2.463170 0.613572 -0.162268
v 2.459002 0.554962 0.314408
v 2.463764 0.597152 -0.163710
v 0.243896 -0.465464 0.202302
v 0.248660 -0.423274 -0.275818
v 0.262790 -0.468538 0.202218
v 0.267552 -0.426348 -0.275900
v 0.280522 -0.473458 0.201960
v 0.285284 -0.431270 -0.276158
v 0.296932 -0.480056 0.201542
v 0.301696 -0.437866 -0.276576
v 0.311862 -0.488152 0.200976
v 0.316626 -0.445964 -0.277142
v 0.325158 -0.497566 0.200278
v 0.329920 -0.455376 -0.277840
v 0.336676 -0.508106 0.199462
v 0.341438 -0.465916 -0.278656
v 0.346292 -0.519586 0.198546
v 0.351054 -0.477396 -0.279572
v 0.353910 -0.531830 0.197542
v 0.358672 -0.489640 -0.280578
v 0.359450 -0.544692 0.196462
v 0.364212 -0.502504 -0.281658
v 0.362846 -0.558076 0.195314
v 0.367610 -0.515888 -0.282804
v 0.364004 -0.571816 0.194114
v 0.368766 -0.529626 -0.284006
v 0.362134 -0.591188 0.192386
v 0.366896 -0.549000 -0.285734
v 0.356698 -0.608964 0.190762
v 0.361460 -0.566774 -0.287356
v 0.347768 -0.625520 0.189212
v 0.352530 -0.583332 -0.288906
v 0.335298 -0.640978 0.187724
v 0.340062 -0.598788 -0.290394
v 0.319246 -0.655272 0.186304
v 0.324008 -0.613082 -0.291816
v 0.299650 -0.668228 0.184964
v 0.304412 -0.626038 -0.293154
v 0.276646 -0.679638 0.183728
v 0.281408 -0.637448 -0.294390
v 0.250432 -0.689304 0.182614
v 0.255194 -0.647114 -0.295504
v 0.221236 -0.697052 0.181640
v 0.225998 -0.654864 -0.296478
v 0.189302 -0.702736 0.180820
v 0.194064 -0.660548 -0.297298
v 0.154876 -0.706230 0.180170
v 0.159640 -0.664040 -0.297948
v 0.117948 -0.707426 0.179696
v 0.122710 -0.665238 -0.298422
v 0.104032 -0.707346 0.179564
v 0.108794 -0.665158 -0.298554
v 0.090020 -0.707102 0.179446
v 0.094784 -0.664912 -0.298672
v 0.076182 -0.706694 0.179344
v 0.080944 -0.664504 -0.298774
v 0.062514 -0.706122 0.179260
v 0.067276 -0.663934 -0.298860
v 0.049018 -0.705390 0.179190
v 0.053780 -0.663200 -0.298930
v 0.035694 -0.704494 0.179136
v 0.040458 -0.662304 -0.298982
v 0.022544 -0.703436 0.179098
v 0.027306 -0.661246 -0.299020
v 0.009566 -0.702216 0.179076
v 0.014328 -0.660028 -0.299042
v -0.003242 -0.700836 0.179070
v 0.001522 -0.658646 -0.299048
v -0.015876 -0.699292 0.179080
v -0.011114 -0.657104 -0.299038
v -0.028338 -0.697588 0.179108
v -0.023574 -0.655400 -0.299012
v -0.021072 -0.698692 0.179082
v -0.016310 -0.656502 -0.299036
v -0.018432 -0.680894 0.180678
v -0.013668 -0.638706 -0.297440
v -0.009828 -0.646510 0.183798
v -0.005066 -0.604322 -0.294320
v 0.001814 -0.614490 0.186740
v 0.006576 -0.572300 -0.291378
v 0.016352 -0.585048 0.189482
v 0.021114 -0.542860 -0.288636
v 0.033644 -0.558388 0.192008
v 0.038408 -0.516200 -0.286112
v 0.053560 -0.534692 0.194296
v 0.058324 -0.492502 -0.283822
v 0.075990 -0.514126 0.196336
v 0.080752 -0.471936 -0.281784
v 0.100852 -0.496852 0.198106
v 0.105614 -0.454662 -0.280012
v 0.128098 -0.483038 0.199598
v 0.132860 -0.440848 -0.278522
v 0.157708 -0.472870 0.200790
v 0.162472 -0.430682 -0.277330
v 0.189682 -0.466574 0.201664
v 0.194446 -0.424386 -0.276456
v 0.224092 -0.464406 0.202198
v 0.228856 -0.422216 -0.275922
v 0.463934 0.699424 0.307282
v 0.468696 0.741614 -0.170836
v 0.417846 0.700330 0.306904
v 0.422610 0.742518 -0.171216
v 0.361350 0.701746 0.306466
v 0.366112 0.743936 -0.171652
v 0.297056 0.703600 0.305988
v 0.301818 0.745788 -0.172130
v 0.227560 0.705812 0.305492
v 0.232322 0.748002 -0.172626
v 0.155442 0.708308 0.304994
v 0.160204 0.750498 -0.173124
v 0.083288 0.711012 0.304514
v 0.088050 0.753202 -0.173606
v 0.013680 0.713846 0.304070
v 0.018444 0.756036 -0.174048
v -0.050792 0.716736 0.303682
v -0.046030 0.758924 -0.174436
v -0.107528 0.719600 0.303370
v -0.102764 0.761788 -0.174748
v -0.153882 0.722358 0.303152
v -0.149120 0.764548 -0.174966
v -0.187534 0.724952 0.303046
v -0.182772 0.767140 -0.175072
v -0.201804 0.725982 0.302994
v -0.197040 0.768172 -0.175124
v -0.214634 0.727072 0.302964
v -0.209872 0.769260 -0.175156
v -0.226272 0.728224 0.302948
v -0.221508 0.770414 -0.175170
v -0.236796 0.729432 0.302950
v -0.232032 0.771620 -0.175168
v -0.246288 0.730684 0.302966
v -0.241526 0.772872 -0.175152
v -0.254836 0.731974 0.302996
v -0.250074 0.774162 -0.175124
v -0.262522 0.733292 0.303034
v -0.257760 0.775482 -0.175084
v -0.269436 0.734632 0.303084
v -0.264674 0.776822 -0.175034
v -0.275672 0.735986 0.303142
v -0.270910 0.778176 -0.174976
v -0.281326 0.737352 0.303206
v -0.276562 0.779540 -0.174912
v -0.286500 0.738726 0.303276
v -0.281738 0.780914 -0.174844
v -0.304372 0.743874 0.303552
v -0.299608 0.786064 -0.174566
v -0.417630 0.601458 0.289856
v -0.412868 0.643646 -0.188262
v -0.391410 0.582762 0.288468
v -0.386648 0.624950 -0.189650
v -0.382108 0.576214 0.287984
v -0.377344 0.618404 -0.190136
v -0.372734 0.569668 0.287498
v -0.367972 0.611856 -0.190620
v -0.363316 0.563108 0.287014
v -0.358554 0.605296 -0.191104
v -0.353882 0.556518 0.286526
v -0.349120 0.598708 -0.191592
v -0.344458 0.549888 0.286036
v -0.339696 0.592076 -0.192084
v -0.335070 0.543202 0.285538
v -0.330308 0.585390 -0.192580
v -0.325748 0.536446 0.285036
v -0.320984 0.578634 -0.193084
v -0.316516 0.529608 0.284524
v -0.311754 0.571798 -0.193594
v -0.307404 0.522678 0.284004
v -0.302642 0.564866 -0.194116
v -0.298438 0.515642 0.283472
v -0.293676 0.557830 -0.194646
v -0.289302 0.508210 0.282906
v -0.284540 0.550398 -0.195212
v -0.260790 0.486136 0.281244
v -0.256028 0.528324 -0.196876
v -0.226364 0.458682 0.279164
v -0.221602 0.500870 -0.198956
v -0.186700 0.426484 0.276718
v -0.181936 0.468672 -0.201402
v -0.142826 0.390458 0.273976
v -0.138064 0.432648 -0.204142
v -0.095760 0.351508 0.271008
v -0.090998 0.393698 -0.207112
v -0.046510 0.310532 0.267882
v -0.041748 0.352722 -0.210236
v 0.003918 0.268426 0.264670
v 0.008682 0.310614 -0.213450
v 0.054526 0.226082 0.261436
v 0.059288 0.268272 -0.216682
v 0.104310 0.184394 0.258254
v 0.109072 0.226584 -0.219864
v 0.152268 0.144254 0.255190
v 0.157030 0.186444 -0.222928
v 0.197404 0.106552 0.252312
v 0.202168 0.148740 -0.225806
v 0.158860 0.138620 0.254758
v 0.163622 0.180810 -0.223360
v 0.234284 0.114050 0.253342
v 0.239046 0.156240 -0.224776
v 0.210392 0.120892 0.253708
v 0.215154 0.163082 -0.224410
v 0.186428 0.126872 0.253996
v 0.191190 0.169062 -0.224122
v 0.162432 0.132036 0.254214
v 0.167194 0.174226 -0.223906
v 0.138438 0.136428 0.254362
v 0.143200 0.178616 -0.223756
v 0.114480 0.140090 0.254446
v 0.119242 0.182278 -0.223672
v 0.090596 0.143068 0.254472
v 0.095358 0.185258 -0.223648
v 0.066820 0.145408 0.254440
v 0.071582 0.187598 -0.223678
v 0.043184 0.147152 0.254360
v 0.047946 0.189340 -0.223760
v 0.019726 0.148344 0.254230
v 0.024488 0.190532 -0.223888
v -0.003522 0.149026 0.254060
v 0.001240 0.191216 -0.224060
v -0.026940 0.149248 0.253846
v -0.022178 0.191438 -0.224272
v -0.109538 0.145090 0.252656
v -0.104774 0.187280 -0.225462
v -0.188182 0.132834 0.250792
v -0.183418 0.175022 -0.227328
v -0.261950 0.112920 0.248300
v -0.257188 0.155110 -0.229820
v -0.330318 0.085772 0.245222
v -0.325554 0.127960 -0.232896
v -0.392748 0.051806 0.241604
v -0.387986 0.093996 -0.236514
v -0.448696 0.011448 0.237486
v -0.443934 0.053638 -0.240634
v -0.497594 -0.034868 0.232912
v -0.492832 0.007322 -0.245208
v -0.538866 -0.086690 0.227928
v -0.534104 -0.044502 -0.250192
v -0.571924 -0.143536 0.222582
v -0.567160 -0.101346 -0.255536
v -0.596184 -0.204884 0.216926
v -0.591422 -0.162694 -0.261192
v -0.611092 -0.270180 0.211016
v -0.606330 -0.227992 -0.267102
v -0.616124 -0.338818 0.204910
v -0.611362 -0.296628 -0.273208
v -0.610412 -0.419480 0.197850
v -0.605648 -0.377290 -0.280270
v -0.593616 -0.495136 0.191340
v -0.588854 -0.452948 -0.286778
v -0.566058 -0.565382 0.185416
v -0.561294 -0.523194 -0.292702
v -0.528130 -0.629724 0.180118
v -0.523366 -0.587534 -0.298002
v -0.480290 -0.687694 0.175478
v -0.475526 -0.645506 -0.302640
v -0.423036 -0.738886 0.171532
v -0.418272 -0.696698 -0.306588
v -0.356866 -0.782956 0.168302
v -0.352104 -0.740766 -0.309816
v -0.282254 -0.819608 0.165810
v -0.277492 -0.777418 -0.312308
v -0.199636 -0.848574 0.164078
v -0.194874 -0.806386 -0.314040
v -0.109412 -0.869598 0.163122
v -0.104650 -0.827410 -0.314998
v -0.011960 -0.882414 0.162962
v -0.007198 -0.840226 -0.315158
v 0.092324 -0.886746 0.163618
v 0.097088 -0.844558 -0.314500
v 0.159648 -0.884280 0.164506
v 0.164410 -0.842092 -0.313612
v 0.222410 -0.877028 0.165772
v 0.227174 -0.834838 -0.312348
v 0.280480 -0.865186 0.167394
v 0.285242 -0.822998 -0.310724
v 0.333652 -0.848948 0.169356
v 0.338414 -0.806758 -0.308762
v 0.381710 -0.828488 0.171642
v 0.386474 -0.786298 -0.306478
v 0.424420 -0.803970 0.174230
v 0.429182 -0.761780 -0.303888
v 0.461500 -0.775556 0.177106
v 0.466262 -0.733368 -0.301012
v 0.492622 -0.743430 0.180252
v 0.497386 -0.701242 -0.297868
v 0.517414 -0.707832 0.183640
v 0.522178 -0.665642 -0.294480
v 0.535484 -0.669088 0.187238
v 0.540246 -0.626900 -0.290880
v 0.546482 -0.627630 0.191006
v 0.551244 -0.585440 -0.287112
v 0.550148 -0.584018 0.194890
v 0.554910 -0.541828 -0.283228
v 0.547384 -0.547016 0.198128
v 0.552146 -0.504826 -0.279990
v 0.539326 -0.511242 0.201204
v 0.544090 -0.469052 -0.276914
v 0.526208 -0.477032 0.204092
v 0.530970 -0.434844 -0.274026
v 0.508274 -0.444810 0.206758
v 0.513036 -0.402622 -0.271362
v 0.485782 -0.414982 0.209166
v 0.490544 -0.372794 -0.268954
v 0.458982 -0.387938 0.211284
v 0.463746 -0.345750 -0.266834
v 0.428132 -0.364060 0.213084
v 0.432894 -0.321870 -0.265034
v 0.393480 -0.343718 0.214534
v 0.398244 -0.301530 -0.263584
v 0.355280 -0.327282 0.215604
v 0.360042 -0.285092 -0.262514
v 0.313778 -0.315110 0.216264
v 0.318540 -0.272920 -0.261854
v 0.269224 -0.307554 0.216488
v 0.273986 -0.265366 -0.261630
v 0.221850 -0.304962 0.216244
v 0.226612 -0.262772 -0.261874
v 0.159486 -0.308412 0.215318
v 0.164248 -0.266222 -0.262800
v 0.101820 -0.318484 0.213856
v 0.106584 -0.276296 -0.264262
v 0.048902 -0.334744 0.211894
v 0.053664 -0.292554 -0.266224
v 0.000806 -0.356724 0.209476
v 0.005568 -0.314534 -0.268644
v -0.042390 -0.383924 0.206644
v -0.037626 -0.341734 -0.271474
v -0.080618 -0.415810 0.203450
v -0.075854 -0.373622 -0.274668
v -0.113844 -0.451832 0.199940
v -0.109082 -0.409644 -0.278178
v -0.142068 -0.491434 0.196166
v -0.137306 -0.449246 -0.281954
v -0.165316 -0.534074 0.192172
v -0.160554 -0.491884 -0.285948
v -0.183630 -0.579222 0.188004
v -0.178868 -0.537032 -0.290114
v -0.197062 -0.626372 0.183710
v -0.192298 -0.584184 -0.294408
v -0.201110 -0.649276 0.181650
v -0.196348 -0.607088 -0.296470
v -0.215694 -0.643012 0.182056
v -0.210932 -0.600822 -0.296062
v -0.249770 -0.625018 0.183306
v -0.245006 -0.582828 -0.294814
v -0.280746 -0.605026 0.184760
v -0.275982 -0.562838 -0.293358
v -0.308592 -0.583080 0.186420
v -0.303830 -0.540892 -0.291698
v -0.333288 -0.559208 0.188280
v -0.328526 -0.517020 -0.289838
v -0.354826 -0.533422 0.190342
v -0.350064 -0.491232 -0.287778
v -0.373194 -0.505708 0.192604
v -0.368430 -0.463518 -0.285516
v -0.388370 -0.476036 0.195070
v -0.383608 -0.433846 -0.283048
v -0.400316 -0.444360 0.197746
v -0.395554 -0.402170 -0.280372
v -0.408974 -0.410630 0.200636
v -0.404210 -0.368440 -0.277482
v -0.414254 -0.374802 0.203746
v -0.409492 -0.332614 -0.274372
v -0.416046 -0.337202 0.207046
v -0.411284 -0.295014 -0.271074
v -0.412468 -0.292322 0.211042
v -0.407706 -0.250132 -0.267078
v -0.402004 -0.250036 0.214876
v -0.397242 -0.207846 -0.263242
v -0.384976 -0.210206 0.218562
v -0.380214 -0.168018 -0.259558
v -0.361690 -0.173072 0.222070
v -0.356928 -0.130882 -0.256048
v -0.332436 -0.138922 0.225374
v -0.327674 -0.096732 -0.252744
v -0.297510 -0.108096 0.228442
v -0.292748 -0.065908 -0.249676
v -0.257238 -0.080966 0.231238
v -0.252476 -0.038776 -0.246880
v -0.211966 -0.057914 0.233722
v -0.207204 -0.015724 -0.244396
v -0.162060 -0.039326 0.235860
v -0.157296 0.002864 -0.242258
v -0.107900 -0.025584 0.237612
v -0.103138 0.016606 -0.240506
v -0.049878 -0.017066 0.238942
v -0.045116 0.025124 -0.239176
v 0.011722 -0.014138 0.239814
v 0.016484 0.028050 -0.238306
v 0.090460 -0.017010 0.240344
v 0.095222 0.025178 -0.237774
v 0.163480 -0.025550 0.240318
v 0.168242 0.016638 -0.237800
v 0.231520 -0.039634 0.239754
v 0.236282 0.002554 -0.238366
v 0.295476 -0.059166 0.238666
v 0.300238 -0.016976 -0.239452
v 0.356252 -0.084082 0.237074
v 0.361014 -0.041894 -0.241046
v 0.414740 -0.114356 0.234984
v 0.419502 -0.072166 -0.243134
v 0.471796 -0.149968 0.232410
v 0.476558 -0.107778 -0.245708
v 0.528246 -0.190896 0.229362
v 0.533008 -0.148706 -0.248756
v 0.584882 -0.237098 0.225848
v 0.589644 -0.194910 -0.252270
v 0.642484 -0.288514 0.221886
v 0.647248 -0.246326 -0.256232
v 0.701828 -0.345062 0.217486
v 0.706590 -0.302874 -0.260632
v 0.778174 -0.421072 0.211540
v 0.782938 -0.378884 -0.266578
v 0.921242 -0.273418 0.225994
v 0.926004 -0.231230 -0.252124
v 0.861220 -0.224348 0.229726
v 0.865982 -0.182160 -0.248392
v 0.815024 -0.186430 0.232612
v 0.819786 -0.144240 -0.245506
v 0.766666 -0.146610 0.235644
v 0.771430 -0.104422 -0.242474
v 0.716952 -0.105564 0.238770
v 0.721714 -0.063376 -0.239348
v 0.666678 -0.063962 0.241942
v 0.671440 -0.021774 -0.236178
v 0.616646 -0.022478 0.245104
v 0.621408 0.019712 -0.233016
v 0.567656 0.018220 0.248206
v 0.572418 0.060408 -0.229912
v 0.520506 0.057458 0.251200
v 0.525268 0.099646 -0.226920
v 0.475998 0.094564 0.254030
v 0.480760 0.136754 -0.224088
v 0.434930 0.128868 0.256648
v 0.439694 0.171056 -0.221470
v 0.398106 0.159696 0.259002
v 0.402868 0.201886 -0.219118
v 0.366226 0.186460 0.261046
v 0.370988 0.228648 -0.217074
v 0.335432 0.211734 0.262968
v 0.340194 0.253924 -0.215150
v 0.299980 0.241000 0.265198
v 0.304742 0.283190 -0.212920
v 0.260754 0.273524 0.267678
v 0.265516 0.315712 -0.210442
v 0.218750 0.308478 0.270344
v 0.223512 0.350666 -0.207776
v 0.174966 0.345038 0.273134
v 0.179730 0.387226 -0.204986
v 0.130398 0.382378 0.275984
v 0.135162 0.424568 -0.202134
v 0.086042 0.419676 0.278834
v 0.090804 0.461864 -0.199286
v 0.042890 0.456104 0.281618
v 0.047654 0.498294 -0.196500
v 0.001944 0.490838 0.284276
v 0.006706 0.533028 -0.193844
v -0.035802 0.523050 0.286742
v -0.031038 0.565240 -0.191376
v -0.069340 0.551908 0.288954
v -0.064578 0.594098 -0.189164
v -0.055100 0.539506 0.288002
v -0.050338 0.581696 -0.190118
v -0.079398 0.540464 0.287844
v -0.074636 0.582652 -0.190274
v -0.036940 0.538702 0.288112
v -0.032176 0.580892 -0.190008
v 0.013698 0.536540 0.288424
v 0.018462 0.578728 -0.189694
v 0.070466 0.534064 0.288772
v 0.075230 0.576254 -0.189346
v 0.131320 0.531368 0.289140
v 0.136084 0.573558 -0.188978
v 0.194216 0.528540 0.289518
v 0.198980 0.570730 -0.188602
v 0.257112 0.525672 0.289890
v 0.261874 0.567860 -0.188228
v 0.317964 0.522852 0.290248
v 0.322726 0.565040 -0.187870
v 0.374726 0.520170 0.290576
v 0.379488 0.562358 -0.187542
v 0.425356 0.517716 0.290864
v 0.430118 0.559906 -0.187254
v 0.467798 0.515582 0.291098
v 0.472560 0.557772 -0.187020
v 0.500096 0.513854 0.291268
v 0.504858 0.556042 -0.186850
v 0.511108 0.513316 0.291330
v 0.515870 0.555504 -0.186788
v 0.522064 0.512700 0.291386
v 0.526828 0.554890 -0.186734
v 0.533062 0.512004 0.291434
v 0.537824 0.554194 -0.186686
v 0.544078 0.511226 0.291474
v 0.548840 0.553414 -0.186644
v 0.555092 0.510366 0.291508
v 0.559854 0.552554 -0.186610
v 0.566082 0.509424 0.291534
v 0.570844 0.551614 -0.186584
v 0.577026 0.508402 0.291554
v 0.581788 0.550590 -0.186566
v 0.587902 0.507298 0.291564
v 0.592666 0.549486 -0.186554
v 0.598690 0.506112 0.291568
v 0.603452 0.548302 -0.186552
v 0.609366 0.504846 0.291562
v 0.614128 0.547036 -0.186556
v 0.619908 0.503500 0.291548
v 0.624672 0.545690 -0.186570
v 0.652316 0.499050 0.291478
v 0.657078 0.541240 -0.186640
v 0.659776 0.709738 0.310144
v 0.664538 0.751928 -0.167976
v 0.625010 0.705538 0.309426
v 0.629772 0.747728 -0.168692
v 0.613298 0.704318 0.309202
v 0.618060 0.746506 -0.168916
v 0.601312 0.703240 0.308988
v 0.606076 0.745430 -0.169130
v 0.589154 0.702304 0.308784
v 0.593916 0.744492 -0.169334
v 0.576916 0.701500 0.308592
v 0.581678 0.743690 -0.169528
v 0.564694 0.700826 0.308410
v 0.569456 0.743014 -0.169708
v 0.552582 0.700272 0.308240
v 0.557344 0.742462 -0.169878
v 0.540676 0.699834 0.308084
v 0.545438 0.742024 -0.170036
v 0.529066 0.699506 0.307938
v 0.533828 0.741696 -0.170180
v 0.517848 0.699280 0.307806
v 0.522610 0.741470 -0.170312
v 0.507114 0.699150 0.307688
v 0.511876 0.741338 -0.170430
v 0.497014 0.699108 0.307584
v 0.501778 0.741296 -0.170534
v -1.930824 0.611730 0.275690
v -1.926062 0.653918 -0.202428
v -1.979070 0.612540 0.275282
v -1.974308 0.654730 -0.202838
v -2.027334 0.613836 0.274914
v -2.022572 0.656024 -0.203204
v -2.075366 0.615564 0.274590
v -2.070602 0.657752 -0.203530
v -2.122908 0.617680 0.274302
v -2.118146 0.659868 -0.203816
v -2.169714 0.620132 0.274052
v -2.164950 0.662322 -0.204066
v -2.215526 0.622876 0.273838
v -2.210764 0.665064 -0.204280
v -2.260096 0.625860 0.273658
v -2.255334 0.668050 -0.204460
v -2.303172 0.629038 0.273508
v -2.298410 0.671228 -0.204610
v -2.344500 0.632362 0.273390
v -2.339738 0.674550 -0.204728
v -2.383830 0.635780 0.273300
v -2.379066 0.677970 -0.204818
v -2.442844 0.641296 0.273200
v -2.438080 0.683486 -0.204920
v -2.442664 0.437516 0.255220
v -2.437902 0.479704 -0.222900
v -2.388432 0.433616 0.255416
v -2.383670 0.475804 -0.222702
v -2.349706 0.430944 0.255566
v -2.344944 0.473134 -0.222552
v -2.308344 0.428232 0.255738
v -2.303582 0.470420 -0.222380
v -2.264746 0.425540 0.255934
v -2.259984 0.467728 -0.222184
v -2.219304 0.422930 0.256158
v -2.214540 0.465118 -0.221962
v -2.172412 0.420464 0.256406
v -2.167650 0.462654 -0.221712
v -2.124466 0.418208 0.256686
v -2.119702 0.460396 -0.221434
v -2.075858 0.416220 0.256994
v -2.071096 0.458410 -0.221124
v -2.026982 0.414566 0.257334
v -2.022220 0.456754 -0.220784
v -1.978232 0.413306 0.257710
v -1.973468 0.455494 -0.220410
v -1.929994 0.412504 0.258120
v -1.925232 0.454692 -0.220000
v -1.882688 0.412222 0.258566
v -1.877926 0.454410 -0.219554
v -1.833122 0.412426 0.259078
v -1.828360 0.454614 -0.219042
v -1.784766 0.413018 0.259612
v -1.780004 0.455206 -0.218508
v -1.737540 0.413970 0.260166
v -1.732778 0.456160 -0.217952
v -1.691382 0.415258 0.260738
v -1.686620 0.457446 -0.217380
v -1.646230 0.416848 0.261330
v -1.641468 0.459038 -0.216790
v -1.602026 0.418718 0.261934
v -1.597262 0.460906 -0.216184
v -1.558704 0.420836 0.262552
v -1.553942 0.463026 -0.215566
v -1.516204 0.423176 0.263182
v -1.511442 0.465366 -0.214936
v -1.474466 0.425710 0.263822
v -1.469704 0.467898 -0.214296
v -1.433428 0.428410 0.264468
v -1.428666 0.470598 -0.213650
v -1.393028 0.431246 0.265122
v -1.388264 0.473436 -0.212996
v -1.334718 0.435562 0.266084
v -1.329956 0.477750 -0.212036
v -1.334896 0.639806 0.284104
v -1.330134 0.681994 -0.194014
v -1.393872 0.632954 0.282912
v -1.389110 0.675144 -0.195206
v -1.431980 0.629116 0.282194
v -1.427218 0.671304 -0.195924
v -1.471616 0.625672 0.281494
v -1.466854 0.667860 -0.196624
v -1.512692 0.622616 0.280816
v -1.507930 0.664806 -0.197302
v -1.555122 0.619946 0.280158
v -1.550360 0.662134 -0.197960
v -1.598820 0.617652 0.279520
v -1.594058 0.659840 -0.198598
v -1.643700 0.615728 0.278904
v -1.638938 0.657918 -0.199216
v -1.689676 0.614170 0.278308
v -1.684914 0.656358 -0.199810
v -1.736662 0.612968 0.277734
v -1.731900 0.655158 -0.200384
v -1.784576 0.612120 0.277182
v -1.779814 0.654308 -0.200936
v -1.833332 0.611614 0.276652
v -1.828570 0.653804 -0.201468
v -1.882820 0.611448 0.276144
v -1.878058 0.653638 -0.201974
v -1.414954 -0.445844 0.187510
v -1.410190 -0.403654 -0.290610
v -1.423686 -0.476960 0.184676
v -1.418924 -0.434770 -0.293442
v -1.438292 -0.505998 0.181968
v -1.433530 -0.463810 -0.296150
v -1.458996 -0.533030 0.179378
v -1.454234 -0.490842 -0.298742
v -1.486098 -0.557968 0.176906
v -1.481336 -0.515778 -0.301212
v -1.519860 -0.580574 0.174576
v -1.515098 -0.538386 -0.303544
v -1.560458 -0.600534 0.172410
v -1.555696 -0.558344 -0.305708
v -1.607980 -0.617510 0.170438
v -1.603218 -0.575322 -0.307680
v -1.662464 -0.631188 0.168688
v -1.657702 -0.589000 -0.309430
v -1.723922 -0.641278 0.167186
v -1.719158 -0.599090 -0.310932
v -1.792350 -0.647514 0.165954
v -1.787588 -0.605324 -0.312164
v -1.867930 -0.649650 0.165014
v -1.863168 -0.607460 -0.313106
v -1.935946 -0.649038 0.164390
v -1.931184 -0.606850 -0.313728
v -2.003090 -0.647220 0.163882
v -1.998326 -0.605032 -0.314238
v -2.068852 -0.644234 0.163490
v -2.064088 -0.602046 -0.314628
v -2.132914 -0.640114 0.163216
v -2.128152 -0.597926 -0.314904
v -2.194958 -0.634896 0.163058
v -2.190194 -0.592708 -0.315062
v -2.254662 -0.628618 0.163016
v -2.249900 -0.586430 -0.315102
v -2.311706 -0.621318 0.163092
v -2.306942 -0.579128 -0.315026
v -2.365760 -0.613032 0.163286
v -2.360998 -0.570844 -0.314834
v -2.416500 -0.603806 0.163594
v -2.411738 -0.561618 -0.314524
v -2.463588 -0.593686 0.164018
v -2.458826 -0.551498 -0.314100
v -2.506678 -0.582724 0.164556
v -2.501916 -0.540536 -0.313562
v -2.571468 -0.563094 0.165644
v -2.566704 -0.520904 -0.312476
v -2.573772 -0.776642 0.146776
v -2.569010 -0.734452 -0.331342
v -2.519948 -0.790350 0.146104
v -2.515186 -0.748160 -0.332016
v -2.476758 -0.799746 0.145704
v -2.471994 -0.757556 -0.332414
v -2.429630 -0.808552 0.145396
v -2.424868 -0.766362 -0.332722
v -2.378820 -0.816710 0.145182
v -2.374056 -0.774522 -0.332936
v -2.324582 -0.824160 0.145066
v -2.319820 -0.781972 -0.333052
v -2.267186 -0.830836 0.145048
v -2.262422 -0.788646 -0.333070
v -2.206896 -0.836672 0.145134
v -2.202132 -0.794482 -0.332984
v -2.143982 -0.841600 0.145326
v -2.139220 -0.799410 -0.332792
v -2.078720 -0.845552 0.145628
v -2.073958 -0.803364 -0.332492
v -2.011380 -0.848462 0.146042
v -2.006616 -0.806272 -0.332078
v -1.942234 -0.850258 0.146572
v -1.937472 -0.808068 -0.331548
v -1.871364 -0.850874 0.147224
v -1.866600 -0.808684 -0.330896
v -1.772448 -0.848074 0.148456
v -1.767686 -0.805884 -0.329664
v -1.680498 -0.839672 0.150112
v -1.675736 -0.797482 -0.328006
v -1.595888 -0.825684 0.152190
v -1.591124 -0.783496 -0.325928
v -1.518814 -0.806102 0.154686
v -1.514052 -0.763914 -0.323434
v -1.449490 -0.780890 0.157600
v -1.444728 -0.738702 -0.320518
v -1.388160 -0.749984 0.160938
v -1.383398 -0.707796 -0.317180
v -1.335138 -0.713312 0.164702
v -1.330376 -0.671122 -0.313416
v -1.290828 -0.670832 0.168892
v -1.286066 -0.628642 -0.309226
v -1.255724 -0.622616 0.173496
v -1.250962 -0.580428 -0.304622
v -1.230318 -0.568910 0.178488
v -1.225556 -0.526720 -0.299630
v -1.214976 -0.510078 0.183832
v -1.210214 -0.467890 -0.294286
v -1.209932 -0.447054 0.189444
v -1.205170 -0.404864 -0.288674
v -1.210464 -0.420470 0.191784
v -1.205702 -0.378282 -0.286334
v -1.211904 -0.394898 0.194028
v -1.207140 -0.352710 -0.284092
v -1.214150 -0.369754 0.196224
v -1.209388 -0.327564 -0.281896
v -1.217094 -0.345052 0.198374
v -1.212332 -0.302864 -0.279744
v -1.220624 -0.320810 0.200478
v -1.215862 -0.278620 -0.277640
v -1.224634 -0.297040 0.202536
v -1.219872 -0.254852 -0.275584
v -1.229010 -0.273762 0.204546
v -1.224248 -0.231572 -0.273572
v -1.233648 -0.250986 0.206510
v -1.228886 -0.208796 -0.271610
v -1.238438 -0.228730 0.208426
v -1.233676 -0.186540 -0.269694
v -1.243274 -0.207012 0.210294
v -1.238510 -0.164822 -0.267824
v -1.248048 -0.185850 0.212114
v -1.243284 -0.143660 -0.266006
v -1.256528 -0.147956 0.215372
v -1.251766 -0.105766 -0.262746
v -1.460686 -0.168044 0.211566
v -1.455924 -0.125856 -0.266552
v -1.446976 -0.211104 0.207904
v -1.442212 -0.168916 -0.270216
v -1.441210 -0.230336 0.206264
v -1.436448 -0.188148 -0.271854
v -1.435908 -0.249322 0.204642
v -1.431144 -0.207134 -0.273478
v -1.431084 -0.268084 0.203034
v -1.426322 -0.225894 -0.275084
v -1.426762 -0.286638 0.201440
v -1.422000 -0.244450 -0.276678
v -1.422956 -0.305008 0.199856
v -1.418194 -0.262820 -0.278262
v -1.419686 -0.323214 0.198282
v -1.414924 -0.281026 -0.279836
v -1.416968 -0.341278 0.196716
v -1.412206 -0.299090 -0.281402
v -1.414820 -0.359222 0.195154
v -1.410058 -0.317032 -0.282964
v -1.413260 -0.377070 0.193594
v -1.408498 -0.334880 -0.284524
v -1.412304 -0.394844 0.192036
v -1.407542 -0.352654 -0.286082
v -1.411984 -0.411876 0.190536
v -1.407222 -0.369688 -0.287582
v -3.805792 0.222520 0.222670
v -3.801030 0.264710 -0.255448
v -3.854238 0.250384 0.224646
v -3.849476 0.292572 -0.253472
v -3.902886 0.277630 0.226566
v -3.898124 0.319818 -0.251552
v -3.951272 0.304130 0.228422
v -3.946510 0.346318 -0.249696
v -3.998934 0.329754 0.230208
v -3.994172 0.371944 -0.247910
v -4.045408 0.354374 0.231918
v -4.040646 0.396564 -0.246200
v -4.090228 0.377858 0.233544
v -4.085464 0.420048 -0.244574
v -4.132924 0.400074 0.235080
v -4.128162 0.442264 -0.243040
v -4.173028 0.420888 0.236516
v -4.168266 0.463076 -0.241602
v -4.210068 0.440162 0.237848
v -4.205304 0.482352 -0.240270
v -4.243558 0.457760 0.239068
v -4.238796 0.499950 -0.239052
v -4.272792 0.473416 0.240158
v -4.268030 0.515606 -0.237960
v -4.286606 0.481510 0.240734
v -4.281842 0.523698 -0.237384
v -4.300086 0.489490 0.241304
v -4.295322 0.531678 -0.236814
v -4.312982 0.497230 0.241858
v -4.308218 0.539418 -0.236260
v -4.325346 0.504784 0.242402
v -4.320584 0.546974 -0.235716
v -4.337238 0.512208 0.242938
v -4.332476 0.554396 -0.235180
v -4.348712 0.519554 0.243472
v -4.343950 0.561744 -0.234646
v -4.359826 0.526880 0.244008
v -4.355064 0.569070 -0.234110
v -4.370640 0.534240 0.244550
v -4.365876 0.576428 -0.233568
v -4.381210 0.541692 0.245102
v -4.376448 0.583880 -0.233016
v -4.391602 0.549292 0.245670
v -4.386840 0.591480 -0.232450
v -4.401876 0.557098 0.246256
v -4.397114 0.599288 -0.231862
v -4.429854 0.579208 0.247928
v -4.425092 0.621398 -0.230190
v -4.540210 0.401564 0.231154
v -4.535448 0.443752 -0.246964
v -4.511138 0.384170 0.229908
v -4.506376 0.426360 -0.248210
v -4.499188 0.377194 0.229412
v -4.494426 0.419384 -0.248706
v -4.487064 0.370272 0.228922
v -4.482300 0.412462 -0.249196
v -4.474746 0.363382 0.228436
v -4.469984 0.405572 -0.249682
v -4.462224 0.356502 0.227954
v -4.457460 0.398692 -0.250164
v -4.449482 0.349612 0.227474
v -4.444720 0.391802 -0.250646
v -4.436508 0.342692 0.226992
v -4.431746 0.384880 -0.251126
v -4.423288 0.335718 0.226508
v -4.418526 0.377906 -0.251610
v -4.409806 0.328670 0.226020
v -4.405044 0.370858 -0.252098
v -4.396048 0.321526 0.225528
v -4.391284 0.363716 -0.252592
v -4.382000 0.314266 0.225026
v -4.377236 0.356456 -0.253092
v -4.367592 0.306842 0.224514
v -4.362830 0.349030 -0.253604
v -4.330696 0.288112 0.223230
v -4.325932 0.330302 -0.254888
v -4.288776 0.267056 0.221790
v -4.284014 0.309246 -0.256330
v -4.242608 0.243898 0.220206
v -4.237846 0.286088 -0.257912
v -4.192940 0.218854 0.218490
v -4.188178 0.261044 -0.259628
v -4.140532 0.192142 0.216656
v -4.135770 0.234330 -0.261464
v -4.086144 0.163980 0.214712
v -4.081380 0.206170 -0.263406
v -4.030542 0.134596 0.212674
v -4.025778 0.176786 -0.265446
v -3.974492 0.104212 0.210550
v -3.969730 0.146402 -0.267568
v -3.918766 0.073054 0.208356
v -3.914002 0.115244 -0.269762
v -3.864134 0.041352 0.206104
v -3.859372 0.083542 -0.272016
v -3.811374 0.009340 0.203804
v -3.806612 0.051528 -0.274314
v -3.761190 -0.022796 0.201468
v -3.756428 0.019394 -0.276650
v -3.716762 -0.052576 0.199282
v -3.711998 -0.010388 -0.278836
v -3.675758 -0.082694 0.197034
v -3.670996 -0.040504 -0.281084
v -3.638174 -0.113248 0.194712
v -3.633412 -0.071058 -0.283406
v -3.604142 -0.144236 0.192316
v -3.599378 -0.102048 -0.285802
v -3.573782 -0.175660 0.189846
v -3.569018 -0.133470 -0.288272
v -3.547208 -0.207510 0.187300
v -3.542446 -0.165320 -0.290818
v -3.524522 -0.239784 0.184678
v -3.519758 -0.197596 -0.293440
v -3.505804 -0.272488 0.181980
v -3.501040 -0.230300 -0.296140
v -3.491122 -0.305648 0.179200
v -3.486358 -0.263458 -0.298920
v -3.480532 -0.339316 0.176334
v -3.475770 -0.297128 -0.301784
v -3.474098 -0.373590 0.173374
v -3.469336 -0.331400 -0.304744
v -3.471920 -0.408386 0.170326
v -3.467158 -0.366198 -0.307794
v -3.474918 -0.445238 0.167044
v -3.470156 -0.403050 -0.311076
v -3.483836 -0.479048 0.163972
v -3.479074 -0.436858 -0.314148
v -3.498660 -0.510130 0.161080
v -3.493896 -0.467940 -0.317038
v -3.519532 -0.538644 0.158356
v -3.514770 -0.496454 -0.319762
v -3.546714 -0.564616 0.155794
v -3.541950 -0.522426 -0.322324
v -3.580460 -0.587914 0.153402
v -3.575696 -0.545726 -0.324716
v -3.620944 -0.608302 0.151200
v -3.616180 -0.566112 -0.326918
v -3.668250 -0.625504 0.149212
v -3.663486 -0.583314 -0.328908
v -3.722394 -0.639258 0.147458
v -3.717630 -0.597070 -0.330660
v -3.783360 -0.649332 0.145962
v -3.778598 -0.607142 -0.332156
v -3.851122 -0.655514 0.144742
v -3.846358 -0.613324 -0.333378
v -3.925808 -0.657618 0.143812
v -3.921046 -0.615430 -0.334306
v -3.980634 -0.657052 0.143316
v -3.975872 -0.614864 -0.334802
v -4.037124 -0.655384 0.142900
v -4.032360 -0.613196 -0.335218
v -4.094540 -0.652672 0.142568
v -4.089776 -0.610482 -0.335550
v -4.152324 -0.648966 0.142318
v -4.147562 -0.606778 -0.335800
v -4.209920 -0.644326 0.142154
v -4.205156 -0.602136 -0.335964
v -4.266768 -0.638806 0.142076
v -4.262006 -0.596616 -0.336044
v -4.322312 -0.632462 0.142082
v -4.317548 -0.590274 -0.336036
v -4.375988 -0.625354 0.142174
v -4.371226 -0.583166 -0.335944
v -4.427236 -0.617542 0.142354
v -4.422474 -0.575352 -0.335766
v -4.475484 -0.609084 0.142620
v -4.470722 -0.566896 -0.335500
v -4.520158 -0.600050 0.142972
v -4.515394 -0.557860 -0.335148
v -4.585660 -0.584626 0.143680
v -4.580896 -0.542436 -0.334438
v -4.585466 -0.804060 0.124320
v -4.580704 -0.761870 -0.353800
v -4.528936 -0.813226 0.124074
v -4.524174 -0.771038 -0.354046
v -4.486004 -0.819530 0.123944
v -4.481242 -0.777342 -0.354174
v -4.440238 -0.825594 0.123866
v -4.435476 -0.783404 -0.354254
v -4.391838 -0.831340 0.123840
v -4.387074 -0.789152 -0.354278
v -4.340994 -0.836696 0.123874
v -4.336232 -0.794506 -0.354244
v -4.287910 -0.841584 0.123972
v -4.283146 -0.799394 -0.354146
v -4.232780 -0.845930 0.124138
v -4.228018 -0.803740 -0.353982
v -4.175806 -0.849656 0.124376
v -4.171044 -0.807468 -0.353742
v -4.117188 -0.852688 0.124692
v -4.112424 -0.810498 -0.353426
v -4.057122 -0.854948 0.125092
v -4.052360 -0.812758 -0.353028
v -3.995810 -0.856360 0.125578
v -3.991048 -0.814172 -0.352540
v -3.933272 -0.856850 0.126158
v -3.928510 -0.814660 -0.351962
v -3.840624 -0.854458 0.127292
v -3.835862 -0.812268 -0.350828
v -3.752554 -0.847072 0.128820
v -3.747792 -0.804884 -0.349298
v -3.669762 -0.834390 0.130764
v -3.665000 -0.792202 -0.347354
v -3.592794 -0.816082 0.133146
v -3.588032 -0.773894 -0.344972
v -3.522204 -0.791788 0.135992
v -3.517440 -0.749598 -0.342126
v -3.458580 -0.761108 0.139334
v -3.453818 -0.718920 -0.338784
v -3.402596 -0.723634 0.143198
v -3.397834 -0.681444 -0.334920
v -3.355036 -0.678990 0.147612
v -3.350274 -0.636802 -0.330508
v -3.316788 -0.626944 0.152584
v -3.312026 -0.584756 -0.325534
v -3.288728 -0.567464 0.158112
v -3.283964 -0.525276 -0.320006
v -3.271564 -0.500650 0.164180
v -3.266802 -0.458462 -0.313940
v -3.265822 -0.426764 0.170756
v -3.261060 -0.384574 -0.307362
v -3.268718 -0.373954 0.175388
v -3.263956 -0.331764 -0.302732
v -3.277166 -0.323112 0.179790
v -3.272404 -0.280924 -0.298330
v -3.290988 -0.273964 0.183988
v -3.286224 -0.231774 -0.294130
v -3.309968 -0.226466 0.187990
v -3.305204 -0.184278 -0.290128
v -3.333874 -0.180562 0.191804
v -3.329112 -0.138372 -0.286316
v -3.362474 -0.136158 0.195436
v -3.357710 -0.093968 -0.282682
v -3.395540 -0.093140 0.198904
v -3.390776 -0.050952 -0.279216
v -3.432860 -0.051384 0.202216
v -3.428096 -0.009194 -0.275902
v -3.474232 -0.010750 0.205390
v -3.469470 0.031440 -0.272730
v -3.519470 0.028898 0.208438
v -3.514706 0.071088 -0.269682
v -3.568390 0.067698 0.211374
v -3.563628 0.109888 -0.266744
v -3.606312 0.095246 0.213426
v -3.601550 0.137434 -0.264692
v -3.591442 0.122278 0.215960
v -3.586680 0.164466 -0.262158
v -3.567580 0.167396 0.220180
v -3.562818 0.209586 -0.257940
v -3.543356 0.214790 0.224602
v -3.538594 0.256978 -0.253516
v -3.518860 0.264164 0.229204
v -3.514096 0.306354 -0.248916
v -3.494184 0.315232 0.233956
v -3.489422 0.357420 -0.244164
v -3.469424 0.367696 0.238832
v -3.464662 0.409886 -0.239288
v -3.444674 0.421266 0.243804
v -3.439912 0.463454 -0.234314
v -3.420030 0.475644 0.248848
v -3.415266 0.517834 -0.229270
v -3.395586 0.530538 0.253936
v -3.390822 0.572726 -0.224182
v -3.371440 0.585650 0.259040
v -3.366676 0.627838 -0.219080
v -3.347686 0.640684 0.264132
v -3.342922 0.682872 -0.213986
v -3.316588 0.713750 0.270890
v -3.311826 0.755938 -0.207230
v -3.512422 0.795212 0.276126
v -3.507660 0.837400 -0.201992
v -3.539956 0.721232 0.269324
v -3.535194 0.763420 -0.208794
v -3.560932 0.667160 0.264344
v -3.556168 0.709350 -0.213774
v -3.582518 0.613620 0.259404
v -3.577756 0.655808 -0.218714
v -3.604604 0.560798 0.254524
v -3.599842 0.602986 -0.223594
v -3.627080 0.508884 0.249720
v -3.622318 0.551072 -0.228400
v -3.649832 0.458066 0.245008
v -3.645068 0.500256 -0.233110
v -3.672748 0.408536 0.240410
v -3.667986 0.450726 -0.237708
v -3.695716 0.360482 0.235940
v -3.690954 0.402672 -0.242178
v -3.718624 0.314094 0.231620
v -3.713860 0.356284 -0.246500
v -3.741358 0.269562 0.227464
v -3.736594 0.311752 -0.250656
v -3.763804 0.227078 0.223490
v -3.759042 0.269268 -0.254628
v -3.775988 0.204836 0.221406
v -3.771226 0.247024 -0.256712
v -6.619636 -0.273166 0.150902
v -6.614872 -0.230976 -0.327216
v -6.595968 -0.197408 0.157824
v -6.591206 -0.155218 -0.320296
v -6.575664 -0.139148 0.163166
v -6.570902 -0.096958 -0.314952
v -6.552118 -0.077176 0.168870
v -6.547354 -0.034986 -0.309250
v -6.525718 -0.012656 0.174826
v -6.520956 0.029534 -0.303292
v -6.496856 0.053258 0.180930
v -6.492092 0.095446 -0.297190
v -6.465922 0.119416 0.187076
v -6.461160 0.161606 -0.291044
v -6.433310 0.184672 0.193158
v -6.428546 0.226862 -0.284960
v -6.399416 0.247876 0.199072
v -6.394652 0.290064 -0.279046
v -6.364644 0.307870 0.204714
v -6.359882 0.350060 -0.273406
v -6.329416 0.363494 0.209972
v -6.324654 0.405682 -0.268146
v -6.294172 0.413566 0.214742
v -6.289410 0.455756 -0.263376
v -6.242802 0.477582 0.220902
v -6.238040 0.519772 -0.257216
v -6.427248 0.560610 0.226392
v -6.422486 0.602800 -0.251728
v -6.469010 0.502734 0.220868
v -6.464248 0.544922 -0.257250
v -6.502992 0.450794 0.215946
v -6.498230 0.492984 -0.262172
v -6.537886 0.393304 0.210526
v -6.533124 0.435492 -0.267592
v -6.573184 0.331508 0.204722
v -6.568422 0.373696 -0.273396
v -6.608352 0.266672 0.198650
v -6.603590 0.308860 -0.279468
v -6.642846 0.200074 0.192430
v -6.638082 0.242264 -0.285688
v -6.676114 0.132996 0.186180
v -6.671350 0.175184 -0.291938
v -6.707604 0.066720 0.180018
v -6.702842 0.108910 -0.298100
v -6.736768 0.002530 0.174064
v -6.732004 0.044718 -0.304056
v -6.763048 -0.058302 0.168434
v -6.758286 -0.016114 -0.309684
v -6.785900 -0.114514 0.163246
v -6.781138 -0.072326 -0.314872
v -6.811042 -0.181580 0.157078
v -6.806280 -0.139392 -0.321040
v -6.489198 0.478086 0.218492
v -6.484436 0.520276 -0.259626
v -6.470182 0.515508 0.221984
v -6.465420 0.557698 -0.256134
v -6.458714 0.537516 0.224040
v -6.453950 0.579706 -0.254078
v -6.446366 0.560670 0.226206
v -6.441604 0.602858 -0.251912
v -6.433292 0.584656 0.228452
v -6.428528 0.626846 -0.249666
v -6.419638 0.609166 0.230752
v -6.414876 0.651356 -0.247366
v -6.405552 0.633888 0.233074
v -6.400790 0.676078 -0.245046
v -6.391188 0.658514 0.235390
v -6.386424 0.700704 -0.242728
v -6.376690 0.682734 0.237672
v -6.371928 0.724922 -0.240448
v -6.362214 0.706232 0.239888
v -6.357450 0.748420 -0.238230
v -6.347910 0.728696 0.242014
v -6.343148 0.770884 -0.236106
v -6.333940 0.749804 0.244016
v -6.329178 0.791994 -0.234104
v -6.306160 0.789874 0.247828
v -6.301396 0.832064 -0.230290
v -6.452098 0.849084 0.251598
v -6.447336 0.891272 -0.226520
v -6.474252 0.817346 0.248578
v -6.469490 0.859534 -0.229542
v -6.488094 0.796654 0.246614
v -6.483332 0.838842 -0.231504
v -6.502448 0.774454 0.244512
v -6.497684 0.816642 -0.233606
v -6.517148 0.751068 0.242302
v -6.512384 0.793256 -0.235816
v -6.532020 0.726822 0.240014
v -6.527258 0.769012 -0.238104
v -6.546896 0.702048 0.237680
v -6.542132 0.744238 -0.240438
v -6.561594 0.677078 0.235330
v -6.556832 0.719268 -0.242788
v -6.575942 0.652246 0.232996
v -6.571178 0.694434 -0.245122
v -6.589758 0.627882 0.230708
v -6.584996 0.670072 -0.247410
v -6.602872 0.604324 0.228500
v -6.598110 0.646512 -0.249620
v -6.615102 0.581898 0.226398
v -6.610340 0.624088 -0.251720
v -6.636354 0.542030 0.222668
v -6.631592 0.584218 -0.255450
v -6.715480 0.559726 0.223442
v -6.710718 0.601916 -0.254676
v -6.695452 0.598236 0.227040
v -6.690690 0.640424 -0.251078
v -6.683328 0.620942 0.229164
v -6.678566 0.663132 -0.248954
v -6.670508 0.644362 0.231358
v -6.665746 0.686552 -0.246760
v -6.657106 0.668260 0.233600
v -6.652344 0.710450 -0.244518
v -6.643238 0.692406 0.235870
v -6.638474 0.734594 -0.242250
v -6.629014 0.716562 0.238142
v -6.624252 0.758752 -0.239976
v -6.614552 0.740500 0.240398
v -6.609788 0.782688 -0.237720
v -6.599964 0.763982 0.242616
v -6.595202 0.806172 -0.235502
v -6.585368 0.786776 0.244774
v -6.580606 0.828966 -0.233346
v -6.570882 0.808646 0.246848
v -6.566120 0.850836 -0.231272
v -6.556626 0.829352 0.248816
v -6.551864 0.871540 -0.229302
v -6.527890 0.869254 0.252624
v -6.523126 0.911442 -0.225496
v -6.671974 0.928812 0.256444
v -6.667210 0.971000 -0.221674
v -6.694770 0.896710 0.253384
v -6.690008 0.938900 -0.224734
v -6.709268 0.875616 0.251378
v -6.704504 0.917806 -0.226740
v -6.724360 0.853050 0.249236
v -6.719596 0.895238 -0.228882
v -6.739830 0.829362 0.246992
v -6.735066 0.871550 -0.231126
v -6.755456 0.804912 0.244680
v -6.750692 0.847102 -0.233440
v -6.771014 0.780058 0.242332
v -6.766252 0.822248 -0.235788
v -6.786280 0.755160 0.239982
v -6.781518 0.797348 -0.238136
v -6.801030 0.730576 0.237666
v -6.796268 0.772764 -0.240452
v -6.815042 0.706662 0.235416
v -6.810278 0.748852 -0.242702
v -6.828090 0.683776 0.233266
v -6.823326 0.725964 -0.244852
v -6.839956 0.662260 0.231250
v -6.835194 0.704448 -0.246868
v -6.860278 0.623810 0.227654
v -6.855514 0.666000 -0.250464
v -5.209092 0.349110 0.219862
v -5.204330 0.391300 -0.258256
v -5.228330 0.350064 0.219756
v -5.223568 0.392254 -0.258364
v -5.249398 0.351296 0.219654
v -5.244636 0.393484 -0.258464
v -5.272130 0.352778 0.219558
v -5.267366 0.394966 -0.258560
v -5.296360 0.354482 0.219468
v -5.291598 0.396670 -0.258652
v -5.321934 0.356382 0.219380
v -5.317172 0.398570 -0.258738
v -5.348690 0.358448 0.219296
v -5.343928 0.400638 -0.258822
v -5.376478 0.360654 0.219214
v -5.371714 0.402844 -0.258904
v -5.405138 0.362972 0.219132
v -5.400374 0.405162 -0.258986
v -5.434516 0.365374 0.219052
v -5.429754 0.407562 -0.259066
v -5.464462 0.367832 0.218970
v -5.459700 0.410020 -0.259148
v -5.479830 0.369090 0.218928
v -5.475068 0.411280 -0.259190
v -5.484170 0.390384 0.220764
v -5.479408 0.432572 -0.257354
v -5.491098 0.426620 0.223892
v -5.486336 0.468808 -0.254226
v -5.497598 0.463120 0.227048
v -5.492836 0.505308 -0.251070
v -5.503620 0.499770 0.230224
v -5.498856 0.541960 -0.247896
v -5.509114 0.536460 0.233406
v -5.504352 0.578650 -0.244712
v -5.514034 0.573074 0.236588
v -5.509272 0.615264 -0.241530
v -5.518332 0.609500 0.239758
v -5.513568 0.651688 -0.238360
v -5.521958 0.645620 0.242910
v -5.517196 0.687810 -0.235208
v -5.524868 0.681324 0.246032
v -5.520104 0.723514 -0.232086
v -5.527010 0.716494 0.249114
v -5.522248 0.758682 -0.229004
v -5.528342 0.751014 0.252146
v -5.523578 0.793202 -0.225972
v -5.529122 0.806714 0.257054
v -5.524360 0.848902 -0.221066
v -5.756938 0.784510 0.252826
v -5.752174 0.826700 -0.225294
v -5.750364 0.753268 0.250134
v -5.745602 0.795456 -0.227984
v -5.748380 0.743654 0.249306
v -5.743616 0.785842 -0.228814
v -5.746408 0.733918 0.248466
v -5.741646 0.776108 -0.229652
v -5.744458 0.724082 0.247618
v -5.739696 0.766272 -0.230502
v -5.742538 0.714168 0.246762
v -5.737774 0.756358 -0.231356
v -5.740650 0.704196 0.245900
v -5.735888 0.746386 -0.232218
v -5.738806 0.694188 0.245036
v -5.734044 0.736378 -0.233082
v -5.737012 0.684166 0.244170
v -5.732250 0.726354 -0.233950
v -5.735272 0.674150 0.243302
v -5.730510 0.716338 -0.234816
v -5.733596 0.664162 0.242438
v -5.728834 0.706350 -0.235680
v -5.731990 0.654222 0.241578
v -5.727228 0.696412 -0.236542
v -5.730408 0.644004 0.240692
v -5.725646 0.686192 -0.237428
v -5.682842 0.386446 0.218438
v -5.678080 0.428634 -0.259680
v -5.680042 0.386210 0.218446
v -5.675278 0.428400 -0.259674
v -5.702748 0.388066 0.218382
v -5.697986 0.430254 -0.259736
v -5.724814 0.389812 0.218316
v -5.720052 0.432000 -0.259802
v -5.746162 0.391432 0.218248
v -5.741400 0.433622 -0.259872
v -5.766720 0.392916 0.218174
v -5.761956 0.435106 -0.259944
v -5.786410 0.394250 0.218096
v -5.781648 0.436438 -0.260024
v -5.805162 0.395416 0.218012
v -5.800400 0.437606 -0.260108
v -5.822906 0.396404 0.217922
v -5.818144 0.438594 -0.260196
v -5.839572 0.397200 0.217826
v -5.834808 0.439388 -0.260292
v -5.855094 0.397786 0.217722
v -5.850330 0.439976 -0.260396
v -5.869412 0.398152 0.217612
v -5.864650 0.440340 -0.260506
v -5.882700 0.398280 0.217492
v -5.877938 0.440468 -0.260628
v -5.928148 0.396748 0.216904
v -5.923384 0.438938 -0.261214
v -5.972314 0.391768 0.216024
v -5.967552 0.433958 -0.262094
v -6.014644 0.382774 0.214810
v -6.009882 0.424964 -0.263310
v -6.054724 0.369164 0.213208
v -6.049962 0.411352 -0.264910
v -6.092058 0.350330 0.211174
v -6.087294 0.392518 -0.266944
v -6.126036 0.325724 0.208666
v -6.121274 0.367912 -0.269454
v -6.155988 0.294936 0.205650
v -6.151226 0.337124 -0.272468
v -6.181288 0.257710 0.202114
v -6.176524 0.299898 -0.276006
v -6.201452 0.213860 0.198044
v -6.196690 0.256050 -0.280076
v -6.216154 0.163156 0.193422
v -6.211392 0.205344 -0.284696
v -6.225136 0.105250 0.188224
v -6.220374 0.147440 -0.289894
v -6.228132 0.040016 0.182438
v -6.223370 0.082206 -0.295680
v -6.227354 -0.021586 0.177010
v -6.222590 0.020604 -0.301108
v -6.225100 -0.085346 0.171406
v -6.220338 -0.043156 -0.306712
v -6.221322 -0.150822 0.165666
v -6.216558 -0.108634 -0.312452
v -6.215970 -0.217228 0.159860
v -6.211206 -0.175040 -0.318260
v -6.208990 -0.283778 0.154056
v -6.204226 -0.241588 -0.324062
v -6.200332 -0.349684 0.148328
v -6.195568 -0.307496 -0.329792
v -6.189940 -0.414166 0.142742
v -6.185178 -0.371976 -0.335378
v -6.177754 -0.476446 0.137366
v -6.172990 -0.434258 -0.340752
v -6.163704 -0.535758 0.132274
v -6.158940 -0.493570 -0.345846
v -6.147710 -0.591348 0.127528
v -6.142946 -0.549160 -0.350592
v -6.129664 -0.642480 0.123196
v -6.124900 -0.600292 -0.354924
v -6.109504 -0.688232 0.119358
v -6.104742 -0.646042 -0.358760
v -6.091914 -0.721054 0.116638
v -6.087150 -0.678864 -0.361480
v -6.072540 -0.750050 0.114272
v -6.067778 -0.707860 -0.363846
v -6.051438 -0.775304 0.112254
v -6.046674 -0.733116 -0.365864
v -6.028648 -0.796960 0.110570
v -6.023886 -0.754772 -0.367548
v -6.004268 -0.815158 0.109208
v -5.999506 -0.772970 -0.368912
v -5.978430 -0.830070 0.108148
v -5.973668 -0.787880 -0.369970
v -5.951282 -0.841908 0.107374
v -5.946520 -0.799720 -0.370744
v -5.922958 -0.850938 0.106860
v -5.918196 -0.808748 -0.371258
v -5.893556 -0.857444 0.106578
v -5.888794 -0.815256 -0.371540
v -5.863140 -0.861732 0.106504
v -5.858376 -0.819542 -0.371616
v -5.831744 -0.864096 0.106608
v -5.826982 -0.821906 -0.371512
v -5.799436 -0.864820 0.106866
v -5.794672 -0.822630 -0.371254
v -5.779002 -0.864528 0.107094
v -5.774240 -0.822340 -0.371024
v -5.758202 -0.863694 0.107376
v -5.753440 -0.821504 -0.370744
v -5.737114 -0.862368 0.107702
v -5.732350 -0.820178 -0.370416
v -5.715884 -0.860600 0.108070
v -5.711120 -0.818412 -0.370048
v -5.694660 -0.858442 0.108472
v -5.689898 -0.816252 -0.369646
v -5.673596 -0.855942 0.108902
v -5.668832 -0.813754 -0.369216
v -5.652842 -0.853150 0.109356
v -5.648080 -0.810960 -0.368764
v -5.632556 -0.850112 0.109826
v -5.627792 -0.807922 -0.368294
v -5.612886 -0.846878 0.110306
v -5.608124 -0.804688 -0.367812
v -5.593988 -0.843494 0.110794
v -5.589226 -0.801304 -0.367324
v -5.576014 -0.840008 0.111280
v -5.571252 -0.797818 -0.366838
v -5.545742 -0.833662 0.112142
v -5.540980 -0.791474 -0.365976
v -5.512998 -0.621682 0.131172
v -5.508236 -0.579494 -0.346946
v -5.564338 -0.636730 0.129334
v -5.559576 -0.594542 -0.348784
v -5.585832 -0.642432 0.128616
v -5.581070 -0.600244 -0.349502
v -5.607726 -0.647700 0.127934
v -5.602962 -0.605510 -0.350184
v -5.629772 -0.652504 0.127290
v -5.625008 -0.610316 -0.350828
v -5.651720 -0.656822 0.126690
v -5.646958 -0.614634 -0.351428
v -5.673326 -0.660632 0.126140
v -5.668564 -0.618442 -0.351980
v -5.694342 -0.663906 0.125640
v -5.689578 -0.621718 -0.352478
v -5.714512 -0.666626 0.125200
v -5.709750 -0.624438 -0.352918
v -5.733586 -0.668770 0.124820
v -5.728824 -0.626582 -0.353298
v -5.751298 -0.670318 0.124508
v -5.746534 -0.628128 -0.353610
v -5.767368 -0.671252 0.124266
v -5.762604 -0.629062 -0.353854
v -5.781544 -0.671562 0.124096
v -5.776782 -0.629374 -0.354022
v -5.798876 -0.671216 0.123954
v -5.794114 -0.629028 -0.354164
v -5.815464 -0.670072 0.123890
v -5.810702 -0.627884 -0.354228
v -5.831204 -0.667984 0.123918
v -5.826442 -0.625796 -0.354200
v -5.846068 -0.664822 0.124048
v -5.841306 -0.622632 -0.354070
v -5.860064 -0.660458 0.124294
v -5.855300 -0.618270 -0.353824
v -5.873236 -0.654758 0.124666
v -5.868474 -0.612568 -0.353452
v -5.885676 -0.647548 0.125178
v -5.880914 -0.605358 -0.352940
v -5.897490 -0.638602 0.125850
v -5.892728 -0.596412 -0.352268
v -5.908760 -0.627638 0.126706
v -5.903996 -0.585450 -0.351414
v -5.919520 -0.614352 0.127770
v -5.914758 -0.572164 -0.350348
v -5.929750 -0.598436 0.129072
v -5.924986 -0.556248 -0.349046
v -5.939456 -0.579474 0.130650
v -5.934694 -0.537286 -0.347470
v -5.954222 -0.544856 0.133556
v -5.949460 -0.502668 -0.344562
v -5.967730 -0.505442 0.136900
v -5.962968 -0.463254 -0.341218
v -5.979996 -0.461678 0.140640
v -5.975232 -0.419490 -0.337478
v -5.990976 -0.414236 0.144716
v -5.986214 -0.372048 -0.333402
v -6.000656 -0.363764 0.149074
v -5.995894 -0.321576 -0.329044
v -6.009028 -0.310900 0.153656
v -6.004264 -0.268710 -0.324464
v -6.016092 -0.256268 0.158406
v -6.011330 -0.214078 -0.319712
v -6.021858 -0.200490 0.163270
v -6.017094 -0.158302 -0.314848
v -6.026330 -0.144186 0.168194
v -6.021568 -0.101996 -0.309924
v -6.029524 -0.087970 0.173122
v -6.024762 -0.045780 -0.304996
v -6.031450 -0.032458 0.178002
v -6.026688 0.009732 -0.300116
v -6.032116 0.021448 0.182752
v -6.027354 0.063638 -0.295366
v -6.030486 0.062282 0.186372
v -6.025724 0.104470 -0.291748
v -6.025730 0.096692 0.189454
v -6.020966 0.138880 -0.288664
v -6.018138 0.125300 0.192054
v -6.013376 0.167490 -0.286064
v -6.008050 0.148596 0.194210
v -6.003288 0.190784 -0.283908
v -5.995740 0.167244 0.195978
v -5.990978 0.209432 -0.282140
v -5.981272 0.182042 0.197428
v -5.976510 0.224232 -0.280690
v -5.964456 0.193714 0.198626
v -5.959694 0.235904 -0.279492
v -5.945012 0.202736 0.199616
v -5.940248 0.244926 -0.278502
v -5.922784 0.209364 0.200422
v -5.918022 0.251552 -0.277696
v -5.897804 0.213788 0.201062
v -5.893042 0.255976 -0.277056
v -5.870224 0.216232 0.201552
v -5.865460 0.258420 -0.276566
v -5.840150 0.216978 0.201918
v -5.835388 0.259168 -0.276202
v -5.828006 0.216860 0.202028
v -5.823244 0.259050 -0.276090
v -5.814400 0.216510 0.202132
v -5.809638 0.258700 -0.275986
v -5.799584 0.215940 0.202230
v -5.794822 0.258130 -0.275888
v -5.783664 0.215164 0.202320
v -5.778900 0.257352 -0.275798
v -5.766738 0.214192 0.202402
v -5.761976 0.256382 -0.275716
v -5.748908 0.213042 0.202478
v -5.744144 0.255230 -0.275640
v -5.730264 0.211724 0.202548
v -5.725502 0.253912 -0.275570
v -5.710906 0.210254 0.202612
v -5.706142 0.252442 -0.275508
v -5.690922 0.208644 0.202668
v -5.686160 0.250832 -0.275450
v -5.670408 0.206910 0.202720
v -5.665646 0.249098 -0.275398
v -5.649454 0.205064 0.202766
v -5.644692 0.247252 -0.275354
v -5.642056 0.204388 0.202780
v -5.637294 0.246578 -0.275338
v -5.625752 0.143200 0.197542
v -5.620990 0.185390 -0.280576
v -5.603182 0.062416 0.190640
v -5.598420 0.104604 -0.287480
v -5.577912 -0.023412 0.183318
v -5.573150 0.018776 -0.294802
v -5.549894 -0.113304 0.175664
v -5.545130 -0.071114 -0.302454
v -5.519076 -0.206280 0.167768
v -5.514312 -0.164090 -0.310352
v -5.485404 -0.301360 0.159712
v -5.480642 -0.259172 -0.318406
v -5.448828 -0.397572 0.151588
v -5.444066 -0.355382 -0.326530
v -5.409292 -0.493936 0.143478
v -5.404530 -0.451748 -0.334640
v -5.366736 -0.589482 0.135472
v -5.361972 -0.547292 -0.342648
v -5.321100 -0.683236 0.127652
v -5.316338 -0.641046 -0.350466
v -5.272320 -0.774226 0.120110
v -5.267556 -0.732036 -0.358008
v -5.211788 -0.875798 0.111750
v -5.207026 -0.833610 -0.366368
v -5.010756 -0.794180 0.120954
v -5.005994 -0.751992 -0.357164
v -5.074628 -0.702902 0.128372
v -5.069864 -0.660712 -0.349746
v -5.121626 -0.626156 0.134676
v -5.116864 -0.583966 -0.343442
v -5.166326 -0.544206 0.141462
v -5.161562 -0.502016 -0.336656
v -5.208584 -0.458364 0.148616
v -5.203822 -0.416176 -0.329502
v -5.248276 -0.369944 0.156024
v -5.243514 -0.327754 -0.322096
v -5.285286 -0.280246 0.163570
v -5.280524 -0.238056 -0.314550
v -5.319502 -0.190574 0.171142
v -5.314740 -0.148386 -0.306978
v -5.350812 -0.102228 0.178624
v -5.346050 -0.060040 -0.299494
v -5.379116 -0.016508 0.185906
v -5.374352 0.025682 -0.292212
v -5.404304 0.065292 0.192874
v -5.399542 0.107480 -0.285244
v -5.426278 0.141868 0.199412
v -5.421514 0.184058 -0.278706
v -5.437568 0.184268 0.203042
v -5.432806 0.226456 -0.275078
v -5.212582 0.161328 0.203258
v -5.207820 0.203516 -0.274860
v -5.200572 0.159784 0.203242
v -5.195810 0.201974 -0.274878
v -5.186962 0.158062 0.203224
v -5.182200 0.200252 -0.274894
v -5.172286 0.156218 0.203208
v -5.167522 0.198406 -0.274910
v -5.156790 0.154272 0.203190
v -5.152028 0.196460 -0.274928
v -5.140724 0.152244 0.203172
v -5.135960 0.194432 -0.274946
v -5.124336 0.150154 0.203150
v -5.119574 0.192344 -0.274968
v -5.107880 0.148026 0.203128
v -5.103116 0.190214 -0.274992
v -5.091604 0.145878 0.203100
v -5.086842 0.188068 -0.275018
v -5.075764 0.143734 0.203068
v -5.071002 0.185924 -0.275050
v -5.060616 0.141616 0.203032
v -5.055854 0.183804 -0.275086
v -5.046420 0.139542 0.202990
v -5.041656 0.181732 -0.275128
v -5.012566 0.134322 0.202868
v -5.007802 0.176512 -0.275252
v -4.990190 0.349124 0.222044
v -4.985426 0.391312 -0.256074
v -5.028756 0.348006 0.221562
v -5.023994 0.390196 -0.256558
v -5.044006 0.347634 0.221376
v -5.039244 0.389824 -0.256742
v -5.058916 0.347346 0.221202
v -5.054152 0.389536 -0.256916
v -5.073570 0.347140 0.221038
v -5.068808 0.389330 -0.257080
v -5.088054 0.347016 0.220884
v -5.083292 0.389206 -0.257236
v -5.102452 0.346976 0.220736
v -5.097690 0.389164 -0.257382
v -5.116852 0.347016 0.220596
v -5.112088 0.389206 -0.257522
v -5.131336 0.347140 0.220464
v -5.126574 0.389330 -0.257656
v -5.145990 0.347346 0.220336
v -5.141228 0.389536 -0.257784
v -5.160902 0.347634 0.220212
v -5.156138 0.389824 -0.257906
v -5.176152 0.348006 0.220094
v -5.171388 0.390196 -0.258026
v -5.191782 0.348458 0.219978
v -5.187018 0.390648 -0.258142
v -7.988234 0.848984 0.236288
v -7.983472 0.891172 -0.241830
v -7.987590 0.806334 0.232532
v -7.982828 0.848524 -0.245588
v -7.986764 0.762264 0.228652
v -7.982002 0.804454 -0.249468
v -7.985664 0.716872 0.224656
v -7.980902 0.759062 -0.253462
v -7.984202 0.670258 0.220558
v -7.979438 0.712448 -0.257560
v -7.982282 0.622520 0.216364
v -7.977520 0.664708 -0.261754
v -7.979818 0.573754 0.212086
v -7.975056 0.615944 -0.266032
v -7.976716 0.524060 0.207732
v -7.971954 0.566250 -0.270386
v -7.972888 0.473536 0.203312
v -7.968124 0.515724 -0.274806
v -7.968236 0.422276 0.198836
v -7.963474 0.464464 -0.279284
v -7.962676 0.370378 0.194312
v -7.957912 0.412568 -0.283808
v -7.958934 0.340500 0.191712
v -7.954172 0.382690 -0.286406
v -8.788264 0.340500 0.183452
v -8.783502 0.382690 -0.294668
v -8.788094 0.147252 0.166400
v -8.783332 0.189440 -0.311718
v -8.038190 0.147252 0.173870
v -8.033428 0.189440 -0.304248
v -8.066338 0.065790 0.166402
v -8.061574 0.107980 -0.311716
v -8.108472 -0.037916 0.156832
v -8.103710 0.004274 -0.321288
v -8.155640 -0.137492 0.147574
v -8.150878 -0.095302 -0.330544
v -8.207838 -0.232508 0.138670
v -8.203074 -0.190320 -0.339448
v -8.265066 -0.322544 0.130156
v -8.260304 -0.280356 -0.347962
v -8.327328 -0.407180 0.122068
v -8.322566 -0.364990 -0.356052
v -8.394624 -0.486000 0.114442
v -8.389862 -0.443810 -0.363676
v -8.466958 -0.558594 0.107316
v -8.462196 -0.516404 -0.370802
v -8.544340 -0.624558 0.100724
v -8.539578 -0.582368 -0.377394
v -8.626788 -0.683490 0.094702
v -8.622024 -0.641302 -0.383416
v -8.714324 -0.734996 0.089286
v -8.709562 -0.692806 -0.388832
v -8.834434 -0.791608 0.083094
v -8.829672 -0.749420 -0.395024
v -8.803482 -0.820404 0.080862
v -8.798718 -0.778214 -0.397256
v -8.793958 -0.829948 0.080114
v -8.789196 -0.787760 -0.398004
v -8.784148 -0.840400 0.079290
v -8.779386 -0.798212 -0.398828
v -8.774196 -0.851584 0.078402
v -8.769434 -0.809394 -0.399716
v -8.764228 -0.863322 0.077466
v -8.759466 -0.821134 -0.400654
v -8.754376 -0.875446 0.076494
v -8.749612 -0.833256 -0.401624
v -8.744752 -0.887784 0.075502
v -8.739990 -0.845596 -0.402618
v -8.735486 -0.900166 0.074500
v -8.730724 -0.857978 -0.403618
v -8.726694 -0.912422 0.073506
v -8.721930 -0.870234 -0.404612
v -8.718494 -0.924378 0.072534
v -8.713730 -0.882190 -0.405586
v -8.711010 -0.935854 0.071596
v -8.706246 -0.893664 -0.406524
v -8.694414 -0.962850 0.069378
v -8.689650 -0.920660 -0.408740
v -8.582858 -0.904492 0.075640
v -8.578096 -0.862302 -0.402480
v -8.492560 -0.847500 0.081568
v -8.487798 -0.805312 -0.396550
v -8.407590 -0.783836 0.088032
v -8.402828 -0.741648 -0.390086
v -8.327864 -0.713758 0.095010
v -8.323102 -0.671570 -0.383110
v -8.253294 -0.637526 0.102480
v -8.248532 -0.595338 -0.375640
v -8.183784 -0.555398 0.110418
v -8.179022 -0.513208 -0.367700
v -8.119232 -0.467628 0.118806
v -8.114468 -0.425438 -0.359312
v -8.059534 -0.374470 0.127622
v -8.054772 -0.332280 -0.350498
v -8.004584 -0.276170 0.136842
v -7.999822 -0.233980 -0.341276
v -7.954272 -0.172972 0.146450
v -7.949510 -0.130782 -0.331668
v -7.908490 -0.065118 0.156422
v -7.903726 -0.022928 -0.321696
v -7.888560 -0.011024 0.161394
v -7.883798 0.031166 -0.316724
v -7.878032 -0.048276 0.158212
v -7.873270 -0.006088 -0.319906
v -7.845086 -0.144706 0.150032
v -7.840324 -0.102518 -0.328088
v -7.806052 -0.240042 0.142008
v -7.801288 -0.197852 -0.336110
v -7.760376 -0.333720 0.134196
v -7.755612 -0.291532 -0.343922
v -7.707510 -0.425176 0.126654
v -7.702746 -0.382988 -0.351466
v -7.646910 -0.513836 0.119434
v -7.642148 -0.471646 -0.358684
v -7.578042 -0.599120 0.112594
v -7.573278 -0.556932 -0.365524
v -7.500378 -0.680448 0.106192
v -7.495614 -0.638258 -0.371928
v -7.413400 -0.757238 0.100282
v -7.408638 -0.715048 -0.377836
v -7.316606 -0.828912 0.094922
v -7.311844 -0.786722 -0.383198
v -7.209494 -0.894904 0.090166
v -7.204730 -0.852716 -0.387954
v -7.076360 -0.962360 0.085540
v -7.071598 -0.920172 -0.392580
v -7.060254 -0.938044 0.087846
v -7.055490 -0.895854 -0.390274
v -7.053268 -0.928274 0.088776
v -7.048504 -0.886084 -0.389342
v -7.045454 -0.918022 0.089760
v -7.040692 -0.875834 -0.388360
v -7.036934 -0.907452 0.090778
v -7.032172 -0.865262 -0.387342
v -7.027822 -0.896710 0.091816
v -7.023060 -0.854522 -0.386304
v -7.018232 -0.885948 0.092860
v -7.013470 -0.843760 -0.385258
v -7.008280 -0.875306 0.093898
v -7.003518 -0.833116 -0.384220
v -6.998080 -0.864926 0.094916
v -6.993318 -0.822738 -0.383202
v -6.987750 -0.854952 0.095900
v -6.982988 -0.812762 -0.382220
v -6.977410 -0.845522 0.096834
v -6.972648 -0.803334 -0.381284
v -6.967190 -0.836784 0.097708
v -6.962428 -0.794596 -0.380412
v -6.931994 -0.808882 0.100520
v -6.927232 -0.766692 -0.377598
v -7.078748 -0.738212 0.105294
v -7.073984 -0.696022 -0.372824
v -7.184226 -0.675362 0.109790
v -7.179464 -0.633174 -0.368330
v -7.278520 -0.606780 0.114902
v -7.273758 -0.564592 -0.363216
v -7.362294 -0.533066 0.120572
v -7.357532 -0.490878 -0.357546
v -7.436214 -0.454806 0.126742
v -7.431450 -0.412616 -0.351378
v -7.500922 -0.372578 0.133352
v -7.496160 -0.330390 -0.344766
v -7.557056 -0.286962 0.140348
v -7.552294 -0.244774 -0.337770
v -7.605240 -0.198540 0.147670
v -7.600476 -0.156350 -0.330448
v -7.646080 -0.107900 0.155262
v -7.641318 -0.065710 -0.322856
v -7.680184 -0.015640 0.163062
v -7.675422 0.026550 -0.315056
v -7.708156 0.077632 0.171014
v -7.703392 0.119820 -0.307104
v -7.724834 0.147252 0.176992
v -7.720072 0.189440 -0.301126
v -6.988184 0.147252 0.184330
v -6.983420 0.189440 -0.293790
v -6.988354 0.340500 0.201380
v -6.983590 0.382690 -0.276738
v -7.758746 0.340500 0.193706
v -7.753982 0.382690 -0.284412
v -7.763340 0.375500 0.196748
v -7.758576 0.417688 -0.281370
v -7.768986 0.427128 0.201248
v -7.764224 0.469318 -0.276870
v -7.773562 0.478148 0.205704
v -7.768798 0.520338 -0.272414
v -7.777186 0.528440 0.210106
v -7.772422 0.570628 -0.268012
v -7.779984 0.577886 0.214442
v -7.775222 0.620074 -0.263678
v -7.782078 0.626370 0.218698
v -7.777316 0.668560 -0.259420
v -7.783594 0.673778 0.222866
v -7.778830 0.715966 -0.255252
v -7.784652 0.719990 0.226934
v -7.779888 0.762180 -0.251184
v -7.785376 0.764894 0.230890
v -7.780614 0.807084 -0.247230
v -7.785894 0.808378 0.234720
v -7.781130 0.850566 -0.243398
v -7.786326 0.850326 0.238418
v -7.781564 0.892514 -0.239700
v -7.787030 0.910286 0.243702
v -7.782268 0.952476 -0.234416
v -7.989056 0.910286 0.241690
v -7.984294 0.952476 -0.236428
v -9.781572 -0.390658 0.109040
v -9.776808 -0.348470 -0.369078
v -8.959612 -0.390658 0.117228
v -8.954850 -0.348470 -0.360892
v -8.959752 -0.231278 0.131290
v -8.954990 -0.189088 -0.346830
v -9.781712 -0.231278 0.123102
v -9.776948 -0.189088 -0.355016
v -9.781800 -0.131664 0.131890
v -9.777036 -0.089476 -0.346228
v -9.149830 -0.131664 0.138186
v -9.145068 -0.089476 -0.339932
v -9.149962 0.017754 0.151370
v -9.145200 0.059944 -0.326750
v -9.781930 0.017754 0.145074
v -9.777168 0.059944 -0.333044
v -9.782020 0.119360 0.154038
v -9.777256 0.161548 -0.324080
v -9.208048 0.119360 0.159756
v -9.203286 0.161548 -0.318362
v -9.208394 0.511836 0.194384
v -9.203632 0.554024 -0.283734
v -9.782364 0.511836 0.188668
v -9.777602 0.554024 -0.289452
v -9.782434 0.589534 0.195522
v -9.777670 0.631722 -0.282596
v -8.998472 0.589534 0.203332
v -8.993710 0.631722 -0.274786
v -8.998616 0.752898 0.217746
v -8.993852 0.795088 -0.260372
v -9.782576 0.752898 0.209936
v -9.777814 0.795088 -0.268182
v -9.782716 0.912280 0.224000
v -9.777954 0.954468 -0.254120
v -9.974706 0.912280 0.222086
v -9.969944 0.954468 -0.256032
v -9.974566 0.752898 0.208024
v -9.969804 0.795088 -0.270094
v -10.774528 0.752898 0.200056
v -10.769766 0.795088 -0.278062
v -10.774386 0.589534 0.185642
v -10.769622 0.631722 -0.292476
v -9.974424 0.589534 0.193610
v -9.969660 0.631722 -0.284508
v -9.974354 0.511836 0.186756
v -9.969592 0.554024 -0.291364
v -10.574326 0.511836 0.180778
v -10.569562 0.554024 -0.297340
v -10.573980 0.119360 0.146150
v -10.569218 0.161548 -0.331968
v -9.974010 0.119360 0.152126
v -9.969246 0.161548 -0.325992
v -9.973920 0.017754 0.143162
v -9.969158 0.059944 -0.334956
v -10.605890 0.017754 0.136866
v -10.601128 0.059944 -0.341252
v -10.605670 -0.231278 0.114894
v -10.600908 -0.189088 -0.363224
v -10.813660 -0.231278 0.112822
v -10.808898 -0.189088 -0.365296
v -10.813520 -0.390658 0.098760
v -10.808758 -0.348470 -0.379358
v -10.605530 -0.390658 0.100832
v -10.600768 -0.348470 -0.377286
v -10.605220 -0.745280 0.069544
v -10.600458 -0.703092 -0.408574
v -10.413230 -0.745280 0.071456
v -10.408468 -0.703092 -0.406662
v -10.413306 -0.657622 0.079190
v -10.408544 -0.615432 -0.398928
v -9.973326 -0.657622 0.083572
v -9.968564 -0.615432 -0.394546
v -9.973226 -0.773440 0.073354
v -9.968462 -0.731252 -0.404764
v -9.972594 -0.796110 0.071360
v -9.967832 -0.753920 -0.406758
v -9.970676 -0.817100 0.069526
v -9.965914 -0.774912 -0.408592
v -9.967390 -0.836348 0.067862
v -9.962628 -0.794158 -0.410258
v -9.962632 -0.853990 0.066352
v -9.957870 -0.811802 -0.411766
v -9.956296 -0.870118 0.064992
v -9.951534 -0.827928 -0.413126
v -9.948300 -0.884738 0.063782
v -9.943536 -0.842548 -0.414338
v -9.938646 -0.897810 0.062724
v -9.933882 -0.855622 -0.415394
v -9.927430 -0.909296 0.061822
v -9.922668 -0.867108 -0.416296
v -9.914814 -0.919232 0.061072
v -9.910052 -0.877042 -0.417048
v -9.900954 -0.927748 0.060458
v -9.896190 -0.885560 -0.417660
v -9.885946 -0.935048 0.059964
v -9.881182 -0.892860 -0.418156
v -9.869720 -0.941400 0.059564
v -9.864956 -0.899212 -0.418554
v -9.851974 -0.946892 0.059256
v -9.847212 -0.904704 -0.418862
v -9.832554 -0.951484 0.059044
v -9.827792 -0.909294 -0.419074
v -9.811456 -0.955260 0.058922
v -9.806694 -0.913070 -0.419196
v -9.788572 -0.958322 0.058880
v -9.783810 -0.916132 -0.419240
v -9.763794 -0.960760 0.058912
v -9.759032 -0.918570 -0.419208
v -9.737022 -0.962652 0.059010
v -9.732258 -0.920462 -0.419108
v -9.708150 -0.964070 0.059174
v -9.703388 -0.921882 -0.418946
v -9.677084 -0.965086 0.059392
v -9.672322 -0.922898 -0.418726
v -9.643734 -0.965766 0.059666
v -9.638972 -0.923576 -0.418454
v -9.608008 -0.966172 0.059986
v -9.603246 -0.923984 -0.418134
v -9.569820 -0.966370 0.060348
v -9.565058 -0.924180 -0.417770
v -9.513488 -0.966442 0.060902
v -9.508726 -0.924252 -0.417216
v -9.507456 -0.942440 0.063082
v -9.502694 -0.900250 -0.415038
v -9.504670 -0.933176 0.063926
v -9.499908 -0.890988 -0.414192
v -9.501278 -0.923212 0.064840
v -9.496516 -0.881024 -0.413280
v -9.497364 -0.912746 0.065802
v -9.492602 -0.870556 -0.412316
v -9.493022 -0.901954 0.066798
v -9.488258 -0.859766 -0.411322
v -9.488334 -0.891008 0.067810
v -9.483572 -0.848818 -0.410308
v -9.483392 -0.880070 0.068824
v -9.478630 -0.837882 -0.409294
v -9.478280 -0.869302 0.069826
v -9.473518 -0.827112 -0.408294
v -9.473090 -0.858860 0.070798
v -9.468328 -0.816670 -0.407320
v -9.467912 -0.848902 0.071728
v -9.463150 -0.806714 -0.406390
v -9.462838 -0.839592 0.072600
v -9.458074 -0.797404 -0.405518
v -9.440154 -0.800032 0.076318
v -9.435392 -0.757844 -0.401802
v -9.505726 -0.801946 0.075496
v -9.500964 -0.759756 -0.402624
v -9.535342 -0.802590 0.075144
v -9.530580 -0.760400 -0.402974
v -9.564430 -0.803026 0.074816
v -9.559668 -0.760838 -0.403304
v -9.592674 -0.803278 0.074512
v -9.587910 -0.761090 -0.403606
v -9.619758 -0.803364 0.074234
v -9.614996 -0.761176 -0.403884
v -9.645366 -0.803306 0.073984
v -9.640604 -0.761116 -0.404134
v -9.669182 -0.803124 0.073764
v -9.664420 -0.760934 -0.404356
v -9.690892 -0.802838 0.073572
v -9.686128 -0.760648 -0.404546
v -9.710168 -0.802470 0.073412
v -9.705406 -0.760282 -0.404706
v -9.726688 -0.802042 0.073286
v -9.721924 -0.759852 -0.404832
v -9.740102 -0.801576 0.073194
v -9.735340 -0.759386 -0.404926
v -9.749978 -0.801100 0.073138
v -9.745214 -0.758912 -0.404982
v -9.758084 -0.800490 0.073110
v -9.753322 -0.758302 -0.405008
v -9.764612 -0.799612 0.073122
v -9.759850 -0.757422 -0.404996
v -9.769656 -0.798504 0.073170
v -9.764894 -0.756314 -0.404948
v -9.773216 -0.797292 0.073242
v -9.768452 -0.755104 -0.404878
v -9.775440 -0.796152 0.073320
v -9.770676 -0.753964 -0.404798
v -9.776720 -0.795176 0.073394
v -9.771956 -0.752988 -0.404726
v -9.777608 -0.794164 0.073474
v -9.772846 -0.751974 -0.404644
v -9.778514 -0.792600 0.073602
v -9.773752 -0.750410 -0.404516
v -9.779498 -0.789932 0.073828
v -9.774734 -0.747744 -0.404290
v -9.780388 -0.785840 0.074180
v -9.775626 -0.743650 -0.403938
v -9.781004 -0.780230 0.074670
v -9.776242 -0.738040 -0.403448
v -9.781236 -0.772868 0.075316
v -9.776474 -0.730680 -0.402802
v -9.781336 -0.657622 0.085486
v -9.776574 -0.615432 -0.392634
v -9.131370 -0.657622 0.091960
v -9.126606 -0.615432 -0.386160
v -9.131508 -0.500232 0.105846
v -9.126746 -0.458044 -0.372272
v -9.781476 -0.500232 0.099372
v -9.776712 -0.458044 -0.378746
v -9.782148 0.264794 0.166870
v -9.777384 0.306984 -0.311248
v -9.782238 0.366400 0.175836
v -9.777474 0.408590 -0.302282
v -9.392258 0.366400 0.179720
v -9.387496 0.408590 -0.298398
v -9.392168 0.264794 0.170756
v -9.387406 0.306984 -0.307364
v -10.382118 0.264794 0.160894
v -10.377356 0.306984 -0.317224
v -10.382208 0.366400 0.169860
v -10.377446 0.408590 -0.308260
v -9.974226 0.366400 0.173924
v -9.969464 0.408590 -0.304196
v -9.974138 0.264794 0.164958
v -9.969374 0.306984 -0.313160
v -10.413682 -0.231278 0.116806
v -10.408918 -0.189088 -0.361312
v -10.413768 -0.131664 0.125596
v -10.409006 -0.089476 -0.352522
v -9.973790 -0.131664 0.129978
v -9.969026 -0.089476 -0.348140
v -9.973702 -0.231278 0.121190
v -9.968938 -0.189088 -0.356930
v -10.413444 -0.500232 0.093076
v -10.408682 -0.458044 -0.385042
v -10.413540 -0.390658 0.102744
v -10.408778 -0.348470 -0.375374
v -9.973562 -0.390658 0.107128
v -9.968798 -0.348470 -0.370992
v -9.973464 -0.500232 0.097460
v -9.968702 -0.458044 -0.380660
vn 0.0099 0.0879 -0.9961
vn 0.0099 0.0878 -0.9961
vn 0.0100 0.0879 -0.9961
vn -0.0099 -0.0879 0.9961
vn -0.0100 -0.0879 0.9961
vn 0.0099 0.0875 -0.9961
vn 0.0098 0.0879 -0.9961
vn 0.0099 0.0880 -0.9961
vn 0.0099 0.0876 -0.9961
vn 0.0099 0.0881 -0.9961
vn 0.0100 0.0880 -0.9961
vn 0.0099 0.0877 -0.9961
vn 0.0099 0.0882 -0.9961
vn 0.0098 0.0878 -0.9961
vn 0.0090 0.0880 -0.9961
vn 0.0081 0.0880 -0.9961
vn 0.0060 0.0879 -0.9961
vn 0.0099 0.0883 -0.9960
vn 0.0098 0.0877 -0.9961
vn 0.0098 0.0880 -0.9961
vn 0.0100 0.0878 -0.9961
vn 0.0098 0.0881 -0.9961
vn 0.0099 0.0874 -0.9961
vn 0.0097 0.0880 -0.9961
vn 0.0100 0.0882 -0.9961
vn -0.0099 -0.0878 0.9961
vn -0.0099 -0.0880 0.9961
vn -0.0099 -0.0876 0.9961
vn -0.0099 -0.0882 0.9960
vn -0.0099 -0.0877 0.9961
vn -0.0099 -0.0882 0.9961
vn -0.0098 -0.0876 0.9961
vn -0.0099 -0.0881 0.9961
vn -0.0099 -0.0875 0.9961
vn -0.0109 -0.0879 0.9961
vn -0.0118 -0.0879 0.9961
vn -0.0138 -0.0879 0.9960
vn -0.0100 -0.0880 0.9961
vn -0.0098 -0.0880 0.9961
vn -0.0100 -0.0878 0.9961
vn -0.0100 -0.0883 0.9960
vn -0.0098 -0.0877 0.9961
vn -0.0098 -0.0881 0.9961
vn -0.0098 -0.0879 0.9961
vn -0.0100 -0.0874 0.9961
vn -0.0101 -0.0882 0.9961
vn -0.0100 -0.0882 0.9961
vn 0.7065 0.7044 0.0692
vn 0.7077 -0.7044 -0.0551
vn -0.7065 -0.7044 -0.0692
vn -0.7077 0.7044 0.0551
vn -0.9368 -0.3475 -0.0400
vn -0.9365 -0.3484 -0.0401
vn -0.9359 -0.3501 -0.0402
vn -0.9349 -0.3525 -0.0404
vn -0.9337 -0.3558 -0.0407
vn -0.9321 -0.3599 -0.0410
vn -0.9301 -0.3649 -0.0415
vn -0.9277 -0.3710 -0.0420
vn -0.9248 -0.3781 -0.0426
vn -0.9213 -0.3864 -0.0433
vn -0.0000 -0.0000 -0.0000
vn 0.5457 0.8342 0.0790
vn 0.5457 0.8343 0.0790
vn 0.5831 0.8087 0.0772
vn 0.9490 0.3129 0.0371
vn 0.9517 0.3047 0.0364
vn 0.9543 0.2967 0.0357
vn 0.9568 0.2886 0.0350
vn 0.9593 0.2803 0.0343
vn 0.9618 0.2716 0.0335
vn 0.9644 0.2623 0.0327
vn 0.9672 0.2521 0.0319
vn 0.9701 0.2407 0.0309
vn 0.9732 0.2278 0.0298
vn 0.9767 0.2128 0.0285
vn 0.5749 0.8145 0.0776
vn -0.8587 0.5111 0.0365
vn -0.6431 -0.7622 -0.0737
vn -0.6630 -0.7451 -0.0724
vn -0.6794 -0.7303 -0.0712
vn -0.6935 -0.7171 -0.0702
vn -0.7062 -0.7046 -0.0692
vn -0.7182 -0.6924 -0.0683
vn -0.7298 -0.6803 -0.0673
vn -0.7415 -0.6676 -0.0663
vn -0.7538 -0.6538 -0.0652
vn -0.7672 -0.6382 -0.0640
vn -0.7823 -0.6198 -0.0625
vn -0.0877 -0.9922 -0.0884
vn 0.6881 -0.7234 -0.0570
vn 0.7189 -0.6930 -0.0540
vn 0.7447 -0.6654 -0.0513
vn 0.7671 -0.6396 -0.0488
vn 0.7870 -0.6152 -0.0464
vn 0.8052 -0.5914 -0.0442
vn 0.8222 -0.5677 -0.0419
vn 0.8384 -0.5436 -0.0396
vn 0.8542 -0.5186 -0.0373
vn 0.8700 -0.4919 -0.0347
vn 0.8859 -0.4628 -0.0320
vn 0.9356 0.3506 0.0403
vn -0.3575 0.9306 0.0786
vn -0.8879 0.4590 0.0317
vn -0.8669 0.4972 0.0352
vn -0.8465 0.5309 0.0384
vn -0.8264 0.5616 0.0413
vn -0.8061 0.5902 0.0440
vn -0.7852 0.6175 0.0467
vn -0.7631 0.6444 0.0493
vn -0.7391 0.6716 0.0519
vn -0.7124 0.6997 0.0546
vn -0.6815 0.7295 0.0576
vn -0.6447 0.7620 0.0608
vn -0.9999 0.0058 -0.0094
vn -0.9142 -0.4028 -0.0446
vn -0.9016 -0.4300 -0.0469
vn -0.8884 -0.4565 -0.0491
vn -0.8744 -0.4825 -0.0513
vn -0.8597 -0.5080 -0.0534
vn -0.8442 -0.5331 -0.0555
vn -0.8279 -0.5579 -0.0575
vn -0.8106 -0.5825 -0.0595
vn -0.7924 -0.6070 -0.0615
vn -0.7729 -0.6313 -0.0634
vn -0.7522 -0.6557 -0.0654
vn -0.9142 0.4044 0.0266
vn -0.7080 0.7040 0.0551
vn -0.9999 -0.0018 -0.0101
vn -0.9999 -0.0039 -0.0103
vn -0.9999 -0.0061 -0.0105
vn -0.9999 -0.0088 -0.0107
vn -0.9999 -0.0122 -0.0110
vn -0.9998 -0.0163 -0.0114
vn -0.9997 -0.0213 -0.0118
vn -0.9995 -0.0280 -0.0124
vn -0.9992 -0.0370 -0.0132
vn -0.9987 -0.0496 -0.0143
vn -0.9975 -0.0691 -0.0160
vn -0.9977 -0.0660 -0.0158
vn -0.9984 -0.0538 -0.0147
vn -0.9980 -0.0610 -0.0153
vn -0.9973 -0.0712 -0.0162
vn -0.9962 -0.0854 -0.0175
vn -0.9943 -0.1050 -0.0192
vn -0.9910 -0.1321 -0.0215
vn -0.9852 -0.1695 -0.0248
vn -0.9747 -0.2214 -0.0293
vn -0.9554 -0.2932 -0.0354
vn -0.9193 -0.3910 -0.0437
vn -0.8534 -0.5185 -0.0543
vn -0.7759 -0.6277 -0.0631
vn -0.7172 -0.6935 -0.0683
vn -0.6615 -0.7464 -0.0725
vn -0.5981 -0.7978 -0.0764
vn -0.5287 -0.8451 -0.0798
vn -0.4563 -0.8860 -0.0827
vn -0.3841 -0.9194 -0.0850
vn -0.3155 -0.9450 -0.0865
vn -0.2531 -0.9635 -0.0875
vn -0.1987 -0.9761 -0.0881
vn -0.1531 -0.9843 -0.0884
vn -0.1164 -0.9893 -0.0884
vn -0.0865 -0.9923 -0.0884
vn -0.0609 -0.9942 -0.0883
vn -0.0397 -0.9953 -0.0882
vn -0.0226 -0.9959 -0.0881
vn -0.0084 -0.9961 -0.0880
vn 0.0037 -0.9961 -0.0879
vn 0.0144 -0.9960 -0.0877
vn 0.0241 -0.9959 -0.0876
vn 0.0329 -0.9956 -0.0875
vn 0.0411 -0.9953 -0.0874
vn 0.0490 -0.9950 -0.0873
vn 0.0567 -0.9946 -0.0872
vn 0.6887 -0.7228 -0.0569
vn 0.9913 -0.1318 -0.0018
vn 0.9855 -0.1694 -0.0051
vn 0.9789 -0.2040 -0.0082
vn 0.9715 -0.2368 -0.0112
vn 0.9630 -0.2691 -0.0142
vn 0.9532 -0.3020 -0.0172
vn 0.9417 -0.3359 -0.0203
vn 0.9280 -0.3718 -0.0236
vn 0.9114 -0.4107 -0.0272
vn 0.8908 -0.4534 -0.0311
vn 0.8649 -0.5007 -0.0356
vn 0.8520 0.5207 0.0544
vn 0.8520 0.5208 0.0544
vn -0.0794 0.9931 0.0868
vn -0.0671 0.9939 0.0870
vn -0.0561 0.9946 0.0872
vn -0.0462 0.9951 0.0873
vn -0.0373 0.9955 0.0875
vn -0.0294 0.9957 0.0876
vn -0.0222 0.9959 0.0877
vn -0.0159 0.9960 0.0877
vn -0.0104 0.9961 0.0878
vn -0.0059 0.9961 0.0878
vn -0.0026 0.9961 0.0879
vn 0.0033 0.9961 0.0879
vn 0.0194 0.9959 0.0881
vn 0.0461 0.9950 0.0883
vn 0.0814 0.9928 0.0884
vn 0.1264 0.9880 0.0884
vn 0.1817 0.9794 0.0882
vn 0.2474 0.9650 0.0876
vn 0.3220 0.9428 0.0864
vn 0.3221 0.9428 0.0864
vn 0.4030 0.9113 0.0844
vn 0.4863 0.8700 0.0816
vn 0.5673 0.8198 0.0780
vn 0.6414 0.7636 0.0738
vn 0.7404 0.6689 0.0664
vn 0.8502 0.5237 0.0547
vn 0.9200 0.3895 0.0435
vn 0.9554 0.2933 0.0354
vn 0.9739 0.2249 0.0295
vn 0.9842 0.1755 0.0253
vn 0.9900 0.1390 0.0221
vn 0.9935 0.1117 0.0198
vn 0.9957 0.0908 0.0179
vn 0.9971 0.0747 0.0165
vn 0.9980 0.0620 0.0154
vn 0.9985 0.0520 0.0145
vn 0.7243 -0.6874 -0.0534
vn -0.6497 -0.7566 -0.0732
vn -0.9841 -0.1760 -0.0253
vn -0.9734 -0.2272 -0.0297
vn -0.9564 -0.2901 -0.0351
vn -0.9305 -0.3638 -0.0414
vn -0.8934 -0.4467 -0.0483
vn -0.8428 -0.5353 -0.0556
vn -0.7781 -0.6250 -0.0629
vn -0.7004 -0.7104 -0.0697
vn -0.6129 -0.7865 -0.0755
vn -0.5205 -0.8501 -0.0802
vn -0.4280 -0.8999 -0.0837
vn 0.3506 -0.9332 -0.0789
vn 0.8867 -0.4612 -0.0319
vn 0.8709 -0.4902 -0.0346
vn 0.8566 -0.5146 -0.0369
vn 0.8430 -0.5365 -0.0389
vn 0.8296 -0.5569 -0.0409
vn 0.8159 -0.5766 -0.0427
vn 0.8014 -0.5965 -0.0447
vn 0.7853 -0.6173 -0.0466
vn 0.7671 -0.6397 -0.0488
vn 0.7455 -0.6646 -0.0512
vn 0.7188 -0.6931 -0.0540
vn 0.9782 0.2058 0.0279
vn 0.4015 0.9120 0.0845
vn 0.4957 0.8647 0.0812
vn 0.5915 0.8027 0.0767
vn 0.6835 0.7265 0.0709
vn 0.7662 0.6394 0.0640
vn 0.8356 0.5464 0.0565
vn 0.8897 0.4539 0.0489
vn 0.9292 0.3672 0.0417
vn 0.9563 0.2904 0.0351
vn 0.9737 0.2257 0.0296
vn 0.9844 0.1741 0.0252
vn 0.7596 -0.6485 -0.0497
vn 0.9262 0.3747 0.0423
vn -0.6996 -0.7111 -0.0697
vn -0.6925 -0.7180 -0.0703
vn -0.6853 -0.7248 -0.0708
vn -0.6779 -0.7317 -0.0713
vn -0.6703 -0.7386 -0.0718
vn -0.6627 -0.7454 -0.0724
vn -0.6549 -0.7522 -0.0729
vn -0.6470 -0.7589 -0.0734
vn -0.6391 -0.7656 -0.0739
vn 0.0737 -0.9935 -0.0869
vn 0.7307 -0.6807 -0.0528
vn 0.7115 -0.7006 -0.0547
vn 0.6973 -0.7146 -0.0561
vn 0.6860 -0.7253 -0.0572
vn 0.6767 -0.7340 -0.0580
vn 0.6684 -0.7415 -0.0588
vn 0.6608 -0.7482 -0.0594
vn 0.6535 -0.7546 -0.0601
vn 0.6458 -0.7611 -0.0607
vn 0.6373 -0.7682 -0.0614
vn 0.6272 -0.7764 -0.0623
vn 0.9999 0.0092 0.0108
vn 0.6281 0.7745 0.0746
vn 0.6703 0.7386 0.0719
vn 0.7084 0.7024 0.0690
vn 0.7431 0.6659 0.0662
vn 0.7747 0.6292 0.0632
vn 0.8036 0.5921 0.0602
vn 0.8302 0.5545 0.0572
vn 0.8547 0.5163 0.0541
vn 0.8773 0.4773 0.0509
vn 0.8981 0.4372 0.0475
vn 0.9173 0.3959 0.0441
vn 0.4417 0.8933 0.0832
vn -0.9005 0.4339 0.0293
vn -0.3561 -0.9305 -0.0857
vn -0.3620 -0.9283 -0.0855
vn -0.3679 -0.9259 -0.0854
vn -0.3739 -0.9236 -0.0852
vn -0.3800 -0.9211 -0.0851
vn -0.3862 -0.9185 -0.0849
vn -0.3926 -0.9158 -0.0847
vn -0.3991 -0.9130 -0.0845
vn -0.3992 -0.9130 -0.0845
vn -0.4059 -0.9100 -0.0843
vn -0.4128 -0.9069 -0.0841
vn -0.4200 -0.9037 -0.0839
vn -0.8476 -0.5278 -0.0550
vn -0.7120 -0.6988 -0.0688
vn 0.7240 -0.6878 -0.0535
vn 0.9990 0.0426 0.0137
vn 0.9993 0.0358 0.0131
vn 0.9995 0.0303 0.0126
vn 0.9996 0.0256 0.0122
vn 0.9997 0.0216 0.0119
vn 0.9998 0.0181 0.0116
vn 0.9998 0.0148 0.0113
vn 0.9999 0.0118 0.0110
vn 0.9999 0.0089 0.0107
vn 0.9999 0.0060 0.0105
vn -0.0039 0.9961 0.0879
vn -0.8589 -0.5094 -0.0535
vn -0.4917 -0.8670 -0.0814
vn -0.5222 -0.8490 -0.0801
vn -0.5583 -0.8259 -0.0784
vn -0.6005 -0.7960 -0.0762
vn -0.6493 -0.7570 -0.0733
vn -0.7048 -0.7060 -0.0693
vn -0.7661 -0.6395 -0.0641
vn -0.8308 -0.5536 -0.0571
vn -0.8942 -0.4451 -0.0482
vn -0.9490 -0.3131 -0.0371
vn -0.9866 -0.1616 -0.0241
vn -0.9999 0.0028 -0.0097
vn -0.9823 0.1872 0.0067
vn -0.9196 0.3920 0.0254
vn -0.8065 0.5896 0.0440
vn -0.6595 0.7493 0.0596
vn -0.5073 0.8588 0.0707
vn -0.3718 0.9250 0.0779
vn -0.2614 0.9617 0.0823
vn -0.1754 0.9808 0.0848
vn -0.1103 0.9902 0.0863
vn -0.0618 0.9943 0.0871
vn -0.0267 0.9958 0.0876
vn -0.0018 0.9961 0.0879
vn 0.0168 0.9960 0.0881
vn 0.0327 0.9956 0.0882
vn 0.0471 0.9950 0.0883
vn 0.0605 0.9943 0.0883
vn 0.0733 0.9934 0.0884
vn 0.0856 0.9924 0.0884
vn 0.0979 0.9913 0.0884
vn 0.1104 0.9899 0.0885
vn 0.1233 0.9884 0.0884
vn 0.1368 0.9866 0.0884
vn 0.1514 0.9845 0.0884
vn -0.6582 0.7505 0.0597
vn -0.7406 -0.6686 -0.0664
vn -0.7406 -0.6687 -0.0664
vn -0.1167 -0.9892 -0.0884
vn -0.1052 -0.9905 -0.0884
vn -0.0948 -0.9916 -0.0884
vn -0.0851 -0.9924 -0.0884
vn -0.0757 -0.9932 -0.0884
vn -0.0665 -0.9939 -0.0884
vn -0.0571 -0.9945 -0.0883
vn -0.0474 -0.9950 -0.0883
vn -0.0370 -0.9954 -0.0882
vn -0.0257 -0.9958 -0.0881
vn -0.0131 -0.9960 -0.0880
vn 0.0069 -0.9961 -0.0878
vn 0.0429 -0.9952 -0.0874
vn 0.0938 -0.9918 -0.0866
vn 0.1571 -0.9839 -0.0853
vn 0.2355 -0.9683 -0.0831
vn 0.3317 -0.9400 -0.0796
vn 0.4468 -0.8915 -0.0742
vn 0.5781 -0.8133 -0.0660
vn 0.7152 -0.6968 -0.0544
vn 0.8401 -0.5410 -0.0394
vn 0.9332 -0.3587 -0.0224
vn 0.9850 -0.1725 -0.0054
vn 0.9999 0.0011 0.0101
vn 0.9856 0.1670 0.0246
vn 0.9448 0.3256 0.0381
vn 0.8844 0.4640 0.0498
vn 0.8146 0.5770 0.0590
vn 0.7442 0.6647 0.0661
vn 0.6788 0.7308 0.0712
vn 0.6213 0.7799 0.0750
vn 0.5727 0.8160 0.0777
vn 0.5330 0.8423 0.0796
vn 0.5017 0.8612 0.0810
vn 0.4784 0.8743 0.0819
vn 0.9218 0.3853 0.0432
vn 0.9396 -0.3415 -0.0208
vn 0.8882 -0.4583 -0.0316
vn 0.8195 -0.5715 -0.0423
vn 0.7356 -0.6754 -0.0523
vn 0.6406 -0.7654 -0.0612
vn 0.5395 -0.8392 -0.0687
vn 0.4372 -0.8962 -0.0747
vn 0.3377 -0.9379 -0.0794
vn 0.2435 -0.9664 -0.0828
vn 0.1560 -0.9841 -0.0853
vn 0.0755 -0.9934 -0.0869
vn -0.0012 -0.9961 -0.0879
vn -0.0779 -0.9930 -0.0884
vn -0.1523 -0.9844 -0.0884
vn -0.2217 -0.9712 -0.0879
vn -0.2861 -0.9542 -0.0871
vn -0.3461 -0.9343 -0.0859
vn -0.4021 -0.9117 -0.0845
vn -0.4546 -0.8868 -0.0828
vn -0.5041 -0.8598 -0.0809
vn -0.5511 -0.8307 -0.0788
vn -0.5962 -0.7992 -0.0765
vn -0.6396 -0.7652 -0.0739
vn -0.6767 -0.7328 -0.0714
vn -0.7027 -0.7081 -0.0695
vn -0.7211 -0.6895 -0.0680
vn -0.7360 -0.6737 -0.0668
vn -0.7478 -0.6607 -0.0657
vn -0.7568 -0.6505 -0.0649
vn -0.7633 -0.6429 -0.0643
vn -0.7675 -0.6378 -0.0639
vn -0.7698 -0.6351 -0.0637
vn -0.7701 -0.6347 -0.0637
vn -0.7687 -0.6364 -0.0638
vn -0.7657 -0.6400 -0.0641
vn -0.1169 -0.9892 -0.0885
vn 0.9973 -0.0738 0.0034
vn 0.7138 0.6970 0.0686
vn 0.7327 0.6773 0.0671
vn 0.7516 0.6563 0.0654
vn 0.7705 0.6342 0.0636
vn 0.7892 0.6110 0.0618
vn 0.8076 0.5866 0.0598
vn 0.8256 0.5612 0.0577
vn 0.8431 0.5349 0.0556
vn 0.8599 0.5077 0.0534
vn 0.8758 0.4799 0.0511
vn 0.8908 0.4517 0.0487
vn 0.8487 -0.5274 -0.0381
vn 0.8487 -0.5275 -0.0381
vn 0.0027 -0.9961 -0.0879
vn 0.0079 -0.9961 -0.0878
vn 0.0142 -0.9960 -0.0877
vn 0.0199 -0.9959 -0.0877
vn 0.0253 -0.9958 -0.0876
vn 0.0305 -0.9957 -0.0876
vn 0.0357 -0.9955 -0.0875
vn 0.0409 -0.9953 -0.0874
vn 0.0464 -0.9951 -0.0873
vn 0.0523 -0.9948 -0.0873
vn 0.0586 -0.9945 -0.0872
vn 0.0657 -0.9940 -0.0871
vn 0.7315 -0.6798 -0.0527
vn 0.6614 0.7465 0.0725
vn -0.1172 0.9894 0.0861
vn -0.1043 0.9908 0.0864
vn -0.0929 0.9919 0.0866
vn -0.0825 0.9928 0.0868
vn -0.0728 0.9935 0.0869
vn -0.0635 0.9942 0.0871
vn -0.0545 0.9947 0.0872
vn -0.0453 0.9951 0.0874
vn -0.0357 0.9955 0.0875
vn -0.0254 0.9958 0.0876
vn -0.0139 0.9960 0.0878
vn 0.0032 0.9961 0.0879
vn 0.5969 0.7986 0.0764
vn 0.9565 0.2897 0.0351
vn 0.9619 0.2712 0.0335
vn 0.9670 0.2527 0.0319
vn 0.9718 0.2339 0.0303
vn 0.9762 0.2149 0.0287
vn 0.9804 0.1953 0.0270
vn 0.9843 0.1750 0.0252
vn 0.9878 0.1537 0.0234
vn 0.9911 0.1313 0.0215
vn 0.9940 0.1073 0.0194
vn 0.9965 0.0815 0.0171
vn 0.6501 0.7563 0.0732
vn -0.8004 0.5978 0.0448
vn -0.9799 -0.1977 -0.0272
vn -0.9791 -0.2016 -0.0275
vn -0.9779 -0.2072 -0.0280
vn -0.9764 -0.2141 -0.0286
vn -0.9745 -0.2223 -0.0293
vn -0.9724 -0.2315 -0.0301
vn -0.9699 -0.2417 -0.0310
vn -0.9670 -0.2526 -0.0319
vn -0.9639 -0.2644 -0.0329
vn -0.9603 -0.2768 -0.0340
vn 0.6127 0.7867 0.0755
vn 0.0544 0.9946 0.0883
vn 0.0612 0.9942 0.0883
vn 0.0687 0.9937 0.0884
vn 0.0768 0.9931 0.0884
vn 0.0857 0.9924 0.0884
vn 0.0954 0.9915 0.0884
vn 0.1061 0.9904 0.0885
vn 0.1177 0.9891 0.0884
vn 0.1305 0.9875 0.0884
vn 0.1446 0.9855 0.0884
vn 0.1602 0.9831 0.0883
vn -0.6503 0.7573 0.0603
vn -0.7533 -0.6544 -0.0652
vn -0.1409 -0.9861 -0.0884
vn -0.1250 -0.9882 -0.0884
vn -0.1111 -0.9899 -0.0885
vn -0.0987 -0.9912 -0.0884
vn -0.0878 -0.9922 -0.0884
vn -0.0780 -0.9930 -0.0884
vn -0.0692 -0.9937 -0.0884
vn -0.0612 -0.9942 -0.0883
vn -0.0540 -0.9946 -0.0883
vn -0.0414 -0.9952 -0.0882
vn -0.5598 -0.8249 -0.0784
vn -0.9084 -0.4157 -0.0457
vn -0.8997 -0.4339 -0.0472
vn -0.8911 -0.4512 -0.0487
vn -0.8824 -0.4678 -0.0501
vn -0.8736 -0.4840 -0.0514
vn -0.8645 -0.4999 -0.0527
vn -0.8550 -0.5158 -0.0540
vn -0.8451 -0.5318 -0.0553
vn -0.8345 -0.5481 -0.0567
vn -0.8231 -0.5649 -0.0580
vn 0.7447 -0.6655 -0.0513
vn -0.8800 0.4738 0.0330
vn -0.8800 0.4739 0.0330
vn 0.4211 0.9031 0.0839
vn 0.3722 0.9242 0.0853
vn 0.3272 0.9410 0.0863
vn 0.2853 0.9545 0.0871
vn 0.2454 0.9654 0.0876
vn 0.2068 0.9744 0.0880
vn 0.1686 0.9817 0.0883
vn 0.1298 0.9876 0.0884
vn 0.0894 0.9921 0.0884
vn -0.0094 0.9961 0.0878
vn -0.0853 0.9926 0.0867
vn -0.1731 0.9812 0.0849
vn -0.2643 0.9609 0.0822
vn -0.3583 0.9303 0.0785
vn -0.4541 0.8879 0.0738
vn -0.5498 0.8325 0.0680
vn -0.6432 0.7633 0.0609
vn -0.7310 0.6803 0.0527
vn -0.8101 0.5846 0.0435
vn -0.8774 0.4786 0.0335
vn -0.9305 0.3656 0.0230
vn -0.3976 0.9144 0.0767
vn -0.3975 0.9144 0.0767
vn 0.4221 0.9027 0.0839
vn 0.4145 0.9062 0.0841
vn 0.4079 0.9091 0.0843
vn 0.4026 0.9115 0.0844
vn 0.3986 0.9132 0.0846
vn 0.3961 0.9143 0.0846
vn 0.3952 0.9147 0.0846
vn 0.3960 0.9144 0.0846
vn 0.4031 0.9112 0.0844
vn 0.4098 0.9083 0.0842
vn 0.4059 0.9100 0.0843
vn 0.3998 0.9127 0.0845
vn 0.4036 0.9110 0.0844
vn 0.4081 0.9090 0.0843
vn 0.4134 0.9067 0.0841
vn 0.4193 0.9039 0.0839
vn 0.4259 0.9009 0.0837
vn 0.4329 0.8975 0.0835
vn 0.4404 0.8939 0.0833
vn 0.4481 0.8901 0.0830
vn 0.4560 0.8861 0.0827
vn 0.4638 0.8821 0.0825
vn -0.3290 0.9410 0.0798
vn -0.3290 0.9409 0.0798
vn -0.9041 -0.4248 -0.0465
vn -0.9041 -0.4249 -0.0465
vn -0.2807 -0.9558 -0.0871
vn -0.2986 -0.9504 -0.0868
vn -0.3132 -0.9457 -0.0866
vn -0.3254 -0.9416 -0.0863
vn -0.3356 -0.9381 -0.0861
vn -0.3443 -0.9349 -0.0859
vn -0.3518 -0.9321 -0.0858
vn -0.3582 -0.9297 -0.0856
vn -0.3638 -0.9275 -0.0855
vn -0.3686 -0.9256 -0.0854
vn -0.3728 -0.9240 -0.0852
vn -0.3640 -0.9275 -0.0855
vn -0.8286 0.5584 0.0410
vn -0.8390 0.5427 0.0395
vn -0.8483 0.5281 0.0381
vn -0.8569 0.5141 0.0368
vn -0.8651 0.5004 0.0355
vn -0.8730 0.4865 0.0342
vn -0.8809 0.4722 0.0329
vn -0.8890 0.4569 0.0315
vn -0.8975 0.4399 0.0299
vn -0.9068 0.4206 0.0281
vn -0.9172 0.3975 0.0259
vn -0.9296 -0.3663 -0.0416
vn 0.3737 -0.9243 -0.0778
vn 0.9221 -0.3860 -0.0249
vn 0.9132 -0.4066 -0.0268
vn 0.9054 -0.4237 -0.0284
vn 0.8983 -0.4384 -0.0297
vn 0.8917 -0.4515 -0.0310
vn 0.8854 -0.4637 -0.0321
vn 0.8792 -0.4754 -0.0332
vn 0.8728 -0.4869 -0.0343
vn 0.8661 -0.4986 -0.0354
vn 0.8589 -0.5109 -0.0365
vn 0.8508 -0.5242 -0.0378
vn 0.9487 0.3139 0.0372
vn -0.2957 0.9518 0.0810
vn -0.9427 -0.3315 -0.0386
vn -0.9383 -0.3435 -0.0397
vn -0.9338 -0.3554 -0.0407
vn -0.9293 -0.3671 -0.0416
vn -0.9246 -0.3786 -0.0426
vn -0.9198 -0.3899 -0.0436
vn -0.9149 -0.4011 -0.0445
vn -0.9099 -0.4123 -0.0454
vn -0.9048 -0.4234 -0.0464
vn -0.8995 -0.4345 -0.0473
vn -0.8940 -0.4455 -0.0482
vn -0.9723 -0.2319 -0.0301
vn 0.9589 0.2815 0.0344
vn -0.8311 -0.5532 -0.0571
vn -0.8249 -0.5623 -0.0578
vn -0.8183 -0.5717 -0.0586
vn -0.8113 -0.5815 -0.0594
vn -0.8039 -0.5918 -0.0602
vn -0.7958 -0.6025 -0.0611
vn -0.7872 -0.6136 -0.0620
vn -0.7780 -0.6251 -0.0629
vn -0.7680 -0.6373 -0.0639
vn -0.7572 -0.6499 -0.0649
vn 0.1428 -0.9860 -0.0856
vn 0.9006 -0.4336 -0.0293
vn 0.8886 -0.4577 -0.0315
vn 0.8794 -0.4750 -0.0332
vn 0.8718 -0.4887 -0.0344
vn 0.8650 -0.5005 -0.0355
vn 0.8586 -0.5114 -0.0366
vn 0.8521 -0.5220 -0.0376
vn 0.8450 -0.5333 -0.0386
vn 0.8368 -0.5460 -0.0398
vn 0.8267 -0.5611 -0.0413
vn 0.8133 -0.5803 -0.0431
vn 0.9991 0.0413 0.0136
vn 0.7670 0.6385 0.0640
vn 0.7939 0.6049 0.0613
vn 0.8173 0.5732 0.0587
vn 0.8377 0.5432 0.0563
vn 0.8559 0.5143 0.0539
vn 0.8723 0.4863 0.0516
vn 0.8871 0.4589 0.0493
vn 0.9008 0.4317 0.0471
vn 0.9135 0.4044 0.0448
vn 0.9254 0.3767 0.0425
vn 0.9366 0.3482 0.0401
vn 0.4517 0.8883 0.0829
vn -0.8901 0.4547 0.0313
vn 0.3345 -0.9390 -0.0795
vn 0.8936 -0.4479 -0.0306
vn 0.8889 -0.4570 -0.0315
vn 0.8841 -0.4661 -0.0323
vn 0.8791 -0.4755 -0.0332
vn 0.8737 -0.4853 -0.0341
vn 0.8678 -0.4956 -0.0351
vn 0.8614 -0.5066 -0.0361
vn 0.8542 -0.5186 -0.0372
vn 0.8461 -0.5317 -0.0385
vn 0.8367 -0.5462 -0.0399
vn 0.8257 -0.5626 -0.0414
vn 0.9605 0.2761 0.0339
vn -0.2832 0.9556 0.0815
vn -0.8293 0.5573 0.0409
vn -0.8353 0.5483 0.0401
vn -0.8404 0.5406 0.0393
vn -0.8449 0.5335 0.0387
vn -0.8493 0.5265 0.0380
vn -0.8538 0.5193 0.0373
vn -0.8584 0.5116 0.0366
vn -0.8636 0.5029 0.0358
vn -0.8694 0.4928 0.0348
vn -0.8763 0.4805 0.0337
vn -0.8847 0.4650 0.0322
vn -0.9448 -0.3255 -0.0381
vn 0.3200 -0.9440 -0.0801
vn 0.8881 -0.4586 -0.0316
vn 0.8815 -0.4710 -0.0328
vn 0.8750 -0.4829 -0.0339
vn 0.8684 -0.4946 -0.0350
vn 0.8616 -0.5063 -0.0361
vn 0.8544 -0.5183 -0.0372
vn 0.8467 -0.5307 -0.0384
vn 0.8383 -0.5438 -0.0396
vn 0.8289 -0.5579 -0.0410
vn 0.8183 -0.5732 -0.0424
vn 0.8060 -0.5903 -0.0441
vn 0.9698 0.2419 0.0310
vn -0.2446 0.9661 0.0828
vn -0.8065 0.5895 0.0440
vn -0.8173 0.5747 0.0426
vn -0.8256 0.5628 0.0414
vn -0.8324 0.5527 0.0405
vn -0.8385 0.5435 0.0396
vn -0.8441 0.5348 0.0388
vn -0.8496 0.5260 0.0380
vn -0.8554 0.5167 0.0371
vn -0.8616 0.5064 0.0361
vn -0.8686 0.4943 0.0350
vn -0.8770 0.4794 0.0336
vn -0.9507 -0.3079 -0.0366
vn -0.9993 -0.0347 -0.0130
vn -0.9994 -0.0336 -0.0129
vn -0.9994 -0.0324 -0.0128
vn -0.9994 -0.0309 -0.0127
vn -0.9995 -0.0291 -0.0125
vn -0.9996 -0.0270 -0.0123
vn -0.9996 -0.0245 -0.0121
vn -0.9997 -0.0215 -0.0119
vn -0.9998 -0.0179 -0.0115
vn -0.9998 -0.0133 -0.0111
vn -0.9999 -0.0074 -0.0106
vn -0.9997 0.0250 -0.0078
vn -0.9934 0.1147 0.0002
vn -0.9698 0.2434 0.0118
vn -0.9231 0.3837 0.0247
vn -0.8492 0.5268 0.0380
vn -0.7491 0.6606 0.0508
vn -0.6300 0.7741 0.0620
vn -0.5031 0.8613 0.0710
vn -0.3790 0.9221 0.0776
vn -0.2649 0.9608 0.0821
vn -0.1640 0.9828 0.0851
vn -0.0769 0.9932 0.0869
vn 0.0048 0.9961 0.0879
vn 0.0955 0.9915 0.0884
vn 0.1946 0.9769 0.0881
vn 0.2933 0.9521 0.0869
vn 0.3882 0.9177 0.0848
vn 0.4763 0.8755 0.0820
vn 0.5553 0.8279 0.0786
vn 0.6240 0.7778 0.0748
vn 0.6822 0.7277 0.0710
vn 0.7304 0.6797 0.0673
vn 0.7694 0.6355 0.0637
vn 0.8005 0.5963 0.0606
vn 0.0384 0.9954 0.0882
vn -0.9997 0.0232 -0.0079
vn -0.7796 -0.6231 -0.0627
vn -0.7456 -0.6631 -0.0659
vn -0.6565 -0.7508 -0.0728
vn -0.5999 -0.7964 -0.0763
vn -0.5345 -0.8414 -0.0796
vn -0.4602 -0.8840 -0.0826
vn -0.3776 -0.9221 -0.0851
vn -0.2878 -0.9537 -0.0870
vn -0.1931 -0.9772 -0.0882
vn -0.0959 -0.9915 -0.0884
vn -0.0049 -0.9961 -0.0879
vn 0.0781 -0.9932 -0.0869
vn 0.1667 -0.9823 -0.0850
vn 0.2691 -0.9596 -0.0820
vn 0.3848 -0.9197 -0.0773
vn 0.5101 -0.8572 -0.0706
vn 0.6372 -0.7682 -0.0614
vn 0.7554 -0.6533 -0.0501
vn 0.8539 -0.5192 -0.0373
vn 0.9259 -0.3771 -0.0240
vn 0.9710 -0.2387 -0.0114
vn 0.9937 -0.1123 -0.0000
vn 0.9997 -0.0237 0.0079
vn 0.9999 0.0098 0.0108
vn 0.9998 0.0169 0.0115
vn 0.9997 0.0220 0.0119
vn 0.9996 0.0254 0.0122
vn 0.9995 0.0276 0.0124
vn 0.9995 0.0287 0.0125
vn 0.9995 0.0275 0.0124
vn 0.9996 0.0249 0.0122
vn 0.9997 0.0203 0.0117
vn 0.9999 0.0124 0.0111
vn 0.9999 0.0004 0.0100
vn 0.9999 -0.0136 0.0088
vn 0.9996 -0.0273 0.0075
vn 0.9991 -0.0414 0.0063
vn 0.9984 -0.0558 0.0050
vn 0.9975 -0.0708 0.0037
vn 0.9963 -0.0864 0.0023
vn 0.9947 -0.1028 0.0008
vn 0.9928 -0.1200 -0.0007
vn 0.9904 -0.1383 -0.0023
vn 0.9874 -0.1580 -0.0041
vn 0.9838 -0.1792 -0.0060
vn 0.7679 0.6374 0.0639
vn -0.7601 0.6479 0.0496
vn -0.9902 -0.1383 -0.0221
vn -0.9916 -0.1276 -0.0211
vn -0.9929 -0.1173 -0.0202
vn -0.9940 -0.1072 -0.0194
vn -0.9951 -0.0973 -0.0185
vn -0.9960 -0.0876 -0.0176
vn -0.9968 -0.0779 -0.0168
vn -0.9975 -0.0684 -0.0160
vn -0.9981 -0.0590 -0.0151
vn -0.9987 -0.0494 -0.0143
vn -0.9991 -0.0398 -0.0135
vn -0.9993 -0.0351 -0.0130
vn -0.1067 -0.9904 -0.0885
vn -0.2143 -0.9728 -0.0880
vn -0.3210 -0.9431 -0.0864
vn -0.4262 -0.9007 -0.0837
vn -0.5291 -0.8448 -0.0798
vn -0.6287 -0.7741 -0.0746
vn -0.7234 -0.6871 -0.0678
vn -0.8107 -0.5825 -0.0595
vn -0.8868 -0.4594 -0.0494
vn -0.8868 -0.4595 -0.0494
vn -0.9471 -0.3187 -0.0376
vn -0.9863 -0.1634 -0.0242
vn -0.9999 0.0069 -0.0093
vn -0.9809 0.1946 0.0074
vn -0.9232 0.3834 0.0246
vn -0.8338 0.5506 0.0403
vn -0.7257 0.6860 0.0533
vn -0.6117 0.7886 0.0635
vn -0.5009 0.8626 0.0711
vn -0.3976 0.9143 0.0767
vn -0.3034 0.9494 0.0808
vn -0.2177 0.9724 0.0836
vn -0.1396 0.9865 0.0857
vn -0.1395 0.9865 0.0857
vn -0.0678 0.9939 0.0870
vn -0.0143 0.9960 0.0877
vn 0.0108 0.9961 0.0880
vn 0.0227 0.9959 0.0881
vn 0.0349 0.9955 0.0882
vn 0.0473 0.9950 0.0883
vn 0.0600 0.9943 0.0883
vn 0.0731 0.9934 0.0884
vn 0.0863 0.9923 0.0884
vn 0.0999 0.9911 0.0884
vn 0.1138 0.9896 0.0885
vn 0.1280 0.9878 0.0884
vn 0.5946 -0.8014 -0.0648
vn 0.9809 -0.1943 -0.0074
vn 0.9565 -0.2912 -0.0162
vn 0.9202 -0.3907 -0.0253
vn 0.8701 -0.4916 -0.0347
vn 0.8050 -0.5916 -0.0442
vn 0.7238 -0.6880 -0.0535
vn 0.6265 -0.7770 -0.0623
vn 0.5146 -0.8546 -0.0703
vn 0.3913 -0.9170 -0.0770
vn 0.2613 -0.9618 -0.0823
vn 0.1297 -0.9878 -0.0859
vn 0.0057 -0.9961 -0.0878
vn 0.0138 0.9960 0.0880
vn 0.0216 0.9959 0.0881
vn 0.0262 0.9958 0.0881
vn 0.0296 0.9957 0.0882
vn 0.0325 0.9956 0.0882
vn 0.0353 0.9955 0.0882
vn 0.0383 0.9954 0.0882
vn 0.0420 0.9952 0.0882
vn 0.0469 0.9950 0.0883
vn 0.0543 0.9946 0.0883
vn 0.0675 0.9938 0.0884
vn 0.0739 0.9933 0.0884
vn 0.0777 0.9930 0.0884
vn 0.0911 0.9919 0.0884
vn 0.1058 0.9904 0.0885
vn 0.1220 0.9886 0.0884
vn 0.1397 0.9862 0.0884
vn 0.1589 0.9833 0.0884
vn 0.1795 0.9798 0.0882
vn 0.2012 0.9756 0.0881
vn 0.2235 0.9707 0.0879
vn 0.2458 0.9654 0.0876
vn 0.2669 0.9598 0.0873
vn -0.3052 0.9489 0.0807
vn -0.9901 -0.1384 -0.0221
vn -0.5790 -0.8116 -0.0774
vn -0.5750 -0.8144 -0.0776
vn -0.5731 -0.8158 -0.0777
vn -0.5730 -0.8158 -0.0777
vn -0.5750 -0.8145 -0.0776
vn -0.5788 -0.8118 -0.0774
vn -0.5844 -0.8078 -0.0771
vn -0.5920 -0.8023 -0.0767
vn -0.6013 -0.7954 -0.0762
vn -0.6124 -0.7869 -0.0755
vn -0.6252 -0.7768 -0.0748
vn -0.6227 -0.7789 -0.0749
vn -0.6189 -0.7819 -0.0752
vn -0.6279 -0.7747 -0.0746
vn -0.6334 -0.7702 -0.0743
vn -0.6371 -0.7672 -0.0740
vn -0.6413 -0.7638 -0.0738
vn -0.6423 -0.7629 -0.0737
vn -0.6429 -0.7624 -0.0737
vn -0.6425 -0.7628 -0.0737
vn 0.8750 -0.4830 -0.0339
vn -0.9562 0.2922 0.0163
vn -0.9561 0.2925 0.0163
vn 0.2589 0.9619 0.0875
vn 0.2263 0.9701 0.0879
vn 0.1951 0.9768 0.0881
vn 0.1653 0.9823 0.0883
vn 0.1371 0.9866 0.0884
vn 0.0852 0.9924 0.0884
vn 0.0615 0.9942 0.0883
vn 0.0393 0.9953 0.0882
vn 0.0186 0.9959 0.0881
vn -0.0214 0.9959 0.0877
vn -0.1035 0.9909 0.0864
vn -0.2092 0.9743 0.0839
vn -0.3172 0.9450 0.0802
vn -0.4262 0.9015 0.0753
vn -0.5345 0.8424 0.0690
vn -0.6396 0.7663 0.0612
vn -0.7383 0.6725 0.0520
vn -0.8267 0.5612 0.0413
vn -0.9004 0.4341 0.0293
vn -0.9555 0.2946 0.0165
vn -0.9890 0.1480 0.0032
vn -1.0000 0.0021 -0.0098
vn -0.9896 -0.1421 -0.0224
vn -0.9567 -0.2890 -0.0350
vn -0.8996 -0.4342 -0.0473
vn -0.8197 -0.5698 -0.0584
vn -0.7220 -0.6886 -0.0680
vn -0.6130 -0.7865 -0.0755
vn -0.4995 -0.8625 -0.0811
vn -0.3871 -0.9181 -0.0849
vn -0.2795 -0.9562 -0.0872
vn -0.1787 -0.9799 -0.0882
vn -0.0855 -0.9924 -0.0884
vn -0.0016 -0.9961 -0.0879
vn 0.0769 -0.9932 -0.0869
vn 0.1589 -0.9836 -0.0852
vn 0.2479 -0.9653 -0.0827
vn 0.3442 -0.9355 -0.0791
vn 0.4475 -0.8912 -0.0742
vn 0.5562 -0.8283 -0.0675
vn 0.6668 -0.7429 -0.0589
vn 0.7733 -0.6322 -0.0481
vn 0.8675 -0.4962 -0.0351
vn 0.9405 -0.3391 -0.0206
vn 0.9854 -0.1703 -0.0052
vn 0.9999 -0.0055 0.0095
vn 0.9891 0.1455 0.0227
vn 0.9574 0.2868 0.0348
vn 0.9065 0.4197 0.0461
vn 0.8389 0.5414 0.0561
vn 0.7570 0.6501 0.0649
vn 0.6636 0.7446 0.0723
vn 0.5612 0.8239 0.0783
vn 0.4523 0.8880 0.0829
vn 0.3394 0.9367 0.0860
vn 0.2247 0.9705 0.0879
vn 0.1107 0.9899 0.0885
vn -0.0012 0.9961 0.0879
vn -0.1151 0.9896 0.0862
vn -0.2350 0.9684 0.0831
vn -0.3573 0.9307 0.0786
vn -0.4773 0.8758 0.0725
vn -0.5899 0.8048 0.0651
vn -0.6909 0.7207 0.0567
vn -0.7776 0.6270 0.0476
vn -0.8487 0.5275 0.0381
vn -0.9044 0.4257 0.0286
vn -0.9459 0.3238 0.0191
vn -0.9747 0.2234 0.0100
vn -0.4751 0.8770 0.0726
vn -0.4751 0.8769 0.0726
vn 0.4319 0.8981 0.0835
vn 0.5059 0.8588 0.0808
vn 0.5822 0.8094 0.0772
vn 0.6588 0.7488 0.0726
vn 0.7333 0.6766 0.0670
vn 0.8026 0.5934 0.0604
vn 0.8640 0.5008 0.0528
vn 0.9149 0.4012 0.0445
vn 0.9538 0.2982 0.0358
vn 0.9804 0.1952 0.0270
vn 0.9953 0.0952 0.0183
vn 0.9998 -0.0167 0.0085
vn 0.9871 -0.1600 -0.0043
vn 0.9485 -0.3161 -0.0184
vn 0.8868 -0.4610 -0.0318
vn 0.8068 -0.5893 -0.0440
vn 0.7139 -0.6981 -0.0545
vn 0.6134 -0.7872 -0.0634
vn 0.5091 -0.8578 -0.0706
vn 0.4040 -0.9116 -0.0764
vn 0.2997 -0.9506 -0.0809
vn 0.1974 -0.9767 -0.0842
vn 0.0977 -0.9914 -0.0865
vn 0.0064 -0.9961 -0.0878
vn -0.0758 -0.9932 -0.0884
vn -0.1593 -0.9833 -0.0883
vn -0.2477 -0.9649 -0.0876
vn -0.3365 -0.9378 -0.0861
vn -0.4206 -0.9034 -0.0839
vn -0.4958 -0.8646 -0.0812
vn -0.5595 -0.8251 -0.0784
vn -0.6108 -0.7882 -0.0756
vn -0.6502 -0.7562 -0.0732
vn -0.6790 -0.7307 -0.0712
vn -0.6988 -0.7120 -0.0698
vn 0.0094 -0.9961 -0.0878
vn 0.9982 0.0573 0.0150
vn 0.6347 0.7692 0.0742
vn 0.6361 0.7681 0.0741
vn 0.6372 0.7671 0.0740
vn 0.6381 0.7664 0.0740
vn 0.6389 0.7657 0.0739
vn 0.6397 0.7651 0.0739
vn 0.6404 0.7645 0.0738
vn 0.6410 0.7640 0.0738
vn 0.6417 0.7634 0.0738
vn 0.6425 0.7627 0.0737
vn 0.6435 0.7619 0.0736
vn 0.6397 0.7650 0.0739
vn 0.6365 0.7677 0.0741
vn 0.6385 0.7661 0.0740
vn 0.6400 0.7648 0.0739
vn 0.6413 0.7637 0.0738
vn 0.6426 0.7626 0.0737
vn 0.6439 0.7615 0.0736
vn 0.6453 0.7603 0.0735
vn 0.6470 0.7589 0.0734
vn 0.6490 0.7572 0.0733
vn 0.6517 0.7549 0.0731
vn -0.9293 0.3687 0.0233
vn -0.0413 -0.9952 -0.0882
vn -0.0424 -0.9952 -0.0882
vn -0.0432 -0.9952 -0.0882
vn -0.0439 -0.9951 -0.0882
vn -0.0445 -0.9951 -0.0883
vn -0.0452 -0.9951 -0.0883
vn -0.0460 -0.9950 -0.0883
vn -0.0471 -0.9950 -0.0883
vn -0.0486 -0.9949 -0.0883
vn -0.0512 -0.9948 -0.0883
vn -0.0504 -0.9948 -0.0883
vn -0.0517 -0.9947 -0.0883
vn -0.0590 -0.9943 -0.0883
vn -0.0662 -0.9939 -0.0884
vn -0.0736 -0.9934 -0.0884
vn -0.0810 -0.9928 -0.0884
vn -0.0887 -0.9921 -0.0884
vn -0.0965 -0.9914 -0.0884
vn -0.1046 -0.9906 -0.0884
vn -0.1130 -0.9896 -0.0885
vn -0.1218 -0.9886 -0.0884
vn -0.1310 -0.9874 -0.0884
vn 0.6440 -0.7626 -0.0609
vn 0.6759 0.7335 0.0715
vn -0.1131 0.9898 0.0862
vn -0.0978 0.9914 0.0865
vn -0.0843 0.9927 0.0868
vn -0.0723 0.9936 0.0870
vn -0.0614 0.9943 0.0871
vn -0.0514 0.9949 0.0873
vn -0.0422 0.9953 0.0874
vn -0.0335 0.9956 0.0875
vn -0.0252 0.9958 0.0876
vn -0.0171 0.9960 0.0877
vn -0.0091 0.9961 0.0878
vn 0.0018 0.9961 0.0879
vn 0.0105 0.9961 0.0880
vn 0.0210 0.9959 0.0881
vn 0.0306 0.9956 0.0882
vn 0.0395 0.9953 0.0882
vn 0.0477 0.9950 0.0883
vn 0.0554 0.9946 0.0883
vn 0.0627 0.9941 0.0883
vn 0.0696 0.9937 0.0884
vn 0.0763 0.9932 0.0884
vn 0.0828 0.9926 0.0884
vn 0.0893 0.9921 0.0884
vn -0.6739 0.7365 0.0583
vn -0.7315 -0.6785 -0.0672
vn -0.0697 -0.9936 -0.0884
vn -0.0629 -0.9941 -0.0883
vn -0.0588 -0.9944 -0.0883
vn -0.0543 -0.9946 -0.0883
vn -0.0491 -0.9949 -0.0883
vn -0.0366 -0.9954 -0.0882
vn -0.0291 -0.9957 -0.0881
vn -0.0204 -0.9959 -0.0881
vn -0.0105 -0.9961 -0.0880
vn -0.0001 -0.9961 -0.0879
vn 0.0091 -0.9961 -0.0878
vn 0.0171 -0.9960 -0.0877
vn 0.0250 -0.9958 -0.0876
vn 0.0325 -0.9956 -0.0875
vn 0.0397 -0.9954 -0.0874
vn 0.0466 -0.9951 -0.0873
vn 0.0530 -0.9948 -0.0873
vn 0.0589 -0.9945 -0.0872
vn 0.0642 -0.9941 -0.0871
vn 0.0690 -0.9938 -0.0870
vn 0.0731 -0.9935 -0.0869
vn 0.7334 -0.6778 -0.0525
vn 0.6642 0.7440 0.0723
vn -0.1091 0.9903 0.0863
vn -0.0946 0.9917 0.0866
vn -0.0815 0.9929 0.0868
vn -0.0696 0.9938 0.0870
vn -0.0587 0.9945 0.0872
vn -0.0487 0.9950 0.0873
vn -0.0394 0.9954 0.0874
vn -0.0307 0.9957 0.0876
vn -0.0226 0.9959 0.0877
vn -0.0150 0.9960 0.0877
vn -0.0078 0.9961 0.0878
vn 0.0004 0.9961 0.0879
vn -0.9838 0.1789 0.0060
vn -0.9328 0.3596 0.0224
vn -0.7398 0.6709 0.0518
vn -0.6204 0.7818 0.0628
vn -0.5019 0.8620 0.0711
vn -0.3914 0.9170 0.0770
vn -0.2921 0.9529 0.0812
vn -0.2045 0.9753 0.0840
vn -0.1278 0.9881 0.0859
vn -0.0606 0.9944 0.0871
vn -0.0105 0.9961 0.0878
vn 0.0172 0.9960 0.0881
vn 0.0355 0.9955 0.0882
vn 0.0541 0.9946 0.0883
vn 0.0734 0.9934 0.0884
vn 0.0937 0.9917 0.0884
vn 0.1153 0.9894 0.0885
vn 0.1389 0.9864 0.0884
vn 0.1650 0.9823 0.0883
vn 0.1944 0.9770 0.0881
vn 0.2284 0.9696 0.0878
vn 0.2685 0.9593 0.0873
vn -0.5914 0.8038 0.0650
vn -0.7928 -0.6063 -0.0614
vn -0.2297 -0.9693 -0.0878
vn -0.1980 -0.9762 -0.0881
vn -0.1709 -0.9813 -0.0883
vn -0.1470 -0.9852 -0.0884
vn -0.1254 -0.9882 -0.0884
vn -0.1055 -0.9905 -0.0885
vn -0.0867 -0.9923 -0.0884
vn -0.0687 -0.9937 -0.0884
vn -0.0511 -0.9948 -0.0883
vn -0.0338 -0.9955 -0.0882
vn -0.0165 -0.9960 -0.0881
vn 0.0107 -0.9961 -0.0878
vn 0.0608 -0.9943 -0.0871
vn 0.1285 -0.9880 -0.0859
vn 0.2064 -0.9749 -0.0840
vn 0.2962 -0.9517 -0.0810
vn 0.3985 -0.9140 -0.0767
vn 0.5126 -0.8557 -0.0704
vn 0.6343 -0.7707 -0.0617
vn 0.7546 -0.6542 -0.0502
vn 0.8609 -0.5075 -0.0362
vn 0.9403 -0.3397 -0.0206
vn 0.9861 -0.1663 -0.0049
vn 0.9995 -0.0306 0.0073
vn 0.9992 0.0369 0.0132
vn 0.9973 0.0712 0.0162
vn 0.9946 0.1020 0.0189
vn 0.9914 0.1294 0.0213
vn 0.9879 0.1532 0.0234
vn 0.9845 0.1734 0.0251
vn 0.9814 0.1899 0.0265
vn 0.9789 0.2026 0.0276
vn 0.9770 0.2114 0.0284
vn 0.9759 0.2162 0.0288
vn 0.9758 0.2168 0.0289
vn 0.5859 0.8067 0.0770
vn -0.8353 0.5484 0.0401
vn -0.9557 -0.2924 -0.0353
vn -0.9608 -0.2753 -0.0339
vn -0.9661 -0.2563 -0.0322
vn -0.9714 -0.2354 -0.0304
vn -0.9768 -0.2125 -0.0285
vn -0.9819 -0.1876 -0.0263
vn -0.9867 -0.1607 -0.0240
vn -0.9910 -0.1320 -0.0215
vn -0.9947 -0.1013 -0.0188
vn -0.9975 -0.0690 -0.0160
vn -0.9993 -0.0351 -0.0131
vn -0.9994 0.0348 -0.0069
vn 0.5053 0.8591 0.0808
vn 0.4944 0.8654 0.0813
vn 0.4853 0.8705 0.0816
vn 0.4777 0.8747 0.0819
vn 0.4716 0.8780 0.0822
vn 0.4669 0.8805 0.0823
vn 0.4636 0.8822 0.0825
vn 0.4619 0.8831 0.0825
vn 0.4642 0.8819 0.0824
vn 0.4694 0.8791 0.0823
vn 0.4897 0.8681 0.0815
vn 0.5083 0.8574 0.0807
vn 0.5129 0.8547 0.0805
vn 0.5189 0.8511 0.0803
vn 0.5263 0.8465 0.0799
vn 0.5353 0.8409 0.0795
vn 0.5574 0.8265 0.0785
vn 0.5704 0.8177 0.0778
vn 0.5842 0.8079 0.0771
vn 0.5987 0.7973 0.0763
vn 0.6135 0.7860 0.0755
vn 0.6136 0.7860 0.0755
vn -0.1725 0.9813 0.0849
vn -0.9717 -0.2343 -0.0304
vn -0.5096 -0.8566 -0.0807
vn -0.5008 -0.8617 -0.0810
vn -0.4928 -0.8663 -0.0814
vn -0.4857 -0.8703 -0.0816
vn -0.4794 -0.8738 -0.0819
vn -0.4740 -0.8767 -0.0821
vn -0.4694 -0.8791 -0.0822
vn -0.4657 -0.8811 -0.0824
vn -0.4628 -0.8826 -0.0825
vn -0.4607 -0.8837 -0.0826
vn -0.4594 -0.8844 -0.0826
vn -0.4561 -0.8861 -0.0827
vn -0.4515 -0.8884 -0.0829
vn -0.4493 -0.8895 -0.0830
vn -0.4500 -0.8892 -0.0829
vn -0.4529 -0.8877 -0.0828
vn -0.4577 -0.8853 -0.0827
vn -0.4643 -0.8818 -0.0824
vn -0.4727 -0.8774 -0.0821
vn -0.4831 -0.8717 -0.0817
vn -0.5112 -0.8557 -0.0806
vn -0.5299 -0.8443 -0.0798
vn -0.5490 -0.8321 -0.0789
vn -0.5755 -0.8141 -0.0776
vn -0.6126 -0.7868 -0.0755
vn -0.6533 -0.7536 -0.0730
vn -0.6976 -0.7131 -0.0699
vn -0.7450 -0.6638 -0.0660
vn -0.7945 -0.6041 -0.0612
vn -0.8447 -0.5324 -0.0554
vn -0.8929 -0.4477 -0.0484
vn -0.9360 -0.3497 -0.0402
vn -0.9703 -0.2401 -0.0309
vn -0.9923 -0.1219 -0.0206
vn -0.9999 0.0101 -0.0091
vn -0.9857 0.1683 0.0050
vn -0.9393 0.3425 0.0209
vn -0.8594 0.5100 0.0364
vn -0.7532 0.6558 0.0504
vn -0.6333 0.7714 0.0618
vn -0.5121 0.8560 0.0704
vn -0.3984 0.9140 0.0767
vn -0.2961 0.9517 0.0810
vn -0.2064 0.9749 0.0840
vn -0.1283 0.9880 0.0859
vn -0.0606 0.9943 0.0871
vn -0.0098 0.9961 0.0878
vn 0.0191 0.9959 0.0881
vn 0.0376 0.9954 0.0882
vn 0.0549 0.9946 0.0883
vn 0.0716 0.9935 0.0884
vn 0.0880 0.9922 0.0884
vn 0.1046 0.9906 0.0885
vn 0.1407 0.9861 0.0884
vn 0.1614 0.9829 0.0883
vn 0.1853 0.9787 0.0882
vn 0.2137 0.9729 0.0880
vn -0.6211 0.7812 0.0627
vn -0.7612 -0.6453 -0.0645
vn -0.1524 -0.9844 -0.0884
vn -0.1380 -0.9865 -0.0884
vn -0.1242 -0.9883 -0.0884
vn -0.1109 -0.9899 -0.0885
vn -0.0977 -0.9913 -0.0884
vn -0.0846 -0.9925 -0.0884
vn -0.0713 -0.9935 -0.0884
vn -0.0578 -0.9944 -0.0883
vn -0.0296 -0.9957 -0.0882
vn -0.0146 -0.9960 -0.0880
vn 0.0099 -0.9961 -0.0878
vn 0.0558 -0.9946 -0.0872
vn 0.1188 -0.9892 -0.0861
vn 0.1931 -0.9775 -0.0843
vn 0.2805 -0.9564 -0.0816
vn 0.3825 -0.9207 -0.0774
vn 0.4985 -0.8640 -0.0713
vn 0.6242 -0.7787 -0.0625
vn 0.7497 -0.6598 -0.0508
vn 0.8600 -0.5090 -0.0363
vn 0.9411 -0.3375 -0.0204
vn 0.9866 -0.1634 -0.0046
vn 0.9999 -0.0122 0.0089
vn 0.9940 0.1078 0.0194
vn 0.9761 0.2152 0.0287
vn 0.9473 0.3183 0.0375
vn 0.9094 0.4134 0.0455
vn 0.8654 0.4983 0.0526
vn 0.8183 0.5718 0.0586
vn 0.7707 0.6340 0.0636
vn 0.7245 0.6859 0.0677
vn 0.6812 0.7286 0.0711
vn 0.6415 0.7636 0.0738
vn 0.6057 0.7921 0.0759
vn 0.9758 0.2166 0.0288
vn 0.8809 -0.4721 -0.0329
vn 0.8880 -0.4588 -0.0316
vn 0.8939 -0.4473 -0.0306
vn 0.8988 -0.4373 -0.0296
vn 0.9030 -0.4286 -0.0288
vn 0.9067 -0.4208 -0.0281
vn 0.9099 -0.4138 -0.0275
vn 0.9128 -0.4076 -0.0269
vn 0.9153 -0.4019 -0.0263
vn 0.9176 -0.3966 -0.0259
vn 0.9197 -0.3918 -0.0254
vn 0.9258 0.3757 0.0424
vn -0.3991 0.9137 0.0766
vn -0.9352 0.3534 0.0219
vn -0.9304 0.3659 0.0230
vn -0.9256 0.3778 0.0241
vn -0.9207 0.3894 0.0252
vn -0.9158 0.4008 0.0262
vn -0.9108 0.4120 0.0273
vn -0.9056 0.4233 0.0283
vn -0.9001 0.4346 0.0294
vn -0.8944 0.4463 0.0305
vn -0.8882 0.4584 0.0316
vn -0.8814 0.4712 0.0328
vn 0.3996 -0.9135 -0.0766
vn 0.9499 -0.3121 -0.0181
vn 0.9400 -0.3404 -0.0207
vn 0.9307 -0.3650 -0.0229
vn 0.9214 -0.3878 -0.0250
vn 0.9116 -0.4101 -0.0271
vn 0.9009 -0.4329 -0.0292
vn 0.8887 -0.4573 -0.0315
vn 0.8742 -0.4844 -0.0340
vn 0.8561 -0.5154 -0.0370
vn 0.8326 -0.5524 -0.0404
vn 0.8005 -0.5977 -0.0448
vn 0.9721 0.2326 0.0302
vn -0.2591 0.9623 0.0823
vn -0.8252 0.5633 0.0415
vn -0.8470 0.5303 0.0384
vn -0.8626 0.5046 0.0359
vn -0.8746 0.4837 0.0340
vn -0.8843 0.4658 0.0323
vn -0.8927 0.4496 0.0308
vn -0.9003 0.4344 0.0294
vn -0.9075 0.4191 0.0279
vn -0.9148 0.4029 0.0264
vn -0.9228 0.3846 0.0247
vn -0.9319 0.3619 0.0227
vn -0.9274 -0.3716 -0.0420
vn 0.3390 -0.9374 -0.0793
vn 0.8899 -0.4551 -0.0313
vn 0.8854 -0.4638 -0.0321
vn 0.8810 -0.4719 -0.0329
vn 0.8767 -0.4799 -0.0336
vn 0.8721 -0.4881 -0.0344
vn 0.8672 -0.4967 -0.0352
vn 0.8618 -0.5059 -0.0361
vn 0.8557 -0.5162 -0.0370
vn 0.8485 -0.5279 -0.0381
vn 0.8398 -0.5414 -0.0394
vn 0.8290 -0.5577 -0.0410
vn 0.9581 0.2843 0.0346
vn -0.2847 0.9551 0.0814
vn -0.8267 0.5611 0.0413
vn -0.8366 0.5464 0.0399
vn -0.8442 0.5345 0.0388
vn -0.8505 0.5246 0.0378
vn -0.8558 0.5159 0.0370
vn -0.8605 0.5082 0.0363
vn -0.8647 0.5010 0.0356
vn -0.8687 0.4940 0.0349
vn -0.8727 0.4871 0.0343
vn -0.8767 0.4799 0.0336
vn -0.8810 0.4720 0.0329
vn -0.9440 -0.3277 -0.0383
vn 0.3314 -0.9401 -0.0797
vn 0.8855 -0.4636 -0.0321
vn 0.8805 -0.4729 -0.0330
vn 0.8755 -0.4820 -0.0338
vn 0.8706 -0.4909 -0.0346
vn 0.8653 -0.4999 -0.0355
vn 0.8598 -0.5094 -0.0364
vn 0.8537 -0.5195 -0.0373
vn 0.8468 -0.5305 -0.0384
vn 0.8390 -0.5427 -0.0395
vn 0.8298 -0.5565 -0.0408
vn 0.8188 -0.5726 -0.0424
vn 0.9615 0.2726 0.0336
vn -0.2777 0.9572 0.0817
vn -0.8209 0.5695 0.0421
vn -0.8288 0.5580 0.0410
vn -0.8410 0.5396 0.0392
vn -0.8461 0.5316 0.0385
vn -0.8511 0.5237 0.0377
vn -0.8560 0.5157 0.0370
vn -0.8611 0.5072 0.0362
vn -0.8667 0.4976 0.0353
vn -0.8731 0.4864 0.0342
vn -0.8807 0.4725 0.0329
vn -0.9445 -0.3262 -0.0382
vn 0.0429 0.9952 0.0882
vn 0.0533 0.9947 0.0883
vn 0.0611 0.9942 0.0883
vn 0.0670 0.9938 0.0884
vn 0.0715 0.9935 0.0884
vn 0.0750 0.9933 0.0884
vn 0.0775 0.9931 0.0884
vn 0.0793 0.9929 0.0884
vn 0.0805 0.9928 0.0884
vn 0.0811 0.9928 0.0884
vn 0.0812 0.9928 0.0884
vn 0.6637 0.7445 0.0723
vn 0.9811 0.1915 0.0267
vn 0.9834 0.1794 0.0256
vn 0.9857 0.1666 0.0245
vn 0.9879 0.1531 0.0234
vn 0.9901 0.1387 0.0221
vn 0.9921 0.1234 0.0208
vn 0.9941 0.1069 0.0193
vn 0.9959 0.0890 0.0178
vn 0.9974 0.0696 0.0161
vn 0.9987 0.0484 0.0142
vn 0.9996 0.0252 0.0122
vn 0.6663 0.7422 0.0721
vn -0.8063 0.5899 0.0440
vn -0.9791 -0.2017 -0.0275
vn -0.9798 -0.1980 -0.0272
vn -0.9806 -0.1942 -0.0269
vn -0.9814 -0.1901 -0.0265
vn -0.9822 -0.1859 -0.0262
vn -0.9831 -0.1814 -0.0258
vn -0.9840 -0.1765 -0.0254
vn -0.9849 -0.1715 -0.0249
vn -0.9858 -0.1662 -0.0245
vn -0.9868 -0.1605 -0.0240
vn -0.9878 -0.1542 -0.0234
vn -0.9859 -0.1655 -0.0244
vn -0.9860 -0.1652 -0.0244
vn -0.6712 -0.7378 -0.0718
vn -0.9966 0.0825 -0.0026
vn -0.9966 0.0825 -0.0029
vn 0.0796 0.9929 0.0884
vn 0.0767 0.9931 0.0884
vn 0.0692 0.9937 0.0884
vn 0.0642 0.9940 0.0884
vn 0.0582 0.9944 0.0883
vn 0.0509 0.9948 0.0883
vn 0.0309 0.9956 0.0882
vn 0.0168 0.9960 0.0880
vn -0.0129 0.9961 0.0878
vn -0.0741 0.9935 0.0869
vn -0.1616 0.9832 0.0851
vn -0.2669 0.9602 0.0821
vn -0.3888 0.9181 0.0771
vn -0.5221 0.8500 0.0698
vn -0.6558 0.7525 0.0599
vn -0.7762 0.6286 0.0477
vn -0.8717 0.4889 0.0345
vn -0.9375 0.3473 0.0213
vn -0.9765 0.2155 0.0093
vn -0.9950 0.0998 -0.0011
vn -0.9998 0.0174 -0.0084
vn -0.9997 -0.0229 -0.0120
vn -0.9989 -0.0452 -0.0139
vn -0.9976 -0.0676 -0.0159
vn -0.9957 -0.0908 -0.0179
vn -0.9931 -0.1155 -0.0201
vn -0.9895 -0.1427 -0.0225
vn -0.9845 -0.1734 -0.0251
vn -0.9775 -0.2089 -0.0282
vn -0.9675 -0.2509 -0.0318
vn -0.9527 -0.3018 -0.0361
vn -0.8994 -0.4345 -0.0473
vn -0.8581 -0.5106 -0.0536
vn -0.8014 -0.5950 -0.0605
vn -0.7303 -0.6798 -0.0673
vn -0.6457 -0.7601 -0.0735
vn -0.5509 -0.8309 -0.0788
vn -0.4512 -0.8886 -0.0829
vn -0.3526 -0.9318 -0.0857
vn -0.2603 -0.9616 -0.0874
vn -0.1778 -0.9801 -0.0883
vn -0.1069 -0.9903 -0.0885
vn -0.0481 -0.9949 -0.0883
vn -0.0032 -0.9961 -0.0879
vn 0.0282 -0.9958 -0.0876
vn 0.0525 -0.9948 -0.0873
vn 0.0740 -0.9935 -0.0869
vn 0.0933 -0.9919 -0.0866
vn 0.1108 -0.9901 -0.0863
vn 0.1269 -0.9882 -0.0859
vn 0.1421 -0.9861 -0.0856
vn 0.1566 -0.9840 -0.0853
vn 0.1707 -0.9817 -0.0849
vn 0.1848 -0.9791 -0.0846
vn 0.1993 -0.9763 -0.0842
vn 0.7264 -0.6852 -0.0532
vn 0.6580 0.7495 0.0727
vn -0.2706 0.9592 0.0819
vn -0.2468 0.9655 0.0827
vn -0.2251 0.9708 0.0834
vn -0.2046 0.9752 0.0840
vn -0.1848 0.9791 0.0846
vn -0.1652 0.9826 0.0851
vn -0.1452 0.9857 0.0855
vn -0.1240 0.9885 0.0860
vn -0.1006 0.9912 0.0865
vn -0.0737 0.9935 0.0869
vn -0.0410 0.9953 0.0874
vn -0.0019 0.9961 0.0879
vn 0.0437 0.9951 0.0882
vn 0.0997 0.9911 0.0884
vn 0.1697 0.9815 0.0883
vn 0.2532 0.9634 0.0875
vn 0.3483 0.9334 0.0858
vn 0.4508 0.8888 0.0829
vn 0.5545 0.8284 0.0786
vn 0.6528 0.7540 0.0730
vn 0.7395 0.6699 0.0665
vn 0.8112 0.5817 0.0594
vn 0.8674 0.4948 0.0523
vn 0.9060 0.4207 0.0461
vn 0.9339 0.3552 0.0406
vn 0.9551 0.2942 0.0355
vn 0.9690 0.2451 0.0313
vn 0.9785 0.2046 0.0278
vn 0.9851 0.1703 0.0248
vn 0.9898 0.1404 0.0223
vn 0.9933 0.1138 0.0199
vn 0.9958 0.0895 0.0178
vn 0.9977 0.0666 0.0158
vn 0.9989 0.0445 0.0139
vn 0.9997 0.0225 0.0119
vn 0.9999 -0.0145 0.0087
vn 0.9961 -0.0887 0.0021
vn 0.9805 -0.1964 -0.0076
vn 0.9451 -0.3262 -0.0194
vn 0.8803 -0.4733 -0.0330
vn 0.7797 -0.6244 -0.0473
vn 0.6473 -0.7598 -0.0606
vn 0.4993 -0.8635 -0.0712
vn 0.3561 -0.9311 -0.0786
vn 0.2321 -0.9691 -0.0832
vn 0.1328 -0.9874 -0.0858
vn 0.0577 -0.9945 -0.0872
vn 0.0085 -0.9961 -0.0878
vn -0.0169 -0.9960 -0.0881
vn -0.0313 -0.9956 -0.0882
vn -0.0429 -0.9952 -0.0882
vn -0.0523 -0.9947 -0.0883
vn -0.0602 -0.9943 -0.0883
vn -0.0669 -0.9938 -0.0884
vn -0.0725 -0.9934 -0.0884
vn -0.0774 -0.9931 -0.0884
vn -0.0817 -0.9927 -0.0884
vn -0.0854 -0.9924 -0.0884
vn -0.0888 -0.9921 -0.0884
vn -0.6448 -0.7608 -0.0736
vn -0.6449 -0.7608 -0.0736
vn -0.9649 -0.2605 -0.0326
vn -0.9614 -0.2730 -0.0337
vn -0.9573 -0.2871 -0.0349
vn -0.9523 -0.3031 -0.0362
vn -0.9463 -0.3211 -0.0378
vn -0.9391 -0.3414 -0.0395
vn -0.9304 -0.3642 -0.0414
vn -0.9199 -0.3898 -0.0436
vn -0.9069 -0.4187 -0.0460
vn -0.8910 -0.4514 -0.0487
vn -0.8711 -0.4884 -0.0518
vn -0.3179 -0.9442 -0.0865
vn 0.9590 -0.2828 -0.0154
vn 0.8372 0.5439 0.0563
vn 0.8663 0.4968 0.0525
vn 0.8883 0.4566 0.0491
vn 0.9054 0.4220 0.0463
vn 0.9189 0.3920 0.0437
vn 0.9298 0.3656 0.0415
vn 0.9388 0.3421 0.0395
vn 0.9464 0.3207 0.0377
vn 0.9530 0.3010 0.0360
vn 0.9587 0.2822 0.0345
vn 0.9640 0.2638 0.0329
vn 0.7607 -0.6472 -0.0495
vn -0.1140 -0.9895 -0.0884
vn -0.1261 -0.9881 -0.0884
vn -0.1247 -0.9882 -0.0884
vn -0.1243 -0.9883 -0.0884
vn -0.1245 -0.9883 -0.0884
vn -0.1255 -0.9881 -0.0884
vn -0.1270 -0.9880 -0.0884
vn -0.1292 -0.9877 -0.0884
vn -0.1321 -0.9873 -0.0884
vn -0.1360 -0.9868 -0.0884
vn -0.1412 -0.9860 -0.0884
vn -0.1481 -0.9850 -0.0884
vn 0.6110 -0.7891 -0.0635
vn 0.7326 0.6774 0.0671
vn -0.0276 0.9958 0.0876
vn -0.0228 0.9959 0.0877
vn -0.0176 0.9960 0.0877
vn -0.0122 0.9961 0.0878
vn -0.0066 0.9961 0.0878
vn -0.0009 0.9961 0.0879
vn 0.0049 0.9961 0.0879
vn 0.0159 0.9960 0.0880
vn 0.0211 0.9959 0.0881
vn 0.0259 0.9958 0.0881
vn -0.9998 -0.0159 -0.0114
vn -0.9997 -0.0204 -0.0118
vn -0.9996 -0.0267 -0.0123
vn -0.9993 -0.0346 -0.0130
vn -0.9989 -0.0441 -0.0138
vn -0.9984 -0.0551 -0.0148
vn -0.9976 -0.0675 -0.0159
vn -0.9965 -0.0815 -0.0171
vn -0.9951 -0.0968 -0.0185
vn -0.9933 -0.1137 -0.0199
vn -0.7499 0.6597 0.0507
vn -0.8138 -0.5782 -0.0591
vn -0.9366 0.3498 0.0215
vn -0.9160 0.4002 0.0262
vn -0.8912 0.4525 0.0310
vn -0.8263 0.5617 0.0413
vn -0.7849 0.6179 0.0467
vn -0.7365 0.6744 0.0522
vn -0.6808 0.7302 0.0577
vn -0.6175 0.7840 0.0630
vn -0.5468 0.8345 0.0682
vn -0.4692 0.8801 0.0730
vn -0.9881 0.1537 0.0037
vn -0.6957 -0.7150 -0.0700
vn -0.7196 -0.6910 -0.0681
vn -0.7391 -0.6703 -0.0665
vn -0.7557 -0.6517 -0.0650
vn -0.7832 -0.6186 -0.0624
vn -0.7955 -0.6029 -0.0611
vn -0.8075 -0.5869 -0.0598
vn -0.8195 -0.5701 -0.0585
vn -0.8320 -0.5518 -0.0570
vn -0.8456 -0.5310 -0.0553
vn -0.2652 -0.9602 -0.0874
vn 0.5010 -0.8625 -0.0711
vn 0.5691 -0.8196 -0.0667
vn 0.6322 -0.7723 -0.0619
vn 0.6897 -0.7219 -0.0568
vn 0.7411 -0.6694 -0.0517
vn 0.7862 -0.6162 -0.0465
vn 0.8253 -0.5631 -0.0415
vn 0.8587 -0.5111 -0.0365
vn 0.8870 -0.4607 -0.0318
vn 0.9106 -0.4124 -0.0273
vn 0.9302 -0.3664 -0.0231
vn -0.0386 -0.9954 -0.0882
vn -0.9549 -0.2948 -0.0355
vn -0.9366 -0.3480 -0.0400
vn -0.9131 -0.4053 -0.0449
vn -0.8835 -0.4658 -0.0499
vn -0.8470 -0.5287 -0.0551
vn -0.8033 -0.5925 -0.0603
vn -0.6942 -0.7164 -0.0701
vn -0.6301 -0.7730 -0.0745
vn -0.5613 -0.8239 -0.0783
vn -0.4895 -0.8682 -0.0815
vn 0.2561 -0.9631 -0.0824
vn 0.8248 -0.5639 -0.0415
vn 0.8057 -0.5907 -0.0441
vn 0.7883 -0.6135 -0.0463
vn 0.7720 -0.6338 -0.0482
vn 0.7561 -0.6526 -0.0501
vn 0.7401 -0.6705 -0.0518
vn 0.7235 -0.6883 -0.0535
vn 0.7056 -0.7064 -0.0553
vn 0.6860 -0.7254 -0.0572
vn 0.6637 -0.7457 -0.0592
vn 0.6375 -0.7680 -0.0614
vn 0.9937 0.1100 0.0196
vn 0.4741 0.8766 0.0821
vn 0.5515 0.8304 0.0788
vn 0.6261 0.7762 0.0747
vn 0.6955 0.7151 0.0700
vn 0.7581 0.6489 0.0648
vn 0.8127 0.5797 0.0592
vn 0.8586 0.5098 0.0535
vn 0.8961 0.4413 0.0479
vn 0.9258 0.3756 0.0424
vn 0.9487 0.3141 0.0372
vn 0.9657 0.2575 0.0323
vn 0.7851 -0.6175 -0.0467
vn 0.7851 -0.6176 -0.0467
vn 0.6593 0.7483 0.0726
vn 0.6593 0.7484 0.0726
vn 0.9928 0.1177 0.0203
vn 0.9951 0.0974 0.0185
vn 0.9967 0.0791 0.0169
vn 0.9979 0.0628 0.0155
vn 0.9987 0.0486 0.0142
vn 0.9993 0.0364 0.0132
vn 0.9996 0.0263 0.0123
vn 0.9998 0.0185 0.0116
vn 0.9999 0.0130 0.0111
vn 0.9999 0.0101 0.0109
vn 0.9999 0.0101 0.0108
vn 0.7026 0.7082 0.0695
vn -0.7121 0.7000 0.0547
vn 0.7064 0.7044 0.0692
vn -0.9998 -0.0134 -0.0111
vn -0.9982 -0.0581 -0.0151
vn -0.9916 -0.1279 -0.0212
vn -0.9768 -0.2122 -0.0285
vn -0.9499 -0.3105 -0.0369
vn -0.9064 -0.4200 -0.0461
vn -0.8436 -0.5342 -0.0555
vn -0.7627 -0.6436 -0.0644
vn -0.6695 -0.7393 -0.0719
vn -0.4818 -0.8724 -0.0818
vn -0.4019 -0.9118 -0.0845
vn -0.3307 -0.9398 -0.0862
vn -0.2632 -0.9608 -0.0874
vn -0.2031 -0.9752 -0.0881
vn -0.1542 -0.9841 -0.0884
vn -0.1149 -0.9894 -0.0885
vn -0.0837 -0.9926 -0.0884
vn -0.0591 -0.9943 -0.0883
vn -0.0402 -0.9953 -0.0882
vn -0.0151 -0.9960 -0.0880
vn -0.0074 -0.9961 -0.0880
vn -0.0024 -0.9961 -0.0879
vn 0.6151 -0.7859 -0.0632
vn 0.9642 -0.2648 -0.0138
vn 0.9526 -0.3037 -0.0173
vn 0.9422 -0.3346 -0.0201
vn 0.9327 -0.3600 -0.0225
vn 0.9240 -0.3815 -0.0245
vn 0.9159 -0.4005 -0.0262
vn 0.9080 -0.4180 -0.0278
vn 0.9002 -0.4346 -0.0294
vn 0.8921 -0.4508 -0.0309
vn 0.8835 -0.4674 -0.0324
vn 0.8571 0.5123 0.0537
vn -0.0264 0.9958 0.0876
vn -0.0193 0.9960 0.0877
vn -0.0069 0.9961 0.0878
vn -0.0013 0.9961 0.0879
vn 0.0041 0.9961 0.0879
vn 0.0096 0.9961 0.0880
vn 0.0153 0.9960 0.0880
vn 0.0217 0.9959 0.0881
vn 0.0407 0.9953 0.0882
vn 0.0609 0.9942 0.0883
vn 0.1038 0.9907 0.0885
vn 0.1739 0.9808 0.0883
vn 0.2689 0.9592 0.0873
vn 0.3907 0.9166 0.0848
vn 0.5344 0.8415 0.0796
vn 0.6836 0.7264 0.0710
vn 0.8130 0.5793 0.0592
vn 0.9056 0.4217 0.0462
vn 0.9602 0.2773 0.0340
vn 0.9870 0.1592 0.0239
vn 0.9975 0.0690 0.0160
vn 0.9998 0.0152 0.0113
vn -0.7064 -0.7044 -0.0692
vt 0.129310 0.000000
vt 0.146552 0.000000
vt 0.137931 0.000000
vt 0.155172 0.000000
vt 0.112069 0.000000
vt 0.120690 0.000000
vt 0.163793 0.000000
vt 0.172414 0.000000
vt 0.103448 0.000000
vt 0.094828 0.000000
vt 0.181034 0.000000
vt 0.189655 0.000000
vt 0.077586 0.000000
vt 0.887931 0.000000
vt 0.086207 0.000000
vt 0.198276 0.000000
vt 0.922414 0.000000
vt 0.913793 0.000000
vt 0.206897 0.000000
vt 0.896552 0.000000
vt 0.879310 0.000000
vt 0.870690 0.000000
vt 0.931035 0.000000
vt 0.905172 0.000000
vt 0.068966 0.000000
vt 0.060345 0.000000
vt 0.215517 0.000000
vt 0.224138 0.000000
vt 0.043103 0.000000
vt 0.051724 0.000000
vt 0.232759 0.000000
vt 0.034483 0.000000
vt 0.956897 0.000000
vt 0.948276 0.000000
vt 0.241379 0.000000
vt 0.025862 0.000000
vt 0.965517 0.000000
vt 0.939655 0.000000
vt 0.008621 0.000000
vt 0.017241 0.000000
vt 0.250000 0.000000
vt 0.258621 0.000000
vt 0.000000 0.000000
vt 0.862069 0.000000
vt 0.991379 0.000000
vt 1.000000 0.000000
vt 0.982759 0.000000
vt 0.974138 0.000000
vt 0.267241 0.000000
vt 0.275862 0.000000
vt 0.844828 0.000000
vt 0.853448 0.000000
vt 0.836207 0.000000
vt 0.301724 0.000000
vt 0.293103 0.000000
vt 0.827586 0.000000
vt 0.310345 0.000000
vt 0.284483 0.000000
vt 0.818965 0.000000
vt 0.318966 0.000000
vt 0.810345 0.000000
vt 0.801724 0.000000
vt 0.793103 0.000000
vt 0.784483 0.000000
vt 0.775862 0.000000
vt 0.767241 0.000000
vt 0.327586 0.000000
vt 0.758621 0.000000
vt 0.750000 0.000000
vt 0.741379 0.000000
vt 0.732759 0.000000
vt 0.612069 0.000000
vt 0.629310 0.000000
vt 0.620690 0.000000
vt 0.724138 0.000000
vt 0.715517 0.000000
vt 0.706897 0.000000
vt 0.637931 0.000000
vt 0.698276 0.000000
vt 0.689655 0.000000
vt 0.646552 0.000000
vt 0.681035 0.000000
vt 0.655172 0.000000
vt 0.672414 0.000000
vt 0.663793 0.000000
vt 0.336207 0.000000
vt 0.344828 0.000000
vt 0.603448 0.000000
vt 0.594828 0.000000
vt 0.353448 0.000000
vt 0.586207 0.000000
vt 0.577586 0.000000
vt 0.362069 0.000000
vt 0.568965 0.000000
vt 0.370690 0.000000
vt 0.560345 0.000000
vt 0.379310 0.000000
vt 0.551724 0.000000
vt 0.387931 0.000000
vt 0.543103 0.000000
vt 0.396552 0.000000
vt 0.534483 0.000000
vt 0.405172 0.000000
vt 0.525862 0.000000
vt 0.413793 0.000000
vt 0.422414 0.000000
vt 0.517241 0.000000
vt 0.431034 0.000000
vt 0.439655 0.000000
vt 0.448276 0.000000
vt 0.456897 0.000000
vt 0.465517 0.000000
vt 0.474138 0.000000
vt 0.482759 0.000000
vt 0.491379 0.000000
vt 0.500000 0.000000
vt 0.508621 0.000000
vt 0.980392 0.000000
vt 0.990196 0.000000
vt 0.970588 0.000000
vt 0.009804 0.000000
vt 0.960784 0.000000
vt 0.019608 0.000000
vt 0.950980 0.000000
vt 0.029412 0.000000
vt 0.941176 0.000000
vt 0.039216 0.000000
vt 0.931373 0.000000
vt 0.049020 0.000000
vt 0.921569 0.000000
vt 0.058824 0.000000
vt 0.911765 0.000000
vt 0.068627 0.000000
vt 0.901961 0.000000
vt 0.078431 0.000000
vt 0.892157 0.000000
vt 0.088235 0.000000
vt 0.882353 0.000000
vt 0.098039 0.000000
vt 0.872549 0.000000
vt 0.107843 0.000000
vt 0.852941 0.000000
vt 0.862745 0.000000
vt 0.117647 0.000000
vt 0.127451 0.000000
vt 0.843137 0.000000
vt 0.833333 0.000000
vt 0.137255 0.000000
vt 0.147059 0.000000
vt 0.823529 0.000000
vt 0.490196 0.000000
vt 0.156863 0.000000
vt 0.480392 0.000000
vt 0.813725 0.000000
vt 0.166667 0.000000
vt 0.509804 0.000000
vt 0.470588 0.000000
vt 0.803922 0.000000
vt 0.176471 0.000000
vt 0.519608 0.000000
vt 0.460784 0.000000
vt 0.794118 0.000000
vt 0.186275 0.000000
vt 0.529412 0.000000
vt 0.450980 0.000000
vt 0.784314 0.000000
vt 0.196078 0.000000
vt 0.539216 0.000000
vt 0.774510 0.000000
vt 0.441176 0.000000
vt 0.205882 0.000000
vt 0.549020 0.000000
vt 0.764706 0.000000
vt 0.431373 0.000000
vt 0.215686 0.000000
vt 0.558824 0.000000
vt 0.754902 0.000000
vt 0.421569 0.000000
vt 0.225490 0.000000
vt 0.568627 0.000000
vt 0.745098 0.000000
vt 0.235294 0.000000
vt 0.411765 0.000000
vt 0.735294 0.000000
vt 0.578431 0.000000
vt 0.245098 0.000000
vt 0.401961 0.000000
vt 0.254902 0.000000
vt 0.725490 0.000000
vt 0.588235 0.000000
vt 0.392157 0.000000
vt 0.264706 0.000000
vt 0.715686 0.000000
vt 0.274510 0.000000
vt 0.598039 0.000000
vt 0.284314 0.000000
vt 0.705882 0.000000
vt 0.294118 0.000000
vt 0.696078 0.000000
vt 0.382353 0.000000
vt 0.303922 0.000000
vt 0.686275 0.000000
vt 0.313726 0.000000
vt 0.676471 0.000000
vt 0.666667 0.000000
vt 0.323529 0.000000
vt 0.656863 0.000000
vt 0.333333 0.000000
vt 0.647059 0.000000
vt 0.637255 0.000000
vt 0.627451 0.000000
vt 0.617647 0.000000
vt 0.607843 0.000000
vt 0.343137 0.000000
vt 0.372549 0.000000
vt 0.362745 0.000000
vt 0.352941 0.000000
vt 0.954704 0.000000
vt 0.961672 0.000000
vt 0.958188 0.000000
vt 0.965157 0.000000
vt 0.968641 0.000000
vt 0.951219 0.000000
vt 0.972125 0.000000
vt 0.864111 0.000000
vt 0.871080 0.000000
vt 0.867596 0.000000
vt 0.975610 0.000000
vt 0.947735 0.000000
vt 0.874564 0.000000
vt 0.944251 0.000000
vt 0.979094 0.000000
vt 0.878049 0.000000
vt 0.860627 0.000000
vt 0.940767 0.000000
vt 0.982578 0.000000
vt 0.881533 0.000000
vt 0.937282 0.000000
vt 0.986063 0.000000
vt 0.885017 0.000000
vt 0.857143 0.000000
vt 0.933798 0.000000
vt 0.989547 0.000000
vt 0.853659 0.000000
vt 0.888502 0.000000
vt 0.930314 0.000000
vt 0.993031 0.000000
vt 0.850174 0.000000
vt 0.891986 0.000000
vt 0.926829 0.000000
vt 0.996516 0.000000
vt 0.846690 0.000000
vt 0.895470 0.000000
vt 0.923345 0.000000
vt 0.843206 0.000000
vt 0.898955 0.000000
vt 0.919861 0.000000
vt 0.839721 0.000000
vt 0.902439 0.000000
vt 0.916376 0.000000
vt 0.912892 0.000000
vt 0.836237 0.000000
vt 0.905923 0.000000
vt 0.832753 0.000000
vt 0.909408 0.000000
vt 0.829268 0.000000
vt 0.773519 0.000000
vt 0.780488 0.000000
vt 0.777003 0.000000
vt 0.825784 0.000000
vt 0.822300 0.000000
vt 0.783972 0.000000
vt 0.770035 0.000000
vt 0.787456 0.000000
vt 0.766551 0.000000
vt 0.790941 0.000000
vt 0.763066 0.000000
vt 0.794425 0.000000
vt 0.759582 0.000000
vt 0.797909 0.000000
vt 0.756098 0.000000
vt 0.801394 0.000000
vt 0.752613 0.000000
vt 0.804878 0.000000
vt 0.749129 0.000000
vt 0.808362 0.000000
vt 0.745645 0.000000
vt 0.811847 0.000000
vt 0.742160 0.000000
vt 0.815331 0.000000
vt 0.738676 0.000000
vt 0.818815 0.000000
vt 0.735192 0.000000
vt 0.731707 0.000000
vt 0.076655 0.000000
vt 0.083624 0.000000
vt 0.080139 0.000000
vt 0.087108 0.000000
vt 0.090592 0.000000
vt 0.073171 0.000000
vt 0.094077 0.000000
vt 0.097561 0.000000
vt 0.101045 0.000000
vt 0.069686 0.000000
vt 0.104530 0.000000
vt 0.108014 0.000000
vt 0.111498 0.000000
vt 0.114983 0.000000
vt 0.066202 0.000000
vt 0.118467 0.000000
vt 0.121951 0.000000
vt 0.125436 0.000000
vt 0.062718 0.000000
vt 0.128920 0.000000
vt 0.059233 0.000000
vt 0.055749 0.000000
vt 0.052265 0.000000
vt 0.048780 0.000000
vt 0.045296 0.000000
vt 0.041812 0.000000
vt 0.167247 0.000000
vt 0.174216 0.000000
vt 0.170732 0.000000
vt 0.163763 0.000000
vt 0.160279 0.000000
vt 0.156794 0.000000
vt 0.177700 0.000000
vt 0.153310 0.000000
vt 0.149826 0.000000
vt 0.146341 0.000000
vt 0.142857 0.000000
vt 0.181185 0.000000
vt 0.139373 0.000000
vt 0.038328 0.000000
vt 0.132404 0.000000
vt 0.135889 0.000000
vt 0.184669 0.000000
vt 0.188153 0.000000
vt 0.034843 0.000000
vt 0.031359 0.000000
vt 0.027875 0.000000
vt 0.024390 0.000000
vt 0.020906 0.000000
vt 0.017422 0.000000
vt 0.013937 0.000000
vt 0.010453 0.000000
vt 0.006969 0.000000
vt 0.003484 0.000000
vt 0.191638 0.000000
vt 0.682927 0.000000
vt 0.689895 0.000000
vt 0.686411 0.000000
vt 0.728223 0.000000
vt 0.724739 0.000000
vt 0.693380 0.000000
vt 0.721254 0.000000
vt 0.696864 0.000000
vt 0.717770 0.000000
vt 0.700348 0.000000
vt 0.714286 0.000000
vt 0.703833 0.000000
vt 0.710801 0.000000
vt 0.707317 0.000000
vt 0.679443 0.000000
vt 0.675958 0.000000
vt 0.195122 0.000000
vt 0.672474 0.000000
vt 0.668990 0.000000
vt 0.665505 0.000000
vt 0.662021 0.000000
vt 0.658537 0.000000
vt 0.641115 0.000000
vt 0.637631 0.000000
vt 0.198606 0.000000
vt 0.550523 0.000000
vt 0.547038 0.000000
vt 0.543554 0.000000
vt 0.540070 0.000000
vt 0.536585 0.000000
vt 0.533101 0.000000
vt 0.529617 0.000000
vt 0.526132 0.000000
vt 0.522648 0.000000
vt 0.519164 0.000000
vt 0.515679 0.000000
vt 0.512195 0.000000
vt 0.508711 0.000000
vt 0.202091 0.000000
vt 0.505226 0.000000
vt 0.501742 0.000000
vt 0.205575 0.000000
vt 0.498258 0.000000
vt 0.494774 0.000000
vt 0.554007 0.000000
vt 0.491289 0.000000
vt 0.487805 0.000000
vt 0.634146 0.000000
vt 0.484321 0.000000
vt 0.480836 0.000000
vt 0.209059 0.000000
vt 0.655052 0.000000
vt 0.644599 0.000000
vt 0.648084 0.000000
vt 0.651568 0.000000
vt 0.477352 0.000000
vt 0.557491 0.000000
vt 0.630662 0.000000
vt 0.473868 0.000000
vt 0.212544 0.000000
vt 0.470383 0.000000
vt 0.627178 0.000000
vt 0.560976 0.000000
vt 0.466899 0.000000
vt 0.216028 0.000000
vt 0.463415 0.000000
vt 0.623693 0.000000
vt 0.219512 0.000000
vt 0.564460 0.000000
vt 0.459930 0.000000
vt 0.222997 0.000000
vt 0.456446 0.000000
vt 0.620209 0.000000
vt 0.567944 0.000000
vt 0.452962 0.000000
vt 0.226481 0.000000
vt 0.616725 0.000000
vt 0.449477 0.000000
vt 0.571429 0.000000
vt 0.229965 0.000000
vt 0.445993 0.000000
vt 0.613240 0.000000
vt 0.233449 0.000000
vt 0.574913 0.000000
vt 0.442509 0.000000
vt 0.236934 0.000000
vt 0.439024 0.000000
vt 0.609756 0.000000
vt 0.578397 0.000000
vt 0.240418 0.000000
vt 0.435540 0.000000
vt 0.606272 0.000000
vt 0.432056 0.000000
vt 0.243902 0.000000
vt 0.581882 0.000000
vt 0.428571 0.000000
vt 0.247387 0.000000
vt 0.602787 0.000000
vt 0.425087 0.000000
vt 0.421603 0.000000
vt 0.585366 0.000000
vt 0.250871 0.000000
vt 0.418118 0.000000
vt 0.414634 0.000000
vt 0.337979 0.000000
vt 0.344948 0.000000
vt 0.341463 0.000000
vt 0.599303 0.000000
vt 0.411150 0.000000
vt 0.348432 0.000000
vt 0.407665 0.000000
vt 0.351916 0.000000
vt 0.254355 0.000000
vt 0.404181 0.000000
vt 0.355401 0.000000
vt 0.358885 0.000000
vt 0.400697 0.000000
vt 0.362369 0.000000
vt 0.397213 0.000000
vt 0.365854 0.000000
vt 0.369338 0.000000
vt 0.393728 0.000000
vt 0.372822 0.000000
vt 0.390244 0.000000
vt 0.376307 0.000000
vt 0.386760 0.000000
vt 0.379791 0.000000
vt 0.383275 0.000000
vt 0.588850 0.000000
vt 0.257840 0.000000
vt 0.595819 0.000000
vt 0.261324 0.000000
vt 0.264808 0.000000
vt 0.592335 0.000000
vt 0.268293 0.000000
vt 0.271777 0.000000
vt 0.275261 0.000000
vt 0.278746 0.000000
vt 0.334495 0.000000
vt 0.331010 0.000000
vt 0.282230 0.000000
vt 0.327526 0.000000
vt 0.324042 0.000000
vt 0.320558 0.000000
vt 0.285714 0.000000
vt 0.317073 0.000000
vt 0.313589 0.000000
vt 0.289199 0.000000
vt 0.310105 0.000000
vt 0.306620 0.000000
vt 0.292683 0.000000
vt 0.303136 0.000000
vt 0.299652 0.000000
vt 0.296167 0.000000
vt 0.910959 0.000000
vt 0.924658 0.000000
vt 0.917808 0.000000
vt 0.931507 0.000000
vt 0.904110 0.000000
vt 0.938356 0.000000
vt 0.897260 0.000000
vt 0.945205 0.000000
vt 0.890411 0.000000
vt 0.150685 0.000000
vt 0.164384 0.000000
vt 0.157534 0.000000
vt 0.952055 0.000000
vt 0.143836 0.000000
vt 0.136986 0.000000
vt 0.130137 0.000000
vt 0.123288 0.000000
vt 0.883562 0.000000
vt 0.116438 0.000000
vt 0.109589 0.000000
vt 0.102740 0.000000
vt 0.958904 0.000000
vt 0.095890 0.000000
vt 0.089041 0.000000
vt 0.082192 0.000000
vt 0.075342 0.000000
vt 0.876712 0.000000
vt 0.068493 0.000000
vt 0.965753 0.000000
vt 0.061644 0.000000
vt 0.054795 0.000000
vt 0.869863 0.000000
vt 0.047945 0.000000
vt 0.972603 0.000000
vt 0.171233 0.000000
vt 0.041096 0.000000
vt 0.178082 0.000000
vt 0.034247 0.000000
vt 0.184932 0.000000
vt 0.191781 0.000000
vt 0.863014 0.000000
vt 0.198630 0.000000
vt 0.979452 0.000000
vt 0.205479 0.000000
vt 0.027397 0.000000
vt 0.212329 0.000000
vt 0.219178 0.000000
vt 0.226027 0.000000
vt 0.020548 0.000000
vt 0.232877 0.000000
vt 0.239726 0.000000
vt 0.856164 0.000000
vt 0.246575 0.000000
vt 0.986301 0.000000
vt 0.253425 0.000000
vt 0.013699 0.000000
vt 0.260274 0.000000
vt 0.006849 0.000000
vt 0.993151 0.000000
vt 0.267123 0.000000
vt 0.849315 0.000000
vt 0.273973 0.000000
vt 0.280822 0.000000
vt 0.842466 0.000000
vt 0.287671 0.000000
vt 0.835616 0.000000
vt 0.294521 0.000000
vt 0.301370 0.000000
vt 0.828767 0.000000
vt 0.308219 0.000000
vt 0.821918 0.000000
vt 0.315068 0.000000
vt 0.815068 0.000000
vt 0.321918 0.000000
vt 0.808219 0.000000
vt 0.328767 0.000000
vt 0.801370 0.000000
vt 0.335616 0.000000
vt 0.794521 0.000000
vt 0.342466 0.000000
vt 0.349315 0.000000
vt 0.787671 0.000000
vt 0.356164 0.000000
vt 0.780822 0.000000
vt 0.363014 0.000000
vt 0.369863 0.000000
vt 0.773973 0.000000
vt 0.376712 0.000000
vt 0.767123 0.000000
vt 0.383562 0.000000
vt 0.390411 0.000000
vt 0.760274 0.000000
vt 0.397260 0.000000
vt 0.753425 0.000000
vt 0.404110 0.000000
vt 0.410959 0.000000
vt 0.746575 0.000000
vt 0.417808 0.000000
vt 0.739726 0.000000
vt 0.424658 0.000000
vt 0.431507 0.000000
vt 0.732877 0.000000
vt 0.438356 0.000000
vt 0.445205 0.000000
vt 0.452055 0.000000
vt 0.726027 0.000000
vt 0.568493 0.000000
vt 0.582192 0.000000
vt 0.575342 0.000000
vt 0.458904 0.000000
vt 0.561644 0.000000
vt 0.465753 0.000000
vt 0.554795 0.000000
vt 0.547945 0.000000
vt 0.541096 0.000000
vt 0.472603 0.000000
vt 0.719178 0.000000
vt 0.534247 0.000000
vt 0.527397 0.000000
vt 0.479452 0.000000
vt 0.520548 0.000000
vt 0.513699 0.000000
vt 0.486301 0.000000
vt 0.506849 0.000000
vt 0.493151 0.000000
vt 0.712329 0.000000
vt 0.705479 0.000000
vt 0.698630 0.000000
vt 0.691781 0.000000
vt 0.589041 0.000000
vt 0.595890 0.000000
vt 0.684932 0.000000
vt 0.602740 0.000000
vt 0.609589 0.000000
vt 0.616438 0.000000
vt 0.678082 0.000000
vt 0.623288 0.000000
vt 0.630137 0.000000
vt 0.636986 0.000000
vt 0.671233 0.000000
vt 0.643836 0.000000
vt 0.650685 0.000000
vt 0.664384 0.000000
vt 0.657534 0.000000
vt 0.699187 0.000000
vt 0.691057 0.000000
vt 0.894309 0.000000
vt 0.910569 0.000000
vt 0.674797 0.000000
vt 0.918699 0.000000
vt 0.650406 0.000000
vt 0.934959 0.000000
vt 0.642276 0.000000
vt 0.943089 0.000000
vt 0.626016 0.000000
vt 0.959350 0.000000
vt 0.967480 0.000000
vt 0.617886 0.000000
vt 0.983740 0.000000
vt 0.601626 0.000000
vt 0.991870 0.000000
vt 0.886179 0.000000
vt 0.715447 0.000000
vt 0.723577 0.000000
vt 0.869919 0.000000
vt 0.861789 0.000000
vt 0.739837 0.000000
vt 0.747967 0.000000
vt 0.845528 0.000000
vt 0.837398 0.000000
vt 0.764228 0.000000
vt 0.772358 0.000000
vt 0.821138 0.000000
vt 0.813008 0.000000
vt 0.788618 0.000000
vt 0.796748 0.000000
vt 0.479675 0.000000
vt 0.495935 0.000000
vt 0.504065 0.000000
vt 0.471545 0.000000
vt 0.455285 0.000000
vt 0.520325 0.000000
vt 0.528455 0.000000
vt 0.447154 0.000000
vt 0.544715 0.000000
vt 0.430894 0.000000
vt 0.552846 0.000000
vt 0.422764 0.000000
vt 0.569106 0.000000
vt 0.577236 0.000000
vt 0.406504 0.000000
vt 0.593496 0.000000
vt 0.398374 0.000000
vt 0.008130 0.000000
vt 0.382114 0.000000
vt 0.016260 0.000000
vt 0.373984 0.000000
vt 0.032520 0.000000
vt 0.040650 0.000000
vt 0.178862 0.000000
vt 0.186992 0.000000
vt 0.162602 0.000000
vt 0.056911 0.000000
vt 0.154472 0.000000
vt 0.065041 0.000000
vt 0.138211 0.000000
vt 0.357724 0.000000
vt 0.130081 0.000000
vt 0.113821 0.000000
vt 0.081301 0.000000
vt 0.105691 0.000000
vt 0.089431 0.000000
vt 0.349593 0.000000
vt 0.203252 0.000000
vt 0.325203 0.000000
vt 0.211382 0.000000
vt 0.227642 0.000000
vt 0.235772 0.000000
vt 0.308943 0.000000
vt 0.252033 0.000000
vt 0.260163 0.000000
vt 0.300813 0.000000
vt 0.276423 0.000000
vt 0.284553 0.000000
vt 0.263158 0.000000
vt 0.270677 0.000000
vt 0.266917 0.000000
vt 0.259398 0.000000
vt 0.255639 0.000000
vt 0.251880 0.000000
vt 0.248120 0.000000
vt 0.244361 0.000000
vt 0.240602 0.000000
vt 0.236842 0.000000
vt 0.233083 0.000000
vt 0.229323 0.000000
vt 0.225564 0.000000
vt 0.221805 0.000000
vt 0.218045 0.000000
vt 0.214286 0.000000
vt 0.210526 0.000000
vt 0.206767 0.000000
vt 0.203008 0.000000
vt 0.199248 0.000000
vt 0.951128 0.000000
vt 0.958647 0.000000
vt 0.954887 0.000000
vt 0.195489 0.000000
vt 0.191729 0.000000
vt 0.962406 0.000000
vt 0.966165 0.000000
vt 0.187970 0.000000
vt 0.969925 0.000000
vt 0.973684 0.000000
vt 0.184211 0.000000
vt 0.977444 0.000000
vt 0.981203 0.000000
vt 0.180451 0.000000
vt 0.984962 0.000000
vt 0.988722 0.000000
vt 0.992481 0.000000
vt 0.996241 0.000000
vt 0.947368 0.000000
vt 0.943609 0.000000
vt 0.939850 0.000000
vt 0.936090 0.000000
vt 0.932331 0.000000
vt 0.928571 0.000000
vt 0.924812 0.000000
vt 0.921053 0.000000
vt 0.274436 0.000000
vt 0.917293 0.000000
vt 0.278196 0.000000
vt 0.281955 0.000000
vt 0.289474 0.000000
vt 0.293233 0.000000
vt 0.913534 0.000000
vt 0.909774 0.000000
vt 0.902256 0.000000
vt 0.898496 0.000000
vt 0.894737 0.000000
vt 0.890977 0.000000
vt 0.887218 0.000000
vt 0.883459 0.000000
vt 0.879699 0.000000
vt 0.875940 0.000000
vt 0.872180 0.000000
vt 0.868421 0.000000
vt 0.853383 0.000000
vt 0.860902 0.000000
vt 0.864662 0.000000
vt 0.296992 0.000000
vt 0.300752 0.000000
vt 0.304511 0.000000
vt 0.308271 0.000000
vt 0.849624 0.000000
vt 0.312030 0.000000
vt 0.315789 0.000000
vt 0.906015 0.000000
vt 0.319549 0.000000
vt 0.845865 0.000000
vt 0.323308 0.000000
vt 0.327068 0.000000
vt 0.842105 0.000000
vt 0.330827 0.000000
vt 0.838346 0.000000
vt 0.334586 0.000000
vt 0.834586 0.000000
vt 0.338346 0.000000
vt 0.830827 0.000000
vt 0.342105 0.000000
vt 0.827068 0.000000
vt 0.823308 0.000000
vt 0.345865 0.000000
vt 0.819549 0.000000
vt 0.349624 0.000000
vt 0.815789 0.000000
vt 0.812030 0.000000
vt 0.353383 0.000000
vt 0.808271 0.000000
vt 0.402256 0.000000
vt 0.409774 0.000000
vt 0.406015 0.000000
vt 0.398496 0.000000
vt 0.394737 0.000000
vt 0.390977 0.000000
vt 0.387218 0.000000
vt 0.413534 0.000000
vt 0.372180 0.000000
vt 0.357143 0.000000
vt 0.383459 0.000000
vt 0.379699 0.000000
vt 0.364662 0.000000
vt 0.368421 0.000000
vt 0.360902 0.000000
vt 0.375940 0.000000
vt 0.417293 0.000000
vt 0.804511 0.000000
vt 0.421053 0.000000
vt 0.800752 0.000000
vt 0.424812 0.000000
vt 0.796992 0.000000
vt 0.793233 0.000000
vt 0.721804 0.000000
vt 0.432331 0.000000
vt 0.725564 0.000000
vt 0.718045 0.000000
vt 0.729323 0.000000
vt 0.789474 0.000000
vt 0.733083 0.000000
vt 0.710526 0.000000
vt 0.436090 0.000000
vt 0.706767 0.000000
vt 0.736842 0.000000
vt 0.703008 0.000000
vt 0.740601 0.000000
vt 0.785714 0.000000
vt 0.699248 0.000000
vt 0.744361 0.000000
vt 0.439850 0.000000
vt 0.781955 0.000000
vt 0.695489 0.000000
vt 0.748120 0.000000
vt 0.691729 0.000000
vt 0.443609 0.000000
vt 0.778196 0.000000
vt 0.751880 0.000000
vt 0.687970 0.000000
vt 0.774436 0.000000
vt 0.755639 0.000000
vt 0.447368 0.000000
vt 0.684211 0.000000
vt 0.770677 0.000000
vt 0.759399 0.000000
vt 0.680451 0.000000
vt 0.451128 0.000000
vt 0.766917 0.000000
vt 0.763158 0.000000
vt 0.676692 0.000000
vt 0.582707 0.000000
vt 0.590226 0.000000
vt 0.586466 0.000000
vt 0.578947 0.000000
vt 0.593985 0.000000
vt 0.575188 0.000000
vt 0.597744 0.000000
vt 0.601504 0.000000
vt 0.672932 0.000000
vt 0.454887 0.000000
vt 0.567669 0.000000
vt 0.605263 0.000000
vt 0.563910 0.000000
vt 0.669173 0.000000
vt 0.609023 0.000000
vt 0.560150 0.000000
vt 0.665414 0.000000
vt 0.556391 0.000000
vt 0.612782 0.000000
vt 0.458647 0.000000
vt 0.661654 0.000000
vt 0.552632 0.000000
vt 0.176692 0.000000
vt 0.172932 0.000000
vt 0.616541 0.000000
vt 0.003759 0.000000
vt 0.169173 0.000000
vt 0.007519 0.000000
vt 0.165414 0.000000
vt 0.011278 0.000000
vt 0.657895 0.000000
vt 0.548872 0.000000
vt 0.015038 0.000000
vt 0.161654 0.000000
vt 0.018797 0.000000
vt 0.620301 0.000000
vt 0.462406 0.000000
vt 0.157895 0.000000
vt 0.022556 0.000000
vt 0.654135 0.000000
vt 0.026316 0.000000
vt 0.545113 0.000000
vt 0.154135 0.000000
vt 0.030075 0.000000
vt 0.033835 0.000000
vt 0.650376 0.000000
vt 0.624060 0.000000
vt 0.150376 0.000000
vt 0.037594 0.000000
vt 0.541353 0.000000
vt 0.041353 0.000000
vt 0.146617 0.000000
vt 0.646617 0.000000
vt 0.466165 0.000000
vt 0.045113 0.000000
vt 0.627820 0.000000
vt 0.642857 0.000000
vt 0.537594 0.000000
vt 0.048872 0.000000
vt 0.639098 0.000000
vt 0.052632 0.000000
vt 0.139098 0.000000
vt 0.635338 0.000000
vt 0.056391 0.000000
vt 0.631579 0.000000
vt 0.533835 0.000000
vt 0.469925 0.000000
vt 0.060150 0.000000
vt 0.135338 0.000000
vt 0.063910 0.000000
vt 0.067669 0.000000
vt 0.530075 0.000000
vt 0.071429 0.000000
vt 0.131579 0.000000
vt 0.127820 0.000000
vt 0.473684 0.000000
vt 0.075188 0.000000
vt 0.078947 0.000000
vt 0.124060 0.000000
vt 0.120301 0.000000
vt 0.116541 0.000000
vt 0.112782 0.000000
vt 0.082707 0.000000
vt 0.109023 0.000000
vt 0.105263 0.000000
vt 0.101504 0.000000
vt 0.097744 0.000000
vt 0.086466 0.000000
vt 0.093985 0.000000
vt 0.090226 0.000000
vt 0.526316 0.000000
vt 0.477444 0.000000
vt 0.522556 0.000000
vt 0.518797 0.000000
vt 0.481203 0.000000
vt 0.515038 0.000000
vt 0.484962 0.000000
vt 0.511278 0.000000
vt 0.488722 0.000000
vt 0.507519 0.000000
vt 0.503759 0.000000
vt 0.492481 0.000000
vt 0.496241 0.000000
vt 0.906040 0.000000
vt 0.919463 0.000000
vt 0.912752 0.000000
vt 0.926175 0.000000
vt 0.899329 0.000000
vt 0.932886 0.000000
vt 0.892617 0.000000
vt 0.939597 0.000000
vt 0.255034 0.000000
vt 0.268456 0.000000
vt 0.261745 0.000000
vt 0.885906 0.000000
vt 0.946309 0.000000
vt 0.879195 0.000000
vt 0.953020 0.000000
vt 0.275168 0.000000
vt 0.872483 0.000000
vt 0.959732 0.000000
vt 0.281879 0.000000
vt 0.865772 0.000000
vt 0.966443 0.000000
vt 0.248322 0.000000
vt 0.859060 0.000000
vt 0.288591 0.000000
vt 0.973154 0.000000
vt 0.852349 0.000000
vt 0.979866 0.000000
vt 0.080537 0.000000
vt 0.093960 0.000000
vt 0.087248 0.000000
vt 0.295302 0.000000
vt 0.845638 0.000000
vt 0.241611 0.000000
vt 0.986577 0.000000
vt 0.838926 0.000000
vt 0.993289 0.000000
vt 0.302013 0.000000
vt 0.234899 0.000000
vt 0.100671 0.000000
vt 0.832215 0.000000
vt 0.107383 0.000000
vt 0.228188 0.000000
vt 0.308725 0.000000
vt 0.825503 0.000000
vt 0.348993 0.000000
vt 0.073826 0.000000
vt 0.114094 0.000000
vt 0.221477 0.000000
vt 0.315436 0.000000
vt 0.120805 0.000000
vt 0.067114 0.000000
vt 0.214765 0.000000
vt 0.322148 0.000000
vt 0.818792 0.000000
vt 0.355705 0.000000
vt 0.060403 0.000000
vt 0.127517 0.000000
vt 0.208054 0.000000
vt 0.328859 0.000000
vt 0.053691 0.000000
vt 0.134228 0.000000
vt 0.201342 0.000000
vt 0.335570 0.000000
vt 0.046980 0.000000
vt 0.812081 0.000000
vt 0.194631 0.000000
vt 0.140940 0.000000
vt 0.362416 0.000000
vt 0.342282 0.000000
vt 0.040268 0.000000
vt 0.187919 0.000000
vt 0.147651 0.000000
vt 0.033557 0.000000
vt 0.181208 0.000000
vt 0.174497 0.000000
vt 0.154362 0.000000
vt 0.805369 0.000000
vt 0.026846 0.000000
vt 0.369128 0.000000
vt 0.161074 0.000000
vt 0.020134 0.000000
vt 0.167785 0.000000
vt 0.013423 0.000000
vt 0.798658 0.000000
vt 0.006711 0.000000
vt 0.375839 0.000000
vt 0.791946 0.000000
vt 0.382550 0.000000
vt 0.389262 0.000000
vt 0.785235 0.000000
vt 0.395973 0.000000
vt 0.778524 0.000000
vt 0.402685 0.000000
vt 0.771812 0.000000
vt 0.409396 0.000000
vt 0.765101 0.000000
vt 0.416107 0.000000
vt 0.577181 0.000000
vt 0.590604 0.000000
vt 0.583893 0.000000
vt 0.758389 0.000000
vt 0.422819 0.000000
vt 0.570470 0.000000
vt 0.751678 0.000000
vt 0.563758 0.000000
vt 0.429530 0.000000
vt 0.744966 0.000000
vt 0.597315 0.000000
vt 0.557047 0.000000
vt 0.436242 0.000000
vt 0.550336 0.000000
vt 0.604027 0.000000
vt 0.442953 0.000000
vt 0.738255 0.000000
vt 0.543624 0.000000
vt 0.449664 0.000000
vt 0.610738 0.000000
vt 0.536913 0.000000
vt 0.456376 0.000000
vt 0.731544 0.000000
vt 0.617450 0.000000
vt 0.530201 0.000000
vt 0.463087 0.000000
vt 0.469799 0.000000
vt 0.523490 0.000000
vt 0.724832 0.000000
vt 0.624161 0.000000
vt 0.476510 0.000000
vt 0.516779 0.000000
vt 0.483221 0.000000
vt 0.510067 0.000000
vt 0.489933 0.000000
vt 0.496644 0.000000
vt 0.503356 0.000000
vt 0.630872 0.000000
vt 0.718121 0.000000
vt 0.637584 0.000000
vt 0.711409 0.000000
vt 0.644295 0.000000
vt 0.704698 0.000000
vt 0.651007 0.000000
vt 0.697987 0.000000
vt 0.691275 0.000000
vt 0.657718 0.000000
vt 0.684564 0.000000
vt 0.664430 0.000000
vt 0.677852 0.000000
vt 0.671141 0.000000
vt 0.128713 0.000000
vt 0.148515 0.000000
vt 0.138614 0.000000
vt 0.118812 0.000000
vt 0.168317 0.000000
vt 0.188119 0.000000
vt 0.178218 0.000000
vt 0.158416 0.000000
vt 0.475248 0.000000
vt 0.237624 0.000000
vt 0.485149 0.000000
vt 0.980198 0.000000
vt 0.990099 0.000000
vt 0.247525 0.000000
vt 0.257426 0.000000
vt 0.495050 0.000000
vt 0.465347 0.000000
vt 0.267327 0.000000
vt 0.970297 0.000000
vt 0.277228 0.000000
vt 0.455446 0.000000
vt 0.504951 0.000000
vt 0.287129 0.000000
vt 0.445545 0.000000
vt 0.514852 0.000000
vt 0.297030 0.000000
vt 0.435644 0.000000
vt 0.306931 0.000000
vt 0.960396 0.000000
vt 0.425743 0.000000
vt 0.524752 0.000000
vt 0.316832 0.000000
vt 0.415842 0.000000
vt 0.534653 0.000000
vt 0.326733 0.000000
vt 0.405941 0.000000
vt 0.336634 0.000000
vt 0.396040 0.000000
vt 0.950495 0.000000
vt 0.544554 0.000000
vt 0.346535 0.000000
vt 0.386139 0.000000
vt 0.554455 0.000000
vt 0.376238 0.000000
vt 0.366337 0.000000
vt 0.356436 0.000000
vt 0.564356 0.000000
vt 0.940594 0.000000
vt 0.207921 0.000000
vt 0.227723 0.000000
vt 0.217822 0.000000
vt 0.198020 0.000000
vt 0.574257 0.000000
vt 0.584158 0.000000
vt 0.930693 0.000000
vt 0.594059 0.000000
vt 0.603960 0.000000
vt 0.920792 0.000000
vt 0.643564 0.000000
vt 0.613861 0.000000
vt 0.910891 0.000000
vt 0.900990 0.000000
vt 0.891089 0.000000
vt 0.881188 0.000000
vt 0.653465 0.000000
vt 0.633663 0.000000
vt 0.871287 0.000000
vt 0.663366 0.000000
vt 0.623762 0.000000
vt 0.673267 0.000000
vt 0.683168 0.000000
vt 0.861386 0.000000
vt 0.693069 0.000000
vt 0.851485 0.000000
vt 0.841584 0.000000
vt 0.702970 0.000000
vt 0.831683 0.000000
vt 0.712871 0.000000
vt 0.821782 0.000000
vt 0.811881 0.000000
vt 0.722772 0.000000
vt 0.801980 0.000000
vt 0.792079 0.000000
vt 0.732673 0.000000
vt 0.782178 0.000000
vt 0.742574 0.000000
vt 0.772277 0.000000
vt 0.762376 0.000000
vt 0.752475 0.000000
vt 0.049505 0.000000
vt 0.089109 0.000000
vt 0.059406 0.000000
vt 0.069307 0.000000
vt 0.079208 0.000000
vt 0.099010 0.000000
vt 0.108911 0.000000
vt 0.029703 0.000000
vt 0.019802 0.000000
vt 0.039604 0.000000
vt 0.009901 0.000000
vt 0.622896 0.000000
vt 0.629630 0.000000
vt 0.626263 0.000000
vt 0.632997 0.000000
vt 0.619529 0.000000
vt 0.636364 0.000000
vt 0.616162 0.000000
vt 0.639731 0.000000
vt 0.612795 0.000000
vt 0.643098 0.000000
vt 0.609428 0.000000
vt 0.646465 0.000000
vt 0.606061 0.000000
vt 0.649832 0.000000
vt 0.602694 0.000000
vt 0.653199 0.000000
vt 0.599327 0.000000
vt 0.656566 0.000000
vt 0.595960 0.000000
vt 0.707071 0.000000
vt 0.713805 0.000000
vt 0.710438 0.000000
vt 0.659933 0.000000
vt 0.703704 0.000000
vt 0.700337 0.000000
vt 0.592593 0.000000
vt 0.663300 0.000000
vt 0.696970 0.000000
vt 0.693603 0.000000
vt 0.690236 0.000000
vt 0.589226 0.000000
vt 0.686869 0.000000
vt 0.538721 0.000000
vt 0.545455 0.000000
vt 0.542088 0.000000
vt 0.683502 0.000000
vt 0.680135 0.000000
vt 0.548822 0.000000
vt 0.552189 0.000000
vt 0.676768 0.000000
vt 0.555556 0.000000
vt 0.673401 0.000000
vt 0.558923 0.000000
vt 0.585859 0.000000
vt 0.670034 0.000000
vt 0.562290 0.000000
vt 0.565657 0.000000
vt 0.569024 0.000000
vt 0.572391 0.000000
vt 0.582492 0.000000
vt 0.575758 0.000000
vt 0.579125 0.000000
vt 0.717172 0.000000
vt 0.720539 0.000000
vt 0.723906 0.000000
vt 0.727273 0.000000
vt 0.730640 0.000000
vt 0.734007 0.000000
vt 0.737374 0.000000
vt 0.740741 0.000000
vt 0.744108 0.000000
vt 0.535354 0.000000
vt 0.747475 0.000000
vt 0.531987 0.000000
vt 0.750842 0.000000
vt 0.528620 0.000000
vt 0.525253 0.000000
vt 0.754209 0.000000
vt 0.521886 0.000000
vt 0.494949 0.000000
vt 0.757576 0.000000
vt 0.518519 0.000000
vt 0.515152 0.000000
vt 0.511784 0.000000
vt 0.508417 0.000000
vt 0.505050 0.000000
vt 0.501683 0.000000
vt 0.498316 0.000000
vt 0.491582 0.000000
vt 0.760943 0.000000
vt 0.488215 0.000000
vt 0.764310 0.000000
vt 0.484848 0.000000
vt 0.767677 0.000000
vt 0.771044 0.000000
vt 0.481481 0.000000
vt 0.774411 0.000000
vt 0.952862 0.000000
vt 0.959596 0.000000
vt 0.956229 0.000000
vt 0.949495 0.000000
vt 0.478114 0.000000
vt 0.777778 0.000000
vt 0.946128 0.000000
vt 0.942761 0.000000
vt 0.939394 0.000000
vt 0.936027 0.000000
vt 0.781145 0.000000
vt 0.932660 0.000000
vt 0.929293 0.000000
vt 0.925926 0.000000
vt 0.831650 0.000000
vt 0.838384 0.000000
vt 0.835017 0.000000
vt 0.828283 0.000000
vt 0.922559 0.000000
vt 0.841751 0.000000
vt 0.474747 0.000000
vt 0.824916 0.000000
vt 0.821549 0.000000
vt 0.845118 0.000000
vt 0.919192 0.000000
vt 0.784512 0.000000
vt 0.818182 0.000000
vt 0.848485 0.000000
vt 0.915825 0.000000
vt 0.814815 0.000000
vt 0.811448 0.000000
vt 0.912458 0.000000
vt 0.851852 0.000000
vt 0.808081 0.000000
vt 0.797980 0.000000
vt 0.794613 0.000000
vt 0.787879 0.000000
vt 0.791246 0.000000
vt 0.909091 0.000000
vt 0.804714 0.000000
vt 0.855219 0.000000
vt 0.801347 0.000000
vt 0.905724 0.000000
vt 0.858586 0.000000
vt 0.471380 0.000000
vt 0.902357 0.000000
vt 0.861953 0.000000
vt 0.898990 0.000000
vt 0.895623 0.000000
vt 0.865320 0.000000
vt 0.892256 0.000000
vt 0.468013 0.000000
vt 0.888889 0.000000
vt 0.868687 0.000000
vt 0.885522 0.000000
vt 0.962963 0.000000
vt 0.966330 0.000000
vt 0.882155 0.000000
vt 0.872054 0.000000
vt 0.969697 0.000000
vt 0.973064 0.000000
vt 0.976431 0.000000
vt 0.878788 0.000000
vt 0.979798 0.000000
vt 0.464646 0.000000
vt 0.373737 0.000000
vt 0.370370 0.000000
vt 0.983165 0.000000
vt 0.986532 0.000000
vt 0.875421 0.000000
vt 0.367003 0.000000
vt 0.363636 0.000000
vt 0.377104 0.000000
vt 0.360269 0.000000
vt 0.989899 0.000000
vt 0.380471 0.000000
vt 0.356902 0.000000
vt 0.993266 0.000000
vt 0.383838 0.000000
vt 0.353535 0.000000
vt 0.996633 0.000000
vt 0.387205 0.000000
vt 0.350168 0.000000
vt 0.346801 0.000000
vt 0.390572 0.000000
vt 0.343434 0.000000
vt 0.003367 0.000000
vt 0.393939 0.000000
vt 0.461279 0.000000
vt 0.340067 0.000000
vt 0.006734 0.000000
vt 0.397306 0.000000
vt 0.336700 0.000000
vt 0.010101 0.000000
vt 0.400673 0.000000
vt 0.013468 0.000000
vt 0.404040 0.000000
vt 0.016835 0.000000
vt 0.329966 0.000000
vt 0.326599 0.000000
vt 0.020202 0.000000
vt 0.457912 0.000000
vt 0.407407 0.000000
vt 0.023569 0.000000
vt 0.323232 0.000000
vt 0.410774 0.000000
vt 0.026936 0.000000
vt 0.414141 0.000000
vt 0.030303 0.000000
vt 0.319865 0.000000
vt 0.417508 0.000000
vt 0.454545 0.000000
vt 0.033670 0.000000
vt 0.420875 0.000000
vt 0.037037 0.000000
vt 0.424242 0.000000
vt 0.316498 0.000000
vt 0.080808 0.000000
vt 0.040404 0.000000
vt 0.427609 0.000000
vt 0.430976 0.000000
vt 0.313131 0.000000
vt 0.434343 0.000000
vt 0.451178 0.000000
vt 0.437710 0.000000
vt 0.309764 0.000000
vt 0.441077 0.000000
vt 0.087542 0.000000
vt 0.077441 0.000000
vt 0.084175 0.000000
vt 0.444444 0.000000
vt 0.090909 0.000000
vt 0.306397 0.000000
vt 0.074074 0.000000
vt 0.447811 0.000000
vt 0.094276 0.000000
vt 0.070707 0.000000
vt 0.303030 0.000000
vt 0.097643 0.000000
vt 0.067340 0.000000
vt 0.101010 0.000000
vt 0.299663 0.000000
vt 0.063973 0.000000
vt 0.104377 0.000000
vt 0.060606 0.000000
vt 0.107744 0.000000
vt 0.296296 0.000000
vt 0.057239 0.000000
vt 0.111111 0.000000
vt 0.053872 0.000000
vt 0.114478 0.000000
vt 0.292929 0.000000
vt 0.050505 0.000000
vt 0.117845 0.000000
vt 0.047138 0.000000
vt 0.121212 0.000000
vt 0.043771 0.000000
vt 0.289562 0.000000
vt 0.124579 0.000000
vt 0.127946 0.000000
vt 0.286195 0.000000
vt 0.131313 0.000000
vt 0.134680 0.000000
vt 0.138047 0.000000
vt 0.282828 0.000000
vt 0.141414 0.000000
vt 0.202020 0.000000
vt 0.208754 0.000000
vt 0.205387 0.000000
vt 0.144781 0.000000
vt 0.198653 0.000000
vt 0.195286 0.000000
vt 0.148148 0.000000
vt 0.191919 0.000000
vt 0.279461 0.000000
vt 0.188552 0.000000
vt 0.151515 0.000000
vt 0.185185 0.000000
vt 0.181818 0.000000
vt 0.154882 0.000000
vt 0.178451 0.000000
vt 0.158249 0.000000
vt 0.175084 0.000000
vt 0.171717 0.000000
vt 0.161616 0.000000
vt 0.168350 0.000000
vt 0.164983 0.000000
vt 0.276094 0.000000
vt 0.272727 0.000000
vt 0.269360 0.000000
vt 0.265993 0.000000
vt 0.262626 0.000000
vt 0.212121 0.000000
vt 0.215488 0.000000
vt 0.218855 0.000000
vt 0.259259 0.000000
vt 0.222222 0.000000
vt 0.225589 0.000000
vt 0.228956 0.000000
vt 0.255892 0.000000
vt 0.232323 0.000000
vt 0.235690 0.000000
vt 0.252525 0.000000
vt 0.239057 0.000000
vt 0.242424 0.000000
vt 0.249158 0.000000
vt 0.245791 0.000000
vt 0.104072 0.000000
vt 0.113122 0.000000
vt 0.108597 0.000000
vt 0.990950 0.000000
vt 0.995475 0.000000
vt 0.167421 0.000000
vt 0.099548 0.000000
vt 0.986425 0.000000
vt 0.171946 0.000000
vt 0.122172 0.000000
vt 0.095023 0.000000
vt 0.981900 0.000000
vt 0.126697 0.000000
vt 0.090498 0.000000
vt 0.977376 0.000000
vt 0.180995 0.000000
vt 0.131222 0.000000
vt 0.972851 0.000000
vt 0.085973 0.000000
vt 0.185520 0.000000
vt 0.135747 0.000000
vt 0.968326 0.000000
vt 0.190045 0.000000
vt 0.081448 0.000000
vt 0.140271 0.000000
vt 0.963801 0.000000
vt 0.194570 0.000000
vt 0.076923 0.000000
vt 0.144796 0.000000
vt 0.199095 0.000000
vt 0.959276 0.000000
vt 0.072398 0.000000
vt 0.149321 0.000000
vt 0.203620 0.000000
vt 0.954751 0.000000
vt 0.153846 0.000000
vt 0.067873 0.000000
vt 0.208145 0.000000
vt 0.950226 0.000000
vt 0.158371 0.000000
vt 0.212670 0.000000
vt 0.063348 0.000000
vt 0.221719 0.000000
vt 0.945701 0.000000
vt 0.162896 0.000000
vt 0.217195 0.000000
vt 0.226244 0.000000
vt 0.239819 0.000000
vt 0.244344 0.000000
vt 0.837104 0.000000
vt 0.248869 0.000000
vt 0.253394 0.000000
vt 0.257919 0.000000
vt 0.841629 0.000000
vt 0.832579 0.000000
vt 0.936652 0.000000
vt 0.262443 0.000000
vt 0.846154 0.000000
vt 0.266968 0.000000
vt 0.828054 0.000000
vt 0.271493 0.000000
vt 0.932127 0.000000
vt 0.850679 0.000000
vt 0.276018 0.000000
vt 0.927602 0.000000
vt 0.660634 0.000000
vt 0.656109 0.000000
vt 0.280543 0.000000
vt 0.855204 0.000000
vt 0.923077 0.000000
vt 0.859729 0.000000
vt 0.918552 0.000000
vt 0.864253 0.000000
vt 0.914027 0.000000
vt 0.909502 0.000000
vt 0.868778 0.000000
vt 0.904977 0.000000
vt 0.873303 0.000000
vt 0.900452 0.000000
vt 0.877828 0.000000
vt 0.895928 0.000000
vt 0.891403 0.000000
vt 0.886878 0.000000
vt 0.819005 0.000000
vt 0.665158 0.000000
vt 0.651584 0.000000
vt 0.285068 0.000000
vt 0.814480 0.000000
vt 0.669683 0.000000
vt 0.809955 0.000000
vt 0.674208 0.000000
vt 0.289593 0.000000
vt 0.642534 0.000000
vt 0.805430 0.000000
vt 0.678733 0.000000
vt 0.638009 0.000000
vt 0.800905 0.000000
vt 0.683258 0.000000
vt 0.796380 0.000000
vt 0.633484 0.000000
vt 0.298643 0.000000
vt 0.791855 0.000000
vt 0.687783 0.000000
vt 0.628959 0.000000
vt 0.303167 0.000000
vt 0.787330 0.000000
vt 0.624434 0.000000
vt 0.692308 0.000000
vt 0.307692 0.000000
vt 0.619910 0.000000
vt 0.782805 0.000000
vt 0.615385 0.000000
vt 0.696833 0.000000
vt 0.778281 0.000000
vt 0.312217 0.000000
vt 0.610860 0.000000
vt 0.606335 0.000000
vt 0.773756 0.000000
vt 0.316742 0.000000
vt 0.701357 0.000000
vt 0.601810 0.000000
vt 0.597285 0.000000
vt 0.488688 0.000000
vt 0.497738 0.000000
vt 0.493213 0.000000
vt 0.592760 0.000000
vt 0.583710 0.000000
vt 0.502262 0.000000
vt 0.579186 0.000000
vt 0.506787 0.000000
vt 0.574661 0.000000
vt 0.511312 0.000000
vt 0.570136 0.000000
vt 0.515837 0.000000
vt 0.565611 0.000000
vt 0.520362 0.000000
vt 0.561086 0.000000
vt 0.524887 0.000000
vt 0.556561 0.000000
vt 0.533937 0.000000
vt 0.552036 0.000000
vt 0.538462 0.000000
vt 0.547511 0.000000
vt 0.542986 0.000000
vt 0.769231 0.000000
vt 0.321267 0.000000
vt 0.484163 0.000000
vt 0.479638 0.000000
vt 0.325792 0.000000
vt 0.475113 0.000000
vt 0.466063 0.000000
vt 0.330317 0.000000
vt 0.760181 0.000000
vt 0.461538 0.000000
vt 0.755656 0.000000
vt 0.710407 0.000000
vt 0.457014 0.000000
vt 0.751131 0.000000
vt 0.334842 0.000000
vt 0.746606 0.000000
vt 0.452489 0.000000
vt 0.339367 0.000000
vt 0.742081 0.000000
vt 0.447964 0.000000
vt 0.343891 0.000000
vt 0.737557 0.000000
vt 0.443439 0.000000
vt 0.348416 0.000000
vt 0.733032 0.000000
vt 0.438914 0.000000
vt 0.357466 0.000000
vt 0.728507 0.000000
vt 0.723982 0.000000
vt 0.719457 0.000000
vt 0.714932 0.000000
vt 0.361991 0.000000
vt 0.366516 0.000000
vt 0.371041 0.000000
vt 0.375566 0.000000
vt 0.434389 0.000000
vt 0.380091 0.000000
vt 0.429864 0.000000
vt 0.384615 0.000000
vt 0.425339 0.000000
vt 0.389140 0.000000
vt 0.420814 0.000000
vt 0.393665 0.000000
vt 0.416290 0.000000
vt 0.398190 0.000000
vt 0.402715 0.000000
vt 0.407240 0.000000
vt 0.955556 0.000000
vt 0.977778 0.000000
vt 0.266667 0.000000
vt 0.933333 0.000000
vt 0.911111 0.000000
vt 0.288889 0.000000
vt 0.311111 0.000000
vt 0.866667 0.000000
vt 0.844444 0.000000
vt 0.355556 0.000000
vt 0.822222 0.000000
vt 0.377778 0.000000
vt 0.800000 0.000000
vt 0.400000 0.000000
vt 0.422222 0.000000
vt 0.755556 0.000000
vt 0.466667 0.000000
vt 0.733333 0.000000
vt 0.488889 0.000000
vt 0.711111 0.000000
vt 0.688889 0.000000
vt 0.533333 0.000000
vt 0.511111 0.000000
vt 0.088889 0.000000
vt 0.133333 0.000000
vt 0.155556 0.000000
vt 0.044444 0.000000
vt 0.022222 0.000000
vt 0.066667 0.000000
vt 0.200000 0.000000
vt 0.244444 0.000000
vt 0.177778 0.000000
vt 0.622222 0.000000
vt 0.600000 0.000000
vt 0.644444 0.000000
vt 0.577778 0.000000
vt 0.000000 1.000000
vt 0.250000 1.000000
vt 0.500000 1.000000
vt 0.750000 1.000000
vt 1.000000 1.000000
vt 0.029412 1.000000
vt 0.058824 1.000000
vt 0.088235 1.000000
vt 0.117647 1.000000
vt 0.147059 1.000000
vt 0.176471 1.000000
vt 0.205882 1.000000
vt 0.235294 1.000000
vt 0.264706 1.000000
vt 0.294118 1.000000
vt 0.323529 1.000000
vt 0.352941 1.000000
vt 0.382353 1.000000
vt 0.411765 1.000000
vt 0.441176 1.000000
vt 0.470588 1.000000
vt 0.529412 1.000000
vt 0.558824 1.000000
vt 0.588235 1.000000
vt 0.617647 1.000000
vt 0.647059 1.000000
vt 0.676471 1.000000
vt 0.705882 1.000000
vt 0.735294 1.000000
vt 0.764706 1.000000
vt 0.794118 1.000000
vt 0.823529 1.000000
vt 0.852941 1.000000
vt 0.882353 1.000000
vt 0.911765 1.000000
vt 0.941176 1.000000
vt 0.970588 1.000000
vt 0.027027 1.000000
vt 0.027027 0.000000
vt 0.054054 1.000000
vt 0.054054 0.000000
vt 0.081081 1.000000
vt 0.081081 0.000000
vt 0.108108 1.000000
vt 0.108108 0.000000
vt 0.135135 1.000000
vt 0.135135 0.000000
vt 0.162162 1.000000
vt 0.162162 0.000000
vt 0.189189 1.000000
vt 0.189189 0.000000
vt 0.216216 1.000000
vt 0.216216 0.000000
vt 0.243243 1.000000
vt 0.243243 0.000000
vt 0.270270 1.000000
vt 0.270270 0.000000
vt 0.297297 1.000000
vt 0.297297 0.000000
vt 0.324324 1.000000
vt 0.324324 0.000000
vt 0.351351 1.000000
vt 0.351351 0.000000
vt 0.378378 1.000000
vt 0.378378 0.000000
vt 0.405405 1.000000
vt 0.405405 0.000000
vt 0.432432 1.000000
vt 0.432432 0.000000
vt 0.459459 1.000000
vt 0.459459 0.000000
vt 0.486486 1.000000
vt 0.486486 0.000000
vt 0.513514 1.000000
vt 0.513514 0.000000
vt 0.540541 1.000000
vt 0.540541 0.000000
vt 0.567568 1.000000
vt 0.567568 0.000000
vt 0.594595 1.000000
vt 0.594595 0.000000
vt 0.621622 1.000000
vt 0.621622 0.000000
vt 0.648649 1.000000
vt 0.648649 0.000000
vt 0.675676 1.000000
vt 0.675676 0.000000
vt 0.702703 1.000000
vt 0.702703 0.000000
vt 0.729730 1.000000
vt 0.729730 0.000000
vt 0.756757 1.000000
vt 0.756757 0.000000
vt 0.783784 1.000000
vt 0.783784 0.000000
vt 0.810811 1.000000
vt 0.810811 0.000000
vt 0.837838 1.000000
vt 0.837838 0.000000
vt 0.864865 1.000000
vt 0.864865 0.000000
vt 0.891892 1.000000
vt 0.891892 0.000000
vt 0.918919 1.000000
vt 0.918919 0.000000
vt 0.945946 1.000000
vt 0.945946 0.000000
vt 0.972973 1.000000
vt 0.972973 0.000000
vt 0.005405 1.000000
vt 0.005405 0.000000
vt 0.010811 1.000000
vt 0.010811 0.000000
vt 0.016216 1.000000
vt 0.016216 0.000000
vt 0.021622 1.000000
vt 0.021622 0.000000
vt 0.032432 1.000000
vt 0.032432 0.000000
vt 0.037838 1.000000
vt 0.037838 0.000000
vt 0.043243 1.000000
vt 0.043243 0.000000
vt 0.048649 1.000000
vt 0.048649 0.000000
vt 0.059459 1.000000
vt 0.059459 0.000000
vt 0.064865 1.000000
vt 0.064865 0.000000
vt 0.070270 1.000000
vt 0.070270 0.000000
vt 0.075676 1.000000
vt 0.075676 0.000000
vt 0.086486 1.000000
vt 0.086486 0.000000
vt 0.091892 1.000000
vt 0.091892 0.000000
vt 0.097297 1.000000
vt 0.097297 0.000000
vt 0.102703 1.000000
vt 0.102703 0.000000
vt 0.113514 1.000000
vt 0.113514 0.000000
vt 0.118919 1.000000
vt 0.118919 0.000000
vt 0.124324 1.000000
vt 0.124324 0.000000
vt 0.129730 1.000000
vt 0.129730 0.000000
vt 0.140541 1.000000
vt 0.140541 0.000000
vt 0.145946 1.000000
vt 0.145946 0.000000
vt 0.151351 1.000000
vt 0.151351 0.000000
vt 0.156757 1.000000
vt 0.156757 0.000000
vt 0.167568 1.000000
vt 0.167568 0.000000
vt 0.172973 1.000000
vt 0.172973 0.000000
vt 0.178378 1.000000
vt 0.178378 0.000000
vt 0.183784 1.000000
vt 0.183784 0.000000
vt 0.194595 1.000000
vt 0.194595 0.000000
vt 0.200000 1.000000
vt 0.205405 1.000000
vt 0.205405 0.000000
vt 0.210811 1.000000
vt 0.210811 0.000000
vt 0.221622 1.000000
vt 0.221622 0.000000
vt 0.227027 1.000000
vt 0.227027 0.000000
vt 0.232432 1.000000
vt 0.232432 0.000000
vt 0.237838 1.000000
vt 0.237838 0.000000
vt 0.248649 1.000000
vt 0.248649 0.000000
vt 0.254054 1.000000
vt 0.254054 0.000000
vt 0.259459 1.000000
vt 0.259459 0.000000
vt 0.264865 1.000000
vt 0.264865 0.000000
vt 0.275676 1.000000
vt 0.275676 0.000000
vt 0.281081 1.000000
vt 0.281081 0.000000
vt 0.286486 1.000000
vt 0.286486 0.000000
vt 0.291892 1.000000
vt 0.291892 0.000000
vt 0.302703 1.000000
vt 0.302703 0.000000
vt 0.308108 1.000000
vt 0.308108 0.000000
vt 0.313514 1.000000
vt 0.313514 0.000000
vt 0.318919 1.000000
vt 0.318919 0.000000
vt 0.329730 1.000000
vt 0.329730 0.000000
vt 0.335135 1.000000
vt 0.335135 0.000000
vt 0.340541 1.000000
vt 0.340541 0.000000
vt 0.345946 1.000000
vt 0.345946 0.000000
vt 0.356757 1.000000
vt 0.356757 0.000000
vt 0.362162 1.000000
vt 0.362162 0.000000
vt 0.367568 1.000000
vt 0.367568 0.000000
vt 0.372973 1.000000
vt 0.372973 0.000000
vt 0.383784 1.000000
vt 0.383784 0.000000
vt 0.389189 1.000000
vt 0.389189 0.000000
vt 0.394595 1.000000
vt 0.394595 0.000000
vt 0.400000 1.000000
vt 0.410811 1.000000
vt 0.410811 0.000000
vt 0.416216 1.000000
vt 0.416216 0.000000
vt 0.421622 1.000000
vt 0.421622 0.000000
vt 0.427027 1.000000
vt 0.427027 0.000000
vt 0.437838 1.000000
vt 0.437838 0.000000
vt 0.443243 1.000000
vt 0.443243 0.000000
vt 0.448649 1.000000
vt 0.448649 0.000000
vt 0.454054 1.000000
vt 0.454054 0.000000
vt 0.464865 1.000000
vt 0.464865 0.000000
vt 0.470270 1.000000
vt 0.470270 0.000000
vt 0.475676 1.000000
vt 0.475676 0.000000
vt 0.481081 1.000000
vt 0.481081 0.000000
vt 0.491892 1.000000
vt 0.491892 0.000000
vt 0.497297 1.000000
vt 0.497297 0.000000
vt 0.502703 1.000000
vt 0.502703 0.000000
vt 0.508108 1.000000
vt 0.508108 0.000000
vt 0.518919 1.000000
vt 0.518919 0.000000
vt 0.524324 1.000000
vt 0.524324 0.000000
vt 0.529730 1.000000
vt 0.529730 0.000000
vt 0.535135 1.000000
vt 0.535135 0.000000
vt 0.545946 1.000000
vt 0.545946 0.000000
vt 0.551351 1.000000
vt 0.551351 0.000000
vt 0.556757 1.000000
vt 0.556757 0.000000
vt 0.562162 1.000000
vt 0.562162 0.000000
vt 0.572973 1.000000
vt 0.572973 0.000000
vt 0.578378 1.000000
vt 0.578378 0.000000
vt 0.583784 1.000000
vt 0.583784 0.000000
vt 0.589189 1.000000
vt 0.589189 0.000000
vt 0.600000 1.000000
vt 0.605405 1.000000
vt 0.605405 0.000000
vt 0.610811 1.000000
vt 0.610811 0.000000
vt 0.616216 1.000000
vt 0.616216 0.000000
vt 0.627027 1.000000
vt 0.627027 0.000000
vt 0.632432 1.000000
vt 0.632432 0.000000
vt 0.637838 1.000000
vt 0.637838 0.000000
vt 0.643243 1.000000
vt 0.643243 0.000000
vt 0.654054 1.000000
vt 0.654054 0.000000
vt 0.659459 1.000000
vt 0.659459 0.000000
vt 0.664865 1.000000
vt 0.664865 0.000000
vt 0.670270 1.000000
vt 0.670270 0.000000
vt 0.681081 1.000000
vt 0.681081 0.000000
vt 0.686486 1.000000
vt 0.686486 0.000000
vt 0.691892 1.000000
vt 0.691892 0.000000
vt 0.697297 1.000000
vt 0.697297 0.000000
vt 0.708108 1.000000
vt 0.708108 0.000000
vt 0.713513 1.000000
vt 0.713513 0.000000
vt 0.718919 1.000000
vt 0.718919 0.000000
vt 0.724324 1.000000
vt 0.724324 0.000000
vt 0.735135 1.000000
vt 0.735135 0.000000
vt 0.740541 1.000000
vt 0.740541 0.000000
vt 0.745946 1.000000
vt 0.745946 0.000000
vt 0.751351 1.000000
vt 0.751351 0.000000
vt 0.762162 1.000000
vt 0.762162 0.000000
vt 0.767568 1.000000
vt 0.767568 0.000000
vt 0.772973 1.000000
vt 0.772973 0.000000
vt 0.778378 1.000000
vt 0.778378 0.000000
vt 0.789189 1.000000
vt 0.789189 0.000000
vt 0.794595 1.000000
vt 0.794595 0.000000
vt 0.800000 1.000000
vt 0.805405 1.000000
vt 0.805405 0.000000
vt 0.816216 1.000000
vt 0.816216 0.000000
vt 0.821622 1.000000
vt 0.821622 0.000000
vt 0.827027 1.000000
vt 0.827027 0.000000
vt 0.832432 1.000000
vt 0.832432 0.000000
vt 0.843243 1.000000
vt 0.843243 0.000000
vt 0.848649 1.000000
vt 0.848649 0.000000
vt 0.854054 1.000000
vt 0.854054 0.000000
vt 0.859459 1.000000
vt 0.859459 0.000000
vt 0.870270 1.000000
vt 0.870270 0.000000
vt 0.875676 1.000000
vt 0.875676 0.000000
vt 0.881081 1.000000
vt 0.881081 0.000000
vt 0.886486 1.000000
vt 0.886486 0.000000
vt 0.897297 1.000000
vt 0.897297 0.000000
vt 0.902703 1.000000
vt 0.902703 0.000000
vt 0.908108 1.000000
vt 0.908108 0.000000
vt 0.913514 1.000000
vt 0.913514 0.000000
vt 0.924324 1.000000
vt 0.924324 0.000000
vt 0.929730 1.000000
vt 0.929730 0.000000
vt 0.935135 1.000000
vt 0.935135 0.000000
vt 0.940541 1.000000
vt 0.940541 0.000000
vt 0.951351 1.000000
vt 0.951351 0.000000
vt 0.956757 1.000000
vt 0.956757 0.000000
vt 0.962162 1.000000
vt 0.962162 0.000000
vt 0.967568 1.000000
vt 0.967568 0.000000
vt 0.978378 1.000000
vt 0.978378 0.000000
vt 0.983784 1.000000
vt 0.983784 0.000000
vt 0.989189 1.000000
vt 0.989189 0.000000
vt 0.994595 1.000000
vt 0.994595 0.000000
vt 0.003356 1.000000
vt 0.003356 0.000000
vt 0.006711 1.000000
vt 0.010067 1.000000
vt 0.010067 0.000000
vt 0.013423 1.000000
vt 0.016779 1.000000
vt 0.016779 0.000000
vt 0.020134 1.000000
vt 0.023490 1.000000
vt 0.023490 0.000000
vt 0.026846 1.000000
vt 0.030201 1.000000
vt 0.030201 0.000000
vt 0.033557 1.000000
vt 0.036913 1.000000
vt 0.036913 0.000000
vt 0.040268 1.000000
vt 0.043624 1.000000
vt 0.043624 0.000000
vt 0.046980 1.000000
vt 0.050336 1.000000
vt 0.050336 0.000000
vt 0.053691 1.000000
vt 0.057047 1.000000
vt 0.057047 0.000000
vt 0.060403 1.000000
vt 0.063758 1.000000
vt 0.063758 0.000000
vt 0.067114 1.000000
vt 0.070470 1.000000
vt 0.070470 0.000000
vt 0.073826 1.000000
vt 0.077181 1.000000
vt 0.077181 0.000000
vt 0.080537 1.000000
vt 0.083893 1.000000
vt 0.083893 0.000000
vt 0.087248 1.000000
vt 0.090604 1.000000
vt 0.090604 0.000000
vt 0.093960 1.000000
vt 0.097315 1.000000
vt 0.097315 0.000000
vt 0.100671 1.000000
vt 0.104027 1.000000
vt 0.104027 0.000000
vt 0.107383 1.000000
vt 0.110738 1.000000
vt 0.110738 0.000000
vt 0.114094 1.000000
vt 0.117450 1.000000
vt 0.117450 0.000000
vt 0.120805 1.000000
vt 0.124161 1.000000
vt 0.124161 0.000000
vt 0.127517 1.000000
vt 0.130872 1.000000
vt 0.130872 0.000000
vt 0.134228 1.000000
vt 0.137584 1.000000
vt 0.137584 0.000000
vt 0.140940 1.000000
vt 0.144295 1.000000
vt 0.144295 0.000000
vt 0.147651 1.000000
vt 0.151007 1.000000
vt 0.151007 0.000000
vt 0.154362 1.000000
vt 0.157718 1.000000
vt 0.157718 0.000000
vt 0.161074 1.000000
vt 0.164430 1.000000
vt 0.164430 0.000000
vt 0.167785 1.000000
vt 0.171141 1.000000
vt 0.171141 0.000000
vt 0.174497 1.000000
vt 0.177852 1.000000
vt 0.177852 0.000000
vt 0.181208 1.000000
vt 0.184564 1.000000
vt 0.184564 0.000000
vt 0.187919 1.000000
vt 0.191275 1.000000
vt 0.191275 0.000000
vt 0.194631 1.000000
vt 0.197987 1.000000
vt 0.197987 0.000000
vt 0.201342 1.000000
vt 0.204698 1.000000
vt 0.204698 0.000000
vt 0.208054 1.000000
vt 0.211409 1.000000
vt 0.211409 0.000000
vt 0.214765 1.000000
vt 0.218121 1.000000
vt 0.218121 0.000000
vt 0.221477 1.000000
vt 0.224832 1.000000
vt 0.224832 0.000000
vt 0.228188 1.000000
vt 0.231544 1.000000
vt 0.231544 0.000000
vt 0.234899 1.000000
vt 0.238255 1.000000
vt 0.238255 0.000000
vt 0.241611 1.000000
vt 0.244966 1.000000
vt 0.244966 0.000000
vt 0.248322 1.000000
vt 0.251678 1.000000
vt 0.251678 0.000000
vt 0.255034 1.000000
vt 0.258389 1.000000
vt 0.258389 0.000000
vt 0.261745 1.000000
vt 0.265101 1.000000
vt 0.265101 0.000000
vt 0.268456 1.000000
vt 0.271812 1.000000
vt 0.271812 0.000000
vt 0.275168 1.000000
vt 0.278524 1.000000
vt 0.278524 0.000000
vt 0.281879 1.000000
vt 0.285235 1.000000
vt 0.285235 0.000000
vt 0.288591 1.000000
vt 0.291946 1.000000
vt 0.291946 0.000000
vt 0.295302 1.000000
vt 0.298658 1.000000
vt 0.298658 0.000000
vt 0.302013 1.000000
vt 0.305369 1.000000
vt 0.305369 0.000000
vt 0.308725 1.000000
vt 0.312081 1.000000
vt 0.312081 0.000000
vt 0.315436 1.000000
vt 0.318792 1.000000
vt 0.318792 0.000000
vt 0.322148 1.000000
vt 0.325503 1.000000
vt 0.325503 0.000000
vt 0.328859 1.000000
vt 0.332215 1.000000
vt 0.332215 0.000000
vt 0.335570 1.000000
vt 0.338926 1.000000
vt 0.338926 0.000000
vt 0.342282 1.000000
vt 0.345638 1.000000
vt 0.345638 0.000000
vt 0.348993 1.000000
vt 0.352349 1.000000
vt 0.352349 0.000000
vt 0.355705 1.000000
vt 0.359060 1.000000
vt 0.359060 0.000000
vt 0.362416 1.000000
vt 0.365772 1.000000
vt 0.365772 0.000000
vt 0.369128 1.000000
vt 0.372483 1.000000
vt 0.372483 0.000000
vt 0.375839 1.000000
vt 0.379195 1.000000
vt 0.379195 0.000000
vt 0.382550 1.000000
vt 0.385906 1.000000
vt 0.385906 0.000000
vt 0.389262 1.000000
vt 0.392617 1.000000
vt 0.392617 0.000000
vt 0.395973 1.000000
vt 0.399329 1.000000
vt 0.399329 0.000000
vt 0.402685 1.000000
vt 0.406040 1.000000
vt 0.406040 0.000000
vt 0.409396 1.000000
vt 0.412752 1.000000
vt 0.412752 0.000000
vt 0.416107 1.000000
vt 0.419463 1.000000
vt 0.419463 0.000000
vt 0.422819 1.000000
vt 0.426174 1.000000
vt 0.426174 0.000000
vt 0.429530 1.000000
vt 0.432886 1.000000
vt 0.432886 0.000000
vt 0.436242 1.000000
vt 0.439597 1.000000
vt 0.439597 0.000000
vt 0.442953 1.000000
vt 0.446309 1.000000
vt 0.446309 0.000000
vt 0.449664 1.000000
vt 0.453020 1.000000
vt 0.453020 0.000000
vt 0.456376 1.000000
vt 0.459732 1.000000
vt 0.459732 0.000000
vt 0.463087 1.000000
vt 0.466443 1.000000
vt 0.466443 0.000000
vt 0.469799 1.000000
vt 0.473154 1.000000
vt 0.473154 0.000000
vt 0.476510 1.000000
vt 0.479866 1.000000
vt 0.479866 0.000000
vt 0.483221 1.000000
vt 0.486577 1.000000
vt 0.486577 0.000000
vt 0.489933 1.000000
vt 0.493289 1.000000
vt 0.493289 0.000000
vt 0.496644 1.000000
vt 0.503356 1.000000
vt 0.506711 1.000000
vt 0.506711 0.000000
vt 0.510067 1.000000
vt 0.513423 1.000000
vt 0.513423 0.000000
vt 0.516779 1.000000
vt 0.520134 1.000000
vt 0.520134 0.000000
vt 0.523490 1.000000
vt 0.526846 1.000000
vt 0.526846 0.000000
vt 0.530201 1.000000
vt 0.533557 1.000000
vt 0.533557 0.000000
vt 0.536913 1.000000
vt 0.540268 1.000000
vt 0.540268 0.000000
vt 0.543624 1.000000
vt 0.546980 1.000000
vt 0.546980 0.000000
vt 0.550336 1.000000
vt 0.553691 1.000000
vt 0.553691 0.000000
vt 0.557047 1.000000
vt 0.560403 1.000000
vt 0.560403 0.000000
vt 0.563758 1.000000
vt 0.567114 1.000000
vt 0.567114 0.000000
vt 0.570470 1.000000
vt 0.573825 1.000000
vt 0.573825 0.000000
vt 0.577181 1.000000
vt 0.580537 1.000000
vt 0.580537 0.000000
vt 0.583893 1.000000
vt 0.587248 1.000000
vt 0.587248 0.000000
vt 0.590604 1.000000
vt 0.593960 1.000000
vt 0.593960 0.000000
vt 0.597315 1.000000
vt 0.600671 1.000000
vt 0.600671 0.000000
vt 0.604027 1.000000
vt 0.607383 1.000000
vt 0.607383 0.000000
vt 0.610738 1.000000
vt 0.614094 1.000000
vt 0.614094 0.000000
vt 0.617450 1.000000
vt 0.620805 1.000000
vt 0.620805 0.000000
vt 0.624161 1.000000
vt 0.627517 1.000000
vt 0.627517 0.000000
vt 0.630872 1.000000
vt 0.634228 1.000000
vt 0.634228 0.000000
vt 0.637584 1.000000
vt 0.640940 1.000000
vt 0.640940 0.000000
vt 0.644295 1.000000
vt 0.647651 1.000000
vt 0.647651 0.000000
vt 0.651007 1.000000
vt 0.654362 1.000000
vt 0.654362 0.000000
vt 0.657718 1.000000
vt 0.661074 1.000000
vt 0.661074 0.000000
vt 0.664430 1.000000
vt 0.667785 1.000000
vt 0.667785 0.000000
vt 0.671141 1.000000
vt 0.674497 1.000000
vt 0.674497 0.000000
vt 0.677852 1.000000
vt 0.681208 1.000000
vt 0.681208 0.000000
vt 0.684564 1.000000
vt 0.687919 1.000000
vt 0.687919 0.000000
vt 0.691275 1.000000
vt 0.694631 1.000000
vt 0.694631 0.000000
vt 0.697987 1.000000
vt 0.701342 1.000000
vt 0.701342 0.000000
vt 0.704698 1.000000
vt 0.708054 1.000000
vt 0.708054 0.000000
vt 0.711409 1.000000
vt 0.714765 1.000000
vt 0.714765 0.000000
vt 0.718121 1.000000
vt 0.721476 1.000000
vt 0.721476 0.000000
vt 0.724832 1.000000
vt 0.728188 1.000000
vt 0.728188 0.000000
vt 0.731544 1.000000
vt 0.734899 1.000000
vt 0.734899 0.000000
vt 0.738255 1.000000
vt 0.741611 1.000000
vt 0.741611 0.000000
vt 0.744966 1.000000
vt 0.748322 1.000000
vt 0.748322 0.000000
vt 0.751678 1.000000
vt 0.755034 1.000000
vt 0.755034 0.000000
vt 0.758389 1.000000
vt 0.761745 1.000000
vt 0.761745 0.000000
vt 0.765101 1.000000
vt 0.768456 1.000000
vt 0.768456 0.000000
vt 0.771812 1.000000
vt 0.775168 1.000000
vt 0.775168 0.000000
vt 0.778524 1.000000
vt 0.781879 1.000000
vt 0.781879 0.000000
vt 0.785235 1.000000
vt 0.788591 1.000000
vt 0.788591 0.000000
vt 0.791946 1.000000
vt 0.795302 1.000000
vt 0.795302 0.000000
vt 0.798658 1.000000
vt 0.802013 1.000000
vt 0.802013 0.000000
vt 0.805369 1.000000
vt 0.808725 1.000000
vt 0.808725 0.000000
vt 0.812081 1.000000
vt 0.815436 1.000000
vt 0.815436 0.000000
vt 0.818792 1.000000
vt 0.822148 1.000000
vt 0.822148 0.000000
vt 0.825503 1.000000
vt 0.828859 1.000000
vt 0.828859 0.000000
vt 0.832215 1.000000
vt 0.835570 1.000000
vt 0.835570 0.000000
vt 0.838926 1.000000
vt 0.842282 1.000000
vt 0.842282 0.000000
vt 0.845638 1.000000
vt 0.848993 1.000000
vt 0.848993 0.000000
vt 0.852349 1.000000
vt 0.855705 1.000000
vt 0.855705 0.000000
vt 0.859060 1.000000
vt 0.862416 1.000000
vt 0.862416 0.000000
vt 0.865772 1.000000
vt 0.869128 1.000000
vt 0.869128 0.000000
vt 0.872483 1.000000
vt 0.875839 1.000000
vt 0.875839 0.000000
vt 0.879195 1.000000
vt 0.882550 1.000000
vt 0.882550 0.000000
vt 0.885906 1.000000
vt 0.889262 1.000000
vt 0.889262 0.000000
vt 0.892617 1.000000
vt 0.895973 1.000000
vt 0.895973 0.000000
vt 0.899329 1.000000
vt 0.902685 1.000000
vt 0.902685 0.000000
vt 0.906040 1.000000
vt 0.909396 1.000000
vt 0.909396 0.000000
vt 0.912752 1.000000
vt 0.916107 1.000000
vt 0.916107 0.000000
vt 0.919463 1.000000
vt 0.922819 1.000000
vt 0.922819 0.000000
vt 0.926175 1.000000
vt 0.929530 1.000000
vt 0.929530 0.000000
vt 0.932886 1.000000
vt 0.936242 1.000000
vt 0.936242 0.000000
vt 0.939597 1.000000
vt 0.942953 1.000000
vt 0.942953 0.000000
vt 0.946309 1.000000
vt 0.949664 1.000000
vt 0.949664 0.000000
vt 0.953020 1.000000
vt 0.956376 1.000000
vt 0.956376 0.000000
vt 0.959732 1.000000
vt 0.963087 1.000000
vt 0.963087 0.000000
vt 0.966443 1.000000
vt 0.969799 1.000000
vt 0.969799 0.000000
vt 0.973154 1.000000
vt 0.976510 1.000000
vt 0.976510 0.000000
vt 0.979866 1.000000
vt 0.983221 1.000000
vt 0.983221 0.000000
vt 0.986577 1.000000
vt 0.989933 1.000000
vt 0.989933 0.000000
vt 0.993289 1.000000
vt 0.996644 1.000000
vt 0.996644 0.000000
vt 0.038462 1.000000
vt 0.038462 0.000000
vt 0.076923 1.000000
vt 0.115385 1.000000
vt 0.115385 0.000000
vt 0.153846 1.000000
vt 0.192308 1.000000
vt 0.192308 0.000000
vt 0.230769 1.000000
vt 0.230769 0.000000
vt 0.269231 1.000000
vt 0.269231 0.000000
vt 0.307692 1.000000
vt 0.346154 1.000000
vt 0.346154 0.000000
vt 0.384615 1.000000
vt 0.423077 1.000000
vt 0.423077 0.000000
vt 0.461538 1.000000
vt 0.538462 1.000000
vt 0.576923 1.000000
vt 0.576923 0.000000
vt 0.615385 1.000000
vt 0.653846 1.000000
vt 0.653846 0.000000
vt 0.692308 1.000000
vt 0.730769 1.000000
vt 0.730769 0.000000
vt 0.769231 1.000000
vt 0.807692 1.000000
vt 0.807692 0.000000
vt 0.846154 1.000000
vt 0.884615 1.000000
vt 0.884615 0.000000
vt 0.923077 1.000000
vt 0.961538 1.000000
vt 0.961538 0.000000
vt 0.125000 1.000000
vt 0.125000 0.000000
vt 0.375000 1.000000
vt 0.375000 0.000000
vt 0.625000 1.000000
vt 0.625000 0.000000
vt 0.875000 1.000000
vt 0.875000 0.000000
vt 0.019231 1.000000
vt 0.019231 0.000000
vt 0.057692 1.000000
vt 0.057692 0.000000
vt 0.096154 1.000000
vt 0.096154 0.000000
vt 0.134615 1.000000
vt 0.134615 0.000000
vt 0.173077 1.000000
vt 0.173077 0.000000
vt 0.211538 1.000000
vt 0.211538 0.000000
vt 0.288462 1.000000
vt 0.288462 0.000000
vt 0.326923 1.000000
vt 0.326923 0.000000
vt 0.365385 1.000000
vt 0.365385 0.000000
vt 0.403846 1.000000
vt 0.403846 0.000000
vt 0.442308 1.000000
vt 0.442308 0.000000
vt 0.480769 1.000000
vt 0.480769 0.000000
vt 0.519231 1.000000
vt 0.519231 0.000000
vt 0.557692 1.000000
vt 0.557692 0.000000
vt 0.596154 1.000000
vt 0.596154 0.000000
vt 0.634615 1.000000
vt 0.634615 0.000000
vt 0.673077 1.000000
vt 0.673077 0.000000
vt 0.711538 1.000000
vt 0.711538 0.000000
vt 0.788462 1.000000
vt 0.788462 0.000000
vt 0.826923 1.000000
vt 0.826923 0.000000
vt 0.865385 1.000000
vt 0.865385 0.000000
vt 0.903846 1.000000
vt 0.903846 0.000000
vt 0.942308 1.000000
vt 0.942308 0.000000
vt 0.980769 1.000000
vt 0.980769 0.000000
vt 0.010204 1.000000
vt 0.010204 0.000000
vt 0.020408 1.000000
vt 0.020408 0.000000
vt 0.030612 1.000000
vt 0.030612 0.000000
vt 0.040816 1.000000
vt 0.040816 0.000000
vt 0.051020 1.000000
vt 0.051020 0.000000
vt 0.061224 1.000000
vt 0.061224 0.000000
vt 0.071429 1.000000
vt 0.081633 1.000000
vt 0.081633 0.000000
vt 0.091837 1.000000
vt 0.091837 0.000000
vt 0.102041 1.000000
vt 0.102041 0.000000
vt 0.112245 1.000000
vt 0.112245 0.000000
vt 0.122449 1.000000
vt 0.122449 0.000000
vt 0.132653 1.000000
vt 0.132653 0.000000
vt 0.142857 1.000000
vt 0.153061 1.000000
vt 0.153061 0.000000
vt 0.163265 1.000000
vt 0.163265 0.000000
vt 0.173469 1.000000
vt 0.173469 0.000000
vt 0.183673 1.000000
vt 0.183673 0.000000
vt 0.193878 1.000000
vt 0.193878 0.000000
vt 0.204082 1.000000
vt 0.204082 0.000000
vt 0.214286 1.000000
vt 0.224490 1.000000
vt 0.224490 0.000000
vt 0.234694 1.000000
vt 0.234694 0.000000
vt 0.244898 1.000000
vt 0.244898 0.000000
vt 0.255102 1.000000
vt 0.255102 0.000000
vt 0.265306 1.000000
vt 0.265306 0.000000
vt 0.275510 1.000000
vt 0.275510 0.000000
vt 0.285714 1.000000
vt 0.295918 1.000000
vt 0.295918 0.000000
vt 0.306122 1.000000
vt 0.306122 0.000000
vt 0.316327 1.000000
vt 0.316327 0.000000
vt 0.326531 1.000000
vt 0.326531 0.000000
vt 0.336735 1.000000
vt 0.336735 0.000000
vt 0.346939 1.000000
vt 0.346939 0.000000
vt 0.357143 1.000000
vt 0.367347 1.000000
vt 0.367347 0.000000
vt 0.377551 1.000000
vt 0.377551 0.000000
vt 0.387755 1.000000
vt 0.387755 0.000000
vt 0.397959 1.000000
vt 0.397959 0.000000
vt 0.408163 1.000000
vt 0.408163 0.000000
vt 0.418367 1.000000
vt 0.418367 0.000000
vt 0.428571 1.000000
vt 0.438776 1.000000
vt 0.438776 0.000000
vt 0.448980 1.000000
vt 0.448980 0.000000
vt 0.459184 1.000000
vt 0.459184 0.000000
vt 0.469388 1.000000
vt 0.469388 0.000000
vt 0.479592 1.000000
vt 0.479592 0.000000
vt 0.489796 1.000000
vt 0.489796 0.000000
vt 0.510204 1.000000
vt 0.510204 0.000000
vt 0.520408 1.000000
vt 0.520408 0.000000
vt 0.530612 1.000000
vt 0.530612 0.000000
vt 0.540816 1.000000
vt 0.540816 0.000000
vt 0.551020 1.000000
vt 0.551020 0.000000
vt 0.561224 1.000000
vt 0.561224 0.000000
vt 0.571429 1.000000
vt 0.581633 1.000000
vt 0.581633 0.000000
vt 0.591837 1.000000
vt 0.591837 0.000000
vt 0.602041 1.000000
vt 0.602041 0.000000
vt 0.612245 1.000000
vt 0.612245 0.000000
vt 0.622449 1.000000
vt 0.622449 0.000000
vt 0.632653 1.000000
vt 0.632653 0.000000
vt 0.642857 1.000000
vt 0.653061 1.000000
vt 0.653061 0.000000
vt 0.663265 1.000000
vt 0.663265 0.000000
vt 0.673469 1.000000
vt 0.673469 0.000000
vt 0.683673 1.000000
vt 0.683673 0.000000
vt 0.693878 1.000000
vt 0.693878 0.000000
vt 0.704082 1.000000
vt 0.704082 0.000000
vt 0.714286 1.000000
vt 0.724490 1.000000
vt 0.724490 0.000000
vt 0.734694 1.000000
vt 0.734694 0.000000
vt 0.744898 1.000000
vt 0.744898 0.000000
vt 0.755102 1.000000
vt 0.755102 0.000000
vt 0.765306 1.000000
vt 0.765306 0.000000
vt 0.775510 1.000000
vt 0.775510 0.000000
vt 0.785714 1.000000
vt 0.795918 1.000000
vt 0.795918 0.000000
vt 0.806122 1.000000
vt 0.806122 0.000000
vt 0.816327 1.000000
vt 0.816327 0.000000
vt 0.826531 1.000000
vt 0.826531 0.000000
vt 0.836735 1.000000
vt 0.836735 0.000000
vt 0.846939 1.000000
vt 0.846939 0.000000
vt 0.857143 1.000000
vt 0.867347 1.000000
vt 0.867347 0.000000
vt 0.877551 1.000000
vt 0.877551 0.000000
vt 0.887755 1.000000
vt 0.887755 0.000000
vt 0.897959 1.000000
vt 0.897959 0.000000
vt 0.908163 1.000000
vt 0.908163 0.000000
vt 0.918367 1.000000
vt 0.918367 0.000000
vt 0.928571 1.000000
vt 0.938776 1.000000
vt 0.938776 0.000000
vt 0.948980 1.000000
vt 0.948980 0.000000
vt 0.959184 1.000000
vt 0.959184 0.000000
vt 0.969388 1.000000
vt 0.969388 0.000000
vt 0.979592 1.000000
vt 0.979592 0.000000
vt 0.989796 1.000000
vt 0.989796 0.000000
vt 0.020833 1.000000
vt 0.020833 0.000000
vt 0.041667 1.000000
vt 0.041667 0.000000
vt 0.062500 1.000000
vt 0.062500 0.000000
vt 0.083333 1.000000
vt 0.083333 0.000000
vt 0.104167 1.000000
vt 0.104167 0.000000
vt 0.145833 1.000000
vt 0.145833 0.000000
vt 0.166667 1.000000
vt 0.187500 1.000000
vt 0.187500 0.000000
vt 0.208333 1.000000
vt 0.208333 0.000000
vt 0.229167 1.000000
vt 0.229167 0.000000
vt 0.270833 1.000000
vt 0.270833 0.000000
vt 0.291667 1.000000
vt 0.291667 0.000000
vt 0.312500 1.000000
vt 0.312500 0.000000
vt 0.333333 1.000000
vt 0.354167 1.000000
vt 0.354167 0.000000
vt 0.395833 1.000000
vt 0.395833 0.000000
vt 0.416667 1.000000
vt 0.416667 0.000000
vt 0.437500 1.000000
vt 0.437500 0.000000
vt 0.458333 1.000000
vt 0.458333 0.000000
vt 0.479167 1.000000
vt 0.479167 0.000000
vt 0.520833 1.000000
vt 0.520833 0.000000
vt 0.541667 1.000000
vt 0.541667 0.000000
vt 0.562500 1.000000
vt 0.562500 0.000000
vt 0.583333 1.000000
vt 0.583333 0.000000
vt 0.604167 1.000000
vt 0.604167 0.000000
vt 0.645833 1.000000
vt 0.645833 0.000000
vt 0.666667 1.000000
vt 0.687500 1.000000
vt 0.687500 0.000000
vt 0.708333 1.000000
vt 0.708333 0.000000
vt 0.729167 1.000000
vt 0.729167 0.000000
vt 0.770833 1.000000
vt 0.770833 0.000000
vt 0.791667 1.000000
vt 0.791667 0.000000
vt 0.812500 1.000000
vt 0.812500 0.000000
vt 0.833333 1.000000
vt 0.854167 1.000000
vt 0.854167 0.000000
vt 0.895833 1.000000
vt 0.895833 0.000000
vt 0.916667 1.000000
vt 0.916667 0.000000
vt 0.937500 1.000000
vt 0.937500 0.000000
vt 0.958333 1.000000
vt 0.958333 0.000000
vt 0.979167 1.000000
vt 0.979167 0.000000
vt 0.004566 1.000000
vt 0.004566 0.000000
vt 0.009132 1.000000
vt 0.009132 0.000000
vt 0.013699 1.000000
vt 0.018265 1.000000
vt 0.018265 0.000000
vt 0.022831 1.000000
vt 0.022831 0.000000
vt 0.027397 1.000000
vt 0.031963 1.000000
vt 0.031963 0.000000
vt 0.036530 1.000000
vt 0.036530 0.000000
vt 0.041096 1.000000
vt 0.045662 1.000000
vt 0.045662 0.000000
vt 0.050228 1.000000
vt 0.050228 0.000000
vt 0.054795 1.000000
vt 0.059361 1.000000
vt 0.059361 0.000000
vt 0.063927 1.000000
vt 0.063927 0.000000
vt 0.068493 1.000000
vt 0.073059 1.000000
vt 0.073059 0.000000
vt 0.077626 1.000000
vt 0.077626 0.000000
vt 0.082192 1.000000
vt 0.086758 1.000000
vt 0.086758 0.000000
vt 0.091324 1.000000
vt 0.091324 0.000000
vt 0.095890 1.000000
vt 0.100457 1.000000
vt 0.100457 0.000000
vt 0.105023 1.000000
vt 0.105023 0.000000
vt 0.109589 1.000000
vt 0.114155 1.000000
vt 0.114155 0.000000
vt 0.118721 1.000000
vt 0.118721 0.000000
vt 0.123288 1.000000
vt 0.127854 1.000000
vt 0.127854 0.000000
vt 0.132420 1.000000
vt 0.132420 0.000000
vt 0.136986 1.000000
vt 0.141553 1.000000
vt 0.141553 0.000000
vt 0.146119 1.000000
vt 0.146119 0.000000
vt 0.150685 1.000000
vt 0.155251 1.000000
vt 0.155251 0.000000
vt 0.159817 1.000000
vt 0.159817 0.000000
vt 0.164384 1.000000
vt 0.168950 1.000000
vt 0.168950 0.000000
vt 0.173516 1.000000
vt 0.173516 0.000000
vt 0.178082 1.000000
vt 0.182648 1.000000
vt 0.182648 0.000000
vt 0.187215 1.000000
vt 0.187215 0.000000
vt 0.191781 1.000000
vt 0.196347 1.000000
vt 0.196347 0.000000
vt 0.200913 1.000000
vt 0.200913 0.000000
vt 0.205479 1.000000
vt 0.210046 1.000000
vt 0.210046 0.000000
vt 0.214612 1.000000
vt 0.214612 0.000000
vt 0.219178 1.000000
vt 0.223744 1.000000
vt 0.223744 0.000000
vt 0.228310 1.000000
vt 0.228310 0.000000
vt 0.232877 1.000000
vt 0.237443 1.000000
vt 0.237443 0.000000
vt 0.242009 1.000000
vt 0.242009 0.000000
vt 0.246575 1.000000
vt 0.251142 1.000000
vt 0.251142 0.000000
vt 0.255708 1.000000
vt 0.255708 0.000000
vt 0.260274 1.000000
vt 0.264840 1.000000
vt 0.264840 0.000000
vt 0.269406 1.000000
vt 0.269406 0.000000
vt 0.273973 1.000000
vt 0.278539 1.000000
vt 0.278539 0.000000
vt 0.283105 1.000000
vt 0.283105 0.000000
vt 0.287671 1.000000
vt 0.292237 1.000000
vt 0.292237 0.000000
vt 0.296804 1.000000
vt 0.296804 0.000000
vt 0.301370 1.000000
vt 0.305936 1.000000
vt 0.305936 0.000000
vt 0.310502 1.000000
vt 0.310502 0.000000
vt 0.315068 1.000000
vt 0.319635 1.000000
vt 0.319635 0.000000
vt 0.324201 1.000000
vt 0.324201 0.000000
vt 0.328767 1.000000
vt 0.337900 1.000000
vt 0.337900 0.000000
vt 0.342466 1.000000
vt 0.347032 1.000000
vt 0.347032 0.000000
vt 0.351598 1.000000
vt 0.351598 0.000000
vt 0.356164 1.000000
vt 0.360731 1.000000
vt 0.360731 0.000000
vt 0.365297 1.000000
vt 0.365297 0.000000
vt 0.369863 1.000000
vt 0.374429 1.000000
vt 0.374429 0.000000
vt 0.378995 1.000000
vt 0.378995 0.000000
vt 0.383562 1.000000
vt 0.388128 1.000000
vt 0.388128 0.000000
vt 0.392694 1.000000
vt 0.392694 0.000000
vt 0.397260 1.000000
vt 0.401826 1.000000
vt 0.401826 0.000000
vt 0.406393 1.000000
vt 0.406393 0.000000
vt 0.410959 1.000000
vt 0.415525 1.000000
vt 0.415525 0.000000
vt 0.420091 1.000000
vt 0.420091 0.000000
vt 0.424658 1.000000
vt 0.429224 1.000000
vt 0.429224 0.000000
vt 0.433790 1.000000
vt 0.433790 0.000000
vt 0.438356 1.000000
vt 0.442922 1.000000
vt 0.442922 0.000000
vt 0.447489 1.000000
vt 0.447489 0.000000
vt 0.452055 1.000000
vt 0.456621 1.000000
vt 0.456621 0.000000
vt 0.461187 1.000000
vt 0.461187 0.000000
vt 0.465753 1.000000
vt 0.470320 1.000000
vt 0.470320 0.000000
vt 0.474886 1.000000
vt 0.474886 0.000000
vt 0.479452 1.000000
vt 0.484018 1.000000
vt 0.484018 0.000000
vt 0.488584 1.000000
vt 0.488584 0.000000
vt 0.493151 1.000000
vt 0.497717 1.000000
vt 0.497717 0.000000
vt 0.502283 1.000000
vt 0.502283 0.000000
vt 0.506849 1.000000
vt 0.511416 1.000000
vt 0.511416 0.000000
vt 0.515982 1.000000
vt 0.515982 0.000000
vt 0.520548 1.000000
vt 0.525114 1.000000
vt 0.525114 0.000000
vt 0.529680 1.000000
vt 0.529680 0.000000
vt 0.534247 1.000000
vt 0.538813 1.000000
vt 0.538813 0.000000
vt 0.543379 1.000000
vt 0.543379 0.000000
vt 0.547945 1.000000
vt 0.552511 1.000000
vt 0.552511 0.000000
vt 0.557078 1.000000
vt 0.557078 0.000000
vt 0.561644 1.000000
vt 0.566210 1.000000
vt 0.566210 0.000000
vt 0.570776 1.000000
vt 0.570776 0.000000
vt 0.575342 1.000000
vt 0.579909 1.000000
vt 0.579909 0.000000
vt 0.584475 1.000000
vt 0.584475 0.000000
vt 0.589041 1.000000
vt 0.593607 1.000000
vt 0.593607 0.000000
vt 0.598173 1.000000
vt 0.598173 0.000000
vt 0.602740 1.000000
vt 0.607306 1.000000
vt 0.607306 0.000000
vt 0.611872 1.000000
vt 0.611872 0.000000
vt 0.616438 1.000000
vt 0.621005 1.000000
vt 0.621005 0.000000
vt 0.625571 1.000000
vt 0.625571 0.000000
vt 0.630137 1.000000
vt 0.634703 1.000000
vt 0.634703 0.000000
vt 0.639269 1.000000
vt 0.639269 0.000000
vt 0.643836 1.000000
vt 0.648402 1.000000
vt 0.648402 0.000000
vt 0.652968 1.000000
vt 0.652968 0.000000
vt 0.657534 1.000000
vt 0.662100 1.000000
vt 0.662100 0.000000
vt 0.671233 1.000000
vt 0.675799 1.000000
vt 0.675799 0.000000
vt 0.680365 1.000000
vt 0.680365 0.000000
vt 0.684932 1.000000
vt 0.689498 1.000000
vt 0.689498 0.000000
vt 0.694064 1.000000
vt 0.694064 0.000000
vt 0.698630 1.000000
vt 0.703196 1.000000
vt 0.703196 0.000000
vt 0.707763 1.000000
vt 0.707763 0.000000
vt 0.712329 1.000000
vt 0.716895 1.000000
vt 0.716895 0.000000
vt 0.721461 1.000000
vt 0.721461 0.000000
vt 0.726027 1.000000
vt 0.730594 1.000000
vt 0.730594 0.000000
vt 0.735160 1.000000
vt 0.735160 0.000000
vt 0.739726 1.000000
vt 0.744292 1.000000
vt 0.744292 0.000000
vt 0.748858 1.000000
vt 0.748858 0.000000
vt 0.753425 1.000000
vt 0.757991 1.000000
vt 0.757991 0.000000
vt 0.762557 1.000000
vt 0.762557 0.000000
vt 0.767123 1.000000
vt 0.771689 1.000000
vt 0.771689 0.000000
vt 0.776256 1.000000
vt 0.776256 0.000000
vt 0.780822 1.000000
vt 0.785388 1.000000
vt 0.785388 0.000000
vt 0.789954 1.000000
vt 0.789954 0.000000
vt 0.794521 1.000000
vt 0.799087 1.000000
vt 0.799087 0.000000
vt 0.803653 1.000000
vt 0.803653 0.000000
vt 0.808219 1.000000
vt 0.812785 1.000000
vt 0.812785 0.000000
vt 0.817352 1.000000
vt 0.817352 0.000000
vt 0.821918 1.000000
vt 0.826484 1.000000
vt 0.826484 0.000000
vt 0.831050 1.000000
vt 0.831050 0.000000
vt 0.835616 1.000000
vt 0.840183 1.000000
vt 0.840183 0.000000
vt 0.844749 1.000000
vt 0.844749 0.000000
vt 0.849315 1.000000
vt 0.853881 1.000000
vt 0.853881 0.000000
vt 0.858447 1.000000
vt 0.858447 0.000000
vt 0.863014 1.000000
vt 0.867580 1.000000
vt 0.867580 0.000000
vt 0.872146 1.000000
vt 0.872146 0.000000
vt 0.876712 1.000000
vt 0.881279 1.000000
vt 0.881279 0.000000
vt 0.885845 1.000000
vt 0.885845 0.000000
vt 0.890411 1.000000
vt 0.894977 1.000000
vt 0.894977 0.000000
vt 0.899543 1.000000
vt 0.899543 0.000000
vt 0.904110 1.000000
vt 0.908676 1.000000
vt 0.908676 0.000000
vt 0.913242 1.000000
vt 0.913242 0.000000
vt 0.917808 1.000000
vt 0.922374 1.000000
vt 0.922374 0.000000
vt 0.926941 1.000000
vt 0.926941 0.000000
vt 0.931507 1.000000
vt 0.936073 1.000000
vt 0.936073 0.000000
vt 0.940639 1.000000
vt 0.940639 0.000000
vt 0.945205 1.000000
vt 0.949772 1.000000
vt 0.949772 0.000000
vt 0.954338 1.000000
vt 0.954338 0.000000
vt 0.958904 1.000000
vt 0.963470 1.000000
vt 0.963470 0.000000
vt 0.968037 1.000000
vt 0.968037 0.000000
vt 0.972603 1.000000
vt 0.977169 1.000000
vt 0.977169 0.000000
vt 0.981735 1.000000
vt 0.981735 0.000000
vt 0.986301 1.000000
vt 0.990868 1.000000
vt 0.990868 0.000000
vt 0.995434 1.000000
vt 0.995434 0.000000
vt 0.020000 1.000000
vt 0.020000 0.000000
vt 0.040000 1.000000
vt 0.040000 0.000000
vt 0.060000 1.000000
vt 0.060000 0.000000
vt 0.080000 1.000000
vt 0.080000 0.000000
vt 0.100000 1.000000
vt 0.100000 0.000000
vt 0.120000 1.000000
vt 0.120000 0.000000
vt 0.140000 1.000000
vt 0.140000 0.000000
vt 0.160000 1.000000
vt 0.160000 0.000000
vt 0.180000 1.000000
vt 0.180000 0.000000
vt 0.220000 1.000000
vt 0.220000 0.000000
vt 0.240000 1.000000
vt 0.240000 0.000000
vt 0.260000 1.000000
vt 0.260000 0.000000
vt 0.280000 1.000000
vt 0.280000 0.000000
vt 0.300000 1.000000
vt 0.300000 0.000000
vt 0.320000 1.000000
vt 0.320000 0.000000
vt 0.340000 1.000000
vt 0.340000 0.000000
vt 0.360000 1.000000
vt 0.360000 0.000000
vt 0.380000 1.000000
vt 0.380000 0.000000
vt 0.420000 1.000000
vt 0.420000 0.000000
vt 0.440000 1.000000
vt 0.440000 0.000000
vt 0.460000 1.000000
vt 0.460000 0.000000
vt 0.480000 1.000000
vt 0.480000 0.000000
vt 0.520000 1.000000
vt 0.520000 0.000000
vt 0.540000 1.000000
vt 0.540000 0.000000
vt 0.560000 1.000000
vt 0.560000 0.000000
vt 0.580000 1.000000
vt 0.580000 0.000000
vt 0.620000 1.000000
vt 0.620000 0.000000
vt 0.640000 1.000000
vt 0.640000 0.000000
vt 0.660000 1.000000
vt 0.660000 0.000000
vt 0.680000 1.000000
vt 0.680000 0.000000
vt 0.700000 1.000000
vt 0.700000 0.000000
vt 0.720000 1.000000
vt 0.720000 0.000000
vt 0.740000 1.000000
vt 0.740000 0.000000
vt 0.760000 1.000000
vt 0.760000 0.000000
vt 0.780000 1.000000
vt 0.780000 0.000000
vt 0.820000 1.000000
vt 0.820000 0.000000
vt 0.840000 1.000000
vt 0.840000 0.000000
vt 0.860000 1.000000
vt 0.860000 0.000000
vt 0.880000 1.000000
vt 0.880000 0.000000
vt 0.900000 1.000000
vt 0.900000 0.000000
vt 0.920000 1.000000
vt 0.920000 0.000000
vt 0.940000 1.000000
vt 0.940000 0.000000
vt 0.960000 1.000000
vt 0.960000 0.000000
vt 0.980000 1.000000
vt 0.980000 0.000000
vt 0.013514 1.000000
vt 0.013514 0.000000
vt 0.040541 1.000000
vt 0.040541 0.000000
vt 0.067568 1.000000
vt 0.067568 0.000000
vt 0.094595 1.000000
vt 0.094595 0.000000
vt 0.121622 1.000000
vt 0.121622 0.000000
vt 0.148649 1.000000
vt 0.148649 0.000000
vt 0.175676 1.000000
vt 0.175676 0.000000
vt 0.202703 1.000000
vt 0.202703 0.000000
vt 0.229730 1.000000
vt 0.229730 0.000000
vt 0.256757 1.000000
vt 0.256757 0.000000
vt 0.283784 1.000000
vt 0.283784 0.000000
vt 0.310811 1.000000
vt 0.310811 0.000000
vt 0.337838 1.000000
vt 0.337838 0.000000
vt 0.364865 1.000000
vt 0.364865 0.000000
vt 0.391892 1.000000
vt 0.391892 0.000000
vt 0.418919 1.000000
vt 0.418919 0.000000
vt 0.445946 1.000000
vt 0.445946 0.000000
vt 0.472973 1.000000
vt 0.472973 0.000000
vt 0.527027 1.000000
vt 0.527027 0.000000
vt 0.554054 1.000000
vt 0.554054 0.000000
vt 0.581081 1.000000
vt 0.581081 0.000000
vt 0.608108 1.000000
vt 0.608108 0.000000
vt 0.635135 1.000000
vt 0.635135 0.000000
vt 0.662162 1.000000
vt 0.662162 0.000000
vt 0.689189 1.000000
vt 0.689189 0.000000
vt 0.716216 1.000000
vt 0.716216 0.000000
vt 0.743243 1.000000
vt 0.743243 0.000000
vt 0.770270 1.000000
vt 0.770270 0.000000
vt 0.797297 1.000000
vt 0.797297 0.000000
vt 0.824324 1.000000
vt 0.824324 0.000000
vt 0.851351 1.000000
vt 0.851351 0.000000
vt 0.878378 1.000000
vt 0.878378 0.000000
vt 0.905405 1.000000
vt 0.905405 0.000000
vt 0.932432 1.000000
vt 0.932432 0.000000
vt 0.959459 1.000000
vt 0.959459 0.000000
vt 0.986486 1.000000
vt 0.986486 0.000000
vt 0.006803 1.000000
vt 0.006803 0.000000
vt 0.013605 1.000000
vt 0.013605 0.000000
vt 0.027211 1.000000
vt 0.027211 0.000000
vt 0.034014 1.000000
vt 0.034014 0.000000
vt 0.047619 1.000000
vt 0.047619 0.000000
vt 0.054422 1.000000
vt 0.054422 0.000000
vt 0.068027 1.000000
vt 0.068027 0.000000
vt 0.074830 1.000000
vt 0.074830 0.000000
vt 0.088435 1.000000
vt 0.088435 0.000000
vt 0.095238 1.000000
vt 0.095238 0.000000
vt 0.108844 1.000000
vt 0.108844 0.000000
vt 0.115646 1.000000
vt 0.115646 0.000000
vt 0.129252 1.000000
vt 0.129252 0.000000
vt 0.136054 1.000000
vt 0.136054 0.000000
vt 0.149660 1.000000
vt 0.149660 0.000000
vt 0.156463 1.000000
vt 0.156463 0.000000
vt 0.170068 1.000000
vt 0.170068 0.000000
vt 0.176871 1.000000
vt 0.176871 0.000000
vt 0.190476 1.000000
vt 0.190476 0.000000
vt 0.197279 1.000000
vt 0.197279 0.000000
vt 0.210884 1.000000
vt 0.210884 0.000000
vt 0.217687 1.000000
vt 0.217687 0.000000
vt 0.231293 1.000000
vt 0.231293 0.000000
vt 0.238095 1.000000
vt 0.238095 0.000000
vt 0.251701 1.000000
vt 0.251701 0.000000
vt 0.258503 1.000000
vt 0.258503 0.000000
vt 0.272109 1.000000
vt 0.272109 0.000000
vt 0.278912 1.000000
vt 0.278912 0.000000
vt 0.292517 1.000000
vt 0.292517 0.000000
vt 0.299320 1.000000
vt 0.299320 0.000000
vt 0.312925 1.000000
vt 0.312925 0.000000
vt 0.319728 1.000000
vt 0.319728 0.000000
vt 0.340136 1.000000
vt 0.340136 0.000000
vt 0.353741 1.000000
vt 0.353741 0.000000
vt 0.360544 1.000000
vt 0.360544 0.000000
vt 0.374150 1.000000
vt 0.374150 0.000000
vt 0.380952 1.000000
vt 0.380952 0.000000
vt 0.394558 1.000000
vt 0.394558 0.000000
vt 0.401361 1.000000
vt 0.401361 0.000000
vt 0.414966 1.000000
vt 0.414966 0.000000
vt 0.421769 1.000000
vt 0.421769 0.000000
vt 0.435374 1.000000
vt 0.435374 0.000000
vt 0.442177 1.000000
vt 0.442177 0.000000
vt 0.455782 1.000000
vt 0.455782 0.000000
vt 0.462585 1.000000
vt 0.462585 0.000000
vt 0.476190 1.000000
vt 0.476190 0.000000
vt 0.482993 1.000000
vt 0.482993 0.000000
vt 0.496599 1.000000
vt 0.496599 0.000000
vt 0.503401 1.000000
vt 0.503401 0.000000
vt 0.517007 1.000000
vt 0.517007 0.000000
vt 0.523810 1.000000
vt 0.523810 0.000000
vt 0.537415 1.000000
vt 0.537415 0.000000
vt 0.544218 1.000000
vt 0.544218 0.000000
vt 0.557823 1.000000
vt 0.557823 0.000000
vt 0.564626 1.000000
vt 0.564626 0.000000
vt 0.578231 1.000000
vt 0.578231 0.000000
vt 0.585034 1.000000
vt 0.585034 0.000000
vt 0.598639 1.000000
vt 0.598639 0.000000
vt 0.605442 1.000000
vt 0.605442 0.000000
vt 0.619048 1.000000
vt 0.619048 0.000000
vt 0.625850 1.000000
vt 0.625850 0.000000
vt 0.639456 1.000000
vt 0.639456 0.000000
vt 0.646259 1.000000
vt 0.646259 0.000000
vt 0.659864 1.000000
vt 0.659864 0.000000
vt 0.680272 1.000000
vt 0.680272 0.000000
vt 0.687075 1.000000
vt 0.687075 0.000000
vt 0.700680 1.000000
vt 0.700680 0.000000
vt 0.707483 1.000000
vt 0.707483 0.000000
vt 0.721088 1.000000
vt 0.721088 0.000000
vt 0.727891 1.000000
vt 0.727891 0.000000
vt 0.741497 1.000000
vt 0.741497 0.000000
vt 0.748299 1.000000
vt 0.748299 0.000000
vt 0.761905 1.000000
vt 0.761905 0.000000
vt 0.768707 1.000000
vt 0.768707 0.000000
vt 0.782313 1.000000
vt 0.782313 0.000000
vt 0.789116 1.000000
vt 0.789116 0.000000
vt 0.802721 1.000000
vt 0.802721 0.000000
vt 0.809524 1.000000
vt 0.809524 0.000000
vt 0.823129 1.000000
vt 0.823129 0.000000
vt 0.829932 1.000000
vt 0.829932 0.000000
vt 0.843537 1.000000
vt 0.843537 0.000000
vt 0.850340 1.000000
vt 0.850340 0.000000
vt 0.863946 1.000000
vt 0.863946 0.000000
vt 0.870748 1.000000
vt 0.870748 0.000000
vt 0.884354 1.000000
vt 0.884354 0.000000
vt 0.891156 1.000000
vt 0.891156 0.000000
vt 0.904762 1.000000
vt 0.904762 0.000000
vt 0.911565 1.000000
vt 0.911565 0.000000
vt 0.925170 1.000000
vt 0.925170 0.000000
vt 0.931973 1.000000
vt 0.931973 0.000000
vt 0.945578 1.000000
vt 0.945578 0.000000
vt 0.952381 1.000000
vt 0.952381 0.000000
vt 0.965986 1.000000
vt 0.965986 0.000000
vt 0.972789 1.000000
vt 0.972789 0.000000
vt 0.986395 1.000000
vt 0.986395 0.000000
vt 0.993197 1.000000
vt 0.993197 0.000000
vt 0.004762 1.000000
vt 0.004762 0.000000
vt 0.009524 1.000000
vt 0.009524 0.000000
vt 0.014286 1.000000
vt 0.014286 0.000000
vt 0.019048 1.000000
vt 0.019048 0.000000
vt 0.023810 1.000000
vt 0.023810 0.000000
vt 0.028571 1.000000
vt 0.028571 0.000000
vt 0.033333 1.000000
vt 0.033333 0.000000
vt 0.038095 1.000000
vt 0.038095 0.000000
vt 0.042857 1.000000
vt 0.042857 0.000000
vt 0.052381 1.000000
vt 0.052381 0.000000
vt 0.057143 1.000000
vt 0.057143 0.000000
vt 0.061905 1.000000
vt 0.061905 0.000000
vt 0.066667 1.000000
vt 0.076190 1.000000
vt 0.076190 0.000000
vt 0.080952 1.000000
vt 0.080952 0.000000
vt 0.085714 1.000000
vt 0.085714 0.000000
vt 0.090476 1.000000
vt 0.090476 0.000000
vt 0.104762 1.000000
vt 0.104762 0.000000
vt 0.109524 1.000000
vt 0.109524 0.000000
vt 0.114286 1.000000
vt 0.114286 0.000000
vt 0.119048 1.000000
vt 0.119048 0.000000
vt 0.123810 1.000000
vt 0.123810 0.000000
vt 0.128571 1.000000
vt 0.128571 0.000000
vt 0.133333 1.000000
vt 0.138095 1.000000
vt 0.138095 0.000000
vt 0.147619 1.000000
vt 0.147619 0.000000
vt 0.152381 1.000000
vt 0.152381 0.000000
vt 0.157143 1.000000
vt 0.157143 0.000000
vt 0.161905 1.000000
vt 0.161905 0.000000
vt 0.171429 1.000000
vt 0.171429 0.000000
vt 0.176190 1.000000
vt 0.176190 0.000000
vt 0.180952 1.000000
vt 0.180952 0.000000
vt 0.185714 1.000000
vt 0.185714 0.000000
vt 0.195238 1.000000
vt 0.195238 0.000000
vt 0.204762 1.000000
vt 0.204762 0.000000
vt 0.209524 1.000000
vt 0.209524 0.000000
vt 0.219048 1.000000
vt 0.219048 0.000000
vt 0.223810 1.000000
vt 0.223810 0.000000
vt 0.228571 1.000000
vt 0.228571 0.000000
vt 0.233333 1.000000
vt 0.233333 0.000000
vt 0.242857 1.000000
vt 0.242857 0.000000
vt 0.247619 1.000000
vt 0.247619 0.000000
vt 0.252381 1.000000
vt 0.252381 0.000000
vt 0.257143 1.000000
vt 0.257143 0.000000
vt 0.261905 1.000000
vt 0.261905 0.000000
vt 0.266667 1.000000
vt 0.271429 1.000000
vt 0.271429 0.000000
vt 0.276190 1.000000
vt 0.276190 0.000000
vt 0.280952 1.000000
vt 0.280952 0.000000
vt 0.290476 1.000000
vt 0.290476 0.000000
vt 0.295238 1.000000
vt 0.295238 0.000000
vt 0.304762 1.000000
vt 0.304762 0.000000
vt 0.309524 1.000000
vt 0.309524 0.000000
vt 0.314286 1.000000
vt 0.314286 0.000000
vt 0.319048 1.000000
vt 0.319048 0.000000
vt 0.323810 1.000000
vt 0.323810 0.000000
vt 0.328571 1.000000
vt 0.328571 0.000000
vt 0.338095 1.000000
vt 0.338095 0.000000
vt 0.342857 1.000000
vt 0.342857 0.000000
vt 0.347619 1.000000
vt 0.347619 0.000000
vt 0.352381 1.000000
vt 0.352381 0.000000
vt 0.361905 1.000000
vt 0.361905 0.000000
vt 0.366667 1.000000
vt 0.366667 0.000000
vt 0.371429 1.000000
vt 0.371429 0.000000
vt 0.376190 1.000000
vt 0.376190 0.000000
vt 0.385714 1.000000
vt 0.385714 0.000000
vt 0.390476 1.000000
vt 0.390476 0.000000
vt 0.395238 1.000000
vt 0.395238 0.000000
vt 0.404762 1.000000
vt 0.404762 0.000000
vt 0.409524 1.000000
vt 0.409524 0.000000
vt 0.414286 1.000000
vt 0.414286 0.000000
vt 0.419048 1.000000
vt 0.419048 0.000000
vt 0.423810 1.000000
vt 0.423810 0.000000
vt 0.433333 1.000000
vt 0.433333 0.000000
vt 0.438095 1.000000
vt 0.438095 0.000000
vt 0.442857 1.000000
vt 0.442857 0.000000
vt 0.447619 1.000000
vt 0.447619 0.000000
vt 0.452381 1.000000
vt 0.452381 0.000000
vt 0.457143 1.000000
vt 0.457143 0.000000
vt 0.461905 1.000000
vt 0.461905 0.000000
vt 0.466667 1.000000
vt 0.471429 1.000000
vt 0.471429 0.000000
vt 0.480952 1.000000
vt 0.480952 0.000000
vt 0.485714 1.000000
vt 0.485714 0.000000
vt 0.490476 1.000000
vt 0.490476 0.000000
vt 0.495238 1.000000
vt 0.495238 0.000000
vt 0.504762 1.000000
vt 0.504762 0.000000
vt 0.509524 1.000000
vt 0.509524 0.000000
vt 0.514286 1.000000
vt 0.514286 0.000000
vt 0.519048 1.000000
vt 0.519048 0.000000
vt 0.528571 1.000000
vt 0.528571 0.000000
vt 0.533333 1.000000
vt 0.538095 1.000000
vt 0.538095 0.000000
vt 0.542857 1.000000
vt 0.542857 0.000000
vt 0.547619 1.000000
vt 0.547619 0.000000
vt 0.552381 1.000000
vt 0.552381 0.000000
vt 0.557143 1.000000
vt 0.557143 0.000000
vt 0.561905 1.000000
vt 0.561905 0.000000
vt 0.566667 1.000000
vt 0.566667 0.000000
vt 0.576190 1.000000
vt 0.576190 0.000000
vt 0.580952 1.000000
vt 0.580952 0.000000
vt 0.585714 1.000000
vt 0.585714 0.000000
vt 0.590476 1.000000
vt 0.590476 0.000000
vt 0.595238 1.000000
vt 0.595238 0.000000
vt 0.604762 1.000000
vt 0.604762 0.000000
vt 0.609524 1.000000
vt 0.609524 0.000000
vt 0.614286 1.000000
vt 0.614286 0.000000
vt 0.623810 1.000000
vt 0.623810 0.000000
vt 0.628571 1.000000
vt 0.628571 0.000000
vt 0.633333 1.000000
vt 0.633333 0.000000
vt 0.638095 1.000000
vt 0.638095 0.000000
vt 0.647619 1.000000
vt 0.647619 0.000000
vt 0.652381 1.000000
vt 0.652381 0.000000
vt 0.657143 1.000000
vt 0.657143 0.000000
vt 0.661905 1.000000
vt 0.661905 0.000000
vt 0.671429 1.000000
vt 0.671429 0.000000
vt 0.676190 1.000000
vt 0.676190 0.000000
vt 0.680952 1.000000
vt 0.680952 0.000000
vt 0.685714 1.000000
vt 0.685714 0.000000
vt 0.690476 1.000000
vt 0.690476 0.000000
vt 0.695238 1.000000
vt 0.695238 0.000000
vt 0.704762 1.000000
vt 0.704762 0.000000
vt 0.709524 1.000000
vt 0.709524 0.000000
vt 0.719048 1.000000
vt 0.719048 0.000000
vt 0.723810 1.000000
vt 0.723810 0.000000
vt 0.728571 1.000000
vt 0.728571 0.000000
vt 0.733333 1.000000
vt 0.738095 1.000000
vt 0.738095 0.000000
vt 0.742857 1.000000
vt 0.742857 0.000000
vt 0.747619 1.000000
vt 0.747619 0.000000
vt 0.752381 1.000000
vt 0.752381 0.000000
vt 0.757143 1.000000
vt 0.757143 0.000000
vt 0.766667 1.000000
vt 0.766667 0.000000
vt 0.771429 1.000000
vt 0.771429 0.000000
vt 0.776190 1.000000
vt 0.776190 0.000000
vt 0.780952 1.000000
vt 0.780952 0.000000
vt 0.790476 1.000000
vt 0.790476 0.000000
vt 0.795238 1.000000
vt 0.795238 0.000000
vt 0.804762 1.000000
vt 0.804762 0.000000
vt 0.814286 1.000000
vt 0.814286 0.000000
vt 0.819048 1.000000
vt 0.819048 0.000000
vt 0.823810 1.000000
vt 0.823810 0.000000
vt 0.828571 1.000000
vt 0.828571 0.000000
vt 0.838095 1.000000
vt 0.838095 0.000000
vt 0.842857 1.000000
vt 0.842857 0.000000
vt 0.847619 1.000000
vt 0.847619 0.000000
vt 0.852381 1.000000
vt 0.852381 0.000000
vt 0.861905 1.000000
vt 0.861905 0.000000
vt 0.866667 1.000000
vt 0.871429 1.000000
vt 0.871429 0.000000
vt 0.876190 1.000000
vt 0.876190 0.000000
vt 0.880952 1.000000
vt 0.880952 0.000000
vt 0.885714 1.000000
vt 0.885714 0.000000
vt 0.890476 1.000000
vt 0.890476 0.000000
vt 0.895238 1.000000
vt 0.895238 0.000000
vt 0.909524 1.000000
vt 0.909524 0.000000
vt 0.914286 1.000000
vt 0.914286 0.000000
vt 0.919048 1.000000
vt 0.919048 0.000000
vt 0.923810 1.000000
vt 0.923810 0.000000
vt 0.933333 1.000000
vt 0.938095 1.000000
vt 0.938095 0.000000
vt 0.942857 1.000000
vt 0.942857 0.000000
vt 0.947619 1.000000
vt 0.947619 0.000000
vt 0.957143 1.000000
vt 0.957143 0.000000
vt 0.961905 1.000000
vt 0.961905 0.000000
vt 0.966667 1.000000
vt 0.966667 0.000000
vt 0.971429 1.000000
vt 0.971429 0.000000
vt 0.976190 1.000000
vt 0.976190 0.000000
vt 0.980952 1.000000
vt 0.980952 0.000000
vt 0.985714 1.000000
vt 0.985714 0.000000
vt 0.990476 1.000000
vt 0.990476 0.000000
vt 0.995238 1.000000
vt 0.995238 0.000000
vt 0.009709 1.000000
vt 0.009709 0.000000
vt 0.019417 1.000000
vt 0.019417 0.000000
vt 0.029126 1.000000
vt 0.029126 0.000000
vt 0.038835 1.000000
vt 0.038835 0.000000
vt 0.048544 1.000000
vt 0.048544 0.000000
vt 0.058252 1.000000
vt 0.058252 0.000000
vt 0.067961 1.000000
vt 0.067961 0.000000
vt 0.077670 1.000000
vt 0.077670 0.000000
vt 0.087379 1.000000
vt 0.087379 0.000000
vt 0.097087 1.000000
vt 0.097087 0.000000
vt 0.106796 1.000000
vt 0.106796 0.000000
vt 0.116505 1.000000
vt 0.116505 0.000000
vt 0.126214 1.000000
vt 0.126214 0.000000
vt 0.135922 1.000000
vt 0.135922 0.000000
vt 0.145631 1.000000
vt 0.145631 0.000000
vt 0.155340 1.000000
vt 0.155340 0.000000
vt 0.165049 1.000000
vt 0.165049 0.000000
vt 0.174757 1.000000
vt 0.174757 0.000000
vt 0.184466 1.000000
vt 0.184466 0.000000
vt 0.194175 1.000000
vt 0.194175 0.000000
vt 0.203883 1.000000
vt 0.203883 0.000000
vt 0.213592 1.000000
vt 0.213592 0.000000
vt 0.223301 1.000000
vt 0.223301 0.000000
vt 0.233010 1.000000
vt 0.233010 0.000000
vt 0.242718 1.000000
vt 0.242718 0.000000
vt 0.252427 1.000000
vt 0.252427 0.000000
vt 0.262136 1.000000
vt 0.262136 0.000000
vt 0.271845 1.000000
vt 0.271845 0.000000
vt 0.281553 1.000000
vt 0.281553 0.000000
vt 0.291262 1.000000
vt 0.291262 0.000000
vt 0.300971 1.000000
vt 0.300971 0.000000
vt 0.310680 1.000000
vt 0.310680 0.000000
vt 0.320388 1.000000
vt 0.320388 0.000000
vt 0.330097 1.000000
vt 0.330097 0.000000
vt 0.339806 1.000000
vt 0.339806 0.000000
vt 0.349515 1.000000
vt 0.349515 0.000000
vt 0.359223 1.000000
vt 0.359223 0.000000
vt 0.368932 1.000000
vt 0.368932 0.000000
vt 0.378641 1.000000
vt 0.378641 0.000000
vt 0.388350 1.000000
vt 0.388350 0.000000
vt 0.398058 1.000000
vt 0.398058 0.000000
vt 0.407767 1.000000
vt 0.407767 0.000000
vt 0.417476 1.000000
vt 0.417476 0.000000
vt 0.427184 1.000000
vt 0.427184 0.000000
vt 0.436893 1.000000
vt 0.436893 0.000000
vt 0.446602 1.000000
vt 0.446602 0.000000
vt 0.456311 1.000000
vt 0.456311 0.000000
vt 0.466019 1.000000
vt 0.466019 0.000000
vt 0.475728 1.000000
vt 0.475728 0.000000
vt 0.485437 1.000000
vt 0.485437 0.000000
vt 0.495146 1.000000
vt 0.495146 0.000000
vt 0.504854 1.000000
vt 0.504854 0.000000
vt 0.514563 1.000000
vt 0.514563 0.000000
vt 0.524272 1.000000
vt 0.524272 0.000000
vt 0.533981 1.000000
vt 0.533981 0.000000
vt 0.543689 1.000000
vt 0.543689 0.000000
vt 0.553398 1.000000
vt 0.553398 0.000000
vt 0.563107 1.000000
vt 0.563107 0.000000
vt 0.572816 1.000000
vt 0.572816 0.000000
vt 0.582524 1.000000
vt 0.582524 0.000000
vt 0.592233 1.000000
vt 0.592233 0.000000
vt 0.601942 1.000000
vt 0.601942 0.000000
vt 0.611650 1.000000
vt 0.611650 0.000000
vt 0.621359 1.000000
vt 0.621359 0.000000
vt 0.631068 1.000000
vt 0.631068 0.000000
vt 0.640777 1.000000
vt 0.640777 0.000000
vt 0.650485 1.000000
vt 0.650485 0.000000
vt 0.660194 1.000000
vt 0.660194 0.000000
vt 0.669903 1.000000
vt 0.669903 0.000000
vt 0.679612 1.000000
vt 0.679612 0.000000
vt 0.689320 1.000000
vt 0.689320 0.000000
vt 0.699029 1.000000
vt 0.699029 0.000000
vt 0.708738 1.000000
vt 0.708738 0.000000
vt 0.718447 1.000000
vt 0.718447 0.000000
vt 0.728155 1.000000
vt 0.728155 0.000000
vt 0.737864 1.000000
vt 0.737864 0.000000
vt 0.747573 1.000000
vt 0.747573 0.000000
vt 0.757282 1.000000
vt 0.757282 0.000000
vt 0.766990 1.000000
vt 0.766990 0.000000
vt 0.776699 1.000000
vt 0.776699 0.000000
vt 0.786408 1.000000
vt 0.786408 0.000000
vt 0.796117 1.000000
vt 0.796117 0.000000
vt 0.805825 1.000000
vt 0.805825 0.000000
vt 0.815534 1.000000
vt 0.815534 0.000000
vt 0.825243 1.000000
vt 0.825243 0.000000
vt 0.834951 1.000000
vt 0.834951 0.000000
vt 0.844660 1.000000
vt 0.844660 0.000000
vt 0.854369 1.000000
vt 0.854369 0.000000
vt 0.864078 1.000000
vt 0.864078 0.000000
vt 0.873786 1.000000
vt 0.873786 0.000000
vt 0.883495 1.000000
vt 0.883495 0.000000
vt 0.893204 1.000000
vt 0.893204 0.000000
vt 0.902913 1.000000
vt 0.902913 0.000000
vt 0.912621 1.000000
vt 0.912621 0.000000
vt 0.922330 1.000000
vt 0.922330 0.000000
vt 0.932039 1.000000
vt 0.932039 0.000000
vt 0.941748 1.000000
vt 0.941748 0.000000
vt 0.951456 1.000000
vt 0.951456 0.000000
vt 0.961165 1.000000
vt 0.961165 0.000000
vt 0.970874 1.000000
vt 0.970874 0.000000
vt 0.980583 1.000000
vt 0.980583 0.000000
vt 0.990291 1.000000
vt 0.990291 0.000000
vt 0.009901 1.000000
vt 0.019802 1.000000
vt 0.029703 1.000000
vt 0.039604 1.000000
vt 0.049505 1.000000
vt 0.059406 1.000000
vt 0.069307 1.000000
vt 0.079208 1.000000
vt 0.089109 1.000000
vt 0.099010 1.000000
vt 0.108911 1.000000
vt 0.118812 1.000000
vt 0.128713 1.000000
vt 0.138614 1.000000
vt 0.148515 1.000000
vt 0.158416 1.000000
vt 0.168317 1.000000
vt 0.178218 1.000000
vt 0.188119 1.000000
vt 0.198020 1.000000
vt 0.207921 1.000000
vt 0.217822 1.000000
vt 0.227723 1.000000
vt 0.237624 1.000000
vt 0.247525 1.000000
vt 0.257426 1.000000
vt 0.267327 1.000000
vt 0.277228 1.000000
vt 0.287129 1.000000
vt 0.297030 1.000000
vt 0.306931 1.000000
vt 0.316832 1.000000
vt 0.326733 1.000000
vt 0.336634 1.000000
vt 0.346535 1.000000
vt 0.356436 1.000000
vt 0.366337 1.000000
vt 0.376238 1.000000
vt 0.386139 1.000000
vt 0.396040 1.000000
vt 0.405941 1.000000
vt 0.415842 1.000000
vt 0.425743 1.000000
vt 0.435644 1.000000
vt 0.445545 1.000000
vt 0.455446 1.000000
vt 0.465347 1.000000
vt 0.475248 1.000000
vt 0.485149 1.000000
vt 0.495050 1.000000
vt 0.504951 1.000000
vt 0.514852 1.000000
vt 0.524752 1.000000
vt 0.534653 1.000000
vt 0.544554 1.000000
vt 0.554455 1.000000
vt 0.564356 1.000000
vt 0.574257 1.000000
vt 0.584158 1.000000
vt 0.594059 1.000000
vt 0.603960 1.000000
vt 0.613861 1.000000
vt 0.623762 1.000000
vt 0.633663 1.000000
vt 0.643564 1.000000
vt 0.653465 1.000000
vt 0.663366 1.000000
vt 0.673267 1.000000
vt 0.683168 1.000000
vt 0.693069 1.000000
vt 0.702970 1.000000
vt 0.712871 1.000000
vt 0.722772 1.000000
vt 0.732673 1.000000
vt 0.742574 1.000000
vt 0.752475 1.000000
vt 0.762376 1.000000
vt 0.772277 1.000000
vt 0.782178 1.000000
vt 0.792079 1.000000
vt 0.801980 1.000000
vt 0.811881 1.000000
vt 0.821782 1.000000
vt 0.831683 1.000000
vt 0.841584 1.000000
vt 0.851485 1.000000
vt 0.861386 1.000000
vt 0.871287 1.000000
vt 0.881188 1.000000
vt 0.891089 1.000000
vt 0.900990 1.000000
vt 0.910891 1.000000
vt 0.920792 1.000000
vt 0.930693 1.000000
vt 0.940594 1.000000
vt 0.950495 1.000000
vt 0.960396 1.000000
vt 0.970297 1.000000
vt 0.980198 1.000000
vt 0.990099 1.000000
s 1
usemtl マテリアル
f 16/1/1 18/2/1 17/3/1
f 16/1/1 19/4/1 18/2/1
f 14/5/1 16/1/1 15/6/1
f 14/5/1 19/4/1 16/1/1
f 14/5/1 20/7/1 19/4/1
f 14/5/1 21/8/2 20/7/1
f 13/9/1 21/8/2 14/5/1
f 12/10/1 22/11/1 13/9/1
f 22/11/1 21/8/2 13/9/1
f 12/10/1 23/12/1 22/11/1
f 10/13/1 104/14/1 11/15/1
f 104/14/1 12/10/1 11/15/1
f 104/14/1 23/12/1 12/10/1
f 104/14/1 24/16/1 23/12/1
f 104/14/1 108/17/1 24/16/1
f 108/17/1 107/18/1 24/16/1
f 107/18/1 25/19/1 24/16/1
f 10/13/1 105/20/1 104/14/1
f 103/21/3 108/17/1 104/14/1
f 102/22/1 108/17/1 103/21/3
f 102/22/1 109/23/1 108/17/1
f 106/24/1 25/19/1 107/18/1
f 10/13/1 102/22/1 105/20/1
f 10/13/1 109/23/1 102/22/1
f 10/13/1 106/24/1 109/23/1
f 10/13/1 25/19/1 106/24/1
f 9/25/4 25/19/5 10/13/4
f 8/26/1 26/27/1 9/25/1
f 26/27/1 25/19/1 9/25/1
f 8/26/1 27/28/1 26/27/1
f 6/29/1 8/26/1 7/30/1
f 6/29/1 27/28/1 8/26/1
f 6/29/1 28/31/1 27/28/1
f 6/29/1 5/32/1 28/31/1
f 5/32/1 112/33/1 28/31/1
f 112/33/1 111/34/1 28/31/1
f 111/34/1 29/35/1 28/31/1
f 4/36/1 112/33/1 5/32/1
f 4/36/1 113/37/1 112/33/1
f 110/38/1 29/35/1 111/34/1
f 2/39/1 4/36/1 3/40/1
f 2/39/1 113/37/1 4/36/1
f 2/39/1 110/38/1 113/37/1
f 2/39/1 29/35/1 110/38/1
f 2/39/1 30/41/1 29/35/1
f 2/39/1 31/42/6 30/41/1
f 1/43/7 31/42/6 2/39/1
f 101/44/1 116/45/1 1/43/7
f 116/45/1 31/42/6 1/43/7
f 101/44/1 117/46/1 116/45/1
f 115/47/3 31/42/6 116/45/1
f 114/48/1 32/49/2 115/47/3
f 32/49/2 31/42/6 115/47/3
f 114/48/1 33/50/1 32/49/2
f 99/51/1 101/44/1 100/52/1
f 99/51/1 117/46/1 101/44/1
f 99/51/1 114/48/1 117/46/1
f 99/51/1 98/53/1 114/48/1
f 98/53/1 36/54/1 114/48/1
f 36/54/1 35/55/1 114/48/1
f 35/55/1 33/50/1 114/48/1
f 97/56/2 36/54/1 98/53/1
f 97/56/2 37/57/1 36/54/1
f 34/58/1 33/50/1 35/55/1
f 96/59/1 37/57/1 97/56/2
f 96/59/1 38/60/1 37/57/1
f 95/61/1 38/60/1 96/59/1
f 94/62/8 38/60/1 95/61/1
f 93/63/9 38/60/1 94/62/8
f 92/64/8 38/60/1 93/63/9
f 91/65/2 38/60/1 92/64/8
f 90/66/1 38/60/1 91/65/2
f 90/66/1 39/67/1 38/60/1
f 89/68/2 39/67/1 90/66/1
f 88/69/10 39/67/1 89/68/2
f 87/70/1 39/67/1 88/69/10
f 86/71/8 39/67/1 87/70/1
f 72/72/1 74/73/2 73/74/1
f 85/75/1 39/67/1 86/71/8
f 84/76/2 39/67/1 85/75/1
f 83/77/1 39/67/1 84/76/2
f 72/72/1 75/78/11 74/73/2
f 82/79/8 39/67/1 83/77/1
f 81/80/2 39/67/1 82/79/8
f 72/72/1 76/81/2 75/78/11
f 80/82/2 39/67/1 81/80/2
f 72/72/1 77/83/8 76/81/2
f 79/84/12 39/67/1 80/82/2
f 72/72/1 78/85/1 77/83/8
f 78/85/1 39/67/1 79/84/12
f 72/72/1 39/67/1 78/85/1
f 72/72/1 40/86/1 39/67/1
f 72/72/1 41/87/2 40/86/1
f 71/88/1 41/87/2 72/72/1
f 70/89/1 41/87/2 71/88/1
f 70/89/1 42/90/1 41/87/2
f 69/91/1 42/90/1 70/89/1
f 68/92/2 42/90/1 69/91/1
f 68/92/2 43/93/1 42/90/1
f 67/94/1 43/93/1 68/92/2
f 67/94/1 44/95/2 43/93/1
f 66/96/1 44/95/2 67/94/1
f 66/96/1 45/97/1 44/95/2
f 65/98/1 45/97/1 66/96/1
f 65/98/1 46/99/8 45/97/1
f 64/100/1 46/99/8 65/98/1
f 64/100/1 47/101/2 46/99/8
f 63/102/1 47/101/2 64/100/1
f 63/102/1 48/103/8 47/101/2
f 62/104/8 48/103/8 63/102/1
f 62/104/8 49/105/10 48/103/8
f 62/104/8 50/106/1 49/105/10
f 61/107/1 50/106/1 62/104/8
f 61/107/1 51/108/8 50/106/1
f 61/107/1 52/109/9 51/108/8
f 61/107/1 53/110/1 52/109/9
f 61/107/1 54/111/12 53/110/1
f 61/107/1 55/112/12 54/111/12
f 61/107/1 56/113/2 55/112/12
f 61/107/1 57/114/1 56/113/2
f 61/107/1 58/115/1 57/114/1
f 61/107/1 59/116/1 58/115/1
f 61/107/1 60/117/1 59/116/1
f 218/118/1 220/46/1 219/119/1
f 218/118/1 118/43/1 220/46/1
f 217/120/1 118/43/1 218/118/1
f 217/120/1 119/121/1 118/43/1
f 216/122/1 119/121/1 217/120/1
f 216/122/1 120/123/1 119/121/1
f 215/124/1 120/123/1 216/122/1
f 215/124/1 121/125/1 120/123/1
f 214/126/1 121/125/1 215/124/1
f 214/126/1 122/127/1 121/125/1
f 213/128/1 122/127/1 214/126/1
f 213/128/1 123/129/1 122/127/1
f 212/130/1 123/129/1 213/128/1
f 212/130/1 124/131/1 123/129/1
f 211/132/1 124/131/1 212/130/1
f 211/132/1 125/133/1 124/131/1
f 210/134/1 125/133/1 211/132/1
f 210/134/1 126/135/1 125/133/1
f 209/136/1 126/135/1 210/134/1
f 209/136/1 127/137/1 126/135/1
f 208/138/1 127/137/1 209/136/1
f 208/138/1 128/139/1 127/137/1
f 207/140/1 128/139/1 208/138/1
f 207/140/1 129/141/1 128/139/1
f 205/142/1 207/140/1 206/143/1
f 205/142/1 129/141/1 207/140/1
f 205/142/1 130/144/1 129/141/1
f 205/142/1 131/145/1 130/144/1
f 204/146/3 131/145/1 205/142/1
f 203/147/1 132/148/1 204/146/3
f 132/148/1 131/145/1 204/146/3
f 203/147/1 133/149/1 132/148/1
f 202/150/1 133/149/1 203/147/1
f 202/150/1 168/151/1 133/149/1
f 168/151/1 134/152/1 133/149/1
f 202/150/1 169/116/1 168/151/1
f 167/153/1 134/152/1 168/151/1
f 201/154/1 169/116/1 202/150/1
f 167/153/1 135/155/1 134/152/1
f 201/154/1 170/156/1 169/116/1
f 166/157/1 135/155/1 167/153/1
f 200/158/1 170/156/1 201/154/1
f 166/157/1 136/159/1 135/155/1
f 200/158/1 171/160/1 170/156/1
f 165/161/1 136/159/1 166/157/1
f 199/162/1 171/160/1 200/158/1
f 165/161/1 137/163/1 136/159/1
f 199/162/1 172/164/1 171/160/1
f 164/165/1 137/163/1 165/161/1
f 198/166/1 172/164/1 199/162/1
f 164/165/1 138/167/1 137/163/1
f 198/166/1 173/168/1 172/164/1
f 197/169/1 173/168/1 198/166/1
f 163/170/1 138/167/1 164/165/1
f 163/170/1 139/171/1 138/167/1
f 197/169/1 174/172/1 173/168/1
f 196/173/1 174/172/1 197/169/1
f 162/174/1 139/171/1 163/170/1
f 162/174/1 140/175/1 139/171/1
f 196/173/1 175/176/1 174/172/1
f 195/177/1 175/176/1 196/173/1
f 161/178/1 140/175/1 162/174/1
f 161/178/1 141/179/1 140/175/1
f 195/177/1 176/180/1 175/176/1
f 194/181/1 176/180/1 195/177/1
f 161/178/1 142/182/1 141/179/1
f 160/183/1 142/182/1 161/178/1
f 193/184/1 176/180/1 194/181/1
f 193/184/1 177/185/1 176/180/1
f 160/183/1 143/186/1 142/182/1
f 159/187/1 143/186/1 160/183/1
f 159/187/1 144/188/1 143/186/1
f 192/189/1 177/185/1 193/184/1
f 192/189/1 178/190/1 177/185/1
f 158/191/1 144/188/1 159/187/1
f 158/191/1 145/192/1 144/188/1
f 191/193/1 178/190/1 192/189/1
f 158/191/1 146/194/1 145/192/1
f 191/193/1 179/195/1 178/190/1
f 158/191/1 147/196/1 146/194/1
f 190/197/2 179/195/1 191/193/1
f 158/191/1 148/198/1 147/196/1
f 189/199/8 179/195/1 190/197/2
f 157/200/1 148/198/1 158/191/1
f 157/200/1 149/201/8 148/198/1
f 188/202/2 179/195/1 189/199/8
f 157/200/1 150/203/2 149/201/8
f 187/204/1 179/195/1 188/202/2
f 186/205/1 179/195/1 187/204/1
f 157/200/1 151/206/1 150/203/2
f 185/207/1 179/195/1 186/205/1
f 157/200/1 152/208/1 151/206/1
f 185/207/1 184/209/1 179/195/1
f 184/209/1 183/210/1 179/195/1
f 183/210/1 182/211/1 179/195/1
f 182/211/1 181/212/1 179/195/1
f 181/212/1 180/213/1 179/195/1
f 157/200/1 153/214/1 152/208/1
f 156/215/1 155/216/1 157/200/1
f 155/216/1 154/217/1 157/200/1
f 154/217/1 153/214/1 157/200/1
f 495/218/1 497/219/1 496/220/1
f 495/218/1 498/221/1 497/219/1
f 495/218/1 499/222/1 498/221/1
f 494/223/1 499/222/1 495/218/1
f 494/223/1 500/224/1 499/222/1
f 469/225/1 471/226/2 470/227/1
f 494/223/1 501/228/1 500/224/1
f 493/229/1 501/228/1 494/223/1
f 469/225/1 472/230/1 471/226/2
f 492/231/1 501/228/1 493/229/1
f 492/231/1 502/232/1 501/228/1
f 469/225/1 473/233/1 472/230/1
f 468/234/1 473/233/1 469/225/1
f 491/235/1 502/232/1 492/231/1
f 491/235/1 503/236/1 502/232/1
f 468/234/1 474/237/1 473/233/1
f 490/238/1 503/236/1 491/235/1
f 490/238/1 504/239/1 503/236/1
f 468/234/1 475/240/1 474/237/1
f 467/241/1 475/240/1 468/234/1
f 489/242/1 504/239/1 490/238/1
f 489/242/1 505/243/1 504/239/1
f 466/244/1 475/240/1 467/241/1
f 466/244/1 476/245/1 475/240/1
f 488/246/1 505/243/1 489/242/1
f 488/246/1 506/247/1 505/243/1
f 465/248/1 476/245/1 466/244/1
f 465/248/1 477/249/1 476/245/1
f 487/250/1 506/247/1 488/246/1
f 487/250/1 507/251/1 506/247/1
f 464/252/1 477/249/1 465/248/1
f 464/252/1 478/253/1 477/249/1
f 486/254/1 507/251/1 487/250/1
f 486/254/1 508/46/1 507/251/1
f 463/255/1 478/253/1 464/252/1
f 463/255/1 479/256/1 478/253/1
f 485/257/1 508/46/1 486/254/1
f 462/258/1 479/256/1 463/255/1
f 462/258/1 480/259/1 479/256/1
f 485/257/1 484/260/1 508/46/1
f 484/260/1 483/261/1 508/46/1
f 461/262/1 480/259/1 462/258/1
f 461/262/1 481/263/1 480/259/1
f 460/264/1 481/263/1 461/262/1
f 460/264/1 482/265/1 481/263/1
f 459/266/1 482/265/1 460/264/1
f 443/267/1 445/268/1 444/269/1
f 459/266/1 458/270/1 482/265/1
f 458/270/1 457/271/1 482/265/1
f 443/267/1 446/272/1 445/268/1
f 442/273/1 446/272/1 443/267/1
f 442/273/1 447/274/1 446/272/1
f 441/275/1 447/274/1 442/273/1
f 441/275/1 448/276/1 447/274/1
f 440/277/1 448/276/1 441/275/1
f 440/277/1 449/278/1 448/276/1
f 439/279/1 449/278/1 440/277/1
f 439/279/1 450/280/1 449/278/1
f 438/281/1 450/280/1 439/279/1
f 438/281/1 451/282/1 450/280/1
f 437/283/1 451/282/1 438/281/1
f 437/283/1 452/284/1 451/282/1
f 436/285/1 452/284/1 437/283/1
f 436/285/1 453/286/1 452/284/1
f 435/287/1 453/286/1 436/285/1
f 435/287/1 454/288/1 453/286/1
f 434/289/1 454/288/1 435/287/1
f 434/289/1 455/290/1 454/288/1
f 433/291/1 455/290/1 434/289/1
f 433/291/1 456/292/1 455/290/1
f 432/293/1 456/292/1 433/291/1
f 432/293/1 431/294/1 456/292/1
f 243/295/1 245/296/1 244/297/1
f 243/295/1 246/298/1 245/296/1
f 243/295/1 247/299/1 246/298/1
f 242/300/1 247/299/1 243/295/1
f 242/300/1 248/301/1 247/299/1
f 242/300/1 249/302/1 248/301/1
f 242/300/1 250/303/2 249/302/1
f 241/304/1 250/303/2 242/300/1
f 241/304/1 251/305/1 250/303/2
f 241/304/1 252/306/1 251/305/1
f 241/304/1 253/307/1 252/306/1
f 241/304/1 254/308/2 253/307/1
f 240/309/1 254/308/2 241/304/1
f 240/309/1 255/310/1 254/308/2
f 240/309/1 256/311/8 255/310/1
f 240/309/1 257/312/1 256/311/8
f 239/313/1 257/312/1 240/309/1
f 239/313/1 258/314/10 257/312/1
f 238/315/1 258/314/10 239/313/1
f 237/316/1 258/314/10 238/315/1
f 236/317/1 258/314/10 237/316/1
f 235/318/1 258/314/10 236/317/1
f 234/319/1 258/314/10 235/318/1
f 233/320/1 258/314/10 234/319/1
f 269/321/2 271/322/8 270/323/1
f 268/324/1 271/322/8 269/321/2
f 267/325/2 271/322/8 268/324/1
f 266/326/1 271/322/8 267/325/2
f 266/326/1 272/327/8 271/322/8
f 265/328/12 272/327/8 266/326/1
f 264/329/1 272/327/8 265/328/12
f 263/330/1 272/327/8 264/329/1
f 262/331/12 272/327/8 263/330/1
f 262/331/12 273/332/1 272/327/8
f 261/333/2 273/332/1 262/331/12
f 232/334/1 259/335/1 233/320/1
f 259/335/1 258/314/10 233/320/1
f 260/336/13 273/332/1 261/333/2
f 259/335/1 273/332/1 260/336/13
f 232/334/1 273/332/1 259/335/1
f 232/334/1 274/337/1 273/332/1
f 232/334/1 275/338/1 274/337/1
f 231/339/12 275/338/1 232/334/1
f 230/340/12 275/338/1 231/339/12
f 229/341/1 275/338/1 230/340/12
f 228/342/1 275/338/1 229/341/1
f 227/343/1 275/338/1 228/342/1
f 226/344/1 275/338/1 227/343/1
f 225/345/12 275/338/1 226/344/1
f 224/346/12 275/338/1 225/345/12
f 223/347/1 275/338/1 224/346/12
f 222/348/9 275/338/1 223/347/1
f 222/348/9 276/349/1 275/338/1
f 221/43/2 276/349/1 222/348/9
f 417/350/1 419/351/1 418/352/3
f 430/353/12 276/349/1 221/43/2
f 429/354/2 276/349/1 430/353/12
f 417/350/1 420/355/1 419/351/1
f 428/356/1 276/349/1 429/354/2
f 417/350/1 421/357/1 420/355/1
f 427/358/1 276/349/1 428/356/1
f 417/350/1 422/359/1 421/357/1
f 426/360/1 276/349/1 427/358/1
f 417/350/1 423/361/1 422/359/1
f 425/362/2 276/349/1 426/360/1
f 417/350/1 424/363/1 423/361/1
f 424/363/1 276/349/1 425/362/2
f 417/350/1 276/349/1 424/363/1
f 417/350/1 416/364/1 276/349/1
f 416/364/1 415/365/8 276/349/1
f 415/365/8 277/366/1 276/349/1
f 415/365/8 414/367/1 277/366/1
f 414/367/1 413/368/1 277/366/1
f 413/368/1 412/369/1 277/366/1
f 412/369/1 411/370/14 277/366/1
f 411/370/14 410/371/1 277/366/1
f 410/371/1 405/372/12 277/366/1
f 405/372/12 404/373/8 277/366/1
f 404/373/8 278/374/1 277/366/1
f 404/373/8 379/375/1 278/374/1
f 379/375/1 378/376/1 278/374/1
f 378/376/1 377/377/1 278/374/1
f 377/377/1 376/378/1 278/374/1
f 376/378/1 375/379/1 278/374/1
f 375/379/1 374/380/1 278/374/1
f 374/380/1 373/381/1 278/374/1
f 373/381/1 372/382/1 278/374/1
f 372/382/1 371/383/2 278/374/1
f 371/383/2 370/384/1 278/374/1
f 370/384/1 369/385/1 278/374/1
f 369/385/1 368/386/12 278/374/1
f 368/386/12 367/387/8 278/374/1
f 367/387/8 279/388/1 278/374/1
f 366/389/1 279/388/1 367/387/8
f 365/390/12 279/388/1 366/389/1
f 365/390/12 280/391/1 279/388/1
f 364/392/8 280/391/1 365/390/12
f 363/393/1 280/391/1 364/392/8
f 404/373/8 380/394/1 379/375/1
f 362/395/1 280/391/1 363/393/1
f 361/396/1 280/391/1 362/395/1
f 403/397/1 380/394/1 404/373/8
f 360/398/1 280/391/1 361/396/1
f 359/399/1 280/391/1 360/398/1
f 359/399/1 281/400/1 280/391/1
f 410/371/1 409/401/15 405/372/12
f 409/401/15 406/402/3 405/372/12
f 409/401/15 407/403/16 406/402/3
f 409/401/15 408/404/17 407/403/16
f 358/405/1 281/400/1 359/399/1
f 403/397/1 381/406/1 380/394/1
f 402/407/1 381/406/1 403/397/1
f 357/408/1 281/400/1 358/405/1
f 357/408/1 282/409/1 281/400/1
f 356/410/1 282/409/1 357/408/1
f 401/411/1 381/406/1 402/407/1
f 401/411/1 382/412/1 381/406/1
f 355/413/1 282/409/1 356/410/1
f 355/413/1 283/414/1 282/409/1
f 354/415/1 283/414/1 355/413/1
f 400/416/1 382/412/1 401/411/1
f 354/415/1 284/417/1 283/414/1
f 400/416/1 383/418/1 382/412/1
f 353/419/1 284/417/1 354/415/1
f 353/419/1 285/420/1 284/417/1
f 352/421/1 285/420/1 353/419/1
f 399/422/1 383/418/1 400/416/1
f 399/422/1 384/423/1 383/418/1
f 351/424/1 285/420/1 352/421/1
f 351/424/1 286/425/1 285/420/1
f 398/426/1 384/423/1 399/422/1
f 350/427/1 286/425/1 351/424/1
f 398/426/1 385/428/1 384/423/1
f 350/427/1 287/429/1 286/425/1
f 349/430/1 287/429/1 350/427/1
f 397/431/1 385/428/1 398/426/1
f 349/430/1 288/432/1 287/429/1
f 397/431/1 386/433/1 385/428/1
f 348/434/1 288/432/1 349/430/1
f 348/434/1 289/435/1 288/432/1
f 347/436/1 289/435/1 348/434/1
f 396/437/1 386/433/1 397/431/1
f 396/437/1 387/438/1 386/433/1
f 347/436/1 290/439/1 289/435/1
f 346/440/1 290/439/1 347/436/1
f 395/441/1 387/438/1 396/437/1
f 345/442/1 290/439/1 346/440/1
f 345/442/1 291/443/1 290/439/1
f 395/441/1 388/444/1 387/438/1
f 344/445/1 291/443/1 345/442/1
f 344/445/1 292/446/1 291/443/1
f 394/447/1 388/444/1 395/441/1
f 343/448/1 292/446/1 344/445/1
f 342/449/1 292/446/1 343/448/1
f 394/447/1 389/450/1 388/444/1
f 342/449/1 293/451/1 292/446/1
f 341/452/1 293/451/1 342/449/1
f 340/453/2 293/451/1 341/452/1
f 318/454/1 320/455/1 319/456/1
f 393/457/1 389/450/1 394/447/1
f 339/458/1 293/451/1 340/453/2
f 318/454/1 321/459/1 320/455/1
f 338/460/1 293/451/1 339/458/1
f 318/454/1 322/461/1 321/459/1
f 338/460/1 294/462/1 293/451/1
f 337/463/1 294/462/1 338/460/1
f 318/454/1 323/464/1 322/461/1
f 318/454/1 324/465/1 323/464/1
f 336/466/8 294/462/1 337/463/1
f 318/454/1 325/467/1 324/465/1
f 335/468/8 294/462/1 336/466/8
f 318/454/1 326/469/1 325/467/1
f 318/454/1 327/470/1 326/469/1
f 334/471/8 294/462/1 335/468/8
f 318/454/1 328/472/1 327/470/1
f 333/473/10 294/462/1 334/471/8
f 318/454/1 329/474/11 328/472/1
f 332/475/8 294/462/1 333/473/10
f 318/454/1 330/476/1 329/474/11
f 331/477/1 294/462/1 332/475/8
f 318/454/1 331/477/1 330/476/1
f 318/454/1 294/462/1 331/477/1
f 393/457/1 390/478/1 389/450/1
f 318/454/1 295/479/1 294/462/1
f 392/480/1 390/478/1 393/457/1
f 318/454/1 296/481/1 295/479/1
f 318/454/1 297/482/1 296/481/1
f 392/480/1 391/483/1 390/478/1
f 318/454/1 298/484/1 297/482/1
f 318/454/1 299/485/1 298/484/1
f 318/454/1 300/486/1 299/485/1
f 318/454/1 301/487/1 300/486/1
f 317/488/8 301/487/1 318/454/1
f 316/489/10 301/487/1 317/488/8
f 316/489/10 302/490/1 301/487/1
f 315/491/1 302/490/1 316/489/10
f 314/492/2 302/490/1 315/491/1
f 313/493/1 302/490/1 314/492/2
f 313/493/1 303/494/8 302/490/1
f 312/495/12 303/494/8 313/493/1
f 311/496/2 303/494/8 312/495/12
f 311/496/2 304/497/10 303/494/8
f 310/498/2 304/497/10 311/496/2
f 309/499/13 304/497/10 310/498/2
f 309/499/13 305/500/8 304/497/10
f 308/501/8 305/500/8 309/499/13
f 307/502/8 305/500/8 308/501/8
f 307/502/8 306/503/1 305/500/8
f 642/504/1 644/505/1 643/506/1
f 642/504/1 645/507/1 644/505/1
f 641/508/1 645/507/1 642/504/1
f 641/508/1 646/509/1 645/507/1
f 640/510/1 646/509/1 641/508/1
f 640/510/1 647/511/1 646/509/1
f 639/512/1 647/511/1 640/510/1
f 531/513/1 533/514/1 532/515/1
f 639/512/1 648/516/1 647/511/1
f 530/517/1 533/514/1 531/513/1
f 529/518/3 533/514/1 530/517/1
f 528/519/1 533/514/1 529/518/3
f 527/520/1 533/514/1 528/519/1
f 638/521/1 648/516/1 639/512/1
f 526/522/1 533/514/1 527/520/1
f 525/523/1 533/514/1 526/522/1
f 524/524/1 533/514/1 525/523/1
f 638/521/1 649/525/1 648/516/1
f 523/526/1 533/514/1 524/524/1
f 522/527/1 533/514/1 523/526/1
f 521/528/1 533/514/1 522/527/1
f 520/529/1 533/514/1 521/528/1
f 637/530/1 649/525/1 638/521/1
f 519/531/1 533/514/1 520/529/1
f 637/530/1 650/532/1 649/525/1
f 518/533/1 533/514/1 519/531/1
f 517/534/1 533/514/1 518/533/1
f 636/535/1 650/532/1 637/530/1
f 516/536/1 533/514/1 517/534/1
f 636/535/1 651/537/1 650/532/1
f 516/536/1 534/538/1 533/514/1
f 515/539/1 534/538/1 516/536/1
f 515/539/1 535/540/2 534/538/1
f 514/541/1 535/540/2 515/539/1
f 514/541/1 536/542/1 535/540/2
f 514/541/1 537/543/8 536/542/1
f 635/544/1 651/537/1 636/535/1
f 514/541/1 538/545/1 537/543/8
f 635/544/1 652/546/1 651/537/1
f 514/541/1 539/547/8 538/545/1
f 513/548/1 539/547/8 514/541/1
f 513/548/1 540/549/12 539/547/8
f 513/548/1 541/550/1 540/549/12
f 513/548/1 542/551/8 541/550/1
f 512/552/1 542/551/8 513/548/1
f 512/552/1 543/553/8 542/551/8
f 512/552/1 544/554/2 543/553/8
f 634/555/1 652/546/1 635/544/1
f 512/552/1 545/556/1 544/554/2
f 634/555/1 653/557/1 652/546/1
f 512/552/1 546/558/1 545/556/1
f 511/559/1 546/558/1 512/552/1
f 511/559/1 547/560/1 546/558/1
f 510/561/1 547/560/1 511/559/1
f 634/555/1 654/562/1 653/557/1
f 510/561/1 548/563/2 547/560/1
f 633/564/1 654/562/1 634/555/1
f 509/43/1 548/563/2 510/561/1
f 509/43/1 549/565/1 548/563/2
f 633/564/1 655/46/1 654/562/1
f 655/46/1 549/565/1 509/43/1
f 655/46/1 550/566/1 549/565/1
f 632/567/1 655/46/1 633/564/1
f 632/567/1 550/566/1 655/46/1
f 632/567/1 551/568/1 550/566/1
f 631/569/1 551/568/1 632/567/1
f 631/569/1 552/570/1 551/568/1
f 631/569/1 553/571/1 552/570/1
f 630/572/1 553/571/1 631/569/1
f 630/572/1 554/573/1 553/571/1
f 629/574/1 554/573/1 630/572/1
f 629/574/1 555/575/1 554/573/1
f 628/576/1 555/575/1 629/574/1
f 628/576/1 556/577/1 555/575/1
f 627/578/1 556/577/1 628/576/1
f 627/578/1 557/579/1 556/577/1
f 626/580/1 557/579/1 627/578/1
f 626/580/1 558/581/1 557/579/1
f 625/582/1 558/581/1 626/580/1
f 625/582/1 559/583/1 558/581/1
f 625/582/1 560/584/1 559/583/1
f 624/585/1 560/584/1 625/582/1
f 624/585/1 561/586/1 560/584/1
f 623/587/1 561/586/1 624/585/1
f 623/587/1 562/588/1 561/586/1
f 623/587/1 563/589/1 562/588/1
f 622/590/1 563/589/1 623/587/1
f 622/590/1 564/591/1 563/589/1
f 621/592/1 564/591/1 622/590/1
f 621/592/1 565/593/1 564/591/1
f 621/592/1 566/594/1 565/593/1
f 620/595/1 566/594/1 621/592/1
f 620/595/1 567/596/1 566/594/1
f 619/597/1 567/596/1 620/595/1
f 619/597/1 568/598/1 567/596/1
f 619/597/1 569/599/1 568/598/1
f 618/600/1 569/599/1 619/597/1
f 618/600/1 570/601/1 569/599/1
f 617/602/1 570/601/1 618/600/1
f 617/602/1 571/603/1 570/601/1
f 617/602/1 572/604/1 571/603/1
f 616/605/1 572/604/1 617/602/1
f 616/605/1 573/606/1 572/604/1
f 616/605/1 574/607/1 573/606/1
f 616/605/1 575/608/1 574/607/1
f 615/609/1 575/608/1 616/605/1
f 592/610/1 594/611/1 593/612/1
f 615/609/1 576/613/1 575/608/1
f 591/614/1 594/611/1 592/610/1
f 615/609/1 577/615/2 576/613/1
f 590/616/1 594/611/1 591/614/1
f 589/617/1 594/611/1 590/616/1
f 588/618/1 594/611/1 589/617/1
f 615/609/1 578/619/1 577/615/2
f 614/620/1 578/619/1 615/609/1
f 587/621/1 594/611/1 588/618/1
f 586/622/1 594/611/1 587/621/1
f 614/620/1 579/623/8 578/619/1
f 585/624/1 594/611/1 586/622/1
f 584/625/1 594/611/1 585/624/1
f 614/620/1 580/626/9 579/623/8
f 583/627/1 594/611/1 584/625/1
f 582/116/1 594/611/1 583/627/1
f 614/620/1 581/628/1 580/626/9
f 581/628/1 594/611/1 582/116/1
f 614/620/1 594/611/1 581/628/1
f 613/629/1 594/611/1 614/620/1
f 612/630/1 594/611/1 613/629/1
f 611/631/1 594/611/1 612/630/1
f 610/632/1 594/611/1 611/631/1
f 610/632/1 595/633/1 594/611/1
f 610/632/1 596/634/2 595/633/1
f 609/635/1 596/634/2 610/632/1
f 609/635/1 597/636/10 596/634/2
f 609/635/1 598/637/12 597/636/10
f 609/635/1 599/638/1 598/637/12
f 608/639/1 599/638/1 609/635/1
f 608/639/1 600/640/2 599/638/1
f 608/639/1 601/641/8 600/640/2
f 608/639/1 602/642/1 601/641/8
f 607/643/10 602/642/1 608/639/1
f 607/643/10 603/644/10 602/642/1
f 607/643/10 604/645/1 603/644/10
f 606/646/1 604/645/1 607/643/10
f 606/646/1 605/647/1 604/645/1
f 740/350/1 742/648/1 741/649/1
f 766/650/1 768/651/1 767/259/1
f 739/652/1 742/648/1 740/350/1
f 766/650/1 769/653/1 768/651/1
f 738/205/1 742/648/1 739/652/1
f 766/650/1 770/250/1 769/653/1
f 737/371/1 742/648/1 738/205/1
f 736/654/1 742/648/1 737/371/1
f 766/650/1 771/655/1 770/250/1
f 735/656/1 742/648/1 736/654/1
f 766/650/1 772/657/1 771/655/1
f 734/397/1 742/648/1 735/656/1
f 766/650/1 773/223/1 772/657/1
f 733/658/1 742/648/1 734/397/1
f 766/650/1 774/659/1 773/223/1
f 766/650/1 775/660/1 774/659/1
f 732/661/1 742/648/1 733/658/1
f 766/650/1 776/228/1 775/660/1
f 731/437/2 742/648/1 732/661/1
f 766/650/1 777/662/11 776/228/1
f 730/663/1 742/648/1 731/437/2
f 766/650/1 778/664/2 777/662/11
f 779/46/1 742/648/1 730/663/1
f 766/650/1 779/46/1 778/664/2
f 766/650/1 742/648/1 779/46/1
f 766/650/1 743/363/12 742/648/1
f 765/665/9 743/363/12 766/650/1
f 765/665/9 744/666/8 743/363/12
f 764/233/1 744/666/8 765/665/9
f 764/233/1 745/667/12 744/666/8
f 763/668/1 745/667/12 764/233/1
f 763/668/1 746/294/13 745/667/12
f 762/669/13 746/294/13 763/668/1
f 762/669/13 747/670/8 746/294/13
f 761/244/1 747/670/8 762/669/13
f 761/244/1 748/671/2 747/670/8
f 760/672/8 748/671/2 761/244/1
f 760/672/8 749/281/10 748/671/2
f 759/673/18 749/281/10 760/672/8
f 759/673/18 750/674/2 749/281/10
f 758/266/2 750/674/2 759/673/18
f 758/266/2 751/675/18 750/674/2
f 757/676/2 751/675/18 758/266/2
f 757/676/2 752/268/2 751/675/18
f 756/677/1 752/268/2 757/676/2
f 756/677/1 753/678/1 752/268/2
f 755/284/10 753/678/1 756/677/1
f 755/284/10 754/679/8 753/678/1
f 715/680/1 717/681/1 716/396/1
f 715/680/1 718/682/1 717/681/1
f 714/683/1 718/682/1 715/680/1
f 713/415/1 718/682/1 714/683/1
f 713/415/1 719/386/1 718/682/1
f 712/684/1 719/386/1 713/415/1
f 712/684/1 720/685/1 719/386/1
f 712/684/1 721/686/2 720/685/1
f 711/687/1 721/686/2 712/684/1
f 711/687/1 722/379/1 721/686/2
f 710/436/1 722/379/1 711/687/1
f 710/436/1 723/688/1 722/379/1
f 709/689/1 723/688/1 710/436/1
f 709/689/1 724/690/1 723/688/1
f 708/691/1 724/690/1 709/689/1
f 708/691/1 725/412/1 724/690/1
f 708/691/1 726/692/1 725/412/1
f 707/453/1 726/692/1 708/691/1
f 707/453/1 727/693/1 726/692/1
f 706/694/1 727/693/1 707/453/1
f 706/694/1 728/450/1 727/693/1
f 706/694/1 729/695/1 728/450/1
f 705/696/1 729/695/1 706/694/1
f 705/696/1 656/43/1 729/695/1
f 704/473/1 656/43/1 705/696/1
f 704/473/1 657/697/1 656/43/1
f 703/698/1 657/697/1 704/473/1
f 703/698/1 658/699/1 657/697/1
f 703/698/1 659/342/1 658/699/1
f 702/700/1 659/342/1 703/698/1
f 702/700/1 660/701/1 659/342/1
f 702/700/1 661/702/1 660/701/1
f 678/703/1 680/366/1 679/704/1
f 701/469/1 661/702/1 702/700/1
f 701/469/1 662/318/1 661/702/1
f 677/323/1 680/366/1 678/703/1
f 676/705/1 680/366/1 677/323/1
f 701/469/1 663/706/1 662/318/1
f 675/707/1 680/366/1 676/705/1
f 674/330/1 680/366/1 675/707/1
f 701/469/1 664/708/1 663/706/1
f 673/709/1 680/366/1 674/330/1
f 700/710/1 664/708/1 701/469/1
f 672/711/1 680/366/1 673/709/1
f 700/710/1 665/300/1 664/708/1
f 671/311/2 680/366/1 672/711/1
f 670/712/8 680/366/1 671/311/2
f 700/710/1 666/713/19 665/300/1
f 669/714/2 680/366/1 670/712/8
f 668/302/12 680/366/1 669/714/2
f 700/710/1 667/715/1 666/713/19
f 667/715/1 680/366/1 668/302/12
f 700/710/1 680/366/1 667/715/1
f 699/716/1 680/366/1 700/710/1
f 698/456/1 680/366/1 699/716/1
f 697/208/1 680/366/1 698/456/1
f 697/208/1 681/717/1 680/366/1
f 696/718/1 681/717/1 697/208/1
f 696/718/1 682/719/2 681/717/1
f 696/718/1 683/417/1 682/719/2
f 695/495/2 683/417/1 696/718/1
f 695/495/2 684/720/1 683/417/1
f 695/495/2 685/721/2 684/720/1
f 695/495/2 686/443/8 685/721/2
f 694/722/8 686/443/8 695/495/2
f 694/722/8 687/723/2 686/443/8
f 694/722/8 688/724/2 687/723/2
f 693/725/8 688/724/2 694/722/8
f 693/725/8 689/484/1 688/724/2
f 693/725/8 690/726/1 689/484/1
f 692/500/10 690/726/1 693/725/8
f 692/500/10 691/727/8 690/726/1
f 850/728/20 852/729/1 851/730/8
f 849/731/21 852/729/1 850/728/20
f 848/732/8 852/729/1 849/731/21
f 847/733/20 852/729/1 848/732/8
f 846/734/1 852/729/1 847/733/20
f 845/735/21 852/729/1 846/734/1
f 844/736/1 852/729/1 845/735/21
f 843/737/1 852/729/1 844/736/1
f 842/738/1 852/729/1 843/737/1
f 841/739/1 852/729/1 842/738/1
f 840/740/21 852/729/1 841/739/1
f 839/741/1 852/729/1 840/740/21
f 838/742/1 852/729/1 839/741/1
f 837/743/1 852/729/1 838/742/1
f 836/744/1 852/729/1 837/743/1
f 835/745/1 852/729/1 836/744/1
f 834/746/2 852/729/1 835/745/1
f 833/747/1 852/729/1 834/746/2
f 1033/748/1 1035/749/1 1034/750/1
f 832/751/8 852/729/1 833/747/1
f 831/752/2 852/729/1 832/751/8
f 1033/748/1 1036/753/1 1035/749/1
f 1033/748/1 1037/754/1 1036/753/1
f 830/755/10 852/729/1 831/752/2
f 1033/748/1 1038/756/3 1037/754/1
f 1033/748/1 1039/757/1 1038/756/3
f 829/758/2 852/729/1 830/755/10
f 1033/748/1 1040/759/1 1039/757/1
f 1033/748/1 1041/760/3 1040/759/1
f 828/761/2 852/729/1 829/758/2
f 1033/748/1 1042/762/1 1041/760/3
f 1033/748/1 1043/763/1 1042/762/1
f 1033/748/1 1044/764/1 1043/763/1
f 1046/46/1 852/729/1 828/761/2
f 1033/748/1 1045/765/1 1044/764/1
f 1033/748/1 1046/46/1 1045/765/1
f 1033/748/1 1032/766/1 1046/46/1
f 1032/766/1 1031/767/1 1046/46/1
f 1031/767/1 1030/768/3 1046/46/1
f 1030/768/3 1029/769/1 1046/46/1
f 1029/769/1 1028/770/21 1046/46/1
f 1028/770/21 852/729/1 1046/46/1
f 1028/770/21 1027/771/1 852/729/1
f 1027/771/1 1026/772/1 852/729/1
f 1026/772/1 1025/773/1 852/729/1
f 1025/773/1 853/774/1 852/729/1
f 1025/773/1 1024/775/1 853/774/1
f 1024/775/1 854/776/8 853/774/1
f 1024/775/1 1008/241/9 854/776/8
f 1008/241/9 855/777/2 854/776/8
f 1008/241/9 856/494/2 855/777/2
f 1008/241/9 857/778/8 856/494/2
f 1008/241/9 858/779/8 857/778/8
f 1024/775/1 1023/780/7 1008/241/9
f 1023/780/7 1022/781/1 1008/241/9
f 1022/781/1 1020/782/1 1008/241/9
f 1020/782/1 1019/783/2 1008/241/9
f 1019/783/2 1018/784/8 1008/241/9
f 1018/784/8 1017/785/1 1008/241/9
f 1017/785/1 1016/786/1 1008/241/9
f 1016/786/1 1015/787/1 1008/241/9
f 1015/787/1 1014/788/12 1008/241/9
f 1014/788/12 1013/789/1 1008/241/9
f 1013/789/1 1012/790/2 1008/241/9
f 1012/790/2 1011/791/1 1008/241/9
f 1011/791/1 1007/792/14 1008/241/9
f 1009/793/1 1010/794/18 1008/241/9
f 1010/794/18 858/779/8 1008/241/9
f 1010/794/18 859/795/1 858/779/8
f 1010/794/18 860/796/1 859/795/1
f 1011/791/2 860/796/1 1010/794/18
f 1007/792/1 860/796/1 1011/791/2
f 1007/792/1 861/797/2 860/796/1
f 1007/792/1 862/798/8 861/797/2
f 1006/799/1 862/798/8 1007/792/1
f 1006/799/1 863/800/12 862/798/8
f 1006/799/1 864/801/8 863/800/12
f 1022/781/1 1021/802/1 1020/782/1
f 1006/799/1 865/803/1 864/801/8
f 1005/804/1 865/803/1 1006/799/1
f 1005/804/1 866/805/1 865/803/1
f 1005/804/1 867/806/1 866/805/1
f 1004/807/1 867/806/1 1005/804/1
f 1004/807/1 868/808/1 867/806/1
f 1003/809/1 868/808/1 1004/807/1
f 1003/809/1 869/810/1 868/808/1
f 1002/811/1 869/810/1 1003/809/1
f 1002/811/1 870/812/1 869/810/1
f 1001/813/1 870/812/1 1002/811/1
f 1001/813/1 871/814/1 870/812/1
f 1000/815/1 871/814/1 1001/813/1
f 999/816/1 871/814/1 1000/815/1
f 999/816/1 872/817/1 871/814/1
f 998/818/1 872/817/1 999/816/1
f 998/818/1 873/819/1 872/817/1
f 997/820/1 873/819/1 998/818/1
f 996/821/1 873/819/1 997/820/1
f 996/821/1 874/822/1 873/819/1
f 995/823/1 874/822/1 996/821/1
f 887/824/2 889/825/8 888/826/1
f 886/827/10 889/825/8 887/824/2
f 885/828/12 889/825/8 886/827/10
f 884/829/8 889/825/8 885/828/12
f 883/830/9 889/825/8 884/829/8
f 883/830/9 890/831/1 889/825/8
f 995/823/1 879/832/1 874/822/1
f 879/832/1 875/833/1 874/822/1
f 882/834/22 890/831/1 883/830/9
f 881/835/13 890/831/1 882/834/22
f 877/836/2 878/837/1 876/838/1
f 878/837/1 879/832/11 876/838/1
f 879/832/11 875/833/1 876/838/1
f 880/839/2 890/831/1 881/835/13
f 880/839/2 891/840/1 890/831/1
f 879/832/1 891/840/1 880/839/2
f 994/841/1 879/832/1 995/823/1
f 994/841/1 891/840/1 879/832/1
f 994/841/1 892/842/1 891/840/1
f 993/843/1 892/842/1 994/841/1
f 993/843/1 893/844/1 892/842/1
f 992/845/1 893/844/1 993/843/1
f 992/845/1 894/445/1 893/844/1
f 991/846/1 894/445/1 992/845/1
f 991/846/1 972/847/1 894/445/1
f 972/847/1 895/848/1 894/445/1
f 991/846/1 973/849/8 972/847/1
f 971/850/1 895/848/1 972/847/1
f 991/846/1 974/851/1 973/849/8
f 970/360/1 895/848/1 971/850/1
f 990/852/1 974/851/1 991/846/1
f 990/852/1 975/853/8 974/851/1
f 969/854/1 895/848/1 970/360/1
f 969/854/1 896/855/1 895/848/1
f 968/856/1 896/855/1 969/854/1
f 990/852/1 976/857/1 975/853/8
f 967/858/2 896/855/1 968/856/1
f 990/852/1 977/859/1 976/857/1
f 989/860/1 977/859/1 990/852/1
f 966/861/1 896/855/1 967/858/2
f 989/860/1 978/862/1 977/859/1
f 966/861/1 897/863/1 896/855/1
f 988/864/1 978/862/1 989/860/1
f 965/865/1 897/863/1 966/861/1
f 988/864/1 979/866/1 978/862/1
f 964/867/1 897/863/1 965/865/1
f 964/867/1 898/868/1 897/863/1
f 987/869/1 979/866/1 988/864/1
f 987/869/1 980/870/1 979/866/1
f 963/871/1 898/868/1 964/867/1
f 986/872/1 980/870/1 987/869/1
f 986/872/1 981/873/1 980/870/1
f 963/871/1 899/874/1 898/868/1
f 962/875/1 899/874/1 963/871/1
f 985/876/1 981/873/1 986/872/1
f 985/876/1 982/877/1 981/873/1
f 961/878/1 899/874/1 962/875/1
f 961/878/1 900/879/1 899/874/1
f 984/880/1 983/881/1 985/876/1
f 983/881/1 982/877/1 985/876/1
f 960/882/1 900/879/1 961/878/1
f 935/883/10 937/884/2 936/885/2
f 934/886/2 937/884/2 935/883/10
f 934/886/2 938/887/1 937/884/2
f 933/888/1 938/887/1 934/886/2
f 933/888/1 939/889/8 938/887/1
f 932/428/1 939/889/8 933/888/1
f 932/428/1 940/890/1 939/889/8
f 959/891/1 900/879/1 960/882/1
f 959/891/1 901/892/1 900/879/1
f 931/893/1 940/890/1 932/428/1
f 931/893/1 941/894/1 940/890/1
f 930/895/1 941/894/1 931/893/1
f 958/896/1 901/892/1 959/891/1
f 930/895/1 942/897/1 941/894/1
f 929/898/1 942/897/1 930/895/1
f 957/899/1 901/892/1 958/896/1
f 928/900/1 942/897/1 929/898/1
f 928/900/1 943/901/1 942/897/1
f 957/899/1 902/902/1 901/892/1
f 956/903/1 902/902/1 957/899/1
f 927/904/1 827/905/1 928/900/1
f 827/905/1 943/901/1 928/900/1
f 827/905/1 826/906/1 943/901/1
f 826/906/1 944/907/1 943/901/1
f 927/904/1 780/43/12 827/905/1
f 927/904/1 781/908/2 780/43/12
f 825/909/1 944/907/1 826/906/1
f 927/904/1 782/910/1 781/908/2
f 824/911/1 944/907/1 825/909/1
f 927/904/1 783/912/2 782/910/1
f 955/913/1 902/902/1 956/903/1
f 926/914/1 783/912/2 927/904/1
f 926/914/1 784/915/1 783/912/2
f 823/916/1 944/907/1 824/911/1
f 926/914/1 785/917/1 784/915/1
f 823/916/1 945/918/1 944/907/1
f 955/913/1 903/919/1 902/902/1
f 822/920/1 945/918/1 823/916/1
f 926/914/1 786/921/1 785/917/1
f 954/922/1 903/919/1 955/913/1
f 926/914/1 787/923/1 786/921/1
f 925/924/1 787/923/1 926/914/1
f 821/925/1 945/918/1 822/920/1
f 925/924/1 788/926/8 787/923/1
f 925/924/1 789/927/1 788/926/8
f 953/928/1 903/919/1 954/922/1
f 821/925/1 946/929/1 945/918/1
f 820/930/1 946/929/1 821/925/1
f 925/924/1 790/931/1 789/927/1
f 924/932/1 790/931/1 925/924/1
f 924/932/1 791/933/1 790/931/1
f 819/934/1 946/929/1 820/930/1
f 952/935/1 903/919/1 953/928/1
f 952/935/1 904/936/1 903/919/1
f 924/932/1 792/937/1 791/933/1
f 819/934/1 947/938/1 946/929/1
f 951/939/1 904/936/1 952/935/1
f 923/940/1 792/937/1 924/932/1
f 818/331/1 947/938/1 819/934/1
f 923/940/1 793/941/1 792/937/1
f 950/942/1 904/936/1 951/939/1
f 923/940/1 794/943/1 793/941/1
f 817/944/1 947/938/1 818/331/1
f 949/945/1 904/936/1 950/942/1
f 923/940/1 795/946/1 794/943/1
f 817/944/1 948/947/1 947/938/1
f 922/948/1 795/946/1 923/940/1
f 949/945/1 905/949/1 904/936/1
f 922/948/1 796/950/1 795/946/1
f 948/947/1 905/949/1 949/945/1
f 816/951/1 948/947/1 817/944/1
f 816/951/1 905/949/1 948/947/1
f 922/948/1 797/952/1 796/950/1
f 922/948/1 798/953/1 797/952/1
f 921/954/1 798/953/1 922/948/1
f 921/954/1 799/955/2 798/953/1
f 815/956/21 814/957/1 816/951/1
f 814/957/1 905/949/1 816/951/1
f 814/957/1 906/958/1 905/949/1
f 921/954/1 800/959/8 799/955/2
f 921/954/1 801/960/12 800/959/8
f 813/961/2 906/958/1 814/957/1
f 812/962/2 906/958/1 813/961/2
f 811/963/2 906/958/1 812/962/2
f 810/964/2 906/958/1 811/963/2
f 921/954/1 802/965/2 801/960/12
f 809/966/8 906/958/1 810/964/2
f 808/967/2 906/958/1 809/966/8
f 807/968/22 906/958/1 808/967/2
f 806/969/22 906/958/1 807/968/22
f 921/954/1 803/970/8 802/965/2
f 805/971/2 906/958/1 806/969/22
f 804/972/1 906/958/1 805/971/2
f 803/970/8 906/958/1 804/972/1
f 921/954/1 906/958/1 803/970/8
f 920/973/1 906/958/1 921/954/1
f 920/973/1 907/974/1 906/958/1
f 919/975/1 907/974/1 920/973/1
f 918/976/1 907/974/1 919/975/1
f 918/976/1 908/977/1 907/974/1
f 917/978/1 908/977/1 918/976/1
f 917/978/1 909/979/1 908/977/1
f 916/980/1 909/979/1 917/978/1
f 916/980/1 910/981/8 909/979/1
f 915/982/2 910/981/8 916/980/1
f 914/983/1 910/981/8 915/982/2
f 914/983/1 911/984/1 910/981/8
f 913/116/12 911/984/1 914/983/1
f 913/116/12 912/985/12 911/984/1
f 1182/986/1 1184/987/1 1183/988/1
f 1182/986/1 1185/989/1 1184/987/1
f 1181/990/1 1185/989/1 1182/986/1
f 1181/990/1 1186/991/1 1185/989/1
f 1180/992/1 1186/991/1 1181/990/1
f 1180/992/1 1187/993/1 1186/991/1
f 1085/994/1 1087/995/1 1086/996/1
f 1179/997/1 1187/993/1 1180/992/1
f 1179/997/1 1188/998/1 1187/993/1
f 1178/999/1 1188/998/1 1179/997/1
f 1178/999/1 1189/1000/1 1188/998/1
f 1085/994/1 1088/1001/1 1087/995/1
f 1177/1002/1 1189/1000/1 1178/999/1
f 1177/1002/1 1190/1003/1 1189/1000/1
f 1085/994/1 1089/1004/1 1088/1001/1
f 1176/1005/1 1190/1003/1 1177/1002/1
f 1176/1005/1 1191/1006/1 1190/1003/1
f 1084/1007/1 1089/1004/1 1085/994/1
f 1175/1008/1 1191/1006/1 1176/1005/1
f 1084/1007/1 1090/1009/1 1089/1004/1
f 1175/1008/1 1192/1010/1 1191/1006/1
f 1174/1011/1 1192/1010/1 1175/1008/1
f 1174/1011/1 1193/1012/1 1192/1010/1
f 1059/1013/1 1061/1014/1 1060/1015/1
f 1084/1007/1 1091/1016/1 1090/1009/1
f 1173/1017/1 1193/1012/1 1174/1011/1
f 1083/1018/1 1091/1016/1 1084/1007/1
f 1173/1017/1 1194/1019/1 1193/1012/1
f 1172/1020/1 1194/1019/1 1173/1017/1
f 1172/1020/1 1195/1021/1 1194/1019/1
f 1083/1018/1 1092/1022/1 1091/1016/1
f 1082/1023/1 1092/1022/1 1083/1018/1
f 1059/1013/1 1062/1024/1 1061/1014/1
f 1171/1025/1 1195/1021/1 1172/1020/1
f 1171/1025/1 1196/46/1 1195/1021/1
f 1059/1013/1 1063/1026/1 1062/1024/1
f 1081/1027/1 1092/1022/1 1082/1023/1
f 1081/1027/1 1093/1028/1 1092/1022/1
f 1170/1029/1 1196/46/1 1171/1025/1
f 1170/1029/1 1099/1030/1 1196/46/1
f 1058/1031/1 1063/1026/1 1059/1013/1
f 1058/1031/1 1064/1032/1 1063/1026/1
f 1080/1033/1 1093/1028/1 1081/1027/1
f 1080/1033/1 1094/1034/1 1093/1028/1
f 1058/1031/1 1065/1035/1 1064/1032/1
f 1057/1036/1 1065/1035/1 1058/1031/1
f 1079/1037/1 1094/1034/1 1080/1033/1
f 1079/1037/1 1095/1038/1 1094/1034/1
f 1169/1039/1 1099/1030/1 1170/1029/1
f 1169/1039/1 1100/1040/1 1099/1030/1
f 1056/1041/1 1065/1035/1 1057/1036/1
f 1056/1041/1 1066/1042/1 1065/1035/1
f 1078/1043/1 1095/1038/1 1079/1037/1
f 1078/1043/1 1096/1044/1 1095/1038/1
f 1055/1045/1 1066/1042/1 1056/1041/1
f 1055/1045/1 1067/1046/1 1066/1042/1
f 1077/1047/1 1096/1044/1 1078/1043/1
f 1077/1047/1 1097/1048/1 1096/1044/1
f 1054/1049/1 1067/1046/1 1055/1045/1
f 1168/1050/1 1100/1040/1 1169/1039/1
f 1076/1051/1 1097/1048/1 1077/1047/1
f 1054/1049/1 1068/1052/1 1067/1046/1
f 1168/1050/1 1101/1053/1 1100/1040/1
f 1076/1051/1 1098/1054/1 1097/1048/1
f 1053/1055/1 1068/1052/1 1054/1049/1
f 1075/1056/1 1098/1054/1 1076/1051/1
f 1053/1055/1 1069/1057/1 1068/1052/1
f 1052/1058/1 1069/1057/1 1053/1055/1
f 1075/1056/1 1074/1059/1 1098/1054/1
f 1074/1059/1 1073/1060/1 1098/1054/1
f 1052/1058/1 1070/1061/1 1069/1057/1
f 1167/1062/1 1101/1053/1 1168/1050/1
f 1051/1063/1 1070/1061/1 1052/1058/1
f 1167/1062/1 1102/1064/1 1101/1053/1
f 1051/1063/1 1071/1065/1 1070/1061/1
f 1050/1066/1 1071/1065/1 1051/1063/1
f 1050/1066/1 1072/1067/1 1071/1065/1
f 1049/1068/1 1072/1067/1 1050/1066/1
f 1166/1069/1 1102/1064/1 1167/1062/1
f 1048/1070/1 1072/1067/1 1049/1068/1
f 1048/1070/1 1047/43/1 1072/1067/1
f 1166/1069/1 1103/1071/1 1102/1064/1
f 1165/1072/1 1103/1071/1 1166/1069/1
f 1165/1072/1 1104/1073/1 1103/1071/1
f 1165/1072/1 1105/1074/1 1104/1073/1
f 1164/1075/1 1105/1074/1 1165/1072/1
f 1164/1075/1 1106/1076/1 1105/1074/1
f 1163/1077/1 1106/1076/1 1164/1075/1
f 1163/1077/1 1107/1078/1 1106/1076/1
f 1162/1079/1 1107/1078/1 1163/1077/1
f 1162/1079/1 1108/1080/1 1107/1078/1
f 1161/1081/1 1108/1080/1 1162/1079/1
f 1161/1081/1 1109/1082/1 1108/1080/1
f 1133/1083/1 1135/1084/1 1134/1085/1
f 1160/1086/1 1109/1082/1 1161/1081/1
f 1160/1086/1 1110/1087/1 1109/1082/1
f 1132/1088/1 1135/1084/1 1133/1083/1
f 1159/1089/1 1110/1087/1 1160/1086/1
f 1131/1090/1 1135/1084/1 1132/1088/1
f 1159/1089/1 1111/1091/1 1110/1087/1
f 1158/1092/1 1111/1091/1 1159/1089/1
f 1131/1090/1 1136/1093/1 1135/1084/1
f 1130/1094/1 1136/1093/1 1131/1090/1
f 1158/1092/1 1112/1095/1 1111/1091/1
f 1129/1096/1 1136/1093/1 1130/1094/1
f 1129/1096/1 1137/1097/1 1136/1093/1
f 1158/1092/1 1113/1098/1 1112/1095/1
f 1157/1099/1 1113/1098/1 1158/1092/1
f 1128/1100/1 1137/1097/1 1129/1096/1
f 1157/1099/1 1114/1101/1 1113/1098/1
f 1128/1100/1 1138/1102/1 1137/1097/1
f 1127/1103/1 1138/1102/1 1128/1100/1
f 1157/1099/1 1115/1104/1 1114/1101/1
f 1156/1105/1 1115/1104/1 1157/1099/1
f 1127/1103/1 1139/1106/1 1138/1102/1
f 1126/1107/1 1139/1106/1 1127/1103/1
f 1156/1105/1 1116/1108/1 1115/1104/1
f 1156/1105/1 1117/1109/1 1116/1108/1
f 1125/1110/1 1139/1106/1 1126/1107/1
f 1155/1111/1 1117/1109/1 1156/1105/1
f 1125/1110/1 1140/1112/1 1139/1106/1
f 1155/1111/1 1118/1113/1 1117/1109/1
f 1124/1114/1 1140/1112/1 1125/1110/1
f 1155/1111/1 1119/1115/2 1118/1113/1
f 1123/1116/1 1140/1112/1 1124/1114/1
f 1155/1111/1 1120/1117/8 1119/1115/2
f 1155/1111/1 1121/1118/2 1120/1117/8
f 1122/1119/1 1140/1112/1 1123/1116/1
f 1155/1111/1 1122/1119/1 1121/1118/2
f 1155/1111/1 1140/1112/1 1122/1119/1
f 1155/1111/1 1141/1120/1 1140/1112/1
f 1154/1121/1 1141/1120/1 1155/1111/1
f 1154/1121/1 1142/1122/1 1141/1120/1
f 1153/1123/1 1142/1122/1 1154/1121/1
f 1153/1123/1 1143/1124/1 1142/1122/1
f 1152/1125/1 1143/1124/1 1153/1123/1
f 1152/1125/1 1144/1126/1 1143/1124/1
f 1151/1127/1 1144/1126/1 1152/1125/1
f 1150/1128/1 1144/1126/1 1151/1127/1
f 1150/1128/1 1145/1129/1 1144/1126/1
f 1149/1130/2 1145/1129/1 1150/1128/1
f 1149/1130/2 1146/1131/8 1145/1129/1
f 1148/1132/1 1146/1131/8 1149/1130/2
f 1148/1132/1 1147/1133/18 1146/1131/8
f 1210/1134/1 1212/1135/1 1211/1136/1
f 1210/1134/1 1209/1137/1 1212/1135/1
f 1214/1138/1 1216/1139/1 1215/1140/1
f 1214/1138/1 1213/1141/1 1216/1139/1
f 1245/1142/1 1221/1143/1 1246/1144/1
f 1296/1145/1 1298/46/1 1297/1146/1
f 1245/1142/1 1222/1147/1 1221/1143/1
f 1245/1142/1 1223/1148/1 1222/1147/1
f 1296/1145/1 1247/1149/1 1298/46/1
f 1244/1150/1 1223/1148/1 1245/1142/1
f 1244/1150/1 1224/1151/1 1223/1148/1
f 1295/1152/1 1247/1149/1 1296/1145/1
f 1244/1150/1 1225/1153/1 1224/1151/1
f 1243/1154/1 1225/1153/1 1244/1150/1
f 1295/1152/1 1248/1155/1 1247/1149/1
f 1243/1154/1 1226/1156/1 1225/1153/1
f 1242/1157/1 1226/1156/1 1243/1154/1
f 1295/1152/1 1249/1158/1 1248/1155/1
f 1242/1157/1 1227/1159/1 1226/1156/1
f 1241/1160/1 1227/1159/1 1242/1157/1
f 1241/1160/1 1228/1161/1 1227/1159/1
f 1294/1162/1 1249/1158/1 1295/1152/1
f 1240/1163/1 1228/1161/1 1241/1160/1
f 1294/1162/1 1250/1164/1 1249/1158/1
f 1240/1163/1 1229/1165/1 1228/1161/1
f 1239/1166/1 1229/1165/1 1240/1163/1
f 1294/1162/1 1251/1167/1 1250/1164/1
f 1239/1166/1 1230/1168/1 1229/1165/1
f 1238/1169/1 1230/1168/1 1239/1166/1
f 1238/1169/1 1231/1170/1 1230/1168/1
f 1237/1171/1 1231/1170/1 1238/1169/1
f 1293/1172/1 1251/1167/1 1294/1162/1
f 1293/1172/1 1252/1173/1 1251/1167/1
f 1237/1171/1 1232/1174/1 1231/1170/1
f 1236/1175/1 1232/1174/1 1237/1171/1
f 1293/1172/1 1253/1176/1 1252/1173/1
f 1235/1177/1 1232/1174/1 1236/1175/1
f 1235/1177/1 1234/1178/1 1232/1174/1
f 1234/1178/1 1233/1179/1 1232/1174/1
f 1293/1172/1 1254/1180/1 1253/1176/1
f 1292/1181/1 1254/1180/1 1293/1172/1
f 1218/1182/1 1220/1183/1 1219/1184/1
f 1218/1182/1 1217/1185/1 1220/1183/1
f 1292/1181/1 1255/1186/1 1254/1180/1
f 1292/1181/1 1256/1187/1 1255/1186/1
f 1291/1188/1 1256/1187/1 1292/1181/1
f 1291/1188/1 1257/1189/1 1256/1187/1
f 1291/1188/1 1258/1190/1 1257/1189/1
f 1290/1191/1 1258/1190/1 1291/1188/1
f 1290/1191/1 1262/1192/1 1258/1190/1
f 1262/1192/1 1259/1193/1 1258/1190/1
f 1289/1194/1 1262/1192/1 1290/1191/1
f 1288/1195/1 1262/1192/1 1289/1194/1
f 1287/1196/1 1262/1192/1 1288/1195/1
f 1286/1197/1 1262/1192/1 1287/1196/1
f 1286/1197/1 1263/1198/1 1262/1192/1
f 1261/1199/3 1259/1193/1 1262/1192/1
f 1285/1200/1 1263/1198/1 1286/1197/1
f 1285/1200/1 1264/1201/1 1263/1198/1
f 1260/1202/1 1259/1193/1 1261/1199/3
f 1285/1200/1 1265/1203/1 1264/1201/1
f 1285/1200/1 1266/1204/1 1265/1203/1
f 1284/1205/1 1266/1204/1 1285/1200/1
f 1284/1205/1 1267/1206/1 1266/1204/1
f 1283/1207/1 1267/1206/1 1284/1205/1
f 1282/1208/2 1267/1206/1 1283/1207/1
f 1282/1208/2 1268/1209/1 1267/1206/1
f 1281/1210/1 1268/1209/1 1282/1208/2
f 1281/1210/1 1269/1211/1 1268/1209/1
f 1280/1212/1 1269/1211/1 1281/1210/1
f 1279/1213/1 1269/1211/1 1280/1212/1
f 1279/1213/1 1270/1214/1 1269/1211/1
f 1278/1215/1 1270/1214/1 1279/1213/1
f 1277/1216/1 1270/1214/1 1278/1215/1
f 1277/1216/1 1271/1217/1 1270/1214/1
f 1276/1218/1 1271/1217/1 1277/1216/1
f 1276/1218/1 1272/1219/1 1271/1217/1
f 1275/1220/1 1272/1219/1 1276/1218/1
f 1274/1221/1 1272/1219/1 1275/1220/1
f 1274/1221/1 1273/1222/1 1272/1219/1
f 1202/1223/1 1206/1224/1 1203/1225/1
f 1206/1224/1 1204/1226/1 1203/1225/1
f 1206/1224/1 1205/1227/1 1204/1226/1
f 1205/1227/1 1197/43/1 1204/1226/1
f 1202/1223/1 1207/1228/1 1206/1224/1
f 1208/1229/1 1197/43/1 1205/1227/1
f 1202/1223/1 1200/1230/1 1207/1228/1
f 1200/1230/1 1208/1229/1 1207/1228/1
f 1200/1230/1 1199/1231/1 1208/1229/1
f 1199/1231/1 1197/43/1 1208/1229/1
f 1202/1223/1 1201/1232/1 1200/1230/1
f 1198/1233/1 1197/43/1 1199/1231/1
f 1484/1234/1 1486/1235/1 1485/1236/1
f 1484/1234/1 1487/1237/1 1486/1235/1
f 1483/1238/1 1487/1237/1 1484/1234/1
f 1483/1238/1 1488/1239/1 1487/1237/1
f 1482/1240/1 1488/1239/1 1483/1238/1
f 1482/1240/1 1489/1241/1 1488/1239/1
f 1481/1242/1 1489/1241/1 1482/1240/1
f 1481/1242/1 1490/1243/1 1489/1241/1
f 1480/1244/1 1490/1243/1 1481/1242/1
f 1480/1244/1 1491/1245/1 1490/1243/1
f 1479/1246/1 1491/1245/1 1480/1244/1
f 1479/1246/1 1492/1247/1 1491/1245/1
f 1478/1248/1 1492/1247/1 1479/1246/1
f 1478/1248/1 1493/1249/1 1492/1247/1
f 1477/1250/1 1493/1249/1 1478/1248/1
f 1477/1250/1 1494/1251/1 1493/1249/1
f 1476/1252/1 1494/1251/1 1477/1250/1
f 1509/1253/1 1511/1254/1 1510/1255/1
f 1476/1252/1 1495/1256/1 1494/1251/1
f 1508/1257/1 1511/1254/1 1509/1253/1
f 1507/1258/1 1511/1254/1 1508/1257/1
f 1475/1259/1 1495/1256/1 1476/1252/1
f 1475/1259/1 1496/1260/1 1495/1256/1
f 1506/1261/1 1511/1254/1 1507/1258/1
f 1505/1262/1 1511/1254/1 1506/1261/1
f 1504/1263/1 1511/1254/1 1505/1262/1
f 1474/1264/2 1496/1260/1 1475/1259/1
f 1503/1265/1 1511/1254/1 1504/1263/1
f 1474/1264/2 1497/205/1 1496/1260/1
f 1459/1266/1 1461/1267/1 1460/1268/1
f 1502/1269/1 1511/1254/1 1503/1265/1
f 1501/1270/1 1511/1254/1 1502/1269/1
f 1459/1266/1 1462/1271/1 1461/1267/1
f 1459/1266/1 1463/1272/1 1462/1271/1
f 1500/1273/1 1511/1254/1 1501/1270/1
f 1459/1266/1 1464/1274/1 1463/1272/1
f 1499/1275/2 1511/1254/1 1500/1273/1
f 1459/1266/1 1465/1276/1 1464/1274/1
f 1473/1277/1 1497/205/1 1474/1264/2
f 1498/1278/10 1511/1254/1 1499/1275/2
f 1459/1266/1 1466/1279/1 1465/1276/1
f 1497/205/1 1511/1254/1 1498/1278/10
f 1459/1266/1 1467/1280/1 1466/1279/1
f 1459/1266/1 1468/1281/1 1467/1280/1
f 1473/1277/1 1511/1254/1 1497/205/1
f 1459/1266/1 1469/1282/1 1468/1281/1
f 1472/1283/1 1511/1254/1 1473/1277/1
f 1459/1266/1 1470/1284/1 1469/1282/1
f 1459/1266/1 1471/1285/1 1470/1284/1
f 1459/1266/1 1472/1283/1 1471/1285/1
f 1459/1266/1 1511/1254/1 1472/1283/1
f 1459/1266/1 1512/1286/2 1511/1254/1
f 1459/1266/1 1513/1287/1 1512/1286/2
f 1459/1266/1 1514/1288/2 1513/1287/1
f 1459/1266/1 1515/1289/2 1514/1288/2
f 1459/1266/1 1516/1290/1 1515/1289/2
f 1459/1266/1 1517/1291/1 1516/1290/1
f 1459/1266/1 1518/1292/1 1517/1291/1
f 1459/1266/1 1519/1293/2 1518/1292/1
f 1459/1266/1 1520/1294/9 1519/1293/2
f 1458/1295/8 1520/1294/9 1459/1266/1
f 1458/1295/8 1521/1296/13 1520/1294/9
f 1457/1297/12 1521/1296/13 1458/1295/8
f 1457/1297/12 1522/1298/2 1521/1296/13
f 1456/1299/12 1522/1298/2 1457/1297/12
f 1455/1300/2 1522/1298/2 1456/1299/12
f 1455/1300/2 1523/1301/8 1522/1298/2
f 1454/1302/2 1523/1301/8 1455/1300/2
f 1454/1302/2 1446/1303/2 1523/1301/8
f 1446/1303/2 1524/1304/2 1523/1301/8
f 1453/1305/8 1446/1303/2 1454/1302/2
f 1452/1306/1 1446/1303/2 1453/1305/8
f 1451/1307/1 1446/1303/2 1452/1306/1
f 1450/1308/1 1446/1303/2 1451/1307/1
f 1449/1309/12 1446/1303/2 1450/1308/1
f 1448/1310/1 1446/1303/2 1449/1309/12
f 1447/1311/1 1446/1303/2 1448/1310/1
f 1445/1312/1 1524/1304/2 1446/1303/2
f 1445/1312/1 1525/1313/1 1524/1304/2
f 1444/1314/1 1525/1313/1 1445/1312/1
f 1444/1314/1 1526/1315/1 1525/1313/1
f 1443/1316/1 1526/1315/1 1444/1314/1
f 1443/1316/1 1527/1317/1 1526/1315/1
f 1443/1316/1 1528/1318/1 1527/1317/1
f 1442/1319/1 1528/1318/1 1443/1316/1
f 1442/1319/1 1529/1320/1 1528/1318/1
f 1582/1321/1 1584/1322/1 1583/1323/1
f 1581/1324/1 1584/1322/1 1582/1321/1
f 1441/1325/1 1529/1320/1 1442/1319/1
f 1441/1325/1 1530/1326/1 1529/1320/1
f 1580/1327/1 1584/1322/1 1581/1324/1
f 1579/1328/1 1584/1322/1 1580/1327/1
f 1578/1329/21 1584/1322/1 1579/1328/1
f 1577/1330/1 1584/1322/1 1578/1329/21
f 1441/1325/1 1531/1331/1 1530/1326/1
f 1576/1332/1 1584/1322/1 1577/1330/1
f 1575/1333/1 1584/1322/1 1576/1332/1
f 1574/1334/21 1584/1322/1 1575/1333/1
f 1546/1335/2 1548/1336/1 1547/1337/9
f 1545/1338/2 1548/1336/1 1546/1335/2
f 1573/1339/8 1584/1322/1 1574/1334/21
f 1545/1338/2 1549/1340/8 1548/1336/1
f 1440/1341/1 1531/1331/1 1441/1325/1
f 1544/1342/8 1549/1340/8 1545/1338/2
f 1543/1343/1 1549/1340/8 1544/1342/8
f 1543/1343/1 1550/1344/1 1549/1340/8
f 1572/1345/1 1584/1322/1 1573/1339/8
f 1440/1341/1 1532/1346/1 1531/1331/1
f 1542/1347/8 1550/1344/1 1543/1343/1
f 1542/1347/8 1551/1348/1 1550/1344/1
f 1571/1349/1 1584/1322/1 1572/1345/1
f 1541/1350/2 1551/1348/1 1542/1347/8
f 1540/1351/1 1551/1348/1 1541/1350/2
f 1570/1352/1 1584/1322/1 1571/1349/1
f 1540/1351/1 1552/1353/1 1551/1348/1
f 1539/1354/8 1552/1353/1 1540/1351/1
f 1536/1355/11 1532/1346/8 1535/1356/8
f 1532/1346/8 1533/1357/1 1535/1356/8
f 1533/1357/1 1534/1358/1 1535/1356/8
f 1569/1359/1 1584/1322/1 1570/1352/1
f 1440/1341/1 1536/1355/1 1532/1346/1
f 1538/1360/2 1552/1353/1 1539/1354/8
f 1538/1360/2 1553/1361/1 1552/1353/1
f 1537/1362/1 1553/1361/1 1538/1360/2
f 1568/1363/8 1584/1322/1 1569/1359/1
f 1537/1362/1 1554/1364/1 1553/1361/1
f 1439/1365/1 1536/1355/1 1440/1341/1
f 1536/1355/1 1554/1364/1 1537/1362/1
f 1567/1366/1 1584/1322/1 1568/1363/8
f 1439/1365/1 1554/1364/1 1536/1355/1
f 1439/1365/1 1555/1367/1 1554/1364/1
f 1566/1368/1 1584/1322/1 1567/1366/1
f 1565/1369/1 1584/1322/1 1566/1368/1
f 1439/1365/1 1556/1370/1 1555/1367/1
f 1564/1371/1 1584/1322/1 1565/1369/1
f 1438/1372/1 1556/1370/1 1439/1365/1
f 1563/1373/1 1584/1322/1 1564/1371/1
f 1438/1372/1 1557/1374/1 1556/1370/1
f 1562/1375/1 1584/1322/1 1563/1373/1
f 1562/1375/1 1585/1376/1 1584/1322/1
f 1562/1375/1 1586/1377/10 1585/1376/1
f 1561/1378/8 1586/1377/10 1562/1375/1
f 1438/1372/1 1558/1379/8 1557/1374/1
f 1561/1378/8 1587/1380/12 1586/1377/10
f 1561/1378/8 1588/1381/2 1587/1380/12
f 1561/1378/8 1589/1382/2 1588/1381/2
f 1560/1383/1 1589/1382/2 1561/1378/8
f 1560/1383/1 1590/1384/1 1589/1382/2
f 1437/1385/1 1410/1386/13 1438/1372/1
f 1410/1386/13 1409/1387/1 1438/1372/1
f 1409/1387/1 1558/1379/8 1438/1372/1
f 1560/1383/1 1591/1388/10 1590/1384/1
f 1560/1383/1 1592/1389/2 1591/1388/10
f 1409/1387/1 1559/1390/23 1558/1379/8
f 1559/1390/23 1592/1389/2 1560/1383/1
f 1408/1391/2 1559/1390/23 1409/1387/1
f 1407/1392/8 1559/1390/23 1408/1391/2
f 1437/1385/1 1411/1393/6 1410/1386/13
f 1406/1394/8 1559/1390/23 1407/1392/8
f 1559/1390/23 1593/1395/1 1592/1389/2
f 1437/1385/1 1412/1396/8 1411/1393/6
f 1406/1394/8 1593/1395/1 1559/1390/23
f 1405/1397/1 1593/1395/1 1406/1394/8
f 1405/1397/1 1594/1398/12 1593/1395/1
f 1437/1385/1 1413/1399/1 1412/1396/8
f 1404/1400/10 1594/1398/12 1405/1397/1
f 1404/1400/10 1595/1401/8 1594/1398/12
f 1437/1385/1 1414/1402/2 1413/1399/1
f 1403/1403/1 1595/1401/8 1404/1400/10
f 1403/1403/1 1596/46/1 1595/1401/8
f 1403/1403/1 1299/43/1 1596/46/1
f 1402/1404/2 1299/43/1 1403/1403/1
f 1437/1385/1 1415/1405/1 1414/1402/2
f 1401/1406/8 1299/43/1 1402/1404/2
f 1401/1406/8 1300/1407/8 1299/43/1
f 1437/1385/1 1416/1408/1 1415/1405/1
f 1436/1409/1 1416/1408/1 1437/1385/1
f 1400/1410/2 1300/1407/8 1401/1406/8
f 1400/1410/2 1301/1411/2 1300/1407/8
f 1436/1409/1 1417/1412/1 1416/1408/1
f 1399/1413/1 1301/1411/2 1400/1410/2
f 1399/1413/1 1302/1414/2 1301/1411/2
f 1436/1409/1 1418/1415/1 1417/1412/1
f 1399/1413/1 1303/1416/1 1302/1414/2
f 1398/208/2 1303/1416/1 1399/1413/1
f 1436/1409/1 1419/1417/1 1418/1415/1
f 1398/208/2 1304/1418/1 1303/1416/1
f 1397/1419/2 1304/1418/1 1398/208/2
f 1396/1420/1 1304/1418/1 1397/1419/2
f 1396/1420/1 1305/1421/1 1304/1418/1
f 1435/1422/1 1419/1417/1 1436/1409/1
f 1435/1422/1 1420/1423/2 1419/1417/1
f 1396/1420/1 1306/1424/1 1305/1421/1
f 1395/1425/1 1306/1424/1 1396/1420/1
f 1435/1422/1 1421/1426/1 1420/1423/2
f 1395/1425/1 1307/1427/1 1306/1424/1
f 1435/1422/1 1422/1428/1 1421/1426/1
f 1395/1425/1 1308/1429/1 1307/1427/1
f 1394/1430/1 1308/1429/1 1395/1425/1
f 1435/1422/1 1423/1431/1 1422/1428/1
f 1434/1432/1 1423/1431/1 1435/1422/1
f 1394/1430/1 1309/1433/1 1308/1429/1
f 1434/1432/1 1424/1434/8 1423/1431/1
f 1394/1430/1 1310/1435/1 1309/1433/1
f 1434/1432/1 1425/1436/1 1424/1434/8
f 1393/1437/1 1310/1435/1 1394/1430/1
f 1393/1437/1 1323/1438/1 1310/1435/1
f 1323/1438/1 1311/1439/1 1310/1435/1
f 1434/1432/1 1426/1440/1 1425/1436/1
f 1434/1432/1 1427/1441/1 1426/1440/1
f 1392/1442/1 1323/1438/1 1393/1437/1
f 1434/1432/1 1428/1443/1 1427/1441/1
f 1433/1444/1 1428/1443/1 1434/1432/1
f 1433/1444/1 1429/1445/1 1428/1443/1
f 1391/1446/1 1323/1438/1 1392/1442/1
f 1433/1444/1 1430/1447/1 1429/1445/1
f 1391/1446/1 1325/1448/8 1323/1438/1
f 1325/1448/8 1322/1449/7 1323/1438/1
f 1324/1450/24 1311/1439/1 1323/1438/1
f 1325/1448/2 1322/1449/2 1324/1450/24
f 1322/1449/2 1311/1439/1 1324/1450/24
f 1433/1444/1 1431/1451/7 1430/1447/1
f 1391/1446/1 1326/1452/1 1325/1448/8
f 1390/1453/1 1326/1452/1 1391/1446/1
f 1321/1454/1 1311/1439/1 1322/1449/2
f 1433/1444/1 1432/1455/1 1431/1451/7
f 1390/1453/1 1327/1456/1 1326/1452/1
f 1320/1457/3 1311/1439/1 1321/1454/1
f 1389/1458/1 1327/1456/1 1390/1453/1
f 1389/1458/1 1328/1459/2 1327/1456/1
f 1319/1460/1 1311/1439/1 1320/1457/3
f 1389/1458/1 1329/1461/1 1328/1459/2
f 1388/1462/1 1329/1461/1 1389/1458/1
f 1318/1463/1 1311/1439/1 1319/1460/1
f 1388/1462/1 1330/1464/1 1329/1461/1
f 1317/1465/1 1311/1439/1 1318/1463/1
f 1388/1462/1 1331/1466/1 1330/1464/1
f 1387/1467/1 1331/1466/1 1388/1462/1
f 1316/1468/1 1311/1439/1 1317/1465/1
f 1387/1467/1 1332/1469/1 1331/1466/1
f 1315/1470/1 1311/1439/1 1316/1468/1
f 1387/1467/1 1333/1471/1 1332/1469/1
f 1386/1472/1 1333/1471/1 1387/1467/1
f 1314/1473/1 1311/1439/1 1315/1470/1
f 1386/1472/1 1334/1474/1 1333/1471/1
f 1313/1475/1 1311/1439/1 1314/1473/1
f 1386/1472/1 1335/1476/1 1334/1474/1
f 1312/1477/1 1311/1439/1 1313/1475/1
f 1385/1478/1 1335/1476/1 1386/1472/1
f 1385/1478/1 1336/1479/1 1335/1476/1
f 1385/1478/1 1337/1480/1 1336/1479/1
f 1384/1481/1 1337/1480/1 1385/1478/1
f 1384/1481/1 1338/1482/1 1337/1480/1
f 1384/1481/1 1339/1483/1 1338/1482/1
f 1384/1481/1 1340/1484/1 1339/1483/1
f 1383/1485/1 1340/1484/1 1384/1481/1
f 1383/1485/1 1341/1486/1 1340/1484/1
f 1359/1487/1 1361/1488/1 1360/1489/1
f 1383/1485/1 1342/1490/2 1341/1486/1
f 1358/1491/1 1361/1488/1 1359/1487/1
f 1357/1492/1 1361/1488/1 1358/1491/1
f 1383/1485/1 1343/1493/8 1342/1490/2
f 1356/1494/1 1361/1488/1 1357/1492/1
f 1382/1495/1 1343/1493/8 1383/1485/1
f 1355/1496/1 1361/1488/1 1356/1494/1
f 1382/1495/1 1344/1497/1 1343/1493/8
f 1354/1498/1 1361/1488/1 1355/1496/1
f 1353/1499/1 1361/1488/1 1354/1498/1
f 1382/1495/1 1345/1500/2 1344/1497/1
f 1352/1501/8 1361/1488/1 1353/1499/1
f 1382/1495/1 1346/1502/2 1345/1500/2
f 1351/1503/1 1361/1488/1 1352/1501/8
f 1350/1504/1 1361/1488/1 1351/1503/1
f 1382/1495/1 1347/1505/1 1346/1502/2
f 1349/1506/1 1361/1488/1 1350/1504/1
f 1382/1495/1 1348/1507/1 1347/1505/1
f 1348/1507/1 1361/1488/1 1349/1506/1
f 1382/1495/1 1361/1488/1 1348/1507/1
f 1381/1508/1 1361/1488/1 1382/1495/1
f 1380/1509/1 1361/1488/1 1381/1508/1
f 1379/1510/2 1361/1488/1 1380/1509/1
f 1378/1511/1 1361/1488/1 1379/1510/2
f 1377/1512/1 1361/1488/1 1378/1511/1
f 1377/1512/1 1362/1513/2 1361/1488/1
f 1377/1512/1 1363/1514/1 1362/1513/2
f 1377/1512/1 1364/1515/2 1363/1514/1
f 1376/1516/2 1364/1515/2 1377/1512/1
f 1376/1516/2 1365/1517/1 1364/1515/2
f 1376/1516/2 1366/1518/1 1365/1517/1
f 1376/1516/2 1367/1519/1 1366/1518/1
f 1375/1520/8 1367/1519/1 1376/1516/2
f 1375/1520/8 1368/1521/2 1367/1519/1
f 1375/1520/8 1369/1522/1 1368/1521/2
f 1374/1523/8 1369/1522/1 1375/1520/8
f 1374/1523/8 1370/1524/2 1369/1522/1
f 1374/1523/8 1371/1525/10 1370/1524/2
f 1373/1526/1 1371/1525/10 1374/1523/8
f 1373/1526/1 1372/1527/8 1371/1525/10
f 1607/1528/1 1609/1529/1 1608/1530/1
f 1801/1531/1 1803/46/1 1802/1532/1
f 1801/1531/1 1621/1533/1 1803/46/1
f 1606/1534/1 1609/1529/1 1607/1528/1
f 1606/1534/1 1610/144/1 1609/1529/1
f 1800/1535/1 1621/1533/1 1801/1531/1
f 1800/1535/1 1622/1536/1 1621/1533/1
f 1606/1534/1 1611/1537/1 1610/144/1
f 1605/1538/1 1611/1537/1 1606/1534/1
f 1799/1539/1 1622/1536/1 1800/1535/1
f 1799/1539/1 1623/159/1 1622/1536/1
f 1605/1538/1 1612/1540/1 1611/1537/1
f 1604/1541/1 1612/1540/1 1605/1538/1
f 1798/1542/1 1623/159/1 1799/1539/1
f 1798/1542/1 1624/1543/1 1623/159/1
f 1604/1541/1 1613/1544/1 1612/1540/1
f 1797/1545/1 1624/1543/1 1798/1542/1
f 1603/1546/1 1613/1544/1 1604/1541/1
f 1797/1545/1 1625/1547/1 1624/1543/1
f 1603/1546/1 1614/1548/1 1613/1544/1
f 1796/1549/1 1625/1547/1 1797/1545/1
f 1796/1549/1 1626/1550/1 1625/1547/1
f 1602/1551/1 1614/1548/1 1603/1546/1
f 1602/1551/1 1615/1552/1 1614/1548/1
f 1795/1553/1 1626/1550/1 1796/1549/1
f 1795/1553/1 1627/1554/1 1626/1550/1
f 1601/1555/1 1615/1552/1 1602/1551/1
f 1601/1555/1 1616/1556/1 1615/1552/1
f 1795/1553/1 1628/1557/1 1627/1554/1
f 1794/1558/1 1628/1557/1 1795/1553/1
f 1600/1559/1 1616/1556/1 1601/1555/1
f 1600/1559/1 1617/1560/1 1616/1556/1
f 1794/1558/1 1629/1561/1 1628/1557/1
f 1793/1562/1 1629/1561/1 1794/1558/1
f 1600/1559/1 1618/1563/1 1617/1560/1
f 1599/1564/1 1618/1563/1 1600/1559/1
f 1793/1562/1 1630/1565/1 1629/1561/1
f 1792/1566/1 1630/1565/1 1793/1562/1
f 1599/1564/1 1619/1567/1 1618/1563/1
f 1792/1566/1 1631/1568/1 1630/1565/1
f 1598/1569/1 1633/1570/1 1599/1564/1
f 1633/1570/1 1619/1567/1 1599/1564/1
f 1791/1571/1 1631/1568/1 1792/1566/1
f 1633/1570/1 1620/1572/1 1619/1567/1
f 1791/1571/1 1632/1573/1 1631/1568/1
f 1790/126/1 1632/1573/1 1791/1571/1
f 1790/126/1 1633/1570/1 1632/1573/1
f 1790/126/1 1598/1569/1 1633/1570/1
f 1598/1569/1 1634/1574/1 1633/1570/1
f 1790/126/1 1635/1575/20 1598/1569/1
f 1635/1575/20 1597/131/7 1598/1569/1
f 1790/126/1 1636/1576/1 1635/1575/20
f 1790/126/1 1767/1577/2 1636/1576/1
f 1767/1577/2 1637/1578/2 1636/1576/1
f 1767/1577/2 1638/1579/1 1637/1578/2
f 1767/1577/2 1639/1580/8 1638/1579/1
f 1790/126/1 1768/1581/1 1767/1577/2
f 1766/1582/1 1639/1580/8 1767/1577/2
f 1789/1583/1 1768/1581/1 1790/126/1
f 1766/1582/1 1640/1584/8 1639/1580/8
f 1789/1583/1 1769/1585/8 1768/1581/1
f 1766/1582/1 1641/1586/1 1640/1584/8
f 1765/1587/1 1641/1586/1 1766/1582/1
f 1765/1587/1 1642/1588/1 1641/1586/1
f 1788/1589/1 1769/1585/8 1789/1583/1
f 1788/1589/1 1770/1590/1 1769/1585/8
f 1765/1587/1 1643/1591/1 1642/1588/1
f 1787/1592/8 1770/1590/1 1788/1589/1
f 1765/1587/1 1764/150/1 1643/1591/1
f 1764/150/1 1728/1593/1 1643/1591/1
f 1728/1593/1 1727/1594/1 1643/1591/1
f 1727/1594/1 1644/1595/1 1643/1591/1
f 1787/1592/8 1771/1596/1 1770/1590/1
f 1786/1597/1 1771/1596/1 1787/1592/8
f 1786/1597/1 1772/1598/2 1771/1596/1
f 1785/1599/1 1772/1598/2 1786/1597/1
f 1785/1599/1 1773/1600/1 1772/1598/2
f 1784/1601/2 1773/1600/1 1785/1599/1
f 1783/1602/8 1773/1600/1 1784/1601/2
f 1783/1602/8 1774/1603/1 1773/1600/1
f 1782/1604/1 1774/1603/1 1783/1602/8
f 1782/1604/1 1775/1605/8 1774/1603/1
f 1781/1606/1 1775/1605/8 1782/1604/1
f 1781/1606/1 1776/1607/2 1775/1605/8
f 1780/1608/1 1776/1607/2 1781/1606/1
f 1780/1608/1 1777/138/1 1776/1607/2
f 1779/1609/1 1777/138/1 1780/1608/1
f 1779/1609/1 1778/1610/1 1777/138/1
f 1763/1611/1 1728/1593/1 1764/150/1
f 1763/1611/1 1729/1612/1 1728/1593/1
f 1726/1613/1 1644/1595/1 1727/1594/1
f 1726/1613/1 1645/1614/1 1644/1595/1
f 1762/1615/1 1729/1612/1 1763/1611/1
f 1762/1615/1 1730/1616/1 1729/1612/1
f 1725/209/1 1645/1614/1 1726/1613/1
f 1761/1617/1 1730/1616/1 1762/1615/1
f 1761/1617/1 1731/1618/1 1730/1616/1
f 1725/209/1 1646/1619/1 1645/1614/1
f 1724/1620/1 1646/1619/1 1725/209/1
f 1760/1621/1 1731/1618/1 1761/1617/1
f 1760/1621/1 1732/1622/1 1731/1618/1
f 1724/1620/1 1647/198/1 1646/1619/1
f 1723/1623/1 1647/198/1 1724/1620/1
f 1759/1624/1 1732/1622/1 1760/1621/1
f 1759/1624/1 1733/1625/1 1732/1622/1
f 1758/1626/1 1733/1625/1 1759/1624/1
f 1722/1627/1 1647/198/1 1723/1623/1
f 1722/1627/1 1648/1628/1 1647/198/1
f 1757/1629/1 1733/1625/1 1758/1626/1
f 1757/1629/1 1734/1630/1 1733/1625/1
f 1721/1631/1 1648/1628/1 1722/1627/1
f 1721/1631/1 1649/1632/1 1648/1628/1
f 1756/1633/1 1734/1630/1 1757/1629/1
f 1720/1634/1 1649/1632/1 1721/1631/1
f 1756/1633/1 1735/1635/1 1734/1630/1
f 1720/1634/1 1650/1636/1 1649/1632/1
f 1719/1637/1 1650/1636/1 1720/1634/1
f 1755/1638/1 1735/1635/1 1756/1633/1
f 1718/1639/1 1650/1636/1 1719/1637/1
f 1755/1638/1 1736/1640/1 1735/1635/1
f 1754/1641/1 1736/1640/1 1755/1638/1
f 1718/1639/1 1651/1642/1 1650/1636/1
f 1717/1643/1 1651/1642/1 1718/1639/1
f 1716/1644/1 1651/1642/1 1717/1643/1
f 1753/1645/1 1736/1640/1 1754/1641/1
f 1716/1644/1 1652/1646/1 1651/1642/1
f 1753/1645/1 1737/1647/1 1736/1640/1
f 1715/1648/2 1652/1646/1 1716/1644/1
f 1714/1649/12 1652/1646/1 1715/1648/2
f 1690/1650/1 1692/1651/1 1691/1652/1
f 1713/1653/1 1652/1646/1 1714/1649/12
f 1712/190/8 1652/1646/1 1713/1653/1
f 1711/1654/8 1652/1646/1 1712/190/8
f 1690/1650/1 1693/1655/1 1692/1651/1
f 1710/1656/8 1652/1646/1 1711/1654/8
f 1690/1650/1 1694/1657/10 1693/1655/1
f 1709/1658/8 1652/1646/1 1710/1656/8
f 1690/1650/1 1695/1659/1 1694/1657/10
f 1708/1660/1 1652/1646/1 1709/1658/8
f 1690/1650/1 1696/1661/8 1695/1659/1
f 1707/1662/8 1652/1646/1 1708/1660/1
f 1690/1650/1 1697/1663/25 1696/1661/8
f 1706/1664/12 1652/1646/1 1707/1662/8
f 1690/1650/1 1698/1665/2 1697/1663/25
f 1705/1666/12 1652/1646/1 1706/1664/12
f 1690/1650/1 1699/164/1 1698/1665/2
f 1690/1650/1 1700/1667/2 1699/164/1
f 1704/1668/9 1652/1646/1 1705/1666/12
f 1690/1650/1 1701/1669/8 1700/1667/2
f 1703/1670/1 1652/1646/1 1704/1668/9
f 1690/1650/1 1702/1671/19 1701/1669/8
f 1690/1650/1 1703/1670/1 1702/1671/19
f 1690/1650/1 1652/1646/1 1703/1670/1
f 1752/1672/1 1737/1647/1 1753/1645/1
f 1690/1650/1 1653/1673/1 1652/1646/1
f 1689/1674/2 1653/1673/1 1690/1650/1
f 1752/1672/1 1738/197/1 1737/1647/1
f 1688/1675/1 1653/1673/1 1689/1674/2
f 1688/1675/1 1654/1676/1 1653/1673/1
f 1687/1677/1 1654/1676/1 1688/1675/1
f 1751/173/1 1738/197/1 1752/1672/1
f 1686/157/1 1654/1676/1 1687/1677/1
f 1685/1678/1 1654/1676/1 1686/157/1
f 1685/1678/1 1655/1679/1 1654/1676/1
f 1750/1680/2 1738/197/1 1751/173/1
f 1684/1681/1 1655/1679/1 1685/1678/1
f 1749/1682/1 1738/197/1 1750/1680/2
f 1749/1682/1 1739/1683/1 1738/197/1
f 1683/1684/1 1655/1679/1 1684/1681/1
f 1748/1685/1 1739/1683/1 1749/1682/1
f 1683/1684/1 1656/1686/1 1655/1679/1
f 1747/1687/1 1739/1683/1 1748/1685/1
f 1682/1688/1 1656/1686/1 1683/1684/1
f 1682/1688/1 1657/1689/1 1656/1686/1
f 1746/1690/2 1739/1683/1 1747/1687/1
f 1681/1691/1 1657/1689/1 1682/1688/1
f 1681/1691/1 1658/1692/2 1657/1689/1
f 1745/1693/1 1739/1683/1 1746/1690/2
f 1680/1694/1 1658/1692/2 1681/1691/1
f 1680/1694/1 1659/1695/8 1658/1692/2
f 1744/1696/1 1739/1683/1 1745/1693/1
f 1680/1694/1 1660/217/1 1659/1695/8
f 1679/1697/1 1660/217/1 1680/1694/1
f 1679/1697/1 1661/1698/2 1660/217/1
f 1743/1699/1 1739/1683/1 1744/1696/1
f 1743/1699/1 1742/1700/1 1739/1683/1
f 1742/1700/1 1741/1701/1 1739/1683/1
f 1741/1701/1 1740/1702/1 1739/1683/1
f 1679/1697/1 1662/1703/8 1661/1698/2
f 1679/1697/1 1663/1704/1 1662/1703/8
f 1679/1697/1 1664/1705/1 1663/1704/1
f 1679/1697/1 1665/1706/8 1664/1705/1
f 1678/1707/1 1665/1706/8 1679/1697/1
f 1678/1707/1 1666/1708/6 1665/1706/8
f 1677/1709/13 1666/1708/6 1678/1707/1
f 1677/1709/13 1667/1710/12 1666/1708/6
f 1676/1711/1 1667/1710/12 1677/1709/13
f 1676/1711/1 1668/1712/1 1667/1710/12
f 1675/1713/8 1668/1712/1 1676/1711/1
f 1675/1713/8 1669/1714/1 1668/1712/1
f 1674/1715/1 1669/1714/1 1675/1713/8
f 1674/1715/1 1670/1716/1 1669/1714/1
f 1673/183/1 1670/1716/1 1674/1715/1
f 1673/183/1 1671/1717/1 1670/1716/1
f 1672/1718/18 1671/1717/1 1673/183/1
f 1847/1719/1 1849/46/1 1848/1720/1
f 1847/1719/1 1816/1721/1 1849/46/1
f 1846/1722/1 1816/1721/1 1847/1719/1
f 1845/1723/1 1816/1721/1 1846/1722/1
f 1845/1723/1 1817/1724/1 1816/1721/1
f 1844/1373/1 1817/1724/1 1845/1723/1
f 1844/1373/1 1818/1725/1 1817/1724/1
f 1843/1726/1 1818/1725/1 1844/1373/1
f 1843/1726/1 1819/208/1 1818/1725/1
f 1842/1727/1 1819/208/1 1843/1726/1
f 1842/1727/1 1820/1728/1 1819/208/1
f 1841/1729/1 1820/1728/1 1842/1727/1
f 1841/1729/1 1821/1730/1 1820/1728/1
f 1840/1731/1 1821/1730/1 1841/1729/1
f 1840/1731/1 1822/1732/1 1821/1730/1
f 1839/1326/1 1822/1732/1 1840/1731/1
f 1839/1326/1 1823/1733/1 1822/1732/1
f 1838/1734/1 1823/1733/1 1839/1326/1
f 1838/1734/1 1824/1451/1 1823/1733/1
f 1838/1734/1 1825/1735/1 1824/1451/1
f 1837/1736/2 1825/1735/1 1838/1734/1
f 1837/1736/2 1826/1737/1 1825/1735/1
f 1836/1738/1 1826/1737/1 1837/1736/2
f 1834/205/1 1809/1469/1 1835/1739/1
f 1809/1469/1 1836/1738/1 1835/1739/1
f 1809/1469/1 1826/1737/1 1836/1738/1
f 1826/1737/1 1828/1740/1 1827/1741/2
f 1826/1737/1 1808/1742/1 1828/1740/1
f 1808/1742/1 1829/1274/1 1828/1740/1
f 1809/1469/1 1808/1742/1 1826/1737/1
f 1834/205/1 1810/1743/1 1809/1469/1
f 1811/1744/1 1829/1274/1 1808/1742/1
f 1834/205/1 1806/1745/1 1810/1743/1
f 1806/1745/1 1811/1744/1 1810/1743/1
f 1806/1745/1 1805/1746/1 1811/1744/1
f 1805/1746/1 1829/1274/1 1811/1744/1
f 1834/205/1 1807/1747/1 1806/1745/1
f 1804/43/1 1829/1274/1 1805/1746/1
f 1834/205/1 1814/1517/1 1807/1747/1
f 1814/1517/1 1804/43/1 1807/1747/1
f 1814/1517/1 1813/1748/1 1804/43/1
f 1813/1748/1 1829/1274/1 1804/43/1
f 1834/205/1 1815/1749/1 1814/1517/1
f 1812/1750/1 1829/1274/1 1813/1748/1
f 1834/205/1 1832/1751/1 1815/1749/1
f 1832/1751/1 1812/1750/1 1815/1749/1
f 1832/1751/1 1831/1752/1 1812/1750/1
f 1831/1752/1 1829/1274/1 1812/1750/1
f 1834/205/1 1833/1753/1 1832/1751/1
f 1830/1754/1 1829/1274/1 1831/1752/1
f 1865/1/4 1866/3/4 1867/2/4
f 1865/1/4 1867/2/4 1868/4/4
f 1863/5/4 1864/6/4 1865/1/4
f 1863/5/4 1865/1/4 1868/4/4
f 1863/5/4 1868/4/4 1869/7/4
f 1863/5/4 1869/7/4 1870/8/4
f 1862/9/1 1863/5/3 1870/8/1
f 1861/10/4 1862/9/4 1871/11/4
f 1871/11/1 1862/9/1 1870/8/1
f 1861/10/4 1871/11/4 1872/12/4
f 1859/13/4 1860/15/4 1953/14/4
f 1953/14/4 1860/15/4 1861/10/4
f 1953/14/4 1861/10/4 1872/12/4
f 1953/14/4 1872/12/4 1873/16/4
f 1953/14/4 1873/16/4 1957/17/4
f 1957/17/4 1873/16/4 1956/18/4
f 1956/18/4 1873/16/4 1874/19/4
f 1859/13/4 1953/14/4 1954/20/4
f 1952/21/1 1953/14/3 1957/17/1
f 1951/22/4 1952/21/4 1957/17/4
f 1951/22/4 1957/17/4 1958/23/4
f 1955/24/4 1956/18/4 1874/19/4
f 1859/13/4 1954/20/4 1951/22/4
f 1859/13/4 1951/22/4 1958/23/4
f 1859/13/4 1958/23/4 1955/24/4
f 1859/13/4 1955/24/4 1874/19/4
f 1858/25/1 1859/13/2 1874/19/14
f 1857/26/4 1858/25/4 1875/27/4
f 1875/27/1 1858/25/1 1874/19/14
f 1857/26/4 1875/27/4 1876/28/4
f 1855/29/4 1856/30/4 1857/26/4
f 1855/29/4 1857/26/4 1876/28/4
f 1855/29/4 1876/28/4 1877/31/4
f 1855/29/4 1877/31/4 1854/32/4
f 1854/32/4 1877/31/4 1961/33/4
f 1961/33/4 1877/31/4 1960/34/4
f 1960/34/4 1877/31/4 1878/35/4
f 1853/36/4 1854/32/4 1961/33/4
f 1853/36/4 1961/33/4 1962/37/4
f 1959/38/4 1960/34/4 1878/35/4
f 1851/39/4 1852/40/4 1853/36/4
f 1851/39/4 1853/36/4 1962/37/4
f 1851/39/4 1962/37/4 1959/38/4
f 1851/39/4 1959/38/4 1878/35/4
f 1851/39/4 1878/35/4 1879/41/4
f 1851/39/4 1879/41/4 1880/42/4
f 1850/43/1 1851/39/3 1880/42/7
f 1950/44/4 1850/43/4 1965/45/4
f 1965/45/1 1850/43/1 1880/42/7
f 1950/44/4 1965/45/4 1966/46/4
f 1964/47/1 1965/45/3 1880/42/7
f 1963/48/4 1964/47/4 1881/49/4
f 1881/49/1 1964/47/1 1880/42/7
f 1963/48/4 1881/49/4 1882/50/4
f 1948/51/4 1949/52/4 1950/44/4
f 1948/51/4 1950/44/4 1966/46/4
f 1948/51/4 1966/46/4 1963/48/4
f 1948/51/4 1963/48/4 1947/53/4
f 1947/53/4 1963/48/4 1885/54/4
f 1885/54/4 1963/48/4 1884/55/4
f 1884/55/4 1963/48/4 1882/50/4
f 1946/56/26 1947/53/4 1885/54/4
f 1946/56/26 1885/54/4 1886/57/4
f 1883/58/4 1884/55/4 1882/50/4
f 1945/59/4 1946/56/26 1886/57/4
f 1945/59/4 1886/57/4 1887/60/4
f 1944/61/27 1945/59/4 1887/60/4
f 1943/62/27 1944/61/27 1887/60/4
f 1942/63/28 1943/62/27 1887/60/4
f 1941/64/4 1942/63/28 1887/60/4
f 1940/65/29 1941/64/4 1887/60/4
f 1939/66/26 1940/65/29 1887/60/4
f 1939/66/26 1887/60/4 1888/67/4
f 1938/68/26 1939/66/26 1888/67/4
f 1937/69/4 1938/68/26 1888/67/4
f 1936/70/30 1937/69/4 1888/67/4
f 1935/71/26 1936/70/30 1888/67/4
f 1921/72/4 1922/74/4 1923/73/4
f 1934/75/31 1935/71/26 1888/67/4
f 1933/76/27 1934/75/31 1888/67/4
f 1932/77/4 1933/76/27 1888/67/4
f 1921/72/4 1923/73/4 1924/78/4
f 1931/79/4 1932/77/4 1888/67/4
f 1930/80/4 1931/79/4 1888/67/4
f 1921/72/4 1924/78/4 1925/81/27
f 1929/82/4 1930/80/4 1888/67/4
f 1921/72/4 1925/81/27 1926/83/32
f 1928/84/4 1929/82/4 1888/67/4
f 1921/72/4 1926/83/32 1927/85/4
f 1927/85/4 1928/84/4 1888/67/4
f 1921/72/4 1927/85/4 1888/67/4
f 1921/72/4 1888/67/4 1889/86/4
f 1921/72/4 1889/86/4 1890/87/4
f 1920/88/4 1921/72/4 1890/87/4
f 1919/89/26 1920/88/4 1890/87/4
f 1919/89/26 1890/87/4 1891/90/4
f 1918/91/4 1919/89/26 1891/90/4
f 1917/92/4 1918/91/4 1891/90/4
f 1917/92/4 1891/90/4 1892/93/4
f 1916/94/4 1917/92/4 1892/93/4
f 1916/94/4 1892/93/4 1893/95/4
f 1915/96/4 1916/94/4 1893/95/4
f 1915/96/4 1893/95/4 1894/97/4
f 1914/98/4 1915/96/4 1894/97/4
f 1914/98/4 1894/97/4 1895/99/26
f 1913/100/4 1914/98/4 1895/99/26
f 1913/100/4 1895/99/26 1896/101/4
f 1912/102/4 1913/100/4 1896/101/4
f 1912/102/4 1896/101/4 1897/103/26
f 1911/104/4 1912/102/4 1897/103/26
f 1911/104/4 1897/103/26 1898/105/33
f 1911/104/4 1898/105/33 1899/106/4
f 1910/107/27 1911/104/4 1899/106/4
f 1910/107/27 1899/106/4 1900/108/4
f 1910/107/27 1900/108/4 1901/109/34
f 1910/107/27 1901/109/34 1902/110/30
f 1910/107/27 1902/110/30 1903/111/33
f 1910/107/27 1903/111/33 1904/112/4
f 1910/107/27 1904/112/4 1905/113/4
f 1910/107/27 1905/113/4 1906/114/4
f 1910/107/27 1906/114/4 1907/115/4
f 1910/107/27 1907/115/4 1908/116/26
f 1910/107/27 1908/116/26 1909/117/4
f 2067/118/4 2068/119/4 2069/46/4
f 2067/118/4 2069/46/4 1967/43/4
f 2066/120/4 2067/118/4 1967/43/4
f 2066/120/4 1967/43/4 1968/121/4
f 2065/122/4 2066/120/4 1968/121/4
f 2065/122/4 1968/121/4 1969/123/4
f 2064/124/4 2065/122/4 1969/123/4
f 2064/124/4 1969/123/4 1970/125/4
f 2063/126/4 2064/124/4 1970/125/4
f 2063/126/4 1970/125/4 1971/127/4
f 2062/128/4 2063/126/4 1971/127/4
f 2062/128/4 1971/127/4 1972/129/4
f 2061/130/4 2062/128/4 1972/129/4
f 2061/130/4 1972/129/4 1973/131/4
f 2060/132/4 2061/130/4 1973/131/4
f 2060/132/4 1973/131/4 1974/133/4
f 2059/134/4 2060/132/4 1974/133/4
f 2059/134/4 1974/133/4 1975/135/4
f 2058/136/4 2059/134/4 1975/135/4
f 2058/136/4 1975/135/4 1976/137/4
f 2057/138/4 2058/136/4 1976/137/4
f 2057/138/4 1976/137/4 1977/139/4
f 2056/140/4 2057/138/4 1977/139/4
f 2056/140/4 1977/139/4 1978/141/4
f 2054/142/4 2055/143/4 2056/140/4
f 2054/142/4 2056/140/4 1978/141/4
f 2054/142/4 1978/141/4 1979/144/4
f 2054/142/4 1979/144/4 1980/145/4
f 2053/146/1 2054/142/3 1980/145/1
f 2052/147/4 2053/146/4 1981/148/4
f 1981/148/4 2053/146/4 1980/145/5
f 2052/147/4 1981/148/4 1982/149/4
f 2051/150/4 2052/147/4 1982/149/4
f 2051/150/4 1982/149/4 2017/151/4
f 2017/151/4 1982/149/4 1983/152/4
f 2051/150/4 2017/151/4 2018/116/4
f 2016/153/4 2017/151/4 1983/152/4
f 2050/154/4 2051/150/4 2018/116/4
f 2016/153/4 1983/152/4 1984/155/4
f 2050/154/4 2018/116/4 2019/156/4
f 2015/157/4 2016/153/4 1984/155/4
f 2049/158/4 2050/154/4 2019/156/4
f 2015/157/4 1984/155/4 1985/159/4
f 2049/158/4 2019/156/4 2020/160/4
f 2014/161/4 2015/157/4 1985/159/4
f 2048/162/4 2049/158/4 2020/160/4
f 2014/161/4 1985/159/4 1986/163/4
f 2048/162/4 2020/160/4 2021/164/4
f 2013/165/4 2014/161/4 1986/163/4
f 2047/166/4 2048/162/4 2021/164/4
f 2013/165/4 1986/163/4 1987/167/4
f 2047/166/4 2021/164/4 2022/168/4
f 2046/169/4 2047/166/4 2022/168/4
f 2012/170/4 2013/165/4 1987/167/4
f 2012/170/4 1987/167/4 1988/171/4
f 2046/169/4 2022/168/4 2023/172/4
f 2045/173/4 2046/169/4 2023/172/4
f 2011/174/4 2012/170/4 1988/171/4
f 2011/174/4 1988/171/4 1989/175/4
f 2045/173/4 2023/172/4 2024/176/4
f 2044/177/4 2045/173/4 2024/176/4
f 2010/178/4 2011/174/4 1989/175/4
f 2010/178/4 1989/175/4 1990/179/4
f 2044/177/4 2024/176/4 2025/180/4
f 2043/181/4 2044/177/4 2025/180/4
f 2010/178/4 1990/179/4 1991/182/4
f 2009/183/4 2010/178/4 1991/182/4
f 2042/184/4 2043/181/4 2025/180/4
f 2042/184/4 2025/180/4 2026/185/4
f 2009/183/4 1991/182/4 1992/186/4
f 2008/187/4 2009/183/4 1992/186/4
f 2008/187/4 1992/186/4 1993/188/4
f 2041/189/4 2042/184/4 2026/185/4
f 2041/189/4 2026/185/4 2027/190/4
f 2007/191/4 2008/187/4 1993/188/4
f 2007/191/4 1993/188/4 1994/192/4
f 2040/193/4 2041/189/4 2027/190/4
f 2007/191/4 1994/192/4 1995/194/4
f 2040/193/4 2027/190/4 2028/195/4
f 2007/191/4 1995/194/4 1996/196/4
f 2039/197/27 2040/193/4 2028/195/4
f 2007/191/4 1996/196/4 1997/198/4
f 2038/199/26 2039/197/27 2028/195/4
f 2006/200/4 2007/191/4 1997/198/4
f 2006/200/4 1997/198/4 1998/201/4
f 2037/202/27 2038/199/26 2028/195/4
f 2006/200/4 1998/201/4 1999/203/4
f 2036/204/4 2037/202/27 2028/195/4
f 2035/205/4 2036/204/4 2028/195/4
f 2006/200/4 1999/203/4 2000/206/4
f 2034/207/26 2035/205/4 2028/195/4
f 2006/200/4 2000/206/4 2001/208/27
f 2034/207/26 2028/195/4 2033/209/4
f 2033/209/4 2028/195/4 2032/210/27
f 2032/210/27 2028/195/4 2031/211/4
f 2031/211/4 2028/195/4 2030/212/26
f 2030/212/26 2028/195/4 2029/213/4
f 2006/200/4 2001/208/27 2002/214/4
f 2005/215/4 2006/200/4 2004/216/4
f 2004/216/4 2006/200/4 2003/217/26
f 2003/217/26 2006/200/4 2002/214/4
f 2344/218/4 2345/220/4 2346/219/4
f 2344/218/4 2346/219/4 2347/221/4
f 2344/218/4 2347/221/4 2348/222/4
f 2343/223/4 2344/218/4 2348/222/4
f 2343/223/4 2348/222/4 2349/224/4
f 2318/225/4 2319/227/4 2320/226/4
f 2343/223/4 2349/224/4 2350/228/4
f 2342/229/4 2343/223/4 2350/228/4
f 2318/225/4 2320/226/4 2321/230/4
f 2341/231/4 2342/229/4 2350/228/4
f 2341/231/4 2350/228/4 2351/232/4
f 2318/225/4 2321/230/4 2322/233/4
f 2317/234/4 2318/225/4 2322/233/4
f 2340/235/4 2341/231/4 2351/232/4
f 2340/235/4 2351/232/4 2352/236/4
f 2317/234/4 2322/233/4 2323/237/4
f 2339/238/4 2340/235/4 2352/236/4
f 2339/238/4 2352/236/4 2353/239/4
f 2317/234/4 2323/237/4 2324/240/4
f 2316/241/4 2317/234/4 2324/240/4
f 2338/242/4 2339/238/4 2353/239/4
f 2338/242/4 2353/239/4 2354/243/4
f 2315/244/4 2316/241/4 2324/240/4
f 2315/244/4 2324/240/4 2325/245/4
f 2337/246/4 2338/242/4 2354/243/4
f 2337/246/4 2354/243/4 2355/247/4
f 2314/248/4 2315/244/4 2325/245/4
f 2314/248/4 2325/245/4 2326/249/4
f 2336/250/4 2337/246/4 2355/247/4
f 2336/250/4 2355/247/4 2356/251/4
f 2313/252/4 2314/248/4 2326/249/4
f 2313/252/4 2326/249/4 2327/253/4
f 2335/254/4 2336/250/4 2356/251/4
f 2335/254/4 2356/251/4 2357/46/4
f 2312/255/4 2313/252/4 2327/253/4
f 2312/255/4 2327/253/4 2328/256/4
f 2334/257/4 2335/254/4 2357/46/4
f 2311/258/4 2312/255/4 2328/256/4
f 2311/258/4 2328/256/4 2329/259/4
f 2334/257/4 2357/46/4 2333/260/4
f 2333/260/4 2357/46/4 2332/261/4
f 2310/262/4 2311/258/4 2329/259/4
f 2310/262/4 2329/259/4 2330/263/4
f 2309/264/4 2310/262/4 2330/263/4
f 2309/264/4 2330/263/4 2331/265/4
f 2308/266/4 2309/264/4 2331/265/4
f 2292/267/4 2293/269/4 2294/268/4
f 2308/266/4 2331/265/4 2307/270/4
f 2307/270/4 2331/265/4 2306/271/4
f 2292/267/4 2294/268/4 2295/272/4
f 2291/273/4 2292/267/4 2295/272/4
f 2291/273/4 2295/272/4 2296/274/4
f 2290/275/4 2291/273/4 2296/274/4
f 2290/275/4 2296/274/4 2297/276/4
f 2289/277/4 2290/275/4 2297/276/4
f 2289/277/4 2297/276/4 2298/278/4
f 2288/279/4 2289/277/4 2298/278/4
f 2288/279/4 2298/278/4 2299/280/4
f 2287/281/4 2288/279/4 2299/280/4
f 2287/281/4 2299/280/4 2300/282/4
f 2286/283/4 2287/281/4 2300/282/4
f 2286/283/4 2300/282/4 2301/284/4
f 2285/285/4 2286/283/4 2301/284/4
f 2285/285/4 2301/284/4 2302/286/4
f 2284/287/4 2285/285/4 2302/286/4
f 2284/287/4 2302/286/4 2303/288/4
f 2283/289/4 2284/287/4 2303/288/4
f 2283/289/4 2303/288/4 2304/290/4
f 2282/291/4 2283/289/4 2304/290/4
f 2282/291/4 2304/290/4 2305/292/4
f 2281/293/4 2282/291/4 2305/292/4
f 2281/293/4 2305/292/4 2280/294/4
f 2092/295/4 2093/297/4 2094/296/4
f 2092/295/4 2094/296/4 2095/298/4
f 2092/295/4 2095/298/4 2096/299/4
f 2091/300/4 2092/295/4 2096/299/4
f 2091/300/4 2096/299/4 2097/301/4
f 2091/300/4 2097/301/4 2098/302/4
f 2091/300/4 2098/302/4 2099/303/4
f 2090/304/4 2091/300/4 2099/303/4
f 2090/304/4 2099/303/4 2100/305/4
f 2090/304/4 2100/305/4 2101/306/26
f 2090/304/4 2101/306/26 2102/307/4
f 2090/304/4 2102/307/4 2103/308/27
f 2089/309/4 2090/304/4 2103/308/27
f 2089/309/4 2103/308/27 2104/310/26
f 2089/309/4 2104/310/26 2105/311/26
f 2089/309/4 2105/311/26 2106/312/4
f 2088/313/4 2089/309/4 2106/312/4
f 2088/313/4 2106/312/4 2107/314/30
f 2087/315/5 2088/313/4 2107/314/30
f 2086/316/4 2087/315/5 2107/314/30
f 2085/317/4 2086/316/4 2107/314/30
f 2084/318/4 2085/317/4 2107/314/30
f 2083/319/4 2084/318/4 2107/314/30
f 2082/320/4 2083/319/4 2107/314/30
f 2118/321/27 2119/323/4 2120/322/27
f 2117/324/4 2118/321/27 2120/322/27
f 2116/325/28 2117/324/4 2120/322/27
f 2115/326/27 2116/325/28 2120/322/27
f 2115/326/27 2120/322/27 2121/327/30
f 2114/328/4 2115/326/27 2121/327/30
f 2113/329/4 2114/328/4 2121/327/30
f 2112/330/26 2113/329/4 2121/327/30
f 2111/331/4 2112/330/26 2121/327/30
f 2111/331/4 2121/327/30 2122/332/27
f 2110/333/30 2111/331/4 2122/332/27
f 2081/334/4 2082/320/4 2108/335/4
f 2108/335/4 2082/320/4 2107/314/30
f 2109/336/4 2110/333/30 2122/332/27
f 2108/335/4 2109/336/4 2122/332/27
f 2081/334/4 2108/335/4 2122/332/27
f 2081/334/4 2122/332/27 2123/337/4
f 2081/334/4 2123/337/4 2124/338/26
f 2080/339/30 2081/334/4 2124/338/26
f 2079/340/33 2080/339/30 2124/338/26
f 2078/341/4 2079/340/33 2124/338/26
f 2077/342/27 2078/341/4 2124/338/26
f 2076/343/27 2077/342/27 2124/338/26
f 2075/344/27 2076/343/27 2124/338/26
f 2074/345/4 2075/344/27 2124/338/26
f 2073/346/30 2074/345/4 2124/338/26
f 2072/347/26 2073/346/30 2124/338/26
f 2071/348/27 2072/347/26 2124/338/26
f 2071/348/27 2124/338/26 2125/349/4
f 2070/43/4 2071/348/27 2125/349/4
f 2266/350/4 2267/352/4 2268/351/5
f 2279/353/28 2070/43/4 2125/349/4
f 2278/354/4 2279/353/28 2125/349/4
f 2266/350/4 2268/351/5 2269/355/5
f 2277/356/26 2278/354/4 2125/349/4
f 2266/350/4 2269/355/5 2270/357/4
f 2276/358/27 2277/356/26 2125/349/4
f 2266/350/4 2270/357/4 2271/359/4
f 2275/360/4 2276/358/27 2125/349/4
f 2266/350/4 2271/359/4 2272/361/4
f 2274/362/27 2275/360/4 2125/349/4
f 2266/350/4 2272/361/4 2273/363/4
f 2273/363/4 2274/362/27 2125/349/4
f 2266/350/4 2273/363/4 2125/349/4
f 2266/350/4 2125/349/4 2265/364/4
f 2265/364/4 2125/349/4 2264/365/4
f 2264/365/4 2125/349/4 2126/366/4
f 2264/365/4 2126/366/4 2263/367/4
f 2263/367/4 2126/366/4 2262/368/4
f 2262/368/4 2126/366/4 2261/369/4
f 2261/369/4 2126/366/4 2260/370/4
f 2260/370/4 2126/366/4 2259/371/4
f 2259/371/4 2126/366/4 2254/372/27
f 2254/372/27 2126/366/4 2253/373/26
f 2253/373/26 2126/366/4 2127/374/4
f 2253/373/26 2127/374/4 2228/375/4
f 2228/375/4 2127/374/4 2227/376/4
f 2227/376/4 2127/374/4 2226/377/27
f 2226/377/27 2127/374/4 2225/378/4
f 2225/378/4 2127/374/4 2224/379/4
f 2224/379/4 2127/374/4 2223/380/4
f 2223/380/4 2127/374/4 2222/381/27
f 2222/381/27 2127/374/4 2221/382/26
f 2221/382/26 2127/374/4 2220/383/4
f 2220/383/4 2127/374/4 2219/384/26
f 2219/384/26 2127/374/4 2218/385/4
f 2218/385/4 2127/374/4 2217/386/30
f 2217/386/30 2127/374/4 2216/387/27
f 2216/387/27 2127/374/4 2128/388/4
f 2215/389/4 2216/387/27 2128/388/4
f 2214/390/26 2215/389/4 2128/388/4
f 2214/390/26 2128/388/4 2129/391/4
f 2213/392/4 2214/390/26 2129/391/4
f 2212/393/26 2213/392/4 2129/391/4
f 2253/373/26 2228/375/4 2229/394/4
f 2211/395/4 2212/393/26 2129/391/4
f 2210/396/4 2211/395/4 2129/391/4
f 2252/397/4 2253/373/26 2229/394/4
f 2209/398/4 2210/396/4 2129/391/4
f 2208/399/4 2209/398/4 2129/391/4
f 2208/399/4 2129/391/4 2130/400/4
f 2259/371/4 2254/372/27 2258/401/35
f 2258/401/35 2254/372/27 2255/402/4
f 2258/401/35 2255/402/4 2256/403/36
f 2258/401/35 2256/403/36 2257/404/37
f 2207/405/4 2208/399/4 2130/400/4
f 2252/397/4 2229/394/4 2230/406/4
f 2251/407/4 2252/397/4 2230/406/4
f 2206/408/4 2207/405/4 2130/400/4
f 2206/408/4 2130/400/4 2131/409/4
f 2205/410/4 2206/408/4 2131/409/4
f 2250/411/4 2251/407/4 2230/406/4
f 2250/411/4 2230/406/4 2231/412/4
f 2204/413/4 2205/410/4 2131/409/4
f 2204/413/4 2131/409/4 2132/414/4
f 2203/415/4 2204/413/4 2132/414/4
f 2249/416/4 2250/411/4 2231/412/4
f 2203/415/4 2132/414/4 2133/417/4
f 2249/416/4 2231/412/4 2232/418/4
f 2202/419/4 2203/415/4 2133/417/4
f 2202/419/4 2133/417/4 2134/420/4
f 2201/421/4 2202/419/4 2134/420/4
f 2248/422/4 2249/416/4 2232/418/4
f 2248/422/4 2232/418/4 2233/423/4
f 2200/424/4 2201/421/4 2134/420/4
f 2200/424/4 2134/420/4 2135/425/4
f 2247/426/4 2248/422/4 2233/423/4
f 2199/427/4 2200/424/4 2135/425/4
f 2247/426/4 2233/423/4 2234/428/4
f 2199/427/4 2135/425/4 2136/429/4
f 2198/430/4 2199/427/4 2136/429/4
f 2246/431/4 2247/426/4 2234/428/4
f 2198/430/4 2136/429/4 2137/432/4
f 2246/431/4 2234/428/4 2235/433/4
f 2197/434/4 2198/430/4 2137/432/4
f 2197/434/4 2137/432/4 2138/435/4
f 2196/436/4 2197/434/4 2138/435/4
f 2245/437/4 2246/431/4 2235/433/4
f 2245/437/4 2235/433/4 2236/438/4
f 2196/436/4 2138/435/4 2139/439/4
f 2195/440/4 2196/436/4 2139/439/4
f 2244/441/4 2245/437/4 2236/438/4
f 2194/442/4 2195/440/4 2139/439/4
f 2194/442/4 2139/439/4 2140/443/4
f 2244/441/4 2236/438/4 2237/444/4
f 2193/445/4 2194/442/4 2140/443/4
f 2193/445/4 2140/443/4 2141/446/4
f 2243/447/4 2244/441/4 2237/444/4
f 2192/448/4 2193/445/4 2141/446/4
f 2191/449/4 2192/448/4 2141/446/4
f 2243/447/4 2237/444/4 2238/450/4
f 2191/449/4 2141/446/4 2142/451/4
f 2190/452/26 2191/449/4 2142/451/4
f 2189/453/4 2190/452/26 2142/451/4
f 2167/454/4 2168/456/4 2169/455/4
f 2242/457/4 2243/447/4 2238/450/4
f 2188/458/4 2189/453/4 2142/451/4
f 2167/454/4 2169/455/4 2170/459/4
f 2187/460/4 2188/458/4 2142/451/4
f 2167/454/4 2170/459/4 2171/461/4
f 2187/460/4 2142/451/4 2143/462/4
f 2186/463/4 2187/460/4 2143/462/4
f 2167/454/4 2171/461/4 2172/464/4
f 2167/454/4 2172/464/4 2173/465/4
f 2185/466/4 2186/463/4 2143/462/4
f 2167/454/4 2173/465/4 2174/467/4
f 2184/468/30 2185/466/4 2143/462/4
f 2167/454/4 2174/467/4 2175/469/4
f 2167/454/4 2175/469/4 2176/470/4
f 2183/471/27 2184/468/30 2143/462/4
f 2167/454/4 2176/470/4 2177/472/4
f 2182/473/27 2183/471/27 2143/462/4
f 2167/454/4 2177/472/4 2178/474/4
f 2181/475/27 2182/473/27 2143/462/4
f 2167/454/4 2178/474/4 2179/476/38
f 2180/477/4 2181/475/27 2143/462/4
f 2167/454/4 2179/476/38 2180/477/4
f 2167/454/4 2180/477/4 2143/462/4
f 2242/457/4 2238/450/4 2239/478/4
f 2167/454/4 2143/462/4 2144/479/4
f 2241/480/4 2242/457/4 2239/478/4
f 2167/454/4 2144/479/4 2145/481/4
f 2167/454/4 2145/481/4 2146/482/4
f 2241/480/4 2239/478/4 2240/483/4
f 2167/454/4 2146/482/4 2147/484/4
f 2167/454/4 2147/484/4 2148/485/4
f 2167/454/4 2148/485/4 2149/486/27
f 2167/454/4 2149/486/27 2150/487/4
f 2166/488/27 2167/454/4 2150/487/4
f 2165/489/30 2166/488/27 2150/487/4
f 2165/489/30 2150/487/4 2151/490/26
f 2164/491/4 2165/489/30 2151/490/26
f 2163/492/26 2164/491/4 2151/490/26
f 2162/493/4 2163/492/26 2151/490/26
f 2162/493/4 2151/490/26 2152/494/27
f 2161/495/30 2162/493/4 2152/494/27
f 2160/496/30 2161/495/30 2152/494/27
f 2160/496/30 2152/494/27 2153/497/28
f 2159/498/30 2160/496/30 2153/497/28
f 2158/499/4 2159/498/30 2153/497/28
f 2158/499/4 2153/497/28 2154/500/26
f 2157/501/4 2158/499/4 2154/500/26
f 2156/502/4 2157/501/4 2154/500/26
f 2156/502/4 2154/500/26 2155/503/26
f 2491/504/4 2492/506/4 2493/505/4
f 2491/504/4 2493/505/4 2494/507/4
f 2490/508/4 2491/504/4 2494/507/4
f 2490/508/4 2494/507/4 2495/509/4
f 2489/510/4 2490/508/4 2495/509/4
f 2489/510/4 2495/509/4 2496/511/4
f 2488/512/4 2489/510/4 2496/511/4
f 2380/513/4 2381/515/4 2382/514/4
f 2488/512/4 2496/511/4 2497/516/4
f 2379/517/4 2380/513/4 2382/514/4
f 2378/518/4 2379/517/4 2382/514/4
f 2377/519/4 2378/518/4 2382/514/4
f 2376/520/4 2377/519/4 2382/514/4
f 2487/521/4 2488/512/4 2497/516/4
f 2375/522/4 2376/520/4 2382/514/4
f 2374/523/4 2375/522/4 2382/514/4
f 2373/524/4 2374/523/4 2382/514/4
f 2487/521/4 2497/516/4 2498/525/4
f 2372/526/4 2373/524/4 2382/514/4
f 2371/527/4 2372/526/4 2382/514/4
f 2370/528/4 2371/527/4 2382/514/4
f 2369/529/4 2370/528/4 2382/514/4
f 2486/530/4 2487/521/4 2498/525/4
f 2368/531/4 2369/529/4 2382/514/4
f 2486/530/4 2498/525/4 2499/532/4
f 2367/533/4 2368/531/4 2382/514/4
f 2366/534/4 2367/533/4 2382/514/4
f 2485/535/4 2486/530/4 2499/532/4
f 2365/536/4 2366/534/4 2382/514/4
f 2485/535/4 2499/532/4 2500/537/4
f 2365/536/4 2382/514/4 2383/538/4
f 2364/539/4 2365/536/4 2383/538/4
f 2364/539/4 2383/538/4 2384/540/26
f 2363/541/4 2364/539/4 2384/540/26
f 2363/541/4 2384/540/26 2385/542/4
f 2363/541/4 2385/542/4 2386/543/27
f 2484/544/4 2485/535/4 2500/537/4
f 2363/541/4 2386/543/27 2387/545/26
f 2484/544/4 2500/537/4 2501/546/4
f 2363/541/4 2387/545/26 2388/547/26
f 2362/548/4 2363/541/4 2388/547/26
f 2362/548/4 2388/547/26 2389/549/27
f 2362/548/4 2389/549/27 2390/550/4
f 2362/548/4 2390/550/4 2391/551/4
f 2361/552/4 2362/548/4 2391/551/4
f 2361/552/4 2391/551/4 2392/553/30
f 2361/552/4 2392/553/30 2393/554/33
f 2483/555/4 2484/544/4 2501/546/4
f 2361/552/4 2393/554/33 2394/556/4
f 2483/555/4 2501/546/4 2502/557/4
f 2361/552/4 2394/556/4 2395/558/26
f 2360/559/4 2361/552/4 2395/558/26
f 2360/559/4 2395/558/26 2396/560/4
f 2359/561/4 2360/559/4 2396/560/4
f 2483/555/4 2502/557/4 2503/562/4
f 2359/561/4 2396/560/4 2397/563/4
f 2482/564/4 2483/555/4 2503/562/4
f 2358/43/4 2359/561/4 2397/563/4
f 2358/43/4 2397/563/4 2398/565/4
f 2482/564/4 2503/562/4 2504/46/4
f 2504/46/4 2358/43/4 2398/565/4
f 2504/46/4 2398/565/4 2399/566/4
f 2481/567/4 2482/564/4 2504/46/4
f 2481/567/4 2504/46/4 2399/566/4
f 2481/567/4 2399/566/4 2400/568/4
f 2480/569/4 2481/567/4 2400/568/4
f 2480/569/4 2400/568/4 2401/570/4
f 2480/569/4 2401/570/4 2402/571/4
f 2479/572/4 2480/569/4 2402/571/4
f 2479/572/4 2402/571/4 2403/573/4
f 2478/574/4 2479/572/4 2403/573/4
f 2478/574/4 2403/573/4 2404/575/4
f 2477/576/4 2478/574/4 2404/575/4
f 2477/576/4 2404/575/4 2405/577/4
f 2476/578/4 2477/576/4 2405/577/4
f 2476/578/4 2405/577/4 2406/579/4
f 2475/580/4 2476/578/4 2406/579/4
f 2475/580/4 2406/579/4 2407/581/4
f 2474/582/4 2475/580/4 2407/581/4
f 2474/582/4 2407/581/4 2408/583/4
f 2474/582/4 2408/583/4 2409/584/4
f 2473/585/4 2474/582/4 2409/584/4
f 2473/585/4 2409/584/4 2410/586/4
f 2472/587/4 2473/585/4 2410/586/4
f 2472/587/4 2410/586/4 2411/588/4
f 2472/587/4 2411/588/4 2412/589/4
f 2471/590/4 2472/587/4 2412/589/4
f 2471/590/4 2412/589/4 2413/591/4
f 2470/592/4 2471/590/4 2413/591/4
f 2470/592/4 2413/591/4 2414/593/4
f 2470/592/4 2414/593/4 2415/594/4
f 2469/595/4 2470/592/4 2415/594/4
f 2469/595/4 2415/594/4 2416/596/4
f 2468/597/4 2469/595/4 2416/596/4
f 2468/597/4 2416/596/4 2417/598/4
f 2468/597/4 2417/598/4 2418/599/4
f 2467/600/4 2468/597/4 2418/599/4
f 2467/600/4 2418/599/4 2419/601/4
f 2466/602/4 2467/600/4 2419/601/4
f 2466/602/4 2419/601/4 2420/603/4
f 2466/602/4 2420/603/4 2421/604/4
f 2465/605/4 2466/602/4 2421/604/4
f 2465/605/4 2421/604/4 2422/606/4
f 2465/605/4 2422/606/4 2423/607/4
f 2465/605/4 2423/607/4 2424/608/4
f 2464/609/4 2465/605/4 2424/608/4
f 2441/610/4 2442/612/4 2443/611/4
f 2464/609/4 2424/608/4 2425/613/4
f 2440/614/4 2441/610/4 2443/611/4
f 2464/609/4 2425/613/4 2426/615/27
f 2439/616/4 2440/614/4 2443/611/4
f 2438/617/4 2439/616/4 2443/611/4
f 2437/618/4 2438/617/4 2443/611/4
f 2464/609/4 2426/615/27 2427/619/4
f 2463/620/4 2464/609/4 2427/619/4
f 2436/621/4 2437/618/4 2443/611/4
f 2435/622/4 2436/621/4 2443/611/4
f 2463/620/4 2427/619/4 2428/623/26
f 2434/624/26 2435/622/4 2443/611/4
f 2433/625/4 2434/624/26 2443/611/4
f 2463/620/4 2428/623/26 2429/626/27
f 2432/627/4 2433/625/4 2443/611/4
f 2431/116/4 2432/627/4 2443/611/4
f 2463/620/4 2429/626/27 2430/628/4
f 2430/628/4 2431/116/4 2443/611/4
f 2463/620/4 2430/628/4 2443/611/4
f 2462/629/4 2463/620/4 2443/611/4
f 2461/630/4 2462/629/4 2443/611/4
f 2460/631/4 2461/630/4 2443/611/4
f 2459/632/4 2460/631/4 2443/611/4
f 2459/632/4 2443/611/4 2444/633/4
f 2459/632/4 2444/633/4 2445/634/33
f 2458/635/4 2459/632/4 2445/634/33
f 2458/635/4 2445/634/33 2446/636/30
f 2458/635/4 2446/636/30 2447/637/26
f 2458/635/4 2447/637/26 2448/638/4
f 2457/639/4 2458/635/4 2448/638/4
f 2457/639/4 2448/638/4 2449/640/26
f 2457/639/4 2449/640/26 2450/641/26
f 2457/639/4 2450/641/26 2451/642/33
f 2456/643/26 2457/639/4 2451/642/33
f 2456/643/26 2451/642/33 2452/644/26
f 2456/643/26 2452/644/26 2453/645/27
f 2455/646/4 2456/643/26 2453/645/27
f 2455/646/4 2453/645/27 2454/647/26
f 2589/350/4 2590/649/4 2591/648/4
f 2615/650/4 2616/259/4 2617/651/4
f 2588/652/4 2589/350/4 2591/648/4
f 2615/650/4 2617/651/4 2618/653/4
f 2587/205/4 2588/652/4 2591/648/4
f 2615/650/4 2618/653/4 2619/250/4
f 2586/371/4 2587/205/4 2591/648/4
f 2585/654/4 2586/371/4 2591/648/4
f 2615/650/4 2619/250/4 2620/655/4
f 2584/656/4 2585/654/4 2591/648/4
f 2615/650/4 2620/655/4 2621/657/4
f 2583/397/4 2584/656/4 2591/648/4
f 2615/650/4 2621/657/4 2622/223/4
f 2582/658/27 2583/397/4 2591/648/4
f 2615/650/4 2622/223/4 2623/659/4
f 2615/650/4 2623/659/4 2624/660/4
f 2581/661/26 2582/658/27 2591/648/4
f 2615/650/4 2624/660/4 2625/228/4
f 2580/437/4 2581/661/26 2591/648/4
f 2615/650/4 2625/228/4 2626/662/4
f 2579/663/4 2580/437/4 2591/648/4
f 2615/650/4 2626/662/4 2627/664/4
f 2628/46/4 2579/663/4 2591/648/4
f 2615/650/4 2627/664/4 2628/46/4
f 2615/650/4 2628/46/4 2591/648/4
f 2615/650/4 2591/648/4 2592/363/4
f 2614/665/27 2615/650/4 2592/363/4
f 2614/665/27 2592/363/4 2593/666/4
f 2613/233/26 2614/665/27 2593/666/4
f 2613/233/26 2593/666/4 2594/667/33
f 2612/668/28 2613/233/26 2594/667/33
f 2612/668/28 2594/667/33 2595/294/31
f 2611/669/33 2612/668/28 2595/294/31
f 2611/669/33 2595/294/31 2596/670/4
f 2610/244/27 2611/669/33 2596/670/4
f 2610/244/27 2596/670/4 2597/671/4
f 2609/672/30 2610/244/27 2597/671/4
f 2609/672/30 2597/671/4 2598/281/26
f 2608/673/26 2609/672/30 2598/281/26
f 2608/673/26 2598/281/26 2599/674/27
f 2607/266/4 2608/673/26 2599/674/27
f 2607/266/4 2599/674/27 2600/675/4
f 2606/676/4 2607/266/4 2600/675/4
f 2606/676/4 2600/675/4 2601/268/4
f 2605/677/4 2606/676/4 2601/268/4
f 2605/677/4 2601/268/4 2602/678/27
f 2604/284/33 2605/677/4 2602/678/27
f 2604/284/33 2602/678/27 2603/679/4
f 2564/680/4 2565/396/4 2566/681/4
f 2564/680/4 2566/681/4 2567/682/4
f 2563/683/4 2564/680/4 2567/682/4
f 2562/415/4 2563/683/4 2567/682/4
f 2562/415/4 2567/682/4 2568/386/4
f 2561/684/4 2562/415/4 2568/386/4
f 2561/684/4 2568/386/4 2569/685/4
f 2561/684/4 2569/685/4 2570/686/4
f 2560/687/4 2561/684/4 2570/686/4
f 2560/687/4 2570/686/4 2571/379/4
f 2559/436/4 2560/687/4 2571/379/4
f 2559/436/4 2571/379/4 2572/688/4
f 2558/689/4 2559/436/4 2572/688/4
f 2558/689/4 2572/688/4 2573/690/4
f 2557/691/4 2558/689/4 2573/690/4
f 2557/691/4 2573/690/4 2574/412/4
f 2557/691/4 2574/412/4 2575/692/4
f 2556/453/4 2557/691/4 2575/692/4
f 2556/453/4 2575/692/4 2576/693/4
f 2555/694/4 2556/453/4 2576/693/4
f 2555/694/4 2576/693/4 2577/450/4
f 2555/694/4 2577/450/4 2578/695/4
f 2554/696/4 2555/694/4 2578/695/4
f 2554/696/4 2578/695/4 2505/43/4
f 2553/473/4 2554/696/4 2505/43/4
f 2553/473/4 2505/43/4 2506/697/4
f 2552/698/4 2553/473/4 2506/697/4
f 2552/698/4 2506/697/4 2507/699/4
f 2552/698/4 2507/699/4 2508/342/4
f 2551/700/4 2552/698/4 2508/342/4
f 2551/700/4 2508/342/4 2509/701/4
f 2551/700/4 2509/701/4 2510/702/4
f 2527/703/4 2528/704/4 2529/366/4
f 2550/469/4 2551/700/4 2510/702/4
f 2550/469/4 2510/702/4 2511/318/4
f 2526/323/4 2527/703/4 2529/366/4
f 2525/705/4 2526/323/4 2529/366/4
f 2550/469/4 2511/318/4 2512/706/4
f 2524/707/4 2525/705/4 2529/366/4
f 2523/330/4 2524/707/4 2529/366/4
f 2550/469/4 2512/706/4 2513/708/4
f 2522/709/4 2523/330/4 2529/366/4
f 2549/710/4 2550/469/4 2513/708/4
f 2521/711/4 2522/709/4 2529/366/4
f 2549/710/4 2513/708/4 2514/300/4
f 2520/311/4 2521/711/4 2529/366/4
f 2519/712/4 2520/311/4 2529/366/4
f 2549/710/4 2514/300/4 2515/713/30
f 2518/714/4 2519/712/4 2529/366/4
f 2517/302/4 2518/714/4 2529/366/4
f 2549/710/4 2515/713/30 2516/715/4
f 2516/715/4 2517/302/4 2529/366/4
f 2549/710/4 2516/715/4 2529/366/4
f 2548/716/4 2549/710/4 2529/366/4
f 2547/456/4 2548/716/4 2529/366/4
f 2546/208/4 2547/456/4 2529/366/4
f 2546/208/4 2529/366/4 2530/717/26
f 2545/718/4 2546/208/4 2530/717/26
f 2545/718/4 2530/717/26 2531/719/27
f 2545/718/4 2531/719/27 2532/417/4
f 2544/495/4 2545/718/4 2532/417/4
f 2544/495/4 2532/417/4 2533/720/4
f 2544/495/4 2533/720/4 2534/721/26
f 2544/495/4 2534/721/26 2535/443/27
f 2543/722/4 2544/495/4 2535/443/27
f 2543/722/4 2535/443/27 2536/723/26
f 2543/722/4 2536/723/26 2537/724/26
f 2542/725/26 2543/722/4 2537/724/26
f 2542/725/26 2537/724/26 2538/484/30
f 2542/725/26 2538/484/30 2539/726/4
f 2541/500/26 2542/725/26 2539/726/4
f 2541/500/26 2539/726/4 2540/727/4
f 2699/728/4 2700/730/4 2701/729/4
f 2698/731/4 2699/728/4 2701/729/4
f 2697/732/27 2698/731/4 2701/729/4
f 2696/733/39 2697/732/27 2701/729/4
f 2695/734/40 2696/733/39 2701/729/4
f 2694/735/27 2695/734/40 2701/729/4
f 2693/736/4 2694/735/27 2701/729/4
f 2692/737/4 2693/736/4 2701/729/4
f 2691/738/40 2692/737/4 2701/729/4
f 2690/739/27 2691/738/40 2701/729/4
f 2689/740/4 2690/739/27 2701/729/4
f 2688/741/4 2689/740/4 2701/729/4
f 2687/742/4 2688/741/4 2701/729/4
f 2686/743/4 2687/742/4 2701/729/4
f 2685/744/4 2686/743/4 2701/729/4
f 2684/745/4 2685/744/4 2701/729/4
f 2683/746/4 2684/745/4 2701/729/4
f 2682/747/4 2683/746/4 2701/729/4
f 2882/748/4 2883/750/5 2884/749/4
f 2681/751/27 2682/747/4 2701/729/4
f 2680/752/26 2681/751/27 2701/729/4
f 2882/748/4 2884/749/4 2885/753/4
f 2882/748/4 2885/753/4 2886/754/4
f 2679/755/4 2680/752/26 2701/729/4
f 2882/748/4 2886/754/4 2887/756/4
f 2882/748/4 2887/756/4 2888/757/4
f 2678/758/33 2679/755/4 2701/729/4
f 2882/748/4 2888/757/4 2889/759/5
f 2882/748/4 2889/759/5 2890/760/4
f 2677/761/26 2678/758/33 2701/729/4
f 2882/748/4 2890/760/4 2891/762/5
f 2882/748/4 2891/762/5 2892/763/5
f 2882/748/4 2892/763/5 2893/764/4
f 2895/46/4 2677/761/26 2701/729/4
f 2882/748/4 2893/764/4 2894/765/4
f 2882/748/4 2894/765/4 2895/46/4
f 2882/748/4 2895/46/4 2881/766/4
f 2881/766/4 2895/46/4 2880/767/4
f 2880/767/4 2895/46/4 2879/768/4
f 2879/768/4 2895/46/4 2878/769/5
f 2878/769/5 2895/46/4 2877/770/4
f 2877/770/4 2895/46/4 2701/729/4
f 2877/770/4 2701/729/4 2876/771/4
f 2876/771/4 2701/729/4 2875/772/4
f 2875/772/4 2701/729/4 2874/773/4
f 2874/773/4 2701/729/4 2702/774/26
f 2874/773/4 2702/774/26 2873/775/4
f 2873/775/4 2702/774/26 2703/776/26
f 2873/775/4 2703/776/26 2857/241/27
f 2857/241/27 2703/776/26 2704/777/33
f 2857/241/27 2704/777/33 2705/494/33
f 2857/241/27 2705/494/33 2706/778/4
f 2857/241/27 2706/778/4 2707/779/26
f 2873/775/4 2857/241/27 2872/780/4
f 2872/780/4 2857/241/27 2871/781/4
f 2871/781/4 2857/241/27 2869/782/26
f 2869/782/26 2857/241/27 2868/783/4
f 2868/783/4 2857/241/27 2867/784/33
f 2867/784/33 2857/241/27 2866/785/26
f 2866/785/26 2857/241/27 2865/786/41
f 2865/786/41 2857/241/27 2864/787/4
f 2864/787/4 2857/241/27 2863/788/4
f 2863/788/4 2857/241/27 2862/789/4
f 2862/789/4 2857/241/27 2861/790/33
f 2861/790/33 2857/241/27 2860/791/26
f 2860/791/26 2857/241/27 2856/792/4
f 2858/793/4 2857/241/27 2859/794/26
f 2859/794/26 2857/241/27 2707/779/26
f 2859/794/26 2707/779/26 2708/795/27
f 2859/794/26 2708/795/27 2709/796/26
f 2860/791/4 2859/794/26 2709/796/26
f 2856/792/4 2860/791/4 2709/796/26
f 2856/792/4 2709/796/26 2710/797/4
f 2856/792/4 2710/797/4 2711/798/26
f 2855/799/4 2856/792/4 2711/798/26
f 2855/799/4 2711/798/26 2712/800/27
f 2855/799/4 2712/800/27 2713/801/27
f 2871/781/4 2869/782/26 2870/802/4
f 2855/799/4 2713/801/27 2714/803/26
f 2854/804/4 2855/799/4 2714/803/26
f 2854/804/4 2714/803/26 2715/805/4
f 2854/804/4 2715/805/4 2716/806/4
f 2853/807/4 2854/804/4 2716/806/4
f 2853/807/4 2716/806/4 2717/808/4
f 2852/809/4 2853/807/4 2717/808/4
f 2852/809/4 2717/808/4 2718/810/4
f 2851/811/4 2852/809/4 2718/810/4
f 2851/811/4 2718/810/4 2719/812/4
f 2850/813/4 2851/811/4 2719/812/4
f 2850/813/4 2719/812/4 2720/814/4
f 2849/815/4 2850/813/4 2720/814/4
f 2848/816/4 2849/815/4 2720/814/4
f 2848/816/4 2720/814/4 2721/817/4
f 2847/818/4 2848/816/4 2721/817/4
f 2847/818/4 2721/817/4 2722/819/4
f 2846/820/4 2847/818/4 2722/819/4
f 2845/821/4 2846/820/4 2722/819/4
f 2845/821/4 2722/819/4 2723/822/4
f 2844/823/4 2845/821/4 2723/822/4
f 2736/824/27 2737/826/30 2738/825/26
f 2735/827/4 2736/824/27 2738/825/26
f 2734/828/4 2735/827/4 2738/825/26
f 2733/829/27 2734/828/4 2738/825/26
f 2732/830/33 2733/829/27 2738/825/26
f 2732/830/33 2738/825/26 2739/831/4
f 2844/823/4 2723/822/4 2728/832/4
f 2728/832/4 2723/822/4 2724/833/4
f 2731/834/26 2732/830/33 2739/831/4
f 2730/835/26 2731/834/26 2739/831/4
f 2726/836/42 2725/838/4 2727/837/27
f 2727/837/27 2725/838/4 2728/832/38
f 2728/832/38 2725/838/4 2724/833/4
f 2729/839/33 2730/835/26 2739/831/4
f 2729/839/33 2739/831/4 2740/840/4
f 2728/832/4 2729/839/33 2740/840/4
f 2843/841/4 2844/823/4 2728/832/4
f 2843/841/4 2728/832/4 2740/840/4
f 2843/841/4 2740/840/4 2741/842/4
f 2842/843/4 2843/841/4 2741/842/4
f 2842/843/4 2741/842/4 2742/844/4
f 2841/845/4 2842/843/4 2742/844/4
f 2841/845/4 2742/844/4 2743/445/4
f 2840/846/4 2841/845/4 2743/445/4
f 2840/846/4 2743/445/4 2821/847/4
f 2821/847/4 2743/445/4 2744/848/4
f 2840/846/4 2821/847/4 2822/849/27
f 2820/850/33 2821/847/4 2744/848/4
f 2840/846/4 2822/849/27 2823/851/4
f 2819/360/27 2820/850/33 2744/848/4
f 2839/852/4 2840/846/4 2823/851/4
f 2839/852/4 2823/851/4 2824/853/26
f 2818/854/4 2819/360/27 2744/848/4
f 2818/854/4 2744/848/4 2745/855/4
f 2817/856/4 2818/854/4 2745/855/4
f 2839/852/4 2824/853/26 2825/857/27
f 2816/858/4 2817/856/4 2745/855/4
f 2839/852/4 2825/857/27 2826/859/4
f 2838/860/4 2839/852/4 2826/859/4
f 2815/861/4 2816/858/4 2745/855/4
f 2838/860/4 2826/859/4 2827/862/4
f 2815/861/4 2745/855/4 2746/863/4
f 2837/864/4 2838/860/4 2827/862/4
f 2814/865/4 2815/861/4 2746/863/4
f 2837/864/4 2827/862/4 2828/866/4
f 2813/867/4 2814/865/4 2746/863/4
f 2813/867/4 2746/863/4 2747/868/4
f 2836/869/4 2837/864/4 2828/866/4
f 2836/869/4 2828/866/4 2829/870/4
f 2812/871/4 2813/867/4 2747/868/4
f 2835/872/4 2836/869/4 2829/870/4
f 2835/872/4 2829/870/4 2830/873/4
f 2812/871/4 2747/868/4 2748/874/4
f 2811/875/4 2812/871/4 2748/874/4
f 2834/876/4 2835/872/4 2830/873/4
f 2834/876/4 2830/873/4 2831/877/4
f 2810/878/4 2811/875/4 2748/874/4
f 2810/878/4 2748/874/4 2749/879/4
f 2833/880/4 2834/876/4 2832/881/4
f 2832/881/4 2834/876/4 2831/877/4
f 2809/882/4 2810/878/4 2749/879/4
f 2784/883/33 2785/885/43 2786/884/26
f 2783/886/26 2784/883/33 2786/884/26
f 2783/886/26 2786/884/26 2787/887/4
f 2782/888/4 2783/886/26 2787/887/4
f 2782/888/4 2787/887/4 2788/889/4
f 2781/428/4 2782/888/4 2788/889/4
f 2781/428/4 2788/889/4 2789/890/4
f 2808/891/4 2809/882/4 2749/879/4
f 2808/891/4 2749/879/4 2750/892/4
f 2780/893/4 2781/428/4 2789/890/4
f 2780/893/4 2789/890/4 2790/894/4
f 2779/895/4 2780/893/4 2790/894/4
f 2807/896/4 2808/891/4 2750/892/4
f 2779/895/4 2790/894/4 2791/897/4
f 2778/898/4 2779/895/4 2791/897/4
f 2806/899/4 2807/896/4 2750/892/4
f 2777/900/4 2778/898/4 2791/897/4
f 2777/900/4 2791/897/4 2792/901/4
f 2806/899/4 2750/892/4 2751/902/4
f 2805/903/4 2806/899/4 2751/902/4
f 2776/904/4 2777/900/4 2676/905/4
f 2676/905/4 2777/900/4 2792/901/4
f 2676/905/4 2792/901/4 2675/906/26
f 2675/906/26 2792/901/4 2793/907/4
f 2776/904/4 2676/905/4 2629/43/4
f 2776/904/4 2629/43/4 2630/908/26
f 2674/909/4 2675/906/26 2793/907/4
f 2776/904/4 2630/908/26 2631/910/27
f 2673/911/4 2674/909/4 2793/907/4
f 2776/904/4 2631/910/27 2632/912/26
f 2804/913/4 2805/903/4 2751/902/4
f 2775/914/4 2776/904/4 2632/912/26
f 2775/914/4 2632/912/26 2633/915/4
f 2672/916/27 2673/911/4 2793/907/4
f 2775/914/4 2633/915/4 2634/917/4
f 2672/916/27 2793/907/4 2794/918/4
f 2804/913/4 2751/902/4 2752/919/4
f 2671/920/26 2672/916/27 2794/918/4
f 2775/914/4 2634/917/4 2635/921/4
f 2803/922/4 2804/913/4 2752/919/4
f 2775/914/4 2635/921/4 2636/923/26
f 2774/924/4 2775/914/4 2636/923/26
f 2670/925/27 2671/920/26 2794/918/4
f 2774/924/4 2636/923/26 2637/926/4
f 2774/924/4 2637/926/4 2638/927/4
f 2802/928/4 2803/922/4 2752/919/4
f 2670/925/27 2794/918/4 2795/929/4
f 2669/930/4 2670/925/27 2795/929/4
f 2774/924/4 2638/927/4 2639/931/4
f 2773/932/4 2774/924/4 2639/931/4
f 2773/932/4 2639/931/4 2640/933/4
f 2668/934/4 2669/930/4 2795/929/4
f 2801/935/4 2802/928/4 2752/919/4
f 2801/935/4 2752/919/4 2753/936/4
f 2773/932/4 2640/933/4 2641/937/4
f 2668/934/4 2795/929/4 2796/938/4
f 2800/939/26 2801/935/4 2753/936/4
f 2772/940/4 2773/932/4 2641/937/4
f 2667/331/4 2668/934/4 2796/938/4
f 2772/940/4 2641/937/4 2642/941/4
f 2799/942/27 2800/939/26 2753/936/4
f 2772/940/4 2642/941/4 2643/943/4
f 2666/944/4 2667/331/4 2796/938/4
f 2798/945/26 2799/942/27 2753/936/4
f 2772/940/4 2643/943/4 2644/946/26
f 2666/944/4 2796/938/4 2797/947/4
f 2771/948/4 2772/940/4 2644/946/26
f 2798/945/26 2753/936/4 2754/949/4
f 2771/948/4 2644/946/26 2645/950/27
f 2797/947/4 2798/945/26 2754/949/4
f 2665/951/4 2666/944/4 2797/947/4
f 2665/951/4 2797/947/4 2754/949/4
f 2771/948/4 2645/950/27 2646/952/4
f 2771/948/4 2646/952/4 2647/953/4
f 2770/954/4 2771/948/4 2647/953/4
f 2770/954/4 2647/953/4 2648/955/26
f 2664/956/44 2665/951/4 2663/957/33
f 2663/957/33 2665/951/4 2754/949/4
f 2663/957/33 2754/949/4 2755/958/4
f 2770/954/4 2648/955/26 2649/959/4
f 2770/954/4 2649/959/4 2650/960/28
f 2662/961/26 2663/957/33 2755/958/4
f 2661/962/26 2662/961/26 2755/958/4
f 2660/963/30 2661/962/26 2755/958/4
f 2659/964/27 2660/963/30 2755/958/4
f 2770/954/4 2650/960/28 2651/965/27
f 2658/966/30 2659/964/27 2755/958/4
f 2657/967/43 2658/966/30 2755/958/4
f 2656/968/4 2657/967/43 2755/958/4
f 2655/969/26 2656/968/4 2755/958/4
f 2770/954/4 2651/965/27 2652/970/26
f 2654/971/4 2655/969/26 2755/958/4
f 2653/972/45 2654/971/4 2755/958/4
f 2652/970/26 2653/972/45 2755/958/4
f 2770/954/4 2652/970/26 2755/958/4
f 2769/973/4 2770/954/4 2755/958/4
f 2769/973/4 2755/958/4 2756/974/4
f 2768/975/4 2769/973/4 2756/974/4
f 2767/976/4 2768/975/4 2756/974/4
f 2767/976/4 2756/974/4 2757/977/4
f 2766/978/4 2767/976/4 2757/977/4
f 2766/978/4 2757/977/4 2758/979/4
f 2765/980/27 2766/978/4 2758/979/4
f 2765/980/27 2758/979/4 2759/981/4
f 2764/982/4 2765/980/27 2759/981/4
f 2763/983/26 2764/982/4 2759/981/4
f 2763/983/26 2759/981/4 2760/984/4
f 2762/116/27 2763/983/26 2760/984/4
f 2762/116/27 2760/984/4 2761/985/4
f 3031/986/4 3032/988/4 3033/987/4
f 3031/986/4 3033/987/4 3034/989/4
f 3030/990/4 3031/986/4 3034/989/4
f 3030/990/4 3034/989/4 3035/991/4
f 3029/992/4 3030/990/4 3035/991/4
f 3029/992/4 3035/991/4 3036/993/4
f 2934/994/4 2935/996/4 2936/995/4
f 3028/997/4 3029/992/4 3036/993/4
f 3028/997/4 3036/993/4 3037/998/4
f 3027/999/26 3028/997/4 3037/998/4
f 3027/999/26 3037/998/4 3038/1000/26
f 2934/994/4 2936/995/4 2937/1001/4
f 3026/1002/4 3027/999/26 3038/1000/26
f 3026/1002/4 3038/1000/26 3039/1003/4
f 2934/994/4 2937/1001/4 2938/1004/4
f 3025/1005/4 3026/1002/4 3039/1003/4
f 3025/1005/4 3039/1003/4 3040/1006/4
f 2933/1007/4 2934/994/4 2938/1004/4
f 3024/1008/4 3025/1005/4 3040/1006/4
f 2933/1007/4 2938/1004/4 2939/1009/4
f 3024/1008/4 3040/1006/4 3041/1010/4
f 3023/1011/4 3024/1008/4 3041/1010/4
f 3023/1011/4 3041/1010/4 3042/1012/4
f 2908/1013/4 2909/1015/4 2910/1014/4
f 2933/1007/4 2939/1009/4 2940/1016/4
f 3022/1017/4 3023/1011/4 3042/1012/4
f 2932/1018/4 2933/1007/4 2940/1016/4
f 3022/1017/4 3042/1012/4 3043/1019/4
f 3021/1020/4 3022/1017/4 3043/1019/4
f 3021/1020/4 3043/1019/4 3044/1021/4
f 2932/1018/4 2940/1016/4 2941/1022/4
f 2931/1023/4 2932/1018/4 2941/1022/4
f 2908/1013/4 2910/1014/4 2911/1024/4
f 3020/1025/4 3021/1020/4 3044/1021/4
f 3020/1025/4 3044/1021/4 3045/46/4
f 2908/1013/4 2911/1024/4 2912/1026/4
f 2930/1027/4 2931/1023/4 2941/1022/4
f 2930/1027/4 2941/1022/4 2942/1028/4
f 3019/1029/4 3020/1025/4 3045/46/4
f 3019/1029/4 3045/46/4 2948/1030/4
f 2907/1031/4 2908/1013/4 2912/1026/4
f 2907/1031/4 2912/1026/4 2913/1032/4
f 2929/1033/4 2930/1027/4 2942/1028/4
f 2929/1033/4 2942/1028/4 2943/1034/4
f 2907/1031/4 2913/1032/4 2914/1035/4
f 2906/1036/4 2907/1031/4 2914/1035/4
f 2928/1037/4 2929/1033/4 2943/1034/4
f 2928/1037/4 2943/1034/4 2944/1038/4
f 3018/1039/4 3019/1029/4 2948/1030/4
f 3018/1039/4 2948/1030/4 2949/1040/4
f 2905/1041/4 2906/1036/4 2914/1035/4
f 2905/1041/4 2914/1035/4 2915/1042/4
f 2927/1043/4 2928/1037/4 2944/1038/4
f 2927/1043/4 2944/1038/4 2945/1044/4
f 2904/1045/4 2905/1041/4 2915/1042/4
f 2904/1045/4 2915/1042/4 2916/1046/4
f 2926/1047/4 2927/1043/4 2945/1044/4
f 2926/1047/4 2945/1044/4 2946/1048/4
f 2903/1049/4 2904/1045/4 2916/1046/4
f 3017/1050/4 3018/1039/4 2949/1040/4
f 2925/1051/4 2926/1047/4 2946/1048/4
f 2903/1049/4 2916/1046/4 2917/1052/4
f 3017/1050/4 2949/1040/4 2950/1053/4
f 2925/1051/4 2946/1048/4 2947/1054/4
f 2902/1055/4 2903/1049/4 2917/1052/4
f 2924/1056/4 2925/1051/4 2947/1054/4
f 2902/1055/4 2917/1052/4 2918/1057/4
f 2901/1058/4 2902/1055/4 2918/1057/4
f 2924/1056/4 2947/1054/4 2923/1059/4
f 2923/1059/4 2947/1054/4 2922/1060/4
f 2901/1058/4 2918/1057/4 2919/1061/4
f 3016/1062/4 3017/1050/4 2950/1053/4
f 2900/1063/4 2901/1058/4 2919/1061/4
f 3016/1062/4 2950/1053/4 2951/1064/4
f 2900/1063/4 2919/1061/4 2920/1065/4
f 2899/1066/4 2900/1063/4 2920/1065/4
f 2899/1066/4 2920/1065/4 2921/1067/4
f 2898/1068/4 2899/1066/4 2921/1067/4
f 3015/1069/4 3016/1062/4 2951/1064/4
f 2897/1070/4 2898/1068/4 2921/1067/4
f 2897/1070/4 2921/1067/4 2896/43/4
f 3015/1069/4 2951/1064/4 2952/1071/4
f 3014/1072/4 3015/1069/4 2952/1071/4
f 3014/1072/4 2952/1071/4 2953/1073/4
f 3014/1072/4 2953/1073/4 2954/1074/4
f 3013/1075/4 3014/1072/4 2954/1074/4
f 3013/1075/4 2954/1074/4 2955/1076/4
f 3012/1077/4 3013/1075/4 2955/1076/4
f 3012/1077/4 2955/1076/4 2956/1078/4
f 3011/1079/4 3012/1077/4 2956/1078/4
f 3011/1079/4 2956/1078/4 2957/1080/4
f 3010/1081/4 3011/1079/4 2957/1080/4
f 3010/1081/4 2957/1080/4 2958/1082/4
f 2982/1083/4 2983/1085/4 2984/1084/4
f 3009/1086/4 3010/1081/4 2958/1082/4
f 3009/1086/4 2958/1082/4 2959/1087/4
f 2981/1088/4 2982/1083/4 2984/1084/4
f 3008/1089/4 3009/1086/4 2959/1087/4
f 2980/1090/4 2981/1088/4 2984/1084/4
f 3008/1089/4 2959/1087/4 2960/1091/4
f 3007/1092/4 3008/1089/4 2960/1091/4
f 2980/1090/4 2984/1084/4 2985/1093/4
f 2979/1094/4 2980/1090/4 2985/1093/4
f 3007/1092/4 2960/1091/4 2961/1095/4
f 2978/1096/4 2979/1094/4 2985/1093/4
f 2978/1096/4 2985/1093/4 2986/1097/4
f 3007/1092/4 2961/1095/4 2962/1098/4
f 3006/1099/4 3007/1092/4 2962/1098/4
f 2977/1100/4 2978/1096/4 2986/1097/4
f 3006/1099/4 2962/1098/4 2963/1101/4
f 2977/1100/4 2986/1097/4 2987/1102/4
f 2976/1103/4 2977/1100/4 2987/1102/4
f 3006/1099/4 2963/1101/4 2964/1104/4
f 3005/1105/4 3006/1099/4 2964/1104/4
f 2976/1103/4 2987/1102/4 2988/1106/4
f 2975/1107/4 2976/1103/4 2988/1106/4
f 3005/1105/4 2964/1104/4 2965/1108/4
f 3005/1105/4 2965/1108/4 2966/1109/4
f 2974/1110/4 2975/1107/4 2988/1106/4
f 3004/1111/4 3005/1105/4 2966/1109/4
f 2974/1110/4 2988/1106/4 2989/1112/4
f 3004/1111/4 2966/1109/4 2967/1113/26
f 2973/1114/30 2974/1110/4 2989/1112/4
f 3004/1111/4 2967/1113/26 2968/1115/4
f 2972/1116/4 2973/1114/30 2989/1112/4
f 3004/1111/4 2968/1115/4 2969/1117/27
f 3004/1111/4 2969/1117/27 2970/1118/30
f 2971/1119/26 2972/1116/4 2989/1112/4
f 3004/1111/4 2970/1118/30 2971/1119/26
f 3004/1111/4 2971/1119/26 2989/1112/4
f 3004/1111/4 2989/1112/4 2990/1120/4
f 3003/1121/4 3004/1111/4 2990/1120/4
f 3003/1121/4 2990/1120/4 2991/1122/4
f 3002/1123/4 3003/1121/4 2991/1122/4
f 3002/1123/4 2991/1122/4 2992/1124/4
f 3001/1125/4 3002/1123/4 2992/1124/4
f 3001/1125/4 2992/1124/4 2993/1126/4
f 3000/1127/4 3001/1125/4 2993/1126/4
f 2999/1128/4 3000/1127/4 2993/1126/4
f 2999/1128/4 2993/1126/4 2994/1129/4
f 2998/1130/26 2999/1128/4 2994/1129/4
f 2998/1130/26 2994/1129/4 2995/1131/27
f 2997/1132/4 2998/1130/26 2995/1131/27
f 2997/1132/4 2995/1131/27 2996/1133/30
f 3059/1134/4 3060/1136/4 3061/1135/4
f 3059/1134/4 3061/1135/4 3058/1137/4
f 3063/1138/4 3064/1140/4 3065/1139/4
f 3063/1138/4 3065/1139/4 3062/1141/4
f 3094/1142/4 3095/1144/4 3070/1143/4
f 3145/1145/4 3146/1146/4 3147/46/4
f 3094/1142/4 3070/1143/4 3071/1147/4
f 3094/1142/4 3071/1147/4 3072/1148/4
f 3145/1145/4 3147/46/4 3096/1149/4
f 3093/1150/4 3094/1142/4 3072/1148/4
f 3093/1150/4 3072/1148/4 3073/1151/4
f 3144/1152/4 3145/1145/4 3096/1149/4
f 3093/1150/4 3073/1151/4 3074/1153/4
f 3092/1154/4 3093/1150/4 3074/1153/4
f 3144/1152/4 3096/1149/4 3097/1155/4
f 3092/1154/4 3074/1153/4 3075/1156/4
f 3091/1157/4 3092/1154/4 3075/1156/4
f 3144/1152/4 3097/1155/4 3098/1158/4
f 3091/1157/4 3075/1156/4 3076/1159/4
f 3090/1160/4 3091/1157/4 3076/1159/4
f 3090/1160/4 3076/1159/4 3077/1161/4
f 3143/1162/4 3144/1152/4 3098/1158/4
f 3089/1163/4 3090/1160/4 3077/1161/4
f 3143/1162/4 3098/1158/4 3099/1164/4
f 3089/1163/4 3077/1161/4 3078/1165/4
f 3088/1166/4 3089/1163/4 3078/1165/4
f 3143/1162/4 3099/1164/4 3100/1167/4
f 3088/1166/4 3078/1165/4 3079/1168/4
f 3087/1169/4 3088/1166/4 3079/1168/4
f 3087/1169/4 3079/1168/4 3080/1170/4
f 3086/1171/4 3087/1169/4 3080/1170/4
f 3142/1172/4 3143/1162/4 3100/1167/4
f 3142/1172/4 3100/1167/4 3101/1173/4
f 3086/1171/4 3080/1170/4 3081/1174/4
f 3085/1175/4 3086/1171/4 3081/1174/4
f 3142/1172/4 3101/1173/4 3102/1176/4
f 3084/1177/4 3085/1175/4 3081/1174/4
f 3084/1177/4 3081/1174/4 3083/1178/4
f 3083/1178/4 3081/1174/4 3082/1179/4
f 3142/1172/4 3102/1176/4 3103/1180/4
f 3141/1181/4 3142/1172/4 3103/1180/4
f 3067/1182/4 3068/1184/4 3069/1183/4
f 3067/1182/4 3069/1183/4 3066/1185/4
f 3141/1181/4 3103/1180/4 3104/1186/4
f 3141/1181/4 3104/1186/4 3105/1187/4
f 3140/1188/4 3141/1181/4 3105/1187/4
f 3140/1188/4 3105/1187/4 3106/1189/4
f 3140/1188/4 3106/1189/4 3107/1190/4
f 3139/1191/4 3140/1188/4 3107/1190/4
f 3139/1191/4 3107/1190/4 3111/1192/4
f 3111/1192/4 3107/1190/4 3108/1193/4
f 3138/1194/4 3139/1191/4 3111/1192/4
f 3137/1195/4 3138/1194/4 3111/1192/4
f 3136/1196/4 3137/1195/4 3111/1192/4
f 3135/1197/4 3136/1196/4 3111/1192/4
f 3135/1197/4 3111/1192/4 3112/1198/4
f 3110/1199/4 3111/1192/4 3108/1193/4
f 3134/1200/4 3135/1197/4 3112/1198/4
f 3134/1200/4 3112/1198/4 3113/1201/4
f 3109/1202/4 3110/1199/4 3108/1193/4
f 3134/1200/4 3113/1201/4 3114/1203/4
f 3134/1200/4 3114/1203/4 3115/1204/4
f 3133/1205/4 3134/1200/4 3115/1204/4
f 3133/1205/4 3115/1204/4 3116/1206/4
f 3132/1207/4 3133/1205/4 3116/1206/4
f 3131/1208/4 3132/1207/4 3116/1206/4
f 3131/1208/4 3116/1206/4 3117/1209/4
f 3130/1210/4 3131/1208/4 3117/1209/4
f 3130/1210/4 3117/1209/4 3118/1211/4
f 3129/1212/4 3130/1210/4 3118/1211/4
f 3128/1213/4 3129/1212/4 3118/1211/4
f 3128/1213/4 3118/1211/4 3119/1214/4
f 3127/1215/4 3128/1213/4 3119/1214/4
f 3126/1216/4 3127/1215/4 3119/1214/4
f 3126/1216/4 3119/1214/4 3120/1217/4
f 3125/1218/4 3126/1216/4 3120/1217/4
f 3125/1218/4 3120/1217/4 3121/1219/26
f 3124/1220/4 3125/1218/4 3121/1219/26
f 3123/1221/4 3124/1220/4 3121/1219/26
f 3123/1221/4 3121/1219/26 3122/1222/4
f 3051/1223/4 3052/1225/4 3055/1224/4
f 3055/1224/4 3052/1225/4 3053/1226/4
f 3055/1224/4 3053/1226/4 3054/1227/4
f 3054/1227/4 3053/1226/4 3046/43/4
f 3051/1223/4 3055/1224/4 3056/1228/4
f 3057/1229/4 3054/1227/4 3046/43/4
f 3051/1223/4 3056/1228/4 3049/1230/4
f 3049/1230/4 3056/1228/4 3057/1229/4
f 3049/1230/4 3057/1229/4 3048/1231/4
f 3048/1231/4 3057/1229/4 3046/43/4
f 3051/1223/4 3049/1230/4 3050/1232/4
f 3047/1233/4 3048/1231/4 3046/43/4
f 3333/1234/4 3334/1236/4 3335/1235/4
f 3333/1234/4 3335/1235/4 3336/1237/4
f 3332/1238/4 3333/1234/4 3336/1237/4
f 3332/1238/4 3336/1237/4 3337/1239/4
f 3331/1240/4 3332/1238/4 3337/1239/4
f 3331/1240/4 3337/1239/4 3338/1241/4
f 3330/1242/4 3331/1240/4 3338/1241/4
f 3330/1242/4 3338/1241/4 3339/1243/4
f 3329/1244/4 3330/1242/4 3339/1243/4
f 3329/1244/4 3339/1243/4 3340/1245/4
f 3328/1246/4 3329/1244/4 3340/1245/4
f 3328/1246/4 3340/1245/4 3341/1247/4
f 3327/1248/4 3328/1246/4 3341/1247/4
f 3327/1248/4 3341/1247/4 3342/1249/4
f 3326/1250/4 3327/1248/4 3342/1249/4
f 3326/1250/4 3342/1249/4 3343/1251/4
f 3325/1252/4 3326/1250/4 3343/1251/4
f 3358/1253/4 3359/1255/4 3360/1254/4
f 3325/1252/4 3343/1251/4 3344/1256/4
f 3357/1257/4 3358/1253/4 3360/1254/4
f 3356/1258/4 3357/1257/4 3360/1254/4
f 3324/1259/26 3325/1252/4 3344/1256/4
f 3324/1259/26 3344/1256/4 3345/1260/4
f 3355/1261/4 3356/1258/4 3360/1254/4
f 3354/1262/4 3355/1261/4 3360/1254/4
f 3353/1263/4 3354/1262/4 3360/1254/4
f 3323/1264/4 3324/1259/26 3345/1260/4
f 3352/1265/4 3353/1263/4 3360/1254/4
f 3323/1264/4 3345/1260/4 3346/205/26
f 3308/1266/4 3309/1268/4 3310/1267/4
f 3351/1269/4 3352/1265/4 3360/1254/4
f 3350/1270/26 3351/1269/4 3360/1254/4
f 3308/1266/4 3310/1267/4 3311/1271/4
f 3308/1266/4 3311/1271/4 3312/1272/4
f 3349/1273/27 3350/1270/26 3360/1254/4
f 3308/1266/4 3312/1272/4 3313/1274/4
f 3348/1275/26 3349/1273/27 3360/1254/4
f 3308/1266/4 3313/1274/4 3314/1276/4
f 3322/1277/4 3323/1264/4 3346/205/26
f 3347/1278/27 3348/1275/26 3360/1254/4
f 3308/1266/4 3314/1276/4 3315/1279/4
f 3346/205/26 3347/1278/27 3360/1254/4
f 3308/1266/4 3315/1279/4 3316/1280/4
f 3308/1266/4 3316/1280/4 3317/1281/4
f 3322/1277/4 3346/205/26 3360/1254/4
f 3308/1266/4 3317/1281/4 3318/1282/4
f 3321/1283/4 3322/1277/4 3360/1254/4
f 3308/1266/4 3318/1282/4 3319/1284/4
f 3308/1266/4 3319/1284/4 3320/1285/4
f 3308/1266/4 3320/1285/4 3321/1283/4
f 3308/1266/4 3321/1283/4 3360/1254/4
f 3308/1266/4 3360/1254/4 3361/1286/27
f 3308/1266/4 3361/1286/27 3362/1287/27
f 3308/1266/4 3362/1287/27 3363/1288/26
f 3308/1266/4 3363/1288/26 3364/1289/26
f 3308/1266/4 3364/1289/26 3365/1290/27
f 3308/1266/4 3365/1290/27 3366/1291/4
f 3308/1266/4 3366/1291/4 3367/1292/4
f 3308/1266/4 3367/1292/4 3368/1293/28
f 3308/1266/4 3368/1293/28 3369/1294/33
f 3307/1295/27 3308/1266/4 3369/1294/33
f 3307/1295/27 3369/1294/33 3370/1296/28
f 3306/1297/4 3307/1295/27 3370/1296/28
f 3306/1297/4 3370/1296/28 3371/1298/27
f 3305/1299/30 3306/1297/4 3371/1298/27
f 3304/1300/29 3305/1299/30 3371/1298/27
f 3304/1300/29 3371/1298/27 3372/1301/30
f 3303/1302/4 3304/1300/29 3372/1301/30
f 3303/1302/4 3372/1301/30 3295/1303/4
f 3295/1303/4 3372/1301/30 3373/1304/4
f 3302/1305/4 3303/1302/4 3295/1303/4
f 3301/1306/4 3302/1305/4 3295/1303/4
f 3300/1307/4 3301/1306/4 3295/1303/4
f 3299/1308/4 3300/1307/4 3295/1303/4
f 3298/1309/27 3299/1308/4 3295/1303/4
f 3297/1310/4 3298/1309/27 3295/1303/4
f 3296/1311/4 3297/1310/4 3295/1303/4
f 3294/1312/4 3295/1303/4 3373/1304/4
f 3294/1312/4 3373/1304/4 3374/1313/4
f 3293/1314/4 3294/1312/4 3374/1313/4
f 3293/1314/4 3374/1313/4 3375/1315/4
f 3292/1316/4 3293/1314/4 3375/1315/4
f 3292/1316/4 3375/1315/4 3376/1317/4
f 3292/1316/4 3376/1317/4 3377/1318/4
f 3291/1319/4 3292/1316/4 3377/1318/4
f 3291/1319/4 3377/1318/4 3378/1320/4
f 3431/1321/4 3432/1323/4 3433/1322/4
f 3430/1324/5 3431/1321/4 3433/1322/4
f 3290/1325/4 3291/1319/4 3378/1320/4
f 3290/1325/4 3378/1320/4 3379/1326/4
f 3429/1327/4 3430/1324/5 3433/1322/4
f 3428/1328/4 3429/1327/4 3433/1322/4
f 3427/1329/4 3428/1328/4 3433/1322/4
f 3426/1330/4 3427/1329/4 3433/1322/4
f 3290/1325/4 3379/1326/4 3380/1331/4
f 3425/1332/4 3426/1330/4 3433/1322/4
f 3424/1333/4 3425/1332/4 3433/1322/4
f 3423/1334/4 3424/1333/4 3433/1322/4
f 3395/1335/28 3396/1337/4 3397/1336/33
f 3394/1338/26 3395/1335/28 3397/1336/33
f 3422/1339/27 3423/1334/4 3433/1322/4
f 3394/1338/26 3397/1336/33 3398/1340/27
f 3289/1341/4 3290/1325/4 3380/1331/4
f 3393/1342/27 3394/1338/26 3398/1340/27
f 3392/1343/4 3393/1342/27 3398/1340/27
f 3392/1343/4 3398/1340/27 3399/1344/4
f 3421/1345/4 3422/1339/27 3433/1322/4
f 3289/1341/4 3380/1331/4 3381/1346/4
f 3391/1347/30 3392/1343/4 3399/1344/4
f 3391/1347/30 3399/1344/4 3400/1348/4
f 3420/1349/4 3421/1345/4 3433/1322/4
f 3390/1350/33 3391/1347/30 3400/1348/4
f 3389/1351/4 3390/1350/33 3400/1348/4
f 3419/1352/4 3420/1349/4 3433/1322/4
f 3389/1351/4 3400/1348/4 3401/1353/4
f 3388/1354/26 3389/1351/4 3401/1353/4
f 3385/1355/46 3384/1356/27 3381/1346/27
f 3381/1346/27 3384/1356/27 3382/1357/5
f 3382/1357/5 3384/1356/27 3383/1358/4
f 3418/1359/4 3419/1352/4 3433/1322/4
f 3289/1341/4 3381/1346/4 3385/1355/4
f 3387/1360/4 3388/1354/26 3401/1353/4
f 3387/1360/4 3401/1353/4 3402/1361/26
f 3386/1362/4 3387/1360/4 3402/1361/26
f 3417/1363/4 3418/1359/4 3433/1322/4
f 3386/1362/4 3402/1361/26 3403/1364/4
f 3288/1365/4 3289/1341/4 3385/1355/4
f 3385/1355/4 3386/1362/4 3403/1364/4
f 3416/1366/27 3417/1363/4 3433/1322/4
f 3288/1365/4 3385/1355/4 3403/1364/4
f 3288/1365/4 3403/1364/4 3404/1367/4
f 3415/1368/26 3416/1366/27 3433/1322/4
f 3414/1369/4 3415/1368/26 3433/1322/4
f 3288/1365/4 3404/1367/4 3405/1370/4
f 3413/1371/27 3414/1369/4 3433/1322/4
f 3287/1372/4 3288/1365/4 3405/1370/4
f 3412/1373/4 3413/1371/27 3433/1322/4
f 3287/1372/4 3405/1370/4 3406/1374/4
f 3411/1375/4 3412/1373/4 3433/1322/4
f 3411/1375/4 3433/1322/4 3434/1376/26
f 3411/1375/4 3434/1376/26 3435/1377/30
f 3410/1378/4 3411/1375/4 3435/1377/30
f 3287/1372/4 3406/1374/4 3407/1379/26
f 3410/1378/4 3435/1377/30 3436/1380/33
f 3410/1378/4 3436/1380/33 3437/1381/26
f 3410/1378/4 3437/1381/26 3438/1382/26
f 3409/1383/4 3410/1378/4 3438/1382/26
f 3409/1383/4 3438/1382/26 3439/1384/4
f 3286/1385/4 3287/1372/4 3259/1386/4
f 3259/1386/4 3287/1372/4 3258/1387/4
f 3258/1387/4 3287/1372/4 3407/1379/26
f 3409/1383/4 3439/1384/4 3440/1388/26
f 3409/1383/4 3440/1388/26 3441/1389/33
f 3258/1387/4 3407/1379/26 3408/1390/27
f 3408/1390/27 3409/1383/4 3441/1389/33
f 3257/1391/4 3258/1387/4 3408/1390/27
f 3256/1392/33 3257/1391/4 3408/1390/27
f 3286/1385/4 3259/1386/4 3260/1393/4
f 3255/1394/30 3256/1392/33 3408/1390/27
f 3408/1390/27 3441/1389/33 3442/1395/30
f 3286/1385/4 3260/1393/4 3261/1396/4
f 3255/1394/30 3408/1390/27 3442/1395/30
f 3254/1397/4 3255/1394/30 3442/1395/30
f 3254/1397/4 3442/1395/30 3443/1398/4
f 3286/1385/4 3261/1396/4 3262/1399/4
f 3253/1400/26 3254/1397/4 3443/1398/4
f 3253/1400/26 3443/1398/4 3444/1401/33
f 3286/1385/4 3262/1399/4 3263/1402/26
f 3252/1403/4 3253/1400/26 3444/1401/33
f 3252/1403/4 3444/1401/33 3445/46/4
f 3252/1403/4 3445/46/4 3148/43/26
f 3251/1404/4 3252/1403/4 3148/43/26
f 3286/1385/4 3263/1402/26 3264/1405/4
f 3250/1406/4 3251/1404/4 3148/43/26
f 3250/1406/4 3148/43/26 3149/1407/4
f 3286/1385/4 3264/1405/4 3265/1408/4
f 3285/1409/4 3286/1385/4 3265/1408/4
f 3249/1410/27 3250/1406/4 3149/1407/4
f 3249/1410/27 3149/1407/4 3150/1411/27
f 3285/1409/4 3265/1408/4 3266/1412/4
f 3248/1413/4 3249/1410/27 3150/1411/27
f 3248/1413/4 3150/1411/27 3151/1414/26
f 3285/1409/4 3266/1412/4 3267/1415/4
f 3248/1413/4 3151/1414/26 3152/1416/4
f 3247/208/4 3248/1413/4 3152/1416/4
f 3285/1409/4 3267/1415/4 3268/1417/4
f 3247/208/4 3152/1416/4 3153/1418/26
f 3246/1419/30 3247/208/4 3153/1418/26
f 3245/1420/4 3246/1419/30 3153/1418/26
f 3245/1420/4 3153/1418/26 3154/1421/42
f 3284/1422/4 3285/1409/4 3268/1417/4
f 3284/1422/4 3268/1417/4 3269/1423/26
f 3245/1420/4 3154/1421/42 3155/1424/4
f 3244/1425/4 3245/1420/4 3155/1424/4
f 3284/1422/4 3269/1423/26 3270/1426/4
f 3244/1425/4 3155/1424/4 3156/1427/26
f 3284/1422/4 3270/1426/4 3271/1428/4
f 3244/1425/4 3156/1427/26 3157/1429/4
f 3243/1430/4 3244/1425/4 3157/1429/4
f 3284/1422/4 3271/1428/4 3272/1431/4
f 3283/1432/4 3284/1422/4 3272/1431/4
f 3243/1430/4 3157/1429/4 3158/1433/27
f 3283/1432/4 3272/1431/4 3273/1434/4
f 3243/1430/4 3158/1433/27 3159/1435/4
f 3283/1432/4 3273/1434/4 3274/1436/26
f 3242/1437/4 3243/1430/4 3159/1435/4
f 3242/1437/4 3159/1435/4 3172/1438/4
f 3172/1438/4 3159/1435/4 3160/1439/4
f 3283/1432/4 3274/1436/26 3275/1440/4
f 3283/1432/4 3275/1440/4 3276/1441/4
f 3241/1442/4 3242/1437/4 3172/1438/4
f 3283/1432/4 3276/1441/4 3277/1443/4
f 3282/1444/4 3283/1432/4 3277/1443/4
f 3282/1444/4 3277/1443/4 3278/1445/4
f 3240/1446/4 3241/1442/4 3172/1438/4
f 3282/1444/4 3278/1445/4 3279/1447/44
f 3240/1446/4 3172/1438/4 3174/1448/4
f 3174/1448/4 3172/1438/4 3171/1449/4
f 3173/1450/5 3172/1438/4 3160/1439/4
f 3174/1448/4 3173/1450/5 3171/1449/4
f 3171/1449/4 3173/1450/5 3160/1439/4
f 3282/1444/4 3279/1447/44 3280/1451/4
f 3240/1446/4 3174/1448/4 3175/1452/4
f 3239/1453/4 3240/1446/4 3175/1452/4
f 3170/1454/4 3171/1449/4 3160/1439/4
f 3282/1444/4 3280/1451/4 3281/1455/4
f 3239/1453/4 3175/1452/4 3176/1456/26
f 3169/1457/4 3170/1454/4 3160/1439/4
f 3238/1458/4 3239/1453/4 3176/1456/26
f 3238/1458/4 3176/1456/26 3177/1459/4
f 3168/1460/4 3169/1457/4 3160/1439/4
f 3238/1458/4 3177/1459/4 3178/1461/4
f 3237/1462/4 3238/1458/4 3178/1461/4
f 3167/1463/4 3168/1460/4 3160/1439/4
f 3237/1462/4 3178/1461/4 3179/1464/4
f 3166/1465/4 3167/1463/4 3160/1439/4
f 3237/1462/4 3179/1464/4 3180/1466/4
f 3236/1467/4 3237/1462/4 3180/1466/4
f 3165/1468/4 3166/1465/4 3160/1439/4
f 3236/1467/4 3180/1466/4 3181/1469/4
f 3164/1470/4 3165/1468/4 3160/1439/4
f 3236/1467/4 3181/1469/4 3182/1471/4
f 3235/1472/4 3236/1467/4 3182/1471/4
f 3163/1473/4 3164/1470/4 3160/1439/4
f 3235/1472/4 3182/1471/4 3183/1474/4
f 3162/1475/4 3163/1473/4 3160/1439/4
f 3235/1472/4 3183/1474/4 3184/1476/4
f 3161/1477/4 3162/1475/4 3160/1439/4
f 3234/1478/4 3235/1472/4 3184/1476/4
f 3234/1478/4 3184/1476/4 3185/1479/4
f 3234/1478/4 3185/1479/4 3186/1480/4
f 3233/1481/4 3234/1478/4 3186/1480/4
f 3233/1481/4 3186/1480/4 3187/1482/4
f 3233/1481/4 3187/1482/4 3188/1483/26
f 3233/1481/4 3188/1483/26 3189/1484/4
f 3232/1485/4 3233/1481/4 3189/1484/4
f 3232/1485/4 3189/1484/4 3190/1486/4
f 3208/1487/4 3209/1489/4 3210/1488/4
f 3232/1485/4 3190/1486/4 3191/1490/26
f 3207/1491/4 3208/1487/4 3210/1488/4
f 3206/1492/4 3207/1491/4 3210/1488/4
f 3232/1485/4 3191/1490/26 3192/1493/27
f 3205/1494/4 3206/1492/4 3210/1488/4
f 3231/1495/4 3232/1485/4 3192/1493/27
f 3204/1496/4 3205/1494/4 3210/1488/4
f 3231/1495/4 3192/1493/27 3193/1497/26
f 3203/1498/4 3204/1496/4 3210/1488/4
f 3202/1499/4 3203/1498/4 3210/1488/4
f 3231/1495/4 3193/1497/26 3194/1500/27
f 3201/1501/4 3202/1499/4 3210/1488/4
f 3231/1495/4 3194/1500/27 3195/1502/26
f 3200/1503/27 3201/1501/4 3210/1488/4
f 3199/1504/4 3200/1503/27 3210/1488/4
f 3231/1495/4 3195/1502/26 3196/1505/4
f 3198/1506/4 3199/1504/4 3210/1488/4
f 3231/1495/4 3196/1505/4 3197/1507/4
f 3197/1507/4 3198/1506/4 3210/1488/4
f 3231/1495/4 3197/1507/4 3210/1488/4
f 3230/1508/4 3231/1495/4 3210/1488/4
f 3229/1509/4 3230/1508/4 3210/1488/4
f 3228/1510/4 3229/1509/4 3210/1488/4
f 3227/1511/4 3228/1510/4 3210/1488/4
f 3226/1512/27 3227/1511/4 3210/1488/4
f 3226/1512/27 3210/1488/4 3211/1513/26
f 3226/1512/27 3211/1513/26 3212/1514/4
f 3226/1512/27 3212/1514/4 3213/1515/30
f 3225/1516/26 3226/1512/27 3213/1515/30
f 3225/1516/26 3213/1515/30 3214/1517/4
f 3225/1516/26 3214/1517/4 3215/1518/4
f 3225/1516/26 3215/1518/4 3216/1519/26
f 3224/1520/27 3225/1516/26 3216/1519/26
f 3224/1520/27 3216/1519/26 3217/1521/28
f 3224/1520/27 3217/1521/28 3218/1522/26
f 3223/1523/4 3224/1520/27 3218/1522/26
f 3223/1523/4 3218/1522/26 3219/1524/27
f 3223/1523/4 3219/1524/27 3220/1525/4
f 3222/1526/26 3223/1523/4 3220/1525/4
f 3222/1526/26 3220/1525/4 3221/1527/27
f 3456/1528/4 3457/1530/4 3458/1529/4
f 3650/1531/4 3651/1532/4 3652/46/4
f 3650/1531/4 3652/46/4 3470/1533/4
f 3455/1534/4 3456/1528/4 3458/1529/4
f 3455/1534/4 3458/1529/4 3459/144/4
f 3649/1535/4 3650/1531/4 3470/1533/4
f 3649/1535/4 3470/1533/4 3471/1536/4
f 3455/1534/4 3459/144/4 3460/1537/4
f 3454/1538/4 3455/1534/4 3460/1537/4
f 3648/1539/4 3649/1535/4 3471/1536/4
f 3648/1539/4 3471/1536/4 3472/159/4
f 3454/1538/4 3460/1537/4 3461/1540/4
f 3453/1541/4 3454/1538/4 3461/1540/4
f 3647/1542/4 3648/1539/4 3472/159/4
f 3647/1542/4 3472/159/4 3473/1543/4
f 3453/1541/4 3461/1540/4 3462/1544/4
f 3646/1545/4 3647/1542/4 3473/1543/4
f 3452/1546/4 3453/1541/4 3462/1544/4
f 3646/1545/4 3473/1543/4 3474/1547/4
f 3452/1546/4 3462/1544/4 3463/1548/4
f 3645/1549/4 3646/1545/4 3474/1547/4
f 3645/1549/4 3474/1547/4 3475/1550/4
f 3451/1551/4 3452/1546/4 3463/1548/4
f 3451/1551/4 3463/1548/4 3464/1552/4
f 3644/1553/4 3645/1549/4 3475/1550/4
f 3644/1553/4 3475/1550/4 3476/1554/4
f 3450/1555/4 3451/1551/4 3464/1552/4
f 3450/1555/4 3464/1552/4 3465/1556/4
f 3644/1553/4 3476/1554/4 3477/1557/4
f 3643/1558/4 3644/1553/4 3477/1557/4
f 3449/1559/4 3450/1555/4 3465/1556/4
f 3449/1559/4 3465/1556/4 3466/1560/4
f 3643/1558/4 3477/1557/4 3478/1561/4
f 3642/1562/4 3643/1558/4 3478/1561/4
f 3449/1559/4 3466/1560/4 3467/1563/4
f 3448/1564/4 3449/1559/4 3467/1563/4
f 3642/1562/4 3478/1561/4 3479/1565/4
f 3641/1566/4 3642/1562/4 3479/1565/4
f 3448/1564/4 3467/1563/4 3468/1567/4
f 3641/1566/4 3479/1565/4 3480/1568/4
f 3447/1569/4 3448/1564/4 3482/1570/4
f 3482/1570/4 3448/1564/4 3468/1567/4
f 3640/1571/4 3641/1566/4 3480/1568/4
f 3482/1570/4 3468/1567/4 3469/1572/4
f 3640/1571/4 3480/1568/4 3481/1573/4
f 3639/126/4 3640/1571/4 3481/1573/4
f 3639/126/4 3481/1573/4 3482/1570/4
f 3639/126/4 3482/1570/4 3447/1569/4
f 3447/1569/4 3482/1570/4 3483/1574/4
f 3639/126/4 3447/1569/4 3484/1575/4
f 3484/1575/4 3447/1569/4 3446/131/4
f 3639/126/4 3484/1575/4 3485/1576/4
f 3639/126/4 3485/1576/4 3616/1577/27
f 3616/1577/27 3485/1576/4 3486/1578/4
f 3616/1577/27 3486/1578/4 3487/1579/4
f 3616/1577/27 3487/1579/4 3488/1580/26
f 3639/126/4 3616/1577/27 3617/1581/26
f 3615/1582/4 3616/1577/27 3488/1580/26
f 3638/1583/4 3639/126/4 3617/1581/26
f 3615/1582/4 3488/1580/26 3489/1584/4
f 3638/1583/4 3617/1581/26 3618/1585/4
f 3615/1582/4 3489/1584/4 3490/1586/27
f 3614/1587/4 3615/1582/4 3490/1586/27
f 3614/1587/4 3490/1586/27 3491/1588/26
f 3637/1589/4 3638/1583/4 3618/1585/4
f 3637/1589/4 3618/1585/4 3619/1590/4
f 3614/1587/4 3491/1588/26 3492/1591/30
f 3636/1592/26 3637/1589/4 3619/1590/4
f 3614/1587/4 3492/1591/30 3613/150/4
f 3613/150/4 3492/1591/30 3577/1593/4
f 3577/1593/4 3492/1591/30 3576/1594/4
f 3576/1594/4 3492/1591/30 3493/1595/4
f 3636/1592/26 3619/1590/4 3620/1596/27
f 3635/1597/4 3636/1592/26 3620/1596/27
f 3635/1597/4 3620/1596/27 3621/1598/26
f 3634/1599/4 3635/1597/4 3621/1598/26
f 3634/1599/4 3621/1598/26 3622/1600/4
f 3633/1601/4 3634/1599/4 3622/1600/4
f 3632/1602/26 3633/1601/4 3622/1600/4
f 3632/1602/26 3622/1600/4 3623/1603/4
f 3631/1604/27 3632/1602/26 3623/1603/4
f 3631/1604/27 3623/1603/4 3624/1605/4
f 3630/1606/26 3631/1604/27 3624/1605/4
f 3630/1606/26 3624/1605/4 3625/1607/27
f 3629/1608/27 3630/1606/26 3625/1607/27
f 3629/1608/27 3625/1607/27 3626/138/4
f 3628/1609/4 3629/1608/27 3626/138/4
f 3628/1609/4 3626/138/4 3627/1610/4
f 3612/1611/4 3613/150/4 3577/1593/4
f 3612/1611/4 3577/1593/4 3578/1612/4
f 3575/1613/4 3576/1594/4 3493/1595/4
f 3575/1613/4 3493/1595/4 3494/1614/4
f 3611/1615/4 3612/1611/4 3578/1612/4
f 3611/1615/4 3578/1612/4 3579/1616/4
f 3574/209/4 3575/1613/4 3494/1614/4
f 3610/1617/4 3611/1615/4 3579/1616/4
f 3610/1617/4 3579/1616/4 3580/1618/4
f 3574/209/4 3494/1614/4 3495/1619/4
f 3573/1620/4 3574/209/4 3495/1619/4
f 3609/1621/4 3610/1617/4 3580/1618/4
f 3609/1621/4 3580/1618/4 3581/1622/4
f 3573/1620/4 3495/1619/4 3496/198/4
f 3572/1623/4 3573/1620/4 3496/198/4
f 3608/1624/4 3609/1621/4 3581/1622/4
f 3608/1624/4 3581/1622/4 3582/1625/4
f 3607/1626/4 3608/1624/4 3582/1625/4
f 3571/1627/4 3572/1623/4 3496/198/4
f 3571/1627/4 3496/198/4 3497/1628/4
f 3606/1629/4 3607/1626/4 3582/1625/4
f 3606/1629/4 3582/1625/4 3583/1630/4
f 3570/1631/4 3571/1627/4 3497/1628/4
f 3570/1631/4 3497/1628/4 3498/1632/4
f 3605/1633/4 3606/1629/4 3583/1630/4
f 3569/1634/4 3570/1631/4 3498/1632/4
f 3605/1633/4 3583/1630/4 3584/1635/4
f 3569/1634/4 3498/1632/4 3499/1636/4
f 3568/1637/4 3569/1634/4 3499/1636/4
f 3604/1638/4 3605/1633/4 3584/1635/4
f 3567/1639/4 3568/1637/4 3499/1636/4
f 3604/1638/4 3584/1635/4 3585/1640/4
f 3603/1641/4 3604/1638/4 3585/1640/4
f 3567/1639/4 3499/1636/4 3500/1642/4
f 3566/1643/4 3567/1639/4 3500/1642/4
f 3565/1644/27 3566/1643/4 3500/1642/4
f 3602/1645/4 3603/1641/4 3585/1640/4
f 3565/1644/27 3500/1642/4 3501/1646/4
f 3602/1645/4 3585/1640/4 3586/1647/4
f 3564/1648/26 3565/1644/27 3501/1646/4
f 3563/1649/30 3564/1648/26 3501/1646/4
f 3539/1650/4 3540/1652/4 3541/1651/4
f 3562/1653/30 3563/1649/30 3501/1646/4
f 3561/190/26 3562/1653/30 3501/1646/4
f 3560/1654/33 3561/190/26 3501/1646/4
f 3539/1650/4 3541/1651/4 3542/1655/4
f 3559/1656/4 3560/1654/33 3501/1646/4
f 3539/1650/4 3542/1655/4 3543/1657/33
f 3558/1658/4 3559/1656/4 3501/1646/4
f 3539/1650/4 3543/1657/33 3544/1659/4
f 3557/1660/27 3558/1658/4 3501/1646/4
f 3539/1650/4 3544/1659/4 3545/1661/4
f 3556/1662/4 3557/1660/27 3501/1646/4
f 3539/1650/4 3545/1661/4 3546/1663/30
f 3555/1664/27 3556/1662/4 3501/1646/4
f 3539/1650/4 3546/1663/30 3547/1665/47
f 3554/1666/34 3555/1664/27 3501/1646/4
f 3539/1650/4 3547/1665/47 3548/164/4
f 3539/1650/4 3548/164/4 3549/1667/30
f 3553/1668/4 3554/1666/34 3501/1646/4
f 3539/1650/4 3549/1667/30 3550/1669/4
f 3552/1670/4 3553/1668/4 3501/1646/4
f 3539/1650/4 3550/1669/4 3551/1671/4
f 3539/1650/4 3551/1671/4 3552/1670/4
f 3539/1650/4 3552/1670/4 3501/1646/4
f 3601/1672/4 3602/1645/4 3586/1647/4
f 3539/1650/4 3501/1646/4 3502/1673/4
f 3538/1674/27 3539/1650/4 3502/1673/4
f 3601/1672/4 3586/1647/4 3587/197/4
f 3537/1675/4 3538/1674/27 3502/1673/4
f 3537/1675/4 3502/1673/4 3503/1676/4
f 3536/1677/4 3537/1675/4 3503/1676/4
f 3600/173/4 3601/1672/4 3587/197/4
f 3535/157/4 3536/1677/4 3503/1676/4
f 3534/1678/4 3535/157/4 3503/1676/4
f 3534/1678/4 3503/1676/4 3504/1679/4
f 3599/1680/27 3600/173/4 3587/197/4
f 3533/1681/4 3534/1678/4 3504/1679/4
f 3598/1682/4 3599/1680/27 3587/197/4
f 3598/1682/4 3587/197/4 3588/1683/4
f 3532/1684/4 3533/1681/4 3504/1679/4
f 3597/1685/4 3598/1682/4 3588/1683/4
f 3532/1684/4 3504/1679/4 3505/1686/27
f 3596/1687/26 3597/1685/4 3588/1683/4
f 3531/1688/4 3532/1684/4 3505/1686/27
f 3531/1688/4 3505/1686/27 3506/1689/26
f 3595/1690/4 3596/1687/26 3588/1683/4
f 3530/1691/4 3531/1688/4 3506/1689/26
f 3530/1691/4 3506/1689/26 3507/1692/4
f 3594/1693/4 3595/1690/4 3588/1683/4
f 3529/1694/27 3530/1691/4 3507/1692/4
f 3529/1694/27 3507/1692/4 3508/1695/27
f 3593/1696/4 3594/1693/4 3588/1683/4
f 3529/1694/27 3508/1695/27 3509/217/4
f 3528/1697/4 3529/1694/27 3509/217/4
f 3528/1697/4 3509/217/4 3510/1698/26
f 3592/1699/4 3593/1696/4 3588/1683/4
f 3592/1699/4 3588/1683/4 3591/1700/4
f 3591/1700/4 3588/1683/4 3590/1701/4
f 3590/1701/4 3588/1683/4 3589/1702/4
f 3528/1697/4 3510/1698/26 3511/1703/28
f 3528/1697/4 3511/1703/28 3512/1704/4
f 3528/1697/4 3512/1704/4 3513/1705/33
f 3528/1697/4 3513/1705/33 3514/1706/30
f 3527/1707/27 3528/1697/4 3514/1706/30
f 3527/1707/27 3514/1706/30 3515/1708/4
f 3526/1709/4 3527/1707/27 3515/1708/4
f 3526/1709/4 3515/1708/4 3516/1710/30
f 3525/1711/4 3526/1709/4 3516/1710/30
f 3525/1711/4 3516/1710/30 3517/1712/4
f 3524/1713/30 3525/1711/4 3517/1712/4
f 3524/1713/30 3517/1712/4 3518/1714/26
f 3523/1715/4 3524/1713/30 3518/1714/26
f 3523/1715/4 3518/1714/26 3519/1716/27
f 3522/183/26 3523/1715/4 3519/1716/27
f 3522/183/26 3519/1716/27 3520/1717/4
f 3521/1718/4 3522/183/26 3520/1717/4
f 3696/1719/4 3697/1720/4 3698/46/4
f 3696/1719/4 3698/46/4 3665/1721/4
f 3695/1722/4 3696/1719/4 3665/1721/4
f 3694/1723/4 3695/1722/4 3665/1721/4
f 3694/1723/4 3665/1721/4 3666/1724/4
f 3693/1373/4 3694/1723/4 3666/1724/4
f 3693/1373/4 3666/1724/4 3667/1725/4
f 3692/1726/4 3693/1373/4 3667/1725/4
f 3692/1726/4 3667/1725/4 3668/208/4
f 3691/1727/4 3692/1726/4 3668/208/4
f 3691/1727/4 3668/208/4 3669/1728/4
f 3690/1729/4 3691/1727/4 3669/1728/4
f 3690/1729/4 3669/1728/4 3670/1730/4
f 3689/1731/4 3690/1729/4 3670/1730/4
f 3689/1731/4 3670/1730/4 3671/1732/4
f 3688/1326/4 3689/1731/4 3671/1732/4
f 3688/1326/4 3671/1732/4 3672/1733/4
f 3687/1734/4 3688/1326/4 3672/1733/4
f 3687/1734/4 3672/1733/4 3673/1451/4
f 3687/1734/4 3673/1451/4 3674/1735/4
f 3686/1736/4 3687/1734/4 3674/1735/4
f 3686/1736/4 3674/1735/4 3675/1737/4
f 3685/1738/4 3686/1736/4 3675/1737/4
f 3683/205/4 3684/1739/4 3658/1469/4
f 3658/1469/4 3684/1739/4 3685/1738/4
f 3658/1469/4 3685/1738/4 3675/1737/4
f 3675/1737/4 3676/1741/33 3677/1740/4
f 3675/1737/4 3677/1740/4 3657/1742/4
f 3657/1742/4 3677/1740/4 3678/1274/4
f 3658/1469/4 3675/1737/4 3657/1742/4
f 3683/205/4 3658/1469/4 3659/1743/4
f 3660/1744/4 3657/1742/4 3678/1274/4
f 3683/205/4 3659/1743/4 3655/1745/4
f 3655/1745/4 3659/1743/4 3660/1744/4
f 3655/1745/4 3660/1744/4 3654/1746/4
f 3654/1746/4 3660/1744/4 3678/1274/4
f 3683/205/4 3655/1745/4 3656/1747/4
f 3653/43/4 3654/1746/4 3678/1274/4
f 3683/205/4 3656/1747/4 3663/1517/4
f 3663/1517/4 3656/1747/4 3653/43/4
f 3663/1517/4 3653/43/4 3662/1748/4
f 3662/1748/4 3653/43/4 3678/1274/4
f 3683/205/4 3663/1517/4 3664/1749/4
f 3661/1750/4 3662/1748/4 3678/1274/4
f 3683/205/4 3664/1749/4 3681/1751/4
f 3681/1751/4 3664/1749/4 3661/1750/4
f 3681/1751/4 3661/1750/4 3680/1752/4
f 3680/1752/4 3661/1750/4 3678/1274/4
f 3683/205/4 3681/1751/4 3682/1753/4
f 3679/1754/4 3680/1752/4 3678/1274/4
f 3700/1755/48 3702/1756/49 3701/41/49 3699/43/48
f 3702/1756/49 3704/1757/50 3703/116/50 3701/41/49
f 3704/1757/50 3706/1758/51 3705/69/51 3703/116/50
f 3706/1758/51 3700/1759/48 3699/46/48 3705/69/51
f 3708/1755/49 3710/1756/50 3709/41/50 3707/43/49
f 3710/1756/50 3712/1757/51 3711/116/51 3709/41/50
f 3712/1757/51 3714/1758/48 3713/69/48 3711/116/51
f 3714/1758/48 3708/1759/49 3707/46/49 3713/69/48
f 3716/1755/48 3718/1756/49 3717/41/49 3715/43/48
f 3718/1756/49 3720/1757/50 3719/116/50 3717/41/49
f 3720/1757/50 3722/1758/51 3721/69/51 3719/116/50
f 3722/1758/51 3716/1759/48 3715/46/48 3721/69/51
f 3724/1755/52 3726/1760/53 3725/125/53 3723/43/52
f 3726/1760/53 3728/1761/54 3727/131/54 3725/125/53
f 3728/1761/54 3730/1762/55 3729/137/55 3727/131/54
f 3730/1762/55 3732/1763/56 3731/144/56 3729/137/55
f 3732/1763/56 3734/1764/57 3733/149/57 3731/144/56
f 3734/1764/57 3736/1765/58 3735/159/58 3733/149/57
f 3736/1765/58 3738/1766/59 3737/171/59 3735/159/58
f 3738/1766/59 3740/1767/60 3739/182/60 3737/171/59
f 3740/1767/60 3742/1768/61 3741/192/61 3739/182/60
f 3742/1768/61 3744/1769/62 3743/198/62 3741/192/61
f 3744/1769/62 3746/1770/63 3745/206/64 3743/198/62
f 3746/1770/63 3748/1771/51 3747/217/51 3745/206/64
f 3748/1771/51 3750/1772/50 3749/200/50 3747/217/51
f 3750/1772/50 3752/1773/49 3751/183/49 3749/200/50
f 3752/1773/49 3754/1774/49 3753/170/49 3751/183/49
f 3754/1774/49 3756/1775/50 3755/157/50 3753/170/49
f 3756/1775/50 3758/1757/50 3757/116/50 3755/157/50
f 3758/1757/50 3760/1776/49 3759/164/49 3757/116/50
f 3760/1776/49 3762/1777/48 3761/176/48 3759/164/49
f 3762/1777/48 3764/1778/65 3763/190/65 3761/176/48
f 3764/1778/65 3766/1779/66 3765/212/66 3763/190/65
f 3766/1779/66 3768/1780/67 3767/209/67 3765/212/66
f 3768/1780/67 3770/1781/68 3769/204/68 3767/209/67
f 3770/1781/68 3772/1782/69 3771/197/69 3769/204/68
f 3772/1782/69 3774/1783/70 3773/184/70 3771/197/69
f 3774/1783/70 3776/1784/71 3775/173/71 3773/184/70
f 3776/1784/71 3778/1785/72 3777/162/72 3775/173/71
f 3778/1785/72 3780/1786/73 3779/150/73 3777/162/72
f 3780/1786/73 3782/1787/74 3781/142/74 3779/150/73
f 3782/1787/74 3784/1788/75 3783/138/75 3781/142/74
f 3784/1788/75 3786/1789/76 3785/132/76 3783/138/75
f 3786/1789/76 3788/1790/77 3787/126/77 3785/132/76
f 3788/1790/77 3790/1791/78 3789/120/78 3787/126/77
f 3790/1791/78 3724/1759/52 3723/46/52 3789/120/78
f 3792/1755/79 3794/1792/80 3793/1793/80 3791/43/79
f 3794/1792/80 3796/1794/81 3795/1795/81 3793/1793/80
f 3796/1794/81 3798/1796/82 3797/1797/82 3795/1795/81
f 3798/1796/82 3800/1798/83 3799/1799/83 3797/1797/82
f 3800/1798/83 3802/1800/84 3801/1801/84 3799/1799/83
f 3802/1800/84 3804/1802/85 3803/1803/85 3801/1801/84
f 3804/1802/85 3806/1804/86 3805/1805/86 3803/1803/85
f 3806/1804/86 3808/1806/87 3807/1807/87 3805/1805/86
f 3808/1806/87 3810/1808/88 3809/1809/88 3807/1807/87
f 3810/1808/88 3812/1810/89 3811/1811/89 3809/1809/88
f 3812/1810/89 3814/1812/90 3813/1813/90 3811/1811/89
f 3814/1812/90 3816/1814/91 3815/1815/91 3813/1813/90
f 3816/1814/91 3818/1816/92 3817/1817/92 3815/1815/91
f 3818/1816/92 3820/1818/93 3819/1819/93 3817/1817/92
f 3820/1818/93 3822/1820/94 3821/1821/94 3819/1819/93
f 3822/1820/94 3824/1822/95 3823/1823/95 3821/1821/94
f 3824/1822/95 3826/1824/96 3825/1825/96 3823/1823/95
f 3826/1824/96 3828/1826/97 3827/1827/97 3825/1825/96
f 3828/1826/97 3830/1828/98 3829/1829/98 3827/1827/97
f 3830/1828/98 3832/1830/99 3831/1831/99 3829/1829/98
f 3832/1830/99 3834/1832/100 3833/1833/100 3831/1831/99
f 3834/1832/100 3836/1834/101 3835/1835/101 3833/1833/100
f 3836/1834/101 3838/1836/102 3837/1837/102 3835/1835/101
f 3838/1836/102 3840/1838/103 3839/1839/103 3837/1837/102
f 3840/1838/103 3842/1840/104 3841/1841/104 3839/1839/103
f 3842/1840/104 3844/1842/105 3843/1843/105 3841/1841/104
f 3844/1842/105 3846/1844/106 3845/1845/106 3843/1843/105
f 3846/1844/106 3848/1846/107 3847/1847/107 3845/1845/106
f 3848/1846/107 3850/1848/108 3849/1849/108 3847/1847/107
f 3850/1848/108 3852/1850/109 3851/1851/109 3849/1849/108
f 3852/1850/109 3854/1852/110 3853/1853/110 3851/1851/109
f 3854/1852/110 3856/1854/111 3855/1855/111 3853/1853/110
f 3856/1854/111 3858/1856/112 3857/1857/112 3855/1855/111
f 3858/1856/112 3860/1858/113 3859/1859/113 3857/1857/112
f 3860/1858/113 3862/1860/114 3861/1861/114 3859/1859/113
f 3862/1860/114 3864/1862/115 3863/1863/115 3861/1861/114
f 3864/1862/115 3792/1759/79 3791/46/79 3863/1863/115
f 3866/1755/116 3868/1864/117 3867/1865/117 3865/43/116
f 3868/1864/117 3870/1866/118 3869/1867/118 3867/1865/117
f 3870/1866/118 3872/1868/119 3871/1869/119 3869/1867/118
f 3872/1868/119 3874/1870/120 3873/1871/120 3871/1869/119
f 3874/1870/120 3876/1792/121 3875/1793/121 3873/1871/120
f 3876/1792/121 3878/1872/122 3877/1873/122 3875/1793/121
f 3878/1872/122 3880/1874/123 3879/1875/123 3877/1873/122
f 3880/1874/123 3882/1876/124 3881/1877/124 3879/1875/123
f 3882/1876/124 3884/1878/125 3883/1879/125 3881/1877/124
f 3884/1878/125 3886/1794/126 3885/1795/126 3883/1879/125
f 3886/1794/126 3888/1880/127 3887/1881/127 3885/1795/126
f 3888/1880/127 3890/1882/128 3889/1883/128 3887/1881/127
f 3890/1882/128 3892/1884/129 3891/1885/129 3889/1883/128
f 3892/1884/129 3894/1886/130 3893/1887/130 3891/1885/129
f 3894/1886/130 3896/1796/131 3895/1797/131 3893/1887/130
f 3896/1796/131 3898/1888/132 3897/1889/132 3895/1797/131
f 3898/1888/132 3900/1890/133 3899/1891/133 3897/1889/132
f 3900/1890/133 3902/1892/134 3901/1893/134 3899/1891/133
f 3902/1892/134 3904/1894/135 3903/1895/135 3901/1893/134
f 3904/1894/135 3906/1798/136 3905/1799/136 3903/1895/135
f 3906/1798/136 3908/1896/137 3907/1897/137 3905/1799/136
f 3908/1896/137 3910/1898/138 3909/1899/138 3907/1897/137
f 3910/1898/138 3912/1900/139 3911/1901/139 3909/1899/138
f 3912/1900/139 3914/1902/140 3913/1903/140 3911/1901/139
f 3914/1902/140 3916/1800/141 3915/1801/141 3913/1903/140
f 3916/1800/141 3918/1904/142 3917/1905/142 3915/1801/141
f 3918/1904/142 3920/1906/143 3919/1907/143 3917/1905/142
f 3920/1906/143 3922/1908/144 3921/1909/144 3919/1907/143
f 3922/1908/144 3924/1910/145 3923/1911/145 3921/1909/144
f 3924/1910/145 3926/1802/146 3925/1803/146 3923/1911/145
f 3926/1802/146 3928/1912/147 3927/1913/147 3925/1803/146
f 3928/1912/147 3930/1914/148 3929/1915/148 3927/1913/147
f 3930/1914/148 3932/1916/149 3931/1917/149 3929/1915/148
f 3932/1916/149 3934/1918/150 3933/1919/150 3931/1917/149
f 3934/1918/150 3936/1804/151 3935/1805/151 3933/1919/150
f 3936/1804/151 3938/1920/152 3937/1921/152 3935/1805/151
f 3938/1920/152 3940/1922/153 3939/1748/153 3937/1921/152
f 3940/1922/153 3942/1923/154 3941/1924/154 3939/1748/153
f 3942/1923/154 3944/1925/155 3943/1926/155 3941/1924/154
f 3944/1925/155 3946/1806/156 3945/1807/156 3943/1926/155
f 3946/1806/156 3948/1927/157 3947/1928/157 3945/1807/156
f 3948/1927/157 3950/1929/158 3949/1930/158 3947/1928/157
f 3950/1929/158 3952/1931/159 3951/1932/159 3949/1930/158
f 3952/1931/159 3954/1933/160 3953/1934/160 3951/1932/159
f 3954/1933/160 3956/1808/161 3955/1809/161 3953/1934/160
f 3956/1808/161 3958/1935/162 3957/1936/162 3955/1809/161
f 3958/1935/162 3960/1937/163 3959/1938/163 3957/1936/162
f 3960/1937/163 3962/1939/164 3961/1940/164 3959/1938/163
f 3962/1939/164 3964/1941/165 3963/1942/165 3961/1940/164
f 3964/1941/165 3966/1810/166 3965/1811/166 3963/1942/165
f 3966/1810/166 3968/1943/167 3967/1944/167 3965/1811/166
f 3968/1943/167 3970/1945/168 3969/1946/168 3967/1944/167
f 3970/1945/168 3972/1947/169 3971/1948/169 3969/1946/168
f 3972/1947/169 3974/1949/170 3973/1950/170 3971/1948/169
f 3974/1949/170 3976/1812/171 3975/1813/171 3973/1950/170
f 3976/1812/171 3978/1951/172 3977/1952/172 3975/1813/171
f 3978/1951/172 3980/1953/173 3979/1954/173 3977/1952/172
f 3980/1953/173 3982/1955/174 3981/1956/174 3979/1954/173
f 3982/1955/174 3984/1957/175 3983/1958/175 3981/1956/174
f 3984/1957/175 3986/1814/176 3985/1815/176 3983/1958/175
f 3986/1814/176 3988/1959/177 3987/1960/177 3985/1815/176
f 3988/1959/177 3990/1961/178 3989/1962/178 3987/1960/177
f 3990/1961/178 3992/1963/179 3991/1964/179 3989/1962/178
f 3992/1963/179 3994/1965/180 3993/1966/180 3991/1964/179
f 3994/1965/180 3996/1816/181 3995/1817/181 3993/1966/180
f 3996/1816/181 3998/1967/182 3997/1968/182 3995/1817/181
f 3998/1967/182 4000/1969/183 3999/1970/183 3997/1968/182
f 4000/1969/183 4002/1971/184 4001/1972/184 3999/1970/183
f 4002/1971/184 4004/1973/185 4003/1974/185 4001/1972/184
f 4004/1973/185 4006/1818/186 4005/1819/186 4003/1974/185
f 4006/1818/186 4008/1975/187 4007/1976/187 4005/1819/186
f 4008/1975/187 4010/1977/188 4009/1978/189 4007/1976/187
f 4010/1977/188 4012/1979/190 4011/1980/190 4009/1978/189
f 4012/1979/190 4014/1981/191 4013/1732/191 4011/1980/190
f 4014/1981/191 4016/1820/192 4015/1821/192 4013/1732/191
f 4016/1820/192 4018/1982/193 4017/1983/193 4015/1821/192
f 4018/1982/193 4020/1984/194 4019/1985/194 4017/1983/193
f 4020/1984/194 4022/1986/195 4021/1987/195 4019/1985/194
f 4022/1986/195 4024/1988/196 4023/1989/196 4021/1987/195
f 4024/1988/196 4026/1822/197 4025/1823/197 4023/1989/196
f 4026/1822/197 4028/1990/198 4027/1991/198 4025/1823/197
f 4028/1990/198 4030/1992/199 4029/1993/199 4027/1991/198
f 4030/1992/199 4032/1994/200 4031/1995/200 4029/1993/199
f 4032/1994/200 4034/1996/201 4033/1997/201 4031/1995/200
f 4034/1996/201 4036/1824/202 4035/1825/202 4033/1997/201
f 4036/1824/202 4038/1998/203 4037/1999/203 4035/1825/202
f 4038/1998/203 4040/2000/204 4039/2001/204 4037/1999/203
f 4040/2000/204 4042/2002/205 4041/2003/205 4039/2001/204
f 4042/2002/205 4044/2004/206 4043/2005/206 4041/2003/205
f 4044/2004/206 4046/1826/207 4045/1827/207 4043/2005/206
f 4046/1826/207 4048/2006/208 4047/2007/209 4045/1827/207
f 4048/2006/208 4050/2008/210 4049/2009/210 4047/2007/209
f 4050/2008/210 4052/2010/211 4051/2011/211 4049/2009/210
f 4052/2010/211 4054/2012/212 4053/2013/212 4051/2011/211
f 4054/2012/212 4056/1828/213 4055/1829/213 4053/2013/212
f 4056/1828/213 4058/2014/214 4057/2015/214 4055/1829/213
f 4058/2014/214 4060/2016/215 4059/2017/215 4057/2015/214
f 4060/2016/215 4062/2018/216 4061/2019/216 4059/2017/215
f 4062/2018/216 4064/2020/217 4063/2021/217 4061/2019/216
f 4064/2020/217 4066/1830/218 4065/1831/218 4063/2021/217
f 4066/1830/218 4068/2022/219 4067/2023/219 4065/1831/218
f 4068/2022/219 4070/2024/220 4069/2025/220 4067/2023/219
f 4070/2024/220 4072/2026/221 4071/2027/221 4069/2025/220
f 4072/2026/221 4074/2028/222 4073/2029/222 4071/2027/221
f 4074/2028/222 4076/1832/223 4075/1833/223 4073/2029/222
f 4076/1832/223 4078/2030/224 4077/2031/224 4075/1833/223
f 4078/2030/224 4080/2032/225 4079/2033/225 4077/2031/224
f 4080/2032/225 4082/2034/226 4081/2035/226 4079/2033/225
f 4082/2034/226 4084/2036/227 4083/2037/227 4081/2035/226
f 4084/2036/227 4086/1834/228 4085/1835/228 4083/2037/227
f 4086/1834/228 4088/2038/229 4087/1752/229 4085/1835/228
f 4088/2038/229 4090/2039/230 4089/2040/230 4087/1752/229
f 4090/2039/230 4092/2041/231 4091/2042/231 4089/2040/230
f 4092/2041/231 4094/2043/232 4093/2044/232 4091/2042/231
f 4094/2043/232 4096/1836/233 4095/1837/233 4093/2044/232
f 4096/1836/233 4098/2045/234 4097/2046/234 4095/1837/233
f 4098/2045/234 4100/2047/235 4099/2048/235 4097/2046/234
f 4100/2047/235 4102/2049/236 4101/2050/236 4099/2048/235
f 4102/2049/236 4104/2051/237 4103/2052/237 4101/2050/236
f 4104/2051/237 4106/1838/238 4105/1839/238 4103/2052/237
f 4106/1838/238 4108/2053/239 4107/2054/239 4105/1839/238
f 4108/2053/239 4110/2055/240 4109/2056/240 4107/2054/239
f 4110/2055/240 4112/2057/241 4111/2058/241 4109/2056/240
f 4112/2057/241 4114/2059/242 4113/2060/242 4111/2058/241
f 4114/2059/242 4116/1840/243 4115/1841/243 4113/2060/242
f 4116/1840/243 4118/2061/244 4117/2062/244 4115/1841/243
f 4118/2061/244 4120/2063/245 4119/2064/245 4117/2062/244
f 4120/2063/245 4122/2065/246 4121/2066/246 4119/2064/245
f 4122/2065/246 4124/2067/247 4123/2068/247 4121/2066/246
f 4124/2067/247 4126/1842/248 4125/1843/248 4123/2068/247
f 4126/1842/248 4128/2069/249 4127/2070/249 4125/1843/248
f 4128/2069/249 4130/2071/250 4129/2072/250 4127/2070/249
f 4130/2071/250 4132/2073/251 4131/2074/251 4129/2072/250
f 4132/2073/251 4134/2075/252 4133/2076/252 4131/2074/251
f 4134/2075/252 4136/1844/253 4135/1845/253 4133/2076/252
f 4136/1844/253 4138/2077/254 4137/2078/254 4135/1845/253
f 4138/2077/254 4140/2079/255 4139/2080/255 4137/2078/254
f 4140/2079/255 4142/2081/256 4141/2082/256 4139/2080/255
f 4142/2081/256 4144/2083/257 4143/2084/257 4141/2082/256
f 4144/2083/257 4146/1846/258 4145/1847/258 4143/2084/257
f 4146/1846/258 4148/2085/259 4147/2086/259 4145/1847/258
f 4148/2085/259 4150/2087/260 4149/2088/260 4147/2086/259
f 4150/2087/260 4152/2089/261 4151/2090/261 4149/2088/260
f 4152/2089/261 4154/2091/262 4153/2092/262 4151/2090/261
f 4154/2091/262 4156/1848/263 4155/1849/263 4153/2092/262
f 4156/1848/263 4158/2093/49 4157/2094/49 4155/1849/263
f 4158/2093/49 4160/2095/264 4159/2096/264 4157/2094/49
f 4160/2095/264 4162/2097/62 4161/1731/62 4159/2096/264
f 4162/2097/62 4164/2098/50 4163/2099/50 4161/1731/62
f 4164/2098/50 4166/1850/265 4165/1851/265 4163/2099/50
f 4166/1850/265 4168/2100/266 4167/2101/266 4165/1851/265
f 4168/2100/266 4170/2102/267 4169/2103/267 4167/2101/266
f 4170/2102/267 4172/2104/268 4171/2105/268 4169/2103/267
f 4172/2104/268 4174/2106/269 4173/2107/269 4171/2105/268
f 4174/2106/269 4176/1852/270 4175/1853/270 4173/2107/269
f 4176/1852/270 4178/2108/271 4177/2109/271 4175/1853/270
f 4178/2108/271 4180/2110/272 4179/2111/272 4177/2109/271
f 4180/2110/272 4182/2112/273 4181/2113/273 4179/2111/272
f 4182/2112/273 4184/2114/274 4183/2115/274 4181/2113/273
f 4184/2114/274 4186/1854/275 4185/1855/275 4183/2115/274
f 4186/1854/275 4188/2116/276 4187/2117/276 4185/1855/275
f 4188/2116/276 4190/2118/277 4189/2119/277 4187/2117/276
f 4190/2118/277 4192/2120/278 4191/2121/278 4189/2119/277
f 4192/2120/278 4194/2122/279 4193/2123/279 4191/2121/278
f 4194/2122/279 4196/1856/280 4195/1857/280 4193/2123/279
f 4196/1856/280 4198/2124/281 4197/2125/281 4195/1857/280
f 4198/2124/281 4200/2126/282 4199/2127/282 4197/2125/281
f 4200/2126/282 4202/2128/283 4201/2129/283 4199/2127/282
f 4202/2128/283 4204/2130/284 4203/2131/284 4201/2129/283
f 4204/2130/284 4206/1858/285 4205/1859/285 4203/2131/284
f 4206/1858/285 4208/2132/286 4207/2133/286 4205/1859/285
f 4208/2132/286 4210/2134/287 4209/2135/287 4207/2133/286
f 4210/2134/287 4212/2136/288 4211/2137/288 4209/2135/287
f 4212/2136/288 4214/2138/289 4213/2139/289 4211/2137/288
f 4214/2138/289 4216/1860/290 4215/1861/290 4213/2139/289
f 4216/1860/290 4218/2140/291 4217/2141/291 4215/1861/290
f 4218/2140/291 4220/2142/292 4219/2143/292 4217/2141/291
f 4220/2142/292 4222/2144/293 4221/2145/293 4219/2143/292
f 4222/2144/293 4224/2146/294 4223/2147/294 4221/2145/293
f 4224/2146/294 4226/1862/295 4225/1863/295 4223/2147/294
f 4226/1862/295 4228/2148/296 4227/2149/296 4225/1863/295
f 4228/2148/296 4230/2150/297 4229/2151/297 4227/2149/296
f 4230/2150/297 4232/2152/298 4231/2153/298 4229/2151/297
f 4232/2152/298 4234/2154/299 4233/2155/299 4231/2153/298
f 4234/2154/299 3866/1759/116 3865/46/116 4233/2155/299
f 4236/1755/300 4238/2156/301 4237/2157/301 4235/43/300
f 4238/2156/301 4240/2158/302 4239/1070/302 4237/2157/301
f 4240/2158/302 4242/2159/303 4241/2160/303 4239/1070/302
f 4242/2159/303 4244/2161/304 4243/1068/304 4241/2160/303
f 4244/2161/304 4246/2162/305 4245/2163/305 4243/1068/304
f 4246/2162/305 4248/2164/306 4247/1066/306 4245/2163/305
f 4248/2164/306 4250/2165/307 4249/2166/308 4247/1066/306
f 4250/2165/307 4252/2167/309 4251/1063/309 4249/2166/308
f 4252/2167/309 4254/2168/310 4253/2169/310 4251/1063/309
f 4254/2168/310 4256/2170/311 4255/1058/311 4253/2169/310
f 4256/2170/311 4258/2171/312 4257/2172/312 4255/1058/311
f 4258/2171/312 4260/2173/313 4259/1055/313 4257/2172/312
f 4260/2173/313 4262/2174/314 4261/2175/314 4259/1055/313
f 4262/2174/314 4264/2176/315 4263/1049/315 4261/2175/314
f 4264/2176/315 4266/2177/316 4265/2178/316 4263/1049/315
f 4266/2177/316 4268/2179/317 4267/1045/317 4265/2178/316
f 4268/2179/317 4270/2180/318 4269/2181/318 4267/1045/317
f 4270/2180/318 4272/2182/319 4271/1041/319 4269/2181/318
f 4272/2182/319 4274/2183/320 4273/2184/320 4271/1041/319
f 4274/2183/320 4276/2185/321 4275/1036/321 4273/2184/320
f 4276/2185/321 4278/2186/322 4277/2187/322 4275/1036/321
f 4278/2186/322 4280/2188/323 4279/1031/323 4277/2187/322
f 4280/2188/323 4282/2189/324 4281/2190/324 4279/1031/323
f 4282/2189/324 4284/2191/325 4283/1013/325 4281/2190/324
f 4284/2191/325 4286/2192/326 4285/2193/326 4283/1013/325
f 4286/2192/326 4288/2194/327 4287/1015/327 4285/2193/326
f 4288/2194/327 4290/2195/328 4289/2196/328 4287/1015/327
f 4290/2195/328 4292/2197/329 4291/1014/329 4289/2196/328
f 4292/2197/329 4294/2198/330 4293/2199/330 4291/1014/329
f 4294/2198/330 4296/2200/331 4295/1024/331 4293/2199/330
f 4296/2200/331 4298/2201/332 4297/2202/332 4295/1024/331
f 4298/2201/332 4300/2203/333 4299/1026/333 4297/2202/332
f 4300/2203/333 4302/2204/334 4301/2205/334 4299/1026/333
f 4302/2204/334 4304/2206/335 4303/1032/335 4301/2205/334
f 4304/2206/335 4306/2207/336 4305/2208/336 4303/1032/335
f 4306/2207/336 4308/2209/337 4307/1035/337 4305/2208/336
f 4308/2209/337 4310/2210/338 4309/2211/338 4307/1035/337
f 4310/2210/338 4312/2212/339 4311/1042/339 4309/2211/338
f 4312/2212/339 4314/2213/340 4313/2214/340 4311/1042/339
f 4314/2213/340 4316/2215/341 4315/1046/341 4313/2214/340
f 4316/2215/341 4318/2216/342 4317/2217/342 4315/1046/341
f 4318/2216/342 4320/2218/343 4319/1052/343 4317/2217/342
f 4320/2218/343 4322/2219/344 4321/2220/344 4319/1052/343
f 4322/2219/344 4324/2221/345 4323/1057/345 4321/2220/344
f 4324/2221/345 4326/2222/346 4325/2223/346 4323/1057/345
f 4326/2222/346 4328/2224/347 4327/1061/347 4325/2223/346
f 4328/2224/347 4330/2225/348 4329/2226/348 4327/1061/347
f 4330/2225/348 4332/2227/349 4331/1065/349 4329/2226/348
f 4332/2227/349 4334/2228/350 4333/2229/350 4331/1065/349
f 4334/2228/350 4336/2230/351 4335/1067/351 4333/2229/350
f 4336/2230/351 4338/2231/352 4337/2232/352 4335/1067/351
f 4338/2231/352 4340/2233/353 4339/1060/353 4337/2232/352
f 4340/2233/353 4342/2234/354 4341/2235/354 4339/1060/353
f 4342/2234/354 4344/2236/355 4343/1059/355 4341/2235/354
f 4344/2236/355 4346/2237/356 4345/2238/356 4343/1059/355
f 4346/2237/356 4348/2239/357 4347/1056/357 4345/2238/356
f 4348/2239/357 4350/2240/358 4349/2241/358 4347/1056/357
f 4350/2240/358 4352/2242/359 4351/1051/359 4349/2241/358
f 4352/2242/359 4354/2243/360 4353/2244/360 4351/1051/359
f 4354/2243/360 4356/2245/361 4355/1047/361 4353/2244/360
f 4356/2245/361 4358/2246/362 4357/2247/362 4355/1047/361
f 4358/2246/362 4360/2248/363 4359/1043/364 4357/2247/362
f 4360/2248/363 4362/2249/365 4361/2250/365 4359/1043/364
f 4362/2249/365 4364/2251/366 4363/1037/366 4361/2250/365
f 4364/2251/366 4366/2252/367 4365/2253/367 4363/1037/366
f 4366/2252/367 4368/2254/368 4367/1033/368 4365/2253/367
f 4368/2254/368 4370/2255/369 4369/2256/369 4367/1033/368
f 4370/2255/369 4372/2257/370 4371/1027/370 4369/2256/369
f 4372/2257/370 4374/2258/371 4373/2259/371 4371/1027/370
f 4374/2258/371 4376/2260/372 4375/1023/372 4373/2259/371
f 4376/2260/372 4378/2261/373 4377/2262/373 4375/1023/372
f 4378/2261/373 4380/2263/374 4379/1018/374 4377/2262/373
f 4380/2263/374 4382/2264/375 4381/2265/375 4379/1018/374
f 4382/2264/375 4384/2266/376 4383/1007/376 4381/2265/375
f 4384/2266/376 4386/2267/377 4385/2268/377 4383/1007/376
f 4386/2267/377 4388/2269/378 4387/994/378 4385/2268/377
f 4388/2269/378 4390/2270/379 4389/2271/379 4387/994/378
f 4390/2270/379 4392/2272/380 4391/996/380 4389/2271/379
f 4392/2272/380 4394/2273/381 4393/2274/381 4391/996/380
f 4394/2273/381 4396/2275/382 4395/995/382 4393/2274/381
f 4396/2275/382 4398/2276/383 4397/2277/383 4395/995/382
f 4398/2276/383 4400/2278/384 4399/1001/384 4397/2277/383
f 4400/2278/384 4402/2279/385 4401/2280/385 4399/1001/384
f 4402/2279/385 4404/2281/386 4403/1004/386 4401/2280/385
f 4404/2281/386 4406/2282/387 4405/2283/387 4403/1004/386
f 4406/2282/387 4408/2284/388 4407/1009/388 4405/2283/387
f 4408/2284/388 4410/2285/389 4409/2286/389 4407/1009/388
f 4410/2285/389 4412/2287/390 4411/1016/390 4409/2286/389
f 4412/2287/390 4414/2288/391 4413/2289/391 4411/1016/390
f 4414/2288/391 4416/2290/392 4415/1022/392 4413/2289/391
f 4416/2290/392 4418/2291/393 4417/2292/393 4415/1022/392
f 4418/2291/393 4420/2293/394 4419/1028/394 4417/2292/393
f 4420/2293/394 4422/2294/395 4421/2295/395 4419/1028/394
f 4422/2294/395 4424/2296/396 4423/1034/396 4421/2295/395
f 4424/2296/396 4426/2297/397 4425/2298/397 4423/1034/396
f 4426/2297/397 4428/2299/398 4427/1038/398 4425/2298/397
f 4428/2299/398 4430/2300/399 4429/2301/399 4427/1038/398
f 4430/2300/399 4432/2302/400 4431/1044/400 4429/2301/399
f 4432/2302/400 4434/2303/401 4433/2304/401 4431/1044/400
f 4434/2303/401 4436/2305/402 4435/1048/402 4433/2304/401
f 4436/2305/402 4438/2306/403 4437/2307/403 4435/1048/402
f 4438/2306/403 4440/2308/404 4439/1054/404 4437/2307/403
f 4440/2308/404 4442/2309/405 4441/2310/405 4439/1054/404
f 4442/2309/405 4444/2311/406 4443/1030/406 4441/2310/405
f 4444/2311/406 4446/2312/407 4445/2313/407 4443/1030/406
f 4446/2312/407 4448/2314/408 4447/1040/408 4445/2313/407
f 4448/2314/408 4450/2315/409 4449/2316/409 4447/1040/408
f 4450/2315/409 4452/2317/410 4451/1053/410 4449/2316/409
f 4452/2317/410 4454/2318/411 4453/2319/411 4451/1053/410
f 4454/2318/411 4456/2320/412 4455/1064/412 4453/2319/411
f 4456/2320/412 4458/2321/413 4457/2322/413 4455/1064/412
f 4458/2321/413 4460/2323/414 4459/1071/414 4457/2322/413
f 4460/2323/414 4462/2324/415 4461/2325/415 4459/1071/414
f 4462/2324/415 4464/2326/416 4463/1073/416 4461/2325/415
f 4464/2326/416 4466/2327/417 4465/2328/417 4463/1073/416
f 4466/2327/417 4468/2329/418 4467/1074/418 4465/2328/417
f 4468/2329/418 4470/2330/419 4469/2331/419 4467/1074/418
f 4470/2330/419 4472/2332/420 4471/1076/420 4469/2331/419
f 4472/2332/420 4474/2333/421 4473/2334/421 4471/1076/420
f 4474/2333/421 4476/2335/422 4475/1078/422 4473/2334/421
f 4476/2335/422 4478/2336/423 4477/2337/423 4475/1078/422
f 4478/2336/423 4480/2338/424 4479/1080/424 4477/2337/423
f 4480/2338/424 4482/2339/425 4481/2340/425 4479/1080/424
f 4482/2339/425 4484/2341/426 4483/1082/426 4481/2340/425
f 4484/2341/426 4486/2342/427 4485/2343/427 4483/1082/426
f 4486/2342/427 4488/2344/428 4487/1087/428 4485/2343/427
f 4488/2344/428 4490/2345/429 4489/2346/429 4487/1087/428
f 4490/2345/429 4492/2347/430 4491/1091/430 4489/2346/429
f 4492/2347/430 4494/2348/431 4493/2349/431 4491/1091/430
f 4494/2348/431 4496/2350/432 4495/1095/432 4493/2349/431
f 4496/2350/432 4498/2351/433 4497/2352/433 4495/1095/432
f 4498/2351/433 4500/2353/434 4499/1098/434 4497/2352/433
f 4500/2353/434 4502/2354/435 4501/2355/435 4499/1098/434
f 4502/2354/435 4504/2356/436 4503/1101/436 4501/2355/435
f 4504/2356/436 4506/2357/437 4505/2358/437 4503/1101/436
f 4506/2357/437 4508/2359/438 4507/1104/438 4505/2358/437
f 4508/2359/438 4510/2360/439 4509/2361/439 4507/1104/438
f 4510/2360/439 4512/2362/440 4511/1108/440 4509/2361/439
f 4512/2362/440 4514/2363/441 4513/2364/441 4511/1108/440
f 4514/2363/441 4516/2365/442 4515/1109/442 4513/2364/441
f 4516/2365/442 4518/2366/443 4517/2367/443 4515/1109/442
f 4518/2366/443 4520/2368/444 4519/1113/444 4517/2367/443
f 4520/2368/444 4522/2369/445 4521/2370/445 4519/1113/444
f 4522/2369/445 4524/2371/446 4523/1115/446 4521/2370/445
f 4524/2371/446 4526/2372/447 4525/2373/447 4523/1115/446
f 4526/2372/447 4528/2374/448 4527/1117/448 4525/2373/447
f 4528/2374/448 4530/2375/449 4529/2376/450 4527/1117/448
f 4530/2375/449 4532/2377/451 4531/1118/451 4529/2376/450
f 4532/2377/451 4534/1757/452 4533/116/452 4531/1118/451
f 4534/1757/452 4536/2378/453 4535/1119/453 4533/116/452
f 4536/2378/453 4538/2379/454 4537/2380/454 4535/1119/453
f 4538/2379/454 4540/2381/455 4539/1116/455 4537/2380/454
f 4540/2381/455 4542/2382/456 4541/2383/456 4539/1116/455
f 4542/2382/456 4544/2384/457 4543/1114/457 4541/2383/456
f 4544/2384/457 4546/2385/458 4545/2386/458 4543/1114/457
f 4546/2385/458 4548/2387/459 4547/1110/459 4545/2386/458
f 4548/2387/459 4550/2388/460 4549/2389/460 4547/1110/459
f 4550/2388/460 4552/2390/461 4551/1107/461 4549/2389/460
f 4552/2390/461 4554/2391/462 4553/2392/462 4551/1107/461
f 4554/2391/462 4556/2393/463 4555/1103/463 4553/2392/462
f 4556/2393/463 4558/2394/464 4557/2395/464 4555/1103/463
f 4558/2394/464 4560/2396/465 4559/1100/465 4557/2395/464
f 4560/2396/465 4562/2397/466 4561/2398/466 4559/1100/465
f 4562/2397/466 4564/2399/467 4563/1096/467 4561/2398/466
f 4564/2399/467 4566/2400/468 4565/2401/468 4563/1096/467
f 4566/2400/468 4568/2402/469 4567/1094/469 4565/2401/468
f 4568/2402/469 4570/2403/470 4569/2404/470 4567/1094/469
f 4570/2403/470 4572/2405/471 4571/1090/471 4569/2404/470
f 4572/2405/471 4574/2406/472 4573/2407/472 4571/1090/471
f 4574/2406/472 4576/2408/473 4575/1088/473 4573/2407/472
f 4576/2408/473 4578/2409/474 4577/2410/474 4575/1088/473
f 4578/2409/474 4580/2411/475 4579/1083/475 4577/2410/474
f 4580/2411/475 4582/2412/476 4581/2413/476 4579/1083/475
f 4582/2412/476 4584/2414/477 4583/1085/477 4581/2413/476
f 4584/2414/477 4586/2415/478 4585/2416/478 4583/1085/477
f 4586/2415/478 4588/2417/479 4587/1084/479 4585/2416/478
f 4588/2417/479 4590/2418/480 4589/2419/480 4587/1084/479
f 4590/2418/480 4592/2420/481 4591/1093/481 4589/2419/480
f 4592/2420/481 4594/2421/482 4593/2422/482 4591/1093/481
f 4594/2421/482 4596/2423/483 4595/1097/483 4593/2422/482
f 4596/2423/483 4598/2424/484 4597/2425/484 4595/1097/483
f 4598/2424/484 4600/2426/485 4599/1102/485 4597/2425/484
f 4600/2426/485 4602/2427/486 4601/2428/486 4599/1102/485
f 4602/2427/486 4604/2429/487 4603/1106/487 4601/2428/486
f 4604/2429/487 4606/2430/488 4605/2431/488 4603/1106/487
f 4606/2430/488 4608/2432/489 4607/1112/489 4605/2431/488
f 4608/2432/489 4610/2433/490 4609/2434/490 4607/1112/489
f 4610/2433/490 4612/2435/491 4611/1120/491 4609/2434/490
f 4612/2435/491 4614/2436/492 4613/2437/492 4611/1120/491
f 4614/2436/492 4616/2438/493 4615/1122/493 4613/2437/492
f 4616/2438/493 4618/2439/494 4617/2440/494 4615/1122/493
f 4618/2439/494 4620/2441/495 4619/1124/495 4617/2440/494
f 4620/2441/495 4622/2442/496 4621/2443/496 4619/1124/495
f 4622/2442/496 4624/2444/497 4623/1126/497 4621/2443/496
f 4624/2444/497 4626/2445/498 4625/2446/498 4623/1126/497
f 4626/2445/498 4628/2447/499 4627/1129/499 4625/2446/498
f 4628/2447/499 4630/2448/500 4629/2449/500 4627/1129/499
f 4630/2448/500 4632/2450/62 4631/1131/62 4629/2449/500
f 4632/2450/62 4634/2451/501 4633/2452/501 4631/1131/62
f 4634/2451/501 4636/2453/502 4635/1133/502 4633/2452/501
f 4636/2453/502 4638/2454/503 4637/2455/503 4635/1133/502
f 4638/2454/503 4640/2456/504 4639/1132/504 4637/2455/503
f 4640/2456/504 4642/2457/505 4641/2458/505 4639/1132/504
f 4642/2457/505 4644/2459/506 4643/1130/506 4641/2458/505
f 4644/2459/506 4646/2460/507 4645/2461/507 4643/1130/506
f 4646/2460/507 4648/2462/508 4647/1128/508 4645/2461/507
f 4648/2462/508 4650/2463/509 4649/2464/509 4647/1128/508
f 4650/2463/509 4652/2465/510 4651/1127/510 4649/2464/509
f 4652/2465/510 4654/2466/511 4653/2467/511 4651/1127/510
f 4654/2466/511 4656/2468/512 4655/1125/512 4653/2467/511
f 4656/2468/512 4658/2469/513 4657/2470/513 4655/1125/512
f 4658/2469/513 4660/2471/514 4659/1123/514 4657/2470/513
f 4660/2471/514 4662/2472/515 4661/2473/515 4659/1123/514
f 4662/2472/515 4664/2474/516 4663/1121/516 4661/2473/515
f 4664/2474/516 4666/2475/517 4665/2476/517 4663/1121/516
f 4666/2475/517 4668/2477/518 4667/1111/518 4665/2476/517
f 4668/2477/518 4670/2478/519 4669/2479/519 4667/1111/518
f 4670/2478/519 4672/2480/520 4671/1105/520 4669/2479/519
f 4672/2480/520 4674/2481/521 4673/2482/521 4671/1105/520
f 4674/2481/521 4676/2483/522 4675/1099/522 4673/2482/521
f 4676/2483/522 4678/2484/523 4677/2485/523 4675/1099/522
f 4678/2484/523 4680/2486/372 4679/1092/372 4677/2485/523
f 4680/2486/372 4682/2487/524 4681/2488/524 4679/1092/372
f 4682/2487/524 4684/2489/525 4683/1089/525 4681/2488/524
f 4684/2489/525 4686/2490/526 4685/2491/526 4683/1089/525
f 4686/2490/526 4688/2492/527 4687/1086/527 4685/2491/526
f 4688/2492/527 4690/2493/528 4689/2494/528 4687/1086/527
f 4690/2493/528 4692/2495/529 4691/1081/529 4689/2494/528
f 4692/2495/529 4694/2496/530 4693/2497/530 4691/1081/529
f 4694/2496/530 4696/2498/531 4695/1079/531 4693/2497/530
f 4696/2498/531 4698/2499/532 4697/2500/532 4695/1079/531
f 4698/2499/532 4700/2501/533 4699/1077/533 4697/2500/532
f 4700/2501/533 4702/2502/534 4701/2503/534 4699/1077/533
f 4702/2502/534 4704/2504/535 4703/1075/535 4701/2503/534
f 4704/2504/535 4706/2505/62 4705/2506/62 4703/1075/535
f 4706/2505/62 4708/2507/93 4707/1072/536 4705/2506/62
f 4708/2507/93 4710/2508/537 4709/2509/538 4707/1072/536
f 4710/2508/537 4712/2510/539 4711/1069/539 4709/2509/538
f 4712/2510/539 4714/2511/540 4713/2512/540 4711/1069/539
f 4714/2511/540 4716/2513/541 4715/1062/541 4713/2512/540
f 4716/2513/541 4718/2514/542 4717/2515/542 4715/1062/541
f 4718/2514/542 4720/2516/543 4719/1050/543 4717/2515/542
f 4720/2516/543 4722/2517/544 4721/2518/544 4719/1050/543
f 4722/2517/544 4724/2519/545 4723/1039/545 4721/2518/544
f 4724/2519/545 4726/2520/546 4725/2521/546 4723/1039/545
f 4726/2520/546 4728/2522/547 4727/1029/547 4725/2521/546
f 4728/2522/547 4730/2523/203 4729/2524/203 4727/1029/547
f 4730/2523/203 4732/2525/548 4731/1025/548 4729/2524/203
f 4732/2525/548 4734/2526/549 4733/2527/549 4731/1025/548
f 4734/2526/549 4736/2528/550 4735/1020/550 4733/2527/549
f 4736/2528/550 4738/2529/551 4737/2530/551 4735/1020/550
f 4738/2529/551 4740/2531/552 4739/1017/552 4737/2530/551
f 4740/2531/552 4742/2532/553 4741/2533/553 4739/1017/552
f 4742/2532/553 4744/2534/554 4743/1011/554 4741/2533/553
f 4744/2534/554 4746/2535/555 4745/2536/555 4743/1011/554
f 4746/2535/555 4748/2537/556 4747/1008/556 4745/2536/555
f 4748/2537/556 4750/2538/557 4749/2539/557 4747/1008/556
f 4750/2538/557 4752/2540/558 4751/1005/558 4749/2539/557
f 4752/2540/558 4754/2541/559 4753/2542/559 4751/1005/558
f 4754/2541/559 4756/2543/560 4755/1002/561 4753/2542/559
f 4756/2543/560 4758/2544/562 4757/2545/562 4755/1002/561
f 4758/2544/562 4760/2546/563 4759/999/563 4757/2545/562
f 4760/2546/563 4762/2547/564 4761/2548/564 4759/999/563
f 4762/2547/564 4764/2549/565 4763/997/565 4761/2548/564
f 4764/2549/565 4766/2550/566 4765/2551/566 4763/997/565
f 4766/2550/566 4768/2552/567 4767/992/567 4765/2551/566
f 4768/2552/567 4770/2553/568 4769/2554/568 4767/992/567
f 4770/2553/568 4772/2555/569 4771/990/569 4769/2554/568
f 4772/2555/569 4774/2556/566 4773/2557/566 4771/990/569
f 4774/2556/566 4776/2558/570 4775/986/570 4773/2557/566
f 4776/2558/570 4778/2559/571 4777/2560/571 4775/986/570
f 4778/2559/571 4780/2561/572 4779/988/572 4777/2560/571
f 4780/2561/572 4782/2562/573 4781/2563/573 4779/988/572
f 4782/2562/573 4784/2564/574 4783/987/574 4781/2563/573
f 4784/2564/574 4786/2565/575 4785/2566/575 4783/987/574
f 4786/2565/575 4788/2567/576 4787/989/576 4785/2566/575
f 4788/2567/576 4790/2568/577 4789/2569/577 4787/989/576
f 4790/2568/577 4792/2570/578 4791/991/578 4789/2569/577
f 4792/2570/578 4794/2571/579 4793/2572/579 4791/991/578
f 4794/2571/579 4796/2573/580 4795/993/580 4793/2572/579
f 4796/2573/580 4798/2574/581 4797/2575/581 4795/993/580
f 4798/2574/581 4800/2576/582 4799/998/582 4797/2575/581
f 4800/2576/582 4802/2577/583 4801/2578/583 4799/998/582
f 4802/2577/583 4804/2579/584 4803/1000/585 4801/2578/583
f 4804/2579/584 4806/2580/586 4805/2581/587 4803/1000/585
f 4806/2580/586 4808/2582/588 4807/1003/588 4805/2581/587
f 4808/2582/588 4810/2583/589 4809/2584/589 4807/1003/588
f 4810/2583/589 4812/2585/590 4811/1006/590 4809/2584/589
f 4812/2585/590 4814/2586/591 4813/2587/591 4811/1006/590
f 4814/2586/591 4816/2588/592 4815/1010/592 4813/2587/591
f 4816/2588/592 4818/2589/593 4817/2590/593 4815/1010/592
f 4818/2589/593 4820/2591/594 4819/1012/594 4817/2590/593
f 4820/2591/594 4822/2592/595 4821/2593/595 4819/1012/594
f 4822/2592/595 4824/2594/596 4823/1019/596 4821/2593/595
f 4824/2594/596 4826/2595/597 4825/2596/597 4823/1019/596
f 4826/2595/597 4828/2597/598 4827/1021/598 4825/2596/597
f 4828/2597/598 4830/2598/599 4829/2599/599 4827/1021/598
f 4830/2598/599 4236/1759/300 4235/46/300 4829/2599/599
f 4832/1755/50 4834/1756/49 4833/41/49 4831/43/50
f 4834/1756/49 4836/1757/48 4835/116/48 4833/41/49
f 4836/1757/48 4838/1758/51 4837/69/51 4835/116/48
f 4838/1758/51 4832/1759/50 4831/46/50 4837/69/51
f 4840/1755/50 4842/1756/49 4841/41/49 4839/43/50
f 4842/1756/49 4844/1757/48 4843/116/48 4841/41/49
f 4844/1757/48 4846/1758/51 4845/69/51 4843/116/48
f 4846/1758/51 4840/1759/50 4839/46/50 4845/69/51
f 4848/1755/50 4850/1756/49 4849/41/49 4847/43/50
f 4850/1756/49 4852/1757/48 4851/116/48 4849/41/49
f 4852/1757/48 4854/1758/51 4853/69/51 4851/116/48
f 4854/1758/51 4848/1759/50 4847/46/50 4853/69/51
f 4856/1755/600 4858/2600/601 4857/2601/601 4855/43/600
f 4858/2600/601 4860/2602/602 4859/1555/602 4857/2601/601
f 4860/2602/602 4862/2603/603 4861/2604/603 4859/1555/602
f 4862/2603/603 4864/2605/604 4863/1563/604 4861/2604/603
f 4864/2605/604 4866/2606/605 4865/2607/605 4863/1563/604
f 4866/2606/605 4868/2608/606 4867/2609/606 4865/2607/605
f 4868/2608/606 4870/2610/607 4869/2611/607 4867/2609/606
f 4870/2610/607 4872/2612/608 4871/1636/608 4869/2611/607
f 4872/2612/608 4874/2613/609 4873/2614/609 4871/1636/608
f 4874/2613/609 4876/2615/610 4875/1710/610 4873/2614/609
f 4876/2615/610 4878/2616/611 4877/2617/611 4875/1710/610
f 4878/2616/611 4880/2618/612 4879/1681/612 4877/2617/611
f 4880/2618/612 4882/1757/613 4881/116/613 4879/1681/612
f 4882/1757/613 4884/2619/614 4883/1669/614 4881/116/613
f 4884/2619/614 4886/2620/615 4885/2621/615 4883/1669/614
f 4886/2620/615 4888/2622/616 4887/1639/616 4885/2621/615
f 4888/2622/616 4890/2623/617 4889/2624/617 4887/1639/616
f 4890/2623/617 4892/2625/618 4891/1635/618 4889/2624/617
f 4892/2625/618 4894/2626/619 4893/2627/619 4891/1635/618
f 4894/2626/619 4896/2628/620 4895/1672/620 4893/2627/619
f 4896/2628/620 4898/2629/621 4897/2630/621 4895/1672/620
f 4898/2629/621 4900/2631/622 4899/1585/622 4897/2630/621
f 4900/2631/622 4902/2632/623 4901/2633/623 4899/1585/622
f 4902/2632/623 4904/2634/624 4903/1597/624 4901/2633/623
f 4904/2634/624 4906/2635/625 4905/2636/625 4903/1597/624
f 4906/2635/625 4856/1759/600 4855/46/600 4905/2636/625
f 4908/1755/50 4910/2637/49 4909/2638/49 4907/43/50
f 4910/2637/49 4912/1756/49 4911/41/49 4909/2638/49
f 4912/1756/49 4914/2639/50 4913/2640/50 4911/41/49
f 4914/2639/50 4916/1757/50 4915/116/50 4913/2640/50
f 4916/1757/50 4918/2641/49 4917/2642/49 4915/116/50
f 4918/2641/49 4920/1758/48 4919/69/48 4917/2642/49
f 4920/1758/48 4922/2643/51 4921/2644/51 4919/69/48
f 4922/2643/51 4908/1759/50 4907/46/50 4921/2644/51
f 4924/1755/49 4926/1756/50 4925/41/50 4923/43/49
f 4926/1756/50 4928/1757/51 4927/116/51 4925/41/50
f 4928/1757/51 4930/1758/48 4929/69/48 4927/116/51
f 4930/1758/48 4924/1759/49 4923/46/49 4929/69/48
f 4932/1755/626 4934/2645/627 4933/2646/627 4931/43/626
f 4934/2645/627 4936/2600/628 4935/2601/628 4933/2646/627
f 4936/2600/628 4938/2647/629 4937/2648/629 4935/2601/628
f 4938/2647/629 4940/2602/630 4939/1555/630 4937/2648/629
f 4940/2602/630 4942/2649/631 4941/2650/631 4939/1555/630
f 4942/2649/631 4944/2603/632 4943/2604/632 4941/2650/631
f 4944/2603/632 4946/2651/633 4945/2652/633 4943/2604/632
f 4946/2651/633 4948/2605/634 4947/1563/634 4945/2652/633
f 4948/2605/634 4950/2653/635 4949/2654/635 4947/1563/634
f 4950/2653/635 4952/2606/636 4951/2607/636 4949/2654/635
f 4952/2606/636 4954/2655/637 4953/2656/637 4951/2607/636
f 4954/2655/637 4956/2608/50 4955/2609/50 4953/2656/637
f 4956/2608/50 4958/1756/49 4957/41/49 4955/2609/50
f 4958/1756/49 4960/2610/638 4959/2611/638 4957/41/49
f 4960/2610/638 4962/2657/62 4961/2658/62 4959/2611/638
f 4962/2657/62 4964/2612/639 4963/1636/639 4961/2658/62
f 4964/2612/639 4966/2659/640 4965/2660/640 4963/1636/639
f 4966/2659/640 4968/2613/641 4967/2614/641 4965/2660/640
f 4968/2613/641 4970/2661/642 4969/2662/642 4967/2614/641
f 4970/2661/642 4972/2615/643 4971/1710/643 4969/2662/642
f 4972/2615/643 4974/2663/644 4973/2664/644 4971/1710/643
f 4974/2663/644 4976/2616/645 4975/2617/645 4973/2664/644
f 4976/2616/645 4978/2665/646 4977/2666/646 4975/2617/645
f 4978/2665/646 4980/2618/647 4979/1681/647 4977/2666/646
f 4980/2618/647 4982/2667/648 4981/2668/648 4979/1681/647
f 4982/2667/648 4984/1757/649 4983/116/649 4981/2668/648
f 4984/1757/649 4986/2669/650 4985/2670/650 4983/116/649
f 4986/2669/650 4988/2619/651 4987/1669/651 4985/2670/650
f 4988/2619/651 4990/2671/652 4989/2672/652 4987/1669/651
f 4990/2671/652 4992/2620/653 4991/2621/653 4989/2672/652
f 4992/2620/653 4994/2673/654 4993/2674/654 4991/2621/653
f 4994/2673/654 4996/2622/655 4995/1639/655 4993/2674/654
f 4996/2622/655 4998/2675/656 4997/2676/656 4995/1639/655
f 4998/2675/656 5000/2623/657 4999/2624/657 4997/2676/656
f 5000/2623/657 5002/2677/658 5001/2678/658 4999/2624/657
f 5002/2677/658 5004/2625/659 5003/1635/659 5001/2678/658
f 5004/2625/659 5006/2679/660 5005/2680/660 5003/1635/659
f 5006/2679/660 5008/2626/661 5007/2627/661 5005/2680/660
f 5008/2626/661 5010/1758/662 5009/69/662 5007/2627/661
f 5010/1758/662 5012/2628/663 5011/1672/663 5009/69/662
f 5012/2628/663 5014/2681/664 5013/2682/664 5011/1672/663
f 5014/2681/664 5016/2629/665 5015/2630/665 5013/2682/664
f 5016/2629/665 5018/2683/666 5017/2684/666 5015/2630/665
f 5018/2683/666 5020/2631/667 5019/1585/667 5017/2684/666
f 5020/2631/667 5022/2685/668 5021/2686/668 5019/1585/667
f 5022/2685/668 5024/2632/669 5023/2633/669 5021/2686/668
f 5024/2632/669 5026/2687/670 5025/2688/670 5023/2633/669
f 5026/2687/670 5028/2634/671 5027/1597/671 5025/2688/670
f 5028/2634/671 5030/2689/672 5029/2690/672 5027/1597/671
f 5030/2689/672 5032/2635/673 5031/2636/673 5029/2690/672
f 5032/2635/673 5034/2691/674 5033/2692/674 5031/2636/673
f 5034/2691/674 4932/1759/626 4931/46/626 5033/2692/674
f 5036/1755/675 5038/2600/676 5037/2601/676 5035/43/675
f 5038/2600/676 5040/2602/677 5039/1555/677 5037/2601/676
f 5040/2602/677 5042/2603/678 5041/2604/678 5039/1555/677
f 5042/2603/678 5044/2605/679 5043/1563/679 5041/2604/678
f 5044/2605/679 5046/2606/680 5045/2607/680 5043/1563/679
f 5046/2606/680 5048/2608/681 5047/2609/681 5045/2607/680
f 5048/2608/681 5050/2610/682 5049/2611/682 5047/2609/681
f 5050/2610/682 5052/2612/683 5051/1636/683 5049/2611/682
f 5052/2612/683 5054/2613/684 5053/2614/684 5051/1636/683
f 5054/2613/684 5056/2615/685 5055/1710/685 5053/2614/684
f 5056/2615/685 5058/2616/686 5057/2617/686 5055/1710/685
f 5058/2616/686 5060/2618/687 5059/1681/687 5057/2617/686
f 5060/2618/687 5062/1757/688 5061/116/688 5059/1681/687
f 5062/1757/688 5064/2619/689 5063/1669/689 5061/116/688
f 5064/2619/689 5066/2620/690 5065/2621/690 5063/1669/689
f 5066/2620/690 5068/2622/691 5067/1639/691 5065/2621/690
f 5068/2622/691 5070/2623/692 5069/2624/692 5067/1639/691
f 5070/2623/692 5072/2625/693 5071/1635/693 5069/2624/692
f 5072/2625/693 5074/2626/694 5073/2627/694 5071/1635/693
f 5074/2626/694 5076/2628/695 5075/1672/695 5073/2627/694
f 5076/2628/695 5078/2629/696 5077/2630/696 5075/1672/695
f 5078/2629/696 5080/2631/697 5079/1585/697 5077/2630/696
f 5080/2631/697 5082/2632/698 5081/2633/698 5079/1585/697
f 5082/2632/698 5084/2634/699 5083/1597/699 5081/2633/698
f 5084/2634/699 5086/2635/700 5085/2636/700 5083/1597/699
f 5086/2635/700 5036/1759/675 5035/46/675 5085/2636/700
f 5088/1755/701 5090/2600/702 5089/2601/702 5087/43/701
f 5090/2600/702 5092/2602/703 5091/1555/703 5089/2601/702
f 5092/2602/703 5094/2603/704 5093/2604/704 5091/1555/703
f 5094/2603/704 5096/2605/705 5095/1563/705 5093/2604/704
f 5096/2605/705 5098/2606/706 5097/2607/706 5095/1563/705
f 5098/2606/706 5100/2608/707 5099/2609/707 5097/2607/706
f 5100/2608/707 5102/2610/708 5101/2611/708 5099/2609/707
f 5102/2610/708 5104/2612/709 5103/1636/709 5101/2611/708
f 5104/2612/709 5106/2613/710 5105/2614/710 5103/1636/709
f 5106/2613/710 5108/2615/711 5107/1710/711 5105/2614/710
f 5108/2615/711 5110/2616/712 5109/2617/712 5107/1710/711
f 5110/2616/712 5112/2618/713 5111/1681/713 5109/2617/712
f 5112/2618/713 5114/1757/714 5113/116/714 5111/1681/713
f 5114/1757/714 5116/2619/715 5115/1669/715 5113/116/714
f 5116/2619/715 5118/2620/716 5117/2621/716 5115/1669/715
f 5118/2620/716 5120/2622/717 5119/1639/717 5117/2621/716
f 5120/2622/717 5122/2623/718 5121/2624/718 5119/1639/717
f 5122/2623/718 5124/2625/719 5123/1635/719 5121/2624/718
f 5124/2625/719 5126/2626/720 5125/2627/720 5123/1635/719
f 5126/2626/720 5128/2628/721 5127/1672/721 5125/2627/720
f 5128/2628/721 5130/2629/722 5129/2630/722 5127/1672/721
f 5130/2629/722 5132/2631/723 5131/1585/723 5129/2630/722
f 5132/2631/723 5134/2632/724 5133/2633/724 5131/1585/723
f 5134/2632/724 5136/2634/725 5135/1597/725 5133/2633/724
f 5136/2634/725 5138/2635/726 5137/2636/726 5135/1597/725
f 5138/2635/726 5088/1759/701 5087/46/701 5137/2636/726
f 5140/1755/727 5142/2693/728 5141/2694/728 5139/43/727
f 5142/2693/728 5144/2695/729 5143/2696/729 5141/2694/728
f 5144/2695/729 5146/2697/730 5145/2698/730 5143/2696/729
f 5146/2697/730 5148/2699/731 5147/2700/731 5145/2698/730
f 5148/2699/731 5150/2701/732 5149/2702/732 5147/2700/731
f 5150/2701/732 5152/2703/733 5151/2704/733 5149/2702/732
f 5152/2703/733 5154/2705/734 5153/955/734 5151/2704/733
f 5154/2705/734 5156/2706/735 5155/2707/735 5153/955/734
f 5156/2706/735 5158/2708/736 5157/2709/736 5155/2707/735
f 5158/2708/736 5160/2710/737 5159/2711/737 5157/2709/736
f 5160/2710/737 5162/2712/738 5161/2713/738 5159/2711/737
f 5162/2712/738 5164/2714/739 5163/2715/739 5161/2713/738
f 5164/2714/739 5166/2716/740 5165/2717/740 5163/2715/739
f 5166/2716/740 5168/2718/741 5167/331/741 5165/2717/740
f 5168/2718/741 5170/2719/742 5169/2720/742 5167/331/741
f 5170/2719/742 5172/2721/743 5171/2722/743 5169/2720/742
f 5172/2721/743 5174/2723/744 5173/2724/744 5171/2722/743
f 5174/2723/744 5176/2725/745 5175/2726/745 5173/2724/744
f 5176/2725/745 5178/2727/746 5177/2728/746 5175/2726/745
f 5178/2727/746 5180/2729/747 5179/2730/747 5177/2728/746
f 5180/2729/747 5182/2731/748 5181/743/748 5179/2730/747
f 5182/2731/748 5184/2732/749 5183/2733/749 5181/743/748
f 5184/2732/749 5186/2734/750 5185/2735/750 5183/2733/749
f 5186/2734/750 5188/2736/751 5187/2737/751 5185/2735/750
f 5188/2736/751 5190/2738/752 5189/2739/752 5187/2737/751
f 5190/2738/752 5192/2740/753 5191/2741/753 5189/2739/752
f 5192/2740/753 5194/2742/754 5193/2743/754 5191/2741/753
f 5194/2742/754 5196/2744/755 5195/494/755 5193/2743/754
f 5196/2744/755 5198/2745/756 5197/2746/756 5195/494/755
f 5198/2745/756 5200/2747/757 5199/2748/757 5197/2746/756
f 5200/2747/757 5202/2749/758 5201/2750/758 5199/2748/757
f 5202/2749/758 5204/2751/759 5203/2752/759 5201/2750/758
f 5204/2751/759 5206/2753/760 5205/2754/760 5203/2752/759
f 5206/2753/760 5208/2755/761 5207/2756/761 5205/2754/760
f 5208/2755/761 5210/2757/762 5209/833/762 5207/2756/761
f 5210/2757/762 5212/2758/763 5211/2759/763 5209/833/762
f 5212/2758/763 5214/2760/764 5213/2761/764 5211/2759/763
f 5214/2760/764 5216/2762/765 5215/2763/765 5213/2761/764
f 5216/2762/765 5218/2764/332 5217/2765/332 5215/2763/765
f 5218/2764/332 5220/2766/766 5219/2767/766 5217/2765/332
f 5220/2766/766 5222/2768/767 5221/2769/767 5219/2767/766
f 5222/2768/767 5224/2770/768 5223/445/768 5221/2769/767
f 5224/2770/768 5226/2771/769 5225/2772/769 5223/445/768
f 5226/2771/769 5228/2773/770 5227/2774/770 5225/2772/769
f 5228/2773/770 5230/2775/771 5229/2776/771 5227/2774/770
f 5230/2775/771 5232/2777/772 5231/2778/772 5229/2776/771
f 5232/2777/772 5234/2779/773 5233/2780/773 5231/2778/772
f 5234/2779/773 5236/2781/774 5235/2782/774 5233/2780/773
f 5236/2781/774 5238/1757/775 5237/116/775 5235/2782/774
f 5238/1757/775 5240/2783/776 5239/2784/776 5237/116/775
f 5240/2783/776 5242/2785/777 5241/2786/777 5239/2784/776
f 5242/2785/777 5244/2787/778 5243/2788/778 5241/2786/777
f 5244/2787/778 5246/2789/779 5245/2790/779 5243/2788/778
f 5246/2789/779 5248/2791/780 5247/2792/780 5245/2790/779
f 5248/2791/780 5250/2793/781 5249/2794/781 5247/2792/780
f 5250/2793/781 5252/2795/782 5251/428/782 5249/2794/781
f 5252/2795/782 5254/2796/783 5253/2797/783 5251/428/782
f 5254/2796/783 5256/2798/784 5255/2799/784 5253/2797/783
f 5256/2798/784 5258/2800/785 5257/2801/785 5255/2799/784
f 5258/2800/785 5260/2802/786 5259/2803/786 5257/2801/785
f 5260/2802/786 5262/2804/787 5261/2805/787 5259/2803/786
f 5262/2804/787 5264/2806/788 5263/2807/788 5261/2805/787
f 5264/2806/788 5266/2808/789 5265/939/789 5263/2807/788
f 5266/2808/789 5268/2809/790 5267/2810/790 5265/939/789
f 5268/2809/790 5270/2811/791 5269/2812/791 5267/2810/790
f 5270/2811/791 5272/2813/792 5271/2814/792 5269/2812/791
f 5272/2813/792 5274/2815/792 5273/2816/792 5271/2814/792
f 5274/2815/792 5276/2817/793 5275/2818/793 5273/2816/792
f 5276/2817/793 5278/2819/794 5277/2820/794 5275/2818/793
f 5278/2819/794 5280/2821/795 5279/360/795 5277/2820/794
f 5280/2821/795 5282/2822/796 5281/2823/796 5279/360/795
f 5282/2822/796 5284/2824/797 5283/2825/797 5281/2823/796
f 5284/2824/797 5286/2826/798 5285/2827/798 5283/2825/797
f 5286/2826/798 5288/2828/799 5287/2829/799 5285/2827/798
f 5288/2828/799 5290/2830/800 5289/2831/800 5287/2829/799
f 5290/2830/800 5292/2832/801 5291/2833/801 5289/2831/800
f 5292/2832/801 5294/2834/802 5293/860/802 5291/2833/801
f 5294/2834/802 5296/2835/803 5295/2836/803 5293/860/802
f 5296/2835/803 5298/2837/804 5297/2838/804 5295/2836/803
f 5298/2837/804 5300/2839/805 5299/2840/805 5297/2838/804
f 5300/2839/805 5302/2841/806 5301/2842/806 5299/2840/805
f 5302/2841/806 5304/2843/807 5303/2844/807 5301/2842/806
f 5304/2843/807 5306/2845/808 5305/2846/808 5303/2844/807
f 5306/2845/808 5308/2847/809 5307/241/809 5305/2846/808
f 5308/2847/809 5310/2848/810 5309/2849/810 5307/241/809
f 5310/2848/810 5312/2850/811 5311/2851/811 5309/2849/810
f 5312/2850/811 5314/2852/812 5313/2853/812 5311/2851/811
f 5314/2852/812 5316/2854/813 5315/2855/813 5313/2853/812
f 5316/2854/813 5318/2856/814 5317/2857/814 5315/2855/813
f 5318/2856/814 5320/2858/815 5319/2859/815 5317/2857/814
f 5320/2858/815 5322/2860/816 5321/771/816 5319/2859/815
f 5322/2860/816 5324/2861/817 5323/2862/817 5321/771/816
f 5324/2861/817 5326/2863/818 5325/2864/818 5323/2862/817
f 5326/2863/818 5328/2865/819 5327/2866/819 5325/2864/818
f 5328/2865/819 5330/2867/820 5329/2868/820 5327/2866/819
f 5330/2867/820 5332/2869/821 5331/2870/821 5329/2868/820
f 5332/2869/821 5334/2871/822 5333/2872/822 5331/2870/821
f 5334/2871/822 5140/1759/727 5139/46/727 5333/2872/822
f 5336/1755/823 5338/2873/824 5337/2874/824 5335/43/823
f 5338/2873/824 5340/2875/825 5339/2876/825 5337/2874/824
f 5340/2875/825 5342/2877/826 5341/2878/826 5339/2876/825
f 5342/2877/826 5344/2879/827 5343/2880/827 5341/2878/826
f 5344/2879/827 5346/2881/828 5345/2882/828 5343/2880/827
f 5346/2881/828 5348/2637/829 5347/2638/829 5345/2882/828
f 5348/2637/829 5350/2883/830 5349/2884/830 5347/2638/829
f 5350/2883/830 5352/2885/831 5351/155/832 5349/2884/830
f 5352/2885/831 5354/2886/833 5353/2887/833 5351/155/832
f 5354/2886/833 5356/2888/834 5355/2889/834 5353/2887/833
f 5356/2888/834 5358/2890/835 5357/2891/835 5355/2889/834
f 5358/2890/835 5360/1756/836 5359/41/836 5357/2891/835
f 5360/1756/836 5362/2892/837 5361/2893/837 5359/41/836
f 5362/2892/837 5364/2894/838 5363/2895/838 5361/2893/837
f 5364/2894/838 5366/2896/839 5365/2897/839 5363/2895/838
f 5366/2896/839 5368/2898/840 5367/208/840 5365/2897/839
f 5368/2898/840 5370/2899/841 5369/2900/841 5367/208/840
f 5370/2899/841 5372/2639/842 5371/2640/842 5369/2900/841
f 5372/2639/842 5374/2901/843 5373/2902/843 5371/2640/842
f 5374/2901/843 5376/2903/844 5375/2904/844 5373/2902/843
f 5376/2903/844 5378/2905/845 5377/2906/846 5375/2904/844
f 5378/2905/845 5380/2907/847 5379/2908/847 5377/2906/846
f 5380/2907/847 5382/2909/848 5381/2910/848 5379/2908/847
f 5382/2909/848 5384/1757/849 5383/116/849 5381/2910/848
f 5384/1757/849 5386/2911/850 5385/2912/850 5383/116/849
f 5386/2911/850 5388/2913/851 5387/2914/851 5385/2912/850
f 5388/2913/851 5390/2915/852 5389/2916/852 5387/2914/851
f 5390/2915/852 5392/2917/853 5391/2918/853 5389/2916/852
f 5392/2917/853 5394/2919/854 5393/2920/854 5391/2918/853
f 5394/2919/854 5396/2641/855 5395/2642/855 5393/2920/854
f 5396/2641/855 5398/2921/856 5397/2922/856 5395/2642/855
f 5398/2921/856 5400/2923/857 5399/205/857 5397/2922/856
f 5400/2923/857 5402/2924/858 5401/2925/858 5399/205/857
f 5402/2924/858 5404/2926/62 5403/2927/62 5401/2925/858
f 5404/2926/62 5406/2928/859 5405/2929/859 5403/2927/62
f 5406/2928/859 5408/1758/860 5407/69/860 5405/2929/859
f 5408/1758/860 5410/2930/861 5409/2931/861 5407/69/860
f 5410/2930/861 5412/2932/862 5411/2933/862 5409/2931/861
f 5412/2932/862 5414/2934/863 5413/2935/863 5411/2933/862
f 5414/2934/863 5416/2936/864 5415/147/864 5413/2935/863
f 5416/2936/864 5418/2937/865 5417/2938/865 5415/147/864
f 5418/2937/865 5420/2643/866 5419/2644/866 5417/2938/865
f 5420/2643/866 5422/2939/867 5421/2940/867 5419/2644/866
f 5422/2939/867 5424/2941/868 5423/2942/868 5421/2940/867
f 5424/2941/868 5426/2943/869 5425/2944/869 5423/2942/868
f 5426/2943/869 5428/2945/870 5427/2946/870 5425/2944/869
f 5428/2945/870 5430/2947/871 5429/2948/871 5427/2946/870
f 5430/2947/871 5336/1759/823 5335/46/823 5429/2948/871
f 5432/1755/872 5434/2949/873 5433/2950/873 5431/43/872
f 5434/2949/873 5436/2951/874 5435/2952/874 5433/2950/873
f 5436/2951/874 5438/2953/875 5437/559/875 5435/2952/874
f 5438/2953/875 5440/2954/876 5439/2955/876 5437/559/875
f 5440/2954/876 5442/2956/877 5441/2957/877 5439/2955/876
f 5442/2956/877 5444/2958/878 5443/548/878 5441/2957/877
f 5444/2958/878 5446/2959/879 5445/2960/879 5443/548/878
f 5446/2959/879 5448/2961/880 5447/2962/880 5445/2960/879
f 5448/2961/880 5450/2963/881 5449/539/881 5447/2962/880
f 5450/2963/881 5452/2964/882 5451/2965/882 5449/539/881
f 5452/2964/882 5454/2966/883 5453/2967/883 5451/2965/882
f 5454/2966/883 5456/2968/884 5455/534/884 5453/2967/883
f 5456/2968/884 5458/2969/885 5457/2970/885 5455/534/884
f 5458/2969/885 5460/2971/886 5459/2972/886 5457/2970/885
f 5460/2971/886 5462/2973/887 5461/531/887 5459/2972/886
f 5462/2973/887 5464/2974/888 5463/2975/888 5461/531/887
f 5464/2974/888 5466/2976/889 5465/2977/889 5463/2975/888
f 5466/2976/889 5468/2978/890 5467/528/890 5465/2977/889
f 5468/2978/890 5470/2979/891 5469/2980/891 5467/528/890
f 5470/2979/891 5472/2981/892 5471/2982/892 5469/2980/891
f 5472/2981/892 5474/2983/893 5473/526/893 5471/2982/892
f 5474/2983/893 5476/2984/894 5475/2985/894 5473/526/893
f 5476/2984/894 5478/2986/895 5477/2987/895 5475/2985/894
f 5478/2986/895 5480/2988/896 5479/523/896 5477/2987/895
f 5480/2988/896 5482/2989/897 5481/2990/897 5479/523/896
f 5482/2989/897 5484/2991/898 5483/2992/898 5481/2990/897
f 5484/2991/898 5486/2993/899 5485/520/899 5483/2992/898
f 5486/2993/899 5488/2994/900 5487/2995/900 5485/520/899
f 5488/2994/900 5490/2996/901 5489/2997/901 5487/2995/900
f 5490/2996/901 5492/2998/902 5491/518/902 5489/2997/901
f 5492/2998/902 5494/2999/903 5493/3000/903 5491/518/902
f 5494/2999/903 5496/3001/904 5495/3002/904 5493/3000/903
f 5496/3001/904 5498/3003/905 5497/513/905 5495/3002/904
f 5498/3003/905 5500/3004/906 5499/3005/906 5497/513/905
f 5500/3004/906 5502/3006/907 5501/3007/907 5499/3005/906
f 5502/3006/907 5504/3008/908 5503/514/908 5501/3007/907
f 5504/3008/908 5506/3009/909 5505/3010/909 5503/514/908
f 5506/3009/909 5508/3011/910 5507/3012/910 5505/3010/909
f 5508/3011/910 5510/3013/911 5509/540/911 5507/3012/910
f 5510/3013/911 5512/3014/912 5511/3015/912 5509/540/911
f 5512/3014/912 5514/3016/423 5513/3017/423 5511/3015/912
f 5514/3016/423 5516/3018/913 5515/543/913 5513/3017/423
f 5516/3018/913 5518/3019/914 5517/3020/914 5515/543/913
f 5518/3019/914 5520/3021/915 5519/3022/915 5517/3020/914
f 5520/3021/915 5522/3023/915 5521/547/915 5519/3022/915
f 5522/3023/915 5524/3024/916 5523/3025/916 5521/547/915
f 5524/3024/916 5526/3026/62 5525/3027/62 5523/3025/916
f 5526/3026/62 5528/3028/704 5527/550/917 5525/3027/62
f 5528/3028/704 5530/3029/918 5529/3030/919 5527/550/917
f 5530/3029/918 5532/3031/920 5531/3032/920 5529/3030/919
f 5532/3031/920 5534/3033/921 5533/553/921 5531/3032/920
f 5534/3033/921 5536/3034/922 5535/3035/922 5533/553/921
f 5536/3034/922 5538/3036/923 5537/3037/923 5535/3035/922
f 5538/3036/923 5540/3038/924 5539/556/924 5537/3037/923
f 5540/3038/924 5542/3039/358 5541/3040/358 5539/556/924
f 5542/3039/358 5544/3041/925 5543/3042/925 5541/3040/358
f 5544/3041/925 5546/3043/926 5545/560/926 5543/3042/925
f 5546/3043/926 5548/3044/927 5547/3045/927 5545/560/926
f 5548/3044/927 5550/3046/928 5549/3047/928 5547/3045/927
f 5550/3046/928 5552/3048/929 5551/565/929 5549/3047/928
f 5552/3048/929 5554/3049/930 5553/3050/930 5551/565/929
f 5554/3049/930 5556/3051/931 5555/3052/931 5553/3050/930
f 5556/3051/931 5558/3053/932 5557/568/932 5555/3052/931
f 5558/3053/932 5560/3054/933 5559/3055/933 5557/568/932
f 5560/3054/933 5562/3056/934 5561/3057/934 5559/3055/933
f 5562/3056/934 5564/3058/935 5563/571/935 5561/3057/934
f 5564/3058/935 5566/3059/936 5565/3060/936 5563/571/935
f 5566/3059/936 5568/3061/937 5567/3062/937 5565/3060/936
f 5568/3061/937 5570/3063/938 5569/575/938 5567/3062/937
f 5570/3063/938 5572/3064/939 5571/3065/939 5569/575/938
f 5572/3064/939 5574/3066/940 5573/3067/940 5571/3065/939
f 5574/3066/940 5576/3068/941 5575/579/941 5573/3067/940
f 5576/3068/941 5578/2898/942 5577/208/942 5575/579/941
f 5578/2898/942 5580/3069/943 5579/3070/943 5577/208/942
f 5580/3069/943 5582/3071/944 5581/583/944 5579/3070/943
f 5582/3071/944 5584/3072/945 5583/3073/945 5581/583/944
f 5584/3072/945 5586/3074/946 5585/3075/946 5583/3073/945
f 5586/3074/946 5588/3076/947 5587/586/947 5585/3075/946
f 5588/3076/947 5590/3077/948 5589/3078/948 5587/586/947
f 5590/3077/948 5592/3079/949 5591/3080/949 5589/3078/948
f 5592/3079/949 5594/3081/950 5593/589/950 5591/3080/949
f 5594/3081/950 5596/3082/951 5595/3083/951 5593/589/950
f 5596/3082/951 5598/3084/952 5597/3085/952 5595/3083/951
f 5598/3084/952 5600/3086/953 5599/593/953 5597/3085/952
f 5600/3086/953 5602/3087/954 5601/3088/954 5599/593/953
f 5602/3087/954 5604/3089/955 5603/3090/955 5601/3088/954
f 5604/3089/955 5606/3091/956 5605/596/956 5603/3090/955
f 5606/3091/956 5608/3092/957 5607/3093/957 5605/596/956
f 5608/3092/957 5610/3094/958 5609/3095/958 5607/3093/957
f 5610/3094/958 5612/3096/959 5611/599/959 5609/3095/958
f 5612/3096/959 5614/3097/960 5613/3098/960 5611/599/959
f 5614/3097/960 5616/3099/961 5615/3100/961 5613/3098/960
f 5616/3099/961 5618/3101/962 5617/603/962 5615/3100/961
f 5618/3101/962 5620/3102/963 5619/3103/963 5617/603/962
f 5620/3102/963 5622/3104/964 5621/3105/964 5619/3103/963
f 5622/3104/964 5624/3106/965 5623/606/965 5621/3105/964
f 5624/3106/965 5626/3107/966 5625/3108/966 5623/606/965
f 5626/3107/966 5628/3109/967 5627/3110/967 5625/3108/966
f 5628/3109/967 5630/3111/968 5629/608/968 5627/3110/967
f 5630/3111/968 5632/3112/969 5631/3113/969 5629/608/968
f 5632/3112/969 5634/3114/970 5633/3115/970 5631/3113/969
f 5634/3114/970 5636/3116/971 5635/615/971 5633/3115/970
f 5636/3116/971 5638/3117/972 5637/3118/972 5635/615/971
f 5638/3117/972 5640/3119/973 5639/3120/973 5637/3118/972
f 5640/3119/973 5642/3121/974 5641/623/974 5639/3120/973
f 5642/3121/974 5644/3122/975 5643/3123/975 5641/623/974
f 5644/3122/975 5646/3124/976 5645/3125/976 5643/3123/975
f 5646/3124/976 5648/3126/977 5647/628/977 5645/3125/976
f 5648/3126/977 5650/3127/978 5649/3128/978 5647/628/977
f 5650/3127/978 5652/3129/979 5651/3130/979 5649/3128/978
f 5652/3129/979 5654/3131/980 5653/627/980 5651/3130/979
f 5654/3131/980 5656/3132/981 5655/3133/981 5653/627/980
f 5656/3132/981 5658/3134/982 5657/3135/982 5655/3133/981
f 5658/3134/982 5660/3136/983 5659/624/983 5657/3135/982
f 5660/3136/983 5662/3137/984 5661/3138/984 5659/624/983
f 5662/3137/984 5664/3139/985 5663/3140/985 5661/3138/984
f 5664/3139/985 5666/3141/986 5665/621/986 5663/3140/985
f 5666/3141/986 5668/3142/987 5667/3143/987 5665/621/986
f 5668/3142/987 5670/3144/988 5669/3145/988 5667/3143/987
f 5670/3144/988 5672/3146/989 5671/617/990 5669/3145/988
f 5672/3146/989 5674/3147/991 5673/3148/991 5671/617/990
f 5674/3147/991 5676/3149/992 5675/3150/992 5673/3148/991
f 5676/3149/992 5678/3151/993 5677/614/993 5675/3150/992
f 5678/3151/993 5680/3152/994 5679/3153/994 5677/614/993
f 5680/3152/994 5682/3154/995 5681/3155/995 5679/3153/994
f 5682/3154/995 5684/3156/996 5683/612/996 5681/3155/995
f 5684/3156/996 5686/3157/997 5685/3158/997 5683/612/996
f 5686/3157/997 5688/3159/998 5687/3160/998 5685/3158/997
f 5688/3159/998 5690/3161/999 5689/633/999 5687/3160/998
f 5690/3161/999 5692/3162/1000 5691/3163/1000 5689/633/999
f 5692/3162/1000 5694/3164/1001 5693/3165/1001 5691/3163/1000
f 5694/3164/1001 5696/3166/1002 5695/636/1002 5693/3165/1001
f 5696/3166/1002 5698/3167/1003 5697/3168/1003 5695/636/1002
f 5698/3167/1003 5700/3169/1004 5699/3170/1004 5697/3168/1003
f 5700/3169/1004 5702/3171/1005 5701/638/1005 5699/3170/1004
f 5702/3171/1005 5704/3172/1006 5703/3173/1006 5701/638/1005
f 5704/3172/1006 5706/3174/1007 5705/3175/1007 5703/3173/1006
f 5706/3174/1007 5708/3176/1008 5707/641/1008 5705/3175/1007
f 5708/3176/1008 5710/3177/1009 5709/3178/1009 5707/641/1008
f 5710/3177/1009 5712/3179/1010 5711/3180/1010 5709/3178/1009
f 5712/3179/1010 5714/3181/1011 5713/644/1011 5711/3180/1010
f 5714/3181/1011 5716/3182/1012 5715/3183/1012 5713/644/1011
f 5716/3182/1012 5718/3184/1013 5717/3185/1013 5715/3183/1012
f 5718/3184/1013 5720/3186/1014 5719/647/1014 5717/3185/1013
f 5720/3186/1014 5722/3187/1015 5721/3188/1015 5719/647/1014
f 5722/3187/1015 5724/2923/1016 5723/205/1016 5721/3188/1015
f 5724/2923/1016 5726/3189/1017 5725/643/1017 5723/205/1016
f 5726/3189/1017 5728/3190/1018 5727/3191/1018 5725/643/1017
f 5728/3190/1018 5730/3192/1019 5729/3193/1019 5727/3191/1018
f 5730/3192/1019 5732/3194/1020 5731/635/1020 5729/3193/1019
f 5732/3194/1020 5734/3195/1021 5733/3196/1021 5731/635/1020
f 5734/3195/1021 5736/3197/1022 5735/3198/1022 5733/3196/1021
f 5736/3197/1022 5738/3199/1023 5737/631/1023 5735/3198/1022
f 5738/3199/1023 5740/3200/1024 5739/3201/1024 5737/631/1023
f 5740/3200/1024 5742/3202/1025 5741/3203/1025 5739/3201/1024
f 5742/3202/1025 5744/3204/1026 5743/629/1026 5741/3203/1025
f 5744/3204/1026 5746/3205/1027 5745/3206/1027 5743/629/1026
f 5746/3205/1027 5748/3207/1028 5747/3208/1028 5745/3206/1027
f 5748/3207/1028 5750/3209/1029 5749/609/1029 5747/3208/1028
f 5750/3209/1029 5752/3210/1030 5751/3211/1030 5749/609/1029
f 5752/3210/1030 5754/3212/1031 5753/3213/1031 5751/3211/1030
f 5754/3212/1031 5756/3214/1032 5755/602/1032 5753/3213/1031
f 5756/3214/1032 5758/3215/1033 5757/3216/1033 5755/602/1032
f 5758/3215/1033 5760/3217/1034 5759/3218/1034 5757/3216/1033
f 5760/3217/1034 5762/3219/1035 5761/597/1035 5759/3218/1034
f 5762/3219/1035 5764/3220/1036 5763/3221/1036 5761/597/1035
f 5764/3220/1036 5766/3222/1037 5765/3223/1037 5763/3221/1036
f 5766/3222/1037 5768/3224/1038 5767/592/1038 5765/3223/1037
f 5768/3224/1038 5770/3225/1039 5769/3226/1039 5767/592/1038
f 5770/3225/1039 5772/3227/1040 5771/3228/1040 5769/3226/1039
f 5772/3227/1040 5774/3229/1041 5773/587/1041 5771/3228/1040
f 5774/3229/1041 5776/3230/1042 5775/3231/1042 5773/587/1041
f 5776/3230/1042 5778/3232/1043 5777/3233/1043 5775/3231/1042
f 5778/3232/1043 5780/3234/1044 5779/582/1044 5777/3233/1043
f 5780/3234/1044 5782/3235/1045 5781/3236/1045 5779/582/1044
f 5782/3235/1045 5784/3237/1046 5783/3238/1046 5781/3236/1045
f 5784/3237/1046 5786/3239/1047 5785/578/1047 5783/3238/1046
f 5786/3239/1047 5788/3240/1048 5787/3241/1048 5785/578/1047
f 5788/3240/1048 5790/3242/1049 5789/3243/1049 5787/3241/1048
f 5790/3242/1049 5792/3244/62 5791/574/62 5789/3243/1049
f 5792/3244/62 5794/3245/1050 5793/3246/1050 5791/574/62
f 5794/3245/1050 5796/3247/62 5795/3248/62 5793/3246/1050
f 5796/3247/62 5798/3249/1051 5797/569/1051 5795/3248/62
f 5798/3249/1051 5800/3250/1052 5799/3251/1052 5797/569/1051
f 5800/3250/1052 5802/3252/1053 5801/3253/1053 5799/3251/1052
f 5802/3252/1053 5804/3254/1054 5803/564/1054 5801/3253/1053
f 5804/3254/1054 5806/3255/1055 5805/3256/1055 5803/564/1054
f 5806/3255/1055 5808/3257/1056 5807/3258/1056 5805/3256/1055
f 5808/3257/1056 5810/3259/1057 5809/544/1057 5807/3258/1056
f 5810/3259/1057 5812/3260/1058 5811/3261/1058 5809/544/1057
f 5812/3260/1058 5814/3262/1059 5813/3263/1059 5811/3261/1058
f 5814/3262/1059 5816/3264/1060 5815/530/1060 5813/3263/1059
f 5816/3264/1060 5818/3265/1061 5817/3266/1061 5815/530/1060
f 5818/3265/1061 5820/3267/1062 5819/3268/1062 5817/3266/1061
f 5820/3267/1062 5822/3269/1063 5821/512/1063 5819/3268/1062
f 5822/3269/1063 5824/3270/1064 5823/3271/1064 5821/512/1063
f 5824/3270/1064 5826/3272/1065 5825/3273/1065 5823/3271/1064
f 5826/3272/1065 5828/3274/1066 5827/508/1066 5825/3273/1065
f 5828/3274/1066 5830/3275/1067 5829/3276/1067 5827/508/1066
f 5830/3275/1067 5832/3277/1068 5831/3278/1068 5829/3276/1067
f 5832/3277/1068 5834/3279/1069 5833/506/1069 5831/3278/1068
f 5834/3279/1069 5836/3280/1070 5835/3281/1070 5833/506/1069
f 5836/3280/1070 5838/3282/1071 5837/3283/1071 5835/3281/1070
f 5838/3282/1071 5840/3284/1072 5839/507/1072 5837/3283/1071
f 5840/3284/1072 5842/3285/1073 5841/3286/1073 5839/507/1072
f 5842/3285/1073 5844/3287/1074 5843/3288/1074 5841/3286/1073
f 5844/3287/1074 5846/3289/1075 5845/511/1075 5843/3288/1074
f 5846/3289/1075 5848/3290/1076 5847/3291/1076 5845/511/1075
f 5848/3290/1076 5850/3292/1077 5849/3293/1077 5847/3291/1076
f 5850/3292/1077 5852/3294/1078 5851/525/1078 5849/3293/1077
f 5852/3294/1078 5854/3295/1079 5853/3296/1079 5851/525/1078
f 5854/3295/1079 5856/3297/1080 5855/3298/1080 5853/3296/1079
f 5856/3297/1080 5858/3299/1081 5857/537/1081 5855/3298/1080
f 5858/3299/1081 5860/3300/1082 5859/3301/1082 5857/537/1081
f 5860/3300/1082 5862/3302/1083 5861/3303/1083 5859/3301/1082
f 5862/3302/1083 5864/3304/1084 5863/557/1084 5861/3303/1083
f 5864/3304/1084 5866/3305/1085 5865/3306/1085 5863/557/1084
f 5866/3305/1085 5868/3307/1086 5867/3308/1086 5865/3306/1085
f 5868/3307/1086 5432/1759/872 5431/46/872 5867/3308/1086
f 5870/1755/1087 5872/3309/1088 5871/3310/1088 5869/43/1087
f 5872/3309/1088 5874/3311/1089 5873/3312/1089 5871/3310/1088
f 5874/3311/1089 5876/3313/1090 5875/3314/1090 5873/3312/1089
f 5876/3313/1090 5878/3315/1091 5877/3316/1091 5875/3314/1090
f 5878/3315/1091 5880/3317/1092 5879/3318/1092 5877/3316/1091
f 5880/3317/1092 5882/3319/1093 5881/3320/1093 5879/3318/1092
f 5882/3319/1093 5884/3321/1094 5883/3322/1094 5881/3320/1093
f 5884/3321/1094 5886/3323/1095 5885/3324/1095 5883/3322/1094
f 5886/3323/1095 5888/3325/1096 5887/3326/1096 5885/3324/1095
f 5888/3325/1096 5890/1922/1097 5889/1748/1097 5887/3326/1096
f 5890/1922/1097 5892/3327/1098 5891/3328/1098 5889/1748/1097
f 5892/3327/1098 5894/3329/1099 5893/3330/1099 5891/3328/1098
f 5894/3329/1099 5896/3331/1100 5895/3332/1100 5893/3330/1099
f 5896/3331/1100 5898/3333/370 5897/3334/370 5895/3332/1100
f 5898/3333/370 5900/3335/1101 5899/3336/1101 5897/3334/370
f 5900/3335/1101 5902/3337/1102 5901/3338/1102 5899/3336/1101
f 5902/3337/1102 5904/3339/1103 5903/3340/1103 5901/3338/1102
f 5904/3339/1103 5906/3341/1104 5905/3342/1104 5903/3340/1103
f 5906/3341/1104 5908/3343/1053 5907/3344/1053 5905/3342/1104
f 5908/3343/1053 5910/1981/1105 5909/1732/1105 5907/3344/1053
f 5910/1981/1105 5912/3345/1106 5911/3346/1106 5909/1732/1105
f 5912/3345/1106 5914/3347/1107 5913/3348/1107 5911/3346/1106
f 5914/3347/1107 5916/3349/1108 5915/3350/1108 5913/3348/1107
f 5916/3349/1108 5918/3351/1109 5917/3352/1109 5915/3350/1108
f 5918/3351/1109 5920/1757/1110 5919/116/1110 5917/3352/1109
f 5920/1757/1110 5922/3353/1111 5921/3354/1111 5919/116/1110
f 5922/3353/1111 5924/3355/1112 5923/3356/1112 5921/3354/1111
f 5924/3355/1112 5926/3357/1113 5925/3358/1113 5923/3356/1112
f 5926/3357/1113 5928/3359/1114 5927/3360/1114 5925/3358/1113
f 5928/3359/1114 5930/2038/1115 5929/1752/1115 5927/3360/1114
f 5930/2038/1115 5932/3361/1116 5931/3362/1116 5929/1752/1115
f 5932/3361/1116 5934/3363/1117 5933/3364/1117 5931/3362/1116
f 5934/3363/1117 5936/3365/1118 5935/3366/1118 5933/3364/1117
f 5936/3365/1118 5938/3367/1119 5937/3368/1119 5935/3366/1118
f 5938/3367/1119 5940/3369/1120 5939/3370/1120 5937/3368/1119
f 5940/3369/1120 5942/3371/1121 5941/3372/1121 5939/3370/1120
f 5942/3371/1121 5944/3373/1122 5943/3374/1122 5941/3372/1121
f 5944/3373/1122 5946/3375/1123 5945/3376/1123 5943/3374/1122
f 5946/3375/1123 5948/3377/1124 5947/3378/1124 5945/3376/1123
f 5948/3377/1124 5950/2097/1125 5949/1731/1125 5947/3378/1124
f 5950/2097/1125 5952/3379/1126 5951/3380/1126 5949/1731/1125
f 5952/3379/1126 5954/3381/1127 5953/3382/1127 5951/3380/1126
f 5954/3381/1127 5956/3383/1128 5955/3384/1128 5953/3382/1127
f 5956/3383/1128 5958/3385/1129 5957/3386/1129 5955/3384/1128
f 5958/3385/1129 5960/3387/1130 5959/3388/1130 5957/3386/1129
f 5960/3387/1130 5962/3389/1131 5961/3390/1131 5959/3388/1130
f 5962/3389/1131 5964/3391/1132 5963/3392/1132 5961/3390/1131
f 5964/3391/1132 5966/3393/1133 5965/3394/1133 5963/3392/1132
f 5966/3393/1133 5968/3395/1134 5967/3396/1134 5965/3394/1133
f 5968/3395/1134 5870/1759/1087 5869/46/1087 5967/3396/1134
f 5970/1755/1135 5972/3397/1136 5971/3398/1136 5969/43/1135
f 5972/3397/1136 5974/1792/602 5973/1793/602 5971/3398/1136
f 5974/1792/602 5976/3399/1137 5975/3400/1137 5973/1793/602
f 5976/3399/1137 5978/1794/1138 5977/1795/1138 5975/3400/1137
f 5978/1794/1138 5980/3401/1139 5979/3402/1139 5977/1795/1138
f 5980/3401/1139 5982/1796/1140 5981/1797/1140 5979/3402/1139
f 5982/1796/1140 5984/3403/1141 5983/3404/1141 5981/1797/1140
f 5984/3403/1141 5986/1798/1142 5985/1799/1142 5983/3404/1141
f 5986/1798/1142 5988/3405/1143 5987/3406/1143 5985/1799/1142
f 5988/3405/1143 5990/1800/1144 5989/1801/1144 5987/3406/1143
f 5990/1800/1144 5992/3407/1145 5991/3408/1145 5989/1801/1144
f 5992/3407/1145 5994/1802/1146 5993/1803/1146 5991/3408/1145
f 5994/1802/1146 5996/3409/1147 5995/3410/1147 5993/1803/1146
f 5996/3409/1147 5998/1804/1148 5997/1805/1148 5995/3410/1147
f 5998/1804/1148 6000/3411/1149 5999/3412/1149 5997/1805/1148
f 6000/3411/1149 6002/1806/1150 6001/1807/1150 5999/3412/1149
f 6002/1806/1150 6004/3413/1151 6003/3414/1151 6001/1807/1150
f 6004/3413/1151 6006/1808/1152 6005/1809/1152 6003/3414/1151
f 6006/1808/1152 6008/3415/1153 6007/3416/1153 6005/1809/1152
f 6008/3415/1153 6010/1810/1154 6009/1811/1154 6007/3416/1153
f 6010/1810/1154 6012/3417/1155 6011/3418/1155 6009/1811/1154
f 6012/3417/1155 6014/1812/1156 6013/1813/1156 6011/3418/1155
f 6014/1812/1156 6016/3419/1157 6015/3420/1157 6013/1813/1156
f 6016/3419/1157 6018/1814/1158 6017/1815/1158 6015/3420/1157
f 6018/1814/1158 6020/3421/1159 6019/3422/1159 6017/1815/1158
f 6020/3421/1159 6022/1816/1160 6021/1817/1160 6019/3422/1159
f 6022/1816/1160 6024/3423/1161 6023/3424/1161 6021/1817/1160
f 6024/3423/1161 6026/1818/1162 6025/1819/1162 6023/3424/1161
f 6026/1818/1162 6028/3425/1163 6027/3426/1163 6025/1819/1162
f 6028/3425/1163 6030/1820/1164 6029/1821/1164 6027/3426/1163
f 6030/1820/1164 6032/3427/1165 6031/3428/1165 6029/1821/1164
f 6032/3427/1165 6034/1822/1166 6033/1823/1166 6031/3428/1165
f 6034/1822/1166 6036/3429/1167 6035/3430/1167 6033/1823/1166
f 6036/3429/1167 6038/1824/1168 6037/1825/1168 6035/3430/1167
f 6038/1824/1168 6040/3431/1169 6039/3432/1169 6037/1825/1168
f 6040/3431/1169 6042/1826/1170 6041/1827/1170 6039/3432/1169
f 6042/1826/1170 6044/1757/1171 6043/116/1171 6041/1827/1170
f 6044/1757/1171 6046/1828/1172 6045/1829/1172 6043/116/1171
f 6046/1828/1172 6048/3433/1173 6047/3434/1173 6045/1829/1172
f 6048/3433/1173 6050/1830/1174 6049/1831/1174 6047/3434/1173
f 6050/1830/1174 6052/3435/1175 6051/3436/1175 6049/1831/1174
f 6052/3435/1175 6054/1832/1176 6053/1833/1176 6051/3436/1175
f 6054/1832/1176 6056/3437/1177 6055/3438/1177 6053/1833/1176
f 6056/3437/1177 6058/1834/1178 6057/1835/1178 6055/3438/1177
f 6058/1834/1178 6060/3439/1179 6059/3440/1179 6057/1835/1178
f 6060/3439/1179 6062/1836/1180 6061/1837/1180 6059/3440/1179
f 6062/1836/1180 6064/3441/1181 6063/3442/1181 6061/1837/1180
f 6064/3441/1181 6066/1838/1182 6065/1839/1182 6063/3442/1181
f 6066/1838/1182 6068/3443/1183 6067/3444/1183 6065/1839/1182
f 6068/3443/1183 6070/1840/1184 6069/1841/1184 6067/3444/1183
f 6070/1840/1184 6072/3445/1185 6071/3446/1185 6069/1841/1184
f 6072/3445/1185 6074/1842/1186 6073/1843/1186 6071/3446/1185
f 6074/1842/1186 6076/3447/1187 6075/3448/1187 6073/1843/1186
f 6076/3447/1187 6078/1844/1188 6077/1845/1188 6075/3448/1187
f 6078/1844/1188 6080/3449/1189 6079/3450/1189 6077/1845/1188
f 6080/3449/1189 6082/1846/1190 6081/1847/1190 6079/3450/1189
f 6082/1846/1190 6084/3451/1191 6083/3452/1191 6081/1847/1190
f 6084/3451/1191 6086/1848/1192 6085/1849/1192 6083/3452/1191
f 6086/1848/1192 6088/3453/1193 6087/3454/1193 6085/1849/1192
f 6088/3453/1193 6090/1850/1194 6089/1851/1194 6087/3454/1193
f 6090/1850/1194 6092/3455/1195 6091/3456/1195 6089/1851/1194
f 6092/3455/1195 6094/1852/1196 6093/1853/1196 6091/3456/1195
f 6094/1852/1196 6096/3457/1197 6095/3458/1197 6093/1853/1196
f 6096/3457/1197 6098/1854/1198 6097/1855/1198 6095/3458/1197
f 6098/1854/1198 6100/3459/1199 6099/3460/1199 6097/1855/1198
f 6100/3459/1199 6102/1856/1200 6101/1857/1200 6099/3460/1199
f 6102/1856/1200 6104/3461/1201 6103/3462/1201 6101/1857/1200
f 6104/3461/1201 6106/1858/1202 6105/1859/1202 6103/3462/1201
f 6106/1858/1202 6108/3463/1203 6107/3464/1203 6105/1859/1202
f 6108/3463/1203 6110/1860/1204 6109/1861/1204 6107/3464/1203
f 6110/1860/1204 6112/3465/1205 6111/3466/1205 6109/1861/1204
f 6112/3465/1205 6114/1862/1206 6113/1863/1206 6111/3466/1205
f 6114/1862/1206 6116/3467/1207 6115/3468/1207 6113/1863/1206
f 6116/3467/1207 5970/1759/1135 5969/46/1135 6115/3468/1207
f 6118/1755/1208 6120/3469/1209 6119/3470/1209 6117/43/1208
f 6120/3469/1209 6122/3471/1210 6121/3472/1210 6119/3470/1209
f 6122/3471/1210 6124/2695/1211 6123/2696/1211 6121/3472/1210
f 6124/2695/1211 6126/3473/1212 6125/3474/1212 6123/2696/1211
f 6126/3473/1212 6128/3475/1213 6127/3476/1213 6125/3474/1212
f 6128/3475/1213 6130/2699/1214 6129/2700/1214 6127/3476/1213
f 6130/2699/1214 6132/3477/1215 6131/3478/1215 6129/2700/1214
f 6132/3477/1215 6134/3479/1215 6133/3480/1215 6131/3478/1215
f 6134/3479/1215 6136/2703/1216 6135/2704/1216 6133/3480/1215
f 6136/2703/1216 6138/3481/1217 6137/3482/1217 6135/2704/1216
f 6138/3481/1217 6140/3483/1218 6139/3484/1218 6137/3482/1217
f 6140/3483/1218 6142/2706/1219 6141/2707/1219 6139/3484/1218
f 6142/2706/1219 6144/3485/1220 6143/3486/1220 6141/2707/1219
f 6144/3485/1220 6146/3487/1221 6145/3488/1221 6143/3486/1220
f 6146/3487/1221 6148/2710/1222 6147/2711/1222 6145/3488/1221
f 6148/2710/1222 6150/3489/1223 6149/3490/1223 6147/2711/1222
f 6150/3489/1223 6152/3491/63 6151/3492/63 6149/3490/1223
f 6152/3491/63 6154/2714/1224 6153/2715/1224 6151/3492/63
f 6154/2714/1224 6156/3493/1225 6155/3494/1225 6153/2715/1224
f 6156/3493/1225 6158/3495/1226 6157/3496/1226 6155/3494/1225
f 6158/3495/1226 6160/2718/1227 6159/331/1227 6157/3496/1226
f 6160/2718/1227 6162/3497/1228 6161/3498/1229 6159/331/1227
f 6162/3497/1228 6164/3499/1230 6163/3500/1230 6161/3498/1229
f 6164/3499/1230 6166/2721/1231 6165/2722/1231 6163/3500/1230
f 6166/2721/1231 6168/3501/1232 6167/3502/1232 6165/2722/1231
f 6168/3501/1232 6170/3503/1233 6169/3504/1233 6167/3502/1232
f 6170/3503/1233 6172/2725/1234 6171/2726/1234 6169/3504/1233
f 6172/2725/1234 6174/3505/1235 6173/3506/1235 6171/2726/1234
f 6174/3505/1235 6176/3507/1236 6175/3508/1236 6173/3506/1235
f 6176/3507/1236 6178/2729/1237 6177/2730/1237 6175/3508/1236
f 6178/2729/1237 6180/3509/1238 6179/3510/1238 6177/2730/1237
f 6180/3509/1238 6182/3511/1239 6181/3512/1239 6179/3510/1238
f 6182/3511/1239 6184/2732/1240 6183/2733/1240 6181/3512/1239
f 6184/2732/1240 6186/3513/1241 6185/3514/1241 6183/2733/1240
f 6186/3513/1241 6188/3515/1242 6187/3516/1242 6185/3514/1241
f 6188/3515/1242 6190/2736/1243 6189/2737/1243 6187/3516/1242
f 6190/2736/1243 6192/3517/1244 6191/3518/1244 6189/2737/1243
f 6192/3517/1244 6194/3519/1245 6193/3520/1245 6191/3518/1244
f 6194/3519/1245 6196/2740/1246 6195/2741/1246 6193/3520/1245
f 6196/2740/1246 6198/3521/1247 6197/3522/1247 6195/2741/1246
f 6198/3521/1247 6200/3523/1248 6199/3524/1248 6197/3522/1247
f 6200/3523/1248 6202/2744/1249 6201/494/1249 6199/3524/1248
f 6202/2744/1249 6204/3525/1250 6203/3526/1250 6201/494/1249
f 6204/3525/1250 6206/3527/1251 6205/3528/1251 6203/3526/1250
f 6206/3527/1251 6208/2747/1020 6207/2748/1020 6205/3528/1251
f 6208/2747/1020 6210/3529/1252 6209/3530/1252 6207/2748/1020
f 6210/3529/1252 6212/3531/1253 6211/3532/1253 6209/3530/1252
f 6212/3531/1253 6214/2751/1254 6213/2752/1254 6211/3532/1253
f 6214/2751/1254 6216/2898/1255 6215/208/1255 6213/2752/1254
f 6216/2898/1255 6218/3533/1256 6217/3534/1256 6215/208/1255
f 6218/3533/1256 6220/2755/1257 6219/2756/1257 6217/3534/1256
f 6220/2755/1257 6222/3535/1258 6221/3536/1258 6219/2756/1257
f 6222/3535/1258 6224/3537/1259 6223/3538/1259 6221/3536/1258
f 6224/3537/1259 6226/2758/1260 6225/2759/1260 6223/3538/1259
f 6226/2758/1260 6228/3539/1261 6227/3540/1261 6225/2759/1260
f 6228/3539/1261 6230/3541/1262 6229/3542/1262 6227/3540/1261
f 6230/3541/1262 6232/2762/1263 6231/2763/1263 6229/3542/1262
f 6232/2762/1263 6234/3543/1264 6233/3544/1264 6231/2763/1263
f 6234/3543/1264 6236/3545/1265 6235/3546/1265 6233/3544/1264
f 6236/3545/1265 6238/2766/1266 6237/2767/1266 6235/3546/1265
f 6238/2766/1266 6240/3547/1267 6239/3548/1267 6237/2767/1266
f 6240/3547/1267 6242/3549/1268 6241/3550/1268 6239/3548/1267
f 6242/3549/1268 6244/2770/1269 6243/445/1269 6241/3550/1268
f 6244/2770/1269 6246/3551/1270 6245/3552/1270 6243/445/1269
f 6246/3551/1270 6248/3553/1271 6247/3554/1271 6245/3552/1270
f 6248/3553/1271 6250/2773/1272 6249/2774/1272 6247/3554/1271
f 6250/2773/1272 6252/3555/1273 6251/3556/1273 6249/2774/1272
f 6252/3555/1273 6254/3557/1274 6253/3558/1274 6251/3556/1273
f 6254/3557/1274 6256/2777/1275 6255/2778/1275 6253/3558/1274
f 6256/2777/1275 6258/3559/1276 6257/3560/1276 6255/2778/1275
f 6258/3559/1276 6260/3561/1277 6259/3562/1277 6257/3560/1276
f 6260/3561/1277 6262/2781/1278 6261/2782/1278 6259/3562/1277
f 6262/2781/1278 6264/3563/1279 6263/3564/1279 6261/2782/1278
f 6264/3563/1279 6266/3565/1280 6265/3566/1280 6263/3564/1279
f 6266/3565/1280 6268/2783/1281 6267/2784/1281 6265/3566/1280
f 6268/2783/1281 6270/3567/1282 6269/3568/1282 6267/2784/1281
f 6270/3567/1282 6272/3569/1283 6271/3570/1283 6269/3568/1282
f 6272/3569/1283 6274/2787/1284 6273/2788/1284 6271/3570/1283
f 6274/2787/1284 6276/3571/887 6275/3572/887 6273/2788/1284
f 6276/3571/887 6278/3573/1285 6277/3574/1285 6275/3572/887
f 6278/3573/1285 6280/2791/1286 6279/2792/1286 6277/3574/1285
f 6280/2791/1286 6282/3575/1287 6281/3576/1287 6279/2792/1286
f 6282/3575/1287 6284/3577/1288 6283/3578/1288 6281/3576/1287
f 6284/3577/1288 6286/2795/1289 6285/428/1289 6283/3578/1288
f 6286/2795/1289 6288/3579/1290 6287/3580/1290 6285/428/1289
f 6288/3579/1290 6290/3581/1291 6289/3582/1291 6287/3580/1290
f 6290/3581/1291 6292/2798/1292 6291/2799/1292 6289/3582/1291
f 6292/2798/1292 6294/3583/1293 6293/3584/1293 6291/2799/1292
f 6294/3583/1293 6296/3585/1294 6295/3586/1294 6293/3584/1293
f 6296/3585/1294 6298/2802/1295 6297/2803/1295 6295/3586/1294
f 6298/2802/1295 6300/3587/1296 6299/3588/1296 6297/2803/1295
f 6300/3587/1296 6302/3589/1297 6301/3590/1297 6299/3588/1296
f 6302/3589/1297 6304/2806/1298 6303/2807/1298 6301/3590/1297
f 6304/2806/1298 6306/3591/1054 6305/3592/1054 6303/2807/1298
f 6306/3591/1054 6308/3593/1299 6307/3594/1299 6305/3592/1054
f 6308/3593/1299 6310/2809/1300 6309/2810/1300 6307/3594/1299
f 6310/2809/1300 6312/3595/1301 6311/3596/1301 6309/2810/1300
f 6312/3595/1301 6314/2923/1302 6313/205/1302 6311/3596/1301
f 6314/2923/1302 6316/2813/1303 6315/2814/1303 6313/205/1302
f 6316/2813/1303 6318/3597/1304 6317/3598/1304 6315/2814/1303
f 6318/3597/1304 6320/3599/1305 6319/3600/1305 6317/3598/1304
f 6320/3599/1305 6322/2817/1306 6321/2818/1306 6319/3600/1305
f 6322/2817/1306 6324/3601/1307 6323/3602/1307 6321/2818/1306
f 6324/3601/1307 6326/3603/1308 6325/3604/1308 6323/3602/1307
f 6326/3603/1308 6328/2821/1309 6327/360/1309 6325/3604/1308
f 6328/2821/1309 6330/3605/1310 6329/3606/1310 6327/360/1309
f 6330/3605/1310 6332/3607/1311 6331/3608/1311 6329/3606/1310
f 6332/3607/1311 6334/2824/1312 6333/2825/1312 6331/3608/1311
f 6334/2824/1312 6336/3609/1313 6335/3610/1313 6333/2825/1312
f 6336/3609/1313 6338/3611/1314 6337/3612/1314 6335/3610/1313
f 6338/3611/1314 6340/2828/1315 6339/2829/1315 6337/3612/1314
f 6340/2828/1315 6342/3613/1316 6341/3614/1316 6339/2829/1315
f 6342/3613/1316 6344/3615/1317 6343/3616/1317 6341/3614/1316
f 6344/3615/1317 6346/2832/1318 6345/2833/1318 6343/3616/1317
f 6346/2832/1318 6348/3617/1319 6347/3618/1319 6345/2833/1318
f 6348/3617/1319 6350/3619/1320 6349/3620/1320 6347/3618/1319
f 6350/3619/1320 6352/2835/1321 6351/2836/1321 6349/3620/1320
f 6352/2835/1321 6354/3621/1322 6353/3622/1322 6351/2836/1321
f 6354/3621/1322 6356/3623/1323 6355/3624/1323 6353/3622/1322
f 6356/3623/1323 6358/2839/1324 6357/2840/1324 6355/3624/1323
f 6358/2839/1324 6360/3625/1325 6359/3626/1325 6357/2840/1324
f 6360/3625/1325 6362/3627/1326 6361/3628/1326 6359/3626/1325
f 6362/3627/1326 6364/2843/1327 6363/2844/1327 6361/3628/1326
f 6364/2843/1327 6366/3629/1328 6365/3630/1328 6363/2844/1327
f 6366/3629/1328 6368/3631/1329 6367/3632/1329 6365/3630/1328
f 6368/3631/1329 6370/2847/1330 6369/241/1330 6367/3632/1329
f 6370/2847/1330 6372/3633/1331 6371/3634/1331 6369/241/1330
f 6372/3633/1331 6374/3635/1332 6373/3636/1332 6371/3634/1331
f 6374/3635/1332 6376/2850/1333 6375/2851/1333 6373/3636/1332
f 6376/2850/1333 6378/3637/1334 6377/3638/1334 6375/2851/1333
f 6378/3637/1334 6380/3639/1335 6379/3640/1335 6377/3638/1334
f 6380/3639/1335 6382/2854/1336 6381/2855/1336 6379/3640/1335
f 6382/2854/1336 6384/3641/1337 6383/3642/1337 6381/2855/1336
f 6384/3641/1337 6386/3643/1338 6385/3644/1338 6383/3642/1337
f 6386/3643/1338 6388/2858/1339 6387/2859/1339 6385/3644/1338
f 6388/2858/1339 6390/3645/1340 6389/3646/1340 6387/2859/1339
f 6390/3645/1340 6392/3647/1341 6391/3648/1341 6389/3646/1340
f 6392/3647/1341 6394/2861/1342 6393/2862/1342 6391/3648/1341
f 6394/2861/1342 6396/3649/1343 6395/3650/1343 6393/2862/1342
f 6396/3649/1343 6398/3651/1344 6397/3652/1344 6395/3650/1343
f 6398/3651/1344 6400/2865/1345 6399/2866/1345 6397/3652/1344
f 6400/2865/1345 6402/3653/1346 6401/3654/1346 6399/2866/1345
f 6402/3653/1346 6404/3655/1347 6403/3656/1347 6401/3654/1346
f 6404/3655/1347 6406/2869/1348 6405/2870/1348 6403/3656/1347
f 6406/2869/1348 6408/3657/1349 6407/3658/1349 6405/2870/1348
f 6408/3657/1349 6410/3659/551 6409/3660/551 6407/3658/1349
f 6410/3659/551 6118/1759/1208 6117/46/1208 6409/3660/551
f 6412/1755/1350 6414/2600/1351 6413/2601/1351 6411/43/1350
f 6414/2600/1351 6416/2602/1352 6415/1555/1352 6413/2601/1351
f 6416/2602/1352 6418/2603/1353 6417/2604/1353 6415/1555/1352
f 6418/2603/1353 6420/2605/1354 6419/1563/1354 6417/2604/1353
f 6420/2605/1354 6422/2606/1355 6421/2607/1355 6419/1563/1354
f 6422/2606/1355 6424/2608/1356 6423/2609/1356 6421/2607/1355
f 6424/2608/1356 6426/2610/1357 6425/2611/1357 6423/2609/1356
f 6426/2610/1357 6428/2612/1358 6427/1636/1358 6425/2611/1357
f 6428/2612/1358 6430/2613/1359 6429/2614/1359 6427/1636/1358
f 6430/2613/1359 6432/2615/1360 6431/1710/1360 6429/2614/1359
f 6432/2615/1360 6434/2616/1361 6433/2617/1361 6431/1710/1360
f 6434/2616/1361 6436/2618/1362 6435/1681/1362 6433/2617/1361
f 6436/2618/1362 6438/1757/1363 6437/116/1363 6435/1681/1362
f 6438/1757/1363 6440/2619/1364 6439/1669/1364 6437/116/1363
f 6440/2619/1364 6442/2620/1365 6441/2621/1365 6439/1669/1364
f 6442/2620/1365 6444/2622/1366 6443/1639/1366 6441/2621/1365
f 6444/2622/1366 6446/2623/1367 6445/2624/1367 6443/1639/1366
f 6446/2623/1367 6448/2625/1368 6447/1635/1368 6445/2624/1367
f 6448/2625/1368 6450/2626/1369 6449/2627/1369 6447/1635/1368
f 6450/2626/1369 6452/2628/1370 6451/1672/1370 6449/2627/1369
f 6452/2628/1370 6454/2629/1371 6453/2630/1371 6451/1672/1370
f 6454/2629/1371 6456/2631/1372 6455/1585/1372 6453/2630/1371
f 6456/2631/1372 6458/2632/1373 6457/2633/1373 6455/1585/1372
f 6458/2632/1373 6460/2634/1374 6459/1597/1374 6457/2633/1373
f 6460/2634/1374 6462/2635/1375 6461/2636/1375 6459/1597/1374
f 6462/2635/1375 6412/1759/1350 6411/46/1350 6461/2636/1375
f 6464/1755/1376 6466/2600/1377 6465/2601/1377 6463/43/1376
f 6466/2600/1377 6468/2602/1378 6467/1555/1378 6465/2601/1377
f 6468/2602/1378 6470/2603/1379 6469/2604/1379 6467/1555/1378
f 6470/2603/1379 6472/2605/1380 6471/1563/1380 6469/2604/1379
f 6472/2605/1380 6474/2606/1381 6473/2607/1381 6471/1563/1380
f 6474/2606/1381 6476/2608/1382 6475/2609/1382 6473/2607/1381
f 6476/2608/1382 6478/2610/1383 6477/2611/1383 6475/2609/1382
f 6478/2610/1383 6480/2612/1384 6479/1636/1384 6477/2611/1383
f 6480/2612/1384 6482/2613/1385 6481/2614/1385 6479/1636/1384
f 6482/2613/1385 6484/2615/1386 6483/1710/1386 6481/2614/1385
f 6484/2615/1386 6486/2616/1387 6485/2617/1387 6483/1710/1386
f 6486/2616/1387 6488/2618/1388 6487/1681/1388 6485/2617/1387
f 6488/2618/1388 6490/1757/1389 6489/116/1389 6487/1681/1388
f 6490/1757/1389 6492/2619/1390 6491/1669/1390 6489/116/1389
f 6492/2619/1390 6494/2620/1391 6493/2621/1391 6491/1669/1390
f 6494/2620/1391 6496/2622/1392 6495/1639/1392 6493/2621/1391
f 6496/2622/1392 6498/2623/1393 6497/2624/1393 6495/1639/1392
f 6498/2623/1393 6500/2625/1394 6499/1635/1394 6497/2624/1393
f 6500/2625/1394 6502/2626/1395 6501/2627/1395 6499/1635/1394
f 6502/2626/1395 6504/2628/1396 6503/1672/1396 6501/2627/1395
f 6504/2628/1396 6506/2629/1397 6505/2630/1397 6503/1672/1396
f 6506/2629/1397 6508/2631/1398 6507/1585/1398 6505/2630/1397
f 6508/2631/1398 6510/2632/1399 6509/2633/1399 6507/1585/1398
f 6510/2632/1399 6512/2634/1400 6511/1597/1400 6509/2633/1399
f 6512/2634/1400 6514/2635/1401 6513/2636/1401 6511/1597/1400
f 6514/2635/1401 6464/1759/1376 6463/46/1376 6513/2636/1401
f 6516/1755/1402 6518/2600/1403 6517/2601/1403 6515/43/1402
f 6518/2600/1403 6520/2602/1404 6519/1555/1404 6517/2601/1403
f 6520/2602/1404 6522/2603/1405 6521/2604/1405 6519/1555/1404
f 6522/2603/1405 6524/2605/1406 6523/1563/1406 6521/2604/1405
f 6524/2605/1406 6526/2606/1407 6525/2607/1407 6523/1563/1406
f 6526/2606/1407 6528/2608/1408 6527/2609/1408 6525/2607/1407
f 6528/2608/1408 6530/2610/1409 6529/2611/1409 6527/2609/1408
f 6530/2610/1409 6532/2612/1410 6531/1636/1410 6529/2611/1409
f 6532/2612/1410 6534/2613/1411 6533/2614/1411 6531/1636/1410
f 6534/2613/1411 6536/2615/1412 6535/1710/1412 6533/2614/1411
f 6536/2615/1412 6538/2616/1413 6537/2617/1413 6535/1710/1412
f 6538/2616/1413 6540/2618/1414 6539/1681/1414 6537/2617/1413
f 6540/2618/1414 6542/1757/1415 6541/116/1415 6539/1681/1414
f 6542/1757/1415 6544/2619/1416 6543/1669/1416 6541/116/1415
f 6544/2619/1416 6546/2620/1417 6545/2621/1417 6543/1669/1416
f 6546/2620/1417 6548/2622/690 6547/1639/690 6545/2621/1417
f 6548/2622/690 6550/2623/1418 6549/2624/1418 6547/1639/690
f 6550/2623/1418 6552/2625/1419 6551/1635/1419 6549/2624/1418
f 6552/2625/1419 6554/2626/1420 6553/2627/1420 6551/1635/1419
f 6554/2626/1420 6556/2628/1421 6555/1672/1421 6553/2627/1420
f 6556/2628/1421 6558/2629/1422 6557/2630/1422 6555/1672/1421
f 6558/2629/1422 6560/2631/1423 6559/1585/1423 6557/2630/1422
f 6560/2631/1423 6562/2632/1424 6561/2633/1424 6559/1585/1423
f 6562/2632/1424 6564/2634/1425 6563/1597/1425 6561/2633/1424
f 6564/2634/1425 6566/2635/1426 6565/2636/1426 6563/1597/1425
f 6566/2635/1426 6516/1759/1402 6515/46/1402 6565/2636/1426
f 6568/1755/1427 6570/3661/1428 6569/3662/1428 6567/43/1427
f 6570/3661/1428 6572/3663/1429 6571/3664/1429 6569/3662/1428
f 6572/3663/1429 6574/3665/1430 6573/3666/1430 6571/3664/1429
f 6574/3665/1430 6576/3667/1431 6575/3668/1431 6573/3666/1430
f 6576/3667/1431 6578/3669/1432 6577/3670/1432 6575/3668/1431
f 6578/3669/1432 6580/3671/1433 6579/3672/1433 6577/3670/1432
f 6580/3671/1433 6582/3673/1434 6581/3674/1434 6579/3672/1433
f 6582/3673/1434 6584/3675/1435 6583/3676/1435 6581/3674/1434
f 6584/3675/1435 6586/3677/1436 6585/3678/1436 6583/3676/1435
f 6586/3677/1436 6588/3477/1437 6587/3478/1437 6585/3678/1436
f 6588/3477/1437 6590/3679/1438 6589/3680/1438 6587/3478/1437
f 6590/3679/1438 6592/3681/1439 6591/3682/1439 6589/3680/1438
f 6592/3681/1439 6594/3683/1440 6593/3684/1440 6591/3682/1439
f 6594/3683/1440 6596/3685/1441 6595/1747/1441 6593/3684/1440
f 6596/3685/1441 6598/2705/1442 6597/955/1442 6595/1747/1441
f 6598/2705/1442 6600/3686/1443 6599/3687/1443 6597/955/1442
f 6600/3686/1443 6602/3688/1444 6601/3689/1444 6599/3687/1443
f 6602/3688/1444 6604/3690/1445 6603/3691/1445 6601/3689/1444
f 6604/3690/1445 6606/3692/1446 6605/3693/1446 6603/3691/1445
f 6606/3692/1446 6608/3487/1447 6607/3488/1447 6605/3693/1446
f 6608/3487/1447 6610/3317/1448 6609/3318/1448 6607/3488/1447
f 6610/3317/1448 6612/3694/1449 6611/3695/1449 6609/3318/1448
f 6612/3694/1449 6614/3696/1450 6613/3697/1450 6611/3695/1449
f 6614/3696/1450 6616/3698/1451 6615/3699/1451 6613/3697/1450
f 6616/3698/1451 6618/3700/1452 6617/3701/1452 6615/3699/1451
f 6618/3700/1452 6620/3702/1453 6619/3703/1453 6617/3701/1452
f 6620/3702/1453 6622/3704/1454 6621/3705/1454 6619/3703/1453
f 6622/3704/1454 6624/3706/1455 6623/1743/1455 6621/3705/1454
f 6624/3706/1455 6626/3707/1456 6625/3708/1456 6623/1743/1455
f 6626/3707/1456 6628/2718/1457 6627/331/1457 6625/3708/1456
f 6628/2718/1457 6630/3709/1458 6629/3710/1458 6627/331/1457
f 6630/3709/1458 6632/3711/1459 6631/3712/1459 6629/3710/1458
f 6632/3711/1459 6634/3713/1460 6633/3714/1460 6631/3712/1459
f 6634/3713/1460 6636/3715/1461 6635/3716/1461 6633/3714/1460
f 6636/3715/1461 6638/2885/1462 6637/155/1462 6635/3716/1461
f 6638/2885/1462 6640/3717/1463 6639/3718/1464 6637/155/1462
f 6640/3717/1463 6642/3719/1465 6641/3720/1465 6639/3718/1464
f 6642/3719/1465 6644/3721/1466 6643/3722/1467 6641/3720/1465
f 6644/3721/1466 6646/3723/1468 6645/3724/1468 6643/3722/1467
f 6646/3723/1468 6648/3505/1469 6647/3506/1469 6645/3724/1468
f 6648/3505/1469 6650/3725/355 6649/3726/355 6647/3506/1469
f 6650/3725/355 6652/1922/1470 6651/1748/1470 6649/3726/355
f 6652/1922/1470 6654/3727/1471 6653/3728/1471 6651/1748/1470
f 6654/3727/1471 6656/3729/1472 6655/3730/1472 6653/3728/1471
f 6656/3729/1472 6658/2731/1473 6657/743/1473 6655/3730/1472
f 6658/2731/1473 6660/3731/879 6659/3732/879 6657/743/1473
f 6660/3731/879 6662/3733/1474 6661/3734/1474 6659/3732/879
f 6662/3733/1474 6664/3735/1475 6663/3736/1475 6661/3734/1474
f 6664/3735/1475 6666/3737/1476 6665/3738/1476 6663/3736/1475
f 6666/3737/1476 6668/3515/1477 6667/3516/1477 6665/3738/1476
f 6668/3515/1477 6670/3739/1478 6669/3740/1478 6667/3516/1477
f 6670/3739/1478 6672/3741/1479 6671/3742/1479 6669/3740/1478
f 6672/3741/1479 6674/3743/1480 6673/3744/1480 6671/3742/1479
f 6674/3743/1480 6676/3745/1481 6675/3746/1481 6673/3744/1480
f 6676/3745/1481 6678/3747/1482 6677/3748/1482 6675/3746/1481
f 6678/3747/1482 6680/3749/1483 6679/1721/1483 6677/3748/1482
f 6680/3749/1483 6682/3750/1484 6681/3751/1484 6679/1721/1483
f 6682/3750/1484 6684/3752/1485 6683/3753/1485 6681/3751/1484
f 6684/3752/1485 6686/3754/1486 6685/3755/1486 6683/3753/1485
f 6686/3754/1486 6688/2744/1487 6687/494/1487 6685/3755/1486
f 6688/2744/1487 6690/3756/1488 6689/3757/1488 6687/494/1487
f 6690/3756/1488 6692/3758/1489 6691/3759/1489 6689/3757/1488
f 6692/3758/1489 6694/3335/1490 6693/3336/1490 6691/3759/1489
f 6694/3335/1490 6696/3760/1491 6695/3761/1491 6693/3336/1490
f 6696/3760/1491 6698/3762/1492 6697/3763/1492 6695/3761/1491
f 6698/3762/1492 6700/3764/1493 6699/3765/1493 6697/3763/1492
f 6700/3764/1493 6702/3766/1494 6701/3767/1494 6699/3765/1493
f 6702/3766/1494 6704/3768/1495 6703/3769/1495 6701/3767/1494
f 6704/3768/1495 6706/3770/1496 6705/3771/1496 6703/3769/1495
f 6706/3770/1496 6708/2898/1497 6707/208/1497 6705/3771/1496
f 6708/2898/1497 6710/3772/1498 6709/3773/1498 6707/208/1497
f 6710/3772/1498 6712/3774/58 6711/3775/58 6709/3773/1498
f 6712/3774/58 6714/3776/1499 6713/3777/1499 6711/3775/58
f 6714/3776/1499 6716/3778/1500 6715/3779/1500 6713/3777/1499
f 6716/3778/1500 6718/2757/1501 6717/833/1501 6715/3779/1500
f 6718/2757/1501 6720/3780/1502 6719/3781/1502 6717/833/1501
f 6720/3780/1502 6722/3782/1503 6721/3783/1503 6719/3781/1502
f 6722/3782/1503 6724/3784/1504 6723/3785/1504 6721/3783/1503
f 6724/3784/1504 6726/3786/1505 6725/3787/1505 6723/3785/1504
f 6726/3786/1505 6728/3541/1506 6727/3542/1506 6725/3787/1505
f 6728/3541/1506 6730/3788/1507 6729/3789/1507 6727/3542/1506
f 6730/3788/1507 6732/3790/1508 6731/3791/1508 6729/3789/1507
f 6732/3790/1508 6734/3792/1509 6733/3793/1509 6731/3791/1508
f 6734/3792/1509 6736/1981/1510 6735/1732/1510 6733/3793/1509
f 6736/1981/1510 6738/3794/1511 6737/3795/1511 6735/1732/1510
f 6738/3794/1511 6740/3796/1512 6739/3797/1512 6737/3795/1511
f 6740/3796/1512 6742/3798/1513 6741/3799/1513 6739/3797/1512
f 6742/3798/1513 6744/3800/1514 6743/3801/1514 6741/3799/1513
f 6744/3800/1514 6746/3802/1515 6745/3803/1515 6743/3801/1514
f 6746/3802/1515 6748/2770/1516 6747/445/1516 6745/3803/1515
f 6748/2770/1516 6750/3804/1517 6749/3805/1517 6747/445/1516
f 6750/3804/1517 6752/3806/1518 6751/3807/1518 6749/3805/1517
f 6752/3806/1518 6754/3808/1519 6753/3809/1519 6751/3807/1518
f 6754/3808/1519 6756/3810/1520 6755/3811/1520 6753/3809/1519
f 6756/3810/1520 6758/3812/1521 6757/3813/1521 6755/3811/1520
f 6758/3812/1521 6760/3814/1522 6759/3815/1522 6757/3813/1521
f 6760/3814/1522 6762/3816/1523 6761/3817/1523 6759/3815/1522
f 6762/3816/1523 6764/3818/1524 6763/1735/1524 6761/3817/1523
f 6764/3818/1524 6766/3819/1525 6765/3820/1525 6763/1735/1524
f 6766/3819/1525 6768/3559/1526 6767/3560/1526 6765/3820/1525
f 6768/3559/1526 6770/3821/1527 6769/3822/1527 6767/3560/1526
f 6770/3821/1527 6772/3823/1528 6771/3824/1528 6769/3822/1527
f 6772/3823/1528 6774/3825/1529 6773/3826/1529 6771/3824/1528
f 6774/3825/1529 6776/3827/1530 6775/3828/1530 6773/3826/1529
f 6776/3827/1530 6778/1757/1531 6777/116/1531 6775/3828/1530
f 6778/1757/1531 6780/3829/1532 6779/3830/1532 6777/116/1531
f 6780/3829/1532 6782/3831/1533 6781/3832/1533 6779/3830/1532
f 6782/3831/1533 6784/3833/1534 6783/3834/1534 6781/3832/1533
f 6784/3833/1534 6786/3835/1535 6785/3836/1535 6783/3834/1534
f 6786/3835/1535 6788/3569/1536 6787/3570/1536 6785/3836/1535
f 6788/3569/1536 6790/3837/1537 6789/3838/1537 6787/3570/1536
f 6790/3837/1537 6792/3839/1538 6791/1740/1538 6789/3838/1537
f 6792/3839/1538 6794/3840/1539 6793/3841/1539 6791/1740/1538
f 6794/3840/1539 6796/3842/1540 6795/3843/1540 6793/3841/1539
f 6796/3842/1540 6798/3844/1541 6797/3845/1541 6795/3843/1540
f 6798/3844/1541 6800/3846/1542 6799/3847/1542 6797/3845/1541
f 6800/3846/1542 6802/3848/1543 6801/3849/1543 6799/3847/1542
f 6802/3848/1543 6804/3850/1544 6803/3851/1544 6801/3849/1543
f 6804/3850/1544 6806/3852/1545 6805/3853/1545 6803/3851/1544
f 6806/3852/1545 6808/2795/1546 6807/428/1546 6805/3853/1545
f 6808/2795/1546 6810/3854/1547 6809/3855/1547 6807/428/1546
f 6810/3854/1547 6812/3856/1548 6811/3857/1548 6809/3855/1547
f 6812/3856/1548 6814/3858/1549 6813/3859/1549 6811/3857/1548
f 6814/3858/1549 6816/3860/1550 6815/3861/1550 6813/3859/1549
f 6816/3860/1550 6818/3862/1551 6817/3863/1551 6815/3861/1550
f 6818/3862/1551 6820/2038/1552 6819/1752/1552 6817/3863/1551
f 6820/2038/1552 6822/3864/1553 6821/3865/1553 6819/1752/1552
f 6822/3864/1553 6824/3866/1554 6823/3867/1554 6821/3865/1553
f 6824/3866/1554 6826/3868/1555 6825/3869/1555 6823/3867/1554
f 6826/3868/1555 6828/3587/1556 6827/3588/1556 6825/3869/1555
f 6828/3587/1556 6830/3870/1557 6829/3871/1557 6827/3588/1556
f 6830/3870/1557 6832/3872/1558 6831/3873/1558 6829/3871/1557
f 6832/3872/1558 6834/3874/1559 6833/3875/1559 6831/3873/1558
f 6834/3874/1559 6836/3876/1560 6835/3877/1560 6833/3875/1559
f 6836/3876/1560 6838/2808/1561 6837/939/1561 6835/3877/1560
f 6838/2808/1561 6840/3878/1562 6839/3879/1562 6837/939/1561
f 6840/3878/1562 6842/3880/1563 6841/3881/1563 6839/3879/1562
f 6842/3880/1563 6844/3882/1564 6843/3883/1564 6841/3881/1563
f 6844/3882/1564 6846/3884/1565 6845/3885/1565 6843/3883/1564
f 6846/3884/1565 6848/2923/1566 6847/205/1566 6845/3885/1565
f 6848/2923/1566 6850/3886/1567 6849/3887/1567 6847/205/1566
f 6850/3886/1567 6852/3888/1568 6851/3889/1568 6849/3887/1567
f 6852/3888/1568 6854/3890/1569 6853/3891/1569 6851/3889/1568
f 6854/3890/1569 6856/3892/1570 6855/3893/1570 6853/3891/1569
f 6856/3892/1570 6858/3894/1571 6857/3895/1571 6855/3893/1570
f 6858/3894/1571 6860/3896/1572 6859/3897/1572 6857/3895/1571
f 6860/3896/1572 6862/3369/1573 6861/3370/1573 6859/3897/1572
f 6862/3369/1573 6864/3898/1574 6863/3899/1574 6861/3370/1573
f 6864/3898/1574 6866/3900/1575 6865/3901/1575 6863/3899/1574
f 6866/3900/1575 6868/2821/1576 6867/360/1576 6865/3901/1575
f 6868/2821/1576 6870/3902/1577 6869/3903/1577 6867/360/1576
f 6870/3902/1577 6872/3904/1578 6871/3905/1578 6869/3903/1577
f 6872/3904/1578 6874/3906/1579 6873/3907/1579 6871/3905/1578
f 6874/3906/1579 6876/3908/1580 6875/1736/1580 6873/3907/1579
f 6876/3908/1580 6878/3909/1581 6877/3910/1581 6875/1736/1580
f 6878/3909/1581 6880/3911/1582 6879/3912/1582 6877/3910/1581
f 6880/3911/1582 6882/3913/1583 6881/3914/1583 6879/3912/1582
f 6882/3913/1583 6884/3915/1584 6883/3916/1585 6881/3914/1583
f 6884/3915/1584 6886/3917/1586 6885/3918/1586 6883/3916/1585
f 6886/3917/1586 6888/3613/1587 6887/3614/1587 6885/3918/1586
f 6888/3613/1587 6890/3919/1588 6889/3920/1588 6887/3614/1587
f 6890/3919/1588 6892/3921/1589 6891/3922/1589 6889/3920/1588
f 6892/3921/1589 6894/3923/1590 6893/3924/1590 6891/3922/1589
f 6894/3923/1590 6896/3925/1591 6895/3926/1591 6893/3924/1590
f 6896/3925/1591 6898/2834/1592 6897/860/1592 6895/3926/1591
f 6898/2834/1592 6900/3927/1593 6899/3928/1593 6897/860/1592
f 6900/3927/1593 6902/3929/1594 6901/3930/1594 6899/3928/1593
f 6902/3929/1594 6904/2097/1595 6903/1731/1595 6901/3930/1594
f 6904/2097/1595 6906/3931/1596 6905/3932/1596 6903/1731/1595
f 6906/3931/1596 6908/3623/1597 6907/3624/1597 6905/3932/1596
f 6908/3623/1597 6910/3933/1598 6909/3934/1598 6907/3624/1597
f 6910/3933/1598 6912/3935/1599 6911/3936/1599 6909/3934/1598
f 6912/3935/1599 6914/3937/1600 6913/3938/1600 6911/3936/1599
f 6914/3937/1600 6916/3939/1601 6915/3940/1601 6913/3938/1600
f 6916/3939/1601 6918/2936/1602 6917/147/1602 6915/3940/1601
f 6918/2936/1602 6920/3941/1603 6919/3942/1603 6917/147/1602
f 6920/3941/1603 6922/3943/1604 6921/3944/1604 6919/3942/1603
f 6922/3943/1604 6924/3945/1605 6923/3946/1605 6921/3944/1604
f 6924/3945/1605 6926/3947/1606 6925/3948/1606 6923/3946/1605
f 6926/3947/1606 6928/2847/1607 6927/241/1607 6925/3948/1606
f 6928/2847/1607 6930/3949/1608 6929/3950/1608 6927/241/1607
f 6930/3949/1608 6932/3951/1609 6931/1726/1609 6929/3950/1608
f 6932/3951/1609 6934/3952/1610 6933/3953/1610 6931/1726/1609
f 6934/3952/1610 6936/3954/1611 6935/3955/1611 6933/3953/1610
f 6936/3954/1611 6938/3956/1612 6937/3957/1612 6935/3955/1611
f 6938/3956/1612 6940/3958/1613 6939/3959/1613 6937/3957/1612
f 6940/3958/1613 6942/3960/1614 6941/3961/1614 6939/3959/1613
f 6942/3960/1614 6944/3962/1615 6943/3963/1615 6941/3961/1614
f 6944/3962/1615 6946/3387/1616 6945/3388/1616 6943/3963/1615
f 6946/3387/1616 6948/3641/1617 6947/3642/1617 6945/3388/1616
f 6948/3641/1617 6950/3964/1618 6949/3965/1618 6947/3642/1617
f 6950/3964/1618 6952/3966/1619 6951/3967/1619 6949/3965/1618
f 6952/3966/1619 6954/3968/1620 6953/3969/1620 6951/3967/1619
f 6954/3968/1620 6956/3970/1621 6955/3971/1621 6953/3969/1620
f 6956/3970/1621 6958/2860/1622 6957/771/1622 6955/3971/1621
f 6958/2860/1622 6960/3972/1623 6959/1722/1623 6957/771/1622
f 6960/3972/1623 6962/3973/1624 6961/3974/1624 6959/1722/1623
f 6962/3973/1624 6964/3975/1625 6963/3976/1625 6961/3974/1624
f 6964/3975/1625 6966/3977/1626 6965/3978/1626 6963/3976/1625
f 6966/3977/1626 6968/3651/1627 6967/3652/1627 6965/3978/1626
f 6968/3651/1627 6970/3979/1628 6969/3980/1628 6967/3652/1627
f 6970/3979/1628 6972/3981/1629 6971/3982/1629 6969/3980/1628
f 6972/3981/1629 6974/3983/1630 6973/3984/1630 6971/3982/1629
f 6974/3983/1630 6976/3985/1631 6975/3986/1631 6973/3984/1630
f 6976/3985/1631 6978/3987/1087 6977/3988/1087 6975/3986/1631
f 6978/3987/1087 6980/3989/1632 6979/3990/1632 6977/3988/1087
f 6980/3989/1632 6982/3991/1633 6981/3992/1633 6979/3990/1632
f 6982/3991/1633 6984/3993/1634 6983/3994/1634 6981/3992/1633
f 6984/3993/1634 6986/3995/876 6985/3996/876 6983/3994/1634
f 6986/3995/876 6568/1759/1427 6567/46/1427 6985/3996/876
f 6988/1755/736 6990/3997/1635 6989/3998/1635 6987/43/736
f 6990/3997/1635 6992/3999/1636 6991/4000/1636 6989/3998/1635
f 6992/3999/1636 6994/4001/1637 6993/4002/1637 6991/4000/1636
f 6994/4001/1637 6996/4003/1638 6995/4004/1638 6993/4002/1637
f 6996/4003/1638 6998/4005/1639 6997/4006/1639 6995/4004/1638
f 6998/4005/1639 7000/4007/1640 6999/4008/1640 6997/4006/1639
f 7000/4007/1640 7002/4009/1641 7001/4010/1641 6999/4008/1640
f 7002/4009/1641 7004/4011/1642 7003/4012/1642 7001/4010/1641
f 7004/4011/1642 7006/4013/1643 7005/4014/1643 7003/4012/1642
f 7006/4013/1643 7008/4015/1644 7007/4016/1644 7005/4014/1643
f 7008/4015/1644 7010/4017/1645 7009/4018/1645 7007/4016/1644
f 7010/4017/1645 7012/4019/51 7011/4020/51 7009/4018/1645
f 7012/4019/51 7014/4021/50 7013/4022/50 7011/4020/51
f 7014/4021/50 7016/4023/1646 7015/4024/1646 7013/4022/50
f 7016/4023/1646 7018/4025/1647 7017/4026/1647 7015/4024/1646
f 7018/4025/1647 7020/4027/1648 7019/4028/1648 7017/4026/1647
f 7020/4027/1648 7022/4029/1649 7021/4030/1649 7019/4028/1648
f 7022/4029/1649 7024/4031/723 7023/4032/723 7021/4030/1649
f 7024/4031/723 7026/4033/1650 7025/4034/1650 7023/4032/723
f 7026/4033/1650 7028/4035/1651 7027/4036/1651 7025/4034/1650
f 7028/4035/1651 7030/4037/1652 7029/4038/1652 7027/4036/1651
f 7030/4037/1652 7032/4039/1653 7031/4040/1653 7029/4038/1652
f 7032/4039/1653 7034/4041/1654 7033/4042/1654 7031/4040/1653
f 7034/4041/1654 7036/4043/1655 7035/4044/1655 7033/4042/1654
f 7036/4043/1655 7038/4045/1656 7037/4046/1656 7035/4044/1655
f 7038/4045/1656 7040/4047/1657 7039/4048/1657 7037/4046/1656
f 7040/4047/1657 7042/4049/1658 7041/4050/1658 7039/4048/1657
f 7042/4049/1658 7044/4051/1659 7043/4052/1659 7041/4050/1658
f 7044/4051/1659 7046/4053/1660 7045/4054/1660 7043/4052/1659
f 7046/4053/1660 7048/4055/1661 7047/4056/1661 7045/4054/1660
f 7048/4055/1661 7050/4057/433 7049/4058/433 7047/4056/1661
f 7050/4057/433 7052/4059/1662 7051/4060/1662 7049/4058/433
f 7052/4059/1662 7054/4061/1663 7053/4062/1663 7051/4060/1662
f 7054/4061/1663 7056/4063/1664 7055/4064/1664 7053/4062/1663
f 7056/4063/1664 7058/4065/1665 7057/4066/1665 7055/4064/1664
f 7058/4065/1665 7060/4067/1666 7059/4068/1666 7057/4066/1665
f 7060/4067/1666 7062/4069/1667 7061/4070/1667 7059/4068/1666
f 7062/4069/1667 7064/4071/1668 7063/4072/1668 7061/4070/1667
f 7064/4071/1668 7066/4073/1669 7065/4074/1669 7063/4072/1668
f 7066/4073/1669 7068/4075/1670 7067/4076/1670 7065/4074/1669
f 7068/4075/1670 7070/4077/1671 7069/4078/1671 7067/4076/1670
f 7070/4077/1671 7072/4079/1672 7071/4080/1672 7069/4078/1671
f 7072/4079/1672 7074/4081/1673 7073/4082/1673 7071/4080/1672
f 7074/4081/1673 7076/4083/1674 7075/4084/1674 7073/4082/1673
f 7076/4083/1674 7078/4085/1675 7077/4086/1675 7075/4084/1674
f 7078/4085/1675 7080/4087/1676 7079/4088/1676 7077/4086/1675
f 7080/4087/1676 7082/4089/1677 7081/4090/1677 7079/4088/1676
f 7082/4089/1677 7084/4091/1678 7083/4092/1678 7081/4090/1677
f 7084/4091/1678 7086/4093/1679 7085/4094/1679 7083/4092/1678
f 7086/4093/1679 7088/4095/1680 7087/4096/1680 7085/4094/1679
f 7088/4095/1680 7090/4097/1681 7089/4098/1681 7087/4096/1680
f 7090/4097/1681 7092/4099/1682 7091/4100/1682 7089/4098/1681
f 7092/4099/1682 7094/4101/1683 7093/4102/1683 7091/4100/1682
f 7094/4101/1683 7096/4103/1684 7095/4104/1684 7093/4102/1683
f 7096/4103/1684 7098/4105/1685 7097/4106/1685 7095/4104/1684
f 7098/4105/1685 7100/4107/1686 7099/4108/1686 7097/4106/1685
f 7100/4107/1686 7102/4109/126 7101/4110/126 7099/4108/1686
f 7102/4109/126 7104/4111/1687 7103/4112/1687 7101/4110/126
f 7104/4111/1687 7106/4113/1688 7105/4114/1688 7103/4112/1687
f 7106/4113/1688 7108/4115/1689 7107/4116/1689 7105/4114/1688
f 7108/4115/1689 7110/4117/1690 7109/4118/1690 7107/4116/1689
f 7110/4117/1690 7112/4119/1691 7111/4120/1691 7109/4118/1690
f 7112/4119/1691 7114/4121/1692 7113/4122/1692 7111/4120/1691
f 7114/4121/1692 7116/4123/1693 7115/4124/1693 7113/4122/1692
f 7116/4123/1693 7118/4125/1694 7117/4126/1694 7115/4124/1693
f 7118/4125/1694 7120/4127/1695 7119/4128/1695 7117/4126/1694
f 7120/4127/1695 7122/4129/1696 7121/4130/1696 7119/4128/1695
f 7122/4129/1696 7124/4131/1697 7123/4132/1697 7121/4130/1696
f 7124/4131/1697 7126/4133/1698 7125/4134/1698 7123/4132/1697
f 7126/4133/1698 7128/4135/1699 7127/4136/1699 7125/4134/1698
f 7128/4135/1699 7130/4137/1700 7129/4138/1700 7127/4136/1699
f 7130/4137/1700 7132/4139/1701 7131/4140/1701 7129/4138/1700
f 7132/4139/1701 7134/4141/1702 7133/4142/1702 7131/4140/1701
f 7134/4141/1702 7136/4143/1703 7135/4144/1703 7133/4142/1702
f 7136/4143/1703 7138/4145/1704 7137/4146/1704 7135/4144/1703
f 7138/4145/1704 7140/4147/1705 7139/4148/1705 7137/4146/1704
f 7140/4147/1705 7142/4149/1706 7141/4150/1706 7139/4148/1705
f 7142/4149/1706 7144/4151/1707 7143/4152/1707 7141/4150/1706
f 7144/4151/1707 7146/4153/1708 7145/4154/1708 7143/4152/1707
f 7146/4153/1708 7148/4155/1709 7147/4156/1709 7145/4154/1708
f 7148/4155/1709 7150/4157/1710 7149/4158/1710 7147/4156/1709
f 7150/4157/1710 7152/4159/1711 7151/4160/1711 7149/4158/1710
f 7152/4159/1711 7154/4161/1712 7153/4162/1712 7151/4160/1711
f 7154/4161/1712 7156/4163/1713 7155/4164/1713 7153/4162/1712
f 7156/4163/1713 7158/4165/1714 7157/4166/1714 7155/4164/1713
f 7158/4165/1714 7160/4167/1715 7159/4168/1716 7157/4166/1714
f 7160/4167/1715 7162/4169/49 7161/4170/49 7159/4168/1716
f 7162/4169/49 7164/4171/48 7163/4172/48 7161/4170/49
f 7164/4171/48 7166/4173/1717 7165/4174/1718 7163/4172/48
f 7166/4173/1717 7168/4175/1719 7167/4176/1719 7165/4174/1718
f 7168/4175/1719 7170/4177/1720 7169/4178/1720 7167/4176/1719
f 7170/4177/1720 7172/4179/1721 7171/4180/1721 7169/4178/1720
f 7172/4179/1721 7174/4181/1722 7173/4182/1722 7171/4180/1721
f 7174/4181/1722 7176/4183/1723 7175/4184/1723 7173/4182/1722
f 7176/4183/1723 7178/4185/1724 7177/4186/1724 7175/4184/1723
f 7178/4185/1724 7180/4187/1725 7179/4188/1725 7177/4186/1724
f 7180/4187/1725 7182/4189/1726 7181/4190/1726 7179/4188/1725
f 7182/4189/1726 7184/4191/1727 7183/4192/1727 7181/4190/1726
f 7184/4191/1727 7186/4193/1728 7185/4194/1728 7183/4192/1727
f 7186/4193/1728 7188/4195/1729 7187/4196/1729 7185/4194/1728
f 7188/4195/1729 7190/4197/1730 7189/4198/1730 7187/4196/1729
f 7190/4197/1730 7192/4199/1731 7191/4200/1731 7189/4198/1730
f 7192/4199/1731 6988/1759/736 6987/46/736 7191/4200/1731
f 7194/1755/49 7196/4201/49 7195/1233/49 7193/43/49
f 7196/4201/49 7198/4202/48 7197/1231/48 7195/1233/49
f 7198/4202/48 7200/4203/1732 7199/1230/1732 7197/1231/48
f 7200/4203/1732 7202/4204/49 7201/1232/49 7199/1230/1732
f 7202/4204/49 7204/4205/49 7203/1223/49 7201/1232/49
f 7204/4205/49 7206/4206/1732 7205/1225/48 7203/1223/49
f 7206/4206/1732 7208/4207/48 7207/1226/1732 7205/1225/48
f 7208/4207/48 7210/4208/49 7209/1227/49 7207/1226/1732
f 7210/4208/49 7212/4209/49 7211/1224/49 7209/1227/49
f 7212/4209/49 7214/4210/48 7213/1228/48 7211/1224/49
f 7214/4210/48 7216/4211/1732 7215/1229/1732 7213/1228/48
f 7216/4211/1732 7218/4212/49 7217/1137/49 7215/1229/1732
f 7218/4212/49 7220/4213/49 7219/1134/49 7217/1137/49
f 7220/4213/49 7222/4214/48 7221/1136/48 7219/1134/49
f 7222/4214/48 7224/4215/48 7223/1135/48 7221/1136/48
f 7224/4215/48 7226/4216/48 7225/1141/48 7223/1135/48
f 7226/4216/48 7228/4217/51 7227/1138/51 7225/1141/48
f 7228/4217/51 7230/4218/51 7229/1140/51 7227/1138/51
f 7230/4218/51 7232/4219/51 7231/1139/51 7229/1140/51
f 7232/4219/51 7234/4220/50 7233/1185/50 7231/1139/51
f 7234/4220/50 7236/4221/50 7235/1182/50 7233/1185/50
f 7236/4221/50 7238/4222/51 7237/1184/51 7235/1182/50
f 7238/4222/51 7240/4223/51 7239/1183/51 7237/1184/51
f 7240/4223/51 7242/4224/50 7241/1143/50 7239/1183/51
f 7242/4224/50 7244/4225/50 7243/1147/50 7241/1143/50
f 7244/4225/50 7246/4226/51 7245/1148/51 7243/1147/50
f 7246/4226/51 7248/4227/51 7247/1151/51 7245/1148/51
f 7248/4227/51 7250/4228/51 7249/1153/51 7247/1151/51
f 7250/4228/51 7252/4229/51 7251/1156/51 7249/1153/51
f 7252/4229/51 7254/4230/50 7253/1159/50 7251/1156/51
f 7254/4230/50 7256/4231/50 7255/1161/50 7253/1159/50
f 7256/4231/50 7258/4232/50 7257/1165/50 7255/1161/50
f 7258/4232/50 7260/4233/49 7259/1168/49 7257/1165/50
f 7260/4233/49 7262/4234/49 7261/1170/49 7259/1168/49
f 7262/4234/49 7264/4235/50 7263/1174/50 7261/1170/49
f 7264/4235/50 7266/4236/1733 7265/1179/1733 7263/1174/50
f 7266/4236/1733 7268/4237/1734 7267/1178/1734 7265/1179/1733
f 7268/4237/1734 7270/4238/1735 7269/1177/1735 7267/1178/1734
f 7270/4238/1735 7272/4239/1736 7271/1175/1736 7269/1177/1735
f 7272/4239/1736 7274/4240/1737 7273/1171/1737 7271/1175/1736
f 7274/4240/1737 7276/4241/1738 7275/1169/1738 7273/1171/1737
f 7276/4241/1738 7278/4242/1739 7277/1166/1739 7275/1169/1738
f 7278/4242/1739 7280/4243/1740 7279/1163/1740 7277/1166/1739
f 7280/4243/1740 7282/4244/1741 7281/1160/1741 7279/1163/1740
f 7282/4244/1741 7284/4245/900 7283/1157/900 7281/1160/1741
f 7284/4245/900 7286/4246/1742 7285/1154/1742 7283/1157/900
f 7286/4246/1742 7288/4247/1743 7287/1150/1743 7285/1154/1742
f 7288/4247/1743 7290/4248/1744 7289/1142/1744 7287/1150/1743
f 7290/4248/1744 7292/4249/1745 7291/1144/1745 7289/1142/1744
f 7292/4249/1745 7294/4250/1746 7293/1149/1746 7291/1144/1745
f 7294/4250/1746 7296/4251/1747 7295/1155/1747 7293/1149/1746
f 7296/4251/1747 7298/4252/1748 7297/1158/1748 7295/1155/1747
f 7298/4252/1748 7300/4253/1749 7299/1164/1749 7297/1158/1748
f 7300/4253/1749 7302/4254/1750 7301/1167/1750 7299/1164/1749
f 7302/4254/1750 7304/4255/1751 7303/1173/1751 7301/1167/1750
f 7304/4255/1751 7306/4256/374 7305/1176/374 7303/1173/1751
f 7306/4256/374 7308/4257/1752 7307/1180/1752 7305/1176/374
f 7308/4257/1752 7310/4258/1753 7309/1186/1753 7307/1180/1752
f 7310/4258/1753 7312/4259/1754 7311/1187/1754 7309/1186/1753
f 7312/4259/1754 7314/4260/1755 7313/1189/1755 7311/1187/1754
f 7314/4260/1755 7316/4261/1756 7315/1190/1756 7313/1189/1755
f 7316/4261/1756 7318/4262/1757 7317/1193/1757 7315/1190/1756
f 7318/4262/1757 7320/4263/1758 7319/1202/1758 7317/1193/1757
f 7320/4263/1758 7322/4264/1759 7321/1199/1759 7319/1202/1758
f 7322/4264/1759 7324/4265/1760 7323/1192/1760 7321/1199/1759
f 7324/4265/1760 7326/4266/1761 7325/1198/1761 7323/1192/1760
f 7326/4266/1761 7328/4267/1762 7327/1201/1762 7325/1198/1761
f 7328/4267/1762 7330/4268/1763 7329/1203/1763 7327/1201/1762
f 7330/4268/1763 7332/4269/1764 7331/1204/1764 7329/1203/1763
f 7332/4269/1764 7334/4270/1765 7333/1206/1765 7331/1204/1764
f 7334/4270/1765 7336/4271/680 7335/1209/680 7333/1206/1765
f 7336/4271/680 7338/4272/1766 7337/1211/1766 7335/1209/680
f 7338/4272/1766 7340/4273/1767 7339/1214/1767 7337/1211/1766
f 7340/4273/1767 7342/4274/1768 7341/1217/1768 7339/1214/1767
f 7342/4274/1768 7344/4275/1476 7343/1219/1476 7341/1217/1768
f 7344/4275/1476 7346/4276/1769 7345/1222/1769 7343/1219/1476
f 7346/4276/1769 7348/4277/1770 7347/1221/1770 7345/1222/1769
f 7348/4277/1770 7350/4278/1771 7349/1220/1771 7347/1221/1770
f 7350/4278/1771 7352/4279/1772 7351/1218/1772 7349/1220/1771
f 7352/4279/1772 7354/4280/1773 7353/1216/1773 7351/1218/1772
f 7354/4280/1773 7356/4281/1774 7355/1215/1774 7353/1216/1773
f 7356/4281/1774 7358/4282/875 7357/1213/875 7355/1215/1774
f 7358/4282/875 7360/4283/1775 7359/1212/1775 7357/1213/875
f 7360/4283/1775 7362/4284/1776 7361/1210/1776 7359/1212/1775
f 7362/4284/1776 7364/4285/1777 7363/1208/1777 7361/1210/1776
f 7364/4285/1777 7366/4286/1778 7365/1207/1778 7363/1208/1777
f 7366/4286/1778 7368/4287/1779 7367/1205/1779 7365/1207/1778
f 7368/4287/1779 7370/4288/1780 7369/1200/1780 7367/1205/1779
f 7370/4288/1780 7372/4289/1781 7371/1197/1781 7369/1200/1780
f 7372/4289/1781 7374/4290/1782 7373/1196/1782 7371/1197/1781
f 7374/4290/1782 7376/4291/1783 7375/1195/1783 7373/1196/1782
f 7376/4291/1783 7378/4292/1784 7377/1194/1784 7375/1195/1783
f 7378/4292/1784 7380/4293/1785 7379/1191/1785 7377/1194/1784
f 7380/4293/1785 7382/4294/1786 7381/1188/1786 7379/1191/1785
f 7382/4294/1786 7384/4295/1787 7383/1181/1787 7381/1188/1786
f 7384/4295/1787 7386/4296/1788 7385/1172/1788 7383/1181/1787
f 7386/4296/1788 7388/4297/49 7387/1162/49 7385/1172/1788
f 7388/4297/49 7390/4298/49 7389/1152/49 7387/1162/49
f 7390/4298/49 7392/4299/48 7391/1145/48 7389/1152/49
f 7392/4299/48 7394/4300/48 7393/1146/48 7391/1145/48
f 7394/4300/48 7194/1759/49 7193/46/49 7393/1146/48
f 7396/1755/1732 7398/1756/49 7397/41/49 7395/43/48
f 7398/1756/49 7400/1757/50 7399/116/50 7397/41/49
f 7400/1757/50 7402/1758/51 7401/69/51 7399/116/50
f 7402/1758/51 7396/1759/1732 7395/46/48 7401/69/51
f 7404/1755/48 7406/1756/49 7405/41/49 7403/43/48
f 7406/1756/49 7408/1757/1789 7407/116/1789 7405/41/49
f 7408/1757/1789 7410/1758/51 7409/69/51 7407/116/1789
f 7410/1758/51 7404/1759/48 7403/46/48 7409/69/51
f 7412/1755/48 7414/1756/49 7413/41/49 7411/43/48
f 7414/1756/49 7416/1757/50 7415/116/1789 7413/41/49
f 7416/1757/50 7418/1758/51 7417/69/51 7415/116/1789
f 7418/1758/51 7412/1759/48 7411/46/48 7417/69/51
f 7420/1755/1732 7422/1756/49 7421/41/49 7419/43/48
f 7422/1756/49 7424/1757/50 7423/116/1789 7421/41/49
f 7424/1757/50 7426/1758/51 7425/69/51 7423/116/1789
f 7426/1758/51 7420/1759/1732 7419/46/48 7425/69/51
